<analyseAlto>
  <metad>
    <type>M</type>
    <ID>bpt6k1418455</ID>
    <titre>Ce qu_il faut savoir des reptiles et batraciens de France / par G. Portevin,...</titre>
    <dateEdition>1942</dateEdition>
    <auteur>Portevin, Gaston (18..-19..   naturaliste). Auteur du texte</auteur>
    <lang>fre</lang>
    <source>Bibliothèque nationale de France, département Sciences et techniques, 8-S-19797 (11)</source>
    <nbPage>149</nbPage>
    <descr>Reptiles -- France Amphibiens -- France</descr>
  </metad>
  <contenus ocr="false" toc="false">
    <largeur>75</largeur>
    <hauteur>125</hauteur>
    <largeurPx>1191</largeurPx>
    <hauteurPx>1970</hauteurPx>
    <pages>
      <page ordre="1">
        <blocIll ocr="1">0</blocIll>
        <ills/>
      </page>
      <page ordre="2">
        <blocIll ocr="1">0</blocIll>
        <ills/>
      </page>
      <page ordre="3">
        <blocIll ocr="1">0</blocIll>
        <ills/>
      </page>
      <page ordre="4">
        <blocIll ocr="1">0</blocIll>
        <ills/>
      </page>
      <page ordre="5">
        <blocIll ocr="1">1</blocIll>
        <ills>
          <ill couleur="coul" edit="1" h="2023" n="5-1" taille="2" w="1194" x="1" y="1">
            <contenuImg b="211" coul="1" g="211" ordre="8" r="246" source="colorific" type="frg">#f6d3d3</contenuImg>
            <contenuImg b="109" coul="1" g="123" ordre="7" r="158" source="colorific" type="frg">#9e7b6d</contenuImg>
            <contenuImg b="59" coul="1" g="74" ordre="6" r="165" source="colorific" type="frg">#a54a3b</contenuImg>
            <contenuImg b="75" coul="1" g="80" ordre="5" r="92" source="colorific" type="frg">#5c504b</contenuImg>
            <contenuImg b="51" coul="1" g="56" ordre="4" r="91" source="colorific" type="frg">#5b3833</contenuImg>
            <contenuImg b="125" coul="1" g="142" ordre="3" r="159" source="colorific" type="frg">#9f8e7d</contenuImg>
            <contenuImg b="117" coul="1" g="134" ordre="2" r="126" source="colorific" type="frg">#7e8675</contenuImg>
            <contenuImg b="180" coul="1" g="196" ordre="1" r="195" source="colorific" type="frg">#c3c4b4</contenuImg>
            <contenuImg CS="1" coul="1" lang="fr" source="hm" time="2019-05-01T18:53:51.838+02:00">orange</contenuImg>
            <contenuImg CS="1.0" lang="fr" source="md">vertébré</contenuImg>
            <contenuImg CS="1.0" lang="fr" source="md">reptile</contenuImg>
            <contenuImg CS="1.0" lang="fr" source="md">animal</contenuImg>
            <txt source="google">"SAVOIR HISTOIRE NATURELLE Vol. XI - Frontispice. - 1. Le Charles, Phelip - ST - L. Lechevalir. La - En haut: Le Triton crete male. - En bas à droite : Le Triton crété femelle. - En bas, à gauche : Le Triton marbre. - ",</txt>
            <tech source="final">estampe/gravure</tech>
            <theme source="final">13</theme>
            <tech CS="1" source="md">estampe/gravure</tech>
            <theme CS="1" source="md">13</theme>
            <contenuImg CS="1.0" lang="en" source="md">animal</contenuImg>
            <contenuImg CS="1.0" lang="en" source="md">reptile</contenuImg>
            <contenuImg CS="1.0" lang="en" source="md">verterbrate</contenuImg>
            <titraille>Ce qu_il faut savoir des reptiles et batraciens de France / par G. Portevin,...</titraille>
            <contenuImg CS="1" coul="1" lang="en" source="hm" time="2019-05-01T18:53:51.838+02:00">orange color</contenuImg>
          </ill>
        </ills>
      </page>
      <page ordre="6">
        <blocIll ocr="1">0</blocIll>
        <ills/>
      </page>
      <page ordre="7">
        <blocIll ocr="1">0</blocIll>
        <ills/>
      </page>
      <page ordre="8">
        <blocIll ocr="1">0</blocIll>
        <ills/>
      </page>
      <page ordre="9">
        <blocIll ocr="1">0</blocIll>
        <ills/>
      </page>
      <page ordre="10">
        <blocIll ocr="1">0</blocIll>
        <ills/>
      </page>
      <page ordre="11">
        <blocIll ocr="1">0</blocIll>
        <ills/>
      </page>
      <page ordre="12">
        <blocIll ocr="1">0</blocIll>
        <ills/>
      </page>
      <page ordre="13">
        <blocIll ocr="1">0</blocIll>
        <ills/>
      </page>
      <page ordre="14">
        <blocIll ocr="1">0</blocIll>
        <ills/>
      </page>
      <page ordre="15">
        <blocIll ocr="1">0</blocIll>
        <ills/>
      </page>
      <page ordre="16">
        <blocIll ocr="1">0</blocIll>
        <ills/>
      </page>
      <page ordre="17">
        <blocIll ocr="1">0</blocIll>
        <ills/>
      </page>
      <page ordre="18">
        <blocIll ocr="1">0</blocIll>
        <ills/>
      </page>
      <page ordre="19">
        <blocIll ocr="1">0</blocIll>
        <ills/>
      </page>
      <page ordre="20">
        <blocIll ocr="1">0</blocIll>
        <ills/>
      </page>
      <page ordre="21">
        <blocIll ocr="1">0</blocIll>
        <ills/>
      </page>
      <page ordre="22">
        <blocIll ocr="1">0</blocIll>
        <ills/>
      </page>
      <page ordre="23">
        <blocIll ocr="1">0</blocIll>
        <ills/>
      </page>
      <page ordre="24">
        <blocIll ocr="1">0</blocIll>
        <ills/>
      </page>
      <page ordre="25">
        <blocIll ocr="1">1</blocIll>
        <ills>
          <ill couleur="gris" edit="true" h="372" n="25-1" seg="1" source="hm" taille="2" w="1040" x="39" y="1085">
            <contenuImg CS="1.0" lang="fr" source="md">vertébré</contenuImg>
            <contenuImg CS="1.0" lang="fr" source="md">reptile</contenuImg>
            <contenuImg CS="1.0" lang="fr" source="md">animal</contenuImg>
            <tech source="final">estampe/gravure</tech>
            <theme source="final">13</theme>
            <tech CS="1" source="md">estampe/gravure</tech>
            <theme CS="1" source="md">13</theme>
            <contenuImg CS="1.0" lang="en" source="md">animal</contenuImg>
            <contenuImg CS="1.0" lang="en" source="md">reptile</contenuImg>
            <contenuImg CS="1.0" lang="en" source="md">verterbrate</contenuImg>
            <titraille>Ce qu_il faut savoir des reptiles et batraciens de France / par G. Portevin,...</titraille>
          </ill>
        </ills>
      </page>
      <page ordre="26">
        <blocIll ocr="1">0</blocIll>
        <ills/>
      </page>
      <page ordre="27">
        <blocIll ocr="1">0</blocIll>
        <ills/>
      </page>
      <page ordre="28">
        <blocIll ocr="1">1</blocIll>
        <ills>
          <ill couleur="gris" edit="true" h="1266" n="28-1" seg="1" source="hm" taille="2" w="905" x="161" y="157">
            <contenuImg CS="1.0" lang="fr" source="md">vertébré</contenuImg>
            <contenuImg CS="1.0" lang="fr" source="md">reptile</contenuImg>
            <contenuImg CS="1.0" lang="fr" source="md">animal</contenuImg>
            <txt source="google">"REPTILES ET BATRACIENS DE FRANCE - Y - 1 - 0 - 0 - OP - Fig. 2 bis. - Organisation du Lézard, -po: poumon ; - €8: estomac :/ : foie ; vb: vésicule biliaire ; pe: pan. - cntas; ra: rate : i : intestin; r: rectum vessie; - cl: cloa que: o : orifice des klandes fémorales : : - reins:t: testicule gauche ;e: epididyme : cd: canal de - férent: og: orifices uro-génitaux : gp: gaine du pénis - gauche : ut : ventricule : cag: crosse aortique gauche ; - eux : crosse wortique droile, car: artère carolide gau - che ; ap: artère pulmonaire : sc : artère sous-elavière - gauche : o: aorte; af: artère fémorale (d'après P.-H. - FISCHER) - ",</txt>
            <tech source="final">estampe/gravure</tech>
            <theme source="final">13</theme>
            <tech CS="1" source="md">estampe/gravure</tech>
            <theme CS="1" source="md">13</theme>
            <contenuImg CS="1.0" lang="en" source="md">animal</contenuImg>
            <contenuImg CS="1.0" lang="en" source="md">reptile</contenuImg>
            <contenuImg CS="1.0" lang="en" source="md">verterbrate</contenuImg>
            <titraille>Ce qu_il faut savoir des reptiles et batraciens de France / par G. Portevin,...</titraille>
            <fonction source="hm" time="2020-10-25T17:46:16.758+01:00">graphique</fonction>
            <fonction source="final">graphique</fonction>
          </ill>
        </ills>
      </page>
      <page ordre="29">
        <blocIll ocr="1">0</blocIll>
        <ills/>
      </page>
      <page ordre="30">
        <blocIll ocr="1">0</blocIll>
        <ills/>
      </page>
      <page ordre="31">
        <blocIll ocr="1">1</blocIll>
        <ills>
          <ill couleur="gris" edit="true" h="1001" n="31-1" seg="1" source="hm" taille="2" w="894" x="107" y="437">
            <contenuImg CS="1.0" lang="fr" source="md">vertébré</contenuImg>
            <contenuImg CS="1.0" lang="fr" source="md">reptile</contenuImg>
            <contenuImg CS="1.0" lang="fr" source="md">animal</contenuImg>
            <txt source="google">"REPTILES ET BATILACIENS DE FRANCE - rouge, et tachée de noir ; chez la o jaune ou - rouge påle, parfois tachée de noir; la tête est - FIG. 3. - (en haut) Téle de Lezard Vert vue de obte. - Fio. 4.- La même vue par dessus. - courte, avec un museau un peu obtus; la pupille - de l'oeil brune ou dorée. Longueur 151 mm. (d) - 178 mm. 9. - ",</txt>
            <tech source="final">estampe/gravure</tech>
            <theme source="final">13</theme>
            <tech CS="1" source="md">estampe/gravure</tech>
            <theme CS="1" source="md">13</theme>
            <contenuImg CS="1.0" lang="en" source="md">animal</contenuImg>
            <contenuImg CS="1.0" lang="en" source="md">reptile</contenuImg>
            <contenuImg CS="1.0" lang="en" source="md">verterbrate</contenuImg>
            <titraille>Ce qu_il faut savoir des reptiles et batraciens de France / par G. Portevin,...</titraille>
            <fonction source="hm" time="2020-10-25T17:48:01.08+01:00">graphique</fonction>
            <fonction source="final">graphique</fonction>
          </ill>
        </ills>
      </page>
      <page ordre="32">
        <blocIll ocr="1">0</blocIll>
        <ills/>
      </page>
      <page ordre="33">
        <blocIll ocr="1">0</blocIll>
        <ills/>
      </page>
      <page ordre="34">
        <blocIll ocr="1">0</blocIll>
        <ills/>
      </page>
      <page ordre="35">
        <blocIll ocr="1">0</blocIll>
        <ills/>
      </page>
      <page ordre="36">
        <blocIll ocr="1">0</blocIll>
        <ills/>
      </page>
      <page ordre="37">
        <blocIll ocr="1">0</blocIll>
        <ills/>
      </page>
      <page ordre="38">
        <blocIll ocr="1">0</blocIll>
        <ills/>
      </page>
      <page ordre="39">
        <blocIll ocr="1">0</blocIll>
        <ills/>
      </page>
      <page ordre="40">
        <blocIll ocr="1">0</blocIll>
        <ills/>
      </page>
      <page ordre="41">
        <blocIll ocr="1">0</blocIll>
        <ills/>
      </page>
      <page ordre="42">
        <blocIll ocr="1">0</blocIll>
        <ills/>
      </page>
      <page ordre="43">
        <blocIll ocr="1">1</blocIll>
        <ills>
          <ill couleur="gris" edit="true" h="630" n="43-1" seg="1" source="hm" taille="2" w="1080" x="31" y="441">
            <contenuImg CS="1.0" lang="fr" source="md">vertébré</contenuImg>
            <contenuImg CS="1.0" lang="fr" source="md">reptile</contenuImg>
            <contenuImg CS="1.0" lang="fr" source="md">animal</contenuImg>
            <txt source="google">"ms - Fig. 5. - Appareil venimeux de la Vipère. ms. maxil- - laire supérieur; g: gaine; CV : crochet venimeux; - glu: glande à venin. D'après Mme Phisalix. - ",</txt>
            <tech source="final">estampe/gravure</tech>
            <theme source="final">13</theme>
            <tech CS="1" source="md">estampe/gravure</tech>
            <theme CS="1" source="md">13</theme>
            <contenuImg CS="1.0" lang="en" source="md">animal</contenuImg>
            <contenuImg CS="1.0" lang="en" source="md">reptile</contenuImg>
            <contenuImg CS="1.0" lang="en" source="md">verterbrate</contenuImg>
            <titraille>Ce qu_il faut savoir des reptiles et batraciens de France / par G. Portevin,...</titraille>
            <fonction source="hm" time="2020-10-25T17:46:14.506+01:00">graphique</fonction>
            <fonction source="final">graphique</fonction>
          </ill>
        </ills>
      </page>
      <page ordre="44">
        <blocIll ocr="1">0</blocIll>
        <ills/>
      </page>
      <page ordre="45">
        <blocIll ocr="1">0</blocIll>
        <ills/>
      </page>
      <page ordre="46">
        <blocIll ocr="1">0</blocIll>
        <ills/>
      </page>
      <page ordre="47">
        <blocIll ocr="1">1</blocIll>
        <ills>
          <ill couleur="gris" edit="true" h="1155" n="47-1" seg="1" source="hm" taille="2" w="914" x="36" y="412">
            <contenuImg CS="1.0" lang="fr" source="md">vertébré</contenuImg>
            <contenuImg CS="1.0" lang="fr" source="md">reptile</contenuImg>
            <contenuImg CS="1.0" lang="fr" source="md">animal</contenuImg>
            <txt source="google">"TEPTILES ET BATRACIENS DE FRANCE - Elle vit de préférence dans les endroits rocheux - Fécouverts de broussailles, mais on la trouve - FIG. 6. - - Fig. 7. - - Tele de Couleuvre d'Esculapec : plaques cé- - phaliques. - id. - Tête grandeur Naturelle (d'après - CNC) (1). - (1) C. N. C. = Publication du Cercle des Naturalistes - Corbellois nº 1. - ",</txt>
            <tech source="final">estampe/gravure</tech>
            <theme source="final">13</theme>
            <tech CS="1" source="md">estampe/gravure</tech>
            <theme CS="1" source="md">13</theme>
            <contenuImg CS="1.0" lang="en" source="md">animal</contenuImg>
            <contenuImg CS="1.0" lang="en" source="md">reptile</contenuImg>
            <contenuImg CS="1.0" lang="en" source="md">verterbrate</contenuImg>
            <titraille>Ce qu_il faut savoir des reptiles et batraciens de France / par G. Portevin,...</titraille>
          </ill>
        </ills>
      </page>
      <page ordre="48">
        <blocIll ocr="1">0</blocIll>
        <ills/>
      </page>
      <page ordre="49">
        <blocIll ocr="1">0</blocIll>
        <ills/>
      </page>
      <page ordre="50">
        <blocIll ocr="1">1</blocIll>
        <ills>
          <ill couleur="gris" edit="true" h="1185" n="50-1" seg="1" source="hm" taille="2" w="975" x="106" y="461">
            <contenuImg CS="1.0" lang="fr" source="md">vertébré</contenuImg>
            <contenuImg CS="1.0" lang="fr" source="md">reptile</contenuImg>
            <contenuImg CS="1.0" lang="fr" source="md">animal</contenuImg>
            <tech source="final">estampe/gravure</tech>
            <theme source="final">13</theme>
            <tech CS="1" source="md">estampe/gravure</tech>
            <theme CS="1" source="md">13</theme>
            <contenuImg CS="1.0" lang="en" source="md">animal</contenuImg>
            <contenuImg CS="1.0" lang="en" source="md">reptile</contenuImg>
            <contenuImg CS="1.0" lang="en" source="md">verterbrate</contenuImg>
            <titraille>Ce qu_il faut savoir des reptiles et batraciens de France / par G. Portevin,...</titraille>
          </ill>
        </ills>
      </page>
      <page ordre="51">
        <blocIll ocr="1">0</blocIll>
        <ills/>
      </page>
      <page ordre="52">
        <blocIll ocr="1">1</blocIll>
        <ills>
          <ill couleur="gris" edit="true" h="1320" n="52-1" seg="1" source="hm" taille="2" w="568" x="395" y="383">
            <contenuImg CS="1.0" lang="fr" source="md">vertébré</contenuImg>
            <contenuImg CS="1.0" lang="fr" source="md">reptile</contenuImg>
            <contenuImg CS="1.0" lang="fr" source="md">animal</contenuImg>
            <txt source="google">"REPTILES ET BATRACLENS DE FRANCE - eufs, se fait dans les fumiers et souvent en com - pagnie, c'est à dire que plusieurs femelle - Fig. 10. - - Tête de Couleuvre à Collier profil). - (D'après C. N. C.). - ",</txt>
            <tech source="final">estampe/gravure</tech>
            <theme source="final">13</theme>
            <tech CS="1" source="md">estampe/gravure</tech>
            <theme CS="1" source="md">13</theme>
            <contenuImg CS="1.0" lang="en" source="md">animal</contenuImg>
            <contenuImg CS="1.0" lang="en" source="md">reptile</contenuImg>
            <contenuImg CS="1.0" lang="en" source="md">verterbrate</contenuImg>
            <titraille>Ce qu_il faut savoir des reptiles et batraciens de France / par G. Portevin,...</titraille>
          </ill>
        </ills>
      </page>
      <page ordre="53">
        <blocIll ocr="1">0</blocIll>
        <ills/>
      </page>
      <page ordre="54">
        <blocIll ocr="1">1</blocIll>
        <ills>
          <ill couleur="gris" edit="true" h="760" n="54-1" seg="1" source="hm" taille="2" w="828" x="226" y="377">
            <contenuImg CS="1.0" lang="fr" source="md">vertébré</contenuImg>
            <contenuImg CS="1.0" lang="fr" source="md">reptile</contenuImg>
            <contenuImg CS="1.0" lang="fr" source="md">animal</contenuImg>
            <txt source="google">"REITILACS I - DATHACIENS DIE FRANCE - à ses congénères. Elle est cependant de mours - assez douces, mais sa fächeuse ressemblance - Sutac. - fostece: - Fuc. 10 bis. - - Tête de Couleuvre &amp; Collier. - avec certaines variétés de la Vipère la fait souvent - massacrer à tort. - Une espèce voisine de la Couleuvre à Collier - est le : - TROPIDONOTUS TESSELLATUS qui se distingue de - la précédente par l'absence de collier, la présen- - ce de 2 plaques pré-oculaires au lieu d'une, les - écailles du dos plus fortement carénées ; le des- - sus est olivâtre ou jaune brun, le dessous jaune - et noir, de 80 à 100 cm, - ",</txt>
            <tech source="final">estampe/gravure</tech>
            <theme source="final">13</theme>
            <tech CS="1" source="md">estampe/gravure</tech>
            <theme CS="1" source="md">13</theme>
            <contenuImg CS="1.0" lang="en" source="md">animal</contenuImg>
            <contenuImg CS="1.0" lang="en" source="md">reptile</contenuImg>
            <contenuImg CS="1.0" lang="en" source="md">verterbrate</contenuImg>
            <titraille>Ce qu_il faut savoir des reptiles et batraciens de France / par G. Portevin,...</titraille>
            <fonction source="hm" time="2020-10-25T17:46:06.367+01:00">graphique</fonction>
            <fonction source="final">graphique</fonction>
          </ill>
        </ills>
      </page>
      <page ordre="55">
        <blocIll ocr="1">0</blocIll>
        <ills/>
      </page>
      <page ordre="56">
        <blocIll ocr="1">1</blocIll>
        <ills>
          <ill couleur="gris" edit="true" h="1178" n="56-1" seg="1" source="hm" taille="2" w="825" x="203" y="512">
            <contenuImg CS="1.0" lang="fr" source="md">vertébré</contenuImg>
            <contenuImg CS="1.0" lang="fr" source="md">reptile</contenuImg>
            <contenuImg CS="1.0" lang="fr" source="md">animal</contenuImg>
            <txt source="google">"REITTLES IIT BATFACIENS DE VRANCE - mange aussi les petits Mammifères et les jeunes - Oiseaux. - De la fin de mai au commencement de juillet, - la femelle pond de 15 à 20 ceufs, qu'elle dépose - dans un endroit chaud et humide, entre les - pierres, ou sous la mousse, ou encore dans la - P. 11. - - Tete de Couleuvre Vipérine. c. plaques - céphaliques (d'après C. N. C.). - ",</txt>
            <tech source="final">estampe/gravure</tech>
            <theme source="final">13</theme>
            <tech CS="1" source="md">estampe/gravure</tech>
            <theme CS="1" source="md">13</theme>
            <contenuImg CS="1.0" lang="en" source="md">animal</contenuImg>
            <contenuImg CS="1.0" lang="en" source="md">reptile</contenuImg>
            <contenuImg CS="1.0" lang="en" source="md">verterbrate</contenuImg>
            <titraille>Ce qu_il faut savoir des reptiles et batraciens de France / par G. Portevin,...</titraille>
          </ill>
        </ills>
      </page>
      <page ordre="57">
        <blocIll ocr="1">0</blocIll>
        <ills/>
      </page>
      <page ordre="58">
        <blocIll ocr="1">0</blocIll>
        <ills/>
      </page>
      <page ordre="59">
        <blocIll ocr="1">1</blocIll>
        <ills>
          <ill couleur="gris" edit="true" h="601" n="59-1" seg="1" source="hm" taille="2" w="928" x="107" y="1364">
            <contenuImg CS="1.0" lang="fr" source="md">vertébré</contenuImg>
            <contenuImg CS="1.0" lang="fr" source="md">reptile</contenuImg>
            <contenuImg CS="1.0" lang="fr" source="md">animal</contenuImg>
            <txt source="google">"LEPTILES ET BATRACTANS DE FRANCE - 57 - exposés au soleil et se nourrit de petits Rongeurs, - de Lézards et de petits Oiseaux. - Elle est assez agressive et se jette sur celui qui - veut la saisir avec un sifflement aigu; sa mor- - sure est d'ailleurs sans aucun danger. - La COULEUVRE A ECHELONS (Rhinechis scalaris - Boie), remarquable par son dessin dorsal noir - en forme d'échelle. A généralement le corps de - couleur roussâtre, avec, sur le dos, deux étroites - lignes noires réunies, de place en place, par de - larges bandes transversales ; sur les flancs, de - petites bandes obliques alternant souvent avec - celles du dos; le dessous est blanc jaunâtre - avec des taches gris noirâtre. La longueur du - corps atteint jusqu'à près de 2 mètres. - Espèce méridionale, le Rhinechis vit dans les - lieux secs et ensoleillés, particulièrement les - vignes. Il est très sauvage et très irascible et - mord avec rage lorsqu'on veut le saisir. - Sa nourriture consiste surtout en rongeurs et, - malheureusement en oiseaux, auxquels il fait - une guerre acharnée : de sorte qu'il faut le clas- - ser parmi les animaux nuisibles. - ",</txt>
            <tech source="final">estampe/gravure</tech>
            <theme source="final">13</theme>
            <tech CS="1" source="md">estampe/gravure</tech>
            <theme CS="1" source="md">13</theme>
            <contenuImg CS="1.0" lang="en" source="md">animal</contenuImg>
            <contenuImg CS="1.0" lang="en" source="md">reptile</contenuImg>
            <contenuImg CS="1.0" lang="en" source="md">verterbrate</contenuImg>
            <titraille>Ce qu_il faut savoir des reptiles et batraciens de France / par G. Portevin,...</titraille>
          </ill>
        </ills>
      </page>
      <page ordre="60">
        <blocIll ocr="1">0</blocIll>
        <ills/>
      </page>
      <page ordre="61">
        <blocIll ocr="1">1</blocIll>
        <ills>
          <ill couleur="gris" edit="true" h="1213" n="61-1" seg="1" source="hm" taille="2" w="1017" x="3" y="402">
            <contenuImg CS="1.0" lang="fr" source="md">vertébré</contenuImg>
            <contenuImg CS="1.0" lang="fr" source="md">reptile</contenuImg>
            <contenuImg CS="1.0" lang="fr" source="md">animal</contenuImg>
            <txt source="google">"REPTILES ET RATHACIENS DE FRANCE - demment. Nous parlerons plus loin de cette - Morsure et de son traitement. - La VIPÈNE Aspic (Vipera Aspis L.) (PI. VI, - GO - Fig. 12. - Tele de Vipera Aspis vue de dessus - *. muscau. 1. Ligne foncée latérale. C. cou distinct. - . Tache che la nuque. E. Eil. F. taches de formes vå- - Fiées. G. petites écailles. H. Tache foncée en forme de V. - Fuc. 13. --id. - Tele grandeur naturelle. - (D'après C. N. C.). - ",</txt>
            <tech source="final">estampe/gravure</tech>
            <theme source="final">13</theme>
            <tech CS="1" source="md">estampe/gravure</tech>
            <theme CS="1" source="md">13</theme>
            <contenuImg CS="1.0" lang="en" source="md">animal</contenuImg>
            <contenuImg CS="1.0" lang="en" source="md">reptile</contenuImg>
            <contenuImg CS="1.0" lang="en" source="md">verterbrate</contenuImg>
            <titraille>Ce qu_il faut savoir des reptiles et batraciens de France / par G. Portevin,...</titraille>
          </ill>
        </ills>
      </page>
      <page ordre="62">
        <blocIll ocr="1">0</blocIll>
        <ills/>
      </page>
      <page ordre="63">
        <blocIll ocr="1">1</blocIll>
        <ills>
          <ill couleur="gris" edit="true" h="1381" n="63-1" seg="1" source="hm" taille="2" w="743" x="101" y="331">
            <contenuImg CS="1.0" lang="fr" source="md">vertébré</contenuImg>
            <contenuImg CS="1.0" lang="fr" source="md">reptile</contenuImg>
            <contenuImg CS="1.0" lang="fr" source="md">animal</contenuImg>
            <txt source="google">"REPTILES ET BATRACIONS DE FRANCE - que la roste a disparu et ne chasse guère par le - mauvais temps. - 10. 14. Tête de Vipera Aspis vue de profil. A. Langue. - B Museu retroussé. C. Dessous souvent noir. - (D'après C. N. C.). - ",</txt>
            <tech source="final">estampe/gravure</tech>
            <theme source="final">13</theme>
            <tech CS="1" source="md">estampe/gravure</tech>
            <theme CS="1" source="md">13</theme>
            <contenuImg CS="1.0" lang="en" source="md">animal</contenuImg>
            <contenuImg CS="1.0" lang="en" source="md">reptile</contenuImg>
            <contenuImg CS="1.0" lang="en" source="md">verterbrate</contenuImg>
            <titraille>Ce qu_il faut savoir des reptiles et batraciens de France / par G. Portevin,...</titraille>
          </ill>
        </ills>
      </page>
      <page ordre="64">
        <blocIll ocr="1">0</blocIll>
        <ills/>
      </page>
      <page ordre="65">
        <blocIll ocr="1">1</blocIll>
        <ills>
          <ill couleur="gris" edit="true" h="1159" n="65-1" seg="1" source="hm" taille="2" w="967" x="51" y="516">
            <contenuImg CS="1.0" lang="fr" source="md">vertébré</contenuImg>
            <contenuImg CS="1.0" lang="fr" source="md">reptile</contenuImg>
            <contenuImg CS="1.0" lang="fr" source="md">animal</contenuImg>
            <txt source="google">"REPTILES ET BATRACIENS DE FRANCE - (fig. 12) et son museau non retroussé. Elle a - aussi la tête plus allongée, moins élargie en - arrière et par suite moins séparée du cou (fig. - 15 et 16). - FIG. 15. — Tete de Viper berus vue de dessus. - 4. Muscau, B. Tache céphalique. E. Eil. - FG. 16. - - id. - Téte grandeur naturelle. - (D'après G. N. C.). - ",</txt>
            <tech source="final">estampe/gravure</tech>
            <theme source="final">13</theme>
            <tech CS="1" source="md">estampe/gravure</tech>
            <theme CS="1" source="md">13</theme>
            <contenuImg CS="1.0" lang="en" source="md">animal</contenuImg>
            <contenuImg CS="1.0" lang="en" source="md">reptile</contenuImg>
            <contenuImg CS="1.0" lang="en" source="md">verterbrate</contenuImg>
            <titraille>Ce qu_il faut savoir des reptiles et batraciens de France / par G. Portevin,...</titraille>
          </ill>
        </ills>
      </page>
      <page ordre="66">
        <blocIll ocr="1">0</blocIll>
        <ills/>
      </page>
      <page ordre="67">
        <blocIll ocr="1">0</blocIll>
        <ills/>
      </page>
      <page ordre="68">
        <blocIll ocr="1">0</blocIll>
        <ills/>
      </page>
      <page ordre="69">
        <blocIll ocr="1">0</blocIll>
        <ills/>
      </page>
      <page ordre="70">
        <blocIll ocr="1">0</blocIll>
        <ills/>
      </page>
      <page ordre="71">
        <blocIll ocr="1">1</blocIll>
        <ills>
          <ill couleur="gris" edit="true" h="315" n="71-1" seg="1" source="hm" taille="2" w="720" x="201" y="1646">
            <contenuImg CS="1.0" lang="fr" source="md">vertébré</contenuImg>
            <contenuImg CS="1.0" lang="fr" source="md">reptile</contenuImg>
            <contenuImg CS="1.0" lang="fr" source="md">animal</contenuImg>
            <txt source="google">"WIE - ",</txt>
            <tech source="final">estampe/gravure</tech>
            <theme source="final">13</theme>
            <tech CS="1" source="md">estampe/gravure</tech>
            <theme CS="1" source="md">13</theme>
            <contenuImg CS="1.0" lang="en" source="md">animal</contenuImg>
            <contenuImg CS="1.0" lang="en" source="md">reptile</contenuImg>
            <contenuImg CS="1.0" lang="en" source="md">verterbrate</contenuImg>
            <titraille>Ce qu_il faut savoir des reptiles et batraciens de France / par G. Portevin,...</titraille>
          </ill>
        </ills>
      </page>
      <page ordre="72">
        <blocIll ocr="1">0</blocIll>
        <ills/>
      </page>
      <page ordre="73">
        <blocIll ocr="1">0</blocIll>
        <ills/>
      </page>
      <page ordre="74">
        <blocIll ocr="1">1</blocIll>
        <ills>
          <ill couleur="gris" edit="true" h="1369" n="74-1" seg="1" source="hm" taille="2" w="984" x="163" y="221">
            <contenuImg CS="1.0" lang="fr" source="md">vertébré</contenuImg>
            <contenuImg CS="1.0" lang="fr" source="md">reptile</contenuImg>
            <contenuImg CS="1.0" lang="fr" source="md">animal</contenuImg>
            <txt source="google">"REPTILES ET BATRACLENS DE FRANCE - 11 - Pic. 17. - Développement de la Grenouille Verle. - 1. Opuls: 2. Ceuf grossi ; 3. Tetard à sa taisano - 4. Tardi ayant perdu ses hmnchics externes ; 5. TOP - nement de jeunes étaris. Tatar aculle: 7. Appart - tion des membres postérieurs ; 8. Apparition des mer - ihres antérieurs : 9. Animal parfait possidant encor - un rudiment de queue. - ",</txt>
            <tech source="final">estampe/gravure</tech>
            <theme source="final">13</theme>
            <tech CS="1" source="md">estampe/gravure</tech>
            <theme CS="1" source="md">13</theme>
            <contenuImg CS="1.0" lang="en" source="md">animal</contenuImg>
            <contenuImg CS="1.0" lang="en" source="md">reptile</contenuImg>
            <contenuImg CS="1.0" lang="en" source="md">verterbrate</contenuImg>
            <titraille>Ce qu_il faut savoir des reptiles et batraciens de France / par G. Portevin,...</titraille>
            <fonction source="hm" time="2020-10-25T17:46:09.658+01:00">graphique</fonction>
            <fonction source="final">graphique</fonction>
          </ill>
        </ills>
      </page>
      <page ordre="75">
        <blocIll ocr="1">0</blocIll>
        <ills/>
      </page>
      <page ordre="76">
        <blocIll ocr="1">1</blocIll>
        <ills>
          <ill couleur="gris" edit="true" h="899" n="76-1" seg="1" source="hm" taille="2" w="677" x="288" y="539">
            <contenuImg CS="1.0" lang="fr" source="md">vertébré</contenuImg>
            <contenuImg CS="1.0" lang="fr" source="md">reptile</contenuImg>
            <contenuImg CS="1.0" lang="fr" source="md">animal</contenuImg>
            <txt source="google">"74 - REPTILES ET BATRACTES DE FRANCE - Nous avons dit que les têtards avaient une - bouche. Celle-ci porte un bec corné composé - de deux mâchoires et entouré d'une lévre cir- - culaire festonnée sur les bords et portant de - FIG. 18-19. - Tetard de Grenouille vu de face (à gauche) - et de profil. A. Anus; Sp. Spiracle. - petites dents cornées disposées en rubans (fig. - 18-19). - ",</txt>
            <tech source="final">estampe/gravure</tech>
            <theme source="final">13</theme>
            <tech CS="1" source="md">estampe/gravure</tech>
            <theme CS="1" source="md">13</theme>
            <contenuImg CS="1.0" lang="en" source="md">animal</contenuImg>
            <contenuImg CS="1.0" lang="en" source="md">reptile</contenuImg>
            <contenuImg CS="1.0" lang="en" source="md">verterbrate</contenuImg>
            <titraille>Ce qu_il faut savoir des reptiles et batraciens de France / par G. Portevin,...</titraille>
            <fonction source="hm" time="2020-10-25T17:46:11.969+01:00">graphique</fonction>
            <fonction source="final">graphique</fonction>
          </ill>
        </ills>
      </page>
      <page ordre="77">
        <blocIll ocr="1">0</blocIll>
        <ills/>
      </page>
      <page ordre="78">
        <blocIll ocr="1">0</blocIll>
        <ills/>
      </page>
      <page ordre="79">
        <blocIll ocr="1">1</blocIll>
        <ills>
          <ill couleur="gris" edit="true" h="630" n="79-1" seg="1" source="hm" taille="2" w="924" x="47" y="893">
            <contenuImg CS="1.0" lang="fr" source="md">vertébré</contenuImg>
            <contenuImg CS="1.0" lang="fr" source="md">reptile</contenuImg>
            <contenuImg CS="1.0" lang="fr" source="md">animal</contenuImg>
            <txt source="google">"IREPTILES IT HATHACIENS DE FRANCE - Orientales - entales ; elle a été importée et s'est acclimatée - Pres d'Amboise et dans l'Indre. Elle vit dans les - üles rivières et les marais et se nourrit d'in- - vecles et de vers de terre. - GENRE Bombinator - Les Sonneurs. - Il ne comprend qu'une seule espèce : - BOMBINATOR PACHYPUS Fitz., le Sonneur à - eds épais (fig. 20), dit encore « couleur de - U à cause de sa coloration abdominale, - Fic. 20. - Bombinator pachypus, le Sonneur - le centre - Dessus du corps brun terreux, dessous orange - forné de taches irrégulières bleu noirâtre dont - Centre est gris bleuâtre ; peau couverte de pus- - les arrondies confluentes qui donnent à l'ani- - ",</txt>
            <tech source="final">estampe/gravure</tech>
            <theme source="final">13</theme>
            <tech CS="1" source="md">estampe/gravure</tech>
            <theme CS="1" source="md">13</theme>
            <contenuImg CS="1.0" lang="en" source="md">animal</contenuImg>
            <contenuImg CS="1.0" lang="en" source="md">reptile</contenuImg>
            <contenuImg CS="1.0" lang="en" source="md">verterbrate</contenuImg>
            <titraille>Ce qu_il faut savoir des reptiles et batraciens de France / par G. Portevin,...</titraille>
          </ill>
        </ills>
      </page>
      <page ordre="80">
        <blocIll ocr="1">0</blocIll>
        <ills/>
      </page>
      <page ordre="81">
        <blocIll ocr="1">0</blocIll>
        <ills/>
      </page>
      <page ordre="82">
        <blocIll ocr="1">1</blocIll>
        <ills>
          <ill couleur="gris" edit="true" h="656" n="82-1" seg="1" source="hm" taille="2" w="656" x="341" y="569">
            <contenuImg CS="1.0" lang="fr" source="md">vertébré</contenuImg>
            <contenuImg CS="1.0" lang="fr" source="md">reptile</contenuImg>
            <contenuImg CS="1.0" lang="fr" source="md">animal</contenuImg>
            <txt source="google">"REPTILS ET BATRACIENS DE FRANCE - il les promène avec lui, en ayant soin d'aller les - humecter de temps en temps. Le moment de - l'éclosion arrivé, il se rend à l'eau, où les têtards - rompent l'enveloppe pour se disperser dans - leur élément. - N - FG. 21. - Alyles obstetricans, le Crapaud accoucheur. - Male portant son paquet d'auls. - L'Alyte vit en colonies dans les vieilles car - rières, les trous des murailles, les démolitions, - où d'avril à octobre, par beau temps, on entend - tous les soirs résonner son chant, qui se compose - d'une seule note isolée rappelant un son de - cloche que l'on peut traduire, par clock... - clock... #. II hiverne à terre dans ses trous et - existe en grand nombre dans toute la France. - ",</txt>
            <tech source="final">estampe/gravure</tech>
            <theme source="final">13</theme>
            <tech CS="1" source="md">estampe/gravure</tech>
            <theme CS="1" source="md">13</theme>
            <contenuImg CS="1.0" lang="en" source="md">animal</contenuImg>
            <contenuImg CS="1.0" lang="en" source="md">reptile</contenuImg>
            <contenuImg CS="1.0" lang="en" source="md">verterbrate</contenuImg>
            <titraille>Ce qu_il faut savoir des reptiles et batraciens de France / par G. Portevin,...</titraille>
          </ill>
        </ills>
      </page>
      <page ordre="83">
        <blocIll ocr="1">0</blocIll>
        <ills/>
      </page>
      <page ordre="84">
        <blocIll ocr="1">0</blocIll>
        <ills/>
      </page>
      <page ordre="85">
        <blocIll ocr="1">0</blocIll>
        <ills/>
      </page>
      <page ordre="86">
        <blocIll ocr="1">0</blocIll>
        <ills/>
      </page>
      <page ordre="87">
        <blocIll ocr="1">1</blocIll>
        <ills>
          <ill couleur="gris" edit="true" h="451" n="87-1" seg="1" source="hm" taille="2" w="683" x="145" y="462">
            <contenuImg CS="1.0" lang="fr" source="md">vertébré</contenuImg>
            <contenuImg CS="1.0" lang="fr" source="md">reptile</contenuImg>
            <contenuImg CS="1.0" lang="fr" source="md">animal</contenuImg>
            <txt source="google">"TSETTILES ET PATHACIENS DE FRANCE - 35 - elle de la Rainelle : la tête est très aplatie, le - useau fortement arrondi. - Prc22. - Pelodytes punctaues, le Pelodyte ponctué. - Le dessus du corps, parsemé de tubercules - régulièrement placés, est gris olivâtre, avec des - Darbrures d'un beau vert, le dessous d'un blanc - Cat. La longueur varie de o m. 033 à om, og - On le trouve dans une grande partie de la - rance (Est, Centre, Loire-Inférieure, Vienne, - Charente, Gironde), - C'est encore une espèce terrestre qui ne gagne - eau que pour la reproduction. Elle se cache - Sous les pierres pendant le jour et sort la nuit. - La ponte a lieu en avril et mai ; les ceufs sont - Attachés en grappes aux herbes et aux branches - hottantes. Le tétard est gros, en ovale allongé; - le dos, brun roux, a des taches irrégulières un - peu plus foncées, le dessous est blanc pur sur le - ventre, blanc jaunâtre sous le cou ; enfin, la - ",</txt>
            <tech source="final">estampe/gravure</tech>
            <theme source="final">13</theme>
            <tech CS="1" source="md">estampe/gravure</tech>
            <theme CS="1" source="md">13</theme>
            <contenuImg CS="1.0" lang="en" source="md">animal</contenuImg>
            <contenuImg CS="1.0" lang="en" source="md">reptile</contenuImg>
            <contenuImg CS="1.0" lang="en" source="md">verterbrate</contenuImg>
            <titraille>Ce qu_il faut savoir des reptiles et batraciens de France / par G. Portevin,...</titraille>
          </ill>
        </ills>
      </page>
      <page ordre="88">
        <blocIll ocr="1">0</blocIll>
        <ills/>
      </page>
      <page ordre="89">
        <blocIll ocr="1">0</blocIll>
        <ills/>
      </page>
      <page ordre="90">
        <blocIll ocr="1">1</blocIll>
        <ills>
          <ill couleur="gris" edit="true" h="711" n="90-1" seg="1" source="hm" taille="2" w="905" x="209" y="449">
            <contenuImg CS="1" lang="fr" source="hm" time="2019-03-14T19:30:17.455+01:00">grenouille</contenuImg>
            <contenuImg CS="1.0" lang="fr" source="md">vertébré</contenuImg>
            <contenuImg CS="1.0" lang="fr" source="md">reptile</contenuImg>
            <contenuImg CS="1.0" lang="fr" source="md">animal</contenuImg>
            <txt source="google">"REPTILES ET BATRACES DE FRANCE - C'est une grosse espèce, qui peut mesurer, 1 - membres postérieurs cuales, jusqu'à 30 cm. - Commun dans toute la France, ce Ratraciel - Fra. 23. – Dufo Vulgaris, le Crapaud Vulgaire. - vit un peu partout, en particulier dans les jar - dins. Caché pendant le jour, il sort à la nuit - pour chercher sa nourriture : celle-ci se compose - d'insectes, de vers, d'araignées et par là, 10 - Grapaud est un animal fort utile. - La façon dont il chasse est curieuse : dès qu'il - voit une proie à portée, il fait quelques pas rapi- - des en avant, ouvre largement la bouche et lance - sa langue sur l'animal convoité avec une adresse - remarquable. La proie saisie est immédiatement - engloutie; en cas de besoin, le Crapaud aide à - ",</txt>
            <tech source="final">estampe/gravure</tech>
            <theme source="final">13</theme>
            <tech CS="1" source="md">estampe/gravure</tech>
            <theme CS="1" source="md">13</theme>
            <contenuImg CS="1.0" lang="en" source="md">animal</contenuImg>
            <contenuImg CS="1.0" lang="en" source="md">reptile</contenuImg>
            <contenuImg CS="1.0" lang="en" source="md">verterbrate</contenuImg>
            <titraille>Ce qu_il faut savoir des reptiles et batraciens de France / par G. Portevin,...</titraille>
            <contenuImg CS="1" lang="en" source="hm" time="2019-03-14T19:30:17.455+01:00">frog</contenuImg>
          </ill>
        </ills>
      </page>
      <page ordre="91">
        <blocIll ocr="1">0</blocIll>
        <ills/>
      </page>
      <page ordre="92">
        <blocIll ocr="1">1</blocIll>
        <ills>
          <ill couleur="gris" edit="true" h="1040" n="92-1" seg="1" source="hm" taille="2" w="990" x="156" y="391">
            <contenuImg CS="1" lang="fr" source="hm" time="2019-03-14T19:30:14.205+01:00">grenouille</contenuImg>
            <contenuImg CS="1.0" lang="fr" source="md">vertébré</contenuImg>
            <contenuImg CS="1.0" lang="fr" source="md">reptile</contenuImg>
            <contenuImg CS="1.0" lang="fr" source="md">animal</contenuImg>
            <tech source="final">estampe/gravure</tech>
            <theme source="final">13</theme>
            <tech CS="1" source="md">estampe/gravure</tech>
            <theme CS="1" source="md">13</theme>
            <contenuImg CS="1.0" lang="en" source="md">animal</contenuImg>
            <contenuImg CS="1.0" lang="en" source="md">reptile</contenuImg>
            <contenuImg CS="1.0" lang="en" source="md">verterbrate</contenuImg>
            <titraille>Ce qu_il faut savoir des reptiles et batraciens de France / par G. Portevin,...</titraille>
            <contenuImg CS="1" lang="en" source="hm" time="2019-03-14T19:30:14.205+01:00">frog</contenuImg>
          </ill>
        </ills>
      </page>
      <page ordre="93">
        <blocIll ocr="1">0</blocIll>
        <ills/>
      </page>
      <page ordre="94">
        <blocIll ocr="1">0</blocIll>
        <ills/>
      </page>
      <page ordre="95">
        <blocIll ocr="1">0</blocIll>
        <ills/>
      </page>
      <page ordre="96">
        <blocIll ocr="1">1</blocIll>
        <ills>
          <ill couleur="gris" edit="true" h="770" n="96-1" seg="1" source="hm" taille="2" w="667" x="356" y="537">
            <contenuImg CS="1.0" lang="fr" source="md">vertébré</contenuImg>
            <contenuImg CS="1.0" lang="fr" source="md">reptile</contenuImg>
            <contenuImg CS="1.0" lang="fr" source="md">animal</contenuImg>
            <txt source="google">"96 - REPTILES ET BATRAGENS DE FRANCE - bleuâtres : enfin les doigts ont une couleur rosée; - l'iris est doré. - La Rainette vit sur les buissons et les arbres - où elle se nourrit de petits insectes, mouches, - F. 25. - Hyla arbores, la Rainette. - coléoptères etc... qu'elle sait merveilleusement - capturer en s'élançant sur eux d'un bond rapide. - dont la longueur peut aller jusqu'à 30 centi - mètres. - Vers la fin de l'automne la Rainette disparait - elle va s'enfoncer dans la vase, souvent en com - pagnie et passe l'hiver dans un sommeil léthar - ",</txt>
            <tech source="final">estampe/gravure</tech>
            <theme source="final">13</theme>
            <tech CS="1" source="md">estampe/gravure</tech>
            <theme CS="1" source="md">13</theme>
            <contenuImg CS="1.0" lang="en" source="md">animal</contenuImg>
            <contenuImg CS="1.0" lang="en" source="md">reptile</contenuImg>
            <contenuImg CS="1.0" lang="en" source="md">verterbrate</contenuImg>
            <titraille>Ce qu_il faut savoir des reptiles et batraciens de France / par G. Portevin,...</titraille>
          </ill>
        </ills>
      </page>
      <page ordre="97">
        <blocIll ocr="1">0</blocIll>
        <ills/>
      </page>
      <page ordre="98">
        <blocIll ocr="1">0</blocIll>
        <ills/>
      </page>
      <page ordre="99">
        <blocIll ocr="1">0</blocIll>
        <ills/>
      </page>
      <page ordre="100">
        <blocIll ocr="1">1</blocIll>
        <ills>
          <ill couleur="gris" edit="true" h="522" n="100-1" seg="1" source="hm" taille="2" w="714" x="294" y="549">
            <contenuImg CS="1.0" lang="fr" source="md">vertébré</contenuImg>
            <contenuImg CS="1.0" lang="fr" source="md">reptile</contenuImg>
            <contenuImg CS="1.0" lang="fr" source="md">animal</contenuImg>
            <txt source="google">"NEPTILES ET BATIRACLINS DE FINANCE - de même, au moins sur les cuisses et le bap - ventre. La taille, également variable, peut - teindre 22 cm. La tèle est triangulaire, aplaus - avec les yeux de couleur d'or. - Fuc. 26. - Rara esculenta, la Grenouille Verle. - Elle habite, de préférence, les eaux stagnante - au bord desquelles elle aime se chauffer au sole - Elle plonge à la moindre alerte, mais revier - bientôt à la surface où elle sort sa tête de l'eau - le reste du corps demeurant immergé, jusqu - ce qu'elle juge opportun de sortir complèteme - pour s'exposer de nouveau aux rayons du sole - Elle se nourrit d'insectes, de petits molle - ques, d'araignées, de larves et de vers. Malhe - reusement elle s'attaque également aux peu - poissons: quant à ses têtards, ils consommer - une grande quantité de larves de Culicides - rendent ainsi de réels services. - ",</txt>
            <tech source="final">estampe/gravure</tech>
            <theme source="final">13</theme>
            <tech CS="1" source="md">estampe/gravure</tech>
            <theme CS="1" source="md">13</theme>
            <contenuImg CS="1.0" lang="en" source="md">animal</contenuImg>
            <contenuImg CS="1.0" lang="en" source="md">reptile</contenuImg>
            <contenuImg CS="1.0" lang="en" source="md">verterbrate</contenuImg>
            <titraille>Ce qu_il faut savoir des reptiles et batraciens de France / par G. Portevin,...</titraille>
          </ill>
        </ills>
      </page>
      <page ordre="101">
        <blocIll ocr="1">1</blocIll>
        <ills>
          <ill couleur="gris" edit="true" h="1120" n="101-1" seg="1" source="hm" taille="2" w="1005" x="11" y="226">
            <contenuImg CS="1.0" lang="fr" source="md">vertébré</contenuImg>
            <contenuImg CS="1.0" lang="fr" source="md">reptile</contenuImg>
            <contenuImg CS="1.0" lang="fr" source="md">animal</contenuImg>
            <txt source="google">"REPTILES ET BATRACIENS DE FRANCE - ------ Py - ----CL - Fig. 27. – Système digestif de la Grenouille. - : oesophage ; p : poumon;e : estomac ; py: pylore; - duodénum ; f : foie (relevé); h: canaux hépatiques ; - canal cystique ; vb : vésicule biliaire ; ch : canal - olédoque ; pa : pancréas; r: rate; i: intestin ; re: - ctum; v: vessie; cl : cloaque ; ca : callosité du pouce - (male) (d'après P.-H. Fischer) (1) - (1) P.-H. FISCHER. Ce qu'il faut savoir en Dissections. - ",</txt>
            <tech source="final">estampe/gravure</tech>
            <theme source="final">13</theme>
            <tech CS="1" source="md">estampe/gravure</tech>
            <theme CS="1" source="md">13</theme>
            <contenuImg CS="1.0" lang="en" source="md">animal</contenuImg>
            <contenuImg CS="1.0" lang="en" source="md">reptile</contenuImg>
            <contenuImg CS="1.0" lang="en" source="md">verterbrate</contenuImg>
            <titraille>Ce qu_il faut savoir des reptiles et batraciens de France / par G. Portevin,...</titraille>
            <fonction source="hm" time="2020-10-25T17:46:19.941+01:00">graphique</fonction>
            <fonction source="final">graphique</fonction>
          </ill>
        </ills>
      </page>
      <page ordre="102">
        <blocIll ocr="1">0</blocIll>
        <ills/>
      </page>
      <page ordre="103">
        <blocIll ocr="1">1</blocIll>
        <ills>
          <ill couleur="gris" edit="true" h="605" n="103-1" seg="1" source="hm" taille="2" w="885" x="76" y="556">
            <contenuImg CS="1.0" lang="fr" source="md">vertébré</contenuImg>
            <contenuImg CS="1.0" lang="fr" source="md">reptile</contenuImg>
            <contenuImg CS="1.0" lang="fr" source="md">animal</contenuImg>
            <txt source="google">"TRANS - 136 - TL - FIG. 28. - Rana Temporaria, la Grenouille Rousse. - tachementno - olu son nom - Tine - ",</txt>
            <tech source="final">estampe/gravure</tech>
            <theme source="final">13</theme>
            <tech CS="1" source="md">estampe/gravure</tech>
            <theme CS="1" source="md">13</theme>
            <contenuImg CS="1.0" lang="en" source="md">animal</contenuImg>
            <contenuImg CS="1.0" lang="en" source="md">reptile</contenuImg>
            <contenuImg CS="1.0" lang="en" source="md">verterbrate</contenuImg>
            <titraille>Ce qu_il faut savoir des reptiles et batraciens de France / par G. Portevin,...</titraille>
          </ill>
        </ills>
      </page>
      <page ordre="104">
        <blocIll ocr="1">0</blocIll>
        <ills/>
      </page>
      <page ordre="105">
        <blocIll ocr="1">1</blocIll>
        <ills>
          <ill couleur="gris" edit="true" h="811" n="105-1" seg="1" source="hm" taille="2" w="754" x="107" y="555">
            <contenuImg CS="1.0" lang="fr" source="md">vertébré</contenuImg>
            <contenuImg CS="1.0" lang="fr" source="md">reptile</contenuImg>
            <contenuImg CS="1.0" lang="fr" source="md">animal</contenuImg>
            <txt source="google">"REPTILES ET BATRACIENS DE FRANCE - 103 - ras; le dessous est blanc, avec des teintes - Unåtres ou parfois un peu rosées ; l'iris est - un doré. La longueur du corps est de 5 cm. - 6 cm., 5. - Fig. 29. - Rana Agile, la Grenouille Agile. - La Grenouille agile est commune dans toute - La France : elle habite la campagne, les bois hu- - ides, les prairies. Lorsqu'on veut la saisir elle - enfuit par bonds pouvant aller jusqu'à 2 - metres, qu'elle accompagne souvent d'un jet - ",</txt>
            <tech source="final">estampe/gravure</tech>
            <theme source="final">13</theme>
            <tech CS="1" source="md">estampe/gravure</tech>
            <theme CS="1" source="md">13</theme>
            <contenuImg CS="1.0" lang="en" source="md">animal</contenuImg>
            <contenuImg CS="1.0" lang="en" source="md">reptile</contenuImg>
            <contenuImg CS="1.0" lang="en" source="md">verterbrate</contenuImg>
            <titraille>Ce qu_il faut savoir des reptiles et batraciens de France / par G. Portevin,...</titraille>
          </ill>
        </ills>
      </page>
      <page ordre="106">
        <blocIll ocr="1">0</blocIll>
        <ills/>
      </page>
      <page ordre="107">
        <blocIll ocr="1">1</blocIll>
        <ills>
          <ill couleur="gris" edit="true" filtretf="1" h="295" n="107-1" seg="1" source="hm" taille="2" w="885" x="105" y="1040">
            <contenuImg CS="1.0" lang="fr" source="md">vertébré</contenuImg>
            <contenuImg CS="1.0" lang="fr" source="md">reptile</contenuImg>
            <contenuImg CS="1.0" lang="fr" source="md">animal</contenuImg>
            <tech source="final">estampe/gravure</tech>
            <genre CS="0.27" source="TensorFlow">filtretxt</genre>
            <theme source="final">13</theme>
            <tech CS="1" source="md">estampe/gravure</tech>
            <theme CS="1" source="md">13</theme>
            <contenuImg CS="1.0" lang="en" source="md">animal</contenuImg>
            <contenuImg CS="1.0" lang="en" source="md">reptile</contenuImg>
            <contenuImg CS="1.0" lang="en" source="md">verterbrate</contenuImg>
            <titraille>Ce qu_il faut savoir des reptiles et batraciens de France / par G. Portevin,...</titraille>
            <tech source="hm" time="2019-03-02T17:55:32.848+01:00">estampe/gravure</tech>
          </ill>
        </ills>
      </page>
      <page ordre="108">
        <blocIll ocr="1">1</blocIll>
        <ills>
          <ill couleur="gris" edit="true" h="1540" n="108-1" seg="1" source="hm" taille="2" w="930" x="161" y="241">
            <contenuImg CS="1.0" lang="fr" source="md">vertébré</contenuImg>
            <contenuImg CS="1.0" lang="fr" source="md">reptile</contenuImg>
            <contenuImg CS="1.0" lang="fr" source="md">animal</contenuImg>
            <txt source="google">"106 - REPTILES ET BATRACIENS DE FRANCE - D - DA - OXA - CH - Fig. 31. - Squelette de Grenouille, d'après Brehm. - ",</txt>
            <tech source="final">estampe/gravure</tech>
            <theme source="final">13</theme>
            <tech CS="1" source="md">estampe/gravure</tech>
            <theme CS="1" source="md">13</theme>
            <contenuImg CS="1.0" lang="en" source="md">animal</contenuImg>
            <contenuImg CS="1.0" lang="en" source="md">reptile</contenuImg>
            <contenuImg CS="1.0" lang="en" source="md">verterbrate</contenuImg>
            <titraille>Ce qu_il faut savoir des reptiles et batraciens de France / par G. Portevin,...</titraille>
          </ill>
        </ills>
      </page>
      <page ordre="109">
        <blocIll ocr="1">0</blocIll>
        <ills/>
      </page>
      <page ordre="110">
        <blocIll ocr="1">0</blocIll>
        <ills/>
      </page>
      <page ordre="111">
        <blocIll ocr="1">1</blocIll>
        <ills>
          <ill couleur="gris" edit="true" h="1505" n="111-1" seg="1" source="hm" taille="2" w="1020" x="26" y="251">
            <contenuImg CS="1.0" lang="fr" source="md">vertébré</contenuImg>
            <contenuImg CS="1.0" lang="fr" source="md">reptile</contenuImg>
            <contenuImg CS="1.0" lang="fr" source="md">animal</contenuImg>
            <txt source="google">"REPTILES ET BATRACIENS DE FRANCE - 109 - Fig. 32. -- Squelette de Salamandre, d'après Brehm. - ",</txt>
            <tech source="final">estampe/gravure</tech>
            <theme source="final">13</theme>
            <tech CS="1" source="md">estampe/gravure</tech>
            <theme CS="1" source="md">13</theme>
            <contenuImg CS="1.0" lang="en" source="md">animal</contenuImg>
            <contenuImg CS="1.0" lang="en" source="md">reptile</contenuImg>
            <contenuImg CS="1.0" lang="en" source="md">verterbrate</contenuImg>
            <titraille>Ce qu_il faut savoir des reptiles et batraciens de France / par G. Portevin,...</titraille>
          </ill>
        </ills>
      </page>
      <page ordre="112">
        <blocIll ocr="1">1</blocIll>
        <ills>
          <ill couleur="gris" edit="true" h="379" n="112-1" seg="1" source="hm" taille="2" w="1040" x="107" y="994">
            <contenuImg CS="1.0" lang="fr" source="md">vertébré</contenuImg>
            <contenuImg CS="1.0" lang="fr" source="md">reptile</contenuImg>
            <contenuImg CS="1.0" lang="fr" source="md">animal</contenuImg>
            <txt source="google">"110 - REPTILES ET BATILACIENS DE FRANGE - Corps noir largement taché de jaune ou d'orangé - .. .............. S. maculosa Laur. - Corps entièrement noir.......... S. atra Laur. - La SALAMANDRE TERRESTRE S. maculosa Laur, - (fig. 33) est généralement d'un noir foncé avec - des taches jaunes variant depuis le jaune pâle - jusqu'au jaune d'or vif. Ces taches forment deux - bandes latérales plus ou moins interrompues, - partant de l'oeil pour se réunir à la base de la - queue, et se continuer sur celle-ci par une bande - sinueuse irrégulière ; des taches de même coll - leur se trouvent sur le dessus des cuisses et sur - les doigts des pattes. (10 à 19 cm.). - Fr. 33. - Salamandre maculosa, la Salamandre terrestre - Gomme son nom l'indique la Salamandre est - un animal essentiellement terrestre, qui ne va - gucre à l'eau que lors de la ponte, Elle habile - de préférence les endroits sombres et humides, - où elle se cache, le jour, sous les pierres. Elle - vit d'insectes, de vers de terre, de petits mollus- - ques. - ",</txt>
            <tech source="final">estampe/gravure</tech>
            <theme source="final">13</theme>
            <tech CS="1" source="md">estampe/gravure</tech>
            <theme CS="1" source="md">13</theme>
            <contenuImg CS="1.0" lang="en" source="md">animal</contenuImg>
            <contenuImg CS="1.0" lang="en" source="md">reptile</contenuImg>
            <contenuImg CS="1.0" lang="en" source="md">verterbrate</contenuImg>
            <titraille>Ce qu_il faut savoir des reptiles et batraciens de France / par G. Portevin,...</titraille>
          </ill>
        </ills>
      </page>
      <page ordre="113">
        <blocIll ocr="1">0</blocIll>
        <ills/>
      </page>
      <page ordre="114">
        <blocIll ocr="1">0</blocIll>
        <ills/>
      </page>
      <page ordre="115">
        <blocIll ocr="1">1</blocIll>
        <ills>
          <ill couleur="gris" edit="true" h="653" n="115-1" seg="1" source="hm" taille="2" w="1125" x="1" y="575">
            <contenuImg CS="1.0" lang="fr" source="md">vertébré</contenuImg>
            <contenuImg CS="1.0" lang="fr" source="md">reptile</contenuImg>
            <contenuImg CS="1.0" lang="fr" source="md">animal</contenuImg>
            <txt source="google">"RETTILES ET NATHACIENS DE FRANCE - 113 - gique, comme l'ont prouvé les expériences de - l'auteur que nous venons de citer. - La SALAMANDRE NOIRE (S. atra Laur.) (fig. 34), - est noire en entier. On la trouve dans les Alpes à - Fig. 34. - Salamandra atra, la Salamandre noire. - partir de 800 m. d'altitude. Plus exclusivement - terrestre encore que la précédente, elle est fran- - chement vivipare (12 à 15 cm.). - GENRE Triton - Les Urodeles appartenant à ce genre sont, pour - la plupart, essentiellement aquatiques, quoique - capables de vivre longtemps hors de l'eau. Ils - fréquentent surtout les eaux claires et tran- - 8. 1. N. XI - ",</txt>
            <tech source="final">estampe/gravure</tech>
            <theme source="final">13</theme>
            <tech CS="1" source="md">estampe/gravure</tech>
            <theme CS="1" source="md">13</theme>
            <contenuImg CS="1.0" lang="en" source="md">animal</contenuImg>
            <contenuImg CS="1.0" lang="en" source="md">reptile</contenuImg>
            <contenuImg CS="1.0" lang="en" source="md">verterbrate</contenuImg>
            <titraille>Ce qu_il faut savoir des reptiles et batraciens de France / par G. Portevin,...</titraille>
          </ill>
        </ills>
      </page>
      <page ordre="116">
        <blocIll ocr="1">0</blocIll>
        <ills/>
      </page>
      <page ordre="117">
        <blocIll ocr="1">1</blocIll>
        <ills>
          <ill couleur="gris" edit="true" h="1148" n="117-1" taille="2" w="1970" x="1" y="1">
            <contenuImg CS="1.0" lang="fr" source="md">vertébré</contenuImg>
            <contenuImg CS="1.0" lang="fr" source="md">reptile</contenuImg>
            <contenuImg CS="1.0" lang="fr" source="md">animal</contenuImg>
            <txt source="google">"REPTILES ET BATRACIKS DW FRANCE - H - ou Nido - MW - Fig. 35. - - Triton eristatus, le Triton à crête. - 115 - ",</txt>
            <tech source="final">estampe/gravure</tech>
            <theme source="final">13</theme>
            <tech CS="1" source="md">estampe/gravure</tech>
            <theme CS="1" source="md">13</theme>
            <contenuImg CS="1.0" lang="en" source="md">animal</contenuImg>
            <contenuImg CS="1.0" lang="en" source="md">reptile</contenuImg>
            <contenuImg CS="1.0" lang="en" source="md">verterbrate</contenuImg>
            <titraille>Ce qu_il faut savoir des reptiles et batraciens de France / par G. Portevin,...</titraille>
          </ill>
        </ills>
      </page>
      <page ordre="118">
        <blocIll ocr="1">0</blocIll>
        <ills/>
      </page>
      <page ordre="119">
        <blocIll ocr="1">0</blocIll>
        <ills/>
      </page>
      <page ordre="120">
        <blocIll ocr="1">0</blocIll>
        <ills/>
      </page>
      <page ordre="121">
        <blocIll ocr="1">1</blocIll>
        <ills>
          <ill couleur="gris" edit="true" h="1148" n="121-1" taille="2" w="1970" x="1" y="1">
            <contenuImg CS="1.0" lang="fr" source="md">vertébré</contenuImg>
            <contenuImg CS="1.0" lang="fr" source="md">reptile</contenuImg>
            <contenuImg CS="1.0" lang="fr" source="md">animal</contenuImg>
            <txt source="google">"REPTILES ET BATRACIENS DE FRANCE - Fig. 36. - Triton Marmoratus, le Triton Marbré. - 119 - ",</txt>
            <tech source="final">estampe/gravure</tech>
            <theme source="final">13</theme>
            <tech CS="1" source="md">estampe/gravure</tech>
            <theme CS="1" source="md">13</theme>
            <contenuImg CS="1.0" lang="en" source="md">animal</contenuImg>
            <contenuImg CS="1.0" lang="en" source="md">reptile</contenuImg>
            <contenuImg CS="1.0" lang="en" source="md">verterbrate</contenuImg>
            <titraille>Ce qu_il faut savoir des reptiles et batraciens de France / par G. Portevin,...</titraille>
          </ill>
        </ills>
      </page>
      <page ordre="122">
        <blocIll ocr="1">0</blocIll>
        <ills/>
      </page>
      <page ordre="123">
        <blocIll ocr="1">0</blocIll>
        <ills/>
      </page>
      <page ordre="124">
        <blocIll ocr="1">1</blocIll>
        <ills>
          <ill couleur="gris" edit="true" h="700" n="124-1" seg="1" source="hm" taille="2" w="615" x="331" y="1071">
            <contenuImg CS="1.0" lang="fr" source="md">vertébré</contenuImg>
            <contenuImg CS="1.0" lang="fr" source="md">reptile</contenuImg>
            <contenuImg CS="1.0" lang="fr" source="md">animal</contenuImg>
            <txt source="google">"guere er mer, teilleules. - US - MILUJA - 40 - Reiss - 37. – Trilon palmatus, le Triton p - ",</txt>
            <tech source="final">estampe/gravure</tech>
            <theme source="final">13</theme>
            <tech CS="1" source="md">estampe/gravure</tech>
            <theme CS="1" source="md">13</theme>
            <contenuImg CS="1.0" lang="en" source="md">animal</contenuImg>
            <contenuImg CS="1.0" lang="en" source="md">reptile</contenuImg>
            <contenuImg CS="1.0" lang="en" source="md">verterbrate</contenuImg>
            <titraille>Ce qu_il faut savoir des reptiles et batraciens de France / par G. Portevin,...</titraille>
          </ill>
        </ills>
      </page>
      <page ordre="125">
        <blocIll ocr="1">0</blocIll>
        <ills/>
      </page>
      <page ordre="126">
        <blocIll ocr="1">0</blocIll>
        <ills/>
      </page>
      <page ordre="127">
        <blocIll ocr="1">0</blocIll>
        <ills/>
      </page>
      <page ordre="128">
        <blocIll ocr="1">0</blocIll>
        <ills/>
      </page>
      <page ordre="129">
        <blocIll ocr="1">0</blocIll>
        <ills/>
      </page>
      <page ordre="130">
        <blocIll ocr="1">0</blocIll>
        <ills/>
      </page>
      <page ordre="131">
        <blocIll ocr="1">0</blocIll>
        <ills/>
      </page>
      <page ordre="132">
        <blocIll ocr="1">0</blocIll>
        <ills/>
      </page>
      <page ordre="133">
        <blocIll ocr="1">0</blocIll>
        <ills/>
      </page>
      <page ordre="134">
        <blocIll ocr="1">0</blocIll>
        <ills/>
      </page>
      <page ordre="135">
        <blocIll ocr="1">0</blocIll>
        <ills/>
      </page>
      <page ordre="136">
        <blocIll ocr="1">0</blocIll>
        <ills/>
      </page>
      <page ordre="137">
        <blocIll ocr="1">0</blocIll>
        <ills/>
      </page>
      <page ordre="138">
        <blocIll ocr="1">0</blocIll>
        <ills/>
      </page>
      <page ordre="139">
        <blocIll ocr="1">0</blocIll>
        <ills/>
      </page>
      <page ordre="140">
        <blocIll ocr="1">0</blocIll>
        <ills/>
      </page>
      <page ordre="141">
        <blocIll ocr="1">1</blocIll>
        <ills>
          <ill couleur="coul" edit="true" h="2054" n="141-1" taille="2" w="1194" x="1" y="1">
            <contenuImg b="48" coul="1" g="53" ordre="5" r="51" source="colorific" type="frg">#333530</contenuImg>
            <contenuImg b="54" coul="1" g="69" ordre="4" r="87" source="colorific" type="frg">#574536</contenuImg>
            <contenuImg b="103" coul="1" g="123" ordre="3" r="142" source="colorific" type="frg">#8e7b67</contenuImg>
            <contenuImg b="153" coul="1" g="161" ordre="2" r="163" source="colorific" type="frg">#a3a199</contenuImg>
            <contenuImg b="85" coul="1" g="90" ordre="1" r="88" source="colorific" type="frg">#585a55</contenuImg>
            <contenuImg CS="1" lang="fr" source="hm" time="2019-03-14T19:30:48.128+01:00">tortue</contenuImg>
            <contenuImg CS="1.0" lang="fr" source="md">vertébré</contenuImg>
            <contenuImg CS="1.0" lang="fr" source="md">reptile</contenuImg>
            <contenuImg CS="1.0" lang="fr" source="md">animal</contenuImg>
            <txt source="google">"SAVOIR HISTOIRE NATURELLE Vol. XI - PI. I. - LL Church - 1. Lecher Edit. - 1. Cistude d'Europe. - 2. Couleuvre Lisse. - ",</txt>
            <tech source="final">estampe/gravure</tech>
            <theme source="final">13</theme>
            <tech CS="1" source="md">estampe/gravure</tech>
            <theme CS="1" source="md">13</theme>
            <contenuImg CS="1.0" lang="en" source="md">animal</contenuImg>
            <contenuImg CS="1.0" lang="en" source="md">reptile</contenuImg>
            <contenuImg CS="1.0" lang="en" source="md">verterbrate</contenuImg>
            <titraille>Ce qu_il faut savoir des reptiles et batraciens de France / par G. Portevin,...</titraille>
            <contenuImg CS="1" lang="en" source="hm" time="2019-03-14T19:30:48.128+01:00">turtle</contenuImg>
          </ill>
        </ills>
      </page>
      <page ordre="142">
        <blocIll ocr="1">1</blocIll>
        <ills>
          <ill couleur="coul" edit="true" filtretf="1" h="2054" n="142-1" taille="2" w="1194" x="1" y="1">
            <contenuImg b="61" coul="1" g="68" ordre="5" r="80" source="colorific" type="frg">#50443d</contenuImg>
            <contenuImg b="128" coul="1" g="138" ordre="4" r="170" source="colorific" type="frg">#aa8a80</contenuImg>
            <contenuImg b="53" coul="1" g="60" ordre="3" r="57" source="colorific" type="frg">#393c35</contenuImg>
            <contenuImg b="136" coul="1" g="143" ordre="2" r="147" source="colorific" type="frg">#938f88</contenuImg>
            <contenuImg b="88" coul="1" g="93" ordre="1" r="93" source="colorific" type="frg">#5d5d58</contenuImg>
            <contenuImg CS="1.0" lang="fr" source="md">vertébré</contenuImg>
            <contenuImg CS="1.0" lang="fr" source="md">reptile</contenuImg>
            <contenuImg CS="1.0" lang="fr" source="md">animal</contenuImg>
            <txt source="google">"Pl. II - SAVOIR HISTOIRE NATURELLE Vol. XI - 1. Ledvallar, Edit. - 1. Couleuvre de Montpellier, - 2. Couleuvre verte et jaune. - ",</txt>
            <tech source="final">estampe/gravure</tech>
            <genre CS="0.40" source="TensorFlow">filtrecouv</genre>
            <theme source="final">13</theme>
            <tech CS="1" source="md">estampe/gravure</tech>
            <theme CS="1" source="md">13</theme>
            <contenuImg CS="1.0" lang="en" source="md">animal</contenuImg>
            <contenuImg CS="1.0" lang="en" source="md">reptile</contenuImg>
            <contenuImg CS="1.0" lang="en" source="md">verterbrate</contenuImg>
            <titraille>Ce qu_il faut savoir des reptiles et batraciens de France / par G. Portevin,...</titraille>
            <tech source="hm" time="2019-03-02T12:39:59.41+01:00">estampe/gravure</tech>
            <tech source="hm" time="2019-03-02T17:01:25.116+01:00">estampe/gravure</tech>
          </ill>
        </ills>
      </page>
      <page ordre="143">
        <blocIll ocr="1">1</blocIll>
        <ills>
          <ill couleur="coul" h="2054" n="143-1" taille="2" w="1194" x="1" y="1">
            <contenuImg b="39" coul="1" g="48" ordre="4" r="66" source="colorific" type="frg">#423027</contenuImg>
            <contenuImg b="59" coul="1" g="72" ordre="3" r="84" source="colorific" type="frg">#54483b</contenuImg>
            <contenuImg b="180" coul="1" g="188" ordre="2" r="196" source="colorific" type="frg">#c4bcb4</contenuImg>
            <contenuImg b="97" coul="1" g="111" ordre="1" r="131" source="colorific" type="frg">#836f61</contenuImg>
            <contenuImg CS="1.0" lang="fr" source="md">vertébré</contenuImg>
            <contenuImg CS="1.0" lang="fr" source="md">reptile</contenuImg>
            <contenuImg CS="1.0" lang="fr" source="md">animal</contenuImg>
            <txt source="google">"SAVOIR HISTOIRE NATURELLE Vol. XI - PL. III - 3 - 2 - 1. Lecter, Edit - 1. Le Charles M - ap - 1. Couleuvre à collier, - 2. Couleuvre vipérine. - ",</txt>
            <tech source="final">estampe/gravure</tech>
            <theme source="final">13</theme>
            <tech CS="1" source="md">estampe/gravure</tech>
            <theme CS="1" source="md">13</theme>
            <contenuImg CS="1.0" lang="en" source="md">animal</contenuImg>
            <contenuImg CS="1.0" lang="en" source="md">reptile</contenuImg>
            <contenuImg CS="1.0" lang="en" source="md">verterbrate</contenuImg>
            <titraille>Ce qu_il faut savoir des reptiles et batraciens de France / par G. Portevin,...</titraille>
          </ill>
        </ills>
      </page>
      <page ordre="144">
        <blocIll ocr="1">1</blocIll>
        <ills>
          <ill couleur="coul" h="2054" n="144-1" taille="2" w="1194" x="1" y="1">
            <contenuImg b="90" coul="1" g="106" ordre="5" r="132" source="colorific" type="frg">#846a5a</contenuImg>
            <contenuImg b="147" coul="1" g="176" ordre="4" r="199" source="colorific" type="frg">#c7b093</contenuImg>
            <contenuImg b="55" coul="1" g="67" ordre="3" r="72" source="colorific" type="frg">#484337</contenuImg>
            <contenuImg b="102" coul="1" g="117" ordre="2" r="116" source="colorific" type="frg">#747566</contenuImg>
            <contenuImg b="103" coul="1" g="144" ordre="1" r="147" source="colorific" type="frg">#939067</contenuImg>
            <contenuImg CS="1.0" lang="fr" source="md">vertébré</contenuImg>
            <contenuImg CS="1.0" lang="fr" source="md">reptile</contenuImg>
            <contenuImg CS="1.0" lang="fr" source="md">animal</contenuImg>
            <txt source="google">"SAVOIR HISTOIRE NATURELLE Vol. XI - Pl. IV. - 2 - I'. Lechevalier FAIL - LL Charles, - 1. Lézard des sables. - 2. Lézard coelle. - 3. Lexard vert. - ",</txt>
            <tech source="final">estampe/gravure</tech>
            <theme source="final">13</theme>
            <tech CS="1" source="md">estampe/gravure</tech>
            <theme CS="1" source="md">13</theme>
            <contenuImg CS="1.0" lang="en" source="md">animal</contenuImg>
            <contenuImg CS="1.0" lang="en" source="md">reptile</contenuImg>
            <contenuImg CS="1.0" lang="en" source="md">verterbrate</contenuImg>
            <titraille>Ce qu_il faut savoir des reptiles et batraciens de France / par G. Portevin,...</titraille>
          </ill>
        </ills>
      </page>
      <page ordre="145">
        <blocIll ocr="1">1</blocIll>
        <ills>
          <ill couleur="coul" h="2052" n="145-1" taille="2" w="1194" x="1" y="1">
            <contenuImg b="83" coul="1" g="90" ordre="5" r="141" source="colorific" type="frg">#8d5a53</contenuImg>
            <contenuImg b="106" coul="1" g="125" ordre="4" r="125" source="colorific" type="frg">#7d7d6a</contenuImg>
            <contenuImg b="46" coul="1" g="51" ordre="3" r="68" source="colorific" type="frg">#44332e</contenuImg>
            <contenuImg b="88" coul="1" g="92" ordre="2" r="101" source="colorific" type="frg">#655c58</contenuImg>
            <contenuImg b="129" coul="1" g="138" ordre="1" r="154" source="colorific" type="frg">#9a8a81</contenuImg>
            <contenuImg CS="1.0" lang="fr" source="md">vertébré</contenuImg>
            <contenuImg CS="1.0" lang="fr" source="md">reptile</contenuImg>
            <contenuImg CS="1.0" lang="fr" source="md">animal</contenuImg>
            <txt source="google">"SAVOIR HISTOIRE NATURELLE Vol. XI - Pl. V. - 3 - 2. Lechevalier, tant - Le Charles - ut - 1. Lezard des souches. - 2. Lezard des murailles, - 3. Lexird vivipare, - 4. Orvet. - ",</txt>
            <tech source="final">estampe/gravure</tech>
            <theme source="final">13</theme>
            <tech CS="1" source="md">estampe/gravure</tech>
            <theme CS="1" source="md">13</theme>
            <contenuImg CS="1.0" lang="en" source="md">animal</contenuImg>
            <contenuImg CS="1.0" lang="en" source="md">reptile</contenuImg>
            <contenuImg CS="1.0" lang="en" source="md">verterbrate</contenuImg>
            <titraille>Ce qu_il faut savoir des reptiles et batraciens de France / par G. Portevin,...</titraille>
          </ill>
        </ills>
      </page>
      <page ordre="146">
        <blocIll ocr="1">1</blocIll>
        <ills>
          <ill couleur="coul" edit="true" filtretf="1" h="2052" n="146-1" taille="2" w="1194" x="1" y="1">
            <contenuImg b="40" coul="1" g="43" ordre="4" r="56" source="colorific" type="frg">#382b28</contenuImg>
            <contenuImg b="117" coul="1" g="123" ordre="3" r="136" source="colorific" type="frg">#887b75</contenuImg>
            <contenuImg b="180" coul="1" g="186" ordre="2" r="199" source="colorific" type="frg">#c7bab4</contenuImg>
            <contenuImg b="61" coul="1" g="70" ordre="1" r="88" source="colorific" type="frg">#58463d</contenuImg>
            <contenuImg CS="1.0" lang="fr" source="md">vertébré</contenuImg>
            <contenuImg CS="1.0" lang="fr" source="md">reptile</contenuImg>
            <contenuImg CS="1.0" lang="fr" source="md">animal</contenuImg>
            <txt source="google">"SAVOIR HISTOIRE NATURELLE Vol. XI - Pl. VI. - GIO - Lechevalier. Et - 1. Vipere aspic. - 2. Vipere péliade. - ",</txt>
            <tech source="final">estampe/gravure</tech>
            <genre CS="0.23" source="TensorFlow">filtrecouv</genre>
            <theme source="final">13</theme>
            <tech CS="1" source="md">estampe/gravure</tech>
            <theme CS="1" source="md">13</theme>
            <contenuImg CS="1.0" lang="en" source="md">animal</contenuImg>
            <contenuImg CS="1.0" lang="en" source="md">reptile</contenuImg>
            <contenuImg CS="1.0" lang="en" source="md">verterbrate</contenuImg>
            <titraille>Ce qu_il faut savoir des reptiles et batraciens de France / par G. Portevin,...</titraille>
            <tech source="hm" time="2019-03-02T12:40:01.84+01:00">estampe/gravure</tech>
            <tech source="hm" time="2019-03-02T17:01:27.782+01:00">estampe/gravure</tech>
          </ill>
        </ills>
      </page>
      <page ordre="147">
        <blocIll ocr="1">1</blocIll>
        <ills>
          <ill couleur="coul" edit="true" h="2052" n="147-1" taille="2" w="1194" x="1" y="1">
            <contenuImg b="128" coul="1" g="141" ordre="7" r="180" source="colorific" type="frg">#b48d80</contenuImg>
            <contenuImg b="55" coul="1" g="69" ordre="6" r="81" source="colorific" type="frg">#514537</contenuImg>
            <contenuImg b="44" coul="1" g="49" ordre="5" r="47" source="colorific" type="frg">#2f312c</contenuImg>
            <contenuImg b="78" coul="1" g="90" ordre="4" r="86" source="colorific" type="frg">#565a4e</contenuImg>
            <contenuImg b="126" coul="1" g="156" ordre="3" r="173" source="colorific" type="frg">#ad9c7e</contenuImg>
            <contenuImg b="88" coul="1" g="104" ordre="2" r="127" source="colorific" type="frg">#7f6858</contenuImg>
            <contenuImg b="144" coul="1" g="152" ordre="1" r="161" source="colorific" type="frg">#a19890</contenuImg>
            <contenuImg CS="1" lang="fr" source="hm" time="2019-03-14T19:30:24.83+01:00">grenouille</contenuImg>
            <contenuImg CS="1.0" lang="fr" source="md">vertébré</contenuImg>
            <contenuImg CS="1.0" lang="fr" source="md">reptile</contenuImg>
            <contenuImg CS="1.0" lang="fr" source="md">animal</contenuImg>
            <txt source="google">"SAVOIR HISTOIRE NATURELLE Vol. XI - Pl. VII. - Charter 19 - P - er. Et - I. Grenouille Tousse - 2. Grenouille comestible. - 3. Rainette. - 4. Crapaud calamite. - ",</txt>
            <tech source="final">estampe/gravure</tech>
            <theme source="final">13</theme>
            <tech CS="1" source="md">estampe/gravure</tech>
            <theme CS="1" source="md">13</theme>
            <contenuImg CS="1.0" lang="en" source="md">animal</contenuImg>
            <contenuImg CS="1.0" lang="en" source="md">reptile</contenuImg>
            <contenuImg CS="1.0" lang="en" source="md">verterbrate</contenuImg>
            <titraille>Ce qu_il faut savoir des reptiles et batraciens de France / par G. Portevin,...</titraille>
            <contenuImg CS="1" lang="en" source="hm" time="2019-03-14T19:30:24.83+01:00">frog</contenuImg>
          </ill>
        </ills>
      </page>
      <page ordre="148">
        <blocIll ocr="1">0</blocIll>
        <ills/>
      </page>
      <page ordre="149">
        <blocIll ocr="1">0</blocIll>
        <ills/>
      </page>
    </pages>
  </contenus>
</analyseAlto>