<analyseAlto>
  <metad>
    <type>A</type>
    <ID>btv1b102293360</ID>
    <titre>Manuscrits français. Tritons et lézards</titre>
    <dateEdition>1701-1800</dateEdition>
    <lang>fre</lang>
    <source>Bibliothèque nationale et universitaire de Strasbourg. Ms.0.441</source>
    <nbPage>46</nbPage>
    <descr>Histoire naturelle. Planches diverses Peintures Histoire naturelle</descr>
  </metad>
  <contenus ocr="false" toc="false">
    <largeur>110</largeur>
    <hauteur>167</hauteur>
    <largeurPx>2603</largeurPx>
    <hauteurPx>3962</hauteurPx>
    <pages>
      <page ordre="1">
        <blocIll ocr="1">0</blocIll>
        <ills/>
      </page>
      <page ordre="4">
        <blocIll ocr="1">0</blocIll>
        <ills/>
      </page>
      <page ordre="5">
        <blocIll ocr="1">0</blocIll>
        <ills/>
      </page>
      <page ordre="6">
        <blocIll ocr="1">0</blocIll>
        <ills/>
      </page>
      <page ordre="7">
        <blocIll ocr="1">1</blocIll>
        <ills>
          <ill couleur="coul" edit="true" h="2780" n="7-1" seg="1" source="hm" taille="4" w="1748" x="243" y="353">
            <contenuImg b="76" coul="1" g="101" ordre="5" r="131" source="colorific" type="frg">#83654c</contenuImg>
            <contenuImg b="129" coul="1" g="160" ordre="4" r="210" source="colorific" type="frg">#d2a081</contenuImg>
            <contenuImg b="77" coul="1" g="99" ordre="3" r="109" source="colorific" type="frg">#6d634d</contenuImg>
            <contenuImg b="120" coul="1" g="157" ordre="2" r="181" source="colorific" type="frg">#b59d78</contenuImg>
            <contenuImg b="193" coul="1" g="212" ordre="1" r="220" source="colorific" type="frg">#dcd4c1</contenuImg>
            <contenuImg CS="1.0" lang="fr" source="md">vertébré</contenuImg>
            <contenuImg CS="1.0" lang="fr" source="md">reptile</contenuImg>
            <contenuImg CS="1.0" lang="fr" source="md">animal</contenuImg>
            <tech source="final">dessin</tech>
            <theme source="final">13</theme>
            <tech CS="1" source="md">dessin</tech>
            <theme CS="1" source="md">13</theme>
            <contenuImg CS="1.0" lang="en" source="md">animal</contenuImg>
            <contenuImg CS="1.0" lang="en" source="md">reptile</contenuImg>
            <contenuImg CS="1.0" lang="en" source="md">verterbrate</contenuImg>
            <titraille>Manuscrits français. Tritons et lézards</titraille>
          </ill>
        </ills>
      </page>
      <page ordre="8">
        <blocIll ocr="1">1</blocIll>
        <ills>
          <ill couleur="coul" edit="true" h="2544" n="8-1" seg="1" source="hm" taille="4" w="1904" x="335" y="471">
            <contenuImg b="72" coul="1" g="103" ordre="6" r="129" source="colorific" type="frg">#816748</contenuImg>
            <contenuImg b="92" coul="1" g="160" ordre="5" r="218" source="colorific" type="frg">#daa05c</contenuImg>
            <contenuImg b="201" coul="1" g="227" ordre="4" r="234" source="colorific" type="frg">#eae3c9</contenuImg>
            <contenuImg b="146" coul="1" g="157" ordre="3" r="164" source="colorific" type="frg">#a49d92</contenuImg>
            <contenuImg b="67" coul="1" g="77" ordre="2" r="86" source="colorific" type="frg">#564d43</contenuImg>
            <contenuImg b="122" coul="1" g="165" ordre="1" r="181" source="colorific" type="frg">#b5a57a</contenuImg>
            <contenuImg CS="1.0" lang="fr" source="md">vertébré</contenuImg>
            <contenuImg CS="1.0" lang="fr" source="md">reptile</contenuImg>
            <contenuImg CS="1.0" lang="fr" source="md">animal</contenuImg>
            <tech source="final">dessin</tech>
            <theme source="final">13</theme>
            <tech CS="1" source="md">dessin</tech>
            <theme CS="1" source="md">13</theme>
            <contenuImg CS="1.0" lang="en" source="md">animal</contenuImg>
            <contenuImg CS="1.0" lang="en" source="md">reptile</contenuImg>
            <contenuImg CS="1.0" lang="en" source="md">verterbrate</contenuImg>
            <titraille>Manuscrits français. Tritons et lézards</titraille>
          </ill>
        </ills>
      </page>
      <page ordre="9">
        <blocIll ocr="1">1</blocIll>
        <ills>
          <ill couleur="coul" edit="true" h="2602" n="9-1" seg="1" source="hm" taille="4" w="1848" x="391" y="505">
            <contenuImg b="108" coul="1" g="140" ordre="5" r="186" source="colorific" type="frg">#ba8c6c</contenuImg>
            <contenuImg b="73" coul="1" g="81" ordre="4" r="101" source="colorific" type="frg">#655149</contenuImg>
            <contenuImg b="160" coul="1" g="190" ordre="3" r="210" source="colorific" type="frg">#d2bea0</contenuImg>
            <contenuImg b="128" coul="1" g="134" ordre="2" r="148" source="colorific" type="frg">#948680</contenuImg>
            <contenuImg b="176" coul="1" g="181" ordre="1" r="180" source="colorific" type="frg">#b4b5b0</contenuImg>
            <contenuImg CS="1.0" lang="fr" source="md">vertébré</contenuImg>
            <contenuImg CS="1.0" lang="fr" source="md">reptile</contenuImg>
            <contenuImg CS="1.0" lang="fr" source="md">animal</contenuImg>
            <tech source="final">dessin</tech>
            <theme source="final">13</theme>
            <tech CS="1" source="md">dessin</tech>
            <theme CS="1" source="md">13</theme>
            <contenuImg CS="1.0" lang="en" source="md">animal</contenuImg>
            <contenuImg CS="1.0" lang="en" source="md">reptile</contenuImg>
            <contenuImg CS="1.0" lang="en" source="md">verterbrate</contenuImg>
            <titraille>Manuscrits français. Tritons et lézards</titraille>
          </ill>
        </ills>
      </page>
      <page ordre="10">
        <blocIll ocr="1">1</blocIll>
        <ills>
          <ill couleur="coul" edit="true" h="2680" n="10-1" seg="1" source="hm" taille="4" w="1878" x="387" y="405">
            <contenuImg b="64" coul="1" g="71" ordre="8" r="105" source="colorific" type="frg">#694740</contenuImg>
            <contenuImg b="114" coul="1" g="133" ordre="7" r="177" source="colorific" type="frg">#b18572</contenuImg>
            <contenuImg b="141" coul="1" g="182" ordre="6" r="221" source="colorific" type="frg">#ddb68d</contenuImg>
            <contenuImg b="89" coul="1" g="150" ordre="5" r="220" source="colorific" type="frg">#dc9659</contenuImg>
            <contenuImg b="188" coul="1" g="199" ordre="4" r="220" source="colorific" type="frg">#dcc7bc</contenuImg>
            <contenuImg b="161" coul="1" g="165" ordre="3" r="161" source="colorific" type="frg">#a1a5a1</contenuImg>
            <contenuImg b="79" coul="1" g="87" ordre="2" r="91" source="colorific" type="frg">#5b574f</contenuImg>
            <contenuImg b="127" coul="1" g="141" ordre="1" r="152" source="colorific" type="frg">#988d7f</contenuImg>
            <contenuImg CS="1.0" lang="fr" source="md">vertébré</contenuImg>
            <contenuImg CS="1.0" lang="fr" source="md">reptile</contenuImg>
            <contenuImg CS="1.0" lang="fr" source="md">animal</contenuImg>
            <tech source="final">dessin</tech>
            <theme source="final">13</theme>
            <tech CS="1" source="md">dessin</tech>
            <theme CS="1" source="md">13</theme>
            <contenuImg CS="1.0" lang="en" source="md">animal</contenuImg>
            <contenuImg CS="1.0" lang="en" source="md">reptile</contenuImg>
            <contenuImg CS="1.0" lang="en" source="md">verterbrate</contenuImg>
            <titraille>Manuscrits français. Tritons et lézards</titraille>
          </ill>
        </ills>
      </page>
      <page ordre="11">
        <blocIll ocr="1">1</blocIll>
        <ills>
          <ill couleur="coul" edit="true" h="2924" n="11-1" seg="1" source="hm" taille="4" w="1922" x="395" y="413">
            <contenuImg b="67" coul="1" g="82" ordre="2" r="90" source="colorific" type="frg">#5a5243</contenuImg>
            <contenuImg b="152" coul="1" g="163" ordre="1" r="169" source="colorific" type="frg">#a9a398</contenuImg>
            <contenuImg CS="1" lang="fr" source="hm" time="2019-05-01T18:52:32.212+02:00">insecte</contenuImg>
            <contenuImg CS="1.0" lang="fr" source="md">vertébré</contenuImg>
            <contenuImg CS="1.0" lang="fr" source="md">reptile</contenuImg>
            <contenuImg CS="1.0" lang="fr" source="md">animal</contenuImg>
            <tech source="final">dessin</tech>
            <theme source="final">13</theme>
            <tech CS="1" source="md">dessin</tech>
            <theme CS="1" source="md">13</theme>
            <contenuImg CS="1.0" lang="en" source="md">animal</contenuImg>
            <contenuImg CS="1.0" lang="en" source="md">reptile</contenuImg>
            <contenuImg CS="1.0" lang="en" source="md">verterbrate</contenuImg>
            <titraille>Manuscrits français. Tritons et lézards</titraille>
            <contenuImg CS="1" lang="en" source="hm" time="2019-05-01T18:52:32.212+02:00">insect</contenuImg>
          </ill>
        </ills>
      </page>
      <page ordre="12">
        <blocIll ocr="1">1</blocIll>
        <ills>
          <ill couleur="coul" edit="true" h="2904" n="12-1" seg="1" source="hm" taille="4" w="1916" x="375" y="419">
            <contenuImg b="87" coul="1" g="95" ordre="2" r="100" source="colorific" type="frg">#645f57</contenuImg>
            <contenuImg b="170" coul="1" g="182" ordre="1" r="190" source="colorific" type="frg">#beb6aa</contenuImg>
            <contenuImg CS="1.0" lang="fr" source="md">vertébré</contenuImg>
            <contenuImg CS="1.0" lang="fr" source="md">reptile</contenuImg>
            <contenuImg CS="1.0" lang="fr" source="md">animal</contenuImg>
            <txt source="google">"cm 1 - www - 2 - . - 3 - 4 - 5 - 6 - 7 - 8 - 9 - 10 - 11 - 12 - 13 - 14 - 15 - 16 - a - 17 - d - 18 - id - 19 - 20 - 21 22 23 24 25 26 27 28 29 - ktikoak eta baliano katika wakati wanahitakiwa - 30 - T.C.1 - BDDDDDDDD - CCCCC - Cute - Mora - ",</txt>
            <tech source="final">dessin</tech>
            <theme source="final">13</theme>
            <tech CS="1" source="md">dessin</tech>
            <theme CS="1" source="md">13</theme>
            <contenuImg CS="1.0" lang="en" source="md">animal</contenuImg>
            <contenuImg CS="1.0" lang="en" source="md">reptile</contenuImg>
            <contenuImg CS="1.0" lang="en" source="md">verterbrate</contenuImg>
            <titraille>Manuscrits français. Tritons et lézards</titraille>
          </ill>
        </ills>
      </page>
      <page ordre="13">
        <blocIll ocr="1">1</blocIll>
        <ills>
          <ill couleur="coul" edit="true" h="2736" n="13-1" seg="1" source="hm" taille="4" w="1840" x="413" y="379">
            <contenuImg b="95" coul="1" g="104" ordre="6" r="135" source="colorific" type="frg">#87685f</contenuImg>
            <contenuImg b="63" coul="1" g="69" ordre="5" r="79" source="colorific" type="frg">#4f453f</contenuImg>
            <contenuImg b="102" coul="1" g="104" ordre="4" r="168" source="colorific" type="frg">#a86866</contenuImg>
            <contenuImg b="148" coul="1" g="158" ordre="3" r="199" source="colorific" type="frg">#c79e94</contenuImg>
            <contenuImg b="113" coul="1" g="121" ordre="2" r="125" source="colorific" type="frg">#7d7971</contenuImg>
            <contenuImg b="179" coul="1" g="187" ordre="1" r="192" source="colorific" type="frg">#c0bbb3</contenuImg>
            <contenuImg CS="1.0" lang="fr" source="md">vertébré</contenuImg>
            <contenuImg CS="1.0" lang="fr" source="md">reptile</contenuImg>
            <contenuImg CS="1.0" lang="fr" source="md">animal</contenuImg>
            <tech source="final">dessin</tech>
            <theme source="final">13</theme>
            <tech CS="1" source="md">dessin</tech>
            <theme CS="1" source="md">13</theme>
            <contenuImg CS="1.0" lang="en" source="md">animal</contenuImg>
            <contenuImg CS="1.0" lang="en" source="md">reptile</contenuImg>
            <contenuImg CS="1.0" lang="en" source="md">verterbrate</contenuImg>
            <titraille>Manuscrits français. Tritons et lézards</titraille>
          </ill>
        </ills>
      </page>
      <page ordre="14">
        <blocIll ocr="1">0</blocIll>
        <ills/>
      </page>
      <page ordre="15">
        <blocIll ocr="1">0</blocIll>
        <ills/>
      </page>
      <page ordre="16">
        <blocIll ocr="1">0</blocIll>
        <ills/>
      </page>
      <page ordre="17">
        <blocIll ocr="1">0</blocIll>
        <ills/>
      </page>
      <page ordre="18">
        <blocIll ocr="1">0</blocIll>
        <ills/>
      </page>
      <page ordre="19">
        <blocIll ocr="1">0</blocIll>
        <ills/>
      </page>
      <page ordre="20">
        <blocIll ocr="1">0</blocIll>
        <ills/>
      </page>
      <page ordre="21">
        <blocIll ocr="1">0</blocIll>
        <ills/>
      </page>
      <page ordre="22">
        <blocIll ocr="1">0</blocIll>
        <ills/>
      </page>
      <page ordre="23">
        <blocIll ocr="1">0</blocIll>
        <ills/>
      </page>
      <page ordre="24">
        <blocIll ocr="1">0</blocIll>
        <ills/>
      </page>
      <page ordre="25">
        <blocIll ocr="1">0</blocIll>
        <ills/>
      </page>
      <page ordre="26">
        <blocIll ocr="1">0</blocIll>
        <ills/>
      </page>
      <page ordre="27">
        <blocIll ocr="1">0</blocIll>
        <ills/>
      </page>
      <page ordre="28">
        <blocIll ocr="1">0</blocIll>
        <ills/>
      </page>
      <page ordre="29">
        <blocIll ocr="1">0</blocIll>
        <ills/>
      </page>
      <page ordre="30">
        <blocIll ocr="1">0</blocIll>
        <ills/>
      </page>
      <page ordre="31">
        <blocIll ocr="1">0</blocIll>
        <ills/>
      </page>
      <page ordre="32">
        <blocIll ocr="1">0</blocIll>
        <ills/>
      </page>
      <page ordre="33">
        <blocIll ocr="1">0</blocIll>
        <ills/>
      </page>
      <page ordre="34">
        <blocIll ocr="1">0</blocIll>
        <ills/>
      </page>
      <page ordre="35">
        <blocIll ocr="1">0</blocIll>
        <ills/>
      </page>
      <page ordre="36">
        <blocIll ocr="1">0</blocIll>
        <ills/>
      </page>
      <page ordre="37">
        <blocIll ocr="1">0</blocIll>
        <ills/>
      </page>
      <page ordre="38">
        <blocIll ocr="1">0</blocIll>
        <ills/>
      </page>
      <page ordre="39">
        <blocIll ocr="1">0</blocIll>
        <ills/>
      </page>
      <page ordre="40">
        <blocIll ocr="1">0</blocIll>
        <ills/>
      </page>
      <page ordre="41">
        <blocIll ocr="1">0</blocIll>
        <ills/>
      </page>
      <page ordre="42">
        <blocIll ocr="1">0</blocIll>
        <ills/>
      </page>
      <page ordre="43">
        <blocIll ocr="1">0</blocIll>
        <ills/>
      </page>
      <page ordre="44">
        <blocIll ocr="1">0</blocIll>
        <ills/>
      </page>
      <page ordre="45">
        <blocIll ocr="1">0</blocIll>
        <ills/>
      </page>
      <page ordre="46">
        <blocIll ocr="1">0</blocIll>
        <ills/>
      </page>
    </pages>
  </contenus>
</analyseAlto>