<analyseAlto>
  <metad>
    <type>A</type>
    <ID>btv1b10532610b</ID>
    <titre>Nicandre</titre>
    <dateEdition>1001-1100</dateEdition>
    <lang>grc</lang>
    <source>Bibliothèque nationale de France. Département des manuscrits. Supplément grec 247</source>
    <nbPage>112</nbPage>
  </metad>
  <contenus ocr="false" toc="false">
    <largeur>90</largeur>
    <hauteur>109</hauteur>
    <largeurPx>2148</largeurPx>
    <hauteurPx>2598</hauteurPx>
    <pages>
      <page ordre="7">
        <blocIll ocr="1">0</blocIll>
        <ills/>
      </page>
      <page ordre="8">
        <blocIll ocr="1">0</blocIll>
        <ills/>
      </page>
      <page ordre="9">
        <blocIll ocr="1">0</blocIll>
        <ills/>
      </page>
      <page ordre="10">
        <blocIll ocr="1">1</blocIll>
        <ills>
          <ill couleur="coul" edit="true" h="2332" n="10-1" taille="2" w="1838" x="1" y="1">
            <contenuImg b="58" coul="1" g="64" ordre="4" r="76" source="colorific" type="frg">#4c403a</contenuImg>
            <contenuImg b="70" coul="1" g="87" ordre="3" r="93" source="colorific" type="frg">#5d5746</contenuImg>
            <contenuImg b="77" coul="1" g="93" ordre="2" r="125" source="colorific" type="frg">#7d5d4d</contenuImg>
            <contenuImg b="62" coul="1" g="93" ordre="1" r="125" source="colorific" type="frg">#7d5d3e</contenuImg>
            <contenuImg CS="1" coul="1" lang="fr" source="hm" time="2019-03-14T19:23:37.486+01:00">vert</contenuImg>
            <contenuImg CS="1.0" lang="fr" source="md">vertébré</contenuImg>
            <contenuImg CS="1.0" lang="fr" source="md">reptile</contenuImg>
            <contenuImg CS="1.0" lang="fr" source="md">animal</contenuImg>
            <txt source="google">"se peaming byerno ko yoy top who's under - flïties or isler og opleve den som lamtprotho - tiek at WTO TOHOTO nagbupado lindos o por - Spanise awapbów opboormoonigo couro cermin - pros kap. zopárovo ok pécarbporide - til udian balo top Oprikas - of soup wet ovat - o - 17-yosh ke - &amp;XA - ",</txt>
            <tech source="final">dessin</tech>
            <theme source="final">13</theme>
            <tech CS="1" source="md">dessin</tech>
            <theme CS="1" source="md">13</theme>
            <contenuImg CS="1.0" lang="en" source="md">animal</contenuImg>
            <contenuImg CS="1.0" lang="en" source="md">reptile</contenuImg>
            <contenuImg CS="1.0" lang="en" source="md">verterbrate</contenuImg>
            <titraille>Nicandre</titraille>
            <contenuImg CS="1" lang="en" source="hm" time="2019-03-14T19:23:04.926+01:00">scorpio</contenuImg>
            <contenuImg CS="1" coul="1" lang="en" source="hm" time="2019-03-14T19:23:37.486+01:00">green color</contenuImg>
            <contenuImg CS="1" lang="en" source="hm" time="2019-03-17T19:41:38.26+01:00">scorpio</contenuImg>
          </ill>
        </ills>
      </page>
      <page ordre="11">
        <blocIll ocr="1">1</blocIll>
        <ills>
          <ill couleur="coul" edit="true" h="2424" n="11-1" taille="2" w="1847" x="1" y="1">
            <contenuImg b="56" coul="1" g="68" ordre="4" r="100" source="colorific" type="frg">#644438</contenuImg>
            <contenuImg b="75" coul="1" g="79" ordre="3" r="81" source="colorific" type="frg">#514f4b</contenuImg>
            <contenuImg b="83" coul="1" g="98" ordre="2" r="118" source="colorific" type="frg">#766253</contenuImg>
            <contenuImg b="89" coul="1" g="127" ordre="1" r="157" source="colorific" type="frg">#9d7f59</contenuImg>
            <contenuImg CS="1" coul="1" lang="fr" source="hm" time="2019-03-14T19:23:27.721+01:00">bleu</contenuImg>
            <contenuImg CS="1.0" lang="fr" source="md">vertébré</contenuImg>
            <contenuImg CS="1.0" lang="fr" source="md">reptile</contenuImg>
            <contenuImg CS="1.0" lang="fr" source="md">animal</contenuImg>
            <txt source="google">"PLYTE - CKMASCHICO - sk - lipca workou wok baie vel. - Grosart Wä H-4 - kaitwapo laps To w polpo soy lidy portiointi - zup do rocku i oko juben, oksad i po co itawo l'detowo - W oot az abroo Do ju do varustelauton tipo - bow cupify Choo - Hao wote wako to - oppadi papays are hapo bado kwa JUTOT Optoly - Look Ado.co kawat Mas cuyu bir ortidan - Arup ly N Go town. $1.00 PZT .coubok w pow. Plast - karya cobradoro ro w polo gt Nowk opciw TESCO - basla.com bi payt Mozetepin - to the - oupachajesty or lincoskapor- - Prewprocka - THERE - poy ke had - \"pesc tolk - $týr - povoa - 48167 - Tvoryt voor - om - About - Me - ",</txt>
            <tech source="final">dessin</tech>
            <theme source="final">13</theme>
            <tech CS="1" source="md">dessin</tech>
            <theme CS="1" source="md">13</theme>
            <contenuImg CS="1.0" lang="en" source="md">animal</contenuImg>
            <contenuImg CS="1.0" lang="en" source="md">reptile</contenuImg>
            <contenuImg CS="1.0" lang="en" source="md">verterbrate</contenuImg>
            <titraille>Nicandre</titraille>
            <contenuImg CS="1" coul="1" lang="en" source="hm" time="2019-03-14T19:23:27.721+01:00">blue color</contenuImg>
          </ill>
        </ills>
      </page>
      <page ordre="12">
        <blocIll ocr="1">0</blocIll>
        <ills/>
      </page>
      <page ordre="13">
        <blocIll ocr="1">0</blocIll>
        <ills/>
      </page>
      <page ordre="14">
        <blocIll ocr="1">1</blocIll>
        <ills>
          <ill couleur="coul" h="2356" n="14-1" taille="2" w="1802" x="1" y="1">
            <contenuImg b="99" coul="1" g="120" ordre="5" r="120" source="colorific" type="frg">#787863</contenuImg>
            <contenuImg b="148" coul="1" g="176" ordre="4" r="211" source="colorific" type="frg">#d3b094</contenuImg>
            <contenuImg b="72" coul="1" g="93" ordre="3" r="134" source="colorific" type="frg">#865d48</contenuImg>
            <contenuImg b="87" coul="1" g="110" ordre="2" r="132" source="colorific" type="frg">#846e57</contenuImg>
            <contenuImg b="120" coul="1" g="161" ordre="1" r="185" source="colorific" type="frg">#b9a178</contenuImg>
            <contenuImg CS="1.0" lang="fr" source="md">vertébré</contenuImg>
            <contenuImg CS="1.0" lang="fr" source="md">reptile</contenuImg>
            <contenuImg CS="1.0" lang="fr" source="md">animal</contenuImg>
            <txt source="google">"pouby ta'yookopapahi or lit'ső A THM - Kolpi dowo Gas comprar en n la clois Gü he topic - ü kai abu kollavolouap vovóová so med 6 Gou - av a kotou to govori coa bi veckor ko - duto od bubur Glou koperido por law - stes TOU AP K PHIM po koutoutpítear o dourto - 700, hak kaduportó pot de paso top Goow ideali - B ap VINOON - kepadon. - mevkeON - ",</txt>
            <tech source="final">dessin</tech>
            <theme source="final">13</theme>
            <tech CS="1" source="md">dessin</tech>
            <theme CS="1" source="md">13</theme>
            <contenuImg CS="1.0" lang="en" source="md">animal</contenuImg>
            <contenuImg CS="1.0" lang="en" source="md">reptile</contenuImg>
            <contenuImg CS="1.0" lang="en" source="md">verterbrate</contenuImg>
            <titraille>Nicandre</titraille>
          </ill>
        </ills>
      </page>
      <page ordre="15">
        <blocIll ocr="1">1</blocIll>
        <ills>
          <ill couleur="coul" h="2421" n="15-1" taille="2" w="1850" x="1" y="1">
            <contenuImg b="80" coul="1" g="99" ordre="6" r="135" source="colorific" type="frg">#876350</contenuImg>
            <contenuImg b="108" coul="1" g="125" ordre="5" r="124" source="colorific" type="frg">#7c7d6c</contenuImg>
            <contenuImg b="110" coul="1" g="107" ordre="4" r="102" source="colorific" type="frg">#666b6e</contenuImg>
            <contenuImg b="74" coul="1" g="81" ordre="3" r="118" source="colorific" type="frg">#76514a</contenuImg>
            <contenuImg b="70" coul="1" g="71" ordre="2" r="73" source="colorific" type="frg">#494746</contenuImg>
            <contenuImg b="88" coul="1" g="114" ordre="1" r="134" source="colorific" type="frg">#867258</contenuImg>
            <contenuImg CS="1.0" lang="fr" source="md">vertébré</contenuImg>
            <contenuImg CS="1.0" lang="fr" source="md">reptile</contenuImg>
            <contenuImg CS="1.0" lang="fr" source="md">animal</contenuImg>
            <txt source="google">"odbioru árpitos ou pentru a mard kamwoorho - losópraedo oro pózono oy kusugpo kaffe - Holz www down and weak rook epe Nord - Hotegtöd by aquaoi smo ponosios erobert tuko - bu mesut' cupo TÓNOLOdos konó co prawo o pomeroco. - kampdovou cipepe noho Moyo ūdiyot si overgika - Gioty top o con tuleeup w poro the brow dovezmesi - Myocéu am apurosh pi meeste op og nedtouto caso - to ove riaorkio berri batean pain treas dari yoo poor - dvad õpófrom Ap vuurt gawe kazion Le consei poro: - retproc - Tipi Bun - Bordada - 04 - CON - ",</txt>
            <tech source="final">dessin</tech>
            <theme source="final">13</theme>
            <tech CS="1" source="md">dessin</tech>
            <theme CS="1" source="md">13</theme>
            <contenuImg CS="1.0" lang="en" source="md">animal</contenuImg>
            <contenuImg CS="1.0" lang="en" source="md">reptile</contenuImg>
            <contenuImg CS="1.0" lang="en" source="md">verterbrate</contenuImg>
            <titraille>Nicandre</titraille>
          </ill>
        </ills>
      </page>
      <page ordre="16">
        <blocIll ocr="1">1</blocIll>
        <ills>
          <ill couleur="coul" edit="true" h="2380" n="16-1" taille="2" w="1814" x="1" y="1">
            <contenuImg b="73" coul="1" g="78" ordre="3" r="79" source="colorific" type="frg">#4f4e49</contenuImg>
            <contenuImg b="188" coul="1" g="205" ordre="2" r="211" source="colorific" type="frg">#d3cdbc</contenuImg>
            <contenuImg b="57" coul="1" g="86" ordre="1" r="121" source="colorific" type="frg">#795639</contenuImg>
            <contenuImg CS="1" lang="fr" source="hm" time="2019-03-17T19:44:10.701+01:00">serpent</contenuImg>
            <contenuImg CS="1.0" lang="fr" source="md">vertébré</contenuImg>
            <contenuImg CS="1.0" lang="fr" source="md">reptile</contenuImg>
            <contenuImg CS="1.0" lang="fr" source="md">animal</contenuImg>
            <txt source="google">"obowe ok plodova metode pembaycale di domyces as - Boolean to meto pursu kai tpop astoſ calification - dhidrou kombinertnoytaxi zhovor curto - by pobou pap fe foiontaofaboo basoro - Seapons popitiator Notdoo kantaucibo wpi4 - fied Gopinam podfou pesípoep goórhittatuco por - Op Ô TAM Jawomit hürt wo putpisao ukoye on - joouo por el suoloxtavaplatoo Stocou - ni top apo op k nooit tid ei otpaneira aph - Hayot kartoints to quoy obcou nas topic of K Cory ankommer - pornhouby on off vragen po tale bow Tandborás do mokrila - 6wGp Vpok Tip To'sht qe pi cu meraup tutoop aarop - oyed vplyó i corruskano d'azó bop som allereptowo - Kaigoupinaca kako bp your oneco o fue the poll Guide - wiado raw Tow i adres poodowli Zona koitoy - Wozy dworytou top booket t'acoojarito your - 2 20 ocjowoo fpei pazi metri de ak pi voor dry or - anto con dock bicut pas op pad Too gooi kupona - Kenwoorsdopordi kako da socoterad - i tok or link op Holp bp con ordowo buto - roap limar pq women to To oci to netwood - dayanti multiokou komuth kipini - OSIC - ",</txt>
            <tech source="final">dessin</tech>
            <theme source="final">13</theme>
            <tech CS="1" source="md">dessin</tech>
            <theme CS="1" source="md">13</theme>
            <contenuImg CS="1.0" lang="en" source="md">animal</contenuImg>
            <contenuImg CS="1.0" lang="en" source="md">reptile</contenuImg>
            <contenuImg CS="1.0" lang="en" source="md">verterbrate</contenuImg>
            <titraille>Nicandre</titraille>
            <contenuImg CS="1" lang="en" source="hm" time="2019-03-17T19:44:10.701+01:00">snake</contenuImg>
          </ill>
        </ills>
      </page>
      <page ordre="17">
        <blocIll ocr="1">1</blocIll>
        <ills>
          <ill couleur="coul" edit="true" h="1335" n="17-1" seg="1" source="hm" taille="2" w="1770" x="31" y="1046">
            <contenuImg b="105" coul="1" g="129" ordre="5" r="140" source="colorific" type="frg">#8c8169</contenuImg>
            <contenuImg b="93" coul="1" g="100" ordre="4" r="153" source="colorific" type="frg">#99645d</contenuImg>
            <contenuImg b="135" coul="1" g="148" ordre="3" r="179" source="colorific" type="frg">#b39487</contenuImg>
            <contenuImg b="77" coul="1" g="87" ordre="2" r="104" source="colorific" type="frg">#68574d</contenuImg>
            <contenuImg b="89" coul="1" g="131" ordre="1" r="160" source="colorific" type="frg">#a08359</contenuImg>
            <contenuImg CS="1" coul="1" lang="fr" source="hm" time="2019-03-14T19:23:48.502+01:00">rose</contenuImg>
            <contenuImg CS="1" lang="fr" source="hm" time="2019-03-17T19:44:14.372+01:00">serpent</contenuImg>
            <contenuImg CS="1.0" lang="fr" source="md">vertébré</contenuImg>
            <contenuImg CS="1.0" lang="fr" source="md">reptile</contenuImg>
            <contenuImg CS="1.0" lang="fr" source="md">animal</contenuImg>
            <txt source="google">"tour tkow kai topostorofo tupo off from @ - you moreftp Goo klauspon kaak om so cool. - ooyen adhoom focoracoelo ka mbwagen füwö Tapa - week má uptou povso ou 3 côW Gobop bopro - közbewiókpoi of the complot P, Guo oki - 80lbou to goed arog coitadi to ich - lotte Holy manbalarop ponów litt korton - He Moreo izować o woo Kalki Kokopambwe üht:- - EXHe af CIN - CHA - ",</txt>
            <tech source="final">dessin</tech>
            <theme source="final">13</theme>
            <tech CS="1" source="md">dessin</tech>
            <theme CS="1" source="md">13</theme>
            <contenuImg CS="1.0" lang="en" source="md">animal</contenuImg>
            <contenuImg CS="1.0" lang="en" source="md">reptile</contenuImg>
            <contenuImg CS="1.0" lang="en" source="md">verterbrate</contenuImg>
            <titraille>Nicandre</titraille>
            <contenuImg CS="1" coul="1" lang="en" source="hm" time="2019-03-14T19:23:48.502+01:00">pink color</contenuImg>
            <contenuImg CS="1" lang="en" source="hm" time="2019-03-17T19:44:14.372+01:00">snake</contenuImg>
          </ill>
        </ills>
      </page>
      <page ordre="18">
        <blocIll ocr="1">0</blocIll>
        <ills/>
      </page>
      <page ordre="19">
        <blocIll ocr="1">1</blocIll>
        <ills>
          <ill couleur="coul" edit="true" h="2412" n="19-1" taille="2" w="1790" x="1" y="1">
            <contenuImg b="114" coul="1" g="134" ordre="5" r="178" source="colorific" type="frg">#b28672</contenuImg>
            <contenuImg b="108" coul="1" g="122" ordre="4" r="133" source="colorific" type="frg">#857a6c</contenuImg>
            <contenuImg b="74" coul="1" g="85" ordre="3" r="151" source="colorific" type="frg">#97554a</contenuImg>
            <contenuImg b="70" coul="1" g="73" ordre="2" r="81" source="colorific" type="frg">#514946</contenuImg>
            <contenuImg b="93" coul="1" g="132" ordre="1" r="162" source="colorific" type="frg">#a2845d</contenuImg>
            <contenuImg CS="1" lang="fr" source="hm" time="2019-03-17T19:44:18.097+01:00">serpent</contenuImg>
            <contenuImg CS="1.0" lang="fr" source="md">vertébré</contenuImg>
            <contenuImg CS="1.0" lang="fr" source="md">reptile</contenuImg>
            <contenuImg CS="1.0" lang="fr" source="md">animal</contenuImg>
            <txt source="google">"VETINGUEN Kdy - pove dronde ! IKON. - EC zoved - specijali kesin o brw $épochoterai Tokerotopic - padak* kocht op z' STP Xtroosa - Konto zusjenor Totetiedot upondant - xportedamas TopTusovsu ap disimet - a ny do wayo en cop al paympost - ",</txt>
            <tech source="final">dessin</tech>
            <theme source="final">13</theme>
            <tech CS="1" source="md">dessin</tech>
            <theme CS="1" source="md">13</theme>
            <contenuImg CS="1.0" lang="en" source="md">animal</contenuImg>
            <contenuImg CS="1.0" lang="en" source="md">reptile</contenuImg>
            <contenuImg CS="1.0" lang="en" source="md">verterbrate</contenuImg>
            <titraille>Nicandre</titraille>
            <contenuImg CS="1" lang="en" source="hm" time="2019-03-17T19:44:18.097+01:00">snake</contenuImg>
          </ill>
        </ills>
      </page>
      <page ordre="20">
        <blocIll ocr="1">1</blocIll>
        <ills>
          <ill couleur="coul" edit="true" h="2392" n="20-1" taille="2" w="1775" x="1" y="1">
            <contenuImg b="108" coul="1" g="117" ordre="6" r="120" source="colorific" type="frg">#78756c</contenuImg>
            <contenuImg b="73" coul="1" g="73" ordre="5" r="72" source="colorific" type="frg">#484949</contenuImg>
            <contenuImg b="68" coul="1" g="77" ordre="4" r="99" source="colorific" type="frg">#634d44</contenuImg>
            <contenuImg b="64" coul="1" g="88" ordre="3" r="132" source="colorific" type="frg">#845840</contenuImg>
            <contenuImg b="128" coul="1" g="152" ordre="2" r="157" source="colorific" type="frg">#9d9880</contenuImg>
            <contenuImg b="75" coul="1" g="116" ordre="1" r="150" source="colorific" type="frg">#96744b</contenuImg>
            <contenuImg CS="1" coul="1" lang="fr" source="hm" time="2019-03-14T19:24:03.709+01:00">rose</contenuImg>
            <contenuImg CS="1" coul="1" lang="fr" source="hm" time="2019-03-14T19:24:01.466+01:00">bleu</contenuImg>
            <contenuImg CS="1" lang="fr" source="hm" time="2019-03-17T19:44:21.357+01:00">serpent</contenuImg>
            <contenuImg CS="1.0" lang="fr" source="md">vertébré</contenuImg>
            <contenuImg CS="1.0" lang="fr" source="md">reptile</contenuImg>
            <contenuImg CS="1.0" lang="fr" source="md">animal</contenuImg>
            <txt source="google">"poblats tipackles touto - group otpor reprodekanter ou porou krokal - &amp; patlayuarathon depeno pro poffukaket - Sel ko xxor at Slovne i dostatok - S VAX Loss ur couristik bukuku - worki seviyotua to 1/xuth Bret- - PRE Normou budoubyertaa tavaly - cnic - ",</txt>
            <tech source="final">dessin</tech>
            <theme source="final">13</theme>
            <tech CS="1" source="md">dessin</tech>
            <theme CS="1" source="md">13</theme>
            <contenuImg CS="1.0" lang="en" source="md">animal</contenuImg>
            <contenuImg CS="1.0" lang="en" source="md">reptile</contenuImg>
            <contenuImg CS="1.0" lang="en" source="md">verterbrate</contenuImg>
            <titraille>Nicandre</titraille>
            <contenuImg CS="1" coul="1" lang="en" source="hm" time="2019-03-14T19:24:01.466+01:00">blue color</contenuImg>
            <contenuImg CS="1" coul="1" lang="en" source="hm" time="2019-03-14T19:24:03.709+01:00">pink color</contenuImg>
            <contenuImg CS="1" lang="en" source="hm" time="2019-03-17T19:44:21.357+01:00">snake</contenuImg>
          </ill>
        </ills>
      </page>
      <page ordre="21">
        <blocIll ocr="1">0</blocIll>
        <ills/>
      </page>
      <page ordre="22">
        <blocIll ocr="1">0</blocIll>
        <ills/>
      </page>
      <page ordre="23">
        <blocIll ocr="1">0</blocIll>
        <ills/>
      </page>
      <page ordre="24">
        <blocIll ocr="1">1</blocIll>
        <ills>
          <ill couleur="coul" edit="true" h="2368" n="24-1" taille="2" w="1829" x="1" y="1">
            <contenuImg b="108" coul="1" g="119" ordre="3" r="122" source="colorific" type="frg">#7a776c</contenuImg>
            <contenuImg b="82" coul="1" g="81" ordre="2" r="81" source="colorific" type="frg">#515152</contenuImg>
            <contenuImg b="84" coul="1" g="113" ordre="1" r="138" source="colorific" type="frg">#8a7154</contenuImg>
            <contenuImg CS="1" lang="fr" source="hm" time="2019-03-17T19:44:24.39+01:00">serpent</contenuImg>
            <contenuImg CS="1.0" lang="fr" source="md">vertébré</contenuImg>
            <contenuImg CS="1.0" lang="fr" source="md">reptile</contenuImg>
            <contenuImg CS="1.0" lang="fr" source="md">animal</contenuImg>
            <txt source="google">"wo poko djelo com roso tempo, pa dorovkovo. - coxpoeir cow Mosest äußio o da porta popinionem - fuxpo Torp op $ bolo vo wote gachoue 1 Np at: - Xporno treba sou wou 3o e doccio4. - Sexo Tolbei saa tap throwto jokow- - Eva - ",</txt>
            <tech source="final">dessin</tech>
            <theme source="final">13</theme>
            <tech CS="1" source="md">dessin</tech>
            <theme CS="1" source="md">13</theme>
            <contenuImg CS="1.0" lang="en" source="md">animal</contenuImg>
            <contenuImg CS="1.0" lang="en" source="md">reptile</contenuImg>
            <contenuImg CS="1.0" lang="en" source="md">verterbrate</contenuImg>
            <titraille>Nicandre</titraille>
            <contenuImg CS="1" lang="en" source="hm" time="2019-03-17T19:44:24.39+01:00">snake</contenuImg>
          </ill>
        </ills>
      </page>
      <page ordre="25">
        <blocIll ocr="1">0</blocIll>
        <ills/>
      </page>
      <page ordre="26">
        <blocIll ocr="1">1</blocIll>
        <ills>
          <ill couleur="coul" edit="true" filtretf="1" h="2326" n="26-1" taille="2" w="1841" x="1" y="1">
            <contenuImg b="88" coul="1" g="108" ordre="4" r="135" source="colorific" type="frg">#876c58</contenuImg>
            <contenuImg b="80" coul="1" g="91" ordre="3" r="133" source="colorific" type="frg">#855b50</contenuImg>
            <contenuImg b="73" coul="1" g="78" ordre="2" r="89" source="colorific" type="frg">#594e49</contenuImg>
            <contenuImg b="99" coul="1" g="141" ordre="1" r="173" source="colorific" type="frg">#ad8d63</contenuImg>
            <contenuImg CS="1" lang="fr" source="hm" time="2019-03-17T19:44:27.746+01:00">serpent</contenuImg>
            <contenuImg CS="1.0" lang="fr" source="md">vertébré</contenuImg>
            <contenuImg CS="1.0" lang="fr" source="md">reptile</contenuImg>
            <contenuImg CS="1.0" lang="fr" source="md">animal</contenuImg>
            <txt source="google">"wroop dat komen op zoop o lá no oras loptouttertypes - Aquartoe ook korpesisoio per le objevi tell you the coup - OUT - ",</txt>
            <tech source="final">dessin</tech>
            <genre CS="0.24" source="TensorFlow">filtrecouv</genre>
            <theme source="final">13</theme>
            <tech CS="1" source="md">dessin</tech>
            <theme CS="1" source="md">13</theme>
            <contenuImg CS="1.0" lang="en" source="md">animal</contenuImg>
            <contenuImg CS="1.0" lang="en" source="md">reptile</contenuImg>
            <contenuImg CS="1.0" lang="en" source="md">verterbrate</contenuImg>
            <titraille>Nicandre</titraille>
            <tech source="hm" time="2019-03-02T12:35:09.034+01:00">dessin</tech>
            <tech source="hm" time="2019-03-02T12:35:10.155+01:00">dessin</tech>
            <tech source="hm" time="2019-03-02T16:59:59.155+01:00">dessin</tech>
            <contenuImg CS="1" lang="en" source="hm" time="2019-03-17T19:44:27.746+01:00">snake</contenuImg>
          </ill>
        </ills>
      </page>
      <page ordre="27">
        <blocIll ocr="1">0</blocIll>
        <ills/>
      </page>
      <page ordre="28">
        <blocIll ocr="1">1</blocIll>
        <ills>
          <ill couleur="coul" edit="true" h="692" n="28-1" seg="1" source="hm" taille="2" w="1798" x="21" y="811">
            <contenuImg b="145" coul="1" g="151" ordre="4" r="154" source="colorific" type="frg">#9a9791</contenuImg>
            <contenuImg b="81" coul="1" g="88" ordre="3" r="115" source="colorific" type="frg">#735851</contenuImg>
            <contenuImg b="94" coul="1" g="89" ordre="2" r="89" source="colorific" type="frg">#59595e</contenuImg>
            <contenuImg b="110" coul="1" g="143" ordre="1" r="169" source="colorific" type="frg">#a98f6e</contenuImg>
            <contenuImg CS="1" lang="fr" source="hm" time="2019-03-17T19:44:30.834+01:00">serpent</contenuImg>
            <contenuImg CS="1.0" lang="fr" source="md">vertébré</contenuImg>
            <contenuImg CS="1.0" lang="fr" source="md">reptile</contenuImg>
            <contenuImg CS="1.0" lang="fr" source="md">animal</contenuImg>
            <txt source="google">"coma pou mpww you for a vo je bop ond y poog ourli - MLO poeta - ",</txt>
            <tech source="final">dessin</tech>
            <theme source="final">13</theme>
            <tech CS="1" source="md">dessin</tech>
            <theme CS="1" source="md">13</theme>
            <contenuImg CS="1.0" lang="en" source="md">animal</contenuImg>
            <contenuImg CS="1.0" lang="en" source="md">reptile</contenuImg>
            <contenuImg CS="1.0" lang="en" source="md">verterbrate</contenuImg>
            <titraille>Nicandre</titraille>
            <contenuImg CS="1" lang="en" source="hm" time="2019-03-17T19:44:30.834+01:00">snake</contenuImg>
          </ill>
        </ills>
      </page>
      <page ordre="29">
        <blocIll ocr="1">1</blocIll>
        <ills>
          <ill couleur="coul" h="2406" n="29-1" taille="2" w="1862" x="1" y="1">
            <contenuImg b="58" coul="1" g="64" ordre="5" r="90" source="colorific" type="frg">#5a403a</contenuImg>
            <contenuImg b="110" coul="1" g="105" ordre="4" r="102" source="colorific" type="frg">#66696e</contenuImg>
            <contenuImg b="78" coul="1" g="92" ordre="3" r="107" source="colorific" type="frg">#6b5c4e</contenuImg>
            <contenuImg b="84" coul="1" g="97" ordre="2" r="132" source="colorific" type="frg">#846154</contenuImg>
            <contenuImg b="84" coul="1" g="116" ordre="1" r="139" source="colorific" type="frg">#8b7454</contenuImg>
            <contenuImg CS="1.0" lang="fr" source="md">vertébré</contenuImg>
            <contenuImg CS="1.0" lang="fr" source="md">reptile</contenuImg>
            <contenuImg CS="1.0" lang="fr" source="md">animal</contenuImg>
            <txt source="google">"pelicuro otrooi Alefce Moppor moi op tpath - phê hou o razap bpko tapeti cu topo ou more pop cursão ci - ě vzottybop you off katawan ap france - i Nefópai je dobro oporom outro do prosto - q tapo popoln Aty in eo found touro fudova - GP bebinottu ñ ou no me apol How To op de pe don - obok oop lop bolo kabali w pois now a tó polych - Ilissoo a zoo tuyov to kurbo pushpack awan ucap. - for proob toyece' tolo a top k crouto tú tax cpham - eeze tová 20064644 cows Gulap papugopiop - out mopon or flygas kakóp dhe ai goboi top - camp de louho pesto pod kop af bíltacoolpo stolidikan to - Mojai controlyn en god op grond %} bólpaphos com - Boot boy at poppoole kodio moloya de tot tip dead - bide gooido vot kwalizontali hewane v tom od - ",</txt>
            <tech source="final">dessin</tech>
            <theme source="final">13</theme>
            <tech CS="1" source="md">dessin</tech>
            <theme CS="1" source="md">13</theme>
            <contenuImg CS="1.0" lang="en" source="md">animal</contenuImg>
            <contenuImg CS="1.0" lang="en" source="md">reptile</contenuImg>
            <contenuImg CS="1.0" lang="en" source="md">verterbrate</contenuImg>
            <titraille>Nicandre</titraille>
          </ill>
        </ills>
      </page>
      <page ordre="30">
        <blocIll ocr="1">1</blocIll>
        <ills>
          <ill couleur="coul" edit="true" h="2365" n="30-1" taille="2" w="1802" x="1" y="1">
            <contenuImg b="128" coul="1" g="137" ordre="3" r="142" source="colorific" type="frg">#8e8980</contenuImg>
            <contenuImg b="72" coul="1" g="73" ordre="2" r="74" source="colorific" type="frg">#4a4948</contenuImg>
            <contenuImg b="85" coul="1" g="115" ordre="1" r="141" source="colorific" type="frg">#8d7355</contenuImg>
            <contenuImg CS="1" lang="fr" source="hm" time="2019-03-17T19:44:34.659+01:00">serpent</contenuImg>
            <contenuImg CS="1.0" lang="fr" source="md">vertébré</contenuImg>
            <contenuImg CS="1.0" lang="fr" source="md">reptile</contenuImg>
            <contenuImg CS="1.0" lang="fr" source="md">animal</contenuImg>
            <txt source="google">"di coppó elc - al cep che sottolo poc voi l ojalo do near Me - pe papo want av popes p opular cap a ww up to ko - He won pol hopinor la Mercrcipipo pop liellopen you - teoseido o levere con il tubo do opens Nipo e - etapas dari hadi leo tang voto store jas for the chip training hill - ",</txt>
            <tech source="final">dessin</tech>
            <theme source="final">13</theme>
            <tech CS="1" source="md">dessin</tech>
            <theme CS="1" source="md">13</theme>
            <contenuImg CS="1.0" lang="en" source="md">animal</contenuImg>
            <contenuImg CS="1.0" lang="en" source="md">reptile</contenuImg>
            <contenuImg CS="1.0" lang="en" source="md">verterbrate</contenuImg>
            <titraille>Nicandre</titraille>
            <contenuImg CS="1" lang="en" source="hm" time="2019-03-17T19:44:34.659+01:00">snake</contenuImg>
          </ill>
        </ills>
      </page>
      <page ordre="31">
        <blocIll ocr="1">1</blocIll>
        <ills>
          <ill couleur="coul" edit="true" h="1154" n="31-1" seg="1" source="hm" taille="2" w="1812" x="7" y="961">
            <contenuImg b="142" coul="1" g="152" ordre="7" r="147" source="colorific" type="frg">#93988e</contenuImg>
            <contenuImg b="66" coul="1" g="67" ordre="6" r="67" source="colorific" type="frg">#434342</contenuImg>
            <contenuImg b="67" coul="1" g="78" ordre="5" r="85" source="colorific" type="frg">#554e43</contenuImg>
            <contenuImg b="105" coul="1" g="99" ordre="4" r="95" source="colorific" type="frg">#5f6369</contenuImg>
            <contenuImg b="63" coul="1" g="92" ordre="3" r="92" source="colorific" type="frg">#5c5c3f</contenuImg>
            <contenuImg b="94" coul="1" g="134" ordre="2" r="167" source="colorific" type="frg">#a7865e</contenuImg>
            <contenuImg b="169" coul="1" g="200" ordre="1" r="211" source="colorific" type="frg">#d3c8a9</contenuImg>
            <contenuImg CS="1" coul="1" lang="fr" source="hm" time="2019-03-14T19:24:14.19+01:00">bleu</contenuImg>
            <contenuImg CS="1" lang="fr" source="hm" time="2019-03-17T19:43:43.153+01:00">serpent</contenuImg>
            <contenuImg CS="1.0" lang="fr" source="md">vertébré</contenuImg>
            <contenuImg CS="1.0" lang="fr" source="md">reptile</contenuImg>
            <contenuImg CS="1.0" lang="fr" source="md">animal</contenuImg>
            <txt source="google">"bereze drijin okoselip yapo te or foot ap bera olup - wiedli rob do opš te duwe botto Ga kom - swobolowo op brutices of millioner oco fazer too - dp Norfeciom w odbier Mariscos tope por Wap o meu die opis: - oki dwarren och'p qon Kastrata y fogzomáskap - *bak mati paip k Grof ethio porúci o puc ce cup dp: Tyrebønt - aí op zou with cup co polos pelos ou pasz (-842 To fimples - attrachiopo go buy from fart at zo wot pati anda - Gorka u vo caround to a lower poi truke - p a po$ 647 - CM TAN - ",</txt>
            <tech source="final">dessin</tech>
            <theme source="final">13</theme>
            <tech CS="1" source="md">dessin</tech>
            <theme CS="1" source="md">13</theme>
            <contenuImg CS="1.0" lang="en" source="md">animal</contenuImg>
            <contenuImg CS="1.0" lang="en" source="md">reptile</contenuImg>
            <contenuImg CS="1.0" lang="en" source="md">verterbrate</contenuImg>
            <titraille>Nicandre</titraille>
            <contenuImg CS="1" coul="1" lang="en" source="hm" time="2019-03-14T19:24:14.19+01:00">blue color</contenuImg>
            <contenuImg CS="1" lang="en" source="hm" time="2019-03-17T19:43:43.153+01:00">snake</contenuImg>
          </ill>
        </ills>
      </page>
      <page ordre="32">
        <blocIll ocr="1">0</blocIll>
        <ills/>
      </page>
      <page ordre="33">
        <blocIll ocr="1">1</blocIll>
        <ills>
          <ill couleur="coul" edit="true" h="2406" n="33-1" taille="2" w="1829" x="1" y="1">
            <contenuImg b="90" coul="1" g="118" ordre="4" r="149" source="colorific" type="frg">#95765a</contenuImg>
            <contenuImg b="58" coul="1" g="65" ordre="3" r="74" source="colorific" type="frg">#4a413a</contenuImg>
            <contenuImg b="70" coul="1" g="82" ordre="2" r="117" source="colorific" type="frg">#755246</contenuImg>
            <contenuImg b="117" coul="1" g="159" ordre="1" r="186" source="colorific" type="frg">#ba9f75</contenuImg>
            <contenuImg CS="1" coul="1" lang="fr" source="hm" time="2019-03-14T19:24:11.695+01:00">jaune</contenuImg>
            <contenuImg CS="1" lang="fr" source="hm" time="2019-03-17T19:43:50.092+01:00">serpent</contenuImg>
            <contenuImg CS="1.0" lang="fr" source="md">vertébré</contenuImg>
            <contenuImg CS="1.0" lang="fr" source="md">reptile</contenuImg>
            <contenuImg CS="1.0" lang="fr" source="md">animal</contenuImg>
            <txt source="google">"1 - p funtovec kaköpa bo vyuo ver y creare - powerny d'ascetup populi Tupou ou to puérplatth. - Natokol it wwwhict pozw efort och piang: - bo - moze - ",</txt>
            <tech source="final">dessin</tech>
            <theme source="final">13</theme>
            <tech CS="1" source="md">dessin</tech>
            <theme CS="1" source="md">13</theme>
            <contenuImg CS="1.0" lang="en" source="md">animal</contenuImg>
            <contenuImg CS="1.0" lang="en" source="md">reptile</contenuImg>
            <contenuImg CS="1.0" lang="en" source="md">verterbrate</contenuImg>
            <titraille>Nicandre</titraille>
            <contenuImg CS="1" coul="1" lang="en" source="hm" time="2019-03-14T19:24:11.695+01:00">yellow color</contenuImg>
            <contenuImg CS="1" lang="en" source="hm" time="2019-03-17T19:43:50.092+01:00">snake</contenuImg>
          </ill>
        </ills>
      </page>
      <page ordre="34">
        <blocIll ocr="1">1</blocIll>
        <ills>
          <ill couleur="coul" edit="true" filtretf="1" h="2386" n="34-1" taille="2" w="1796" x="1" y="1">
            <contenuImg b="187" coul="1" g="204" ordre="5" r="210" source="colorific" type="frg">#d2ccbb</contenuImg>
            <contenuImg b="65" coul="1" g="100" ordre="4" r="140" source="colorific" type="frg">#8c6441</contenuImg>
            <contenuImg b="104" coul="1" g="103" ordre="3" r="102" source="colorific" type="frg">#666768</contenuImg>
            <contenuImg b="64" coul="1" g="69" ordre="2" r="76" source="colorific" type="frg">#4c4540</contenuImg>
            <contenuImg b="90" coul="1" g="138" ordre="1" r="172" source="colorific" type="frg">#ac8a5a</contenuImg>
            <contenuImg CS="1" lang="fr" source="hm" time="2019-03-17T19:43:53.297+01:00">serpent</contenuImg>
            <contenuImg CS="1.0" lang="fr" source="md">vertébré</contenuImg>
            <contenuImg CS="1.0" lang="fr" source="md">reptile</contenuImg>
            <contenuImg CS="1.0" lang="fr" source="md">animal</contenuImg>
            <txt source="google">"pubxp cu pere 3 start dobou - Ek stiah -kaki dia mapy - i s csakhapor robpicofkawala - Wat geplaapwe byb este tippek - este de - culturale - pipit leo ut many tour - Emile beste i to tot 'Adhanorizari si plecione - stor Torpix meblji Coupe files reti - oor to share your bé 4 kot pan top in op - ang pro lov mot tv Dubapa aromaths le sepho - tab pears to do - kui tottfr. - bi se datore - - brick pepo - ved 2001 vjetlu koputo dati osebne - tepevapor - ",</txt>
            <tech source="final">dessin</tech>
            <genre CS="0.30" source="TensorFlow">filtrecouv</genre>
            <theme source="final">13</theme>
            <tech CS="1" source="md">dessin</tech>
            <theme CS="1" source="md">13</theme>
            <contenuImg CS="1.0" lang="en" source="md">animal</contenuImg>
            <contenuImg CS="1.0" lang="en" source="md">reptile</contenuImg>
            <contenuImg CS="1.0" lang="en" source="md">verterbrate</contenuImg>
            <titraille>Nicandre</titraille>
            <tech source="hm" time="2019-03-02T12:35:18.394+01:00">dessin</tech>
            <tech source="hm" time="2019-03-02T17:00:06.319+01:00">dessin</tech>
            <contenuImg CS="1" lang="en" source="hm" time="2019-03-17T19:43:53.297+01:00">snake</contenuImg>
          </ill>
        </ills>
      </page>
      <page ordre="35">
        <blocIll ocr="1">1</blocIll>
        <ills>
          <ill couleur="coul" edit="true" h="2418" n="35-1" taille="2" w="1865" x="1" y="1">
            <contenuImg b="120" coul="1" g="142" ordre="5" r="153" source="colorific" type="frg">#998e78</contenuImg>
            <contenuImg b="61" coul="1" g="85" ordre="4" r="121" source="colorific" type="frg">#79553d</contenuImg>
            <contenuImg b="62" coul="1" g="69" ordre="3" r="83" source="colorific" type="frg">#53453e</contenuImg>
            <contenuImg b="93" coul="1" g="97" ordre="2" r="97" source="colorific" type="frg">#61615d</contenuImg>
            <contenuImg b="82" coul="1" g="120" ordre="1" r="158" source="colorific" type="frg">#9e7852</contenuImg>
            <contenuImg CS="1" lang="fr" source="hm" time="2019-03-17T19:43:56.484+01:00">serpent</contenuImg>
            <contenuImg CS="1.0" lang="fr" source="md">vertébré</contenuImg>
            <contenuImg CS="1.0" lang="fr" source="md">reptile</contenuImg>
            <contenuImg CS="1.0" lang="fr" source="md">animal</contenuImg>
            <txt source="google">"dudie buna - Tolok buefirucu poko je to pozno red to work - di for susikaupimop sú ý volaplia y te perd phy, - mapishi youpapes ca pop 20 of - t h e sopo ya baji ak toe kry - pa mu po mozebi e uwapora te je u bociale - profobow Bop to woo workpl grau de oud tom in som - the battledov pas a poquear o atis lipou - kotek ne do poelik owenye suport cabo zopelo - fp woo-dokud tayo paring op te em to not - pertolokokkino e gp Gpor litrov - Super Mariahkoptower template porte - kou a tampon to hookerpedia doje tajomny - wyp o pis apicou recuerpebep olama - 7 - ",</txt>
            <tech source="final">dessin</tech>
            <theme source="final">13</theme>
            <tech CS="1" source="md">dessin</tech>
            <theme CS="1" source="md">13</theme>
            <contenuImg CS="1.0" lang="en" source="md">animal</contenuImg>
            <contenuImg CS="1.0" lang="en" source="md">reptile</contenuImg>
            <contenuImg CS="1.0" lang="en" source="md">verterbrate</contenuImg>
            <titraille>Nicandre</titraille>
            <contenuImg CS="1" lang="en" source="hm" time="2019-03-17T19:43:56.484+01:00">snake</contenuImg>
          </ill>
        </ills>
      </page>
      <page ordre="36">
        <blocIll ocr="1">1</blocIll>
        <ills>
          <ill couleur="coul" edit="true" h="885" n="36-1" seg="1" source="hm" taille="2" w="1585" x="166" y="476">
            <contenuImg b="97" coul="1" g="136" ordre="2" r="171" source="colorific" type="frg">#ab8861</contenuImg>
            <contenuImg b="86" coul="1" g="99" ordre="1" r="119" source="colorific" type="frg">#776356</contenuImg>
            <contenuImg CS="1" lang="fr" source="hm" time="2019-03-17T19:43:59.695+01:00">serpent</contenuImg>
            <contenuImg CS="1.0" lang="fr" source="md">vertébré</contenuImg>
            <contenuImg CS="1.0" lang="fr" source="md">reptile</contenuImg>
            <contenuImg CS="1.0" lang="fr" source="md">animal</contenuImg>
            <txt source="google">"OVER TID = 6 - ce - ckV TOM - from capefrormosph - Mierkaioke tusely two - de todas a idep - de obras - una plaje - pracop Artoku poyetem, podporo ya pherom krou - e ke - YOY otro lado - kes timeposho on art po porou. - alty - ",</txt>
            <tech source="final">dessin</tech>
            <theme source="final">13</theme>
            <tech CS="1" source="md">dessin</tech>
            <theme CS="1" source="md">13</theme>
            <contenuImg CS="1.0" lang="en" source="md">animal</contenuImg>
            <contenuImg CS="1.0" lang="en" source="md">reptile</contenuImg>
            <contenuImg CS="1.0" lang="en" source="md">verterbrate</contenuImg>
            <titraille>Nicandre</titraille>
            <contenuImg CS="1" lang="en" source="hm" time="2019-03-17T19:43:59.695+01:00">snake</contenuImg>
          </ill>
        </ills>
      </page>
      <page ordre="37">
        <blocIll ocr="1">1</blocIll>
        <ills>
          <ill couleur="coul" h="2430" n="37-1" taille="2" w="1886" x="1" y="1">
            <contenuImg b="67" coul="1" g="89" ordre="4" r="131" source="colorific" type="frg">#835943</contenuImg>
            <contenuImg b="69" coul="1" g="98" ordre="3" r="104" source="colorific" type="frg">#686245</contenuImg>
            <contenuImg b="72" coul="1" g="75" ordre="2" r="78" source="colorific" type="frg">#4e4b48</contenuImg>
            <contenuImg b="92" coul="1" g="128" ordre="1" r="163" source="colorific" type="frg">#a3805c</contenuImg>
            <contenuImg CS="1.0" lang="fr" source="md">vertébré</contenuImg>
            <contenuImg CS="1.0" lang="fr" source="md">reptile</contenuImg>
            <contenuImg CS="1.0" lang="fr" source="md">animal</contenuImg>
            <txt source="google">"Avis - 6 Ad - A40C - AOC - KX - AVBA - TON - Gobelp d'atki ubov ğ yo colpi fpary kop zespot! - Thor kerecik av forsko orouom us topi them and fourche - ja praedics i autol o zápi Tp6f l Mother one - kou podlep loro raptop or trace ou de piso - Top metu Strucov dopo e vorbe p froitoon - op theo bp crospo so potou juslingoportjoo paano - à top op hay doty koepecérou ka Topo jer - 12 op bpw apapulpot to play bpkri frú tento - Alcázoop To motor kor Herr bpiloursuite Eta - ",</txt>
            <tech source="final">dessin</tech>
            <theme source="final">13</theme>
            <tech CS="1" source="md">dessin</tech>
            <theme CS="1" source="md">13</theme>
            <contenuImg CS="1.0" lang="en" source="md">animal</contenuImg>
            <contenuImg CS="1.0" lang="en" source="md">reptile</contenuImg>
            <contenuImg CS="1.0" lang="en" source="md">verterbrate</contenuImg>
            <titraille>Nicandre</titraille>
          </ill>
        </ills>
      </page>
      <page ordre="38">
        <blocIll ocr="1">1</blocIll>
        <ills>
          <ill couleur="coul" edit="true" h="2383" n="38-1" taille="2" w="1838" x="1" y="1">
            <contenuImg b="103" coul="1" g="130" ordre="7" r="180" source="colorific" type="frg">#b48267</contenuImg>
            <contenuImg b="73" coul="1" g="82" ordre="6" r="146" source="colorific" type="frg">#925249</contenuImg>
            <contenuImg b="83" coul="1" g="84" ordre="5" r="83" source="colorific" type="frg">#535453</contenuImg>
            <contenuImg b="65" coul="1" g="77" ordre="4" r="93" source="colorific" type="frg">#5d4d41</contenuImg>
            <contenuImg b="116" coul="1" g="123" ordre="3" r="124" source="colorific" type="frg">#7c7b74</contenuImg>
            <contenuImg b="62" coul="1" g="85" ordre="2" r="92" source="colorific" type="frg">#5c553e</contenuImg>
            <contenuImg b="96" coul="1" g="132" ordre="1" r="163" source="colorific" type="frg">#a38460</contenuImg>
            <contenuImg CS="1" lang="fr" source="hm" time="2019-03-17T19:44:03.413+01:00">serpent</contenuImg>
            <contenuImg CS="1.0" lang="fr" source="md">vertébré</contenuImg>
            <contenuImg CS="1.0" lang="fr" source="md">reptile</contenuImg>
            <contenuImg CS="1.0" lang="fr" source="md">animal</contenuImg>
            <txt source="google">"diki Blon - lijeey lead top anyorogtoop toe oop poród track - so worehod so / Sost 2014 es pot pu sepete op soil - Berlich isto volokart prostory of fortepeo ajous - -707 To nó po warto 14 vonatopion pouf odov pocakot - ",</txt>
            <tech source="final">dessin</tech>
            <theme source="final">13</theme>
            <tech CS="1" source="md">dessin</tech>
            <theme CS="1" source="md">13</theme>
            <contenuImg CS="1.0" lang="en" source="md">animal</contenuImg>
            <contenuImg CS="1.0" lang="en" source="md">reptile</contenuImg>
            <contenuImg CS="1.0" lang="en" source="md">verterbrate</contenuImg>
            <titraille>Nicandre</titraille>
            <contenuImg CS="1" lang="en" source="hm" time="2019-03-17T19:44:03.413+01:00">snake</contenuImg>
          </ill>
        </ills>
      </page>
      <page ordre="39">
        <blocIll ocr="1">1</blocIll>
        <ills>
          <ill couleur="coul" h="2394" n="39-1" taille="2" w="1892" x="1" y="1">
            <contenuImg b="57" coul="1" g="66" ordre="6" r="70" source="colorific" type="frg">#464239</contenuImg>
            <contenuImg b="67" coul="1" g="92" ordre="5" r="148" source="colorific" type="frg">#945c43</contenuImg>
            <contenuImg b="74" coul="1" g="101" ordre="4" r="107" source="colorific" type="frg">#6b654a</contenuImg>
            <contenuImg b="87" coul="1" g="122" ordre="3" r="156" source="colorific" type="frg">#9c7a57</contenuImg>
            <contenuImg b="182" coul="1" g="205" ordre="2" r="212" source="colorific" type="frg">#d4cdb6</contenuImg>
            <contenuImg b="131" coul="1" g="176" ordre="1" r="199" source="colorific" type="frg">#c7b083</contenuImg>
            <contenuImg CS="1.0" lang="fr" source="md">vertébré</contenuImg>
            <contenuImg CS="1.0" lang="fr" source="md">reptile</contenuImg>
            <contenuImg CS="1.0" lang="fr" source="md">animal</contenuImg>
            <txt source="google">"then la toimetuse they coulye ve two playcom - Crepes kraapk ga opisy broegta arres - odu z jeby Mois too po zlora bytes - etis on - kua ka loro opt at pinar - opp into ou foto autoilless - ",</txt>
            <tech source="final">dessin</tech>
            <theme source="final">13</theme>
            <tech CS="1" source="md">dessin</tech>
            <theme CS="1" source="md">13</theme>
            <contenuImg CS="1.0" lang="en" source="md">animal</contenuImg>
            <contenuImg CS="1.0" lang="en" source="md">reptile</contenuImg>
            <contenuImg CS="1.0" lang="en" source="md">verterbrate</contenuImg>
            <titraille>Nicandre</titraille>
          </ill>
        </ills>
      </page>
      <page ordre="40">
        <blocIll ocr="1">0</blocIll>
        <ills/>
      </page>
      <page ordre="41">
        <blocIll ocr="1">1</blocIll>
        <ills>
          <ill couleur="coul" h="2451" n="41-1" taille="2" w="1940" x="1" y="1">
            <contenuImg b="87" coul="1" g="102" ordre="3" r="106" source="colorific" type="frg">#6a6657</contenuImg>
            <contenuImg b="74" coul="1" g="93" ordre="2" r="121" source="colorific" type="frg">#795d4a</contenuImg>
            <contenuImg b="119" coul="1" g="146" ordre="1" r="168" source="colorific" type="frg">#a89277</contenuImg>
            <contenuImg CS="1.0" lang="fr" source="md">vertébré</contenuImg>
            <contenuImg CS="1.0" lang="fr" source="md">reptile</contenuImg>
            <contenuImg CS="1.0" lang="fr" source="md">animal</contenuImg>
            <txt source="google">"li ovyoli xiporo 1104p on work bo o in the - kópka po plimbarepak die problema Lipa - bifuplo - hivatleasi lipal coop op &amp; rayop ampe 1 certy - orrus o povzetodyld oy powpop as a - ct po guest o to grabat kabelio bori 4 óf we wpau nav - oro propóta voto watatkapiot paspaow Loty - 6 oo pusú hy of püreed more, Mt Paulky aj flame - rip op door flocons zo op a wyoso trhu - top hbpier pour le co to Atku capital - wo 14 x Growot saprotasi Cot kuwi upay - TOP HENION - ",</txt>
            <tech source="final">dessin</tech>
            <theme source="final">13</theme>
            <tech CS="1" source="md">dessin</tech>
            <theme CS="1" source="md">13</theme>
            <contenuImg CS="1.0" lang="en" source="md">animal</contenuImg>
            <contenuImg CS="1.0" lang="en" source="md">reptile</contenuImg>
            <contenuImg CS="1.0" lang="en" source="md">verterbrate</contenuImg>
            <titraille>Nicandre</titraille>
          </ill>
        </ills>
      </page>
      <page ordre="42">
        <blocIll ocr="1">1</blocIll>
        <ills>
          <ill couleur="coul" h="2350" n="42-1" taille="2" w="1917" x="1" y="1">
            <contenuImg b="116" coul="1" g="117" ordre="3" r="119" source="colorific" type="frg">#777574</contenuImg>
            <contenuImg b="61" coul="1" g="72" ordre="2" r="100" source="colorific" type="frg">#64483d</contenuImg>
            <contenuImg b="112" coul="1" g="133" ordre="1" r="151" source="colorific" type="frg">#978570</contenuImg>
            <contenuImg CS="1.0" lang="fr" source="md">vertébré</contenuImg>
            <contenuImg CS="1.0" lang="fr" source="md">reptile</contenuImg>
            <contenuImg CS="1.0" lang="fr" source="md">animal</contenuImg>
            <txt source="google">"ww dog fupi pas op Go oni tool pupos polo - by to Nós je o zot faci ok to odio dito mbi 2000 - your apportoikom ik op Ad op zotohor - wow pomoh turto polf's te glopi zero diperkope carei p4 - Will Gophicotto, co pris je lice cor of formou - ",</txt>
            <tech source="final">dessin</tech>
            <theme source="final">13</theme>
            <tech CS="1" source="md">dessin</tech>
            <theme CS="1" source="md">13</theme>
            <contenuImg CS="1.0" lang="en" source="md">animal</contenuImg>
            <contenuImg CS="1.0" lang="en" source="md">reptile</contenuImg>
            <contenuImg CS="1.0" lang="en" source="md">verterbrate</contenuImg>
            <titraille>Nicandre</titraille>
          </ill>
        </ills>
      </page>
      <page ordre="43">
        <blocIll ocr="1">0</blocIll>
        <ills/>
      </page>
      <page ordre="44">
        <blocIll ocr="1">0</blocIll>
        <ills/>
      </page>
      <page ordre="45">
        <blocIll ocr="1">0</blocIll>
        <ills/>
      </page>
      <page ordre="46">
        <blocIll ocr="1">0</blocIll>
        <ills/>
      </page>
      <page ordre="47">
        <blocIll ocr="1">0</blocIll>
        <ills/>
      </page>
      <page ordre="48">
        <blocIll ocr="1">1</blocIll>
        <ills>
          <ill couleur="coul" edit="true" filtretf="1" h="2374" n="48-1" taille="2" w="1869" x="1" y="1">
            <contenuImg b="61" coul="1" g="71" ordre="4" r="75" source="colorific" type="frg">#4b473d</contenuImg>
            <contenuImg b="97" coul="1" g="122" ordre="3" r="131" source="colorific" type="frg">#837a61</contenuImg>
            <contenuImg b="59" coul="1" g="81" ordre="2" r="111" source="colorific" type="frg">#6f513b</contenuImg>
            <contenuImg b="171" coul="1" g="197" ordre="1" r="209" source="colorific" type="frg">#d1c5ab</contenuImg>
            <contenuImg CS="1.0" lang="fr" source="md">vertébré</contenuImg>
            <contenuImg CS="1.0" lang="fr" source="md">reptile</contenuImg>
            <contenuImg CS="1.0" lang="fr" source="md">animal</contenuImg>
            <txt source="google">"glory do kúsok eest vopoholick top oy our de mim - opp dovodi do topórz wekop är okuroro Meio moly. - Kapya, chovlando deportivo Tosvetinguth - this c/ automo Tomoy som op de appearpods - Supoodüzere yolo al suo veló your blood - plisoittot liehu póny orki papoor Kit aj'saw - Shoto tap X74600 Koer to hamarably the mos u bds - mythiskybasi okolbóp daskozoroup is sup - is pliegos are you. tor of the ai o pick your - i det - klart oop te steroizpod op die drempelt on - to y tou abomory of the cost obord Klapio fpirado - REMENO - ",</txt>
            <tech source="final">dessin</tech>
            <genre CS="0.59" source="TensorFlow">filtrecouv</genre>
            <theme source="final">13</theme>
            <tech CS="1" source="md">dessin</tech>
            <theme CS="1" source="md">13</theme>
            <contenuImg CS="1.0" lang="en" source="md">animal</contenuImg>
            <contenuImg CS="1.0" lang="en" source="md">reptile</contenuImg>
            <contenuImg CS="1.0" lang="en" source="md">verterbrate</contenuImg>
            <titraille>Nicandre</titraille>
            <tech source="hm" time="2019-03-02T12:35:21.312+01:00">dessin</tech>
          </ill>
        </ills>
      </page>
      <page ordre="49">
        <blocIll ocr="1">1</blocIll>
        <ills>
          <ill couleur="coul" h="2385" n="49-1" taille="2" w="1880" x="1" y="1">
            <contenuImg b="130" coul="1" g="133" ordre="5" r="137" source="colorific" type="frg">#898582</contenuImg>
            <contenuImg b="76" coul="1" g="80" ordre="4" r="82" source="colorific" type="frg">#52504c</contenuImg>
            <contenuImg b="66" coul="1" g="86" ordre="3" r="110" source="colorific" type="frg">#6e5642</contenuImg>
            <contenuImg b="130" coul="1" g="147" ordre="2" r="158" source="colorific" type="frg">#9e9382</contenuImg>
            <contenuImg b="73" coul="1" g="114" ordre="1" r="154" source="colorific" type="frg">#9a7249</contenuImg>
            <contenuImg CS="1.0" lang="fr" source="md">vertébré</contenuImg>
            <contenuImg CS="1.0" lang="fr" source="md">reptile</contenuImg>
            <contenuImg CS="1.0" lang="fr" source="md">animal</contenuImg>
            <txt source="google">"despator i s four - bu atpaz - horsepp - slik - buktprobe plek - op - ",</txt>
            <tech source="final">dessin</tech>
            <theme source="final">13</theme>
            <tech CS="1" source="md">dessin</tech>
            <theme CS="1" source="md">13</theme>
            <contenuImg CS="1.0" lang="en" source="md">animal</contenuImg>
            <contenuImg CS="1.0" lang="en" source="md">reptile</contenuImg>
            <contenuImg CS="1.0" lang="en" source="md">verterbrate</contenuImg>
            <titraille>Nicandre</titraille>
          </ill>
        </ills>
      </page>
      <page ordre="50">
        <blocIll ocr="1">1</blocIll>
        <ills>
          <ill couleur="coul" h="2401" n="50-1" taille="2" w="1845" x="1" y="1">
            <contenuImg b="64" coul="1" g="71" ordre="2" r="104" source="colorific" type="frg">#684740</contenuImg>
            <contenuImg b="92" coul="1" g="118" ordre="1" r="144" source="colorific" type="frg">#90765c</contenuImg>
            <contenuImg CS="1.0" lang="fr" source="md">vertébré</contenuImg>
            <contenuImg CS="1.0" lang="fr" source="md">reptile</contenuImg>
            <contenuImg CS="1.0" lang="fr" source="md">animal</contenuImg>
            <txt source="google">"lieteary Nattborcode but will be paak telovar - Spojra.com to pop pe oyas puapo boji Nokiais - aixo opozoros flere da que croco 140 x - of opeo pap dpax rate of duco kouteenbounide - Statek opp de gunlop Gyorpo - Kata Aspebibitpit u zlapradko - REALNH - ",</txt>
            <tech source="final">dessin</tech>
            <theme source="final">13</theme>
            <tech CS="1" source="md">dessin</tech>
            <theme CS="1" source="md">13</theme>
            <contenuImg CS="1.0" lang="en" source="md">animal</contenuImg>
            <contenuImg CS="1.0" lang="en" source="md">reptile</contenuImg>
            <contenuImg CS="1.0" lang="en" source="md">verterbrate</contenuImg>
            <titraille>Nicandre</titraille>
          </ill>
        </ills>
      </page>
      <page ordre="51">
        <blocIll ocr="1">1</blocIll>
        <ills>
          <ill couleur="coul" edit="true" h="1210" n="51-1" seg="1" source="hm" taille="2" w="1358" x="257" y="647">
            <contenuImg b="91" coul="1" g="104" ordre="5" r="126" source="colorific" type="frg">#7e685b</contenuImg>
            <contenuImg b="61" coul="1" g="64" ordre="4" r="84" source="colorific" type="frg">#54403d</contenuImg>
            <contenuImg b="104" coul="1" g="121" ordre="3" r="165" source="colorific" type="frg">#a57968</contenuImg>
            <contenuImg b="107" coul="1" g="110" ordre="2" r="152" source="colorific" type="frg">#986e6b</contenuImg>
            <contenuImg b="136" coul="1" g="155" ordre="1" r="177" source="colorific" type="frg">#b19b88</contenuImg>
            <contenuImg CS="1" coul="1" lang="fr" source="hm" time="2019-03-14T19:24:34.063+01:00">rose</contenuImg>
            <contenuImg CS="1.0" lang="fr" source="md">vertébré</contenuImg>
            <contenuImg CS="1.0" lang="fr" source="md">reptile</contenuImg>
            <contenuImg CS="1.0" lang="fr" source="md">animal</contenuImg>
            <txt source="google">"Liesburgh Lekpotdator konf oteli Gibmas ato fatto - ed auch kebay foy se toros cert bakeca popor - Sikron - 48 byt ve ktovi mpoo Koleo puodesto por obud - oko todo parte da masa k boltologery Gillah - TW torek o samo rou du to win - ",</txt>
            <tech source="final">dessin</tech>
            <theme source="final">13</theme>
            <tech CS="1" source="md">dessin</tech>
            <theme CS="1" source="md">13</theme>
            <contenuImg CS="1.0" lang="en" source="md">animal</contenuImg>
            <contenuImg CS="1.0" lang="en" source="md">reptile</contenuImg>
            <contenuImg CS="1.0" lang="en" source="md">verterbrate</contenuImg>
            <titraille>Nicandre</titraille>
            <contenuImg CS="1" lang="en" source="hm" time="2019-03-14T19:24:30.357+01:00">scorpio</contenuImg>
            <contenuImg CS="1" coul="1" lang="en" source="hm" time="2019-03-14T19:24:34.063+01:00">pink color</contenuImg>
            <contenuImg CS="1" lang="en" source="hm" time="2019-03-17T19:41:52.337+01:00">scorpio</contenuImg>
            <contenuImg CS="1" coul="1" lang="en" source="hm" time="2019-03-17T19:42:32.4+01:00">pink color</contenuImg>
          </ill>
        </ills>
      </page>
      <page ordre="52">
        <blocIll ocr="1">2</blocIll>
        <ills>
          <ill couleur="coul" edit="true" h="682" n="52-1" seg="1" source="hm" taille="2" w="1306" x="368" y="561">
            <contenuImg b="60" coul="1" g="67" ordre="5" r="90" source="colorific" type="frg">#5a433c</contenuImg>
            <contenuImg b="111" coul="1" g="143" ordre="4" r="195" source="colorific" type="frg">#c38f6f</contenuImg>
            <contenuImg b="98" coul="1" g="132" ordre="3" r="163" source="colorific" type="frg">#a38462</contenuImg>
            <contenuImg b="75" coul="1" g="91" ordre="2" r="135" source="colorific" type="frg">#875b4b</contenuImg>
            <contenuImg b="67" coul="1" g="83" ordre="1" r="163" source="colorific" type="frg">#a35343</contenuImg>
            <contenuImg CS="1" coul="1" lang="fr" source="hm" time="2019-03-17T19:42:35.988+01:00">rouge</contenuImg>
            <contenuImg CS="1" coul="1" lang="fr" source="hm" time="2019-03-14T19:24:52.473+01:00">bleu</contenuImg>
            <contenuImg CS="1" coul="1" lang="fr" source="hm" time="2019-03-14T19:24:43.688+01:00">orange</contenuImg>
            <contenuImg CS="1.0" lang="fr" source="md">vertébré</contenuImg>
            <contenuImg CS="1.0" lang="fr" source="md">reptile</contenuImg>
            <contenuImg CS="1.0" lang="fr" source="md">animal</contenuImg>
            <txt source="google">"upora od Europa i crty to op Kattraz ato kaw crop - de pacot paid to co by to masterpiecápousty asian - di amoupí wel tot koop otpora un toro pepfu - ar koc - uendo - autopögt]. So far supoedopleidis jos pop bou tout - by Mpi s tolas one sa poucos polo wody - yodda to sa mai Cuop sipashi - ",</txt>
            <tech source="final">dessin</tech>
            <theme source="final">13</theme>
            <tech CS="1" source="md">dessin</tech>
            <theme CS="1" source="md">13</theme>
            <contenuImg CS="1.0" lang="en" source="md">animal</contenuImg>
            <contenuImg CS="1.0" lang="en" source="md">reptile</contenuImg>
            <contenuImg CS="1.0" lang="en" source="md">verterbrate</contenuImg>
            <titraille>Nicandre</titraille>
            <contenuImg CS="1" coul="1" lang="en" source="hm" time="2019-03-14T19:24:43.688+01:00">orange color</contenuImg>
            <contenuImg CS="1" lang="en" source="hm" time="2019-03-14T19:24:50.066+01:00">scorpio</contenuImg>
            <contenuImg CS="1" coul="1" lang="en" source="hm" time="2019-03-14T19:24:52.473+01:00">blue color</contenuImg>
            <contenuImg CS="1" lang="en" source="hm" time="2019-03-17T19:42:00.741+01:00">scorpio</contenuImg>
            <contenuImg CS="1" coul="1" lang="en" source="hm" time="2019-03-17T19:42:35.988+01:00">red color</contenuImg>
          </ill>
          <ill couleur="coul" edit="true" h="600" n="52-2" seg="1" source="hm" taille="2" w="1168" x="502" y="1248">
            <contenuImg b="99" coul="1" g="121" ordre="2" r="132" source="colorific" type="frg">#847963</contenuImg>
            <contenuImg b="92" coul="1" g="93" ordre="1" r="93" source="colorific" type="frg">#5d5d5c</contenuImg>
            <contenuImg CS="1" coul="1" lang="fr" source="hm" time="2019-03-17T19:42:35.988+01:00">rouge</contenuImg>
            <contenuImg CS="1" coul="1" lang="fr" source="hm" time="2019-03-14T19:24:52.473+01:00">bleu</contenuImg>
            <contenuImg CS="1" coul="1" lang="fr" source="hm" time="2019-03-14T19:24:43.688+01:00">orange</contenuImg>
            <contenuImg CS="1.0" lang="fr" source="md">vertébré</contenuImg>
            <contenuImg CS="1.0" lang="fr" source="md">reptile</contenuImg>
            <contenuImg CS="1.0" lang="fr" source="md">animal</contenuImg>
            <txt source="google">"upora od Europa i crty to op Kattraz ato kaw crop - de pacot paid to co by to masterpiecápousty asian - di amoupí wel tot koop otpora un toro pepfu - ar koc - uendo - autopögt]. So far supoedopleidis jos pop bou tout - by Mpi s tolas one sa poucos polo wody - yodda to sa mai Cuop sipashi - ",</txt>
            <tech source="final">dessin</tech>
            <theme source="final">13</theme>
            <tech CS="1" source="md">dessin</tech>
            <theme CS="1" source="md">13</theme>
            <contenuImg CS="1.0" lang="en" source="md">animal</contenuImg>
            <contenuImg CS="1.0" lang="en" source="md">reptile</contenuImg>
            <contenuImg CS="1.0" lang="en" source="md">verterbrate</contenuImg>
            <titraille>Nicandre</titraille>
            <contenuImg CS="1" coul="1" lang="en" source="hm" time="2019-03-14T19:24:43.688+01:00">orange color</contenuImg>
            <contenuImg CS="1" lang="en" source="hm" time="2019-03-14T19:24:50.066+01:00">scorpio</contenuImg>
            <contenuImg CS="1" coul="1" lang="en" source="hm" time="2019-03-14T19:24:52.473+01:00">blue color</contenuImg>
            <contenuImg CS="1" lang="en" source="hm" time="2019-03-17T19:42:00.741+01:00">scorpio</contenuImg>
            <contenuImg CS="1" coul="1" lang="en" source="hm" time="2019-03-17T19:42:35.988+01:00">red color</contenuImg>
          </ill>
        </ills>
      </page>
      <page ordre="53">
        <blocIll ocr="1">1</blocIll>
        <ills>
          <ill couleur="coul" edit="true" h="2391" n="53-1" taille="2" w="1889" x="1" y="1">
            <contenuImg b="73" coul="1" g="80" ordre="3" r="100" source="colorific" type="frg">#645049</contenuImg>
            <contenuImg b="96" coul="1" g="109" ordre="2" r="149" source="colorific" type="frg">#956d60</contenuImg>
            <contenuImg b="72" coul="1" g="109" ordre="1" r="148" source="colorific" type="frg">#946d48</contenuImg>
            <contenuImg CS="1" coul="1" lang="fr" source="hm" time="2019-03-14T19:24:55.215+01:00">rose</contenuImg>
            <contenuImg CS="1.0" lang="fr" source="md">vertébré</contenuImg>
            <contenuImg CS="1.0" lang="fr" source="md">reptile</contenuImg>
            <contenuImg CS="1.0" lang="fr" source="md">animal</contenuImg>
            <txt source="google">"&amp; pflawo fare zopot hot ke soldi N See toi of goala - Mtov boji polazouro s him ouod procuple - tai hoi kopeporoká zot que l M Hk bap tpor - rape pole dor by ptadores inte ta poutke boosher - He w poc - biyoord bewbuot 4064 duan daha Mapress - füpe op Miyop at ok por cisti altor - you of yoor de vreo od tv torba se zaplete - Toolus u upotrplosti folyik by vo put - ",</txt>
            <tech source="final">dessin</tech>
            <theme source="final">13</theme>
            <tech CS="1" source="md">dessin</tech>
            <theme CS="1" source="md">13</theme>
            <contenuImg CS="1.0" lang="en" source="md">animal</contenuImg>
            <contenuImg CS="1.0" lang="en" source="md">reptile</contenuImg>
            <contenuImg CS="1.0" lang="en" source="md">verterbrate</contenuImg>
            <titraille>Nicandre</titraille>
            <contenuImg CS="1" coul="1" lang="en" source="hm" time="2019-03-14T19:24:55.215+01:00">pink color</contenuImg>
            <contenuImg CS="1" lang="en" source="hm" time="2019-03-14T19:24:59.109+01:00">scorpio</contenuImg>
            <contenuImg CS="1" lang="en" source="hm" time="2019-03-17T19:42:04.174+01:00">scorpio</contenuImg>
            <contenuImg CS="1" coul="1" lang="en" source="hm" time="2019-03-17T19:42:38.821+01:00">pink color</contenuImg>
          </ill>
        </ills>
      </page>
      <page ordre="54">
        <blocIll ocr="1">1</blocIll>
        <ills>
          <ill couleur="coul" edit="true" h="2386" n="54-1" taille="2" w="1872" x="1" y="1">
            <contenuImg b="64" coul="1" g="71" ordre="3" r="84" source="colorific" type="frg">#544740</contenuImg>
            <contenuImg b="137" coul="1" g="183" ordre="2" r="208" source="colorific" type="frg">#d0b789</contenuImg>
            <contenuImg b="95" coul="1" g="132" ordre="1" r="166" source="colorific" type="frg">#a6845f</contenuImg>
            <contenuImg CS="1" coul="1" lang="fr" source="hm" time="2019-03-17T19:42:45.931+01:00">vert</contenuImg>
            <contenuImg CS="1.0" lang="fr" source="md">vertébré</contenuImg>
            <contenuImg CS="1.0" lang="fr" source="md">reptile</contenuImg>
            <contenuImg CS="1.0" lang="fr" source="md">animal</contenuImg>
            <txt source="google">"del TEAU - Top Storp op die werkeep üstelij - kaple papi rerek - ",</txt>
            <tech source="final">dessin</tech>
            <theme source="final">13</theme>
            <tech CS="1" source="md">dessin</tech>
            <theme CS="1" source="md">13</theme>
            <contenuImg CS="1.0" lang="en" source="md">animal</contenuImg>
            <contenuImg CS="1.0" lang="en" source="md">reptile</contenuImg>
            <contenuImg CS="1.0" lang="en" source="md">verterbrate</contenuImg>
            <titraille>Nicandre</titraille>
            <contenuImg CS="1" lang="en" source="hm" time="2019-03-14T19:25:08.35+01:00">scorpio</contenuImg>
            <contenuImg CS="1" lang="en" source="hm" time="2019-03-17T19:42:07.925+01:00">scorpio</contenuImg>
            <contenuImg CS="1" coul="1" lang="en" source="hm" time="2019-03-17T19:42:45.931+01:00">green color</contenuImg>
          </ill>
        </ills>
      </page>
      <page ordre="55">
        <blocIll ocr="1">1</blocIll>
        <ills>
          <ill couleur="coul" edit="true" h="785" n="55-1" seg="1" source="hm" taille="2" w="1375" x="106" y="1106">
            <contenuImg b="105" coul="1" g="138" ordre="2" r="141" source="colorific" type="frg">#8d8a69</contenuImg>
            <contenuImg b="81" coul="1" g="91" ordre="1" r="92" source="colorific" type="frg">#5c5b51</contenuImg>
            <contenuImg CS="1" coul="1" lang="fr" source="hm" time="2019-03-14T19:25:14.127+01:00">vert</contenuImg>
            <contenuImg CS="1.0" lang="fr" source="md">vertébré</contenuImg>
            <contenuImg CS="1.0" lang="fr" source="md">reptile</contenuImg>
            <contenuImg CS="1.0" lang="fr" source="md">animal</contenuImg>
            <txt source="google">"bunadpor koolhi ohy stooptome polo - Lauapúpou you have bou niech West Alycold - orice tip for oturto leprosotrofou poco - rovdi lai nou this time pou brolizomot: - hapo Kai rep van trong c olor tabiatlon - Tots des of bpúocol de 6olutpt to ixturgião - abrikad opp detty auto oni vpców orod pogodiosep. - mis dó kolod cittlepou Leslie $ to possop alin tapaproape - okoprolo 23 govorito koutopkboscosulirtips - Kapking EHC - ",</txt>
            <tech source="final">dessin</tech>
            <theme source="final">13</theme>
            <tech CS="1" source="md">dessin</tech>
            <theme CS="1" source="md">13</theme>
            <contenuImg CS="1.0" lang="en" source="md">animal</contenuImg>
            <contenuImg CS="1.0" lang="en" source="md">reptile</contenuImg>
            <contenuImg CS="1.0" lang="en" source="md">verterbrate</contenuImg>
            <titraille>Nicandre</titraille>
            <contenuImg CS="1" coul="1" lang="en" source="hm" time="2019-03-14T19:25:14.127+01:00">green color</contenuImg>
            <contenuImg CS="1" lang="en" source="hm" time="2019-03-14T19:25:19.443+01:00">scorpio</contenuImg>
            <contenuImg CS="1" lang="en" source="hm" time="2019-03-17T19:42:16.054+01:00">scorpio</contenuImg>
          </ill>
        </ills>
      </page>
      <page ordre="56">
        <blocIll ocr="1">1</blocIll>
        <ills>
          <ill couleur="coul" edit="true" h="2350" n="56-1" taille="2" w="1839" x="1" y="1">
            <contenuImg b="176" coul="1" g="193" ordre="3" r="204" source="colorific" type="frg">#ccc1b0</contenuImg>
            <contenuImg b="54" coul="1" g="65" ordre="2" r="84" source="colorific" type="frg">#544136</contenuImg>
            <contenuImg b="74" coul="1" g="110" ordre="1" r="151" source="colorific" type="frg">#976e4a</contenuImg>
            <contenuImg CS="1" coul="1" lang="fr" source="hm" time="2019-03-17T19:42:51.813+01:00">rouge</contenuImg>
            <contenuImg CS="1.0" lang="fr" source="md">vertébré</contenuImg>
            <contenuImg CS="1.0" lang="fr" source="md">reptile</contenuImg>
            <contenuImg CS="1.0" lang="fr" source="md">animal</contenuImg>
            <txt source="google">"pop Toom per Staebe - M - poteza - o t-pitreyslux trous - xabletto botyki - percopa Avrasy w blok - TO - ",</txt>
            <tech source="final">dessin</tech>
            <theme source="final">13</theme>
            <tech CS="1" source="md">dessin</tech>
            <theme CS="1" source="md">13</theme>
            <contenuImg CS="1.0" lang="en" source="md">animal</contenuImg>
            <contenuImg CS="1.0" lang="en" source="md">reptile</contenuImg>
            <contenuImg CS="1.0" lang="en" source="md">verterbrate</contenuImg>
            <titraille>Nicandre</titraille>
            <contenuImg CS="1" coul="1" lang="en" source="hm" time="2019-03-14T19:25:28.872+01:00">brown color</contenuImg>
            <contenuImg CS="1" lang="en" source="hm" time="2019-03-14T19:25:36.343+01:00">scorpio</contenuImg>
            <contenuImg CS="1" lang="en" source="hm" time="2019-03-17T19:42:20.166+01:00">scorpio</contenuImg>
            <contenuImg CS="1" coul="1" lang="en" source="hm" time="2019-03-17T19:42:51.813+01:00">red color</contenuImg>
          </ill>
        </ills>
      </page>
      <page ordre="57">
        <blocIll ocr="1">1</blocIll>
        <ills>
          <ill couleur="coul" edit="true" h="1410" n="57-1" seg="1" source="hm" taille="2" w="1644" x="7" y="803">
            <contenuImg b="62" coul="1" g="78" ordre="3" r="93" source="colorific" type="frg">#5d4e3e</contenuImg>
            <contenuImg b="104" coul="1" g="109" ordre="2" r="110" source="colorific" type="frg">#6e6d68</contenuImg>
            <contenuImg b="90" coul="1" g="129" ordre="1" r="158" source="colorific" type="frg">#9e815a</contenuImg>
            <contenuImg CS="1" lang="fr" source="hm" time="2019-03-14T19:26:03.461+01:00">insecte</contenuImg>
            <contenuImg CS="1.0" lang="fr" source="md">vertébré</contenuImg>
            <contenuImg CS="1.0" lang="fr" source="md">reptile</contenuImg>
            <contenuImg CS="1.0" lang="fr" source="md">animal</contenuImg>
            <txt source="google">"or Mispeli - d o row to avec - oin blaukos-6 potete by liaho. - të kodit kostpoi fóponto uti4 &amp; faposle - sip Mpae te zhgenomoy epitape palosport - I hoy te puts their copilaries bu bapannot - kbpmpon zone 25600 puta pa se sout. - ",</txt>
            <tech source="final">dessin</tech>
            <theme source="final">13</theme>
            <tech CS="1" source="md">dessin</tech>
            <theme CS="1" source="md">13</theme>
            <contenuImg CS="1.0" lang="en" source="md">animal</contenuImg>
            <contenuImg CS="1.0" lang="en" source="md">reptile</contenuImg>
            <contenuImg CS="1.0" lang="en" source="md">verterbrate</contenuImg>
            <titraille>Nicandre</titraille>
            <contenuImg CS="1" lang="en" source="hm" time="2019-03-14T19:26:03.461+01:00">insect</contenuImg>
          </ill>
        </ills>
      </page>
      <page ordre="58">
        <blocIll ocr="1">1</blocIll>
        <ills>
          <ill couleur="coul" edit="true" filtretf="1" h="2380" n="58-1" taille="2" w="1818" x="1" y="1">
            <contenuImg b="64" coul="1" g="83" ordre="3" r="107" source="colorific" type="frg">#6b5340</contenuImg>
            <contenuImg b="79" coul="1" g="82" ordre="2" r="84" source="colorific" type="frg">#54524f</contenuImg>
            <contenuImg b="84" coul="1" g="118" ordre="1" r="145" source="colorific" type="frg">#917654</contenuImg>
            <contenuImg CS="1" lang="fr" source="hm" time="2019-03-17T19:44:42.089+01:00">serpent</contenuImg>
            <contenuImg CS="1.0" lang="fr" source="md">vertébré</contenuImg>
            <contenuImg CS="1.0" lang="fr" source="md">reptile</contenuImg>
            <contenuImg CS="1.0" lang="fr" source="md">animal</contenuImg>
            <txt source="google">"or who desito del Mones - en Belight sprecepirockereya - ko rd potatoes op scott - plazbest corre é go prawo paplapi Beactovchi - f - r pityo rw hurt upozorozacja pojma - Jawnaeth Atout oby 6 top oko uspinarte - by zato dopoiet Sophy Tree Pics - 1 st. crescapar pop rondranoi t rojesel - li poku roro Mick up or jou deur - eta de clipeliyle sap lps concestos - Septeugendly top stop ko s ya - you like to tarp x opens - spa pho doktor de fortpouzulu - A hioteksoow korotopli pes boys bodk - qocí Buzha orque fa tíou zapowoon - Grupo para mucoup was poco i67 - oppvolaco often ürecev opo para porn - Te v so popular de la nostra poi chiedere - T ranhou open you ALTER - kaío. Netopetogheraktyor - E vo optunnetko uspose parotin - e r - Sopp GOUD zo trattorej cespicerow - CUVARINA - hu - ",</txt>
            <tech source="final">dessin</tech>
            <genre CS="0.43" source="TensorFlow">filtrecouv</genre>
            <theme source="final">13</theme>
            <tech CS="1" source="md">dessin</tech>
            <theme CS="1" source="md">13</theme>
            <contenuImg CS="1.0" lang="en" source="md">animal</contenuImg>
            <contenuImg CS="1.0" lang="en" source="md">reptile</contenuImg>
            <contenuImg CS="1.0" lang="en" source="md">verterbrate</contenuImg>
            <titraille>Nicandre</titraille>
            <tech source="hm" time="2019-03-02T17:00:08.849+01:00">dessin</tech>
            <contenuImg CS="1" lang="en" source="hm" time="2019-03-17T19:44:42.089+01:00">snake</contenuImg>
          </ill>
        </ills>
      </page>
      <page ordre="59">
        <blocIll ocr="1">0</blocIll>
        <ills/>
      </page>
      <page ordre="60">
        <blocIll ocr="1">1</blocIll>
        <ills>
          <ill couleur="coul" edit="true" filtrehm="1" filtretf="1" h="2362" n="60-1" taille="2" w="1803" x="1" y="1">
            <contenuImg b="90" coul="1" g="102" ordre="5" r="101" source="colorific" type="frg">#65665a</contenuImg>
            <contenuImg b="153" coul="1" g="153" ordre="4" r="149" source="colorific" type="frg">#959999</contenuImg>
            <contenuImg b="105" coul="1" g="133" ordre="3" r="138" source="colorific" type="frg">#8a8569</contenuImg>
            <contenuImg b="70" coul="1" g="95" ordre="2" r="118" source="colorific" type="frg">#765f46</contenuImg>
            <contenuImg b="104" coul="1" g="144" ordre="1" r="178" source="colorific" type="frg">#b29068</contenuImg>
            <contenuImg CS="1.0" lang="fr" source="md">vertébré</contenuImg>
            <contenuImg CS="1.0" lang="fr" source="md">reptile</contenuImg>
            <contenuImg CS="1.0" lang="fr" source="md">animal</contenuImg>
            <txt source="google">"oldio io no dép Toeo borbeno pri opórgomos - a gépiowo pozostawa zostafiz on boditawapitina - qui nodwave goo nt karh we arroúyroo porno - u can akibebé no lo poo propiero zprot biti pucu. - *hta ke lapos fazbytóricoprono - listremitpiant 30 Axecutory izho - a miakroll' on top na ko'rtowo bóp ti a tro mharico - Kas olete power danou o otmice tor Wan Abaytuje - Zoo Hoop th Atoe phone habilito (How To Usa cu - upos position of hoole a potom dometer - se o typowo do oplu Apelio ki-berlih lettekou por gas - coup la web popo tre oli yller ham bitte - wáptalalle, pa so seletus dar odlo ako yoto - payupo wat fou nou tapyla mot clou l'ocromo at hi - for you o que pito lontatispo taptop or to - ",</txt>
            <tech source="final">dessin</tech>
            <genre CS="0.33" source="TensorFlow">filtrecouv</genre>
            <theme source="final">13</theme>
            <tech CS="1" source="md">dessin</tech>
            <theme CS="1" source="md">13</theme>
            <contenuImg CS="1.0" lang="en" source="md">animal</contenuImg>
            <contenuImg CS="1.0" lang="en" source="md">reptile</contenuImg>
            <contenuImg CS="1.0" lang="en" source="md">verterbrate</contenuImg>
            <titraille>Nicandre</titraille>
            <tech source="hm" time="2019-03-02T12:35:24.091+01:00">dessin</tech>
            <genre source="hm" time="2019-03-02T17:54:29.993+01:00">filtre</genre>
          </ill>
        </ills>
      </page>
      <page ordre="61">
        <blocIll ocr="1">0</blocIll>
        <ills/>
      </page>
      <page ordre="62">
        <blocIll ocr="1">1</blocIll>
        <ills>
          <ill couleur="coul" h="2356" n="62-1" taille="2" w="1800" x="1" y="1">
            <contenuImg b="56" coul="1" g="67" ordre="4" r="78" source="colorific" type="frg">#4e4338</contenuImg>
            <contenuImg b="80" coul="1" g="116" ordre="3" r="166" source="colorific" type="frg">#a67450</contenuImg>
            <contenuImg b="112" coul="1" g="126" ordre="2" r="124" source="colorific" type="frg">#7c7e70</contenuImg>
            <contenuImg b="89" coul="1" g="108" ordre="1" r="126" source="colorific" type="frg">#7e6c59</contenuImg>
            <contenuImg CS="1.0" lang="fr" source="md">vertébré</contenuImg>
            <contenuImg CS="1.0" lang="fr" source="md">reptile</contenuImg>
            <contenuImg CS="1.0" lang="fr" source="md">animal</contenuImg>
            <tech source="final">dessin</tech>
            <theme source="final">13</theme>
            <tech CS="1" source="md">dessin</tech>
            <theme CS="1" source="md">13</theme>
            <contenuImg CS="1.0" lang="en" source="md">animal</contenuImg>
            <contenuImg CS="1.0" lang="en" source="md">reptile</contenuImg>
            <contenuImg CS="1.0" lang="en" source="md">verterbrate</contenuImg>
            <titraille>Nicandre</titraille>
          </ill>
        </ills>
      </page>
      <page ordre="63">
        <blocIll ocr="1">0</blocIll>
        <ills/>
      </page>
      <page ordre="64">
        <blocIll ocr="1">1</blocIll>
        <ills>
          <ill couleur="coul" h="2371" n="64-1" taille="2" w="1827" x="1" y="1">
            <contenuImg b="59" coul="1" g="79" ordre="2" r="95" source="colorific" type="frg">#5f4f3b</contenuImg>
            <contenuImg b="102" coul="1" g="134" ordre="1" r="155" source="colorific" type="frg">#9b8666</contenuImg>
            <contenuImg CS="1.0" lang="fr" source="md">vertébré</contenuImg>
            <contenuImg CS="1.0" lang="fr" source="md">reptile</contenuImg>
            <contenuImg CS="1.0" lang="fr" source="md">animal</contenuImg>
            <txt source="google">"go oww payapeau ni zuo orzót ópiat de o dopo pako - Light cop takde kouraso plakploto kodoverele - TAPOLOHN 6 kycurtoise goedha per secours who - litet me boyé by god goefl kpart po pozna to - M ais - oomi Hoor aportaro kuszor kachoo action - miakautant puchod wdropause the main possesses - kou zbudo o Morgy try to anspre droy Torcion hi - Ez hez a ja Wook op Sao Too pool boy gay strów how - poi palai Bar foreko! 076 ampóny of H perfekter - Alykeste ho de loro good ct 716 poäfeo puede vers - Guraj iu tps apu nooy dhe poputrp nicelá postava - sapo dick issa pelko o Hop keep tóc la aboo Guplo - zou Got hopech zouozoó porodhte wolk oop li pou to - egions 4086-ho chrupi 26 cabou plaflor - o Mew by loborti corpo no joys'o palubokét - or web but tható mindezvé pior olambura iet parella - lecility of the bep cartrón grow in and straponca i kors - do gorodas for the yoga pangyari po dley. - go, Tve - ",</txt>
            <tech source="final">dessin</tech>
            <theme source="final">13</theme>
            <tech CS="1" source="md">dessin</tech>
            <theme CS="1" source="md">13</theme>
            <contenuImg CS="1.0" lang="en" source="md">animal</contenuImg>
            <contenuImg CS="1.0" lang="en" source="md">reptile</contenuImg>
            <contenuImg CS="1.0" lang="en" source="md">verterbrate</contenuImg>
            <titraille>Nicandre</titraille>
          </ill>
        </ills>
      </page>
      <page ordre="65">
        <blocIll ocr="1">1</blocIll>
        <ills>
          <ill couleur="coul" h="2322" n="65-1" taille="2" w="1814" x="1" y="1">
            <contenuImg b="73" coul="1" g="84" ordre="4" r="109" source="colorific" type="frg">#6d5449</contenuImg>
            <contenuImg b="93" coul="1" g="116" ordre="3" r="123" source="colorific" type="frg">#7b745d</contenuImg>
            <contenuImg b="98" coul="1" g="137" ordre="2" r="169" source="colorific" type="frg">#a98962</contenuImg>
            <contenuImg b="170" coul="1" g="202" ordre="1" r="212" source="colorific" type="frg">#d4caaa</contenuImg>
            <contenuImg CS="1.0" lang="fr" source="md">vertébré</contenuImg>
            <contenuImg CS="1.0" lang="fr" source="md">reptile</contenuImg>
            <contenuImg CS="1.0" lang="fr" source="md">animal</contenuImg>
            <txt source="google">"30 - iwin - Tu moju wapoto a vetp w - soul kap bhouzoude kayap la wreappy - Akuttila o proro do pal kazadia Grou o gusto - Skó nyu porn xxió Gp rit zoo porn sea con lawrth ou po - 62 pot opetroop vloe confefuzorot doyaso - Joanah Ulusapoti kulipbokserielaio - kai kayo s'eyo yo dopo que coboa zen Wagusiano solo si pure - oro splafop het zo šokx fararo muy duro - ",</txt>
            <tech source="final">dessin</tech>
            <theme source="final">13</theme>
            <tech CS="1" source="md">dessin</tech>
            <theme CS="1" source="md">13</theme>
            <contenuImg CS="1.0" lang="en" source="md">animal</contenuImg>
            <contenuImg CS="1.0" lang="en" source="md">reptile</contenuImg>
            <contenuImg CS="1.0" lang="en" source="md">verterbrate</contenuImg>
            <titraille>Nicandre</titraille>
          </ill>
        </ills>
      </page>
      <page ordre="66">
        <blocIll ocr="1">0</blocIll>
        <ills/>
      </page>
      <page ordre="67">
        <blocIll ocr="1">0</blocIll>
        <ills/>
      </page>
      <page ordre="68">
        <blocIll ocr="1">1</blocIll>
        <ills>
          <ill couleur="coul" edit="true" h="2398" n="68-1" taille="2" w="1872" x="1" y="1">
            <contenuImg b="60" coul="1" g="75" ordre="6" r="131" source="colorific" type="frg">#834b3c</contenuImg>
            <contenuImg b="138" coul="1" g="135" ordre="5" r="130" source="colorific" type="frg">#82878a</contenuImg>
            <contenuImg b="72" coul="1" g="102" ordre="4" r="147" source="colorific" type="frg">#936648</contenuImg>
            <contenuImg b="53" coul="1" g="60" ordre="3" r="72" source="colorific" type="frg">#483c35</contenuImg>
            <contenuImg b="108" coul="1" g="128" ordre="2" r="140" source="colorific" type="frg">#8c806c</contenuImg>
            <contenuImg b="98" coul="1" g="142" ordre="1" r="174" source="colorific" type="frg">#ae8e62</contenuImg>
            <contenuImg CS="1" lang="fr" source="hm" time="2019-03-14T19:26:10.939+01:00">insecte</contenuImg>
            <contenuImg CS="1.0" lang="fr" source="md">vertébré</contenuImg>
            <contenuImg CS="1.0" lang="fr" source="md">reptile</contenuImg>
            <contenuImg CS="1.0" lang="fr" source="md">animal</contenuImg>
            <txt source="google">"haft store boxe s - Kaizes passico y estav e n a smalle - potpilazzhy wetek plapsi yli - peine wot dorpsker to - p er la prek topathis - povina p opolazione posunu - Masa - kesepi - i - wh - ch woda ochildre - Xem dyployed - - - receptassage - ",</txt>
            <tech source="final">dessin</tech>
            <theme source="final">13</theme>
            <tech CS="1" source="md">dessin</tech>
            <theme CS="1" source="md">13</theme>
            <contenuImg CS="1.0" lang="en" source="md">animal</contenuImg>
            <contenuImg CS="1.0" lang="en" source="md">reptile</contenuImg>
            <contenuImg CS="1.0" lang="en" source="md">verterbrate</contenuImg>
            <titraille>Nicandre</titraille>
            <contenuImg CS="1" lang="en" source="hm" time="2019-03-14T19:26:10.939+01:00">insect</contenuImg>
          </ill>
        </ills>
      </page>
      <page ordre="69">
        <blocIll ocr="1">0</blocIll>
        <ills/>
      </page>
      <page ordre="70">
        <blocIll ocr="1">0</blocIll>
        <ills/>
      </page>
      <page ordre="71">
        <blocIll ocr="1">0</blocIll>
        <ills/>
      </page>
      <page ordre="72">
        <blocIll ocr="1">0</blocIll>
        <ills/>
      </page>
      <page ordre="73">
        <blocIll ocr="1">0</blocIll>
        <ills/>
      </page>
      <page ordre="74">
        <blocIll ocr="1">0</blocIll>
        <ills/>
      </page>
      <page ordre="75">
        <blocIll ocr="1">0</blocIll>
        <ills/>
      </page>
      <page ordre="76">
        <blocIll ocr="1">0</blocIll>
        <ills/>
      </page>
      <page ordre="77">
        <blocIll ocr="1">0</blocIll>
        <ills/>
      </page>
      <page ordre="78">
        <blocIll ocr="1">0</blocIll>
        <ills/>
      </page>
      <page ordre="79">
        <blocIll ocr="1">0</blocIll>
        <ills/>
      </page>
      <page ordre="80">
        <blocIll ocr="1">0</blocIll>
        <ills/>
      </page>
      <page ordre="81">
        <blocIll ocr="1">0</blocIll>
        <ills/>
      </page>
      <page ordre="82">
        <blocIll ocr="1">0</blocIll>
        <ills/>
      </page>
      <page ordre="83">
        <blocIll ocr="1">0</blocIll>
        <ills/>
      </page>
      <page ordre="84">
        <blocIll ocr="1">0</blocIll>
        <ills/>
      </page>
      <page ordre="85">
        <blocIll ocr="1">0</blocIll>
        <ills/>
      </page>
      <page ordre="86">
        <blocIll ocr="1">0</blocIll>
        <ills/>
      </page>
      <page ordre="87">
        <blocIll ocr="1">0</blocIll>
        <ills/>
      </page>
      <page ordre="88">
        <blocIll ocr="1">0</blocIll>
        <ills/>
      </page>
      <page ordre="89">
        <blocIll ocr="1">0</blocIll>
        <ills/>
      </page>
      <page ordre="90">
        <blocIll ocr="1">0</blocIll>
        <ills/>
      </page>
      <page ordre="91">
        <blocIll ocr="1">0</blocIll>
        <ills/>
      </page>
      <page ordre="92">
        <blocIll ocr="1">0</blocIll>
        <ills/>
      </page>
      <page ordre="93">
        <blocIll ocr="1">1</blocIll>
        <ills>
          <ill couleur="coul" h="2370" n="93-1" taille="2" w="1757" x="1" y="1">
            <contenuImg b="122" coul="1" g="150" ordre="5" r="192" source="colorific" type="frg">#c0967a</contenuImg>
            <contenuImg b="61" coul="1" g="68" ordre="4" r="75" source="colorific" type="frg">#4b443d</contenuImg>
            <contenuImg b="100" coul="1" g="105" ordre="3" r="102" source="colorific" type="frg">#666964</contenuImg>
            <contenuImg b="83" coul="1" g="98" ordre="2" r="125" source="colorific" type="frg">#7d6253</contenuImg>
            <contenuImg b="116" coul="1" g="141" ordre="1" r="156" source="colorific" type="frg">#9c8d74</contenuImg>
            <contenuImg CS="1.0" lang="fr" source="md">vertébré</contenuImg>
            <contenuImg CS="1.0" lang="fr" source="md">reptile</contenuImg>
            <contenuImg CS="1.0" lang="fr" source="md">animal</contenuImg>
            <txt source="google">"NH - CNR TVC - ",</txt>
            <tech source="final">dessin</tech>
            <theme source="final">13</theme>
            <tech CS="1" source="md">dessin</tech>
            <theme CS="1" source="md">13</theme>
            <contenuImg CS="1.0" lang="en" source="md">animal</contenuImg>
            <contenuImg CS="1.0" lang="en" source="md">reptile</contenuImg>
            <contenuImg CS="1.0" lang="en" source="md">verterbrate</contenuImg>
            <titraille>Nicandre</titraille>
          </ill>
        </ills>
      </page>
      <page ordre="94">
        <blocIll ocr="1">0</blocIll>
        <ills/>
      </page>
      <page ordre="95">
        <blocIll ocr="1">1</blocIll>
        <ills>
          <ill couleur="coul" edit="true" h="2382" n="95-1" taille="2" w="1823" x="1" y="1">
            <contenuImg b="54" coul="1" g="67" ordre="5" r="105" source="colorific" type="frg">#694336</contenuImg>
            <contenuImg b="74" coul="1" g="82" ordre="4" r="91" source="colorific" type="frg">#5b524a</contenuImg>
            <contenuImg b="115" coul="1" g="136" ordre="3" r="143" source="colorific" type="frg">#8f8873</contenuImg>
            <contenuImg b="68" coul="1" g="94" ordre="2" r="134" source="colorific" type="frg">#865e44</contenuImg>
            <contenuImg b="90" coul="1" g="133" ordre="1" r="164" source="colorific" type="frg">#a4855a</contenuImg>
            <contenuImg CS="1" lang="fr" source="hm" time="2019-03-14T19:26:30.546+01:00">insecte</contenuImg>
            <contenuImg CS="1.0" lang="fr" source="md">vertébré</contenuImg>
            <contenuImg CS="1.0" lang="fr" source="md">reptile</contenuImg>
            <contenuImg CS="1.0" lang="fr" source="md">animal</contenuImg>
            <txt source="google">"ir iki pou et de o fato un carte - beyond ou paho Kuat olepé osv prabablas - ai di Grep tisu k tole po dimentos do centro - Ermónarap tuo opow zou ppofuatats op - p - door de opos-sa- NuaTotup hipho - kou proudly top v poa w pach Apo u Aupacioud Dopo lehia - jyjet godt pamer providers stupke - - on turbrug.com ou apel signoutopötot ko o obstore - a ko favja pri tofauti touca.com - carpa - the ATCEVA - ",</txt>
            <tech source="final">dessin</tech>
            <theme source="final">13</theme>
            <tech CS="1" source="md">dessin</tech>
            <theme CS="1" source="md">13</theme>
            <contenuImg CS="1.0" lang="en" source="md">animal</contenuImg>
            <contenuImg CS="1.0" lang="en" source="md">reptile</contenuImg>
            <contenuImg CS="1.0" lang="en" source="md">verterbrate</contenuImg>
            <titraille>Nicandre</titraille>
            <contenuImg CS="1" lang="en" source="hm" time="2019-03-14T19:26:30.546+01:00">insect</contenuImg>
          </ill>
        </ills>
      </page>
      <page ordre="96">
        <blocIll ocr="1">0</blocIll>
        <ills/>
      </page>
      <page ordre="97">
        <blocIll ocr="1">1</blocIll>
        <ills>
          <ill couleur="coul" h="2379" n="97-1" taille="2" w="1823" x="1" y="1">
            <contenuImg b="54" coul="1" g="69" ordre="2" r="83" source="colorific" type="frg">#534536</contenuImg>
            <contenuImg b="95" coul="1" g="116" ordre="1" r="136" source="colorific" type="frg">#88745f</contenuImg>
            <contenuImg CS="1.0" lang="fr" source="md">vertébré</contenuImg>
            <contenuImg CS="1.0" lang="fr" source="md">reptile</contenuImg>
            <contenuImg CS="1.0" lang="fr" source="md">animal</contenuImg>
            <txt source="google">"ophizo k opamna zaidie neoretica &amp; timma. HG. - 1 iki to be foucesteak nooite o trawut - LE102 cmc lo kuzoqpidoor ok um pou - wro potápokoborr touto spopolator Reals - sarcác tco zlé au pekartatpúrovo zece - ",</txt>
            <tech source="final">dessin</tech>
            <theme source="final">13</theme>
            <tech CS="1" source="md">dessin</tech>
            <theme CS="1" source="md">13</theme>
            <contenuImg CS="1.0" lang="en" source="md">animal</contenuImg>
            <contenuImg CS="1.0" lang="en" source="md">reptile</contenuImg>
            <contenuImg CS="1.0" lang="en" source="md">verterbrate</contenuImg>
            <titraille>Nicandre</titraille>
          </ill>
        </ills>
      </page>
      <page ordre="98">
        <blocIll ocr="1">0</blocIll>
        <ills/>
      </page>
      <page ordre="99">
        <blocIll ocr="1">1</blocIll>
        <ills>
          <ill couleur="coul" h="2364" n="99-1" taille="2" w="1811" x="1" y="1">
            <contenuImg b="148" coul="1" g="158" ordre="4" r="159" source="colorific" type="frg">#9f9e94</contenuImg>
            <contenuImg b="80" coul="1" g="89" ordre="3" r="99" source="colorific" type="frg">#635950</contenuImg>
            <contenuImg b="106" coul="1" g="127" ordre="2" r="146" source="colorific" type="frg">#927f6a</contenuImg>
            <contenuImg b="164" coul="1" g="192" ordre="1" r="206" source="colorific" type="frg">#cec0a4</contenuImg>
            <contenuImg CS="1.0" lang="fr" source="md">vertébré</contenuImg>
            <contenuImg CS="1.0" lang="fr" source="md">reptile</contenuImg>
            <contenuImg CS="1.0" lang="fr" source="md">animal</contenuImg>
            <tech source="final">dessin</tech>
            <theme source="final">13</theme>
            <tech CS="1" source="md">dessin</tech>
            <theme CS="1" source="md">13</theme>
            <contenuImg CS="1.0" lang="en" source="md">animal</contenuImg>
            <contenuImg CS="1.0" lang="en" source="md">reptile</contenuImg>
            <contenuImg CS="1.0" lang="en" source="md">verterbrate</contenuImg>
            <titraille>Nicandre</titraille>
          </ill>
        </ills>
      </page>
      <page ordre="100">
        <blocIll ocr="1">1</blocIll>
        <ills>
          <ill couleur="coul" h="2365" n="100-1" taille="2" w="1845" x="1" y="1">
            <contenuImg b="62" coul="1" g="75" ordre="5" r="95" source="colorific" type="frg">#5f4b3e</contenuImg>
            <contenuImg b="107" coul="1" g="109" ordre="4" r="113" source="colorific" type="frg">#716d6b</contenuImg>
            <contenuImg b="86" coul="1" g="113" ordre="3" r="143" source="colorific" type="frg">#8f7156</contenuImg>
            <contenuImg b="128" coul="1" g="147" ordre="2" r="154" source="colorific" type="frg">#9a9380</contenuImg>
            <contenuImg b="136" coul="1" g="176" ordre="1" r="195" source="colorific" type="frg">#c3b088</contenuImg>
            <contenuImg CS="1.0" lang="fr" source="md">vertébré</contenuImg>
            <contenuImg CS="1.0" lang="fr" source="md">reptile</contenuImg>
            <contenuImg CS="1.0" lang="fr" source="md">animal</contenuImg>
            <tech source="final">dessin</tech>
            <theme source="final">13</theme>
            <tech CS="1" source="md">dessin</tech>
            <theme CS="1" source="md">13</theme>
            <contenuImg CS="1.0" lang="en" source="md">animal</contenuImg>
            <contenuImg CS="1.0" lang="en" source="md">reptile</contenuImg>
            <contenuImg CS="1.0" lang="en" source="md">verterbrate</contenuImg>
            <titraille>Nicandre</titraille>
          </ill>
        </ills>
      </page>
      <page ordre="101">
        <blocIll ocr="1">1</blocIll>
        <ills>
          <ill couleur="coul" h="2373" n="101-1" taille="2" w="1790" x="1" y="1">
            <contenuImg b="57" coul="1" g="68" ordre="5" r="80" source="colorific" type="frg">#504439</contenuImg>
            <contenuImg b="99" coul="1" g="117" ordre="4" r="156" source="colorific" type="frg">#9c7563</contenuImg>
            <contenuImg b="142" coul="1" g="151" ordre="3" r="154" source="colorific" type="frg">#9a978e</contenuImg>
            <contenuImg b="90" coul="1" g="107" ordre="2" r="123" source="colorific" type="frg">#7b6b5a</contenuImg>
            <contenuImg b="104" coul="1" g="144" ordre="1" r="170" source="colorific" type="frg">#aa9068</contenuImg>
            <contenuImg CS="1.0" lang="fr" source="md">vertébré</contenuImg>
            <contenuImg CS="1.0" lang="fr" source="md">reptile</contenuImg>
            <contenuImg CS="1.0" lang="fr" source="md">animal</contenuImg>
            <tech source="final">dessin</tech>
            <theme source="final">13</theme>
            <tech CS="1" source="md">dessin</tech>
            <theme CS="1" source="md">13</theme>
            <contenuImg CS="1.0" lang="en" source="md">animal</contenuImg>
            <contenuImg CS="1.0" lang="en" source="md">reptile</contenuImg>
            <contenuImg CS="1.0" lang="en" source="md">verterbrate</contenuImg>
            <titraille>Nicandre</titraille>
          </ill>
        </ills>
      </page>
      <page ordre="102">
        <blocIll ocr="1">0</blocIll>
        <ills/>
      </page>
      <page ordre="110">
        <blocIll ocr="1">0</blocIll>
        <ills/>
      </page>
      <page ordre="111">
        <blocIll ocr="1">0</blocIll>
        <ills/>
      </page>
      <page ordre="112">
        <blocIll ocr="1">0</blocIll>
        <ills/>
      </page>
    </pages>
  </contenus>
</analyseAlto>