<analyseAlto>
  <metad>
    <type>I</type>
    <ID>btv1b69003427</ID>
    <titre>Papier à motif répétitif : papier peint</titre>
    <dateEdition>1801</dateEdition>
    <auteur>inconnu</auteur>
    <lang>fre</lang>
    <source>Bibliothèque nationale de France, département Estampes et photographie, EST LI-23</source>
    <sujet>Carreaux -- Ornements géométriques -- Fuseaux (ornement) -- Chevrons -- Motifs décoratifs</sujet>
    <descr>Appartient à l’ensemble documentaire : PaPeint18 -- Papier peint</descr>
    <format>inconnu</format>
    <couverture>inconnu</couverture>
    <largeurPx>2752</largeurPx>
    <hauteurPx>1696</hauteurPx>
    <ocr>false</ocr>
    <toc>false</toc>
    <caption>false</caption>
    <nbPage>1</nbPage>
  </metad>
  <contenus ocr="false" toc="false">
    <largeur>116</largeur>
    <hauteur>71</hauteur>
    <largeurPx>2752</largeurPx>
    <hauteurPx>1696</hauteurPx>
    <pages>
      <page ordre="1">
        <blocIll ocr="1">1</blocIll>
        <ills>
          <ill classif="CCgoogle" couleur="coul" h="1696" hash="ceeac6c41139293f" n="1-1" taille="2" w="2752" x="1" y="1">
            <contenuImg CS="0.77" h="3320" lang="fr" source="google" w="2493" x="2160.2" y="169.6">conception</contenuImg>
            <contenuImg CS="0.76" h="3320" lang="fr" source="google" w="2493" x="2160.2" y="169.6">textile</contenuImg>
            <contenuImg CS="0.93" h="3320" lang="fr" source="google" w="2493" x="2160.2" y="169.6">modèle motif</contenuImg>
            <contenuImg CS="0.93" h="3320" lang="fr" source="google" w="2493" x="2160.2" y="169.6">modèle</contenuImg>
            <contenuImg CS="0.86" h="3320" lang="fr" source="google" w="2493" x="2160.2" y="169.6">police de caractère</contenuImg>
            <contenuImg CS="0.77" h="3320" lang="fr" source="google" w="2493" x="2160.2" y="169.6">design</contenuImg>
            <contenuImg CS="0.52" lang="fr" source="google">symétrie</contenuImg>
            <contenuImg CS="0.51" lang="fr" source="google">étiquette</contenuImg>
            <contenuImg CS="1.27" coul="1" lang="fr" source="google">vert cuivre</contenuImg>
            <contenuImg CS="0.77" coul="1" lang="fr" source="google">bleu clair</contenuImg>
            <contenuImg CS="0.05" coul="1" lang="fr" source="google">bleu nuit</contenuImg>
            <contenuImg CS="0.02" coul="1" lang="fr" source="google">gris foncé</contenuImg>
            <contenuImg CS="0.75" coul="1" lang="fr" source="google">vert olive foncé</contenuImg>
            <contenuImg CS="0.57" coul="1" lang="fr" source="google">bois moyen</contenuImg>
            <contenuImg b="88" coul="1" g="110" r="105" source="colorific" type="bkg">#696e58</contenuImg>
            <contenuImg b="173" coul="1" g="192" ordre="6" r="188" source="colorific" type="frg">#bcc0ad</contenuImg>
            <contenuImg b="38" coul="1" g="64" ordre="5" r="120" source="colorific" type="frg">#784026</contenuImg>
            <contenuImg b="123" coul="1" g="106" ordre="4" r="81" source="colorific" type="frg">#516a7b</contenuImg>
            <contenuImg b="255" coul="1" g="255" ordre="3" r="255" source="colorific" type="frg">#ffffff</contenuImg>
            <contenuImg b="30" coul="1" g="34" ordre="2" r="14" source="colorific" type="frg">#0e221e</contenuImg>
            <contenuImg b="15" coul="1" g="33" ordre="1" r="31" source="colorific" type="frg">#1f210f</contenuImg>
            <contenuImg CS="1.0" lang="en" source="md">decorative patterns</contenuImg>
            <contenuImg CS="1.0" lang="en" source="md">rafters</contenuImg>
            <contenuImg CS="1.0" lang="en" source="md">spindles (ornament)</contenuImg>
            <contenuImg CS="1.0" lang="en" source="md">geometric ornaments</contenuImg>
            <contenuImg CS="1.0" lang="en" source="md">tiles</contenuImg>
            <contenuImg CS="0.57" coul="1" lang="en" source="google">mediumwood</contenuImg>
            <contenuImg CS="0.75" coul="1" lang="en" source="google">darkolivegreen</contenuImg>
            <contenuImg CS="0.02" coul="1" lang="en" source="google">dimgrey</contenuImg>
            <contenuImg CS="0.05" coul="1" lang="en" source="google">midnightblue</contenuImg>
            <contenuImg CS="0.77" coul="1" lang="en" source="google">lightsteelblue</contenuImg>
            <contenuImg CS="1.27" coul="1" lang="en" source="google">greencopper</contenuImg>
            <contenuImg CS="0.51" lang="en" source="google">Label</contenuImg>
            <contenuImg CS="0.52" lang="en" source="google">Symmetry</contenuImg>
            <contenuImg CS="0.76" h="3320" lang="en" source="google" w="2493" x="2160.2" y="169.6">Textile</contenuImg>
            <contenuImg CS="0.77" h="3320" lang="en" source="google" w="2493" x="2160.2" y="169.6">Design</contenuImg>
            <contenuImg CS="0.86" h="3320" lang="en" source="google" w="2493" x="2160.2" y="169.6">Font</contenuImg>
            <contenuImg CS="0.93" h="3320" lang="en" source="google" w="2493" x="2160.2" y="169.6">Pattern</contenuImg>
            <tech source="final">estampe/gravure</tech>
            <fonction source="md">papier-peint</fonction>
            <fonction source="final">papier-peint</fonction>
            <tech CS="1" source="hm">estampe/gravure</tech>
            <theme CS="1" source="md">0</theme>
            <contenuImg CS="1.0" lang="fr" source="md">Carreaux</contenuImg>
            <contenuImg CS="1.0" lang="fr" source="md">Ornements géométriques</contenuImg>
            <contenuImg CS="1.0" lang="fr" source="md">Fuseaux (ornement)</contenuImg>
            <contenuImg CS="1.0" lang="fr" source="md">Chevrons</contenuImg>
            <contenuImg CS="1.0" lang="fr" source="md">Motifs décoratifs</contenuImg>
            <titraille>Papier à motif répétitif : papier peint</titraille>
          </ill>
        </ills>
      </page>
    </pages>
  </contenus>
</analyseAlto>