<analyseAlto>
  <metad>
    <type>I</type>
    <ID>btv1b6900929f</ID>
    <titre>Manufacture Jacquemart et Bénard. Papier à motif répétitif . Lambris à compartiments. Modèle n° 1924 : papier peint</titre>
    <dateEdition>1805</dateEdition>
    <auteur>Jacquemart et Bénard (Manufacture). Fonction indéterminée</auteur>
    <lang>fre</lang>
    <source>Bibliothèque nationale de France, département Estampes et photographie, EST LI-24 (A)</source>
    <sujet>Lambris -- Frises -- Rayures (ornements) -- Personnages -- Dans l_art -- Femmes -- Camaïeu, Peinture en -- Coupes à l'antique (ornement) -- Motifs décoratifs -- 1800-1869</sujet>
    <descr>Appartient à l’ensemble documentaire : PaPeint18 -- Papier peint</descr>
    <format>inconnu</format>
    <couverture>inconnu</couverture>
    <largeurPx>9800</largeurPx>
    <hauteurPx>6768</hauteurPx>
    <ocr>false</ocr>
    <toc>false</toc>
    <caption>false</caption>
    <nbPage>1</nbPage>
  </metad>
  <contenus ocr="false" toc="false">
    <largeur>414</largeur>
    <hauteur>286</hauteur>
    <largeurPx>9800</largeurPx>
    <hauteurPx>6768</hauteurPx>
    <pages>
      <page ordre="1">
        <blocIll ocr="1">1</blocIll>
        <ills>
          <ill classif="CCgoogle" couleur="coul" h="6768" hash="007f37b5f170fd00" n="1-1" taille="30" w="9800" x="1" y="1">
            <contenuImg CS="0.58" h="2949" lang="fr" source="google" w="1653" x="2903" y="676.8">art</contenuImg>
            <contenuImg CS="1.60" coul="1" lang="fr" source="google">gris ardoise foncé</contenuImg>
            <contenuImg CS="0.40" coul="1" lang="fr" source="google">bois moyen</contenuImg>
            <contenuImg CS="0.05" coul="1" lang="fr" source="google">gris</contenuImg>
            <contenuImg CS="1.31" coul="1" lang="fr" source="google">gris foncé</contenuImg>
            <contenuImg CS="0.25" coul="1" lang="fr" source="google">argent</contenuImg>
            <contenuImg CS="0.24" coul="1" lang="fr" source="google">rose</contenuImg>
            <contenuImg CS="0.20" coul="1" lang="fr" source="google">vert foncé</contenuImg>
            <contenuImg b="112" coul="1" g="122" r="123" source="colorific" type="bkg">#7b7a70</contenuImg>
            <contenuImg b="115" coul="1" g="137" ordre="3" r="200" source="colorific" type="frg">#c88973</contenuImg>
            <contenuImg b="65" coul="1" g="65" ordre="2" r="55" source="colorific" type="frg">#374141</contenuImg>
            <contenuImg b="255" coul="1" g="255" ordre="1" r="255" source="colorific" type="frg">#ffffff</contenuImg>
            <contenuImg CS="1.0" lang="en" source="md">decorative patterns - 1800-1869</contenuImg>
            <contenuImg CS="1.0" lang="en" source="md">cups in the antique (ornament)</contenuImg>
            <contenuImg CS="1.0" lang="en" source="md">camaïeu painting</contenuImg>
            <contenuImg CS="1.0" lang="en" source="md">women</contenuImg>
            <contenuImg CS="1.0" lang="en" source="md">characters - in art</contenuImg>
            <contenuImg CS="1.0" lang="en" source="md">stripes (ornaments)</contenuImg>
            <contenuImg CS="1.0" lang="en" source="md">curly</contenuImg>
            <contenuImg CS="1.0" lang="en" source="md">paneling</contenuImg>
            <contenuImg CS="0.20" coul="1" lang="en" source="google">darkgreen</contenuImg>
            <contenuImg CS="0.24" coul="1" lang="en" source="google">pink</contenuImg>
            <contenuImg CS="0.25" coul="1" lang="en" source="google">silver</contenuImg>
            <contenuImg CS="1.31" coul="1" lang="en" source="google">darkgray</contenuImg>
            <contenuImg CS="0.05" coul="1" lang="en" source="google">grey</contenuImg>
            <contenuImg CS="0.40" coul="1" lang="en" source="google">mediumwood</contenuImg>
            <contenuImg CS="1.60" coul="1" lang="en" source="google">darkslategrey</contenuImg>
            <contenuImg CS="0.58" h="2949" lang="en" source="google" w="1653" x="2903" y="676.8">Art</contenuImg>
            <tech source="final">estampe/gravure</tech>
            <fonction source="md">papier-peint</fonction>
            <fonction source="final">papier-peint</fonction>
            <tech CS="1" source="hm">estampe/gravure</tech>
            <theme CS="1" source="md">0</theme>
            <contenuImg CS="1.0" lang="fr" source="md">Lambris</contenuImg>
            <contenuImg CS="1.0" lang="fr" source="md">Frises</contenuImg>
            <contenuImg CS="1.0" lang="fr" source="md">Rayures (ornements)</contenuImg>
            <contenuImg CS="1.0" lang="fr" source="md">Personnages -- Dans l'art</contenuImg>
            <contenuImg CS="1.0" lang="fr" source="md">Femmes</contenuImg>
            <contenuImg CS="1.0" lang="fr" source="md">Peinture en camaïeu</contenuImg>
            <contenuImg CS="1.0" lang="fr" source="md">Coupes à l'antique (ornement)</contenuImg>
            <contenuImg CS="1.0" lang="fr" source="md">Motifs décoratifs -- 1800-1869</contenuImg>
            <titraille>Manufacture Jacquemart et Bénard. Papier à motif répétitif . Lambris à compartiments. Modèle n° 1924 : papier peint</titraille>
          </ill>
        </ills>
      </page>
    </pages>
  </contenus>
</analyseAlto>