<analyseAlto>
  <metad>
    <type>I</type>
    <ID>btv1b6900004h</ID>
    <titre>Manufacture Berthelot. Papier à motif répétitif. Motif répétitif à six chemins de bleuets dans des petits carreaux : papier peint</titre>
    <dateEdition>1799</dateEdition>
    <auteur>inconnu</auteur>
    <lang>fre</lang>
    <source>Bibliothèque nationale de France, département Estampes et photographie, EST LI-15</source>
    <sujet>Carreaux -- Bleuet -- Fleurs stylisées (ornement) -- Motifs décoratifs -- 1789-1799</sujet>
    <descr>Appartient à l’ensemble documentaire : PaPeint18 -- Papier peint</descr>
    <format>inconnu</format>
    <couverture>inconnu</couverture>
    <largeurPx>6584</largeurPx>
    <hauteurPx>4504</hauteurPx>
    <ocr>false</ocr>
    <toc>false</toc>
    <caption>false</caption>
    <nbPage>1</nbPage>
  </metad>
  <contenus ocr="false" toc="false">
    <largeur>278</largeur>
    <hauteur>190</hauteur>
    <largeurPx>6584</largeurPx>
    <hauteurPx>4504</hauteurPx>
    <pages>
      <page ordre="1">
        <blocIll ocr="1">1</blocIll>
        <ills>
          <ill classif="CCgoogle" couleur="coul" h="4504" hash="11ffef11ff046180" n="1-1" taille="13" w="6584" x="1" y="1">
            <contenuImg CS="0.74" h="2921" lang="fr" source="google" w="1634" x="3294.4" y="450.4">modèle motif</contenuImg>
            <contenuImg CS="0.90" coul="1" h="2921" lang="fr" source="google" w="1634" x="3294.4" y="450.4">jaune</contenuImg>
            <contenuImg CS="0.75" h="2921" lang="fr" source="google" w="1634" x="3294.4" y="450.4">police de caractère</contenuImg>
            <contenuImg CS="0.74" h="2921" lang="fr" source="google" w="1634" x="3294.4" y="450.4">modèle</contenuImg>
            <contenuImg CS="1.08" coul="1" lang="fr" source="google">bois foncé</contenuImg>
            <contenuImg CS="1.03" coul="1" lang="fr" source="google">vert olive foncé</contenuImg>
            <contenuImg CS="0.40" coul="1" lang="fr" source="google">chocolat à pâtisser</contenuImg>
            <contenuImg CS="0.35" coul="1" lang="fr" source="google">bronze</contenuImg>
            <contenuImg b="93" coul="1" g="159" r="178" source="colorific" type="bkg">#b29f5d</contenuImg>
            <contenuImg b="255" coul="1" g="255" ordre="4" r="255" source="colorific" type="frg">#ffffff</contenuImg>
            <contenuImg b="78" coul="1" g="72" ordre="3" r="51" source="colorific" type="frg">#33484e</contenuImg>
            <contenuImg b="156" coul="1" g="186" ordre="2" r="202" source="colorific" type="frg">#caba9c</contenuImg>
            <contenuImg b="42" coul="1" g="56" ordre="1" r="48" source="colorific" type="frg">#30382a</contenuImg>
            <contenuImg CS="1.0" lang="en" source="md">decorative patterns - 1789-1799</contenuImg>
            <contenuImg CS="1.0" lang="en" source="md">stylized flowers (ornament)</contenuImg>
            <contenuImg CS="1.0" lang="en" source="md">cornflower (flowers)</contenuImg>
            <contenuImg CS="1.0" lang="en" source="md">tiles</contenuImg>
            <contenuImg CS="0.35" coul="1" lang="en" source="google">bronze</contenuImg>
            <contenuImg CS="0.40" coul="1" lang="en" source="google">bakerschocolate</contenuImg>
            <contenuImg CS="0.72" coul="1" lang="en" source="google">bronze</contenuImg>
            <contenuImg CS="1.03" coul="1" lang="en" source="google">darkolivegreen</contenuImg>
            <contenuImg CS="1.08" coul="1" lang="en" source="google">darkwood</contenuImg>
            <contenuImg CS="0.74" h="2921" lang="en" source="google" w="1634" x="3294.4" y="450.4">Pattern</contenuImg>
            <contenuImg CS="0.75" h="2921" lang="en" source="google" w="1634" x="3294.4" y="450.4">Font</contenuImg>
            <contenuImg CS="0.90" h="2921" lang="en" source="google" w="1634" x="3294.4" y="450.4">Yellow</contenuImg>
            <tech source="final">estampe/gravure</tech>
            <fonction source="md">papier-peint</fonction>
            <fonction source="final">papier-peint</fonction>
            <tech CS="1" source="hm">estampe/gravure</tech>
            <theme CS="1" source="md">0</theme>
            <contenuImg CS="1.0" lang="fr" source="md">Carreaux</contenuImg>
            <contenuImg CS="1.0" coul="1" lang="fr" source="md">Bleuet</contenuImg>
            <contenuImg CS="1.0" lang="fr" source="md">Fleurs stylisées (ornement)</contenuImg>
            <contenuImg CS="1.0" lang="fr" source="md">Motifs décoratifs -- 1789-1799</contenuImg>
            <titraille>Manufacture Berthelot. Papier à motif répétitif. Motif répétitif à six chemins de bleuets dans des petits carreaux : papier peint</titraille>
          </ill>
        </ills>
      </page>
    </pages>
  </contenus>
</analyseAlto>