<analyseAlto>
  <metad>
    <type>I</type>
    <ID>btv1b6900154r</ID>
    <titre>Manufacture Chapillon. Papier à motif répétitif. Motif répétitif à un chemin de branche ascendante sinueuse portant des bouquets de fleurs en camaïeu, sur un fond de basin : papier peint</titre>
    <dateEdition>1800</dateEdition>
    <auteur>inconnu</auteur>
    <lang>fre</lang>
    <source>Bibliothèque nationale de France</source>
    <sujet>Roses -- Églantiers -- Oeillets (plantes) -- Frises -- Textiles et tissus -- Bazin (tissu) -- Camaïeu, Peinture en -- Branchages -- Fleurs (ornement) -- Dentelures (ornement) -- Cordes (ornement) -- Motifs décoratifs -- 1800-1869</sujet>
    <descr>Appartient à l’ensemble documentaire : PaPeint18 -- Papier peint</descr>
    <format>inconnu</format>
    <couverture>inconnu</couverture>
    <largeurPx>6456</largeurPx>
    <hauteurPx>6088</hauteurPx>
    <ocr>false</ocr>
    <toc>false</toc>
    <nbPage>1</nbPage>
  </metad>
  <contenus ocr="false" toc="false">
    <largeur>273</largeur>
    <hauteur>257</hauteur>
    <largeurPx>6456</largeurPx>
    <hauteurPx>6088</hauteurPx>
    <pages>
      <page ordre="1">
        <blocIll ocr="1">1</blocIll>
        <ills>
          <ill classif="CCgoogle" couleur="coul" h="6088" hash="83574daf63014bad" n="1-1" taille="18" w="6456" x="1" y="1">
            <contenuImg CS="0.66" lang="fr" source="google">textile</contenuImg>
            <tech source="final">estampe/gravure</tech>
            <fonction source="md">papier-peint</fonction>
            <fonction source="final">papier-peint</fonction>
            <tech CS="1" source="md">estampe/gravure</tech>
            <contenuImg CS="0.86" h="2413" lang="fr" source="google" w="4270" x="645.6" y="1415.8">art floral</contenuImg>
            <contenuImg CS="0.80" lang="fr" source="google">botanique</contenuImg>
            <contenuImg CS="0.72" lang="fr" source="google">modèle motif</contenuImg>
            <contenuImg CS="0.91" coul="1" h="2413" lang="fr" source="google" w="4270" x="645.6" y="1415.8">vert</contenuImg>
            <contenuImg CS="0.83" h="2413" lang="fr" source="google" w="4270" x="645.6" y="1415.8">fleur</contenuImg>
            <contenuImg CS="0.82" h="2413" lang="fr" source="google" w="4270" x="645.6" y="1415.8">plante</contenuImg>
            <contenuImg CS="0.82" coul="1" lang="fr" source="google">bleu canard</contenuImg>
            <contenuImg CS="0.72" lang="fr" source="google">modèle</contenuImg>
            <contenuImg CS="0.70" lang="fr" source="google">branche</contenuImg>
            <contenuImg CS="0.69" lang="fr" source="google">fond d'écran</contenuImg>
            <contenuImg CS="2.40" coul="1" lang="fr" source="google">gris ardoise foncé</contenuImg>
            <contenuImg CS="0.26" coul="1" lang="fr" source="google">saumon</contenuImg>
            <contenuImg CS="0.14" coul="1" lang="fr" source="google">bois moyen</contenuImg>
            <contenuImg CS="0.26" coul="1" lang="fr" source="google">chocolat à pâtisser</contenuImg>
            <contenuImg CS="0.19" coul="1" lang="fr" source="google">vert cuivre foncé</contenuImg>
            <contenuImg CS="0.17" coul="1" lang="fr" source="google">gris foncé</contenuImg>
            <contenuImg CS="0.16" coul="1" lang="fr" source="google">vert foncé</contenuImg>
            <contenuImg b="77" coul="1" g="76" r="55" source="colorific" type="bkg">#374c4d</contenuImg>
            <contenuImg b="0" coul="1" g="0" ordre="6" r="0" source="colorific" type="frg">#000000</contenuImg>
            <contenuImg b="147" coul="1" g="137" ordre="5" r="180" source="colorific" type="frg">#b48993</contenuImg>
            <contenuImg b="89" coul="1" g="77" ordre="4" r="134" source="colorific" type="frg">#864d59</contenuImg>
            <contenuImg b="23" coul="1" g="31" ordre="3" r="8" source="colorific" type="frg">#081f17</contenuImg>
            <contenuImg b="35" coul="1" g="47" ordre="2" r="117" source="colorific" type="frg">#752f23</contenuImg>
            <contenuImg b="128" coul="1" g="143" ordre="1" r="106" source="colorific" type="frg">#6a8f80</contenuImg>
            <contenuImg CS="1.0" lang="en" source="md">decorative patterns - 1800-1869</contenuImg>
            <contenuImg CS="1.0" lang="en" source="md">ropes (ornament)</contenuImg>
            <contenuImg CS="1.0" lang="en" source="md">dentures (ornament)</contenuImg>
            <contenuImg CS="1.0" lang="en" source="md">flowers (ornament)</contenuImg>
            <contenuImg CS="1.0" lang="en" source="md">boughs</contenuImg>
            <contenuImg CS="1.0" lang="en" source="md">camaïeu painting</contenuImg>
            <contenuImg CS="1.0" lang="en" source="md">bazin (fabric)</contenuImg>
            <contenuImg CS="1.0" lang="en" source="md">textiles and fabrics</contenuImg>
            <contenuImg CS="1.0" lang="en" source="md">curly</contenuImg>
            <contenuImg CS="1.0" lang="en" source="md">carnations (plants)</contenuImg>
            <contenuImg CS="1.0" lang="en" source="md">rosehip (plants)</contenuImg>
            <contenuImg CS="1.0" lang="en" source="md">roses (flowers)</contenuImg>
            <contenuImg CS="0.16" coul="1" lang="en" source="google">darkgreen</contenuImg>
            <contenuImg CS="0.17" coul="1" lang="en" source="google">dimgrey</contenuImg>
            <contenuImg CS="0.19" coul="1" lang="en" source="google">darkgreencopper</contenuImg>
            <contenuImg CS="0.26" coul="1" lang="en" source="google">bakerschocolate</contenuImg>
            <contenuImg CS="0.41" coul="1" lang="en" source="google">darkgreen</contenuImg>
            <contenuImg CS="0.14" coul="1" lang="en" source="google">mediumwood</contenuImg>
            <contenuImg CS="0.26" coul="1" lang="en" source="google">salmon</contenuImg>
            <contenuImg CS="2.40" coul="1" lang="en" source="google">darkslategrey</contenuImg>
            <contenuImg CS="0.66" lang="en" source="google">Textile</contenuImg>
            <contenuImg CS="0.69" lang="en" source="google">Wallpaper</contenuImg>
            <contenuImg CS="0.70" lang="en" source="google">Branch</contenuImg>
            <contenuImg CS="0.72" lang="en" source="google">Pattern</contenuImg>
            <contenuImg CS="0.80" lang="en" source="google">Botany</contenuImg>
            <contenuImg CS="0.82" coul="1" lang="en" source="google">Teal</contenuImg>
            <contenuImg CS="0.82" h="2413" lang="en" source="google" w="4270" x="645.6" y="1415.8">Plant</contenuImg>
            <contenuImg CS="0.83" h="2413" lang="en" source="google" w="4270" x="645.6" y="1415.8">Flower</contenuImg>
            <contenuImg CS="0.86" h="2413" lang="en" source="google" w="4270" x="645.6" y="1415.8">Floral design</contenuImg>
            <contenuImg CS="0.91" coul="1" h="2413" lang="en" source="google" w="4270" x="645.6" y="1415.8">Green</contenuImg>
            <theme CS="1" source="md">0</theme>
            <contenuImg CS="1.0" lang="fr" source="md">Roses</contenuImg>
            <contenuImg CS="1.0" lang="fr" source="md">Églantiers</contenuImg>
            <contenuImg CS="1.0" lang="fr" source="md">Oeillets (plantes)</contenuImg>
            <contenuImg CS="1.0" lang="fr" source="md">Frises</contenuImg>
            <contenuImg CS="1.0" lang="fr" source="md">Textiles et tissus</contenuImg>
            <contenuImg CS="1.0" lang="fr" source="md">Bazin (tissu)</contenuImg>
            <contenuImg CS="1.0" lang="fr" source="md">Peinture en camaïeu</contenuImg>
            <contenuImg CS="1.0" lang="fr" source="md">Branchages</contenuImg>
            <contenuImg CS="1.0" lang="fr" source="md">Fleurs (ornement)</contenuImg>
            <contenuImg CS="1.0" lang="fr" source="md">Dentelures (ornement)</contenuImg>
            <contenuImg CS="1.0" lang="fr" source="md">Cordes (ornement)</contenuImg>
            <contenuImg CS="1.0" lang="fr" source="md">Motifs décoratifs -- 1800-1869</contenuImg>
            <titraille>Manufacture Chapillon. Papier à motif répétitif. Motif répétitif à un chemin de branche ascendante sinueuse portant des bouquets de fleurs en camaïeu, sur un fond de basin : papier peint</titraille>
          </ill>
        </ills>
      </page>
    </pages>
  </contenus>
</analyseAlto>