<analyseAlto>
  <metad>
    <type>I</type>
    <ID>btv1b6900880n</ID>
    <titre>Bordure : papier peint</titre>
    <dateEdition>1805</dateEdition>
    <auteur>Jacquemart et Bénard (Manufacture). Fonction indéterminée</auteur>
    <lang>fre</lang>
    <source>Bibliothèque nationale de France</source>
    <sujet>Frises -- Fleurs stylisées (ornement) -- Feuilles stylisées (ornement) -- Motifs décoratifs</sujet>
    <descr>Appartient à l’ensemble documentaire : PaPeint18 -- Papier peint</descr>
    <format>inconnu</format>
    <couverture>inconnu</couverture>
    <largeurPx>5000</largeurPx>
    <hauteurPx>4064</hauteurPx>
    <ocr>false</ocr>
    <toc>false</toc>
    <nbPage>1</nbPage>
  </metad>
  <contenus ocr="false" toc="false">
    <largeur>211</largeur>
    <hauteur>172</hauteur>
    <largeurPx>5000</largeurPx>
    <hauteurPx>4064</hauteurPx>
    <pages>
      <page ordre="1">
        <blocIll ocr="1">1</blocIll>
        <ills>
          <ill classif="CCgoogle" couleur="coul" h="4064" hash="019293ffff0092d3" n="1-1" taille="9" w="5000" x="1" y="1">
            <contenuImg CS="0.56" h="3472" lang="fr" source="google" w="2607" x="1141" y="406.4">modèle motif</contenuImg>
            <contenuImg CS="0.69" h="3472" lang="fr" source="google" w="2607" x="1141" y="406.4">police de caractère</contenuImg>
            <contenuImg CS="0.56" h="3472" lang="fr" source="google" w="2607" x="1141" y="406.4">modèle</contenuImg>
            <contenuImg CS="0.17" coul="1" lang="fr" source="google">rose</contenuImg>
            <contenuImg CS="0.07" coul="1" lang="fr" source="google">argent</contenuImg>
            <contenuImg CS="0.86" coul="1" lang="fr" source="google">gris clair</contenuImg>
            <contenuImg CS="0.16" coul="1" lang="fr" source="google">beige</contenuImg>
            <contenuImg CS="0.11" coul="1" lang="fr" source="google">violet</contenuImg>
            <contenuImg CS="0.09" coul="1" lang="fr" source="google">noir</contenuImg>
            <contenuImg b="73" coul="1" g="76" ordre="6" r="91" source="colorific" type="frg">#5b4c49</contenuImg>
            <contenuImg b="107" coul="1" g="92" ordre="5" r="132" source="colorific" type="frg">#845c6b</contenuImg>
            <contenuImg b="0" coul="1" g="0" ordre="4" r="0" source="colorific" type="frg">#000000</contenuImg>
            <contenuImg b="208" coul="1" g="188" ordre="3" r="163" source="colorific" type="frg">#a3bcd0</contenuImg>
            <contenuImg b="102" coul="1" g="145" ordre="2" r="179" source="colorific" type="frg">#b39166</contenuImg>
            <contenuImg b="36" coul="1" g="38" ordre="1" r="37" source="colorific" type="frg">#252624</contenuImg>
            <contenuImg CS="1.0" lang="en" source="md">decorative patterns</contenuImg>
            <contenuImg CS="1.0" lang="en" source="md">stylized leaves (ornament)</contenuImg>
            <contenuImg CS="1.0" lang="en" source="md">stylized flowers (ornament)</contenuImg>
            <contenuImg CS="1.0" lang="en" source="md">curly</contenuImg>
            <contenuImg CS="0.09" coul="1" lang="en" source="google">black</contenuImg>
            <contenuImg CS="0.11" coul="1" lang="en" source="google">violet</contenuImg>
            <contenuImg CS="0.16" coul="1" lang="en" source="google">tan</contenuImg>
            <contenuImg CS="0.86" coul="1" lang="en" source="google">lightgray</contenuImg>
            <contenuImg CS="0.07" coul="1" lang="en" source="google">silver</contenuImg>
            <contenuImg CS="0.17" coul="1" lang="en" source="google">pink</contenuImg>
            <contenuImg CS="0.48" coul="1" lang="en" source="google">black</contenuImg>
            <contenuImg CS="1.96" coul="1" lang="en" source="google">silver</contenuImg>
            <contenuImg CS="0.56" h="3472" lang="en" source="google" w="2607" x="1141" y="406.4">Pattern</contenuImg>
            <contenuImg CS="0.69" h="3472" lang="en" source="google" w="2607" x="1141" y="406.4">Font</contenuImg>
            <tech source="final">estampe/gravure</tech>
            <fonction source="md">papier-peint</fonction>
            <fonction source="final">papier-peint</fonction>
            <tech CS="1" source="hm">estampe/gravure</tech>
            <theme CS="1" source="md">0</theme>
            <contenuImg CS="1.0" lang="fr" source="md">Frises</contenuImg>
            <contenuImg CS="1.0" lang="fr" source="md">Fleurs stylisées (ornement)</contenuImg>
            <contenuImg CS="1.0" lang="fr" source="md">Feuilles stylisées (ornement)</contenuImg>
            <contenuImg CS="1.0" lang="fr" source="md">Motifs décoratifs</contenuImg>
            <titraille>Bordure : papier peint</titraille>
          </ill>
        </ills>
      </page>
    </pages>
  </contenus>
</analyseAlto>