<analyseAlto>
  <metad>
    <type>I</type>
    <ID>btv1b6901523w</ID>
    <titre>Bordure : papier peint</titre>
    <dateEdition>1799</dateEdition>
    <auteur>inconnu</auteur>
    <lang>fre</lang>
    <source>Bibliothèque nationale de France, département Estampes et photographie, EST LI-19</source>
    <sujet>Bambous -- Végétaux stylisés -- Motifs décoratifs</sujet>
    <descr>Appartient à l’ensemble documentaire : PaPeint18 -- Papier peint</descr>
    <format>inconnu</format>
    <couverture>inconnu</couverture>
    <largeurPx>8024</largeurPx>
    <hauteurPx>6336</hauteurPx>
    <ocr>false</ocr>
    <toc>false</toc>
    <caption>false</caption>
    <nbPage>1</nbPage>
  </metad>
  <contenus ocr="false" toc="false">
    <largeur>339</largeur>
    <hauteur>268</hauteur>
    <largeurPx>8024</largeurPx>
    <hauteurPx>6336</hauteurPx>
    <pages>
      <page ordre="1">
        <blocIll ocr="1">1</blocIll>
        <ills>
          <ill classif="CCgoogle" couleur="coul" h="6336" hash="ff80ff80c580ff80" n="1-1" taille="23" w="8024" x="1" y="1">
            <contenuImg CS="0.69" h="3372" lang="fr" source="google" w="1890" x="2084.4" y="633.6">bois</contenuImg>
            <contenuImg CS="0.51" h="3372" lang="fr" source="google" w="1890" x="2084.4" y="633.6">métal</contenuImg>
            <contenuImg CS="0.81" coul="1" lang="fr" source="google">vert cuivre foncé</contenuImg>
            <contenuImg CS="0.30" coul="1" lang="fr" source="google">gris clair</contenuImg>
            <contenuImg CS="0.06" coul="1" lang="fr" source="google">brun foncé</contenuImg>
            <contenuImg CS="0.38" coul="1" lang="fr" source="google">morceaux de chocolat</contenuImg>
            <contenuImg CS="0.30" coul="1" lang="fr" source="google">bleuet</contenuImg>
            <contenuImg CS="0.29" coul="1" lang="fr" source="google">vert citron</contenuImg>
            <contenuImg b="87" coul="1" g="85" ordre="6" r="63" source="colorific" type="frg">#3f5557</contenuImg>
            <contenuImg b="77" coul="1" g="62" ordre="5" r="60" source="colorific" type="frg">#3c3e4d</contenuImg>
            <contenuImg b="131" coul="1" g="112" ordre="4" r="105" source="colorific" type="frg">#697083</contenuImg>
            <contenuImg b="77" coul="1" g="107" ordre="3" r="134" source="colorific" type="frg">#866b4d</contenuImg>
            <contenuImg b="255" coul="1" g="255" ordre="2" r="255" source="colorific" type="frg">#ffffff</contenuImg>
            <contenuImg b="127" coul="1" g="182" ordre="1" r="202" source="colorific" type="frg">#cab67f</contenuImg>
            <contenuImg CS="1.0" lang="en" source="md">decorative patterns</contenuImg>
            <contenuImg CS="1.0" lang="en" source="md">stylized plants</contenuImg>
            <contenuImg CS="1.0" lang="en" source="md">bamboos (plants)</contenuImg>
            <contenuImg CS="0.29" coul="1" lang="en" source="google">limegreen</contenuImg>
            <contenuImg CS="0.30" coul="1" lang="en" source="google">cornflowerblue</contenuImg>
            <contenuImg CS="0.38" coul="1" lang="en" source="google">semisweetchocolate</contenuImg>
            <contenuImg CS="0.06" coul="1" lang="en" source="google">darktan</contenuImg>
            <contenuImg CS="0.30" coul="1" lang="en" source="google">lightgray</contenuImg>
            <contenuImg CS="0.81" coul="1" lang="en" source="google">darkgreencopper</contenuImg>
            <contenuImg CS="0.51" h="3372" lang="en" source="google" w="1890" x="2084.4" y="633.6">Metal</contenuImg>
            <contenuImg CS="0.69" h="3372" lang="en" source="google" w="1890" x="2084.4" y="633.6">Wood</contenuImg>
            <tech source="final">estampe/gravure</tech>
            <fonction source="md">papier-peint</fonction>
            <fonction source="final">papier-peint</fonction>
            <tech CS="1" source="hm">estampe/gravure</tech>
            <theme CS="1" source="md">0</theme>
            <contenuImg CS="1.0" lang="fr" source="md">Bambous</contenuImg>
            <contenuImg CS="1.0" lang="fr" source="md">Végétaux stylisés</contenuImg>
            <contenuImg CS="1.0" lang="fr" source="md">Motifs décoratifs</contenuImg>
            <titraille>Bordure : papier peint</titraille>
          </ill>
        </ills>
      </page>
    </pages>
  </contenus>
</analyseAlto>