<analyseAlto>
  <metad>
    <type>I</type>
    <ID>btv1b69007520</ID>
    <titre>Manufacture Jacquemart et Bénard. Bordure. Deux bandes de frise d_arceaux en ogive et fruit de fantaisie, sur une ligne d'étoiles : papier peint</titre>
    <dateEdition>1803</dateEdition>
    <auteur>Jacquemart et Bénard (Manufacture). Fonction indéterminée</auteur>
    <lang>fre</lang>
    <source>Bibliothèque nationale de France</source>
    <sujet>Frises -- Étoiles -- Arceaux -- Ogives -- Fruits de fantaisie (ornement) -- Motifs décoratifs -- 1800-1869</sujet>
    <descr>Appartient à l’ensemble documentaire : PaPeint18 -- Papier peint</descr>
    <format>inconnu</format>
    <couverture>inconnu</couverture>
    <largeurPx>5992</largeurPx>
    <hauteurPx>3488</hauteurPx>
    <ocr>false</ocr>
    <toc>false</toc>
    <nbPage>1</nbPage>
  </metad>
  <contenus ocr="false" toc="false">
    <largeur>253</largeur>
    <hauteur>147</hauteur>
    <largeurPx>5992</largeurPx>
    <hauteurPx>3488</hauteurPx>
    <pages>
      <page ordre="1">
        <blocIll ocr="1">1</blocIll>
        <ills>
          <ill classif="CCgoogle" couleur="coul" h="3488" hash="ec6eee00fccdd500" n="1-1" taille="9" w="5992" x="1" y="1">
            <contenuImg CS="0.33" coul="1" lang="fr" source="google">bronze</contenuImg>
            <contenuImg CS="0.69" lang="fr" source="google">art floral</contenuImg>
            <contenuImg CS="0.66" lang="fr" source="google">modèle motif</contenuImg>
            <contenuImg CS="0.76" h="3320" lang="fr" source="google" w="3325" x="2024.2" y="348.8">feuille</contenuImg>
            <contenuImg CS="0.74" h="3320" lang="fr" source="google" w="3325" x="2024.2" y="348.8">bois</contenuImg>
            <contenuImg CS="0.72" h="3320" lang="fr" source="google" w="3325" x="2024.2" y="348.8">fleur</contenuImg>
            <contenuImg CS="0.69" h="3320" lang="fr" source="google" w="3325" x="2024.2" y="348.8">plante</contenuImg>
            <contenuImg CS="0.66" lang="fr" source="google">modèle</contenuImg>
            <contenuImg CS="0.62" lang="fr" source="google">symétrie</contenuImg>
            <contenuImg CS="0.62" lang="fr" source="google">sculpture</contenuImg>
            <contenuImg CS="0.56" lang="fr" source="google">façade</contenuImg>
            <contenuImg CS="0.55" lang="fr" source="google">arts visuels</contenuImg>
            <contenuImg CS="0.83" coul="1" lang="fr" source="google">morceaux de chocolat</contenuImg>
            <contenuImg CS="0.77" coul="1" lang="fr" source="google">vert cuivre foncé</contenuImg>
            <contenuImg CS="0.56" coul="1" lang="fr" source="google">gris clair</contenuImg>
            <contenuImg CS="0.55" coul="1" lang="fr" source="google">chocolat à pâtisser</contenuImg>
            <contenuImg CS="0.34" coul="1" lang="fr" source="google">feldspath</contenuImg>
            <contenuImg b="33" coul="1" g="54" r="82" source="colorific" type="bkg">#523621</contenuImg>
            <contenuImg b="74" coul="1" g="79" ordre="5" r="46" source="colorific" type="frg">#2e4f4a</contenuImg>
            <contenuImg b="32" coul="1" g="62" ordre="4" r="162" source="colorific" type="frg">#a23e20</contenuImg>
            <contenuImg b="40" coul="1" g="44" ordre="3" r="24" source="colorific" type="frg">#182c28</contenuImg>
            <contenuImg b="125" coul="1" g="128" ordre="2" r="85" source="colorific" type="frg">#55807d</contenuImg>
            <contenuImg b="77" coul="1" g="138" ordre="1" r="181" source="colorific" type="frg">#b58a4d</contenuImg>
            <contenuImg CS="1.0" lang="en" source="md">decorative patterns - 1800-1869</contenuImg>
            <contenuImg CS="1.0" lang="en" source="md">Fancy fruits (ornament)</contenuImg>
            <contenuImg CS="1.0" lang="en" source="md">warheads</contenuImg>
            <contenuImg CS="1.0" lang="en" source="md">hoops</contenuImg>
            <contenuImg CS="1.0" lang="en" source="md">stars</contenuImg>
            <contenuImg CS="1.0" lang="en" source="md">curly</contenuImg>
            <contenuImg CS="0.33" coul="1" lang="en" source="google">bronzeii</contenuImg>
            <contenuImg CS="0.34" coul="1" lang="en" source="google">feldspar</contenuImg>
            <contenuImg CS="0.55" coul="1" lang="en" source="google">bakerschocolate</contenuImg>
            <contenuImg CS="0.56" coul="1" lang="en" source="google">lightgrey</contenuImg>
            <contenuImg CS="0.09" coul="1" lang="en" source="google">bronzeii</contenuImg>
            <contenuImg CS="0.77" coul="1" lang="en" source="google">darkgreencopper</contenuImg>
            <contenuImg CS="0.83" coul="1" lang="en" source="google">semisweetchocolate</contenuImg>
            <contenuImg CS="0.55" lang="en" source="google">Visual arts</contenuImg>
            <contenuImg CS="0.56" lang="en" source="google">Facade</contenuImg>
            <contenuImg CS="0.62" lang="en" source="google">Carving</contenuImg>
            <contenuImg CS="0.62" lang="en" source="google">Symmetry</contenuImg>
            <contenuImg CS="0.66" lang="en" source="google">Pattern</contenuImg>
            <contenuImg CS="0.69" lang="en" source="google">Floral design</contenuImg>
            <contenuImg CS="0.69" h="3320" lang="en" source="google" w="3325" x="2024.2" y="348.8">Plant</contenuImg>
            <contenuImg CS="0.72" h="3320" lang="en" source="google" w="3325" x="2024.2" y="348.8">Flower</contenuImg>
            <contenuImg CS="0.74" h="3320" lang="en" source="google" w="3325" x="2024.2" y="348.8">Wood</contenuImg>
            <contenuImg CS="0.76" h="3320" lang="en" source="google" w="3325" x="2024.2" y="348.8">Leaf</contenuImg>
            <tech source="final">estampe/gravure</tech>
            <fonction source="md">papier-peint</fonction>
            <fonction source="final">papier-peint</fonction>
            <tech CS="1" source="hm">estampe/gravure</tech>
            <theme CS="1" source="md">0</theme>
            <contenuImg CS="1.0" lang="fr" source="md">Frises</contenuImg>
            <contenuImg CS="1.0" lang="fr" source="md">Étoiles</contenuImg>
            <contenuImg CS="1.0" lang="fr" source="md">Arceaux</contenuImg>
            <contenuImg CS="1.0" lang="fr" source="md">Ogives</contenuImg>
            <contenuImg CS="1.0" lang="fr" source="md">Fruits de fantaisie (ornement)</contenuImg>
            <contenuImg CS="1.0" lang="fr" source="md">Motifs décoratifs -- 1800-1869</contenuImg>
            <titraille>Manufacture Jacquemart et Bénard. Bordure. Deux bandes de frise d_arceaux en ogive et fruit de fantaisie, sur une ligne d'étoiles : papier peint</titraille>
          </ill>
        </ills>
      </page>
    </pages>
  </contenus>
</analyseAlto>