<analyseAlto>
  <metad>
    <type>I</type>
    <ID>btv1b6900537m</ID>
    <titre>Manufacture Jacquemart et Bénard. Bordure. deux bandes de frise principale alternant feuilles d_acanthe en camaïeu et fleurs stylisées : papier peint</titre>
    <dateEdition>1800</dateEdition>
    <auteur>inconnu</auteur>
    <lang>fre</lang>
    <source>Bibliothèque nationale de France</source>
    <sujet>Frises -- Acanthes -- Caissons (architecture) -- Camaïeu, Peinture en -- Fleurs stylisées (ornement) -- Rangs de perles (ornement) -- Coeur (ornement) -- Rosettes (ornement) -- Motifs décoratifs -- 1800-1869</sujet>
    <descr>Appartient à l’ensemble documentaire : PaPeint18 -- Papier peint</descr>
    <format>inconnu</format>
    <couverture>inconnu</couverture>
    <largeurPx>6816</largeurPx>
    <hauteurPx>6816</hauteurPx>
    <ocr>false</ocr>
    <toc>false</toc>
    <nbPage>1</nbPage>
  </metad>
  <contenus ocr="false" toc="false">
    <largeur>288</largeur>
    <hauteur>288</hauteur>
    <largeurPx>6816</largeurPx>
    <hauteurPx>6816</hauteurPx>
    <pages>
      <page ordre="1">
        <blocIll ocr="1">1</blocIll>
        <ills>
          <ill classif="CCgoogle" couleur="coul" h="6816" hash="ff8080b6ffb6008b" n="1-1" taille="21" w="6816" x="1" y="1">
            <contenuImg CS="0.91" coul="1" h="5823" lang="fr" source="google" w="3261" x="2137.6" y="681.6">vert</contenuImg>
            <contenuImg CS="0.69" h="5823" lang="fr" source="google" w="3261" x="2137.6" y="681.6">police de caractère</contenuImg>
            <contenuImg CS="0.56" h="5823" lang="fr" source="google" w="3261" x="2137.6" y="681.6">modèle motif</contenuImg>
            <contenuImg CS="0.58" b="72" coul="1" g="120" lang="fr" r="145" source="google">bronze</contenuImg>
            <contenuImg CS="0.23" b="113" coul="1" g="126" lang="fr" r="88" source="google">vert cuivre foncé</contenuImg>
            <contenuImg CS="0.42" b="176" coul="1" g="193" lang="fr" r="211" source="google">argent</contenuImg>
            <contenuImg CS="0.29" b="50" coul="1" g="82" lang="fr" r="94" source="google">vert olive foncé</contenuImg>
            <contenuImg CS="0.19" b="35" coul="1" g="81" lang="fr" r="98" source="google">morceaux de chocolat</contenuImg>
            <contenuImg CS="0.18" b="24" coul="1" g="55" lang="fr" r="63" source="google">chocolat à pâtisser</contenuImg>
            <contenuImg CS="0.17" b="82" coul="1" g="96" lang="fr" r="51" source="google">gris ardoise foncé</contenuImg>
            <contenuImg CS="0.17" b="82" coul="1" g="96" lang="en" r="51" source="google">darkslategrey</contenuImg>
            <contenuImg CS="0.18" b="24" coul="1" g="55" lang="en" r="63" source="google">bakerschocolate</contenuImg>
            <contenuImg CS="0.19" b="35" coul="1" g="81" lang="en" r="98" source="google">semisweetchocolate</contenuImg>
            <contenuImg CS="0.23" b="138" coul="1" g="147" r="160" source="google">#a0938a</contenuImg>
            <contenuImg CS="0.29" b="50" coul="1" g="82" lang="en" r="94" source="google">darkolivegreen</contenuImg>
            <contenuImg CS="0.39" b="92" coul="1" g="119" r="137" source="google">#89775c</contenuImg>
            <contenuImg CS="0.42" b="176" coul="1" g="193" lang="en" r="211" source="google">silver</contenuImg>
            <contenuImg CS="0.23" b="113" coul="1" g="126" lang="en" r="88" source="google">darkgreencopper</contenuImg>
            <contenuImg CS="0.57" b="128" coul="1" g="151" r="170" source="google">#aa9780</contenuImg>
            <contenuImg CS="0.58" b="72" coul="1" g="120" lang="en" r="145" source="google">bronze</contenuImg>
            <contenuImg CS="0.56" h="5823" lang="en" source="google" w="3261" x="2137.6" y="681.6">Pattern</contenuImg>
            <contenuImg CS="0.69" h="5823" lang="en" source="google" w="3261" x="2137.6" y="681.6">Font</contenuImg>
            <contenuImg CS="0.91" coul="1" h="5823" lang="en" source="google" w="3261" x="2137.6" y="681.6">Green</contenuImg>
            <contenuImg b="125" coul="1" g="131" r="150" source="colorific" type="bkg">#96837d</contenuImg>
            <contenuImg b="255" coul="1" g="255" ordre="6" r="255" source="colorific" type="frg">#ffffff</contenuImg>
            <contenuImg b="45" coul="1" g="57" ordre="5" r="25" source="colorific" type="frg">#19392d</contenuImg>
            <contenuImg b="99" coul="1" g="108" ordre="4" r="68" source="colorific" type="frg">#446c63</contenuImg>
            <contenuImg b="19" coul="1" g="41" ordre="3" r="51" source="colorific" type="frg">#332913</contenuImg>
            <contenuImg b="37" coul="1" g="66" ordre="2" r="56" source="colorific" type="frg">#384225</contenuImg>
            <contenuImg b="69" coul="1" g="117" ordre="1" r="146" source="colorific" type="frg">#927545</contenuImg>
            <contenuImg CS="1.0" lang="en" source="md">decorative patterns - 1800-1869</contenuImg>
            <contenuImg CS="1.0" lang="en" source="md">rosettes (ornament)</contenuImg>
            <contenuImg CS="1.0" lang="en" source="md">heart (ornament)</contenuImg>
            <contenuImg CS="1.0" lang="en" source="md">rows of pearls (ornament)</contenuImg>
            <contenuImg CS="1.0" lang="en" source="md">stylized flowers (ornament)</contenuImg>
            <contenuImg CS="1.0" lang="en" source="md">camaïeu painting</contenuImg>
            <contenuImg CS="1.0" lang="en" source="md">coffered ceiling (architecture)</contenuImg>
            <contenuImg CS="1.0" lang="en" source="md">acanthus</contenuImg>
            <contenuImg CS="1.0" lang="en" source="md">curly</contenuImg>
            <tech source="final">estampe/gravure</tech>
            <fonction source="md">papier-peint</fonction>
            <fonction source="final">papier-peint</fonction>
            <tech CS="1" source="hm">estampe/gravure</tech>
            <theme CS="1" source="md">0</theme>
            <contenuImg CS="1.0" lang="fr" source="md">Frises</contenuImg>
            <contenuImg CS="1.0" lang="fr" source="md">Acanthes</contenuImg>
            <contenuImg CS="1.0" lang="fr" source="md">Caissons (architecture)</contenuImg>
            <contenuImg CS="1.0" lang="fr" source="md">Peinture en camaïeu</contenuImg>
            <contenuImg CS="1.0" lang="fr" source="md">Fleurs stylisées (ornement)</contenuImg>
            <contenuImg CS="1.0" lang="fr" source="md">Rangs de perles (ornement)</contenuImg>
            <contenuImg CS="1.0" lang="fr" source="md">Coeur (ornement)</contenuImg>
            <contenuImg CS="1.0" lang="fr" source="md">Rosettes (ornement)</contenuImg>
            <contenuImg CS="1.0" lang="fr" source="md">Motifs décoratifs -- 1800-1869</contenuImg>
            <titraille>Manufacture Jacquemart et Bénard. Bordure. deux bandes de frise principale alternant feuilles d_acanthe en camaïeu et fleurs stylisées : papier peint</titraille>
          </ill>
        </ills>
      </page>
    </pages>
  </contenus>
</analyseAlto>