<analyseAlto>
  <metad>
    <type>I</type>
    <ID>btv1b6901204h</ID>
    <titre>Papier à motif répétitif : papier peint</titre>
    <dateEdition>1800</dateEdition>
    <auteur>inconnu</auteur>
    <lang>fre</lang>
    <source>Bibliothèque nationale de France, département Estampes et photographie, EST LI-18</source>
    <sujet>Pervenches -- Arceaux -- Fleurs (ornement) -- Végétaux stylisés -- Fuseaux (ornement) -- Motifs décoratifs</sujet>
    <descr>Appartient à l’ensemble documentaire : PaPeint18 -- Papier peint</descr>
    <format>inconnu</format>
    <couverture>inconnu</couverture>
    <largeurPx>5048</largeurPx>
    <hauteurPx>7056</hauteurPx>
    <ocr>false</ocr>
    <toc>false</toc>
    <caption>false</caption>
    <nbPage>1</nbPage>
  </metad>
  <contenus ocr="false" toc="false">
    <largeur>213</largeur>
    <hauteur>298</hauteur>
    <largeurPx>5048</largeurPx>
    <hauteurPx>7056</hauteurPx>
    <pages>
      <page ordre="1">
        <blocIll ocr="1">1</blocIll>
        <ills>
          <ill classif="CCgoogle" couleur="coul" h="7056" hash="fffb0992ffc20100" n="1-1" taille="16" w="5048" x="1" y="1">
            <contenuImg CS="0.78" lang="fr" source="google">conception</contenuImg>
            <contenuImg CS="0.80" h="2303" lang="fr" source="google" w="3054" x="504.8" y="1688.6">botanique</contenuImg>
            <contenuImg CS="0.72" lang="fr" source="google">art floral</contenuImg>
            <contenuImg CS="0.69" lang="fr" source="google">pédicelle</contenuImg>
            <contenuImg CS="0.94" h="2303" lang="fr" source="google" w="3054" x="504.8" y="1688.6">modèle motif</contenuImg>
            <contenuImg CS="0.94" h="2303" lang="fr" source="google" w="3054" x="504.8" y="1688.6">modèle</contenuImg>
            <contenuImg CS="0.94" coul="1" h="2303" lang="fr" source="google" w="3054" x="504.8" y="1688.6">vert</contenuImg>
            <contenuImg CS="0.82" coul="1" h="2303" lang="fr" source="google" w="3054" x="504.8" y="1688.6">marron</contenuImg>
            <contenuImg CS="0.78" lang="fr" source="google">design</contenuImg>
            <contenuImg CS="0.75" lang="fr" source="google">plante</contenuImg>
            <contenuImg CS="0.69" lang="fr" source="google">fleur</contenuImg>
            <contenuImg CS="0.69" lang="fr" source="google">arts visuels</contenuImg>
            <contenuImg CS="0.85" coul="1" lang="fr" source="google">marron foncé</contenuImg>
            <contenuImg CS="0.80" coul="1" lang="fr" source="google">gris foncé</contenuImg>
            <contenuImg CS="0.49" coul="1" lang="fr" source="google">vieux rose</contenuImg>
            <contenuImg CS="0.46" coul="1" lang="fr" source="google">vert cuivre foncé</contenuImg>
            <contenuImg CS="0.22" coul="1" lang="fr" source="google">vert foncé</contenuImg>
            <contenuImg b="54" coul="1" g="74" r="69" source="colorific" type="bkg">#454a36</contenuImg>
            <contenuImg b="113" coul="1" g="137" ordre="6" r="108" source="colorific" type="frg">#6c8971</contenuImg>
            <contenuImg b="74" coul="1" g="79" ordre="5" r="47" source="colorific" type="frg">#2f4f4a</contenuImg>
            <contenuImg b="69" coul="1" g="66" ordre="4" r="91" source="colorific" type="frg">#5b4245</contenuImg>
            <contenuImg b="18" coul="1" g="19" ordre="3" r="44" source="colorific" type="frg">#2c1312</contenuImg>
            <contenuImg b="28" coul="1" g="34" ordre="2" r="12" source="colorific" type="frg">#0c221c</contenuImg>
            <contenuImg b="46" coul="1" g="62" ordre="1" r="79" source="colorific" type="frg">#4f3e2e</contenuImg>
            <contenuImg CS="1.0" lang="en" source="md">decorative patterns</contenuImg>
            <contenuImg CS="1.0" lang="en" source="md">spindles (ornament)</contenuImg>
            <contenuImg CS="1.0" lang="en" source="md">stylized plants</contenuImg>
            <contenuImg CS="1.0" lang="en" source="md">flowers (ornament)</contenuImg>
            <contenuImg CS="1.0" lang="en" source="md">hoops</contenuImg>
            <contenuImg CS="1.0" lang="en" source="md">periwinkles (birds)</contenuImg>
            <contenuImg CS="0.22" coul="1" lang="en" source="google">darkgreen</contenuImg>
            <contenuImg CS="0.46" coul="1" lang="en" source="google">darkgreencopper</contenuImg>
            <contenuImg CS="0.49" coul="1" lang="en" source="google">dustyrose</contenuImg>
            <contenuImg CS="0.56" coul="1" lang="en" source="google">darkgreen</contenuImg>
            <contenuImg CS="0.80" coul="1" lang="en" source="google">dimgrey</contenuImg>
            <contenuImg CS="0.63" coul="1" lang="en" source="google">darkgray</contenuImg>
            <contenuImg CS="0.85" coul="1" lang="en" source="google">darkbrown</contenuImg>
            <contenuImg CS="0.69" lang="en" source="google">Visual arts</contenuImg>
            <contenuImg CS="0.69" lang="en" source="google">Pedicel</contenuImg>
            <contenuImg CS="0.69" lang="en" source="google">Flower</contenuImg>
            <contenuImg CS="0.72" lang="en" source="google">Floral design</contenuImg>
            <contenuImg CS="0.75" lang="en" source="google">Plant</contenuImg>
            <contenuImg CS="0.78" lang="en" source="google">Design</contenuImg>
            <contenuImg CS="0.80" h="2303" lang="en" source="google" w="3054" x="504.8" y="1688.6">Botany</contenuImg>
            <contenuImg CS="0.82" coul="1" h="2303" lang="en" source="google" w="3054" x="504.8" y="1688.6">Brown</contenuImg>
            <contenuImg CS="0.94" coul="1" h="2303" lang="en" source="google" w="3054" x="504.8" y="1688.6">Green</contenuImg>
            <contenuImg CS="0.94" h="2303" lang="en" source="google" w="3054" x="504.8" y="1688.6">Pattern</contenuImg>
            <tech source="final">estampe/gravure</tech>
            <fonction source="md">papier-peint</fonction>
            <fonction source="final">papier-peint</fonction>
            <tech CS="1" source="hm">estampe/gravure</tech>
            <theme CS="1" source="md">0</theme>
            <contenuImg CS="1.0" lang="fr" source="md">Pervenches</contenuImg>
            <contenuImg CS="1.0" lang="fr" source="md">Arceaux</contenuImg>
            <contenuImg CS="1.0" lang="fr" source="md">Fleurs (ornement)</contenuImg>
            <contenuImg CS="1.0" lang="fr" source="md">Végétaux stylisés</contenuImg>
            <contenuImg CS="1.0" lang="fr" source="md">Fuseaux (ornement)</contenuImg>
            <contenuImg CS="1.0" lang="fr" source="md">Motifs décoratifs</contenuImg>
            <titraille>Papier à motif répétitif : papier peint</titraille>
          </ill>
        </ills>
      </page>
    </pages>
  </contenus>
</analyseAlto>