<analyseAlto>
  <metad>
    <type>I</type>
    <ID>btv1b69013236</ID>
    <titre>Papier à motif répétitif : papier peint</titre>
    <dateEdition>1801</dateEdition>
    <auteur>inconnu</auteur>
    <lang>fre</lang>
    <source>Bibliothèque nationale de France, département Estampes et photographie, EST LI-22</source>
    <sujet>Ornements géométriques -- Bandes -- Chevrons -- Fleurons (ornement) -- Motifs décoratifs</sujet>
    <descr>Appartient à l’ensemble documentaire : PaPeint18 -- Papier peint</descr>
    <format>inconnu</format>
    <couverture>inconnu</couverture>
    <largeurPx>6168</largeurPx>
    <hauteurPx>4248</hauteurPx>
    <ocr>false</ocr>
    <toc>false</toc>
    <caption>false</caption>
    <nbPage>1</nbPage>
  </metad>
  <contenus ocr="false" toc="false">
    <largeur>261</largeur>
    <hauteur>179</hauteur>
    <largeurPx>6168</largeurPx>
    <hauteurPx>4248</hauteurPx>
    <pages>
      <page ordre="1">
        <blocIll ocr="1">1</blocIll>
        <ills>
          <ill classif="CCgoogle" couleur="coul" h="4248" hash="aa55bdaa55a850d5" n="1-1" taille="12" w="6168" x="1" y="1">
            <contenuImg CS="0.79" h="2940" lang="fr" source="google" w="1648" x="1043.8" y="424.8">conception</contenuImg>
            <contenuImg CS="0.63" lang="fr" source="google">modèle motif</contenuImg>
            <contenuImg CS="0.79" h="2940" lang="fr" source="google" w="1648" x="1043.8" y="424.8">design</contenuImg>
            <contenuImg CS="0.75" h="2940" lang="fr" source="google" w="1648" x="1043.8" y="424.8">ligne</contenuImg>
            <contenuImg CS="0.72" lang="fr" source="google">organisme</contenuImg>
            <contenuImg CS="0.67" lang="fr" source="google">plante</contenuImg>
            <contenuImg CS="0.63" lang="fr" source="google">modèle</contenuImg>
            <contenuImg CS="0.56" lang="fr" source="google">fleur</contenuImg>
            <contenuImg CS="0.54" lang="fr" source="google">fond d'écran</contenuImg>
            <contenuImg CS="0.52" lang="fr" source="google">symétrie</contenuImg>
            <contenuImg CS="1.20" coul="1" lang="fr" source="google">vert cuivre</contenuImg>
            <contenuImg CS="0.29" coul="1" lang="fr" source="google">argent</contenuImg>
            <contenuImg CS="0.26" coul="1" lang="fr" source="google">gris foncé</contenuImg>
            <contenuImg CS="0.22" coul="1" lang="fr" source="google">vert foncé</contenuImg>
            <contenuImg CS="0.21" coul="1" lang="fr" source="google">noir</contenuImg>
            <contenuImg CS="0.17" coul="1" lang="fr" source="google">gris</contenuImg>
            <contenuImg CS="0.14" coul="1" lang="fr" source="google">rose</contenuImg>
            <contenuImg b="100" coul="1" g="119" r="116" source="colorific" type="bkg">#747764</contenuImg>
            <contenuImg b="165" coul="1" g="171" ordre="6" r="161" source="colorific" type="frg">#a1aba5</contenuImg>
            <contenuImg b="27" coul="1" g="40" ordre="5" r="33" source="colorific" type="frg">#21281b</contenuImg>
            <contenuImg b="255" coul="1" g="255" ordre="4" r="255" source="colorific" type="frg">#ffffff</contenuImg>
            <contenuImg b="0" coul="1" g="0" ordre="3" r="0" source="colorific" type="frg">#000000</contenuImg>
            <contenuImg b="140" coul="1" g="141" ordre="2" r="175" source="colorific" type="frg">#af8d8c</contenuImg>
            <contenuImg b="128" coul="1" g="138" ordre="1" r="151" source="colorific" type="frg">#978a80</contenuImg>
            <contenuImg CS="1.0" lang="en" source="md">decorative patterns</contenuImg>
            <contenuImg CS="1.0" lang="en" source="md">flowerets (ornament)</contenuImg>
            <contenuImg CS="1.0" lang="en" source="md">rafters</contenuImg>
            <contenuImg CS="1.0" lang="en" source="md">stripes</contenuImg>
            <contenuImg CS="1.0" lang="en" source="md">geometric ornaments</contenuImg>
            <contenuImg CS="0.14" coul="1" lang="en" source="google">pink</contenuImg>
            <contenuImg CS="0.17" coul="1" lang="en" source="google">gray</contenuImg>
            <contenuImg CS="0.21" coul="1" lang="en" source="google">black</contenuImg>
            <contenuImg CS="0.22" coul="1" lang="en" source="google">darkgreen</contenuImg>
            <contenuImg CS="0.26" coul="1" lang="en" source="google">dimgrey</contenuImg>
            <contenuImg CS="0.29" coul="1" lang="en" source="google">silver</contenuImg>
            <contenuImg CS="0.45" coul="1" lang="en" source="google">pink</contenuImg>
            <contenuImg CS="1.20" coul="1" lang="en" source="google">greencopper</contenuImg>
            <contenuImg CS="1.28" coul="1" lang="en" source="google">gray</contenuImg>
            <contenuImg CS="0.52" lang="en" source="google">Symmetry</contenuImg>
            <contenuImg CS="0.54" lang="en" source="google">Wallpaper</contenuImg>
            <contenuImg CS="0.56" lang="en" source="google">Flower</contenuImg>
            <contenuImg CS="0.63" lang="en" source="google">Pattern</contenuImg>
            <contenuImg CS="0.67" lang="en" source="google">Plant</contenuImg>
            <contenuImg CS="0.72" lang="en" source="google">Organism</contenuImg>
            <contenuImg CS="0.75" h="2940" lang="en" source="google" w="1648" x="1043.8" y="424.8">Line</contenuImg>
            <contenuImg CS="0.79" h="2940" lang="en" source="google" w="1648" x="1043.8" y="424.8">Design</contenuImg>
            <contenuImg CS="0.81" coul="1" h="2940" lang="en" source="google" w="1648" x="1043.8" y="424.8">Pink</contenuImg>
            <contenuImg CS="0.94" h="2940" lang="en" source="google" w="1648" x="1043.8" y="424.8">Pattern</contenuImg>
            <tech source="final">estampe/gravure</tech>
            <fonction source="md">papier-peint</fonction>
            <fonction source="final">papier-peint</fonction>
            <tech CS="1" source="hm">estampe/gravure</tech>
            <theme CS="1" source="md">0</theme>
            <contenuImg CS="1.0" lang="fr" source="md">Ornements géométriques</contenuImg>
            <contenuImg CS="1.0" lang="fr" source="md">Bandes</contenuImg>
            <contenuImg CS="1.0" lang="fr" source="md">Chevrons</contenuImg>
            <contenuImg CS="1.0" lang="fr" source="md">Fleurons (ornement)</contenuImg>
            <contenuImg CS="1.0" lang="fr" source="md">Motifs décoratifs</contenuImg>
            <titraille>Papier à motif répétitif : papier peint</titraille>
          </ill>
        </ills>
      </page>
    </pages>
  </contenus>
</analyseAlto>