<analyseAlto>
  <metad>
    <type>I</type>
    <ID>btv1b6900288w</ID>
    <titre>Papier à motif répétitif : papier peint</titre>
    <dateEdition>1802</dateEdition>
    <auteur>inconnu</auteur>
    <lang>fre</lang>
    <source>Bibliothèque nationale de France, département Estampes et photographie, EST LI-23</source>
    <sujet>Murs -- Pierre à bâtir -- Trompe-l_oeil (ornement) -- Motifs décoratifs</sujet>
    <descr>Appartient à l’ensemble documentaire : PaPeint18 -- Papier peint</descr>
    <format>inconnu</format>
    <couverture>inconnu</couverture>
    <largeurPx>3752</largeurPx>
    <hauteurPx>1400</hauteurPx>
    <ocr>false</ocr>
    <toc>false</toc>
    <caption>false</caption>
    <nbPage>1</nbPage>
  </metad>
  <contenus ocr="false" toc="false">
    <largeur>158</largeur>
    <hauteur>59</hauteur>
    <largeurPx>3752</largeurPx>
    <hauteurPx>1400</hauteurPx>
    <pages>
      <page ordre="1">
        <blocIll ocr="1">1</blocIll>
        <ills>
          <ill classif="CCgoogle" couleur="coul" h="1400" hash="00ccdeded8d8de81" n="1-1" taille="2" w="3752" x="1" y="1">
            <contenuImg CS="0.00" coul="1" lang="fr" source="google">bronze</contenuImg>
            <contenuImg CS="0.59" lang="fr" source="google">calcaire</contenuImg>
            <contenuImg CS="0.94" h="2973" lang="fr" source="google" w="1662" x="375.2" y="140">mur</contenuImg>
            <contenuImg CS="0.89" coul="1" h="2973" lang="fr" source="google" w="1662" x="375.2" y="140">jaune</contenuImg>
            <contenuImg CS="0.79" coul="1" h="2973" lang="fr" source="google" w="1662" x="375.2" y="140">beige</contenuImg>
            <contenuImg CS="0.66" h="2973" lang="fr" source="google" w="1662" x="375.2" y="140">marbre</contenuImg>
            <contenuImg CS="0.63" lang="fr" source="google">brique</contenuImg>
            <contenuImg CS="0.61" lang="fr" source="google">béton</contenuImg>
            <contenuImg CS="4.80" coul="1" lang="fr" source="google">rose</contenuImg>
            <contenuImg CS="0.04" coul="1" lang="fr" source="google">vert olive foncé</contenuImg>
            <contenuImg CS="0.02" coul="1" lang="fr" source="google">vert jaune</contenuImg>
            <contenuImg CS="0.01" coul="1" lang="fr" source="google">vert citron</contenuImg>
            <contenuImg CS="0.00" coul="1" lang="fr" source="google">argent</contenuImg>
            <contenuImg b="113" coul="1" g="161" r="185" source="colorific" type="bkg">#b9a171</contenuImg>
            <contenuImg b="41" coul="1" g="59" ordre="2" r="61" source="colorific" type="frg">#3d3b29</contenuImg>
            <contenuImg b="159" coul="1" g="171" ordre="1" r="172" source="colorific" type="frg">#acab9f</contenuImg>
            <contenuImg CS="1.0" lang="en" source="md">decorative patterns</contenuImg>
            <contenuImg CS="1.0" lang="en" source="md">trompe-l'oeil (ornament)</contenuImg>
            <contenuImg CS="1.0" lang="en" source="md">building stone</contenuImg>
            <contenuImg CS="1.0" lang="en" source="md">walls</contenuImg>
            <contenuImg CS="0.00" coul="1" lang="en" source="google">silver</contenuImg>
            <contenuImg CS="0.00" coul="1" lang="en" source="google">bronzeii</contenuImg>
            <contenuImg CS="0.01" coul="1" lang="en" source="google">limegreen</contenuImg>
            <contenuImg CS="0.02" coul="1" lang="en" source="google">greenyellow</contenuImg>
            <contenuImg CS="0.04" coul="1" lang="en" source="google">darkolivegreen</contenuImg>
            <contenuImg CS="0.12" coul="1" lang="en" source="google">silver</contenuImg>
            <contenuImg CS="4.80" coul="1" lang="en" source="google">pink</contenuImg>
            <contenuImg CS="0.59" lang="en" source="google">Limestone</contenuImg>
            <contenuImg CS="0.61" lang="en" source="google">Concrete</contenuImg>
            <contenuImg CS="0.63" lang="en" source="google">Brick</contenuImg>
            <contenuImg CS="0.66" h="2973" lang="en" source="google" w="1662" x="375.2" y="140">Marble</contenuImg>
            <contenuImg CS="0.79" coul="1" h="2973" lang="en" source="google" w="1662" x="375.2" y="140">Beige</contenuImg>
            <contenuImg CS="0.89" h="2973" lang="en" source="google" w="1662" x="375.2" y="140">Yellow</contenuImg>
            <contenuImg CS="0.94" h="2973" lang="en" source="google" w="1662" x="375.2" y="140">Wall</contenuImg>
            <tech source="final">estampe/gravure</tech>
            <fonction source="md">papier-peint</fonction>
            <fonction source="final">papier-peint</fonction>
            <tech CS="1" source="hm">estampe/gravure</tech>
            <theme CS="1" source="md">0</theme>
            <contenuImg CS="1.0" lang="fr" source="md">Murs</contenuImg>
            <contenuImg CS="1.0" lang="fr" source="md">Pierre à bâtir</contenuImg>
            <contenuImg CS="1.0" lang="fr" source="md">Trompe-l'oeil (ornement)</contenuImg>
            <contenuImg CS="1.0" lang="fr" source="md">Motifs décoratifs</contenuImg>
            <titraille>Papier à motif répétitif : papier peint</titraille>
          </ill>
        </ills>
      </page>
    </pages>
  </contenus>
</analyseAlto>