<analyseAlto>
  <metad>
    <type>I</type>
    <ID>btv1b6900993m</ID>
    <titre>Manufacture Hubert et Dinan. Papier à motif répétitif. Motif répétitif à deux chemins, en quinconce avec un compartiment principal représentant une femme assise dans un char tiré par deux lions : papier peint</titre>
    <dateEdition>1799</dateEdition>
    <auteur>inconnu</auteur>
    <lang>fre</lang>
    <source>Bibliothèque nationale de France, département Estampes et photographie, EST LI-15</source>
    <sujet>Bas-reliefs -- Rosaces (architecture) -- Putti -- Termes (sculpture) -- Treillages -- Chars antiques -- Femmes -- Lion -- Animaux -- Instruments de musique -- Trompette -- Festons -- Feuillages stylisés -- Camaïeu, Peinture en -- Figures à l_antique -- Losanges (ornement) -- Motifs décoratifs -- 1789-1799</sujet>
    <descr>Appartient à l’ensemble documentaire : PaPeint18 -- Papier peint</descr>
    <format>inconnu</format>
    <couverture>inconnu</couverture>
    <largeurPx>6376</largeurPx>
    <hauteurPx>7672</hauteurPx>
    <ocr>false</ocr>
    <toc>false</toc>
    <caption>false</caption>
    <nbPage>1</nbPage>
  </metad>
  <contenus ocr="false" toc="false">
    <largeur>269</largeur>
    <hauteur>324</hauteur>
    <largeurPx>6376</largeurPx>
    <hauteurPx>7672</hauteurPx>
    <pages>
      <page ordre="1">
        <blocIll ocr="1">1</blocIll>
        <ills>
          <ill classif="CCgoogle" couleur="coul" h="7672" hash="7f7e5a18e7c28181" n="1-1" taille="22" w="6376" x="1" y="1">
            <contenuImg CS="0.56" lang="fr" source="google">modèle motif</contenuImg>
            <contenuImg CS="0.79" h="4270" lang="fr" source="google" w="2394" x="1169.6" y="767.2">organe</contenuImg>
            <contenuImg CS="0.69" h="4270" lang="fr" source="google" w="2394" x="1169.6" y="767.2">art</contenuImg>
            <contenuImg CS="0.66" h="4270" lang="fr" source="google" w="2394" x="1169.6" y="767.2">miniature</contenuImg>
            <contenuImg CS="0.65" h="4270" lang="fr" source="google" w="2394" x="1169.6" y="767.2">architecture</contenuImg>
            <contenuImg CS="0.64" lang="fr" source="google">illustration</contenuImg>
            <contenuImg CS="0.59" lang="fr" source="google">façade</contenuImg>
            <contenuImg CS="0.56" lang="fr" source="google">modèle</contenuImg>
            <contenuImg CS="0.55" lang="fr" source="google">arts visuels</contenuImg>
            <contenuImg CS="2.13" coul="1" lang="fr" source="google">argent</contenuImg>
            <contenuImg CS="0.32" coul="1" lang="fr" source="google">vert pâle</contenuImg>
            <contenuImg CS="0.61" coul="1" lang="fr" source="google">gris foncé</contenuImg>
            <contenuImg CS="0.18" coul="1" lang="fr" source="google">bleu nuit</contenuImg>
            <contenuImg b="156" coul="1" g="163" r="170" source="colorific" type="bkg">#aaa39c</contenuImg>
            <contenuImg b="38" coul="1" g="41" ordre="5" r="37" source="colorific" type="frg">#252926</contenuImg>
            <contenuImg b="94" coul="1" g="69" ordre="4" r="43" source="colorific" type="frg">#2b455e</contenuImg>
            <contenuImg b="58" coul="1" g="71" ordre="3" r="57" source="colorific" type="frg">#39473a</contenuImg>
            <contenuImg b="99" coul="1" g="98" ordre="2" r="123" source="colorific" type="frg">#7b6263</contenuImg>
            <contenuImg b="255" coul="1" g="255" ordre="1" r="255" source="colorific" type="frg">#ffffff</contenuImg>
            <contenuImg CS="1.0" lang="en" source="md">decorative patterns - 1789-1799</contenuImg>
            <contenuImg CS="1.0" lang="en" source="md">rhombuses (ornament)</contenuImg>
            <contenuImg CS="1.0" lang="en" source="md">figures in the antique</contenuImg>
            <contenuImg CS="1.0" lang="en" source="md">camaïeu painting</contenuImg>
            <contenuImg CS="1.0" lang="en" source="md">stylized foliage</contenuImg>
            <contenuImg CS="1.0" lang="en" source="md">scallops</contenuImg>
            <contenuImg CS="1.0" lang="en" source="md">trumpet</contenuImg>
            <contenuImg CS="1.0" lang="en" source="md">musical instruments</contenuImg>
            <contenuImg CS="1.0" lang="en" source="md">animals</contenuImg>
            <contenuImg CS="1.0" lang="en" source="md">lion</contenuImg>
            <contenuImg CS="1.0" lang="en" source="md">women</contenuImg>
            <contenuImg CS="1.0" lang="en" source="md">antique chariots</contenuImg>
            <contenuImg CS="1.0" lang="en" source="md">trellises</contenuImg>
            <contenuImg CS="1.0" lang="en" source="md">terms (sculpture)</contenuImg>
            <contenuImg CS="1.0" lang="en" source="md">putti</contenuImg>
            <contenuImg CS="1.0" lang="en" source="md">rosettes (architecture)</contenuImg>
            <contenuImg CS="1.0" lang="en" source="md">bas-reliefs</contenuImg>
            <contenuImg CS="0.18" coul="1" lang="en" source="google">midnightblue</contenuImg>
            <contenuImg CS="0.38" coul="1" lang="en" source="google">midnightblue</contenuImg>
            <contenuImg CS="0.61" coul="1" lang="en" source="google">darkgray</contenuImg>
            <contenuImg CS="0.32" coul="1" lang="en" source="google">palegreen</contenuImg>
            <contenuImg CS="0.43" coul="1" lang="en" source="google">midnightblue</contenuImg>
            <contenuImg CS="2.13" coul="1" lang="en" source="google">silver</contenuImg>
            <contenuImg CS="0.55" lang="en" source="google">Visual arts</contenuImg>
            <contenuImg CS="0.56" lang="en" source="google">Pattern</contenuImg>
            <contenuImg CS="0.59" lang="en" source="google">Facade</contenuImg>
            <contenuImg CS="0.64" lang="en" source="google">Illustration</contenuImg>
            <contenuImg CS="0.65" h="4270" lang="en" source="google" w="2394" x="1169.6" y="767.2">Architecture</contenuImg>
            <contenuImg CS="0.66" h="4270" lang="en" source="google" w="2394" x="1169.6" y="767.2">Miniature</contenuImg>
            <contenuImg CS="0.69" h="4270" lang="en" source="google" w="2394" x="1169.6" y="767.2">Art</contenuImg>
            <contenuImg CS="0.79" h="4270" lang="en" source="google" w="2394" x="1169.6" y="767.2">Organ</contenuImg>
            <tech source="final">estampe/gravure</tech>
            <fonction source="md">papier-peint</fonction>
            <fonction source="final">papier-peint</fonction>
            <tech CS="1" source="hm">estampe/gravure</tech>
            <theme CS="1" source="md">0</theme>
            <contenuImg CS="1.0" lang="fr" source="md">Bas-reliefs</contenuImg>
            <contenuImg CS="1.0" lang="fr" source="md">Rosaces (architecture)</contenuImg>
            <contenuImg CS="1.0" lang="fr" source="md">Putti</contenuImg>
            <contenuImg CS="1.0" lang="fr" source="md">Termes (sculpture)</contenuImg>
            <contenuImg CS="1.0" lang="fr" source="md">Treillages</contenuImg>
            <contenuImg CS="1.0" lang="fr" source="md">Chars antiques</contenuImg>
            <contenuImg CS="1.0" lang="fr" source="md">Femmes</contenuImg>
            <contenuImg CS="1.0" lang="fr" source="md">Lion</contenuImg>
            <contenuImg CS="1.0" lang="fr" source="md">Animaux</contenuImg>
            <contenuImg CS="1.0" lang="fr" source="md">Instruments de musique</contenuImg>
            <contenuImg CS="1.0" lang="fr" source="md">Trompette</contenuImg>
            <contenuImg CS="1.0" lang="fr" source="md">Festons</contenuImg>
            <contenuImg CS="1.0" lang="fr" source="md">Feuillages stylisés</contenuImg>
            <contenuImg CS="1.0" lang="fr" source="md">Peinture en camaïeu</contenuImg>
            <contenuImg CS="1.0" lang="fr" source="md">Figures à l'antique</contenuImg>
            <contenuImg CS="1.0" lang="fr" source="md">Losanges (ornement)</contenuImg>
            <contenuImg CS="1.0" lang="fr" source="md">Motifs décoratifs -- 1789-1799</contenuImg>
            <titraille>Manufacture Hubert et Dinan. Papier à motif répétitif. Motif répétitif à deux chemins, en quinconce avec un compartiment principal représentant une femme assise dans un char tiré par deux lions : papier peint</titraille>
          </ill>
        </ills>
      </page>
    </pages>
  </contenus>
</analyseAlto>