<analyseAlto>
  <metad>
    <type>I</type>
    <ID>btv1b69005596</ID>
    <titre>Papier à motif répétitif : papier peint</titre>
    <dateEdition>1800</dateEdition>
    <auteur>inconnu</auteur>
    <lang>fre</lang>
    <source>Bibliothèque nationale de France</source>
    <sujet>Rayures (ornements) -- Animaux -- Chien -- Biches -- Cerfs -- Lapin -- Chèvres -- Écureuils -- Renards -- Silhouettes -- Motifs décoratifs</sujet>
    <descr>Appartient à l’ensemble documentaire : PaPeint18 -- Papier peint</descr>
    <format>inconnu</format>
    <couverture>inconnu</couverture>
    <largeurPx>6840</largeurPx>
    <hauteurPx>6816</hauteurPx>
    <ocr>false</ocr>
    <toc>false</toc>
    <nbPage>1</nbPage>
  </metad>
  <contenus ocr="false" toc="false">
    <largeur>289</largeur>
    <hauteur>288</hauteur>
    <largeurPx>6840</largeurPx>
    <hauteurPx>6816</hauteurPx>
    <pages>
      <page ordre="1">
        <blocIll ocr="1">1</blocIll>
        <ills>
          <ill classif="CCgoogle" couleur="coul" h="6816" hash="a2bba8aeaaaaaaa8" n="1-1" taille="21" w="6840" x="1" y="1">
            <contenuImg CS="0.79" lang="fr" source="google">conception</contenuImg>
            <contenuImg CS="0.95" h="4251" lang="fr" source="google" w="2379" x="1539" y="681.6">modèle motif</contenuImg>
            <contenuImg CS="0.95" h="4251" lang="fr" source="google" w="2379" x="1539" y="681.6">modèle</contenuImg>
            <contenuImg CS="0.92" coul="1" h="4251" lang="fr" source="google" w="2379" x="1539" y="681.6">vert</contenuImg>
            <contenuImg CS="0.87" coul="1" h="4251" lang="fr" source="google" w="2379" x="1539" y="681.6">bleu canard</contenuImg>
            <contenuImg CS="0.79" lang="fr" source="google">design</contenuImg>
            <contenuImg CS="0.78" lang="fr" source="google">police de caractère</contenuImg>
            <contenuImg CS="0.56" coul="1" lang="fr" source="google">turquoise</contenuImg>
            <contenuImg CS="2.48" coul="1" lang="fr" source="google">gris ardoise foncé</contenuImg>
            <contenuImg CS="0.78" coul="1" lang="fr" source="google">vert cuivre foncé</contenuImg>
            <contenuImg CS="0.70" coul="1" lang="fr" source="google">bleu nuit</contenuImg>
            <contenuImg CS="0.13" coul="1" lang="fr" source="google">gris foncé</contenuImg>
            <contenuImg CS="0.12" coul="1" lang="fr" source="google">noir</contenuImg>
            <contenuImg CS="0.10" coul="1" lang="fr" source="google">gris</contenuImg>
            <contenuImg b="66" coul="1" g="68" r="49" source="colorific" type="bkg">#314442</contenuImg>
            <contenuImg b="0" coul="1" g="0" ordre="4" r="0" source="colorific" type="frg">#000000</contenuImg>
            <contenuImg b="121" coul="1" g="113" ordre="3" r="133" source="colorific" type="frg">#857179</contenuImg>
            <contenuImg b="27" coul="1" g="32" ordre="2" r="20" source="colorific" type="frg">#14201b</contenuImg>
            <contenuImg b="126" coul="1" g="136" ordre="1" r="92" source="colorific" type="frg">#5c887e</contenuImg>
            <contenuImg CS="1.0" lang="en" source="md">decorative patterns</contenuImg>
            <contenuImg CS="1.0" lang="en" source="md">silhouettes</contenuImg>
            <contenuImg CS="1.0" lang="en" source="md">foxes</contenuImg>
            <contenuImg CS="1.0" lang="en" source="md">squirrels</contenuImg>
            <contenuImg CS="1.0" lang="en" source="md">goats</contenuImg>
            <contenuImg CS="1.0" lang="en" source="md">rabbit</contenuImg>
            <contenuImg CS="1.0" lang="en" source="md">deer</contenuImg>
            <contenuImg CS="1.0" lang="en" source="md">does</contenuImg>
            <contenuImg CS="1.0" lang="en" source="md">dog</contenuImg>
            <contenuImg CS="1.0" lang="en" source="md">animals</contenuImg>
            <contenuImg CS="1.0" lang="en" source="md">stripes (ornaments)</contenuImg>
            <contenuImg CS="0.10" coul="1" lang="en" source="google">gray</contenuImg>
            <contenuImg CS="0.12" coul="1" lang="en" source="google">black</contenuImg>
            <contenuImg CS="0.13" coul="1" lang="en" source="google">darkgray</contenuImg>
            <contenuImg CS="0.23" coul="1" lang="en" source="google">dimgrey</contenuImg>
            <contenuImg CS="0.70" coul="1" lang="en" source="google">midnightblue</contenuImg>
            <contenuImg CS="0.78" coul="1" lang="en" source="google">darkgreencopper</contenuImg>
            <contenuImg CS="0.35" coul="1" lang="en" source="google">black</contenuImg>
            <contenuImg CS="2.48" coul="1" lang="en" source="google">darkslategrey</contenuImg>
            <contenuImg CS="0.56" coul="1" lang="en" source="google">Turquoise</contenuImg>
            <contenuImg CS="0.78" lang="en" source="google">Font</contenuImg>
            <contenuImg CS="0.79" lang="en" source="google">Design</contenuImg>
            <contenuImg CS="0.84" coul="1" h="4251" lang="en" source="google" w="2379" x="1539" y="681.6">Turquoise</contenuImg>
            <contenuImg CS="0.87" coul="1" h="4251" lang="en" source="google" w="2379" x="1539" y="681.6">Teal</contenuImg>
            <contenuImg CS="0.92" coul="1" h="4251" lang="en" source="google" w="2379" x="1539" y="681.6">Green</contenuImg>
            <contenuImg CS="0.95" h="4251" lang="en" source="google" w="2379" x="1539" y="681.6">Pattern</contenuImg>
            <tech source="final">estampe/gravure</tech>
            <fonction source="md">papier-peint</fonction>
            <fonction source="final">papier-peint</fonction>
            <tech CS="1" source="hm">estampe/gravure</tech>
            <theme CS="1" source="md">0</theme>
            <contenuImg CS="1.0" lang="fr" source="md">Rayures (ornements)</contenuImg>
            <contenuImg CS="1.0" lang="fr" source="md">Animaux</contenuImg>
            <contenuImg CS="1.0" lang="fr" source="md">Chien</contenuImg>
            <contenuImg CS="1.0" lang="fr" source="md">Biches</contenuImg>
            <contenuImg CS="1.0" lang="fr" source="md">Cerfs</contenuImg>
            <contenuImg CS="1.0" lang="fr" source="md">Lapin</contenuImg>
            <contenuImg CS="1.0" lang="fr" source="md">Chèvres</contenuImg>
            <contenuImg CS="1.0" lang="fr" source="md">Écureuils</contenuImg>
            <contenuImg CS="1.0" lang="fr" source="md">Renards</contenuImg>
            <contenuImg CS="1.0" lang="fr" source="md">Silhouettes</contenuImg>
            <contenuImg CS="1.0" lang="fr" source="md">Motifs décoratifs</contenuImg>
            <titraille>Papier à motif répétitif : papier peint</titraille>
          </ill>
        </ills>
      </page>
    </pages>
  </contenus>
</analyseAlto>