<analyseAlto>
  <metad>
    <type>I</type>
    <ID>btv1b6901398x</ID>
    <titre>Papier à motif répétitif : papier peint</titre>
    <dateEdition>1799</dateEdition>
    <auteur>inconnu</auteur>
    <lang>fre</lang>
    <source>Bibliothèque nationale de France</source>
    <sujet>Animaux -- Insectes -- Oiseaux -- Chien -- Canard -- Lapin -- Étangs -- Roseaux -- Iris (plantes) -- Socles (sculpture) -- Dauphins -- Fleurs (ornement) -- Objets à l_antique (ornement) -- Motifs décoratifs</sujet>
    <descr>Appartient à l’ensemble documentaire : PaPeint18 -- Papier peint</descr>
    <format>inconnu</format>
    <couverture>inconnu</couverture>
    <largeurPx>6880</largeurPx>
    <hauteurPx>10768</hauteurPx>
    <ocr>false</ocr>
    <toc>false</toc>
    <nbPage>1</nbPage>
  </metad>
  <contenus ocr="false" toc="false">
    <largeur>291</largeur>
    <hauteur>455</hauteur>
    <largeurPx>6880</largeurPx>
    <hauteurPx>10768</hauteurPx>
    <pages>
      <page ordre="1">
        <blocIll ocr="1">1</blocIll>
        <ills>
          <ill classif="CCgoogle" couleur="coul" h="10768" hash="87cec09011fffce0" n="1-1" taille="34" w="6880" x="1" y="1">
            <contenuImg CS="0.82" h="2052" lang="fr" source="google" w="2726" x="688" y="1076.8">botanique</contenuImg>
            <contenuImg CS="0.58" lang="fr" source="google">étang</contenuImg>
            <contenuImg CS="0.59" lang="fr" source="google">pièce d'eau fontaine</contenuImg>
            <contenuImg CS="0.85" h="2052" lang="fr" source="google" w="2726" x="688" y="1076.8">illustration</contenuImg>
            <contenuImg CS="0.74" h="2052" lang="fr" source="google" w="2726" x="688" y="1076.8">jungle</contenuImg>
            <contenuImg CS="0.73" h="2052" lang="fr" source="google" w="2726" x="688" y="1076.8">plante</contenuImg>
            <contenuImg CS="0.72" lang="fr" source="google">organisme</contenuImg>
            <contenuImg CS="0.69" lang="fr" source="google">arbre</contenuImg>
            <contenuImg CS="0.66" lang="fr" source="google">art</contenuImg>
            <contenuImg CS="0.59" lang="fr" source="google">pièce d'eau, fontaine</contenuImg>
            <contenuImg CS="0.59" lang="fr" source="google">personnage fictif</contenuImg>
            <contenuImg CS="1.59" coul="1" lang="fr" source="google">gris ardoise foncé</contenuImg>
            <contenuImg CS="0.07" coul="1" lang="fr" source="google">bois clair</contenuImg>
            <contenuImg CS="0.57" coul="1" lang="fr" source="google">vert foncé</contenuImg>
            <contenuImg CS="0.37" coul="1" lang="fr" source="google">chocolat à pâtisser</contenuImg>
            <contenuImg CS="0.27" coul="1" lang="fr" source="google">noir</contenuImg>
            <contenuImg b="136" coul="1" g="178" r="131" source="colorific" type="bkg">#83b288</contenuImg>
            <contenuImg b="0" coul="1" g="0" ordre="6" r="0" source="colorific" type="frg">#000000</contenuImg>
            <contenuImg b="14" coul="1" g="29" ordre="5" r="41" source="colorific" type="frg">#291d0e</contenuImg>
            <contenuImg b="122" coul="1" g="137" ordre="4" r="130" source="colorific" type="frg">#82897a</contenuImg>
            <contenuImg b="69" coul="1" g="84" ordre="3" r="101" source="colorific" type="frg">#655445</contenuImg>
            <contenuImg b="116" coul="1" g="120" ordre="2" r="88" source="colorific" type="frg">#587874</contenuImg>
            <contenuImg b="24" coul="1" g="35" ordre="1" r="23" source="colorific" type="frg">#172318</contenuImg>
            <contenuImg CS="1.0" lang="en" source="md">decorative patterns</contenuImg>
            <contenuImg CS="1.0" lang="en" source="md">objects in the antique (ornament)</contenuImg>
            <contenuImg CS="1.0" lang="en" source="md">flowers (ornament)</contenuImg>
            <contenuImg CS="1.0" lang="en" source="md">dolphins</contenuImg>
            <contenuImg CS="1.0" lang="en" source="md">Basements (sculpture)</contenuImg>
            <contenuImg CS="1.0" lang="en" source="md">iris (plants)</contenuImg>
            <contenuImg CS="1.0" lang="en" source="md">reeds (plants)</contenuImg>
            <contenuImg CS="1.0" lang="en" source="md">ponds</contenuImg>
            <contenuImg CS="1.0" lang="en" source="md">rabbit</contenuImg>
            <contenuImg CS="1.0" lang="en" source="md">duck</contenuImg>
            <contenuImg CS="1.0" lang="en" source="md">dog</contenuImg>
            <contenuImg CS="1.0" lang="en" source="md">birds</contenuImg>
            <contenuImg CS="1.0" lang="en" source="md">insects</contenuImg>
            <contenuImg CS="1.0" lang="en" source="md">animals</contenuImg>
            <contenuImg CS="0.27" coul="1" lang="en" source="google">black</contenuImg>
            <contenuImg CS="0.37" coul="1" lang="en" source="google">bakerschocolate</contenuImg>
            <contenuImg CS="0.57" coul="1" lang="en" source="google">darkgreen</contenuImg>
            <contenuImg CS="0.07" coul="1" lang="en" source="google">lightwood</contenuImg>
            <contenuImg CS="0.29" coul="1" lang="en" source="google">darkgreen</contenuImg>
            <contenuImg CS="1.59" coul="1" lang="en" source="google">darkslategrey</contenuImg>
            <contenuImg CS="0.58" lang="en" source="google">Pond</contenuImg>
            <contenuImg CS="0.59" lang="en" source="google">Fictional character</contenuImg>
            <contenuImg CS="0.59" lang="en" source="google">Water feature</contenuImg>
            <contenuImg CS="0.66" lang="en" source="google">Art</contenuImg>
            <contenuImg CS="0.69" lang="en" source="google">Tree</contenuImg>
            <contenuImg CS="0.72" lang="en" source="google">Organism</contenuImg>
            <contenuImg CS="0.73" h="2052" lang="en" source="google" w="2726" x="688" y="1076.8">Plant</contenuImg>
            <contenuImg CS="0.74" h="2052" lang="en" source="google" w="2726" x="688" y="1076.8">Jungle</contenuImg>
            <contenuImg CS="0.82" h="2052" lang="en" source="google" w="2726" x="688" y="1076.8">Botany</contenuImg>
            <contenuImg CS="0.85" h="2052" lang="en" source="google" w="2726" x="688" y="1076.8">Illustration</contenuImg>
            <tech source="final">estampe/gravure</tech>
            <fonction source="md">papier-peint</fonction>
            <fonction source="final">papier-peint</fonction>
            <tech CS="1" source="hm">estampe/gravure</tech>
            <theme CS="1" source="md">0</theme>
            <contenuImg CS="1.0" lang="fr" source="md">Animaux</contenuImg>
            <contenuImg CS="1.0" lang="fr" source="md">Insectes</contenuImg>
            <contenuImg CS="1.0" lang="fr" source="md">Oiseaux</contenuImg>
            <contenuImg CS="1.0" lang="fr" source="md">Chien</contenuImg>
            <contenuImg CS="1.0" lang="fr" source="md">Canard</contenuImg>
            <contenuImg CS="1.0" lang="fr" source="md">Lapin</contenuImg>
            <contenuImg CS="1.0" lang="fr" source="md">Étangs</contenuImg>
            <contenuImg CS="1.0" lang="fr" source="md">Roseaux</contenuImg>
            <contenuImg CS="1.0" lang="fr" source="md">Iris (plantes)</contenuImg>
            <contenuImg CS="1.0" lang="fr" source="md">Socles (sculpture)</contenuImg>
            <contenuImg CS="1.0" lang="fr" source="md">Dauphins</contenuImg>
            <contenuImg CS="1.0" lang="fr" source="md">Fleurs (ornement)</contenuImg>
            <contenuImg CS="1.0" lang="fr" source="md">Objets à l'antique (ornement)</contenuImg>
            <contenuImg CS="1.0" lang="fr" source="md">Motifs décoratifs</contenuImg>
            <titraille>Papier à motif répétitif : papier peint</titraille>
          </ill>
        </ills>
      </page>
    </pages>
  </contenus>
</analyseAlto>