<analyseAlto>
  <metad>
    <type>I</type>
    <ID>btv1b69010005</ID>
    <titre>Manufacture Hubert et Dinan. Papier à motif répétitif. Motif répétitif à deux chemins, en quinconce, alternant un putto ailé dans un char tiré par deux fauves (?) et une scène de sacrifice religieux en l_honneur d'Hermès par une femme : papier peint</titre>
    <dateEdition>1799</dateEdition>
    <auteur>inconnu</auteur>
    <lang>fre</lang>
    <source>Bibliothèque nationale de France, département Estampes et photographie, EST LI-15</source>
    <sujet>Hermès (divinité grecque) -- Sacrifice -- Putti -- Chars antiques -- Caducée -- Trompette -- Femmes -- Instruments de musique -- Frises -- Carreaux -- Baies (fruits) -- Fauves -- Animaux -- Rayures (ornements) -- Figures à l_antique -- Arc et flèches -- Flûte double -- Sistre -- Végétaux stylisés -- Motifs décoratifs -- 1789-1799</sujet>
    <descr>Appartient à l’ensemble documentaire : PaPeint18 -- Papier peint</descr>
    <format>inconnu</format>
    <couverture>inconnu</couverture>
    <largeurPx>6696</largeurPx>
    <hauteurPx>6616</hauteurPx>
    <ocr>false</ocr>
    <toc>false</toc>
    <caption>false</caption>
    <nbPage>1</nbPage>
  </metad>
  <contenus ocr="false" toc="false">
    <largeur>283</largeur>
    <hauteur>280</hauteur>
    <largeurPx>6696</largeurPx>
    <hauteurPx>6616</hauteurPx>
    <pages>
      <page ordre="1">
        <blocIll ocr="1">1</blocIll>
        <ills>
          <ill classif="CCgoogle" couleur="coul" h="6616" hash="f10175f7919110f7" n="1-1" taille="20" w="6696" x="1" y="1">
            <contenuImg CS="0.85" h="4218" lang="fr" source="google" w="3168" x="1220.6" y="661.6">texte</contenuImg>
            <contenuImg CS="0.76" h="4218" lang="fr" source="google" w="3168" x="1220.6" y="661.6">art</contenuImg>
            <contenuImg CS="0.58" h="4218" lang="fr" source="google" w="3168" x="1220.6" y="661.6">illustration</contenuImg>
            <contenuImg CS="0.51" h="4218" lang="fr" source="google" w="3168" x="1220.6" y="661.6">style</contenuImg>
            <contenuImg CS="1.78" coul="1" lang="fr" source="google">argent</contenuImg>
            <contenuImg CS="0.62" coul="1" lang="fr" source="google">morceaux de chocolat</contenuImg>
            <contenuImg CS="0.58" coul="1" lang="fr" source="google">chocolat à pâtisser</contenuImg>
            <contenuImg CS="0.34" coul="1" lang="fr" source="google">vert pâle</contenuImg>
            <contenuImg CS="0.32" coul="1" lang="fr" source="google">rose</contenuImg>
            <contenuImg CS="0.23" coul="1" lang="fr" source="google">noir</contenuImg>
            <contenuImg b="141" coul="1" g="142" r="131" source="colorific" type="bkg">#838e8d</contenuImg>
            <contenuImg b="22" coul="1" g="35" ordre="6" r="37" source="colorific" type="frg">#252316</contenuImg>
            <contenuImg b="41" coul="1" g="71" ordre="5" r="180" source="colorific" type="frg">#b44729</contenuImg>
            <contenuImg b="51" coul="1" g="68" ordre="4" r="51" source="colorific" type="frg">#334433</contenuImg>
            <contenuImg b="0" coul="1" g="0" ordre="3" r="0" source="colorific" type="frg">#000000</contenuImg>
            <contenuImg b="255" coul="1" g="255" ordre="2" r="255" source="colorific" type="frg">#ffffff</contenuImg>
            <contenuImg b="13" coul="1" g="34" ordre="1" r="63" source="colorific" type="frg">#3f220d</contenuImg>
            <contenuImg CS="1.0" lang="en" source="md">decorative patterns - 1789-1799</contenuImg>
            <contenuImg CS="1.0" lang="en" source="md">stylized plants</contenuImg>
            <contenuImg CS="1.0" lang="en" source="md">sistre</contenuImg>
            <contenuImg CS="1.0" lang="en" source="md">double flute</contenuImg>
            <contenuImg CS="1.0" lang="en" source="md">bow and arrows</contenuImg>
            <contenuImg CS="1.0" lang="en" source="md">figures in the antique</contenuImg>
            <contenuImg CS="1.0" lang="en" source="md">stripes (ornaments)</contenuImg>
            <contenuImg CS="1.0" lang="en" source="md">animals</contenuImg>
            <contenuImg CS="1.0" lang="en" source="md">fauves</contenuImg>
            <contenuImg CS="1.0" lang="en" source="md">berries (fruits)</contenuImg>
            <contenuImg CS="1.0" lang="en" source="md">tiles</contenuImg>
            <contenuImg CS="1.0" lang="en" source="md">curly</contenuImg>
            <contenuImg CS="1.0" lang="en" source="md">musical instruments</contenuImg>
            <contenuImg CS="1.0" lang="en" source="md">women</contenuImg>
            <contenuImg CS="1.0" lang="en" source="md">trumpet</contenuImg>
            <contenuImg CS="1.0" lang="en" source="md">caduceus</contenuImg>
            <contenuImg CS="1.0" lang="en" source="md">antique chariots</contenuImg>
            <contenuImg CS="1.0" lang="en" source="md">putti</contenuImg>
            <contenuImg CS="1.0" lang="en" source="md">sacrifice</contenuImg>
            <contenuImg CS="1.0" lang="en" source="md">Hermes (Greek deity)</contenuImg>
            <contenuImg CS="0.23" coul="1" lang="en" source="google">black</contenuImg>
            <contenuImg CS="0.32" coul="1" lang="en" source="google">pink</contenuImg>
            <contenuImg CS="0.34" coul="1" lang="en" source="google">palegreen</contenuImg>
            <contenuImg CS="0.58" coul="1" lang="en" source="google">bakerschocolate</contenuImg>
            <contenuImg CS="0.62" coul="1" lang="en" source="google">semisweetchocolate</contenuImg>
            <contenuImg CS="0.28" coul="1" lang="en" source="google">bakerschocolate</contenuImg>
            <contenuImg CS="1.78" coul="1" lang="en" source="google">silver</contenuImg>
            <contenuImg CS="0.51" h="4218" lang="en" source="google" w="3168" x="1220.6" y="661.6">Style</contenuImg>
            <contenuImg CS="0.58" h="4218" lang="en" source="google" w="3168" x="1220.6" y="661.6">Illustration</contenuImg>
            <contenuImg CS="0.76" h="4218" lang="en" source="google" w="3168" x="1220.6" y="661.6">Art</contenuImg>
            <contenuImg CS="0.85" h="4218" lang="en" source="google" w="3168" x="1220.6" y="661.6">Text</contenuImg>
            <tech source="final">estampe/gravure</tech>
            <fonction source="md">papier-peint</fonction>
            <fonction source="final">papier-peint</fonction>
            <tech CS="1" source="hm">estampe/gravure</tech>
            <theme CS="1" source="md">0</theme>
            <contenuImg CS="1.0" lang="fr" source="md">Hermès (divinité grecque)</contenuImg>
            <contenuImg CS="1.0" lang="fr" source="md">Sacrifice</contenuImg>
            <contenuImg CS="1.0" lang="fr" source="md">Putti</contenuImg>
            <contenuImg CS="1.0" lang="fr" source="md">Chars antiques</contenuImg>
            <contenuImg CS="1.0" lang="fr" source="md">Caducée</contenuImg>
            <contenuImg CS="1.0" lang="fr" source="md">Trompette</contenuImg>
            <contenuImg CS="1.0" lang="fr" source="md">Femmes</contenuImg>
            <contenuImg CS="1.0" lang="fr" source="md">Instruments de musique</contenuImg>
            <contenuImg CS="1.0" lang="fr" source="md">Frises</contenuImg>
            <contenuImg CS="1.0" lang="fr" source="md">Carreaux</contenuImg>
            <contenuImg CS="1.0" lang="fr" source="md">Baies (fruits)</contenuImg>
            <contenuImg CS="1.0" lang="fr" source="md">Fauves</contenuImg>
            <contenuImg CS="1.0" lang="fr" source="md">Animaux</contenuImg>
            <contenuImg CS="1.0" lang="fr" source="md">Rayures (ornements)</contenuImg>
            <contenuImg CS="1.0" lang="fr" source="md">Figures à l'antique</contenuImg>
            <contenuImg CS="1.0" lang="fr" source="md">Arc et flèches</contenuImg>
            <contenuImg CS="1.0" lang="fr" source="md">Flûte double</contenuImg>
            <contenuImg CS="1.0" lang="fr" source="md">Sistre</contenuImg>
            <contenuImg CS="1.0" lang="fr" source="md">Végétaux stylisés</contenuImg>
            <contenuImg CS="1.0" lang="fr" source="md">Motifs décoratifs -- 1789-1799</contenuImg>
            <titraille>Manufacture Hubert et Dinan. Papier à motif répétitif. Motif répétitif à deux chemins, en quinconce, alternant un putto ailé dans un char tiré par deux fauves (?) et une scène de sacrifice religieux en l_honneur d'Hermès par une femme : papier peint</titraille>
          </ill>
        </ills>
      </page>
    </pages>
  </contenus>
</analyseAlto>