<analyseAlto>
  <metad>
    <type>I</type>
    <ID>btv1b6900883w</ID>
    <titre>Papier à motif répétitif : papier peint</titre>
    <dateEdition>1805</dateEdition>
    <auteur>Jacquemart et Bénard (Manufacture). Fonction indéterminée</auteur>
    <lang>fre</lang>
    <source>Bibliothèque nationale de France</source>
    <sujet>Carreaux -- Rosaces (architecture) -- Motifs de fantaisie -- Motifs décoratifs</sujet>
    <descr>Appartient à l’ensemble documentaire : PaPeint18 -- Papier peint</descr>
    <format>inconnu</format>
    <couverture>inconnu</couverture>
    <largeurPx>6728</largeurPx>
    <hauteurPx>6320</hauteurPx>
    <ocr>false</ocr>
    <toc>false</toc>
    <nbPage>1</nbPage>
  </metad>
  <contenus ocr="false" toc="false">
    <largeur>284</largeur>
    <hauteur>267</hauteur>
    <largeurPx>6728</largeurPx>
    <hauteurPx>6320</hauteurPx>
    <pages>
      <page ordre="1">
        <blocIll ocr="1">1</blocIll>
        <ills>
          <ill classif="CCgoogle" couleur="coul" h="6320" hash="829b08064f1fff87" n="1-1" taille="19" w="6728" x="1" y="1">
            <contenuImg CS="0.79" h="4009" lang="fr" source="google" w="2246" x="2695.8" y="632">conception</contenuImg>
            <contenuImg CS="0.66" lang="fr" source="google">textile</contenuImg>
            <contenuImg CS="0.68" h="4009" lang="fr" source="google" w="2246" x="2695.8" y="632">papier cadeau</contenuImg>
            <contenuImg CS="0.67" lang="fr" source="google">motif</contenuImg>
            <contenuImg CS="0.58" lang="fr" source="google">pédicelle</contenuImg>
            <contenuImg CS="0.51" lang="fr" source="google">ornement</contenuImg>
            <contenuImg CS="0.54" lang="fr" source="google">modèle motif</contenuImg>
            <contenuImg CS="0.79" h="4009" lang="fr" source="google" w="2246" x="2695.8" y="632">design</contenuImg>
            <contenuImg CS="0.67" h="4009" lang="fr" source="google" w="2246" x="2695.8" y="632">arts visuels</contenuImg>
            <contenuImg CS="0.61" lang="fr" source="google">fond d'écran</contenuImg>
            <contenuImg CS="0.54" lang="fr" source="google">modèle</contenuImg>
            <contenuImg CS="1.52" coul="1" lang="fr" source="google">vert pâle</contenuImg>
            <contenuImg CS="0.29" coul="1" lang="fr" source="google">bleu clair</contenuImg>
            <contenuImg CS="0.07" coul="1" lang="fr" source="google">argent</contenuImg>
            <contenuImg CS="0.03" coul="1" lang="fr" source="google">gris foncé</contenuImg>
            <contenuImg CS="0.02" coul="1" lang="fr" source="google">gris</contenuImg>
            <contenuImg b="174" coul="1" g="162" r="150" source="colorific" type="bkg">#96a2ae</contenuImg>
            <contenuImg b="255" coul="1" g="255" ordre="1" r="255" source="colorific" type="frg">#ffffff</contenuImg>
            <contenuImg CS="1.0" lang="en" source="md">decorative patterns</contenuImg>
            <contenuImg CS="1.0" lang="en" source="md">fantasy patterns</contenuImg>
            <contenuImg CS="1.0" lang="en" source="md">rosettes (architecture)</contenuImg>
            <contenuImg CS="1.0" lang="en" source="md">tiles</contenuImg>
            <contenuImg CS="0.02" coul="1" lang="en" source="google">gray</contenuImg>
            <contenuImg CS="0.03" coul="1" lang="en" source="google">darkgray</contenuImg>
            <contenuImg CS="0.07" coul="1" lang="en" source="google">silver</contenuImg>
            <contenuImg CS="0.29" coul="1" lang="en" source="google">lightblue</contenuImg>
            <contenuImg CS="1.52" coul="1" lang="en" source="google">palegreen</contenuImg>
            <contenuImg CS="3.06" coul="1" lang="en" source="google">silver</contenuImg>
            <contenuImg CS="0.51" lang="en" source="google">Ornament</contenuImg>
            <contenuImg CS="0.54" lang="en" source="google">Pattern</contenuImg>
            <contenuImg CS="0.58" lang="en" source="google">Pedicel</contenuImg>
            <contenuImg CS="0.61" lang="en" source="google">Wallpaper</contenuImg>
            <contenuImg CS="0.66" lang="en" source="google">Textile</contenuImg>
            <contenuImg CS="0.67" lang="en" source="google">Motif</contenuImg>
            <contenuImg CS="0.67" h="4009" lang="en" source="google" w="2246" x="2695.8" y="632">Visual arts</contenuImg>
            <contenuImg CS="0.68" h="4009" lang="en" source="google" w="2246" x="2695.8" y="632">Wrapping paper</contenuImg>
            <contenuImg CS="0.79" h="4009" lang="en" source="google" w="2246" x="2695.8" y="632">Design</contenuImg>
            <contenuImg CS="0.96" h="4009" lang="en" source="google" w="2246" x="2695.8" y="632">Pattern</contenuImg>
            <tech source="final">estampe/gravure</tech>
            <fonction source="md">papier-peint</fonction>
            <fonction source="final">papier-peint</fonction>
            <tech CS="1" source="hm">estampe/gravure</tech>
            <theme CS="1" source="md">0</theme>
            <contenuImg CS="1.0" lang="fr" source="md">Carreaux</contenuImg>
            <contenuImg CS="1.0" lang="fr" source="md">Rosaces (architecture)</contenuImg>
            <contenuImg CS="1.0" lang="fr" source="md">Motifs de fantaisie</contenuImg>
            <contenuImg CS="1.0" lang="fr" source="md">Motifs décoratifs</contenuImg>
            <titraille>Papier à motif répétitif : papier peint</titraille>
          </ill>
        </ills>
      </page>
    </pages>
  </contenus>
</analyseAlto>