<analyseAlto>
  <metad>
    <type>I</type>
    <ID>btv1b69001147</ID>
    <titre>Manufacture Bon. Papier à motif répétitif. Motif répétitif à deux chemins, raccord droit, de réseau de festons et noeuds orné de lyres à l_antique : papier peint</titre>
    <dateEdition>1799</dateEdition>
    <auteur>inconnu</auteur>
    <lang>fre</lang>
    <source>Bibliothèque nationale de France, département Estampes et photographie, EST LI-20</source>
    <sujet>Lyre -- Instruments de musique -- Festons -- Noeuds (ornement) -- Motifs décoratifs -- 1789-1799</sujet>
    <descr>Appartient à l’ensemble documentaire : PaPeint18 -- Papier peint</descr>
    <format>inconnu</format>
    <couverture>inconnu</couverture>
    <largeurPx>6568</largeurPx>
    <hauteurPx>5120</hauteurPx>
    <ocr>false</ocr>
    <toc>false</toc>
    <caption>false</caption>
    <nbPage>1</nbPage>
  </metad>
  <contenus ocr="false" toc="false">
    <largeur>278</largeur>
    <hauteur>216</hauteur>
    <largeurPx>6568</largeurPx>
    <hauteurPx>5120</hauteurPx>
    <pages>
      <page ordre="1">
        <blocIll ocr="1">1</blocIll>
        <ills>
          <ill classif="CCgoogle" couleur="coul" h="5120" hash="5555aaaa5555aaaa" n="1-1" taille="15" w="6568" x="1" y="1">
            <contenuImg CS="0.78" h="3325" lang="fr" source="google" w="2493" x="1511.8" y="512">conception</contenuImg>
            <contenuImg CS="0.66" h="3325" lang="fr" source="google" w="2493" x="1511.8" y="512">textile</contenuImg>
            <contenuImg CS="0.67" h="3325" lang="fr" source="google" w="2493" x="1511.8" y="512">modèle motif</contenuImg>
            <contenuImg CS="0.78" h="3325" lang="fr" source="google" w="2493" x="1511.8" y="512">design</contenuImg>
            <contenuImg CS="0.67" h="3325" lang="fr" source="google" w="2493" x="1511.8" y="512">modèle</contenuImg>
            <contenuImg CS="0.64" lang="fr" source="google">symétrie</contenuImg>
            <contenuImg CS="0.44" coul="1" lang="fr" source="google">gris</contenuImg>
            <contenuImg CS="0.37" coul="1" lang="fr" source="google">noir</contenuImg>
            <contenuImg CS="0.25" coul="1" lang="fr" source="google">argent</contenuImg>
            <contenuImg CS="0.24" coul="1" lang="fr" source="google">gris clair</contenuImg>
            <contenuImg CS="0.22" coul="1" lang="fr" source="google">vert pâle</contenuImg>
            <contenuImg b="193" coul="1" g="179" r="161" source="colorific" type="bkg">#a1b3c1</contenuImg>
            <contenuImg b="0" coul="1" g="0" ordre="6" r="0" source="colorific" type="frg">#000000</contenuImg>
            <contenuImg b="59" coul="1" g="58" ordre="5" r="49" source="colorific" type="frg">#313a3b</contenuImg>
            <contenuImg b="35" coul="1" g="31" ordre="4" r="99" source="colorific" type="frg">#631f23</contenuImg>
            <contenuImg b="115" coul="1" g="108" ordre="3" r="120" source="colorific" type="frg">#786c73</contenuImg>
            <contenuImg b="28" coul="1" g="24" ordre="2" r="43" source="colorific" type="frg">#2b181c</contenuImg>
            <contenuImg b="90" coul="1" g="94" ordre="1" r="72" source="colorific" type="frg">#485e5a</contenuImg>
            <contenuImg CS="1.0" lang="en" source="md">decorative patterns - 1789-1799</contenuImg>
            <contenuImg CS="1.0" lang="en" source="md">knots (ornament)</contenuImg>
            <contenuImg CS="1.0" lang="en" source="md">scallops</contenuImg>
            <contenuImg CS="1.0" lang="en" source="md">musical instruments</contenuImg>
            <contenuImg CS="1.0" lang="en" source="md">lyre</contenuImg>
            <contenuImg CS="0.22" coul="1" lang="en" source="google">palegreen</contenuImg>
            <contenuImg CS="0.24" coul="1" lang="en" source="google">lightgray</contenuImg>
            <contenuImg CS="0.25" coul="1" lang="en" source="google">silver</contenuImg>
            <contenuImg CS="0.37" coul="1" lang="en" source="google">black</contenuImg>
            <contenuImg CS="0.44" coul="1" lang="en" source="google">grey</contenuImg>
            <contenuImg CS="0.66" coul="1" lang="en" source="google">gray</contenuImg>
            <contenuImg CS="0.37" coul="1" lang="en" source="google">black</contenuImg>
            <contenuImg CS="0.98" coul="1" lang="en" source="google">palegreen</contenuImg>
            <contenuImg CS="0.64" lang="en" source="google">Symmetry</contenuImg>
            <contenuImg CS="0.66" h="3325" lang="en" source="google" w="2493" x="1511.8" y="512">Textile</contenuImg>
            <contenuImg CS="0.67" h="3325" lang="en" source="google" w="2493" x="1511.8" y="512">Pattern</contenuImg>
            <contenuImg CS="0.78" h="3325" lang="en" source="google" w="2493" x="1511.8" y="512">Design</contenuImg>
            <contenuImg CS="0.96" h="3325" lang="en" source="google" w="2493" x="1511.8" y="512">Pattern</contenuImg>
            <tech source="final">estampe/gravure</tech>
            <fonction source="md">papier-peint</fonction>
            <fonction source="final">papier-peint</fonction>
            <tech CS="1" source="hm">estampe/gravure</tech>
            <theme CS="1" source="md">0</theme>
            <contenuImg CS="1.0" lang="fr" source="md">Lyre</contenuImg>
            <contenuImg CS="1.0" lang="fr" source="md">Instruments de musique</contenuImg>
            <contenuImg CS="1.0" lang="fr" source="md">Festons</contenuImg>
            <contenuImg CS="1.0" lang="fr" source="md">Noeuds (ornement)</contenuImg>
            <contenuImg CS="1.0" lang="fr" source="md">Motifs décoratifs -- 1789-1799</contenuImg>
            <titraille>Manufacture Bon. Papier à motif répétitif. Motif répétitif à deux chemins, raccord droit, de réseau de festons et noeuds orné de lyres à l_antique : papier peint</titraille>
          </ill>
        </ills>
      </page>
    </pages>
  </contenus>
</analyseAlto>