<analyseAlto>
  <metad>
    <type>I</type>
    <ID>btv1b6900811d</ID>
    <titre>Manufacture Jacquemart et Bénard. Bordure. Une bande de frise de végétaux stylisés : papier peint</titre>
    <dateEdition>1803</dateEdition>
    <auteur>Jacquemart et Bénard (Manufacture). Fonction indéterminée</auteur>
    <lang>fre</lang>
    <source>Bibliothèque nationale de France</source>
    <sujet>Frises -- Végétaux stylisés -- Décoration et ornement architecturaux -- 1800-1869 -- Motifs décoratifs -- 1800-1869</sujet>
    <descr>Appartient à l’ensemble documentaire : PaPeint18 -- Papier peint</descr>
    <format>inconnu</format>
    <couverture>inconnu</couverture>
    <largeurPx>5152</largeurPx>
    <hauteurPx>1232</hauteurPx>
    <ocr>false</ocr>
    <toc>false</toc>
    <nbPage>1</nbPage>
  </metad>
  <contenus ocr="false" toc="false">
    <largeur>218</largeur>
    <hauteur>52</hauteur>
    <largeurPx>5152</largeurPx>
    <hauteurPx>1232</hauteurPx>
    <pages>
      <page ordre="1">
        <blocIll ocr="1">1</blocIll>
        <ills>
          <ill classif="CCgoogle" couleur="coul" h="1232" hash="ff00010101cdffff" n="1-1" taille="2" w="5152" x="1" y="1">
            <contenuImg CS="0.78" h="2978" lang="fr" source="google" w="2973" x="5982.2" y="294.2">magenta</contenuImg>
            <contenuImg CS="0.72" lang="fr" source="google">conception</contenuImg>
            <contenuImg CS="0.76" lang="fr" source="google">papillon</contenuImg>
            <contenuImg CS="0.71" lang="fr" source="google">modèle motif</contenuImg>
            <contenuImg CS="0.27" coul="1" lang="fr" source="google">marron très foncé</contenuImg>
            <contenuImg CS="0.96" coul="1" h="2978" lang="fr" source="google" w="2973" x="5982.2" y="294.2">rose</contenuImg>
            <contenuImg CS="0.92" coul="1" h="2978" lang="fr" source="google" w="2973" x="5982.2" y="294.2">violet</contenuImg>
            <contenuImg CS="0.79" h="2978" lang="fr" source="google" w="2973" x="5982.2" y="294.2">aile</contenuImg>
            <contenuImg CS="0.78" lang="fr" source="google">rectangle</contenuImg>
            <contenuImg CS="0.72" lang="fr" source="google">design</contenuImg>
            <contenuImg CS="0.71" lang="fr" source="google">modèle</contenuImg>
            <contenuImg CS="0.65" lang="fr" source="google">arts visuels</contenuImg>
            <contenuImg CS="0.61" lang="fr" source="google">symétrie</contenuImg>
            <contenuImg CS="0.54" coul="1" lang="fr" source="google">noir</contenuImg>
            <contenuImg CS="0.50" coul="1" lang="fr" source="google">saumon</contenuImg>
            <contenuImg CS="0.27" coul="1" lang="fr" source="google">verydarkbrown</contenuImg>
            <contenuImg CS="0.14" coul="1" lang="fr" source="google">vert foncé</contenuImg>
            <contenuImg CS="0.10" coul="1" lang="fr" source="google">gris foncé</contenuImg>
            <contenuImg b="133" coul="1" g="114" r="171" source="colorific" type="bkg">#ab7285</contenuImg>
            <contenuImg b="0" coul="1" g="0" ordre="2" r="0" source="colorific" type="frg">#000000</contenuImg>
            <contenuImg b="30" coul="1" g="32" ordre="1" r="32" source="colorific" type="frg">#20201e</contenuImg>
            <contenuImg CS="1.0" lang="en" source="md">decorative patterns - 1800-1869</contenuImg>
            <contenuImg CS="1.0" lang="en" source="md">architectural decoration and ornament - 1800-1869</contenuImg>
            <contenuImg CS="1.0" lang="en" source="md">stylized plants</contenuImg>
            <contenuImg CS="1.0" lang="en" source="md">curly</contenuImg>
            <contenuImg CS="0.10" coul="1" lang="en" source="google">dimgrey</contenuImg>
            <contenuImg CS="0.14" coul="1" lang="en" source="google">darkgreen</contenuImg>
            <contenuImg CS="0.27" coul="1" lang="en" source="google">verydarkbrown</contenuImg>
            <contenuImg CS="0.50" coul="1" lang="en" source="google">salmon</contenuImg>
            <contenuImg CS="0.54" coul="1" lang="en" source="google">black</contenuImg>
            <contenuImg CS="0.70" coul="1" lang="en" source="google">verydarkbrown</contenuImg>
            <contenuImg CS="1.24" coul="1" lang="en" source="google">salmon</contenuImg>
            <contenuImg CS="1.39" coul="1" lang="en" source="google">black</contenuImg>
            <contenuImg CS="0.61" lang="en" source="google">Symmetry</contenuImg>
            <contenuImg CS="0.65" lang="en" source="google">Visual arts</contenuImg>
            <contenuImg CS="0.71" lang="en" source="google">Pattern</contenuImg>
            <contenuImg CS="0.72" lang="en" source="google">Design</contenuImg>
            <contenuImg CS="0.76" lang="en" source="google">Butterfly</contenuImg>
            <contenuImg CS="0.78" lang="en" source="google">Rectangle</contenuImg>
            <contenuImg CS="0.78" h="2978" lang="en" source="google" w="2973" x="5982.2" y="294.2">Magenta</contenuImg>
            <contenuImg CS="0.79" h="2978" lang="en" source="google" w="2973" x="5982.2" y="294.2">Wing</contenuImg>
            <contenuImg CS="0.92" coul="1" h="2978" lang="en" source="google" w="2973" x="5982.2" y="294.2">Purple</contenuImg>
            <contenuImg CS="0.96" coul="1" h="2978" lang="en" source="google" w="2973" x="5982.2" y="294.2">Pink</contenuImg>
            <tech source="final">estampe/gravure</tech>
            <fonction source="md">papier-peint</fonction>
            <fonction source="final">papier-peint</fonction>
            <tech CS="1" source="hm">estampe/gravure</tech>
            <theme CS="1" source="md">0</theme>
            <contenuImg CS="1.0" lang="fr" source="md">Frises</contenuImg>
            <contenuImg CS="1.0" lang="fr" source="md">Végétaux stylisés</contenuImg>
            <contenuImg CS="1.0" lang="fr" source="md">Décoration et ornement architecturaux -- 1800-1869</contenuImg>
            <contenuImg CS="1.0" lang="fr" source="md">Motifs décoratifs -- 1800-1869</contenuImg>
            <titraille>Manufacture Jacquemart et Bénard. Bordure. Une bande de frise de végétaux stylisés : papier peint</titraille>
          </ill>
        </ills>
      </page>
    </pages>
  </contenus>
</analyseAlto>