<analyseAlto>
  <metad>
    <type>I</type>
    <ID>btv1b6901563d</ID>
    <titre>Papier à motif répétitif : papier peint</titre>
    <dateEdition>1799</dateEdition>
    <auteur>inconnu</auteur>
    <lang>fre</lang>
    <source>Bibliothèque nationale de France, département Estampes et photographie, EST LI-19</source>
    <sujet>Puits -- Tonneaux -- Insectes -- Canard -- Tours (constructions) -- Ponts -- Constructions -- Oiseaux -- Motifs décoratifs</sujet>
    <descr>Appartient à l’ensemble documentaire : PaPeint18 -- Papier peint</descr>
    <format>inconnu</format>
    <couverture>inconnu</couverture>
    <largeurPx>5928</largeurPx>
    <hauteurPx>8400</hauteurPx>
    <ocr>false</ocr>
    <toc>false</toc>
    <caption>false</caption>
    <nbPage>1</nbPage>
  </metad>
  <contenus ocr="false" toc="false">
    <largeur>250</largeur>
    <hauteur>355</hauteur>
    <largeurPx>5928</largeurPx>
    <hauteurPx>8400</hauteurPx>
    <pages>
      <page ordre="1">
        <blocIll ocr="1">1</blocIll>
        <ills>
          <ill classif="CCgoogle" couleur="coul" h="8400" hash="44df1344df134cdc" n="1-1" taille="23" w="5928" x="1" y="1">
            <contenuImg CS="0.68" h="3016" lang="fr" source="google" w="3011" x="592.8" y="1267">modèle motif</contenuImg>
            <contenuImg CS="0.68" h="3016" lang="fr" source="google" w="3011" x="592.8" y="1267">modèle</contenuImg>
            <contenuImg CS="0.68" h="3016" lang="fr" source="google" w="3011" x="592.8" y="1267">faune</contenuImg>
            <contenuImg CS="0.55" h="3016" lang="fr" source="google" w="3011" x="592.8" y="1267">illustration</contenuImg>
            <contenuImg CS="0.50" coul="1" lang="fr" source="google">vert foncé</contenuImg>
            <contenuImg CS="0.44" coul="1" lang="fr" source="google">rose</contenuImg>
            <contenuImg CS="0.44" coul="1" lang="fr" source="google">chocolat à pâtisser</contenuImg>
            <contenuImg CS="0.41" coul="1" lang="fr" source="google">bronze</contenuImg>
            <contenuImg CS="0.39" coul="1" lang="fr" source="google">beige pâle</contenuImg>
            <contenuImg CS="0.34" coul="1" lang="fr" source="google">gris foncé</contenuImg>
            <contenuImg CS="0.27" coul="1" lang="fr" source="google">noir</contenuImg>
            <contenuImg b="122" coul="1" g="167" r="210" source="colorific" type="bkg">#d2a77a</contenuImg>
            <contenuImg b="24" coul="1" g="40" ordre="6" r="63" source="colorific" type="frg">#3f2818</contenuImg>
            <contenuImg b="60" coul="1" g="73" ordre="5" r="81" source="colorific" type="frg">#51493c</contenuImg>
            <contenuImg b="47" coul="1" g="43" ordre="4" r="41" source="colorific" type="frg">#292b2f</contenuImg>
            <contenuImg b="90" coul="1" g="113" ordre="3" r="139" source="colorific" type="frg">#8b715a</contenuImg>
            <contenuImg b="0" coul="1" g="0" ordre="2" r="0" source="colorific" type="frg">#000000</contenuImg>
            <contenuImg b="107" coul="1" g="100" ordre="1" r="96" source="colorific" type="frg">#60646b</contenuImg>
            <contenuImg CS="1.0" lang="en" source="md">decorative patterns</contenuImg>
            <contenuImg CS="1.0" lang="en" source="md">birds</contenuImg>
            <contenuImg CS="1.0" lang="en" source="md">constructions</contenuImg>
            <contenuImg CS="1.0" lang="en" source="md">bridges</contenuImg>
            <contenuImg CS="1.0" lang="en" source="md">towers (constructions)</contenuImg>
            <contenuImg CS="1.0" lang="en" source="md">duck</contenuImg>
            <contenuImg CS="1.0" lang="en" source="md">insects</contenuImg>
            <contenuImg CS="1.0" lang="en" source="md">barrels</contenuImg>
            <contenuImg CS="1.0" lang="en" source="md">well</contenuImg>
            <contenuImg CS="0.27" coul="1" lang="en" source="google">black</contenuImg>
            <contenuImg CS="0.34" coul="1" lang="en" source="google">dimgrey</contenuImg>
            <contenuImg CS="0.39" coul="1" lang="en" source="google">newtan</contenuImg>
            <contenuImg CS="0.41" coul="1" lang="en" source="google">bronze</contenuImg>
            <contenuImg CS="0.44" coul="1" lang="en" source="google">bakerschocolate</contenuImg>
            <contenuImg CS="0.41" coul="1" lang="en" source="google">black</contenuImg>
            <contenuImg CS="0.44" coul="1" lang="en" source="google">pink</contenuImg>
            <contenuImg CS="0.50" coul="1" lang="en" source="google">darkgreen</contenuImg>
            <contenuImg CS="0.55" h="3016" lang="en" source="google" w="3011" x="592.8" y="1267">Illustration</contenuImg>
            <contenuImg CS="0.68" h="3016" lang="en" source="google" w="3011" x="592.8" y="1267">Wildlife</contenuImg>
            <contenuImg CS="0.68" h="3016" lang="en" source="google" w="3011" x="592.8" y="1267">Pattern</contenuImg>
            <tech source="final">estampe/gravure</tech>
            <fonction source="md">papier-peint</fonction>
            <fonction source="final">papier-peint</fonction>
            <tech CS="1" source="hm">estampe/gravure</tech>
            <theme CS="1" source="md">0</theme>
            <contenuImg CS="1.0" lang="fr" source="md">Puits</contenuImg>
            <contenuImg CS="1.0" lang="fr" source="md">Tonneaux</contenuImg>
            <contenuImg CS="1.0" lang="fr" source="md">Insectes</contenuImg>
            <contenuImg CS="1.0" lang="fr" source="md">Canard</contenuImg>
            <contenuImg CS="1.0" lang="fr" source="md">Tours (constructions)</contenuImg>
            <contenuImg CS="1.0" lang="fr" source="md">Ponts</contenuImg>
            <contenuImg CS="1.0" lang="fr" source="md">Constructions</contenuImg>
            <contenuImg CS="1.0" lang="fr" source="md">Oiseaux</contenuImg>
            <contenuImg CS="1.0" lang="fr" source="md">Motifs décoratifs</contenuImg>
            <titraille>Papier à motif répétitif : papier peint</titraille>
          </ill>
        </ills>
      </page>
    </pages>
  </contenus>
</analyseAlto>