<analyseAlto>
  <metad>
    <type>I</type>
    <ID>btv1b69004808</ID>
    <titre>Manufacture Jacquemart et Bénard. Bordure. Une bande de frise grecque bordée d_une frange de tulle et de fleurs de fantaisie : papier peint</titre>
    <dateEdition>1799</dateEdition>
    <auteur>inconnu</auteur>
    <lang>fre</lang>
    <source>Bibliothèque nationale de France</source>
    <sujet>Frises -- Tulle (textile) -- Textiles et tissus -- Fleurs de fantaisie -- Grecques (ornement) -- Trompe-l_oeil (ornement) -- Motifs décoratifs -- 1789-1799</sujet>
    <descr>Appartient à l’ensemble documentaire : PaPeint18 -- Papier peint</descr>
    <format>inconnu</format>
    <couverture>inconnu</couverture>
    <largeurPx>5360</largeurPx>
    <hauteurPx>3224</hauteurPx>
    <ocr>false</ocr>
    <toc>false</toc>
    <nbPage>1</nbPage>
  </metad>
  <contenus ocr="false" toc="false">
    <largeur>226</largeur>
    <hauteur>136</hauteur>
    <largeurPx>5360</largeurPx>
    <hauteurPx>3224</hauteurPx>
    <pages>
      <page ordre="1">
        <blocIll ocr="1">1</blocIll>
        <ills>
          <ill classif="CCgoogle" couleur="coul" h="3224" hash="0080ccffffffc800" n="1-1" taille="7" w="5360" x="1" y="1">
            <contenuImg CS="0.72" h="3320" lang="fr" source="google" w="3325" x="1918" y="322.4">conception</contenuImg>
            <contenuImg CS="0.66" lang="fr" source="google">textile</contenuImg>
            <tech source="final">estampe/gravure</tech>
            <fonction source="md">papier-peint</fonction>
            <fonction source="final">papier-peint</fonction>
            <tech CS="1" source="md">estampe/gravure</tech>
            <contenuImg CS="0.53" lang="fr" source="google">motif</contenuImg>
            <contenuImg CS="0.76" h="3320" lang="fr" source="google" w="3325" x="1918" y="322.4">modèle motif</contenuImg>
            <contenuImg CS="0.92" coul="1" h="3320" lang="fr" source="google" w="3325" x="1918" y="322.4">vert</contenuImg>
            <contenuImg CS="0.83" coul="1" h="3320" lang="fr" source="google" w="3325" x="1918" y="322.4">marron</contenuImg>
            <contenuImg CS="0.76" h="3320" lang="fr" source="google" w="3325" x="1918" y="322.4">modèle</contenuImg>
            <contenuImg CS="0.72" h="3320" lang="fr" source="google" w="3325" x="1918" y="322.4">design</contenuImg>
            <contenuImg CS="0.56" lang="fr" source="google">accessoires pour cheveux</contenuImg>
            <contenuImg CS="0.55" lang="fr" source="google">arts visuels</contenuImg>
            <contenuImg CS="0.55" lang="fr" source="google">accessoire de mode</contenuImg>
            <contenuImg CS="0.50" lang="fr" source="google">art</contenuImg>
            <contenuImg CS="0.87" coul="1" lang="fr" source="google">marron foncé</contenuImg>
            <contenuImg CS="0.37" coul="1" lang="fr" source="google">chocolat à pâtisser</contenuImg>
            <contenuImg CS="0.36" coul="1" lang="fr" source="google">vieux rose</contenuImg>
            <contenuImg CS="0.36" coul="1" lang="fr" source="google">gris</contenuImg>
            <contenuImg CS="0.33" coul="1" lang="fr" source="google">vert cuivre foncé</contenuImg>
            <contenuImg CS="0.31" coul="1" lang="fr" source="google">vert foncé</contenuImg>
            <contenuImg b="20" coul="1" g="40" r="58" source="colorific" type="bkg">#3a2814</contenuImg>
            <contenuImg b="43" coul="1" g="59" ordre="6" r="57" source="colorific" type="frg">#393b2b</contenuImg>
            <contenuImg b="0" coul="1" g="0" ordre="5" r="0" source="colorific" type="frg">#000000</contenuImg>
            <contenuImg b="106" coul="1" g="128" ordre="4" r="80" source="colorific" type="frg">#50806a</contenuImg>
            <contenuImg b="74" coul="1" g="81" ordre="3" r="47" source="colorific" type="frg">#2f514a</contenuImg>
            <contenuImg b="92" coul="1" g="104" ordre="2" r="112" source="colorific" type="frg">#70685c</contenuImg>
            <contenuImg b="146" coul="1" g="151" ordre="1" r="146" source="colorific" type="frg">#929792</contenuImg>
            <contenuImg CS="1.0" lang="en" source="md">decorative patterns - 1789-1799</contenuImg>
            <contenuImg CS="1.0" lang="en" source="md">trompe-l'oeil (ornament)</contenuImg>
            <contenuImg CS="1.0" lang="en" source="md">Greek (ornament)</contenuImg>
            <contenuImg CS="1.0" lang="en" source="md">fantasy flowers</contenuImg>
            <contenuImg CS="1.0" lang="en" source="md">textiles and fabrics</contenuImg>
            <contenuImg CS="1.0" lang="en" source="md">tulle (textile)</contenuImg>
            <contenuImg CS="1.0" lang="en" source="md">curly</contenuImg>
            <contenuImg CS="0.31" coul="1" lang="en" source="google">darkgreen</contenuImg>
            <contenuImg CS="0.33" coul="1" lang="en" source="google">darkgreencopper</contenuImg>
            <contenuImg CS="0.36" coul="1" lang="en" source="google">grey</contenuImg>
            <contenuImg CS="0.36" coul="1" lang="en" source="google">dustyrose</contenuImg>
            <contenuImg CS="0.49" coul="1" lang="en" source="google">darkgreen</contenuImg>
            <contenuImg CS="0.37" coul="1" lang="en" source="google">bakerschocolate</contenuImg>
            <contenuImg CS="0.49" coul="1" lang="en" source="google">gray</contenuImg>
            <contenuImg CS="0.87" coul="1" lang="en" source="google">darkbrown</contenuImg>
            <contenuImg CS="0.50" lang="en" source="google">Art</contenuImg>
            <contenuImg CS="0.53" lang="en" source="google">Motif</contenuImg>
            <contenuImg CS="0.55" lang="en" source="google">Fashion accessory</contenuImg>
            <contenuImg CS="0.55" lang="en" source="google">Visual arts</contenuImg>
            <contenuImg CS="0.56" lang="en" source="google">Hair accessory</contenuImg>
            <contenuImg CS="0.66" lang="en" source="google">Textile</contenuImg>
            <contenuImg CS="0.72" h="3320" lang="en" source="google" w="3325" x="1918" y="322.4">Design</contenuImg>
            <contenuImg CS="0.76" h="3320" lang="en" source="google" w="3325" x="1918" y="322.4">Pattern</contenuImg>
            <contenuImg CS="0.83" coul="1" h="3320" lang="en" source="google" w="3325" x="1918" y="322.4">Brown</contenuImg>
            <contenuImg CS="0.92" coul="1" h="3320" lang="en" source="google" w="3325" x="1918" y="322.4">Green</contenuImg>
            <theme CS="1" source="md">0</theme>
            <contenuImg CS="1.0" lang="fr" source="md">Frises</contenuImg>
            <contenuImg CS="1.0" lang="fr" source="md">Tulle (textile)</contenuImg>
            <contenuImg CS="1.0" lang="fr" source="md">Textiles et tissus</contenuImg>
            <contenuImg CS="1.0" lang="fr" source="md">Fleurs de fantaisie</contenuImg>
            <contenuImg CS="1.0" lang="fr" source="md">Grecques (ornement)</contenuImg>
            <contenuImg CS="1.0" lang="fr" source="md">Trompe-l'oeil (ornement)</contenuImg>
            <contenuImg CS="1.0" lang="fr" source="md">Motifs décoratifs -- 1789-1799</contenuImg>
            <titraille>Manufacture Jacquemart et Bénard. Bordure. Une bande de frise grecque bordée d_une frange de tulle et de fleurs de fantaisie : papier peint</titraille>
          </ill>
        </ills>
      </page>
    </pages>
  </contenus>
</analyseAlto>