<analyseAlto>
  <metad>
    <type>I</type>
    <ID>btv1b69013785</ID>
    <titre>Papier à motif répétitif : papier peint</titre>
    <dateEdition>1799</dateEdition>
    <auteur>inconnu</auteur>
    <lang>fre</lang>
    <source>Bibliothèque nationale de France</source>
    <sujet>Roses -- Treillages -- Rosaces (architecture) -- Fleurs (ornement) -- Trompe-l_oeil (ornement) -- Motifs décoratifs</sujet>
    <descr>Appartient à l’ensemble documentaire : PaPeint18 -- Papier peint</descr>
    <format>inconnu</format>
    <couverture>inconnu</couverture>
    <largeurPx>6960</largeurPx>
    <hauteurPx>12440</hauteurPx>
    <ocr>false</ocr>
    <toc>false</toc>
    <nbPage>1</nbPage>
  </metad>
  <contenus ocr="false" toc="false">
    <largeur>294</largeur>
    <hauteur>526</hauteur>
    <largeurPx>6960</largeurPx>
    <hauteurPx>12440</hauteurPx>
    <pages>
      <page ordre="1">
        <blocIll ocr="1">1</blocIll>
        <ills>
          <ill classif="CCgoogle" couleur="coul" h="12440" hash="afa78b03e3ee8380" n="1-1" taille="40" w="6960" x="1" y="1">
            <contenuImg CS="0.72" h="2389" lang="fr" source="google" w="2384" x="696" y="1457">conception</contenuImg>
            <contenuImg CS="0.64" lang="fr" source="google">fleurs sauvages</contenuImg>
            <contenuImg CS="0.82" h="2389" lang="fr" source="google" w="2384" x="696" y="1457">modèle motif</contenuImg>
            <contenuImg CS="0.75" coul="1" lang="fr" source="google">vert de mer</contenuImg>
            <contenuImg CS="0.85" h="2389" lang="fr" source="google" w="2384" x="696" y="1457">fer</contenuImg>
            <contenuImg CS="0.85" coul="1" h="2389" lang="fr" source="google" w="2384" x="696" y="1457">bleu canard</contenuImg>
            <contenuImg CS="0.82" h="2389" lang="fr" source="google" w="2384" x="696" y="1457">modèle</contenuImg>
            <contenuImg CS="0.72" h="2389" lang="fr" source="google" w="2384" x="696" y="1457">design</contenuImg>
            <contenuImg CS="0.68" lang="fr" source="google">plante</contenuImg>
            <contenuImg CS="0.67" lang="fr" source="google">arts visuels</contenuImg>
            <contenuImg CS="0.61" lang="fr" source="google">métal</contenuImg>
            <contenuImg CS="0.60" lang="fr" source="google">fleur</contenuImg>
            <contenuImg CS="0.59" lang="fr" source="google">fenêtre</contenuImg>
            <contenuImg CS="0.42" coul="1" lang="fr" source="google">gerbe d'or (Solidago)</contenuImg>
            <contenuImg CS="0.20" coul="1" lang="fr" source="google">saumon</contenuImg>
            <contenuImg CS="0.16" coul="1" lang="fr" source="google">vert cuivre foncé</contenuImg>
            <contenuImg CS="0.06" coul="1" lang="fr" source="google">gris ardoise foncé</contenuImg>
            <contenuImg b="136" coul="1" g="131" ordre="6" r="183" source="colorific" type="frg">#b78388</contenuImg>
            <contenuImg b="42" coul="1" g="66" ordre="5" r="72" source="colorific" type="frg">#48422a</contenuImg>
            <contenuImg b="84" coul="1" g="115" ordre="4" r="148" source="colorific" type="frg">#947354</contenuImg>
            <contenuImg b="51" coul="1" g="61" ordre="3" r="19" source="colorific" type="frg">#133d33</contenuImg>
            <contenuImg b="111" coul="1" g="133" ordre="2" r="101" source="colorific" type="frg">#65856f</contenuImg>
            <contenuImg b="126" coul="1" g="177" ordre="1" r="202" source="colorific" type="frg">#cab17e</contenuImg>
            <contenuImg CS="1.0" lang="en" source="md">decorative patterns</contenuImg>
            <contenuImg CS="1.0" lang="en" source="md">trompe-l'oeil (ornament)</contenuImg>
            <contenuImg CS="1.0" lang="en" source="md">flowers (ornament)</contenuImg>
            <contenuImg CS="1.0" lang="en" source="md">rosettes (architecture)</contenuImg>
            <contenuImg CS="1.0" lang="en" source="md">trellises</contenuImg>
            <contenuImg CS="1.0" lang="en" source="md">roses (flowers)</contenuImg>
            <contenuImg CS="0.06" coul="1" lang="en" source="google">darkslategrey</contenuImg>
            <contenuImg CS="0.16" coul="1" lang="en" source="google">darkgreencopper</contenuImg>
            <contenuImg CS="0.20" coul="1" lang="en" source="google">salmon</contenuImg>
            <contenuImg CS="0.24" coul="1" lang="en" source="google">darkgreencopper</contenuImg>
            <contenuImg CS="0.42" coul="1" lang="en" source="google">goldenrod</contenuImg>
            <contenuImg CS="0.75" coul="1" lang="en" source="google">seagreen</contenuImg>
            <contenuImg CS="0.59" lang="en" source="google">Window</contenuImg>
            <contenuImg CS="0.60" lang="en" source="google">Flower</contenuImg>
            <contenuImg CS="0.61" lang="en" source="google">Metal</contenuImg>
            <contenuImg CS="0.64" lang="en" source="google">Wildflower</contenuImg>
            <contenuImg CS="0.67" lang="en" source="google">Visual arts</contenuImg>
            <contenuImg CS="0.68" lang="en" source="google">Plant</contenuImg>
            <contenuImg CS="0.72" h="2389" lang="en" source="google" w="2384" x="696" y="1457">Design</contenuImg>
            <contenuImg CS="0.82" h="2389" lang="en" source="google" w="2384" x="696" y="1457">Pattern</contenuImg>
            <contenuImg CS="0.85" coul="1" h="2389" lang="en" source="google" w="2384" x="696" y="1457">Teal</contenuImg>
            <contenuImg CS="0.85" h="2389" lang="en" source="google" w="2384" x="696" y="1457">Iron</contenuImg>
            <tech source="final">estampe/gravure</tech>
            <fonction source="md">papier-peint</fonction>
            <fonction source="final">papier-peint</fonction>
            <tech CS="1" source="hm">estampe/gravure</tech>
            <theme CS="1" source="md">0</theme>
            <contenuImg CS="1.0" lang="fr" source="md">Roses</contenuImg>
            <contenuImg CS="1.0" lang="fr" source="md">Treillages</contenuImg>
            <contenuImg CS="1.0" lang="fr" source="md">Rosaces (architecture)</contenuImg>
            <contenuImg CS="1.0" lang="fr" source="md">Fleurs (ornement)</contenuImg>
            <contenuImg CS="1.0" lang="fr" source="md">Trompe-l'oeil (ornement)</contenuImg>
            <contenuImg CS="1.0" lang="fr" source="md">Motifs décoratifs</contenuImg>
            <titraille>Papier à motif répétitif : papier peint</titraille>
          </ill>
        </ills>
      </page>
    </pages>
  </contenus>
</analyseAlto>