<analyseAlto>
  <metad>
    <type>I</type>
    <ID>btv1b6900009k</ID>
    <titre>Manufacture Berthelot. Papier à motif répétitif. Motif répétitif à quatre chemins de semis de feuilles et rosettes de fantaisie : papier peint</titre>
    <dateEdition>1799</dateEdition>
    <auteur>inconnu</auteur>
    <lang>fre</lang>
    <source>Bibliothèque nationale de France, département Estampes et photographie, EST LI-15</source>
    <sujet>Feuilles de fantaisie -- Rosettes de fantaisiernement -- Motifs décoratifs -- 1789-1799</sujet>
    <descr>Appartient à l’ensemble documentaire : PaPeint18 -- Papier peint</descr>
    <format>inconnu</format>
    <couverture>inconnu</couverture>
    <largeurPx>6528</largeurPx>
    <hauteurPx>5784</hauteurPx>
    <ocr>false</ocr>
    <toc>false</toc>
    <caption>false</caption>
    <nbPage>1</nbPage>
  </metad>
  <contenus ocr="false" toc="false">
    <largeur>276</largeur>
    <hauteur>244</hauteur>
    <largeurPx>6528</largeurPx>
    <hauteurPx>5784</hauteurPx>
    <pages>
      <page ordre="1">
        <blocIll ocr="1">1</blocIll>
        <ills>
          <ill classif="CCgoogle" couleur="coul" h="5784" hash="55aa55e4aa55aa55" n="1-1" taille="17" w="6528" x="1" y="1">
            <contenuImg CS="0.64" h="3781" lang="fr" source="google" w="2118" x="2803.8" y="578.4">fleurs sauvages</contenuImg>
            <contenuImg CS="0.53" lang="fr" source="google">plante herbacée</contenuImg>
            <contenuImg CS="0.50" lang="fr" source="google">plante vivace</contenuImg>
            <contenuImg CS="0.79" h="3781" lang="fr" source="google" w="2118" x="2803.8" y="578.4">modèle motif</contenuImg>
            <contenuImg CS="0.80" h="3781" lang="fr" source="google" w="2118" x="2803.8" y="578.4">fleur</contenuImg>
            <contenuImg CS="0.79" h="3781" lang="fr" source="google" w="2118" x="2803.8" y="578.4">plante</contenuImg>
            <contenuImg CS="0.79" h="3781" lang="fr" source="google" w="2118" x="2803.8" y="578.4">modèle</contenuImg>
            <contenuImg CS="2.81" coul="1" lang="fr" source="google">vieil or</contenuImg>
            <contenuImg CS="0.05" coul="1" lang="fr" source="google">bleuet</contenuImg>
            <contenuImg CS="0.02" coul="1" lang="fr" source="google">vert cuivre foncé</contenuImg>
            <contenuImg CS="0.02" coul="1" lang="fr" source="google">brun foncé</contenuImg>
            <contenuImg CS="0.02" coul="1" lang="fr" source="google">laiton</contenuImg>
            <contenuImg CS="0.02" coul="1" lang="fr" source="google">feldspath</contenuImg>
            <contenuImg b="93" coul="1" g="178" r="201" source="colorific" type="bkg">#c9b25d</contenuImg>
            <contenuImg b="18" coul="1" g="29" ordre="6" r="15" source="colorific" type="frg">#0f1d12</contenuImg>
            <contenuImg b="11" coul="1" g="25" ordre="5" r="56" source="colorific" type="frg">#38190b</contenuImg>
            <contenuImg b="0" coul="1" g="0" ordre="4" r="0" source="colorific" type="frg">#000000</contenuImg>
            <contenuImg b="32" coul="1" g="64" ordre="3" r="190" source="colorific" type="frg">#be4020</contenuImg>
            <contenuImg b="4" coul="1" g="24" ordre="2" r="33" source="colorific" type="frg">#211804</contenuImg>
            <contenuImg b="155" coul="1" g="129" ordre="1" r="97" source="colorific" type="frg">#61819b</contenuImg>
            <contenuImg CS="1.0" lang="en" source="md">decorative patterns - 1789-1799</contenuImg>
            <contenuImg CS="1.0" lang="en" source="md">fancy leaves</contenuImg>
            <contenuImg CS="0.02" coul="1" lang="en" source="google">feldspar</contenuImg>
            <contenuImg CS="0.02" coul="1" lang="en" source="google">brass</contenuImg>
            <contenuImg CS="0.02" coul="1" lang="en" source="google">darktan</contenuImg>
            <contenuImg CS="0.02" coul="1" lang="en" source="google">darkgreencopper</contenuImg>
            <contenuImg CS="0.05" coul="1" lang="en" source="google">cornflowerblue</contenuImg>
            <contenuImg CS="2.81" coul="1" lang="en" source="google">oldgold</contenuImg>
            <contenuImg CS="0.50" lang="en" source="google">Perennial plant</contenuImg>
            <contenuImg CS="0.53" lang="en" source="google">Herbaceous plant</contenuImg>
            <contenuImg CS="0.64" h="3781" lang="en" source="google" w="2118" x="2803.8" y="578.4">Wildflower</contenuImg>
            <contenuImg CS="0.79" h="3781" lang="en" source="google" w="2118" x="2803.8" y="578.4">Pattern</contenuImg>
            <contenuImg CS="0.79" h="3781" lang="en" source="google" w="2118" x="2803.8" y="578.4">Plant</contenuImg>
            <contenuImg CS="0.80" h="3781" lang="en" source="google" w="2118" x="2803.8" y="578.4">Flower</contenuImg>
            <tech source="final">estampe/gravure</tech>
            <fonction source="md">papier-peint</fonction>
            <fonction source="final">papier-peint</fonction>
            <tech CS="1" source="hm">estampe/gravure</tech>
            <theme CS="1" source="md">0</theme>
            <contenuImg CS="1.0" lang="fr" source="md">Feuilles de fantaisie</contenuImg>
            <contenuImg CS="1.0" lang="fr" source="md">Rosettes de fantaisie</contenuImg>
            <contenuImg CS="1.0" lang="fr" source="md">Motifs décoratifs -- 1789-1799</contenuImg>
            <titraille>Manufacture Berthelot. Papier à motif répétitif. Motif répétitif à quatre chemins de semis de feuilles et rosettes de fantaisie : papier peint</titraille>
          </ill>
        </ills>
      </page>
    </pages>
  </contenus>
</analyseAlto>