<analyseAlto>
  <metad>
    <type>I</type>
    <ID>btv1b6900315b</ID>
    <titre>Manufacture Duserre et Cie. Papier à motif répétitif. Motif répétitif à un chemin de trois scènes traitées en silhouette : papier peint</titre>
    <dateEdition>1799</dateEdition>
    <auteur>inconnu</auteur>
    <lang>fre</lang>
    <source>Bibliothèque nationale de France, département Estampes et photographie, EST LZ-312 (2)</source>
    <sujet>Cavaliers -- Cheval -- Forêts -- Danseuses -- Chien -- Personnages -- Dans l_art -- Thé -- Consommation -- Guirlandes (ornement) -- Palmettes (ornement) -- Motifs à l'éventail -- Végétaux stylisés -- Silhouettes -- 1789-1799 -- Motifs décoratifs -- 1789-1799</sujet>
    <descr>Appartient à l’ensemble documentaire : PaPeint18 -- Papier peint</descr>
    <format>inconnu</format>
    <couverture>inconnu</couverture>
    <largeurPx>7216</largeurPx>
    <hauteurPx>9336</hauteurPx>
    <ocr>false</ocr>
    <toc>false</toc>
    <caption>false</caption>
    <nbPage>1</nbPage>
  </metad>
  <contenus ocr="false" toc="false">
    <largeur>305</largeur>
    <hauteur>395</hauteur>
    <largeurPx>7216</largeurPx>
    <hauteurPx>9336</hauteurPx>
    <pages>
      <page ordre="1">
        <blocIll ocr="1">1</blocIll>
        <ills>
          <ill classif="CCgoogle" couleur="coul" h="9336" hash="cc8e88bff500cc9e" n="1-1" taille="31" w="7216" x="1" y="1">
            <contenuImg CS="0.73" h="4270" lang="fr" source="google" w="2394" x="1048.6" y="933.6">chat noir</contenuImg>
            <contenuImg CS="0.66" lang="fr" source="google">modèle motif</contenuImg>
            <contenuImg CS="0.78" h="4270" lang="fr" source="google" w="2394" x="1048.6" y="933.6">silhouette</contenuImg>
            <contenuImg CS="0.78" h="4270" lang="fr" source="google" w="2394" x="1048.6" y="933.6">art</contenuImg>
            <contenuImg CS="0.72" h="4270" lang="fr" source="google" w="2394" x="1048.6" y="933.6">illustration</contenuImg>
            <contenuImg CS="0.71" lang="fr" source="google">arts visuels</contenuImg>
            <contenuImg CS="0.66" lang="fr" source="google">modèle</contenuImg>
            <contenuImg CS="0.60" lang="fr" source="google">cadre</contenuImg>
            <contenuImg CS="0.52" lang="fr" source="google">style</contenuImg>
            <contenuImg CS="0.51" lang="fr" source="google">lièvre</contenuImg>
            <contenuImg CS="1.68" coul="1" lang="fr" source="google">bronze</contenuImg>
            <contenuImg CS="0.22" coul="1" lang="fr" source="google">bois moyen</contenuImg>
            <contenuImg CS="0.18" coul="1" lang="fr" source="google">vert foncé</contenuImg>
            <contenuImg CS="0.18" coul="1" lang="fr" source="google">gris clair</contenuImg>
            <contenuImg CS="0.14" coul="1" lang="fr" source="google">rose</contenuImg>
            <contenuImg b="116" coul="1" g="185" r="200" source="colorific" type="bkg">#c8b974</contenuImg>
            <contenuImg b="0" coul="1" g="0" ordre="3" r="0" source="colorific" type="frg">#000000</contenuImg>
            <contenuImg b="24" coul="1" g="46" ordre="2" r="36" source="colorific" type="frg">#242e18</contenuImg>
            <contenuImg b="95" coul="1" g="117" ordre="1" r="127" source="colorific" type="frg">#7f755f</contenuImg>
            <contenuImg CS="1.0" lang="en" source="md">decorative patterns - 1789-1799</contenuImg>
            <contenuImg CS="1.0" lang="en" source="md">silhouettes - 1789-1799</contenuImg>
            <contenuImg CS="1.0" lang="en" source="md">stylized plants</contenuImg>
            <contenuImg CS="1.0" lang="en" source="md">fan-shaped patterns</contenuImg>
            <contenuImg CS="1.0" lang="en" source="md">palmettes (ornament)</contenuImg>
            <contenuImg CS="1.0" lang="en" source="md">garlands (ornament)</contenuImg>
            <contenuImg CS="1.0" lang="en" source="md">tea - consumption</contenuImg>
            <contenuImg CS="1.0" lang="en" source="md">characters - in art</contenuImg>
            <contenuImg CS="1.0" lang="en" source="md">dog</contenuImg>
            <contenuImg CS="1.0" lang="en" source="md">dancers</contenuImg>
            <contenuImg CS="1.0" lang="en" source="md">forests</contenuImg>
            <contenuImg CS="1.0" lang="en" source="md">horse</contenuImg>
            <contenuImg CS="1.0" lang="en" source="md">riders</contenuImg>
            <contenuImg CS="0.14" coul="1" lang="en" source="google">pink</contenuImg>
            <contenuImg CS="0.18" coul="1" lang="en" source="google">lightgrey</contenuImg>
            <contenuImg CS="0.18" coul="1" lang="en" source="google">darkgreen</contenuImg>
            <contenuImg CS="0.22" coul="1" lang="en" source="google">mediumwood</contenuImg>
            <contenuImg CS="1.68" coul="1" lang="en" source="google">bronze</contenuImg>
            <contenuImg CS="0.21" coul="1" lang="en" source="google">lightgrey</contenuImg>
            <contenuImg CS="1.88" coul="1" lang="en" source="google">mediumwood</contenuImg>
            <contenuImg CS="0.51" lang="en" source="google">Hare</contenuImg>
            <contenuImg CS="0.52" lang="en" source="google">Style</contenuImg>
            <contenuImg CS="0.60" lang="en" source="google">Picture frame</contenuImg>
            <contenuImg CS="0.66" lang="en" source="google">Pattern</contenuImg>
            <contenuImg CS="0.71" lang="en" source="google">Visual arts</contenuImg>
            <contenuImg CS="0.72" h="4270" lang="en" source="google" w="2394" x="1048.6" y="933.6">Illustration</contenuImg>
            <contenuImg CS="0.73" h="4270" lang="en" source="google" w="2394" x="1048.6" y="933.6">Black cat</contenuImg>
            <contenuImg CS="0.78" h="4270" lang="en" source="google" w="2394" x="1048.6" y="933.6">Art</contenuImg>
            <contenuImg CS="0.78" h="4270" lang="en" source="google" w="2394" x="1048.6" y="933.6">Silhouette</contenuImg>
            <tech source="final">estampe/gravure</tech>
            <fonction source="md">papier-peint</fonction>
            <fonction source="final">papier-peint</fonction>
            <tech CS="1" source="hm">estampe/gravure</tech>
            <theme CS="1" source="md">0</theme>
            <contenuImg CS="1.0" lang="fr" source="md">Cavaliers</contenuImg>
            <contenuImg CS="1.0" lang="fr" source="md">Cheval</contenuImg>
            <contenuImg CS="1.0" lang="fr" source="md">Forêts</contenuImg>
            <contenuImg CS="1.0" lang="fr" source="md">Danseuses</contenuImg>
            <contenuImg CS="1.0" lang="fr" source="md">Chien</contenuImg>
            <contenuImg CS="1.0" lang="fr" source="md">Personnages -- Dans l'art</contenuImg>
            <contenuImg CS="1.0" lang="fr" source="md">Thé -- Consommation</contenuImg>
            <contenuImg CS="1.0" lang="fr" source="md">Guirlandes (ornement)</contenuImg>
            <contenuImg CS="1.0" lang="fr" source="md">Palmettes (ornement)</contenuImg>
            <contenuImg CS="1.0" lang="fr" source="md">Motifs à l'éventail</contenuImg>
            <contenuImg CS="1.0" lang="fr" source="md">Végétaux stylisés</contenuImg>
            <contenuImg CS="1.0" lang="fr" source="md">Silhouettes -- 1789-1799</contenuImg>
            <contenuImg CS="1.0" lang="fr" source="md">Motifs décoratifs -- 1789-1799</contenuImg>
            <titraille>Manufacture Duserre et Cie. Papier à motif répétitif. Motif répétitif à un chemin de trois scènes traitées en silhouette : papier peint</titraille>
          </ill>
        </ills>
      </page>
    </pages>
  </contenus>
</analyseAlto>