<analyseAlto>
  <metad>
    <type>I</type>
    <ID>btv1b69004571</ID>
    <titre>Manufacture Jacquemart et Bénard. Papier à motif répétitif. Motif répétitif en arabesque (?), à deux chemins : scène de genre (une femme montée sur un âne près d_un berger qui garde sa vache) alternant avec une corbeille tressée garnie de fruits : papier peint</titre>
    <dateEdition>1799</dateEdition>
    <auteur>inconnu</auteur>
    <lang>fre</lang>
    <source>Bibliothèque nationale de France</source>
    <sujet>Fruits -- Animaux -- Vaches -- Âne -- Femmes -- Personnages -- Dans l_art -- Oiseaux -- Colombes -- Paniers -- Roses -- Pervenches -- Grenadiers (plantes) -- Groseilles -- Raisin -- Pommes -- Couronnes (coiffures) -- Motifs en arabesque -- Fleurs (ornement) -- Arc et flèches -- Vases à l'antique -- Scènes de genre -- 1789-1799 -- Motifs décoratifs -- 1789-1799</sujet>
    <descr>Appartient à l’ensemble documentaire : PaPeint18 -- Papier peint</descr>
    <format>inconnu</format>
    <couverture>inconnu</couverture>
    <largeurPx>6960</largeurPx>
    <hauteurPx>13104</hauteurPx>
    <ocr>false</ocr>
    <toc>false</toc>
    <nbPage>1</nbPage>
  </metad>
  <contenus ocr="false" toc="false">
    <largeur>294</largeur>
    <hauteur>554</hauteur>
    <largeurPx>6960</largeurPx>
    <hauteurPx>13104</hauteurPx>
    <pages>
      <page ordre="1">
        <blocIll ocr="1">1</blocIll>
        <ills>
          <ill classif="CCgoogle" couleur="coul" h="13104" hash="66e3e424e7365e42" n="1-1" taille="42" w="6960" x="1" y="1">
            <contenuImg CS="0.84" h="2270" lang="fr" source="google" w="2265" x="696" y="1737.4">textile</contenuImg>
            <contenuImg CS="0.51" lang="fr" source="google">art floral</contenuImg>
            <contenuImg CS="0.68" h="2270" lang="fr" source="google" w="2265" x="696" y="1737.4">modèle motif</contenuImg>
            <contenuImg CS="0.68" h="2270" lang="fr" source="google" w="2265" x="696" y="1737.4">modèle</contenuImg>
            <contenuImg CS="0.66" h="2270" lang="fr" source="google" w="2265" x="696" y="1737.4">art</contenuImg>
            <contenuImg CS="0.59" h="2270" lang="fr" source="google" w="2265" x="696" y="1737.4">plante</contenuImg>
            <contenuImg CS="0.53" lang="fr" source="google">tapisserie</contenuImg>
            <contenuImg CS="1.29" coul="1" lang="fr" source="google">vert olive foncé</contenuImg>
            <contenuImg CS="0.07" coul="1" lang="fr" source="google">bleu cadet</contenuImg>
            <contenuImg CS="0.06" coul="1" lang="fr" source="google">vert cuivre foncé</contenuImg>
            <contenuImg CS="1.05" coul="1" lang="fr" source="google">gris ardoise foncé</contenuImg>
            <contenuImg CS="0.51" coul="1" lang="fr" source="google">vert pâle</contenuImg>
            <contenuImg CS="0.33" coul="1" lang="fr" source="google">gris foncé</contenuImg>
            <contenuImg CS="0.30" coul="1" lang="fr" source="google">vert foncé</contenuImg>
            <contenuImg b="177" coul="1" g="162" r="134" source="colorific" type="bkg">#86a2b1</contenuImg>
            <contenuImg b="122" coul="1" g="102" ordre="6" r="69" source="colorific" type="frg">#45667a</contenuImg>
            <contenuImg b="81" coul="1" g="85" ordre="5" r="88" source="colorific" type="frg">#585551</contenuImg>
            <contenuImg b="45" coul="1" g="64" ordre="4" r="152" source="colorific" type="frg">#98402d</contenuImg>
            <contenuImg b="113" coul="1" g="129" ordre="3" r="131" source="colorific" type="frg">#838171</contenuImg>
            <contenuImg b="66" coul="1" g="90" ordre="2" r="47" source="colorific" type="frg">#2f5a42</contenuImg>
            <contenuImg b="160" coul="1" g="162" ordre="1" r="153" source="colorific" type="frg">#99a2a0</contenuImg>
            <contenuImg CS="1.0" lang="en" source="md">decorative patterns - 1789-1799</contenuImg>
            <contenuImg CS="1.0" lang="en" source="md">genre scenes - 1789-1799</contenuImg>
            <contenuImg CS="1.0" lang="en" source="md">vases in the antique</contenuImg>
            <contenuImg CS="1.0" lang="en" source="md">bow and arrows</contenuImg>
            <contenuImg CS="1.0" lang="en" source="md">flowers (ornament)</contenuImg>
            <contenuImg CS="1.0" lang="en" source="md">arabesque-shaped patterns</contenuImg>
            <contenuImg CS="1.0" lang="en" source="md">crowns (hairstyles)</contenuImg>
            <contenuImg CS="1.0" lang="en" source="md">apples (fruits)</contenuImg>
            <contenuImg CS="1.0" lang="en" source="md">grape (fruits)</contenuImg>
            <contenuImg CS="1.0" lang="en" source="md">currants</contenuImg>
            <contenuImg CS="1.0" lang="en" source="md">pomegranate tree</contenuImg>
            <contenuImg CS="1.0" lang="en" source="md">periwinkles (birds)</contenuImg>
            <contenuImg CS="1.0" lang="en" source="md">roses (flowers)</contenuImg>
            <contenuImg CS="1.0" lang="en" source="md">baskets</contenuImg>
            <contenuImg CS="1.0" lang="en" source="md">doves (birds)</contenuImg>
            <contenuImg CS="1.0" lang="en" source="md">birds</contenuImg>
            <contenuImg CS="1.0" lang="en" source="md">characters - in art</contenuImg>
            <contenuImg CS="1.0" lang="en" source="md">women</contenuImg>
            <contenuImg CS="1.0" lang="en" source="md">donkey</contenuImg>
            <contenuImg CS="1.0" lang="en" source="md">cows</contenuImg>
            <contenuImg CS="1.0" lang="en" source="md">animals</contenuImg>
            <contenuImg CS="1.0" lang="en" source="md">fruits</contenuImg>
            <contenuImg CS="0.30" coul="1" lang="en" source="google">darkgreen</contenuImg>
            <contenuImg CS="0.33" coul="1" lang="en" source="google">darkgray</contenuImg>
            <contenuImg CS="0.51" coul="1" lang="en" source="google">palegreen</contenuImg>
            <contenuImg CS="1.05" coul="1" lang="en" source="google">darkslategrey</contenuImg>
            <contenuImg CS="0.06" coul="1" lang="en" source="google">darkgreencopper</contenuImg>
            <contenuImg CS="0.07" coul="1" lang="en" source="google">cadetblue</contenuImg>
            <contenuImg CS="1.29" coul="1" lang="en" source="google">darkolivegreen</contenuImg>
            <contenuImg CS="0.51" lang="en" source="google">Floral design</contenuImg>
            <contenuImg CS="0.53" lang="en" source="google">Tapestry</contenuImg>
            <contenuImg CS="0.59" h="2270" lang="en" source="google" w="2265" x="696" y="1737.4">Plant</contenuImg>
            <contenuImg CS="0.66" h="2270" lang="en" source="google" w="2265" x="696" y="1737.4">Art</contenuImg>
            <contenuImg CS="0.68" h="2270" lang="en" source="google" w="2265" x="696" y="1737.4">Pattern</contenuImg>
            <contenuImg CS="0.84" h="2270" lang="en" source="google" w="2265" x="696" y="1737.4">Textile</contenuImg>
            <tech source="final">estampe/gravure</tech>
            <fonction source="md">papier-peint</fonction>
            <fonction source="final">papier-peint</fonction>
            <tech CS="1" source="hm">estampe/gravure</tech>
            <theme CS="1" source="md">0</theme>
            <contenuImg CS="1.0" lang="fr" source="md">Fruits</contenuImg>
            <contenuImg CS="1.0" lang="fr" source="md">Animaux</contenuImg>
            <contenuImg CS="1.0" lang="fr" source="md">Vaches</contenuImg>
            <contenuImg CS="1.0" lang="fr" source="md">Âne</contenuImg>
            <contenuImg CS="1.0" lang="fr" source="md">Femmes</contenuImg>
            <contenuImg CS="1.0" lang="fr" source="md">Personnages -- Dans l'art</contenuImg>
            <contenuImg CS="1.0" lang="fr" source="md">Oiseaux</contenuImg>
            <contenuImg CS="1.0" lang="fr" source="md">Colombes</contenuImg>
            <contenuImg CS="1.0" lang="fr" source="md">Paniers</contenuImg>
            <contenuImg CS="1.0" lang="fr" source="md">Roses</contenuImg>
            <contenuImg CS="1.0" lang="fr" source="md">Pervenches</contenuImg>
            <contenuImg CS="1.0" lang="fr" source="md">Grenadiers (plantes)</contenuImg>
            <contenuImg CS="1.0" lang="fr" source="md">Groseilles</contenuImg>
            <contenuImg CS="1.0" lang="fr" source="md">Raisin</contenuImg>
            <contenuImg CS="1.0" lang="fr" source="md">Pommes</contenuImg>
            <contenuImg CS="1.0" lang="fr" source="md">Couronnes (coiffures)</contenuImg>
            <contenuImg CS="1.0" lang="fr" source="md">Motifs en arabesque</contenuImg>
            <contenuImg CS="1.0" lang="fr" source="md">Fleurs (ornement)</contenuImg>
            <contenuImg CS="1.0" lang="fr" source="md">Arc et flèches</contenuImg>
            <contenuImg CS="1.0" lang="fr" source="md">Vases à l'antique</contenuImg>
            <contenuImg CS="1.0" lang="fr" source="md">Scènes de genre -- 1789-1799</contenuImg>
            <contenuImg CS="1.0" lang="fr" source="md">Motifs décoratifs -- 1789-1799</contenuImg>
            <titraille>Manufacture Jacquemart et Bénard. Papier à motif répétitif. Motif répétitif en arabesque (?), à deux chemins : scène de genre (une femme montée sur un âne près d_un berger qui garde sa vache) alternant avec une corbeille tressée garnie de fruits : papier peint</titraille>
          </ill>
        </ills>
      </page>
    </pages>
  </contenus>
</analyseAlto>