<analyseAlto>
  <metad>
    <type>I</type>
    <ID>btv1b69007876</ID>
    <titre>Manufacture Jacquemart et Bénard. Bordure. Une bande de frise principale de motifs de fantaisiepar dessus une frise de losanges, entre deux petites frises : papier peint</titre>
    <dateEdition>1803</dateEdition>
    <auteur>Jacquemart et Bénard (Manufacture). Fonction indéterminée</auteur>
    <lang>fre</lang>
    <source>Bibliothèque nationale de France</source>
    <sujet>Frises -- Ornements géométriques -- Motifs de fantaisie -- Palmettes (ornement) -- Losanges (ornement) -- Végétaux stylisés -- Rosettes (ornement) -- Fleurons (ornement) -- Dents de scie (ornement) -- Motifs décoratifs -- 1800-1869</sujet>
    <descr>Appartient à l’ensemble documentaire : PaPeint18 -- Papier peint</descr>
    <format>inconnu</format>
    <couverture>inconnu</couverture>
    <largeurPx>6640</largeurPx>
    <hauteurPx>3568</hauteurPx>
    <ocr>false</ocr>
    <toc>false</toc>
    <nbPage>1</nbPage>
  </metad>
  <contenus ocr="false" toc="false">
    <largeur>281</largeur>
    <hauteur>151</hauteur>
    <largeurPx>6640</largeurPx>
    <hauteurPx>3568</hauteurPx>
    <pages>
      <page ordre="1">
        <blocIll ocr="1">1</blocIll>
        <ills>
          <ill classif="CCgoogle" couleur="coul" h="3568" hash="00666666e7e700ff" n="1-1" taille="11" w="6640" x="1" y="1">
            <contenuImg CS="0.75" h="2294" lang="fr" source="google" w="1724" x="1937" y="356.8">conception</contenuImg>
            <contenuImg CS="0.68" h="2294" lang="fr" source="google" w="1724" x="1937" y="356.8">magenta</contenuImg>
            <contenuImg CS="0.61" lang="fr" source="google">ornement</contenuImg>
            <contenuImg CS="0.86" h="2294" lang="fr" source="google" w="1724" x="1937" y="356.8">modèle motif</contenuImg>
            <contenuImg CS="0.86" h="2294" lang="fr" source="google" w="1724" x="1937" y="356.8">modèle</contenuImg>
            <contenuImg CS="0.75" h="2294" lang="fr" source="google" w="1724" x="1937" y="356.8">design</contenuImg>
            <contenuImg CS="0.65" h="2294" lang="fr" source="google" w="1724" x="1937" y="356.8">arts visuels</contenuImg>
            <contenuImg CS="0.63" lang="fr" source="google">symétrie</contenuImg>
            <contenuImg CS="0.60" lang="fr" source="google">bois</contenuImg>
            <contenuImg CS="0.53" lang="fr" source="google">rectangle</contenuImg>
            <contenuImg CS="0.50" lang="fr" source="google">art</contenuImg>
            <contenuImg CS="0.75" coul="1" lang="fr" source="google">gris foncé</contenuImg>
            <contenuImg CS="0.23" coul="1" lang="fr" source="google">vert cuivre</contenuImg>
            <contenuImg CS="0.69" coul="1" lang="fr" source="google">violet</contenuImg>
            <contenuImg CS="0.62" coul="1" lang="fr" source="google">noir</contenuImg>
            <contenuImg CS="0.60" coul="1" lang="fr" source="google">chocolat à pâtisser</contenuImg>
            <contenuImg CS="0.31" coul="1" lang="fr" source="google">bronze</contenuImg>
            <contenuImg b="82" coul="1" g="145" r="199" source="colorific" type="bkg">#c79152</contenuImg>
            <contenuImg b="158" coul="1" g="164" ordre="5" r="197" source="colorific" type="frg">#c5a49e</contenuImg>
            <contenuImg b="74" coul="1" g="72" ordre="4" r="93" source="colorific" type="frg">#5d484a</contenuImg>
            <contenuImg b="113" coul="1" g="97" ordre="3" r="134" source="colorific" type="frg">#866171</contenuImg>
            <contenuImg b="179" coul="1" g="222" ordre="2" r="243" source="colorific" type="frg">#f3deb3</contenuImg>
            <contenuImg b="37" coul="1" g="34" ordre="1" r="38" source="colorific" type="frg">#262225</contenuImg>
            <contenuImg CS="1.0" lang="en" source="md">decorative patterns - 1800-1869</contenuImg>
            <contenuImg CS="1.0" lang="en" source="md">sawtooth (ornament)</contenuImg>
            <contenuImg CS="1.0" lang="en" source="md">flowerets (ornament)</contenuImg>
            <contenuImg CS="1.0" lang="en" source="md">rosettes (ornament)</contenuImg>
            <contenuImg CS="1.0" lang="en" source="md">stylized plants</contenuImg>
            <contenuImg CS="1.0" lang="en" source="md">rhombuses (ornament)</contenuImg>
            <contenuImg CS="1.0" lang="en" source="md">palmettes (ornament)</contenuImg>
            <contenuImg CS="1.0" lang="en" source="md">fantasy patterns</contenuImg>
            <contenuImg CS="1.0" lang="en" source="md">geometric ornaments</contenuImg>
            <contenuImg CS="1.0" lang="en" source="md">curly</contenuImg>
            <contenuImg CS="0.31" coul="1" lang="en" source="google">bronze</contenuImg>
            <contenuImg CS="0.60" coul="1" lang="en" source="google">bakerschocolate</contenuImg>
            <contenuImg CS="0.62" coul="1" lang="en" source="google">black</contenuImg>
            <contenuImg CS="0.69" coul="1" lang="en" source="google">violet</contenuImg>
            <contenuImg CS="0.23" coul="1" lang="en" source="google">greencopper</contenuImg>
            <contenuImg CS="0.75" coul="1" lang="en" source="google">dimgrey</contenuImg>
            <contenuImg CS="0.50" lang="en" source="google">Art</contenuImg>
            <contenuImg CS="0.53" lang="en" source="google">Rectangle</contenuImg>
            <contenuImg CS="0.60" lang="en" source="google">Wood</contenuImg>
            <contenuImg CS="0.61" lang="en" source="google">Ornament</contenuImg>
            <contenuImg CS="0.63" lang="en" source="google">Symmetry</contenuImg>
            <contenuImg CS="0.65" h="2294" lang="en" source="google" w="1724" x="1937" y="356.8">Visual arts</contenuImg>
            <contenuImg CS="0.68" h="2294" lang="en" source="google" w="1724" x="1937" y="356.8">Magenta</contenuImg>
            <contenuImg CS="0.75" h="2294" lang="en" source="google" w="1724" x="1937" y="356.8">Design</contenuImg>
            <contenuImg CS="0.86" h="2294" lang="en" source="google" w="1724" x="1937" y="356.8">Pattern</contenuImg>
            <tech source="final">estampe/gravure</tech>
            <fonction source="md">papier-peint</fonction>
            <fonction source="final">papier-peint</fonction>
            <tech CS="1" source="hm">estampe/gravure</tech>
            <theme CS="1" source="md">0</theme>
            <contenuImg CS="1.0" lang="fr" source="md">Frises</contenuImg>
            <contenuImg CS="1.0" lang="fr" source="md">Ornements géométriques</contenuImg>
            <contenuImg CS="1.0" lang="fr" source="md">Motifs de fantaisie</contenuImg>
            <contenuImg CS="1.0" lang="fr" source="md">Palmettes (ornement)</contenuImg>
            <contenuImg CS="1.0" lang="fr" source="md">Losanges (ornement)</contenuImg>
            <contenuImg CS="1.0" lang="fr" source="md">Végétaux stylisés</contenuImg>
            <contenuImg CS="1.0" lang="fr" source="md">Rosettes (ornement)</contenuImg>
            <contenuImg CS="1.0" lang="fr" source="md">Fleurons (ornement)</contenuImg>
            <contenuImg CS="1.0" lang="fr" source="md">Dents de scie (ornement)</contenuImg>
            <contenuImg CS="1.0" lang="fr" source="md">Motifs décoratifs -- 1800-1869</contenuImg>
            <titraille>Manufacture Jacquemart et Bénard. Bordure. Une bande de frise principale de motifs de fantaisiepar dessus une frise de losanges, entre deux petites frises : papier peint</titraille>
          </ill>
        </ills>
      </page>
    </pages>
  </contenus>
</analyseAlto>