<analyseAlto>
  <metad>
    <type>I</type>
    <ID>btv1b6901179w</ID>
    <titre>Papier à motif répétitif : papier peint</titre>
    <dateEdition>1800</dateEdition>
    <auteur>inconnu</auteur>
    <lang>fre</lang>
    <source>Bibliothèque nationale de France</source>
    <sujet>Fleurs de fantaisie -- Feuillages de fantaisie -- Grecques (ornement) -- Fonds feuilletés (ornement) -- Motifs décoratifs</sujet>
    <descr>Appartient à l’ensemble documentaire : PaPeint18 -- Papier peint</descr>
    <format>inconnu</format>
    <couverture>inconnu</couverture>
    <largeurPx>4064</largeurPx>
    <hauteurPx>6592</hauteurPx>
    <ocr>false</ocr>
    <toc>false</toc>
    <nbPage>1</nbPage>
  </metad>
  <contenus ocr="false" toc="false">
    <largeur>172</largeur>
    <hauteur>279</hauteur>
    <largeurPx>4064</largeurPx>
    <hauteurPx>6592</hauteurPx>
    <pages>
      <page ordre="1">
        <blocIll ocr="1">1</blocIll>
        <ills>
          <ill classif="CCgoogle" couleur="coul" h="6592" hash="de9942d946c9358d" n="1-1" taille="12" w="4064" x="1" y="1">
            <contenuImg CS="0.83" h="1486" lang="fr" source="google" w="2631" x="406.4" y="1514.2">textile</contenuImg>
            <contenuImg CS="0.84" h="1486" lang="fr" source="google" w="2631" x="406.4" y="1514.2">botanique</contenuImg>
            <contenuImg CS="0.73" lang="fr" source="google">pédicelle</contenuImg>
            <contenuImg CS="0.85" h="1486" lang="fr" source="google" w="2631" x="406.4" y="1514.2">modèle motif</contenuImg>
            <contenuImg CS="0.85" h="1486" lang="fr" source="google" w="2631" x="406.4" y="1514.2">modèle</contenuImg>
            <contenuImg CS="0.80" h="1486" lang="fr" source="google" w="2631" x="406.4" y="1514.2">travaux d'aiguille</contenuImg>
            <contenuImg CS="0.76" lang="fr" source="google">feuille</contenuImg>
            <contenuImg CS="0.75" lang="fr" source="google">plante</contenuImg>
            <contenuImg CS="0.69" lang="fr" source="google">arbre</contenuImg>
            <contenuImg CS="0.67" lang="fr" source="google">branche</contenuImg>
            <contenuImg CS="0.63" lang="fr" source="google">broderie</contenuImg>
            <contenuImg CS="0.95" coul="1" lang="fr" source="google">gris</contenuImg>
            <contenuImg CS="0.37" coul="1" lang="fr" source="google">bleu nuit</contenuImg>
            <contenuImg CS="0.26" coul="1" lang="fr" source="google">bleu cadet</contenuImg>
            <contenuImg CS="0.22" coul="1" lang="fr" source="google">gris foncé</contenuImg>
            <contenuImg b="137" coul="1" g="129" r="113" source="colorific" type="bkg">#718189</contenuImg>
            <contenuImg b="119" coul="1" g="107" ordre="5" r="132" source="colorific" type="frg">#846b77</contenuImg>
            <contenuImg b="109" coul="1" g="122" ordre="4" r="89" source="colorific" type="frg">#597a6d</contenuImg>
            <contenuImg b="84" coul="1" g="83" ordre="3" r="54" source="colorific" type="frg">#365354</contenuImg>
            <contenuImg b="49" coul="1" g="37" ordre="2" r="77" source="colorific" type="frg">#4d2531</contenuImg>
            <contenuImg b="38" coul="1" g="35" ordre="1" r="24" source="colorific" type="frg">#182326</contenuImg>
            <contenuImg CS="1.0" lang="en" source="md">decorative patterns</contenuImg>
            <contenuImg CS="1.0" lang="en" source="md">flaky backgrounds (Ornament)</contenuImg>
            <contenuImg CS="1.0" lang="en" source="md">Greek (ornament)</contenuImg>
            <contenuImg CS="1.0" lang="en" source="md">fancy foliage</contenuImg>
            <contenuImg CS="1.0" lang="en" source="md">fantasy flowers</contenuImg>
            <contenuImg CS="0.22" coul="1" lang="en" source="google">darkgray</contenuImg>
            <contenuImg CS="0.26" coul="1" lang="en" source="google">cadetblue</contenuImg>
            <contenuImg CS="0.29" coul="1" lang="en" source="google">dimgrey</contenuImg>
            <contenuImg CS="0.37" coul="1" lang="en" source="google">midnightblue</contenuImg>
            <contenuImg CS="0.45" coul="1" lang="en" source="google">darkgray</contenuImg>
            <contenuImg CS="0.95" coul="1" lang="en" source="google">grey</contenuImg>
            <contenuImg CS="1.21" coul="1" lang="en" source="google">darkgray</contenuImg>
            <contenuImg CS="0.63" lang="en" source="google">Embroidery</contenuImg>
            <contenuImg CS="0.67" lang="en" source="google">Branch</contenuImg>
            <contenuImg CS="0.69" lang="en" source="google">Tree</contenuImg>
            <contenuImg CS="0.73" lang="en" source="google">Pedicel</contenuImg>
            <contenuImg CS="0.75" lang="en" source="google">Plant</contenuImg>
            <contenuImg CS="0.76" lang="en" source="google">Leaf</contenuImg>
            <contenuImg CS="0.80" h="1486" lang="en" source="google" w="2631" x="406.4" y="1514.2">Needlework</contenuImg>
            <contenuImg CS="0.83" h="1486" lang="en" source="google" w="2631" x="406.4" y="1514.2">Textile</contenuImg>
            <contenuImg CS="0.84" h="1486" lang="en" source="google" w="2631" x="406.4" y="1514.2">Botany</contenuImg>
            <contenuImg CS="0.85" h="1486" lang="en" source="google" w="2631" x="406.4" y="1514.2">Pattern</contenuImg>
            <tech source="final">estampe/gravure</tech>
            <fonction source="md">papier-peint</fonction>
            <fonction source="final">papier-peint</fonction>
            <tech CS="1" source="hm">estampe/gravure</tech>
            <theme CS="1" source="md">0</theme>
            <contenuImg CS="1.0" lang="fr" source="md">Fleurs de fantaisie</contenuImg>
            <contenuImg CS="1.0" lang="fr" source="md">Feuillages de fantaisie</contenuImg>
            <contenuImg CS="1.0" lang="fr" source="md">Grecques (ornement)</contenuImg>
            <contenuImg CS="1.0" lang="fr" source="md">Fonds feuilletés (ornement)</contenuImg>
            <contenuImg CS="1.0" lang="fr" source="md">Motifs décoratifs</contenuImg>
            <titraille>Papier à motif répétitif : papier peint</titraille>
          </ill>
        </ills>
      </page>
    </pages>
  </contenus>
</analyseAlto>