<analyseAlto>
  <metad>
    <type>I</type>
    <ID>btv1b6901584k</ID>
    <titre>Papier à motif répétitif : papier peint / Audoin</titre>
    <dateEdition>1799</dateEdition>
    <auteur>inconnu</auteur>
    <lang>fre</lang>
    <source>Bibliothèque nationale de France</source>
    <sujet>Animaux -- Chèvres -- Chien -- Personnages -- Dans l_art -- Pierre -- Camaïeu, Peinture en -- Scènes de genre -- Motifs décoratifs</sujet>
    <descr>Appartient à l’ensemble documentaire : PaPeint18 -- Appartient à l’ensemble documentaire : Rtmgus1 -- Papier peint</descr>
    <format>inconnu</format>
    <couverture>inconnu</couverture>
    <largeurPx>3488</largeurPx>
    <hauteurPx>6664</hauteurPx>
    <ocr>false</ocr>
    <toc>false</toc>
    <nbPage>1</nbPage>
  </metad>
  <contenus ocr="false" toc="false">
    <largeur>147</largeur>
    <hauteur>282</hauteur>
    <largeurPx>3488</largeurPx>
    <hauteurPx>6664</hauteurPx>
    <pages>
      <page ordre="1">
        <blocIll ocr="1">1</blocIll>
        <ills>
          <ill classif="CCgoogle" couleur="coul" h="6664" hash="3ce7c61818eec33c" n="1-1" taille="10" w="3488" x="1" y="1">
            <contenuImg CS="0.62" h="1866" lang="fr" source="google" w="3306" x="348.8" y="1297.4">illustration</contenuImg>
            <contenuImg CS="0.50" h="1866" lang="fr" source="google" w="3306" x="348.8" y="1297.4">art</contenuImg>
            <contenuImg CS="1.26" coul="1" lang="fr" source="google">chocolat à pâtisser</contenuImg>
            <contenuImg CS="0.33" coul="1" lang="fr" source="google">bleu nuit</contenuImg>
            <contenuImg CS="0.20" coul="1" lang="fr" source="google">argent</contenuImg>
            <contenuImg CS="0.44" coul="1" lang="fr" source="google">morceaux de chocolat</contenuImg>
            <contenuImg CS="0.30" coul="1" lang="fr" source="google">vert pâle</contenuImg>
            <contenuImg CS="0.26" coul="1" lang="fr" source="google">gris foncé</contenuImg>
            <contenuImg b="194" coul="1" g="173" r="154" source="colorific" type="bkg">#9aadc2</contenuImg>
            <contenuImg b="86" coul="1" g="81" ordre="6" r="83" source="colorific" type="frg">#535156</contenuImg>
            <contenuImg b="43" coul="1" g="62" ordre="5" r="145" source="colorific" type="frg">#913e2b</contenuImg>
            <contenuImg b="29" coul="1" g="24" ordre="4" r="53" source="colorific" type="frg">#35181d</contenuImg>
            <contenuImg b="96" coul="1" g="82" ordre="3" r="62" source="colorific" type="frg">#3e5260</contenuImg>
            <contenuImg b="43" coul="1" g="59" ordre="2" r="92" source="colorific" type="frg">#5c3b2b</contenuImg>
            <contenuImg b="0" coul="1" g="0" ordre="1" r="0" source="colorific" type="frg">#000000</contenuImg>
            <contenuImg CS="1.0" lang="en" source="md">decorative patterns</contenuImg>
            <contenuImg CS="1.0" lang="en" source="md">genre scenes</contenuImg>
            <contenuImg CS="1.0" lang="en" source="md">camaïeu painting</contenuImg>
            <contenuImg CS="1.0" lang="en" source="md">stone</contenuImg>
            <contenuImg CS="1.0" lang="en" source="md">characters - in art</contenuImg>
            <contenuImg CS="1.0" lang="en" source="md">dog</contenuImg>
            <contenuImg CS="1.0" lang="en" source="md">goats</contenuImg>
            <contenuImg CS="1.0" lang="en" source="md">animals</contenuImg>
            <contenuImg CS="0.26" coul="1" lang="en" source="google">darkgray</contenuImg>
            <contenuImg CS="0.30" coul="1" lang="en" source="google">palegreen</contenuImg>
            <contenuImg CS="0.44" coul="1" lang="en" source="google">semisweetchocolate</contenuImg>
            <contenuImg CS="0.20" coul="1" lang="en" source="google">silver</contenuImg>
            <contenuImg CS="0.33" coul="1" lang="en" source="google">midnightblue</contenuImg>
            <contenuImg CS="1.26" coul="1" lang="en" source="google">bakerschocolate</contenuImg>
            <contenuImg CS="0.50" h="1866" lang="en" source="google" w="3306" x="348.8" y="1297.4">Art</contenuImg>
            <contenuImg CS="0.62" h="1866" lang="en" source="google" w="3306" x="348.8" y="1297.4">Illustration</contenuImg>
            <tech source="final">estampe/gravure</tech>
            <fonction source="md">papier-peint</fonction>
            <fonction source="final">papier-peint</fonction>
            <tech CS="1" source="hm">estampe/gravure</tech>
            <theme CS="1" source="md">0</theme>
            <contenuImg CS="1.0" lang="fr" source="md">Animaux</contenuImg>
            <contenuImg CS="1.0" lang="fr" source="md">Chèvres</contenuImg>
            <contenuImg CS="1.0" lang="fr" source="md">Chien</contenuImg>
            <contenuImg CS="1.0" lang="fr" source="md">Personnages -- Dans l'art</contenuImg>
            <contenuImg CS="1.0" lang="fr" source="md">Pierre</contenuImg>
            <contenuImg CS="1.0" lang="fr" source="md">Peinture en camaïeu</contenuImg>
            <contenuImg CS="1.0" lang="fr" source="md">Scènes de genre</contenuImg>
            <contenuImg CS="1.0" lang="fr" source="md">Motifs décoratifs</contenuImg>
            <titraille>Papier à motif répétitif : papier peint / Audoin</titraille>
          </ill>
        </ills>
      </page>
    </pages>
  </contenus>
</analyseAlto>