<analyseAlto>
  <metad>
    <type>I</type>
    <ID>btv1b6900620p</ID>
    <titre>Papier à motif répétitif : papier peint</titre>
    <dateEdition>1801</dateEdition>
    <auteur>inconnu</auteur>
    <lang>fre</lang>
    <source>Bibliothèque nationale de France</source>
    <sujet>Textiles et tissus -- Pensée (plantes) -- Linons batistes (textile) -- Végétaux de fantaisie -- Fleurs stylisées (ornement) -- Motifs décoratifs</sujet>
    <descr>Appartient à l’ensemble documentaire : PaPeint18 -- Papier peint</descr>
    <format>inconnu</format>
    <couverture>inconnu</couverture>
    <largeurPx>6640</largeurPx>
    <hauteurPx>5648</hauteurPx>
    <ocr>false</ocr>
    <toc>false</toc>
    <nbPage>1</nbPage>
  </metad>
  <contenus ocr="false" toc="false">
    <largeur>281</largeur>
    <hauteur>239</hauteur>
    <largeurPx>6640</largeurPx>
    <hauteurPx>5648</hauteurPx>
    <pages>
      <page ordre="1">
        <blocIll ocr="1">1</blocIll>
        <ills>
          <ill classif="CCgoogle" couleur="coul" h="5648" hash="3333ccffffcc0000" n="1-1" taille="17" w="6640" x="1" y="1">
            <contenuImg CS="0.92" h="3633" lang="fr" source="google" w="2033" x="1519" y="564.8">aqua</contenuImg>
            <contenuImg CS="0.74" lang="fr" source="google">textile</contenuImg>
            <tech source="final">estampe/gravure</tech>
            <fonction source="md">papier-peint</fonction>
            <fonction source="final">papier-peint</fonction>
            <tech CS="1" source="md">estampe/gravure</tech>
            <contenuImg CS="0.83" h="3633" lang="fr" source="google" w="2033" x="1519" y="564.8">botanique</contenuImg>
            <contenuImg CS="0.82" lang="fr" source="google">pédicelle</contenuImg>
            <contenuImg CS="0.75" lang="fr" source="google">art floral</contenuImg>
            <contenuImg CS="0.86" h="3633" lang="fr" source="google" w="2033" x="1519" y="564.8">modèle motif</contenuImg>
            <contenuImg CS="0.93" coul="1" h="3633" lang="fr" source="google" w="2033" x="1519" y="564.8">vert</contenuImg>
            <contenuImg CS="0.86" h="3633" lang="fr" source="google" w="2033" x="1519" y="564.8">modèle</contenuImg>
            <contenuImg CS="0.83" coul="1" lang="fr" source="google">turquoise</contenuImg>
            <contenuImg CS="0.73" lang="fr" source="google">fond d'écran</contenuImg>
            <contenuImg CS="0.73" lang="fr" source="google">plante</contenuImg>
            <contenuImg CS="0.16" coul="1" lang="fr" source="google">argent</contenuImg>
            <contenuImg CS="0.06" coul="1" lang="fr" source="google">bleu clair</contenuImg>
            <contenuImg CS="0.04" coul="1" lang="fr" source="google">vert cuivre foncé</contenuImg>
            <contenuImg CS="0.04" coul="1" lang="fr" source="google">vert pâle</contenuImg>
            <contenuImg CS="0.02" coul="1" lang="fr" source="google">gris foncé</contenuImg>
            <contenuImg b="191" coul="1" g="195" r="168" source="colorific" type="bkg">#a8c3bf</contenuImg>
            <contenuImg b="156" coul="1" g="155" ordre="4" r="161" source="colorific" type="frg">#a19b9c</contenuImg>
            <contenuImg b="105" coul="1" g="100" ordre="3" r="124" source="colorific" type="frg">#7c6469</contenuImg>
            <contenuImg b="97" coul="1" g="104" ordre="2" r="67" source="colorific" type="frg">#436861</contenuImg>
            <contenuImg b="255" coul="1" g="255" ordre="1" r="255" source="colorific" type="frg">#ffffff</contenuImg>
            <contenuImg CS="1.0" lang="en" source="md">decorative patterns</contenuImg>
            <contenuImg CS="1.0" lang="en" source="md">stylized flowers (ornament)</contenuImg>
            <contenuImg CS="1.0" lang="en" source="md">fancy plants</contenuImg>
            <contenuImg CS="1.0" lang="en" source="md">linons batistes (textile)</contenuImg>
            <contenuImg CS="1.0" lang="en" source="md">pansy (flowers)</contenuImg>
            <contenuImg CS="1.0" lang="en" source="md">textiles and fabrics</contenuImg>
            <contenuImg CS="0.02" coul="1" lang="en" source="google">darkgray</contenuImg>
            <contenuImg CS="0.04" coul="1" lang="en" source="google">palegreen</contenuImg>
            <contenuImg CS="0.04" coul="1" lang="en" source="google">darkgreencopper</contenuImg>
            <contenuImg CS="0.06" coul="1" lang="en" source="google">lightblue</contenuImg>
            <contenuImg CS="0.16" coul="1" lang="en" source="google">silver</contenuImg>
            <contenuImg CS="4.64" coul="1" lang="en" source="google">lightblue</contenuImg>
            <contenuImg CS="0.73" lang="en" source="google">Plant</contenuImg>
            <contenuImg CS="0.73" lang="en" source="google">Wallpaper</contenuImg>
            <contenuImg CS="0.74" lang="en" source="google">Textile</contenuImg>
            <contenuImg CS="0.75" lang="en" source="google">Floral design</contenuImg>
            <contenuImg CS="0.82" lang="en" source="google">Pedicel</contenuImg>
            <contenuImg CS="0.83" coul="1" lang="en" source="google">Turquoise</contenuImg>
            <contenuImg CS="0.83" h="3633" lang="en" source="google" w="2033" x="1519" y="564.8">Botany</contenuImg>
            <contenuImg CS="0.86" h="3633" lang="en" source="google" w="2033" x="1519" y="564.8">Pattern</contenuImg>
            <contenuImg CS="0.92" h="3633" lang="en" source="google" w="2033" x="1519" y="564.8">Aqua</contenuImg>
            <contenuImg CS="0.93" coul="1" h="3633" lang="en" source="google" w="2033" x="1519" y="564.8">Green</contenuImg>
            <theme CS="1" source="md">0</theme>
            <contenuImg CS="1.0" lang="fr" source="md">Textiles et tissus</contenuImg>
            <contenuImg CS="1.0" lang="fr" source="md">Pensée (plantes)</contenuImg>
            <contenuImg CS="1.0" lang="fr" source="md">Linons batistes (textile)</contenuImg>
            <contenuImg CS="1.0" lang="fr" source="md">Végétaux de fantaisie</contenuImg>
            <contenuImg CS="1.0" lang="fr" source="md">Fleurs stylisées (ornement)</contenuImg>
            <contenuImg CS="1.0" lang="fr" source="md">Motifs décoratifs</contenuImg>
            <titraille>Papier à motif répétitif : papier peint</titraille>
          </ill>
        </ills>
      </page>
    </pages>
  </contenus>
</analyseAlto>