<analyseAlto>
  <metad>
    <type>I</type>
    <ID>btv1b6900680z</ID>
    <titre>Manufacture Jacquemart et Bénard. Bordure. Une bande de frise de rosettes et fleurons entre deux rangs de perles et olives : papier peint</titre>
    <dateEdition>1802</dateEdition>
    <auteur>inconnu</auteur>
    <lang>fre</lang>
    <source>Bibliothèque nationale de France</source>
    <sujet>Frises -- Rosettes (ornement) -- Fleurons (ornement) -- Rangs de perles (ornement) -- Ovales (ornement) -- Motifs décoratifs -- 1800-1869</sujet>
    <descr>Appartient à l’ensemble documentaire : PaPeint18 -- Papier peint</descr>
    <format>inconnu</format>
    <couverture>inconnu</couverture>
    <largeurPx>5416</largeurPx>
    <hauteurPx>3576</hauteurPx>
    <ocr>false</ocr>
    <toc>false</toc>
    <nbPage>1</nbPage>
  </metad>
  <contenus ocr="false" toc="false">
    <largeur>229</largeur>
    <hauteur>151</hauteur>
    <largeurPx>5416</largeurPx>
    <hauteurPx>3576</hauteurPx>
    <pages>
      <page ordre="1">
        <blocIll ocr="1">1</blocIll>
        <ills>
          <ill classif="CCgoogle" couleur="coul" h="3576" hash="8080b7e7f7b400fb" n="1-1" taille="8" w="5416" x="1" y="1">
            <contenuImg CS="0.73" h="2816" lang="fr" source="google" w="1581" x="1885.6" y="357.6">conception</contenuImg>
            <contenuImg CS="0.71" h="2816" lang="fr" source="google" w="1581" x="1885.6" y="357.6">modèle motif</contenuImg>
            <contenuImg CS="0.88" h="2816" lang="fr" source="google" w="1581" x="1885.6" y="357.6">police de caractère</contenuImg>
            <contenuImg CS="0.73" h="2816" lang="fr" source="google" w="1581" x="1885.6" y="357.6">design</contenuImg>
            <contenuImg CS="0.71" h="2816" lang="fr" source="google" w="1581" x="1885.6" y="357.6">modèle</contenuImg>
            <contenuImg CS="0.50" h="2816" lang="fr" source="google" w="1581" x="1885.6" y="357.6">rectangle</contenuImg>
            <contenuImg CS="0.63" coul="1" lang="fr" source="google">noir</contenuImg>
            <contenuImg CS="1.33" coul="1" lang="fr" source="google">saumon</contenuImg>
            <contenuImg CS="0.24" coul="1" lang="fr" source="google">chocolat à pâtisser</contenuImg>
            <contenuImg CS="0.14" coul="1" lang="fr" source="google">bois foncé</contenuImg>
            <contenuImg CS="0.12" coul="1" lang="fr" source="google">vert cuivre</contenuImg>
            <contenuImg b="0" coul="1" g="0" r="0" source="colorific" type="bkg">#000000</contenuImg>
            <contenuImg b="46" coul="1" g="56" ordre="3" r="66" source="colorific" type="frg">#42382e</contenuImg>
            <contenuImg b="96" coul="1" g="94" ordre="2" r="118" source="colorific" type="frg">#765e60</contenuImg>
            <contenuImg b="59" coul="1" g="88" ordre="1" r="119" source="colorific" type="frg">#77583b</contenuImg>
            <contenuImg CS="1.0" lang="en" source="md">decorative patterns - 1800-1869</contenuImg>
            <contenuImg CS="1.0" lang="en" source="md">oval (ornament)</contenuImg>
            <contenuImg CS="1.0" lang="en" source="md">rows of pearls (ornament)</contenuImg>
            <contenuImg CS="1.0" lang="en" source="md">flowerets (ornament)</contenuImg>
            <contenuImg CS="1.0" lang="en" source="md">rosettes (ornament)</contenuImg>
            <contenuImg CS="1.0" lang="en" source="md">curly</contenuImg>
            <contenuImg CS="0.12" coul="1" lang="en" source="google">greencopper</contenuImg>
            <contenuImg CS="0.14" coul="1" lang="en" source="google">darkwood</contenuImg>
            <contenuImg CS="0.24" coul="1" lang="en" source="google">bakerschocolate</contenuImg>
            <contenuImg CS="0.32" coul="1" lang="en" source="google">darkwood</contenuImg>
            <contenuImg CS="1.33" coul="1" lang="en" source="google">salmon</contenuImg>
            <contenuImg CS="0.63" coul="1" lang="en" source="google">black</contenuImg>
            <contenuImg CS="1.45" coul="1" lang="en" source="google">darkwood</contenuImg>
            <contenuImg CS="0.50" h="2816" lang="en" source="google" w="1581" x="1885.6" y="357.6">Rectangle</contenuImg>
            <contenuImg CS="0.71" h="2816" lang="en" source="google" w="1581" x="1885.6" y="357.6">Pattern</contenuImg>
            <contenuImg CS="0.73" h="2816" lang="en" source="google" w="1581" x="1885.6" y="357.6">Design</contenuImg>
            <contenuImg CS="0.88" h="2816" lang="en" source="google" w="1581" x="1885.6" y="357.6">Font</contenuImg>
            <tech source="final">estampe/gravure</tech>
            <fonction source="md">papier-peint</fonction>
            <fonction source="final">papier-peint</fonction>
            <tech CS="1" source="hm">estampe/gravure</tech>
            <theme CS="1" source="md">0</theme>
            <contenuImg CS="1.0" lang="fr" source="md">Frises</contenuImg>
            <contenuImg CS="1.0" lang="fr" source="md">Rosettes (ornement)</contenuImg>
            <contenuImg CS="1.0" lang="fr" source="md">Fleurons (ornement)</contenuImg>
            <contenuImg CS="1.0" lang="fr" source="md">Rangs de perles (ornement)</contenuImg>
            <contenuImg CS="1.0" lang="fr" source="md">Ovales (ornement)</contenuImg>
            <contenuImg CS="1.0" lang="fr" source="md">Motifs décoratifs -- 1800-1869</contenuImg>
            <titraille>Manufacture Jacquemart et Bénard. Bordure. Une bande de frise de rosettes et fleurons entre deux rangs de perles et olives : papier peint</titraille>
          </ill>
        </ills>
      </page>
    </pages>
  </contenus>
</analyseAlto>