<analyseAlto>
  <metad>
    <type>I</type>
    <ID>btv1b69002936</ID>
    <titre>Manufacture Duserre et Cie. Bordure. Deux bandes de frise principale d_étoiles et branchages rayonnants : papier peint</titre>
    <dateEdition>1799</dateEdition>
    <auteur>inconnu</auteur>
    <lang>fre</lang>
    <source>Bibliothèque nationale de France, département Estampes et photographie, EST LZ-312 (3)</source>
    <sujet>Étoiles -- Branchages -- Fleurs stylisées (ornement) -- Croissants -- Motifs décoratifs -- 1789-1799</sujet>
    <descr>Appartient à l’ensemble documentaire : PaPeint18 -- Papier peint</descr>
    <format>inconnu</format>
    <couverture>inconnu</couverture>
    <largeurPx>9264</largeurPx>
    <hauteurPx>5704</hauteurPx>
    <ocr>false</ocr>
    <toc>false</toc>
    <caption>false</caption>
    <nbPage>1</nbPage>
  </metad>
  <contenus ocr="false" toc="false">
    <largeur>392</largeur>
    <hauteur>241</hauteur>
    <largeurPx>9264</largeurPx>
    <hauteurPx>5704</hauteurPx>
    <pages>
      <page ordre="1">
        <blocIll ocr="1">1</blocIll>
        <ills>
          <ill classif="CCgoogle" couleur="coul" h="5704" hash="ff0045efef0400cf" n="1-1" taille="24" w="9264" x="1" y="1">
            <contenuImg CS="0.79" lang="fr" source="google">textile</contenuImg>
            <contenuImg CS="0.76" lang="fr" source="google">conception</contenuImg>
            <contenuImg CS="0.92" h="2626" lang="fr" source="google" w="1477" x="2322.4" y="570.4">modèle motif</contenuImg>
            <contenuImg CS="0.47" coul="1" lang="fr" source="google">bleu acier</contenuImg>
            <contenuImg CS="0.97" coul="1" h="2626" lang="fr" source="google" w="1477" x="2322.4" y="570.4">bleu</contenuImg>
            <contenuImg CS="0.92" h="2626" lang="fr" source="google" w="1477" x="2322.4" y="570.4">modèle</contenuImg>
            <contenuImg CS="0.88" coul="1" h="2626" lang="fr" source="google" w="1477" x="2322.4" y="570.4">turquoise</contenuImg>
            <contenuImg CS="0.82" h="2626" lang="fr" source="google" w="1477" x="2322.4" y="570.4">rectangle</contenuImg>
            <contenuImg CS="0.80" coul="1" lang="fr" source="google">bleu canard</contenuImg>
            <contenuImg CS="0.76" lang="fr" source="google">design</contenuImg>
            <contenuImg CS="0.67" lang="fr" source="google">dentelle</contenuImg>
            <contenuImg CS="0.65" lang="fr" source="google">arts visuels</contenuImg>
            <contenuImg CS="0.62" lang="fr" source="google">symétrie</contenuImg>
            <contenuImg CS="0.95" coul="1" lang="fr" source="google">gris ardoise foncé</contenuImg>
            <contenuImg CS="0.43" coul="1" lang="fr" source="google">bleu nuit</contenuImg>
            <contenuImg CS="0.08" coul="1" lang="fr" source="google">noir</contenuImg>
            <contenuImg b="133" coul="1" g="99" r="63" source="colorific" type="bkg">#3f6385</contenuImg>
            <contenuImg b="0" coul="1" g="0" ordre="3" r="0" source="colorific" type="frg">#000000</contenuImg>
            <contenuImg b="81" coul="1" g="76" ordre="2" r="67" source="colorific" type="frg">#434c51</contenuImg>
            <contenuImg b="40" coul="1" g="39" ordre="1" r="24" source="colorific" type="frg">#182728</contenuImg>
            <contenuImg CS="1.0" lang="en" source="md">decorative patterns - 1789-1799</contenuImg>
            <contenuImg CS="1.0" lang="en" source="md">croissants</contenuImg>
            <contenuImg CS="1.0" lang="en" source="md">stylized flowers (ornament)</contenuImg>
            <contenuImg CS="1.0" lang="en" source="md">boughs</contenuImg>
            <contenuImg CS="1.0" lang="en" source="md">stars</contenuImg>
            <contenuImg CS="0.08" coul="1" lang="en" source="google">black</contenuImg>
            <contenuImg CS="0.12" coul="1" lang="en" source="google">black</contenuImg>
            <contenuImg CS="0.43" coul="1" lang="en" source="google">midnightblue</contenuImg>
            <contenuImg CS="0.47" coul="1" lang="en" source="google">steelblue</contenuImg>
            <contenuImg CS="0.93" coul="1" lang="en" source="google">midnightblue</contenuImg>
            <contenuImg CS="0.95" coul="1" lang="en" source="google">darkslategrey</contenuImg>
            <contenuImg CS="1.76" coul="1" lang="en" source="google">midnightblue</contenuImg>
            <contenuImg CS="0.62" lang="en" source="google">Symmetry</contenuImg>
            <contenuImg CS="0.65" lang="en" source="google">Visual arts</contenuImg>
            <contenuImg CS="0.67" lang="en" source="google">Lace</contenuImg>
            <contenuImg CS="0.76" lang="en" source="google">Design</contenuImg>
            <contenuImg CS="0.79" lang="en" source="google">Textile</contenuImg>
            <contenuImg CS="0.80" coul="1" lang="en" source="google">Teal</contenuImg>
            <contenuImg CS="0.82" h="2626" lang="en" source="google" w="1477" x="2322.4" y="570.4">Rectangle</contenuImg>
            <contenuImg CS="0.88" coul="1" h="2626" lang="en" source="google" w="1477" x="2322.4" y="570.4">Turquoise</contenuImg>
            <contenuImg CS="0.92" h="2626" lang="en" source="google" w="1477" x="2322.4" y="570.4">Pattern</contenuImg>
            <contenuImg CS="0.97" coul="1" h="2626" lang="en" source="google" w="1477" x="2322.4" y="570.4">Blue</contenuImg>
            <tech source="final">estampe/gravure</tech>
            <fonction source="md">papier-peint</fonction>
            <fonction source="final">papier-peint</fonction>
            <tech CS="1" source="hm">estampe/gravure</tech>
            <theme CS="1" source="md">0</theme>
            <contenuImg CS="1.0" lang="fr" source="md">Étoiles</contenuImg>
            <contenuImg CS="1.0" lang="fr" source="md">Branchages</contenuImg>
            <contenuImg CS="1.0" lang="fr" source="md">Fleurs stylisées (ornement)</contenuImg>
            <contenuImg CS="1.0" lang="fr" source="md">Croissants</contenuImg>
            <contenuImg CS="1.0" lang="fr" source="md">Motifs décoratifs -- 1789-1799</contenuImg>
            <titraille>Manufacture Duserre et Cie. Bordure. Deux bandes de frise principale d_étoiles et branchages rayonnants : papier peint</titraille>
          </ill>
        </ills>
      </page>
    </pages>
  </contenus>
</analyseAlto>