<analyseAlto>
  <metad>
    <type>I</type>
    <ID>btv1b69003657</ID>
    <titre>Papier à motif répétitif : papier peint</titre>
    <dateEdition>1799</dateEdition>
    <auteur>inconnu</auteur>
    <lang>fre</lang>
    <source>Bibliothèque nationale de France</source>
    <sujet>Baies (fruits) -- Végétaux de fantaisie -- Branchages stylisés -- Motifs décoratifs</sujet>
    <descr>Appartient à l’ensemble documentaire : PaPeint18 -- Papier peint</descr>
    <format>inconnu</format>
    <couverture>inconnu</couverture>
    <largeurPx>5592</largeurPx>
    <hauteurPx>5568</hauteurPx>
    <ocr>false</ocr>
    <toc>false</toc>
    <nbPage>2</nbPage>
  </metad>
  <contenus ocr="false" toc="false">
    <largeur>236</largeur>
    <hauteur>235</hauteur>
    <largeurPx>5592</largeurPx>
    <hauteurPx>5568</hauteurPx>
    <pages>
      <page ordre="1">
        <blocIll ocr="1">1</blocIll>
        <ills>
          <ill classif="CCgoogle" couleur="coul" h="5568" hash="c6b1c691c691c6bb" n="1-1" taille="14" w="5592" x="1" y="1">
            <contenuImg CS="0.85" h="4251" lang="fr" source="google" w="2379" x="2449.2" y="556.8">textile</contenuImg>
            <contenuImg CS="0.80" h="4251" lang="fr" source="google" w="2379" x="2449.2" y="556.8">conception</contenuImg>
            <contenuImg CS="0.69" lang="fr" source="google">papier cadeau</contenuImg>
            <contenuImg CS="0.55" lang="fr" source="google">motif</contenuImg>
            <contenuImg CS="0.73" lang="fr" source="google">modèle motif</contenuImg>
            <contenuImg CS="0.89" coul="1" h="4251" lang="fr" source="google" w="2379" x="2449.2" y="556.8">jaune</contenuImg>
            <contenuImg CS="0.80" h="4251" lang="fr" source="google" w="2379" x="2449.2" y="556.8">design</contenuImg>
            <contenuImg CS="0.73" lang="fr" source="google">modèle</contenuImg>
            <contenuImg CS="0.69" lang="fr" source="google">police de caractère</contenuImg>
            <contenuImg CS="0.65" lang="fr" source="google">arts visuels</contenuImg>
            <contenuImg CS="0.59" lang="fr" source="google">plante</contenuImg>
            <contenuImg CS="0.61" coul="1" lang="fr" source="google">beige pâle</contenuImg>
            <contenuImg CS="0.55" coul="1" lang="fr" source="google">vert olive foncé</contenuImg>
            <contenuImg CS="0.38" coul="1" lang="fr" source="google">noir</contenuImg>
            <contenuImg CS="0.18" coul="1" lang="fr" source="google">vert foncé</contenuImg>
            <contenuImg CS="0.15" coul="1" lang="fr" source="google">bois clair</contenuImg>
            <contenuImg b="132" coul="1" g="180" r="198" source="colorific" type="bkg">#c6b484</contenuImg>
            <contenuImg b="28" coul="1" g="32" ordre="6" r="9" source="colorific" type="frg">#09201c</contenuImg>
            <contenuImg b="0" coul="1" g="0" ordre="5" r="0" source="colorific" type="frg">#000000</contenuImg>
            <contenuImg b="109" coul="1" g="127" ordre="4" r="124" source="colorific" type="frg">#7c7f6d</contenuImg>
            <contenuImg b="255" coul="1" g="255" ordre="3" r="255" source="colorific" type="frg">#ffffff</contenuImg>
            <contenuImg b="69" coul="1" g="80" ordre="2" r="62" source="colorific" type="frg">#3e5045</contenuImg>
            <contenuImg b="107" coul="1" g="89" ordre="1" r="56" source="colorific" type="frg">#38596b</contenuImg>
            <contenuImg CS="1.0" lang="en" source="md">decorative patterns</contenuImg>
            <contenuImg CS="1.0" lang="en" source="md">stylized boughs</contenuImg>
            <contenuImg CS="1.0" lang="en" source="md">fancy plants</contenuImg>
            <contenuImg CS="1.0" lang="en" source="md">berries (fruits)</contenuImg>
            <contenuImg CS="0.15" coul="1" lang="en" source="google">lightwood</contenuImg>
            <contenuImg CS="0.18" coul="1" lang="en" source="google">darkgreen</contenuImg>
            <contenuImg CS="0.38" coul="1" lang="en" source="google">black</contenuImg>
            <contenuImg CS="0.55" coul="1" lang="en" source="google">darkolivegreen</contenuImg>
            <contenuImg CS="0.61" coul="1" lang="en" source="google">newtan</contenuImg>
            <contenuImg CS="0.24" coul="1" lang="en" source="google">darkgreen</contenuImg>
            <contenuImg CS="2.04" coul="1" lang="en" source="google">newtan</contenuImg>
            <contenuImg CS="0.55" lang="en" source="google">Motif</contenuImg>
            <contenuImg CS="0.59" lang="en" source="google">Plant</contenuImg>
            <contenuImg CS="0.65" lang="en" source="google">Visual arts</contenuImg>
            <contenuImg CS="0.69" lang="en" source="google">Font</contenuImg>
            <contenuImg CS="0.69" lang="en" source="google">Wrapping paper</contenuImg>
            <contenuImg CS="0.73" lang="en" source="google">Pattern</contenuImg>
            <contenuImg CS="0.80" h="4251" lang="en" source="google" w="2379" x="2449.2" y="556.8">Design</contenuImg>
            <contenuImg CS="0.85" h="4251" lang="en" source="google" w="2379" x="2449.2" y="556.8">Textile</contenuImg>
            <contenuImg CS="0.89" h="4251" lang="en" source="google" w="2379" x="2449.2" y="556.8">Yellow</contenuImg>
            <contenuImg CS="0.96" h="4251" lang="en" source="google" w="2379" x="2449.2" y="556.8">Pattern</contenuImg>
            <tech source="final">estampe/gravure</tech>
            <fonction source="md">papier-peint</fonction>
            <fonction source="final">papier-peint</fonction>
            <tech CS="1" source="hm">estampe/gravure</tech>
            <theme CS="1" source="md">0</theme>
            <contenuImg CS="1.0" lang="fr" source="md">Baies (fruits)</contenuImg>
            <contenuImg CS="1.0" lang="fr" source="md">Végétaux de fantaisie</contenuImg>
            <contenuImg CS="1.0" lang="fr" source="md">Branchages stylisés</contenuImg>
            <contenuImg CS="1.0" lang="fr" source="md">Motifs décoratifs</contenuImg>
            <titraille>Papier à motif répétitif : papier peint</titraille>
          </ill>
        </ills>
      </page>
      <page ordre="2">
        <blocIll ocr="1">1</blocIll>
        <ills>
          <ill classif="CCgoogle" couleur="coul" h="5496" hash="9946994699e69bc6" n="2-1" taille="14" w="5536" x="1" y="1">
            <contenuImg CS="0.86" h="4241" lang="fr" source="google" w="2375" x="2448.6" y="549.6">textile</contenuImg>
            <contenuImg CS="0.79" lang="fr" source="google">conception</contenuImg>
            <contenuImg CS="0.58" lang="fr" source="google">étoffe tissée</contenuImg>
            <contenuImg CS="0.76" lang="fr" source="google">modèle motif</contenuImg>
            <contenuImg CS="0.95" coul="1" h="4241" lang="fr" source="google" w="2375" x="2448.6" y="549.6">blanc</contenuImg>
            <contenuImg CS="0.92" coul="1" h="4241" lang="fr" source="google" w="2375" x="2448.6" y="549.6">vert</contenuImg>
            <contenuImg CS="0.79" lang="fr" source="google">design</contenuImg>
            <contenuImg CS="0.76" lang="fr" source="google">modèle</contenuImg>
            <contenuImg CS="0.69" lang="fr" source="google">police de caractère</contenuImg>
            <contenuImg CS="0.59" lang="fr" source="google">arts visuels</contenuImg>
            <contenuImg CS="0.54" lang="fr" source="google">travaux d'aiguille</contenuImg>
            <contenuImg CS="3.16" coul="1" lang="fr" source="google">argent</contenuImg>
            <contenuImg CS="0.24" coul="1" lang="fr" source="google">vert pâle</contenuImg>
            <contenuImg CS="0.23" coul="1" lang="fr" source="google">bleu clair</contenuImg>
            <contenuImg CS="0.20" coul="1" lang="fr" source="google">gris foncé</contenuImg>
            <contenuImg CS="0.20" coul="1" lang="fr" source="google">vert foncé</contenuImg>
            <contenuImg CS="0.19" coul="1" lang="fr" source="google">noir</contenuImg>
            <contenuImg b="255" coul="1" g="255" r="255" source="colorific" type="bkg">#ffffff</contenuImg>
            <contenuImg b="31" coul="1" g="35" ordre="5" r="22" source="colorific" type="frg">#16231f</contenuImg>
            <contenuImg b="119" coul="1" g="85" ordre="4" r="53" source="colorific" type="frg">#355577</contenuImg>
            <contenuImg b="0" coul="1" g="0" ordre="3" r="0" source="colorific" type="frg">#000000</contenuImg>
            <contenuImg b="72" coul="1" g="72" ordre="2" r="57" source="colorific" type="frg">#394848</contenuImg>
            <contenuImg b="151" coul="1" g="146" ordre="1" r="138" source="colorific" type="frg">#8a9297</contenuImg>
            <contenuImg CS="1.0" lang="en" source="md">decorative patterns</contenuImg>
            <contenuImg CS="1.0" lang="en" source="md">stylized boughs</contenuImg>
            <contenuImg CS="1.0" lang="en" source="md">fancy plants</contenuImg>
            <contenuImg CS="1.0" lang="en" source="md">berries (fruits)</contenuImg>
            <contenuImg CS="0.19" coul="1" lang="en" source="google">black</contenuImg>
            <contenuImg CS="0.20" coul="1" lang="en" source="google">darkgreen</contenuImg>
            <contenuImg CS="0.20" coul="1" lang="en" source="google">darkgray</contenuImg>
            <contenuImg CS="0.23" coul="1" lang="en" source="google">lightsteelblue</contenuImg>
            <contenuImg CS="0.24" coul="1" lang="en" source="google">palegreen</contenuImg>
            <contenuImg CS="0.36" coul="1" lang="en" source="google">black</contenuImg>
            <contenuImg CS="0.27" coul="1" lang="en" source="google">lightblue</contenuImg>
            <contenuImg CS="3.16" coul="1" lang="en" source="google">silver</contenuImg>
            <contenuImg CS="0.54" lang="en" source="google">Needlework</contenuImg>
            <contenuImg CS="0.58" lang="en" source="google">Woven fabric</contenuImg>
            <contenuImg CS="0.59" lang="en" source="google">Visual arts</contenuImg>
            <contenuImg CS="0.69" lang="en" source="google">Font</contenuImg>
            <contenuImg CS="0.76" lang="en" source="google">Pattern</contenuImg>
            <contenuImg CS="0.79" lang="en" source="google">Design</contenuImg>
            <contenuImg CS="0.86" h="4241" lang="en" source="google" w="2375" x="2448.6" y="549.6">Textile</contenuImg>
            <contenuImg CS="0.92" coul="1" h="4241" lang="en" source="google" w="2375" x="2448.6" y="549.6">Green</contenuImg>
            <contenuImg CS="0.95" coul="1" h="4241" lang="en" source="google" w="2375" x="2448.6" y="549.6">White</contenuImg>
            <contenuImg CS="0.96" h="4241" lang="en" source="google" w="2375" x="2448.6" y="549.6">Pattern</contenuImg>
            <tech source="final">estampe/gravure</tech>
            <fonction source="md">papier-peint</fonction>
            <fonction source="final">papier-peint</fonction>
            <tech CS="1" source="hm">estampe/gravure</tech>
            <theme CS="1" source="md">0</theme>
            <contenuImg CS="1.0" lang="fr" source="md">Baies (fruits)</contenuImg>
            <contenuImg CS="1.0" lang="fr" source="md">Végétaux de fantaisie</contenuImg>
            <contenuImg CS="1.0" lang="fr" source="md">Branchages stylisés</contenuImg>
            <contenuImg CS="1.0" lang="fr" source="md">Motifs décoratifs</contenuImg>
            <titraille>Papier à motif répétitif : papier peint</titraille>
          </ill>
        </ills>
      </page>
    </pages>
  </contenus>
</analyseAlto>