<analyseAlto>
  <metad>
    <type>I</type>
    <ID>btv1b69009125</ID>
    <titre>Bordure : papier peint</titre>
    <dateEdition>1805</dateEdition>
    <auteur>Jacquemart et Bénard (Manufacture). Fonction indéterminée</auteur>
    <lang>fre</lang>
    <source>Bibliothèque nationale de France</source>
    <sujet>Frises -- Camaïeu, Peinture en -- Vases à l_antique -- Décoration et ornement architecturaux -- Motifs décoratifs</sujet>
    <descr>Appartient à l’ensemble documentaire : PaPeint18 -- Papier peint</descr>
    <format>inconnu</format>
    <couverture>inconnu</couverture>
    <largeurPx>6680</largeurPx>
    <hauteurPx>2896</hauteurPx>
    <ocr>false</ocr>
    <toc>false</toc>
    <nbPage>1</nbPage>
  </metad>
  <contenus ocr="false" toc="false">
    <largeur>282</largeur>
    <hauteur>122</hauteur>
    <largeurPx>6680</largeurPx>
    <hauteurPx>2896</hauteurPx>
    <pages>
      <page ordre="1">
        <blocIll ocr="1">1</blocIll>
        <ills>
          <ill classif="CCgoogle" couleur="coul" h="2896" hash="ff060606069d0eff" n="1-1" taille="8" w="6680" x="1" y="1">
            <contenuImg CS="0.70" h="3320" lang="fr" source="google" w="2493" x="4900" y="289.6">moulage</contenuImg>
            <contenuImg CS="0.56" h="3320" lang="fr" source="google" w="2493" x="4900" y="289.6">modèle motif</contenuImg>
            <contenuImg CS="1.06" coul="1" lang="fr" source="google">marron très foncé</contenuImg>
            <contenuImg CS="0.75" h="3320" lang="fr" source="google" w="2493" x="4900" y="289.6">police de caractère</contenuImg>
            <contenuImg CS="0.56" h="3320" lang="fr" source="google" w="2493" x="4900" y="289.6">modèle</contenuImg>
            <contenuImg CS="1.06" coul="1" lang="fr" source="google">verydarkbrown</contenuImg>
            <contenuImg CS="0.46" coul="1" lang="fr" source="google">jaune d'or</contenuImg>
            <contenuImg CS="0.14" coul="1" lang="fr" source="google">laiton</contenuImg>
            <contenuImg CS="0.12" coul="1" lang="fr" source="google">saumon</contenuImg>
            <contenuImg CS="0.10" coul="1" lang="fr" source="google">vieux rose</contenuImg>
            <contenuImg CS="1.04" coul="1" lang="fr" source="google">rose</contenuImg>
            <contenuImg CS="0.83" coul="1" lang="fr" source="google">chocolat à pâtisser</contenuImg>
            <contenuImg b="123" coul="1" g="182" r="231" source="colorific" type="bkg">#e7b67b</contenuImg>
            <contenuImg b="38" coul="1" g="38" ordre="5" r="44" source="colorific" type="frg">#2c2626</contenuImg>
            <contenuImg b="189" coul="1" g="224" ordre="4" r="249" source="colorific" type="frg">#f9e0bd</contenuImg>
            <contenuImg b="127" coul="1" g="110" ordre="3" r="159" source="colorific" type="frg">#9f6e7f</contenuImg>
            <contenuImg b="255" coul="1" g="255" ordre="2" r="255" source="colorific" type="frg">#ffffff</contenuImg>
            <contenuImg b="63" coul="1" g="109" ordre="1" r="153" source="colorific" type="frg">#996d3f</contenuImg>
            <contenuImg CS="1.0" lang="en" source="md">decorative patterns</contenuImg>
            <contenuImg CS="1.0" lang="en" source="md">architectural decoration and ornament</contenuImg>
            <contenuImg CS="1.0" lang="en" source="md">vases in the antique</contenuImg>
            <contenuImg CS="1.0" lang="en" source="md">camaïeu painting</contenuImg>
            <contenuImg CS="1.0" lang="en" source="md">curly</contenuImg>
            <contenuImg CS="0.83" coul="1" lang="en" source="google">bakerschocolate</contenuImg>
            <contenuImg CS="1.04" coul="1" lang="en" source="google">pink</contenuImg>
            <contenuImg CS="0.10" coul="1" lang="en" source="google">dustyrose</contenuImg>
            <contenuImg CS="0.12" coul="1" lang="en" source="google">salmon</contenuImg>
            <contenuImg CS="0.14" coul="1" lang="en" source="google">brass</contenuImg>
            <contenuImg CS="0.46" coul="1" lang="en" source="google">mediumgoldenrod</contenuImg>
            <contenuImg CS="1.06" coul="1" lang="en" source="google">verydarkbrown</contenuImg>
            <contenuImg CS="0.56" h="3320" lang="en" source="google" w="2493" x="4900" y="289.6">Pattern</contenuImg>
            <contenuImg CS="0.70" h="3320" lang="en" source="google" w="2493" x="4900" y="289.6">Molding</contenuImg>
            <contenuImg CS="0.75" h="3320" lang="en" source="google" w="2493" x="4900" y="289.6">Font</contenuImg>
            <tech source="final">estampe/gravure</tech>
            <fonction source="md">papier-peint</fonction>
            <fonction source="final">papier-peint</fonction>
            <tech CS="1" source="hm">estampe/gravure</tech>
            <theme CS="1" source="md">0</theme>
            <contenuImg CS="1.0" lang="fr" source="md">Frises</contenuImg>
            <contenuImg CS="1.0" lang="fr" source="md">Peinture en camaïeu</contenuImg>
            <contenuImg CS="1.0" lang="fr" source="md">Vases à l'antique</contenuImg>
            <contenuImg CS="1.0" lang="fr" source="md">Décoration et ornement architecturaux</contenuImg>
            <contenuImg CS="1.0" lang="fr" source="md">Motifs décoratifs</contenuImg>
            <titraille>Bordure : papier peint</titraille>
          </ill>
        </ills>
      </page>
    </pages>
  </contenus>
</analyseAlto>