<analyseAlto>
  <metad>
    <type>I</type>
    <ID>btv1b6901411b</ID>
    <titre>Papier à motif répétitif : papier peint</titre>
    <dateEdition>1799</dateEdition>
    <auteur>inconnu</auteur>
    <lang>fre</lang>
    <source>Bibliothèque nationale de France</source>
    <sujet>Jasmins -- Fleurs (ornement) -- Végétaux stylisés -- Rosettes (ornement) -- Quadrillage -- Motifs décoratifs</sujet>
    <descr>Appartient à l’ensemble documentaire : PaPeint18 -- Papier peint</descr>
    <format>inconnu</format>
    <couverture>inconnu</couverture>
    <largeurPx>6800</largeurPx>
    <hauteurPx>5712</hauteurPx>
    <ocr>false</ocr>
    <toc>false</toc>
    <nbPage>1</nbPage>
  </metad>
  <contenus ocr="false" toc="false">
    <largeur>287</largeur>
    <hauteur>241</hauteur>
    <largeurPx>6800</largeurPx>
    <hauteurPx>5712</hauteurPx>
    <pages>
      <page ordre="1">
        <blocIll ocr="1">1</blocIll>
        <ills>
          <ill classif="CCgoogle" couleur="coul" h="5712" hash="57a9a1dfa957a180" n="1-1" taille="17" w="6800" x="1" y="1">
            <contenuImg CS="0.77" h="3586" lang="fr" source="google" w="2009" x="2941" y="571.2">textile</contenuImg>
            <contenuImg CS="0.75" lang="fr" source="google">conception</contenuImg>
            <contenuImg CS="0.54" lang="fr" source="google">modèle motif</contenuImg>
            <contenuImg CS="0.98" coul="1" h="3586" lang="fr" source="google" w="2009" x="2941" y="571.2">vert</contenuImg>
            <contenuImg CS="0.76" h="3586" lang="fr" source="google" w="2009" x="2941" y="571.2">feuille</contenuImg>
            <contenuImg CS="0.75" lang="fr" source="google">design</contenuImg>
            <contenuImg CS="0.59" lang="fr" source="google">plante</contenuImg>
            <contenuImg CS="0.54" lang="fr" source="google">modèle</contenuImg>
            <contenuImg CS="1.01" coul="1" lang="fr" source="google">vert cuivre foncé</contenuImg>
            <contenuImg CS="0.38" coul="1" lang="fr" source="google">noir</contenuImg>
            <contenuImg CS="0.32" coul="1" lang="fr" source="google">gris</contenuImg>
            <contenuImg CS="0.28" coul="1" lang="fr" source="google">gris foncé</contenuImg>
            <contenuImg CS="0.19" coul="1" lang="fr" source="google">vert foncé</contenuImg>
            <contenuImg b="26" coul="1" g="39" r="37" source="colorific" type="bkg">#25271a</contenuImg>
            <contenuImg b="82" coul="1" g="119" ordre="3" r="83" source="colorific" type="frg">#537752</contenuImg>
            <contenuImg b="69" coul="1" g="67" ordre="2" r="33" source="colorific" type="frg">#214345</contenuImg>
            <contenuImg b="104" coul="1" g="107" ordre="1" r="96" source="colorific" type="frg">#606b68</contenuImg>
            <contenuImg CS="1.0" lang="en" source="md">decorative patterns</contenuImg>
            <contenuImg CS="1.0" lang="en" source="md">grid</contenuImg>
            <contenuImg CS="1.0" lang="en" source="md">rosettes (ornament)</contenuImg>
            <contenuImg CS="1.0" lang="en" source="md">stylized plants</contenuImg>
            <contenuImg CS="1.0" lang="en" source="md">flowers (ornament)</contenuImg>
            <contenuImg CS="1.0" lang="en" source="md">jasmines (flowers)</contenuImg>
            <contenuImg CS="0.19" coul="1" lang="en" source="google">darkgreen</contenuImg>
            <contenuImg CS="0.28" coul="1" lang="en" source="google">darkgray</contenuImg>
            <contenuImg CS="0.32" coul="1" lang="en" source="google">grey</contenuImg>
            <contenuImg CS="0.38" coul="1" lang="en" source="google">black</contenuImg>
            <contenuImg CS="0.55" coul="1" lang="en" source="google">darkgreen</contenuImg>
            <contenuImg CS="0.79" coul="1" lang="en" source="google">darkgreen</contenuImg>
            <contenuImg CS="0.92" coul="1" lang="en" source="google">dimgrey</contenuImg>
            <contenuImg CS="1.01" coul="1" lang="en" source="google">darkgreencopper</contenuImg>
            <contenuImg CS="0.54" lang="en" source="google">Pattern</contenuImg>
            <contenuImg CS="0.59" lang="en" source="google">Plant</contenuImg>
            <contenuImg CS="0.75" lang="en" source="google">Design</contenuImg>
            <contenuImg CS="0.76" h="3586" lang="en" source="google" w="2009" x="2941" y="571.2">Leaf</contenuImg>
            <contenuImg CS="0.77" h="3586" lang="en" source="google" w="2009" x="2941" y="571.2">Textile</contenuImg>
            <contenuImg CS="0.94" h="3586" lang="en" source="google" w="2009" x="2941" y="571.2">Pattern</contenuImg>
            <contenuImg CS="0.98" coul="1" h="3586" lang="en" source="google" w="2009" x="2941" y="571.2">Green</contenuImg>
            <tech source="final">estampe/gravure</tech>
            <fonction source="md">papier-peint</fonction>
            <fonction source="final">papier-peint</fonction>
            <tech CS="1" source="hm">estampe/gravure</tech>
            <theme CS="1" source="md">0</theme>
            <contenuImg CS="1.0" lang="fr" source="md">Jasmins</contenuImg>
            <contenuImg CS="1.0" lang="fr" source="md">Fleurs (ornement)</contenuImg>
            <contenuImg CS="1.0" lang="fr" source="md">Végétaux stylisés</contenuImg>
            <contenuImg CS="1.0" lang="fr" source="md">Rosettes (ornement)</contenuImg>
            <contenuImg CS="1.0" lang="fr" source="md">Quadrillage</contenuImg>
            <contenuImg CS="1.0" lang="fr" source="md">Motifs décoratifs</contenuImg>
            <titraille>Papier à motif répétitif : papier peint</titraille>
          </ill>
        </ills>
      </page>
    </pages>
  </contenus>
</analyseAlto>