<analyseAlto>
  <metad>
    <type>I</type>
    <ID>btv1b6901067b</ID>
    <titre>Papier à motif répétitif : papier peint</titre>
    <dateEdition>1799</dateEdition>
    <auteur>inconnu</auteur>
    <lang>fre</lang>
    <source>Bibliothèque nationale de France, département Estampes et photographie, EST LI-16</source>
    <sujet>Jeux -- Putti -- Lapin -- Grenadiers (plantes) -- Papillons -- Camaïeu, Peinture en -- Fleurs stylisées (ornement) -- Festons -- Motifs décoratifs</sujet>
    <descr>Appartient à l’ensemble documentaire : PaPeint18 -- Papier peint</descr>
    <format>inconnu</format>
    <couverture>inconnu</couverture>
    <largeurPx>3288</largeurPx>
    <hauteurPx>5640</hauteurPx>
    <ocr>false</ocr>
    <toc>false</toc>
    <caption>false</caption>
    <nbPage>1</nbPage>
  </metad>
  <contenus ocr="false" toc="false">
    <largeur>139</largeur>
    <hauteur>238</hauteur>
    <largeurPx>3288</largeurPx>
    <hauteurPx>5640</hauteurPx>
    <pages>
      <page ordre="1">
        <blocIll ocr="1">1</blocIll>
        <ills>
          <ill classif="CCgoogle" couleur="coul" h="5640" hash="83e7ef8199bb8181" n="1-1" taille="8" w="3288" x="1" y="1">
            <contenuImg CS="0.81" h="4431" lang="fr" source="google" w="3320" x="328.8" y="849">textile</contenuImg>
            <contenuImg CS="0.84" h="4431" lang="fr" source="google" w="3320" x="328.8" y="849">botanique</contenuImg>
            <contenuImg CS="0.56" lang="fr" source="google">modèle motif</contenuImg>
            <contenuImg CS="0.75" h="4431" lang="fr" source="google" w="3320" x="328.8" y="849">art</contenuImg>
            <contenuImg CS="0.71" h="4431" lang="fr" source="google" w="3320" x="328.8" y="849">plante</contenuImg>
            <contenuImg CS="0.69" lang="fr" source="google">arbre</contenuImg>
            <contenuImg CS="0.56" lang="fr" source="google">modèle</contenuImg>
            <contenuImg CS="0.53" lang="fr" source="google">tapisserie</contenuImg>
            <contenuImg CS="0.52" coul="1" lang="fr" source="google">cuivre</contenuImg>
            <contenuImg CS="0.42" coul="1" lang="fr" source="google">orange mandarine</contenuImg>
            <contenuImg CS="0.41" coul="1" lang="fr" source="google">brun foncé</contenuImg>
            <contenuImg CS="0.31" coul="1" lang="fr" source="google">argent</contenuImg>
            <contenuImg CS="0.22" coul="1" lang="fr" source="google">feldspath</contenuImg>
            <contenuImg b="255" coul="1" g="255" r="255" source="colorific" type="bkg">#ffffff</contenuImg>
            <contenuImg b="26" coul="1" g="37" ordre="6" r="24" source="colorific" type="frg">#18251a</contenuImg>
            <contenuImg b="30" coul="1" g="56" ordre="5" r="114" source="colorific" type="frg">#72381e</contenuImg>
            <contenuImg b="82" coul="1" g="129" ordre="4" r="184" source="colorific" type="frg">#b88152</contenuImg>
            <contenuImg b="38" coul="1" g="71" ordre="3" r="190" source="colorific" type="frg">#be4726</contenuImg>
            <contenuImg b="74" coul="1" g="86" ordre="2" r="72" source="colorific" type="frg">#48564a</contenuImg>
            <contenuImg b="165" coul="1" g="178" ordre="1" r="181" source="colorific" type="frg">#b5b2a5</contenuImg>
            <contenuImg CS="1.0" lang="en" source="md">decorative patterns</contenuImg>
            <contenuImg CS="1.0" lang="en" source="md">scallops</contenuImg>
            <contenuImg CS="1.0" lang="en" source="md">stylized flowers (ornament)</contenuImg>
            <contenuImg CS="1.0" lang="en" source="md">camaïeu painting</contenuImg>
            <contenuImg CS="1.0" lang="en" source="md">butterflies</contenuImg>
            <contenuImg CS="1.0" lang="en" source="md">pomegranate tree</contenuImg>
            <contenuImg CS="1.0" lang="en" source="md">rabbit</contenuImg>
            <contenuImg CS="1.0" lang="en" source="md">putti</contenuImg>
            <contenuImg CS="1.0" lang="en" source="md">games</contenuImg>
            <contenuImg CS="0.22" coul="1" lang="en" source="google">feldspar</contenuImg>
            <contenuImg CS="0.31" coul="1" lang="en" source="google">silver</contenuImg>
            <contenuImg CS="0.31" coul="1" lang="en" source="google">feldspar</contenuImg>
            <contenuImg CS="0.41" coul="1" lang="en" source="google">darktan</contenuImg>
            <contenuImg CS="0.42" coul="1" lang="en" source="google">mandarianorange</contenuImg>
            <contenuImg CS="0.47" coul="1" lang="en" source="google">silver</contenuImg>
            <contenuImg CS="0.52" coul="1" lang="en" source="google">copper</contenuImg>
            <contenuImg CS="0.53" lang="en" source="google">Tapestry</contenuImg>
            <contenuImg CS="0.56" lang="en" source="google">Pattern</contenuImg>
            <contenuImg CS="0.69" lang="en" source="google">Tree</contenuImg>
            <contenuImg CS="0.71" h="4431" lang="en" source="google" w="3320" x="328.8" y="849">Plant</contenuImg>
            <contenuImg CS="0.75" h="4431" lang="en" source="google" w="3320" x="328.8" y="849">Art</contenuImg>
            <contenuImg CS="0.81" h="4431" lang="en" source="google" w="3320" x="328.8" y="849">Textile</contenuImg>
            <contenuImg CS="0.84" h="4431" lang="en" source="google" w="3320" x="328.8" y="849">Botany</contenuImg>
            <tech source="final">estampe/gravure</tech>
            <fonction source="md">papier-peint</fonction>
            <fonction source="final">papier-peint</fonction>
            <tech CS="1" source="hm">estampe/gravure</tech>
            <theme CS="1" source="md">0</theme>
            <contenuImg CS="1.0" lang="fr" source="md">Jeux</contenuImg>
            <contenuImg CS="1.0" lang="fr" source="md">Putti</contenuImg>
            <contenuImg CS="1.0" lang="fr" source="md">Lapin</contenuImg>
            <contenuImg CS="1.0" lang="fr" source="md">Grenadiers (plantes)</contenuImg>
            <contenuImg CS="1.0" lang="fr" source="md">Papillons</contenuImg>
            <contenuImg CS="1.0" lang="fr" source="md">Peinture en camaïeu</contenuImg>
            <contenuImg CS="1.0" lang="fr" source="md">Fleurs stylisées (ornement)</contenuImg>
            <contenuImg CS="1.0" lang="fr" source="md">Festons</contenuImg>
            <contenuImg CS="1.0" lang="fr" source="md">Motifs décoratifs</contenuImg>
            <titraille>Papier à motif répétitif : papier peint</titraille>
          </ill>
        </ills>
      </page>
    </pages>
  </contenus>
</analyseAlto>