<analyseAlto>
  <metad>
    <type>I</type>
    <ID>btv1b69000908</ID>
    <titre>Manufacture Bon. Papier à motif répétitif. Motif répétitif en arabesque (?) à un chemin : bouquet de fleurs variées au naturel dans un vase à l_antique : papier peint</titre>
    <dateEdition>1799</dateEdition>
    <auteur>inconnu</auteur>
    <lang>fre</lang>
    <source>Bibliothèque nationale de France, département Estampes et photographie, EST LI-20</source>
    <sujet>Roses -- Lilas -- Pivoines -- Constructions -- Motifs en arabesque -- Vases antiques -- Dans l_art -- Fleurs (ornement) -- Rinceaux -- Guirlandes (ornement) -- Camaïeu, Peinture en -- Végétaux stylisés -- Motifs décoratifs -- 1789-1799</sujet>
    <descr>Appartient à l’ensemble documentaire : PaPeint18 -- Papier peint</descr>
    <format>inconnu</format>
    <couverture>inconnu</couverture>
    <largeurPx>6712</largeurPx>
    <hauteurPx>6600</hauteurPx>
    <ocr>false</ocr>
    <toc>false</toc>
    <caption>false</caption>
    <nbPage>1</nbPage>
  </metad>
  <contenus ocr="false" toc="false">
    <largeur>284</largeur>
    <hauteur>279</hauteur>
    <largeurPx>6712</largeurPx>
    <hauteurPx>6600</hauteurPx>
    <pages>
      <page ordre="1">
        <blocIll ocr="1">1</blocIll>
        <ills>
          <ill classif="CCgoogle" couleur="coul" h="6600" hash="ff4383818183e76e" n="1-1" taille="20" w="6712" x="1" y="1">
            <contenuImg CS="0.94" h="4199" lang="fr" source="google" w="2351" x="1630.2" y="660">arrangement floral</contenuImg>
            <contenuImg CS="0.94" h="4199" lang="fr" source="google" w="2351" x="1630.2" y="660">art floral</contenuImg>
            <contenuImg CS="0.94" h="4199" lang="fr" source="google" w="2351" x="1630.2" y="660">roses de jardin</contenuImg>
            <contenuImg CS="0.93" lang="fr" source="google">fleuriste</contenuImg>
            <contenuImg CS="0.91" lang="fr" source="google">bouquet</contenuImg>
            <contenuImg CS="0.85" lang="fr" source="google">rose (plante)</contenuImg>
            <contenuImg CS="0.97" h="4199" lang="fr" source="google" w="2351" x="1630.2" y="660">fleur</contenuImg>
            <contenuImg CS="0.91" lang="fr" source="google">fleurs coupées</contenuImg>
            <contenuImg CS="0.90" lang="fr" source="google">plante</contenuImg>
            <contenuImg CS="0.65" coul="1" lang="fr" source="google">bois moyen</contenuImg>
            <contenuImg CS="0.41" coul="1" lang="fr" source="google">chocolat à pâtisser</contenuImg>
            <contenuImg CS="0.26" coul="1" lang="fr" source="google">marron</contenuImg>
            <contenuImg CS="0.30" coul="1" lang="fr" source="google">saumon</contenuImg>
            <contenuImg CS="0.27" coul="1" lang="fr" source="google">vert foncé</contenuImg>
            <contenuImg b="181" coul="1" g="157" r="134" source="colorific" type="bkg">#869db5</contenuImg>
            <contenuImg b="85" coul="1" g="83" ordre="6" r="136" source="colorific" type="frg">#885355</contenuImg>
            <contenuImg b="54" coul="1" g="75" ordre="5" r="117" source="colorific" type="frg">#754b36</contenuImg>
            <contenuImg b="34" coul="1" g="26" ordre="4" r="108" source="colorific" type="frg">#6c1a22</contenuImg>
            <contenuImg b="148" coul="1" g="142" ordre="3" r="142" source="colorific" type="frg">#8e8e94</contenuImg>
            <contenuImg b="60" coul="1" g="62" ordre="2" r="72" source="colorific" type="frg">#483e3c</contenuImg>
            <contenuImg b="59" coul="1" g="59" ordre="1" r="38" source="colorific" type="frg">#263b3b</contenuImg>
            <contenuImg CS="1.0" lang="en" source="md">decorative patterns - 1789-1799</contenuImg>
            <contenuImg CS="1.0" lang="en" source="md">stylized plants</contenuImg>
            <contenuImg CS="1.0" lang="en" source="md">camaïeu painting</contenuImg>
            <contenuImg CS="1.0" lang="en" source="md">garlands (ornament)</contenuImg>
            <contenuImg CS="1.0" lang="en" source="md">scrollwork</contenuImg>
            <contenuImg CS="1.0" lang="en" source="md">flowers (ornament)</contenuImg>
            <contenuImg CS="1.0" lang="en" source="md">ancient vases - in art</contenuImg>
            <contenuImg CS="1.0" lang="en" source="md">arabesque-shaped patterns</contenuImg>
            <contenuImg CS="1.0" lang="en" source="md">constructions</contenuImg>
            <contenuImg CS="1.0" lang="en" source="md">peonies (flowers)</contenuImg>
            <contenuImg CS="1.0" lang="en" source="md">lilac (plants)</contenuImg>
            <contenuImg CS="1.0" lang="en" source="md">roses (flowers)</contenuImg>
            <contenuImg CS="0.27" coul="1" lang="en" source="google">darkgreen</contenuImg>
            <contenuImg CS="0.30" coul="1" lang="en" source="google">salmon</contenuImg>
            <contenuImg CS="0.26" coul="1" lang="en" source="google">brown</contenuImg>
            <contenuImg CS="0.28" coul="1" lang="en" source="google">darkgreen</contenuImg>
            <contenuImg CS="0.41" coul="1" lang="en" source="google">bakerschocolate</contenuImg>
            <contenuImg CS="0.65" coul="1" lang="en" source="google">mediumwood</contenuImg>
            <contenuImg CS="0.85" coul="1" lang="en" source="google">Rose</contenuImg>
            <contenuImg CS="0.87" lang="en" source="google">Rosa centifolia</contenuImg>
            <contenuImg CS="0.90" lang="en" source="google">Plant</contenuImg>
            <contenuImg CS="0.91" lang="en" source="google">Cut flowers</contenuImg>
            <contenuImg CS="0.91" lang="en" source="google">Bouquet</contenuImg>
            <contenuImg CS="0.93" lang="en" source="google">Floristry</contenuImg>
            <contenuImg CS="0.94" h="4199" lang="en" source="google" w="2351" x="1630.2" y="660">Garden roses</contenuImg>
            <contenuImg CS="0.94" h="4199" lang="en" source="google" w="2351" x="1630.2" y="660">Floral design</contenuImg>
            <contenuImg CS="0.94" h="4199" lang="en" source="google" w="2351" x="1630.2" y="660">Flower Arranging</contenuImg>
            <contenuImg CS="0.97" h="4199" lang="en" source="google" w="2351" x="1630.2" y="660">Flower</contenuImg>
            <tech source="final">estampe/gravure</tech>
            <fonction source="md">papier-peint</fonction>
            <fonction source="final">papier-peint</fonction>
            <tech CS="1" source="hm">estampe/gravure</tech>
            <theme CS="1" source="md">0</theme>
            <contenuImg CS="1.0" lang="fr" source="md">Roses</contenuImg>
            <contenuImg CS="1.0" lang="fr" source="md">Lilas</contenuImg>
            <contenuImg CS="1.0" lang="fr" source="md">Pivoines</contenuImg>
            <contenuImg CS="1.0" lang="fr" source="md">Constructions</contenuImg>
            <contenuImg CS="1.0" lang="fr" source="md">Motifs en arabesque</contenuImg>
            <contenuImg CS="1.0" lang="fr" source="md">Vases antiques -- Dans l'art</contenuImg>
            <contenuImg CS="1.0" lang="fr" source="md">Fleurs (ornement)</contenuImg>
            <contenuImg CS="1.0" lang="fr" source="md">Rinceaux</contenuImg>
            <contenuImg CS="1.0" lang="fr" source="md">Guirlandes (ornement)</contenuImg>
            <contenuImg CS="1.0" lang="fr" source="md">Peinture en camaïeu</contenuImg>
            <contenuImg CS="1.0" lang="fr" source="md">Végétaux stylisés</contenuImg>
            <contenuImg CS="1.0" lang="fr" source="md">Motifs décoratifs -- 1789-1799</contenuImg>
            <titraille>Manufacture Bon. Papier à motif répétitif. Motif répétitif en arabesque (?) à un chemin : bouquet de fleurs variées au naturel dans un vase à l_antique : papier peint</titraille>
          </ill>
        </ills>
      </page>
    </pages>
  </contenus>
</analyseAlto>