<analyseAlto>
  <metad>
    <type>I</type>
    <ID>btv1b69012604</ID>
    <titre>Bordure : papier peint</titre>
    <dateEdition>1802</dateEdition>
    <auteur>Zuber et Compagnie (Manufacture). Fonction indéterminée</auteur>
    <lang>fre</lang>
    <source>Bibliothèque nationale de France, département Estampes et photographie, EST LI-22</source>
    <sujet>Frises -- Fleurons (ornement) -- Cones de pin -- Feuilles stylisées (ornement) -- Décoration et ornement architecturaux -- Motifs décoratifs</sujet>
    <descr>Appartient à l’ensemble documentaire : PaPeint18 -- Papier peint</descr>
    <format>inconnu</format>
    <couverture>inconnu</couverture>
    <largeurPx>4528</largeurPx>
    <hauteurPx>1664</hauteurPx>
    <ocr>false</ocr>
    <toc>false</toc>
    <caption>false</caption>
    <nbPage>1</nbPage>
  </metad>
  <contenus ocr="false" toc="false">
    <largeur>191</largeur>
    <hauteur>70</hauteur>
    <largeurPx>4528</largeurPx>
    <hauteurPx>1664</hauteurPx>
    <pages>
      <page ordre="1">
        <blocIll ocr="1">1</blocIll>
        <ills>
          <ill classif="CCgoogle" couleur="coul" h="1664" hash="00f7f7f7f59d0000" n="1-1" taille="3" w="4528" x="1" y="1">
            <contenuImg CS="0.75" lang="fr" source="google">conception</contenuImg>
            <contenuImg CS="0.86" h="2978" lang="fr" source="google" w="1667" x="4133.8" y="337.4">modèle motif</contenuImg>
            <contenuImg CS="0.30" coul="1" lang="fr" source="google">vert de mer</contenuImg>
            <contenuImg CS="0.96" coul="1" h="2978" lang="fr" source="google" w="1667" x="4133.8" y="337.4">vert</contenuImg>
            <contenuImg CS="0.88" coul="1" h="2978" lang="fr" source="google" w="1667" x="4133.8" y="337.4">bleu canard</contenuImg>
            <contenuImg CS="0.86" h="2978" lang="fr" source="google" w="1667" x="4133.8" y="337.4">modèle</contenuImg>
            <contenuImg CS="0.85" coul="1" h="2978" lang="fr" source="google" w="1667" x="4133.8" y="337.4">turquoise</contenuImg>
            <contenuImg CS="0.81" lang="fr" source="google">feuille</contenuImg>
            <contenuImg CS="0.75" lang="fr" source="google">arts visuels</contenuImg>
            <contenuImg CS="0.75" lang="fr" source="google">design</contenuImg>
            <contenuImg CS="0.75" lang="fr" source="google">police de caractère</contenuImg>
            <contenuImg CS="0.62" lang="fr" source="google">symétrie</contenuImg>
            <contenuImg CS="0.59" lang="fr" source="google">plante</contenuImg>
            <contenuImg CS="0.55" coul="1" lang="fr" source="google">orange mandarine</contenuImg>
            <contenuImg CS="0.25" coul="1" lang="fr" source="google">vert foncé</contenuImg>
            <contenuImg CS="0.22" coul="1" lang="fr" source="google">morceaux de chocolat</contenuImg>
            <contenuImg CS="0.17" coul="1" lang="fr" source="google">marron</contenuImg>
            <contenuImg CS="0.48" coul="1" lang="fr" source="google">noir</contenuImg>
            <contenuImg b="0" coul="1" g="0" r="0" source="colorific" type="bkg">#000000</contenuImg>
            <contenuImg b="24" coul="1" g="36" ordre="4" r="11" source="colorific" type="frg">#0b2418</contenuImg>
            <contenuImg b="172" coul="1" g="182" ordre="3" r="168" source="colorific" type="frg">#a8b6ac</contenuImg>
            <contenuImg b="119" coul="1" g="141" ordre="2" r="94" source="colorific" type="frg">#5e8d77</contenuImg>
            <contenuImg b="75" coul="1" g="85" ordre="1" r="49" source="colorific" type="frg">#31554b</contenuImg>
            <contenuImg CS="1.0" lang="en" source="md">decorative patterns</contenuImg>
            <contenuImg CS="1.0" lang="en" source="md">architectural decoration and ornament</contenuImg>
            <contenuImg CS="1.0" lang="en" source="md">stylized leaves (ornament)</contenuImg>
            <contenuImg CS="1.0" lang="en" source="md">pine Cones</contenuImg>
            <contenuImg CS="1.0" lang="en" source="md">flowerets (ornament)</contenuImg>
            <contenuImg CS="1.0" lang="en" source="md">curly</contenuImg>
            <contenuImg CS="0.48" coul="1" lang="en" source="google">black</contenuImg>
            <contenuImg CS="0.17" coul="1" lang="en" source="google">brown</contenuImg>
            <contenuImg CS="0.22" coul="1" lang="en" source="google">semisweetchocolate</contenuImg>
            <contenuImg CS="0.23" coul="1" lang="en" source="google">black</contenuImg>
            <contenuImg CS="0.25" coul="1" lang="en" source="google">darkgreen</contenuImg>
            <contenuImg CS="0.30" coul="1" lang="en" source="google">seagreen</contenuImg>
            <contenuImg CS="0.55" coul="1" lang="en" source="google">mandarianorange</contenuImg>
            <contenuImg CS="0.59" lang="en" source="google">Plant</contenuImg>
            <contenuImg CS="0.62" lang="en" source="google">Symmetry</contenuImg>
            <contenuImg CS="0.75" lang="en" source="google">Font</contenuImg>
            <contenuImg CS="0.75" lang="en" source="google">Design</contenuImg>
            <contenuImg CS="0.75" lang="en" source="google">Visual arts</contenuImg>
            <contenuImg CS="0.81" lang="en" source="google">Leaf</contenuImg>
            <contenuImg CS="0.85" coul="1" h="2978" lang="en" source="google" w="1667" x="4133.8" y="337.4">Turquoise</contenuImg>
            <contenuImg CS="0.86" h="2978" lang="en" source="google" w="1667" x="4133.8" y="337.4">Pattern</contenuImg>
            <contenuImg CS="0.88" coul="1" h="2978" lang="en" source="google" w="1667" x="4133.8" y="337.4">Teal</contenuImg>
            <contenuImg CS="0.96" coul="1" h="2978" lang="en" source="google" w="1667" x="4133.8" y="337.4">Green</contenuImg>
            <tech source="final">estampe/gravure</tech>
            <fonction source="md">papier-peint</fonction>
            <fonction source="final">papier-peint</fonction>
            <tech CS="1" source="hm">estampe/gravure</tech>
            <theme CS="1" source="md">0</theme>
            <contenuImg CS="1.0" lang="fr" source="md">Frises</contenuImg>
            <contenuImg CS="1.0" lang="fr" source="md">Fleurons (ornement)</contenuImg>
            <contenuImg CS="1.0" lang="fr" source="md">Cones de pin</contenuImg>
            <contenuImg CS="1.0" lang="fr" source="md">Feuilles stylisées (ornement)</contenuImg>
            <contenuImg CS="1.0" lang="fr" source="md">Décoration et ornement architecturaux</contenuImg>
            <contenuImg CS="1.0" lang="fr" source="md">Motifs décoratifs</contenuImg>
            <titraille>Bordure : papier peint</titraille>
          </ill>
        </ills>
      </page>
    </pages>
  </contenus>
</analyseAlto>