<analyseAlto>
  <metad>
    <type>I</type>
    <ID>btv1b6900006b</ID>
    <titre>Manufacture Berthelot. Bordure. Six bandes de frise principale alternant pyramide et fleuron de fantaisie, sur une grecque : papier peint</titre>
    <dateEdition>1799</dateEdition>
    <auteur>inconnu</auteur>
    <lang>fre</lang>
    <source>Bibliothèque nationale de France, département Estampes et photographie, EST LI-15</source>
    <sujet>Frises -- Grecques (ornement) -- Motifs en pyramide -- Motifs de fantaisie -- Fleurons (ornement) -- Motifs décoratifs -- 1789-1799</sujet>
    <descr>Appartient à l’ensemble documentaire : PaPeint18 -- Papier peint</descr>
    <format>inconnu</format>
    <couverture>inconnu</couverture>
    <largeurPx>3808</largeurPx>
    <hauteurPx>5968</hauteurPx>
    <ocr>false</ocr>
    <toc>false</toc>
    <caption>false</caption>
    <nbPage>1</nbPage>
  </metad>
  <contenus ocr="false" toc="false">
    <largeur>161</largeur>
    <hauteur>252</hauteur>
    <largeurPx>3808</largeurPx>
    <hauteurPx>5968</hauteurPx>
    <pages>
      <page ordre="1">
        <blocIll ocr="1">1</blocIll>
        <ills>
          <ill classif="CCgoogle" couleur="coul" h="5968" hash="aaffaaaaaa0a0aaa" n="1-1" taille="10" w="3808" x="1" y="1">
            <contenuImg CS="0.83" h="2726" lang="fr" source="google" w="2721" x="380.8" y="1237.8">conception</contenuImg>
            <contenuImg CS="0.66" lang="fr" source="google">textile</contenuImg>
            <contenuImg CS="0.77" lang="fr" source="google">modèle motif</contenuImg>
            <contenuImg CS="0.89" h="2726" lang="fr" source="google" w="2721" x="380.8" y="1237.8">police de caractère</contenuImg>
            <contenuImg CS="0.83" h="2726" lang="fr" source="google" w="2721" x="380.8" y="1237.8">design</contenuImg>
            <contenuImg CS="0.82" h="2726" lang="fr" source="google" w="2721" x="380.8" y="1237.8">ligne</contenuImg>
            <contenuImg CS="0.79" lang="fr" source="google">triangle</contenuImg>
            <contenuImg CS="0.77" lang="fr" source="google">symétrie</contenuImg>
            <contenuImg CS="0.77" lang="fr" source="google">modèle</contenuImg>
            <contenuImg CS="0.52" lang="fr" source="google">parallèle</contenuImg>
            <contenuImg CS="0.10" coul="1" lang="fr" source="google">noir</contenuImg>
            <contenuImg CS="0.55" coul="1" lang="fr" source="google">morceaux de chocolat</contenuImg>
            <contenuImg CS="0.41" coul="1" lang="fr" source="google">chocolat à pâtisser</contenuImg>
            <contenuImg CS="0.40" coul="1" lang="fr" source="google">bronze</contenuImg>
            <contenuImg CS="0.31" coul="1" lang="fr" source="google">bois moyen</contenuImg>
            <contenuImg b="23" coul="1" g="60" ordre="6" r="70" source="colorific" type="frg">#463c17</contenuImg>
            <contenuImg b="115" coul="1" g="90" ordre="5" r="59" source="colorific" type="frg">#3b5a73</contenuImg>
            <contenuImg b="63" coul="1" g="57" ordre="4" r="35" source="colorific" type="frg">#23393f</contenuImg>
            <contenuImg b="85" coul="1" g="130" ordre="3" r="127" source="colorific" type="frg">#7f8255</contenuImg>
            <contenuImg b="0" coul="1" g="0" ordre="2" r="0" source="colorific" type="frg">#000000</contenuImg>
            <contenuImg b="75" coul="1" g="157" ordre="1" r="174" source="colorific" type="frg">#ae9d4b</contenuImg>
            <contenuImg CS="1.0" lang="en" source="md">decorative patterns - 1789-1799</contenuImg>
            <contenuImg CS="1.0" lang="en" source="md">flowerets (ornament)</contenuImg>
            <contenuImg CS="1.0" lang="en" source="md">fantasy patterns</contenuImg>
            <contenuImg CS="1.0" lang="en" source="md">pyramid-shaped patterns</contenuImg>
            <contenuImg CS="1.0" lang="en" source="md">Greek (ornament)</contenuImg>
            <contenuImg CS="1.0" lang="en" source="md">curly</contenuImg>
            <contenuImg CS="0.31" coul="1" lang="en" source="google">mediumwood</contenuImg>
            <contenuImg CS="0.40" coul="1" lang="en" source="google">bronze</contenuImg>
            <contenuImg CS="0.41" coul="1" lang="en" source="google">bakerschocolate</contenuImg>
            <contenuImg CS="0.55" coul="1" lang="en" source="google">semisweetchocolate</contenuImg>
            <contenuImg CS="0.08" coul="1" lang="en" source="google">bronze</contenuImg>
            <contenuImg CS="0.10" coul="1" lang="en" source="google">black</contenuImg>
            <contenuImg CS="0.61" coul="1" lang="en" source="google">mediumwood</contenuImg>
            <contenuImg CS="0.52" lang="en" source="google">Parallel</contenuImg>
            <contenuImg CS="0.66" lang="en" source="google">Textile</contenuImg>
            <contenuImg CS="0.77" lang="en" source="google">Pattern</contenuImg>
            <contenuImg CS="0.77" lang="en" source="google">Symmetry</contenuImg>
            <contenuImg CS="0.79" lang="en" source="google">Triangle</contenuImg>
            <contenuImg CS="0.82" h="2726" lang="en" source="google" w="2721" x="380.8" y="1237.8">Line</contenuImg>
            <contenuImg CS="0.83" h="2726" lang="en" source="google" w="2721" x="380.8" y="1237.8">Design</contenuImg>
            <contenuImg CS="0.89" h="2726" lang="en" source="google" w="2721" x="380.8" y="1237.8">Font</contenuImg>
            <contenuImg CS="0.97" h="2726" lang="en" source="google" w="2721" x="380.8" y="1237.8">Pattern</contenuImg>
            <tech source="final">estampe/gravure</tech>
            <fonction source="md">papier-peint</fonction>
            <fonction source="final">papier-peint</fonction>
            <tech CS="1" source="hm">estampe/gravure</tech>
            <theme CS="1" source="md">0</theme>
            <contenuImg CS="1.0" lang="fr" source="md">Frises</contenuImg>
            <contenuImg CS="1.0" lang="fr" source="md">Grecques (ornement)</contenuImg>
            <contenuImg CS="1.0" lang="fr" source="md">Motifs en pyramide</contenuImg>
            <contenuImg CS="1.0" lang="fr" source="md">Motifs de fantaisie</contenuImg>
            <contenuImg CS="1.0" lang="fr" source="md">Fleurons (ornement)</contenuImg>
            <contenuImg CS="1.0" lang="fr" source="md">Motifs décoratifs -- 1789-1799</contenuImg>
            <titraille>Manufacture Berthelot. Bordure. Six bandes de frise principale alternant pyramide et fleuron de fantaisie, sur une grecque : papier peint</titraille>
          </ill>
        </ills>
      </page>
    </pages>
  </contenus>
</analyseAlto>