<analyseAlto>
  <metad>
    <type>I</type>
    <ID>btv1b6900751k</ID>
    <titre>Papier à motif répétitif : papier peint</titre>
    <dateEdition>1803</dateEdition>
    <auteur>Jacquemart et Bénard (Manufacture). Fonction indéterminée</auteur>
    <lang>fre</lang>
    <source>Bibliothèque nationale de France</source>
    <sujet>Ornements géométriques -- Trompe-l_oeil (ornement) -- Quadrillage -- Motifs décoratifs</sujet>
    <descr>Appartient à l’ensemble documentaire : PaPeint18 -- Papier peint</descr>
    <format>inconnu</format>
    <couverture>inconnu</couverture>
    <largeurPx>6816</largeurPx>
    <hauteurPx>4344</hauteurPx>
    <ocr>false</ocr>
    <toc>false</toc>
    <nbPage>1</nbPage>
  </metad>
  <contenus ocr="false" toc="false">
    <largeur>288</largeur>
    <hauteur>183</hauteur>
    <largeurPx>6816</largeurPx>
    <hauteurPx>4344</hauteurPx>
    <pages>
      <page ordre="1">
        <blocIll ocr="1">1</blocIll>
        <ills>
          <ill classif="CCgoogle" couleur="coul" h="4344" hash="0303156b17170fff" n="1-1" taille="13" w="6816" x="1" y="1">
            <contenuImg CS="0.73" h="2721" lang="fr" source="google" w="1524" x="3426.6" y="434.4">conception</contenuImg>
            <contenuImg CS="0.54" lang="fr" source="google">modèle motif</contenuImg>
            <contenuImg CS="0.73" h="2721" lang="fr" source="google" w="1524" x="3426.6" y="434.4">design</contenuImg>
            <contenuImg CS="0.70" h="2721" lang="fr" source="google" w="1524" x="3426.6" y="434.4">monochrome</contenuImg>
            <contenuImg CS="0.62" h="2721" lang="fr" source="google" w="1524" x="3426.6" y="434.4">photographie</contenuImg>
            <contenuImg CS="0.54" lang="fr" source="google">modèle</contenuImg>
            <contenuImg CS="2.82" coul="1" lang="fr" source="google">vert cuivre</contenuImg>
            <contenuImg CS="1.15" coul="1" lang="fr" source="google">argent</contenuImg>
            <contenuImg CS="0.75" coul="1" lang="fr" source="google">gris foncé</contenuImg>
            <contenuImg CS="0.26" coul="1" lang="fr" source="google">vert foncé</contenuImg>
            <contenuImg b="103" coul="1" g="122" r="127" source="colorific" type="bkg">#7f7a67</contenuImg>
            <contenuImg b="52" coul="1" g="71" ordre="2" r="75" source="colorific" type="frg">#4b4734</contenuImg>
            <contenuImg b="255" coul="1" g="255" ordre="1" r="255" source="colorific" type="frg">#ffffff</contenuImg>
            <contenuImg CS="1.0" lang="en" source="md">decorative patterns</contenuImg>
            <contenuImg CS="1.0" lang="en" source="md">grid</contenuImg>
            <contenuImg CS="1.0" lang="en" source="md">trompe-l'oeil (ornament)</contenuImg>
            <contenuImg CS="1.0" lang="en" source="md">geometric ornaments</contenuImg>
            <contenuImg CS="0.26" coul="1" lang="en" source="google">darkgreen</contenuImg>
            <contenuImg CS="0.75" coul="1" lang="en" source="google">dimgrey</contenuImg>
            <contenuImg CS="1.15" coul="1" lang="en" source="google">silver</contenuImg>
            <contenuImg CS="2.82" coul="1" lang="en" source="google">greencopper</contenuImg>
            <contenuImg CS="0.54" lang="en" source="google">Pattern</contenuImg>
            <contenuImg CS="0.62" h="2721" lang="en" source="google" w="1524" x="3426.6" y="434.4">Photography</contenuImg>
            <contenuImg CS="0.70" h="2721" lang="en" source="google" w="1524" x="3426.6" y="434.4">Monochrome</contenuImg>
            <contenuImg CS="0.73" h="2721" lang="en" source="google" w="1524" x="3426.6" y="434.4">Design</contenuImg>
            <contenuImg CS="0.91" h="2721" lang="en" source="google" w="1524" x="3426.6" y="434.4">Pattern</contenuImg>
            <tech source="final">estampe/gravure</tech>
            <fonction source="md">papier-peint</fonction>
            <fonction source="final">papier-peint</fonction>
            <tech CS="1" source="hm">estampe/gravure</tech>
            <theme CS="1" source="md">0</theme>
            <contenuImg CS="1.0" lang="fr" source="md">Ornements géométriques</contenuImg>
            <contenuImg CS="1.0" lang="fr" source="md">Trompe-l'oeil (ornement)</contenuImg>
            <contenuImg CS="1.0" lang="fr" source="md">Quadrillage</contenuImg>
            <contenuImg CS="1.0" lang="fr" source="md">Motifs décoratifs</contenuImg>
            <titraille>Papier à motif répétitif : papier peint</titraille>
          </ill>
        </ills>
      </page>
    </pages>
  </contenus>
</analyseAlto>