<analyseAlto>
  <metad>
    <type>I</type>
    <ID>btv1b69000923</ID>
    <titre>Manufacture Bon. Papier à motif répétitif. Motif répétitif de basin (?) à bandes rayées et ruban tournant : papier peint</titre>
    <dateEdition>1799</dateEdition>
    <auteur>inconnu</auteur>
    <lang>fre</lang>
    <source>Bibliothèque nationale de France, département Estampes et photographie, EST LI-20</source>
    <sujet>Textiles et tissus -- Rubans (tissus) -- Rayures (ornements) -- Bazin (tissu) -- Motifs décoratifs -- 1789-1799</sujet>
    <descr>Appartient à l’ensemble documentaire : PaPeint18 -- Papier peint</descr>
    <format>inconnu</format>
    <couverture>inconnu</couverture>
    <largeurPx>6424</largeurPx>
    <hauteurPx>5352</hauteurPx>
    <ocr>false</ocr>
    <toc>false</toc>
    <caption>false</caption>
    <nbPage>1</nbPage>
  </metad>
  <contenus ocr="false" toc="false">
    <largeur>271</largeur>
    <hauteur>226</hauteur>
    <largeurPx>6424</largeurPx>
    <hauteurPx>5352</hauteurPx>
    <pages>
      <page ordre="1">
        <blocIll ocr="1">1</blocIll>
        <ills>
          <ill classif="CCgoogle" couleur="coul" h="5352" hash="edffffd181818100" n="1-1" taille="15" w="6424" x="1" y="1">
            <contenuImg CS="0.82" h="3562" lang="fr" source="google" w="1995" x="2917.4" y="535.2">bleu azur</contenuImg>
            <contenuImg CS="0.81" h="3562" lang="fr" source="google" w="1995" x="2917.4" y="535.2">aqua</contenuImg>
            <tech source="final">estampe/gravure</tech>
            <fonction source="md">papier-peint</fonction>
            <fonction source="final">papier-peint</fonction>
            <tech CS="1" source="md">estampe/gravure</tech>
            <contenuImg CS="0.66" lang="fr" source="google">modèle motif</contenuImg>
            <contenuImg CS="0.94" coul="1" h="3562" lang="fr" source="google" w="1995" x="2917.4" y="535.2">bleu</contenuImg>
            <contenuImg CS="0.87" h="3562" lang="fr" source="google" w="1995" x="2917.4" y="535.2">ligne</contenuImg>
            <contenuImg CS="0.66" lang="fr" source="google">modèle</contenuImg>
            <contenuImg CS="3.06" coul="1" lang="fr" source="google">argent</contenuImg>
            <contenuImg CS="0.34" coul="1" lang="fr" source="google">gris clair</contenuImg>
            <contenuImg CS="0.07" coul="1" lang="fr" source="google">quartz</contenuImg>
            <contenuImg CS="0.00" coul="1" lang="fr" source="google">vert pâle</contenuImg>
            <contenuImg CS="0.00" coul="1" lang="fr" source="google">gris foncé</contenuImg>
            <contenuImg b="195" coul="1" g="175" r="155" source="colorific" type="bkg">#9bafc3</contenuImg>
            <contenuImg b="255" coul="1" g="255" ordre="1" r="255" source="colorific" type="frg">#ffffff</contenuImg>
            <contenuImg CS="1.0" lang="en" source="md">decorative patterns - 1789-1799</contenuImg>
            <contenuImg CS="1.0" lang="en" source="md">bazin (fabric)</contenuImg>
            <contenuImg CS="1.0" lang="en" source="md">stripes (ornaments)</contenuImg>
            <contenuImg CS="1.0" lang="en" source="md">ribbons (fabrics)</contenuImg>
            <contenuImg CS="1.0" lang="en" source="md">textiles and fabrics</contenuImg>
            <contenuImg CS="0.00" coul="1" lang="en" source="google">darkgray</contenuImg>
            <contenuImg CS="0.00" coul="1" lang="en" source="google">palegreen</contenuImg>
            <contenuImg CS="0.07" coul="1" lang="en" source="google">quartz</contenuImg>
            <contenuImg CS="0.34" coul="1" lang="en" source="google">lightgray</contenuImg>
            <contenuImg CS="1.52" coul="1" lang="en" source="google">palegreen</contenuImg>
            <contenuImg CS="3.06" coul="1" lang="en" source="google">silver</contenuImg>
            <contenuImg CS="0.66" lang="en" source="google">Pattern</contenuImg>
            <contenuImg CS="0.81" h="3562" lang="en" source="google" w="1995" x="2917.4" y="535.2">Aqua</contenuImg>
            <contenuImg CS="0.82" h="3562" lang="en" source="google" w="1995" x="2917.4" y="535.2">Azure</contenuImg>
            <contenuImg CS="0.87" h="3562" lang="en" source="google" w="1995" x="2917.4" y="535.2">Line</contenuImg>
            <contenuImg CS="0.94" coul="1" h="3562" lang="en" source="google" w="1995" x="2917.4" y="535.2">Blue</contenuImg>
            <theme CS="1" source="md">0</theme>
            <contenuImg CS="1.0" lang="fr" source="md">Textiles et tissus</contenuImg>
            <contenuImg CS="1.0" lang="fr" source="md">Rubans (tissus)</contenuImg>
            <contenuImg CS="1.0" lang="fr" source="md">Rayures (ornements)</contenuImg>
            <contenuImg CS="1.0" lang="fr" source="md">Bazin (tissu)</contenuImg>
            <contenuImg CS="1.0" lang="fr" source="md">Motifs décoratifs -- 1789-1799</contenuImg>
            <titraille>Manufacture Bon. Papier à motif répétitif. Motif répétitif de basin (?) à bandes rayées et ruban tournant : papier peint</titraille>
          </ill>
        </ills>
      </page>
    </pages>
  </contenus>
</analyseAlto>