<analyseAlto>
  <metad>
    <type>I</type>
    <ID>btv1b6900727x</ID>
    <titre>Manufacture Jacquemart et Bénard. Bordure. Trois bandes de frise de losanges à rosettes et fleurons : papier peint</titre>
    <dateEdition>1803</dateEdition>
    <auteur>Jacquemart et Bénard (Manufacture). Fonction indéterminée</auteur>
    <lang>fre</lang>
    <source>Bibliothèque nationale de France</source>
    <sujet>Frises -- Losanges (ornement) -- Rosettes (ornement) -- Fleurons (ornement) -- Motifs décoratifs -- 1800-1869</sujet>
    <descr>Appartient à l’ensemble documentaire : PaPeint18 -- Papier peint</descr>
    <format>inconnu</format>
    <couverture>inconnu</couverture>
    <largeurPx>6424</largeurPx>
    <hauteurPx>3488</hauteurPx>
    <ocr>false</ocr>
    <toc>false</toc>
    <nbPage>1</nbPage>
  </metad>
  <contenus ocr="false" toc="false">
    <largeur>271</largeur>
    <hauteur>147</hauteur>
    <largeurPx>6424</largeurPx>
    <hauteurPx>3488</hauteurPx>
    <pages>
      <page ordre="1">
        <blocIll ocr="1">1</blocIll>
        <ills>
          <ill classif="CCgoogle" couleur="coul" h="3488" hash="bfff00ef8181eb00" n="1-1" taille="10" w="6424" x="1" y="1">
            <contenuImg CS="0.76" h="3320" lang="fr" source="google" w="2493" x="2779.4" y="348.8">textile</contenuImg>
            <contenuImg CS="0.50" h="3320" lang="fr" source="google" w="2493" x="2779.4" y="348.8">modèle motif</contenuImg>
            <contenuImg CS="0.79" h="3320" lang="fr" source="google" w="2493" x="2779.4" y="348.8">ligne</contenuImg>
            <contenuImg CS="0.50" h="3320" lang="fr" source="google" w="2493" x="2779.4" y="348.8">modèle</contenuImg>
            <contenuImg CS="1.54" coul="1" lang="fr" source="google">bois clair</contenuImg>
            <contenuImg CS="0.73" coul="1" lang="fr" source="google">violet</contenuImg>
            <contenuImg CS="0.65" coul="1" lang="fr" source="google">rose</contenuImg>
            <contenuImg CS="0.53" coul="1" lang="fr" source="google">argent</contenuImg>
            <contenuImg CS="0.22" coul="1" lang="fr" source="google">bois moyen</contenuImg>
            <contenuImg b="163" coul="1" g="154" r="163" source="colorific" type="bkg">#a39aa3</contenuImg>
            <contenuImg b="98" coul="1" g="163" ordre="3" r="183" source="colorific" type="frg">#b7a362</contenuImg>
            <contenuImg b="139" coul="1" g="163" ordre="2" r="181" source="colorific" type="frg">#b5a38b</contenuImg>
            <contenuImg b="69" coul="1" g="61" ordre="1" r="85" source="colorific" type="frg">#553d45</contenuImg>
            <contenuImg CS="1.0" lang="en" source="md">decorative patterns - 1800-1869</contenuImg>
            <contenuImg CS="1.0" lang="en" source="md">flowerets (ornament)</contenuImg>
            <contenuImg CS="1.0" lang="en" source="md">rosettes (ornament)</contenuImg>
            <contenuImg CS="1.0" lang="en" source="md">rhombuses (ornament)</contenuImg>
            <contenuImg CS="1.0" lang="en" source="md">curly</contenuImg>
            <contenuImg CS="0.22" coul="1" lang="en" source="google">mediumwood</contenuImg>
            <contenuImg CS="0.53" coul="1" lang="en" source="google">silver</contenuImg>
            <contenuImg CS="0.65" coul="1" lang="en" source="google">pink</contenuImg>
            <contenuImg CS="0.73" coul="1" lang="en" source="google">violet</contenuImg>
            <contenuImg CS="1.07" coul="1" lang="en" source="google">pink</contenuImg>
            <contenuImg CS="1.54" coul="1" lang="en" source="google">lightwood</contenuImg>
            <contenuImg CS="0.50" h="3320" lang="en" source="google" w="2493" x="2779.4" y="348.8">Pattern</contenuImg>
            <contenuImg CS="0.76" h="3320" lang="en" source="google" w="2493" x="2779.4" y="348.8">Textile</contenuImg>
            <contenuImg CS="0.79" h="3320" lang="en" source="google" w="2493" x="2779.4" y="348.8">Line</contenuImg>
            <contenuImg CS="0.84" h="3320" lang="en" source="google" w="2493" x="2779.4" y="348.8">Pattern</contenuImg>
            <tech source="final">estampe/gravure</tech>
            <fonction source="md">papier-peint</fonction>
            <fonction source="final">papier-peint</fonction>
            <tech CS="1" source="hm">estampe/gravure</tech>
            <theme CS="1" source="md">0</theme>
            <contenuImg CS="1.0" lang="fr" source="md">Frises</contenuImg>
            <contenuImg CS="1.0" lang="fr" source="md">Losanges (ornement)</contenuImg>
            <contenuImg CS="1.0" lang="fr" source="md">Rosettes (ornement)</contenuImg>
            <contenuImg CS="1.0" lang="fr" source="md">Fleurons (ornement)</contenuImg>
            <contenuImg CS="1.0" lang="fr" source="md">Motifs décoratifs -- 1800-1869</contenuImg>
            <titraille>Manufacture Jacquemart et Bénard. Bordure. Trois bandes de frise de losanges à rosettes et fleurons : papier peint</titraille>
          </ill>
        </ills>
      </page>
    </pages>
  </contenus>
</analyseAlto>