<analyseAlto>
  <metad>
    <type>I</type>
    <ID>btv1b6900381b</ID>
    <titre>Papier à motif répétitif : papier peint</titre>
    <dateEdition>1799</dateEdition>
    <auteur>inconnu</auteur>
    <lang>fre</lang>
    <source>Bibliothèque nationale de France</source>
    <sujet>Textiles et tissus -- Rayures (ornements) -- Ornements géométriques -- Bazin (tissu) -- Losanges (ornement) -- Chevrons -- Motifs décoratifs</sujet>
    <descr>Appartient à l’ensemble documentaire : PaPeint18 -- Papier peint</descr>
    <format>inconnu</format>
    <couverture>inconnu</couverture>
    <largeurPx>6816</largeurPx>
    <hauteurPx>5320</hauteurPx>
    <ocr>false</ocr>
    <toc>false</toc>
    <nbPage>1</nbPage>
  </metad>
  <contenus ocr="false" toc="false">
    <largeur>288</largeur>
    <hauteur>225</hauteur>
    <largeurPx>6816</largeurPx>
    <hauteurPx>5320</hauteurPx>
    <pages>
      <page ordre="1">
        <blocIll ocr="1">1</blocIll>
        <ills>
          <ill classif="CCgoogle" couleur="coul" h="5320" hash="8080d0711979ff7f" n="1-1" taille="16" w="6816" x="1" y="1">
            <contenuImg CS="0.72" h="2413" lang="fr" source="google" w="4270" x="681.6" y="532">textile</contenuImg>
            <tech source="final">estampe/gravure</tech>
            <fonction source="md">papier-peint</fonction>
            <fonction source="final">papier-peint</fonction>
            <tech CS="1" source="md">estampe/gravure</tech>
            <contenuImg CS="0.53" lang="fr" source="google">lin (plante)</contenuImg>
            <contenuImg CS="0.80" h="2413" lang="fr" source="google" w="4270" x="681.6" y="532">modèle motif</contenuImg>
            <contenuImg CS="4.23" coul="1" lang="fr" source="google">gris pâle</contenuImg>
            <contenuImg CS="0.81" h="2413" lang="fr" source="google" w="4270" x="681.6" y="532">fond d'écran</contenuImg>
            <contenuImg CS="0.80" h="2413" lang="fr" source="google" w="4270" x="681.6" y="532">modèle</contenuImg>
            <contenuImg CS="0.60" coul="1" h="2413" lang="fr" source="google" w="4270" x="681.6" y="532">beige</contenuImg>
            <contenuImg CS="4.23" coul="1" lang="fr" source="google">gris très clair</contenuImg>
            <contenuImg CS="0.77" coul="1" lang="fr" source="google">vert pâle</contenuImg>
            <contenuImg b="170" coul="1" g="180" r="172" source="colorific" type="bkg">#acb4aa</contenuImg>
            <contenuImg b="255" coul="1" g="255" ordre="1" r="255" source="colorific" type="frg">#ffffff</contenuImg>
            <contenuImg CS="1.0" lang="en" source="md">decorative patterns</contenuImg>
            <contenuImg CS="1.0" lang="en" source="md">rafters</contenuImg>
            <contenuImg CS="1.0" lang="en" source="md">rhombuses (ornament)</contenuImg>
            <contenuImg CS="1.0" lang="en" source="md">bazin (fabric)</contenuImg>
            <contenuImg CS="1.0" lang="en" source="md">geometric ornaments</contenuImg>
            <contenuImg CS="1.0" lang="en" source="md">stripes (ornaments)</contenuImg>
            <contenuImg CS="1.0" lang="en" source="md">textiles and fabrics</contenuImg>
            <contenuImg CS="0.77" coul="1" lang="en" source="google">palegreen</contenuImg>
            <contenuImg CS="4.23" coul="1" lang="en" source="google">verylightgrey</contenuImg>
            <contenuImg CS="0.53" lang="en" source="google">Linen</contenuImg>
            <contenuImg CS="0.60" coul="1" h="2413" lang="en" source="google" w="4270" x="681.6" y="532">Beige</contenuImg>
            <contenuImg CS="0.72" h="2413" lang="en" source="google" w="4270" x="681.6" y="532">Textile</contenuImg>
            <contenuImg CS="0.80" h="2413" lang="en" source="google" w="4270" x="681.6" y="532">Pattern</contenuImg>
            <contenuImg CS="0.81" h="2413" lang="en" source="google" w="4270" x="681.6" y="532">Wallpaper</contenuImg>
            <theme CS="1" source="md">0</theme>
            <contenuImg CS="1.0" lang="fr" source="md">Textiles et tissus</contenuImg>
            <contenuImg CS="1.0" lang="fr" source="md">Rayures (ornements)</contenuImg>
            <contenuImg CS="1.0" lang="fr" source="md">Ornements géométriques</contenuImg>
            <contenuImg CS="1.0" lang="fr" source="md">Bazin (tissu)</contenuImg>
            <contenuImg CS="1.0" lang="fr" source="md">Losanges (ornement)</contenuImg>
            <contenuImg CS="1.0" lang="fr" source="md">Chevrons</contenuImg>
            <contenuImg CS="1.0" lang="fr" source="md">Motifs décoratifs</contenuImg>
            <titraille>Papier à motif répétitif : papier peint</titraille>
          </ill>
        </ills>
      </page>
    </pages>
  </contenus>
</analyseAlto>