<analyseAlto>
  <metad>
    <type>I</type>
    <ID>btv1b6900991s</ID>
    <titre>Manufacture Hubert et Dinan. Papier à motif répétitif. Motif répétitif à deux chemins, en quinconce, alternant des compartiments, ornés soit d_une chèvre, d'une figure en terme tenant un thyrse, de deux chimères, et des losanges ornés d'un escargot : papier peint</titre>
    <dateEdition>1799</dateEdition>
    <auteur>inconnu</auteur>
    <lang>fre</lang>
    <source>Bibliothèque nationale de France, département Estampes et photographie, EST LI-15</source>
    <sujet>Termes (sculpture) -- Escargots -- Chèvres -- Animaux -- Rayures (ornements) -- Figures à l_antique -- Camaïeu, Peinture en -- Chimère (mythologie grecque) -- Thyrses -- Feuilles stylisées (ornement) -- Motifs décoratifs -- 1789-1799</sujet>
    <descr>Appartient à l’ensemble documentaire : PaPeint18 -- Papier peint</descr>
    <format>inconnu</format>
    <couverture>inconnu</couverture>
    <largeurPx>6560</largeurPx>
    <hauteurPx>5984</hauteurPx>
    <ocr>false</ocr>
    <toc>false</toc>
    <caption>false</caption>
    <nbPage>1</nbPage>
  </metad>
  <contenus ocr="false" toc="false">
    <largeur>277</largeur>
    <hauteur>253</hauteur>
    <largeurPx>6560</largeurPx>
    <hauteurPx>5984</hauteurPx>
    <pages>
      <page ordre="1">
        <blocIll ocr="1">1</blocIll>
        <ills>
          <ill classif="CCgoogle" couleur="coul" h="5984" hash="ffa3eb8c99a38088" n="1-1" taille="18" w="6560" x="1" y="1">
            <contenuImg CS="0.80" h="3895" lang="fr" source="google" w="2180" x="1297" y="598.4">conception</contenuImg>
            <contenuImg CS="0.68" lang="fr" source="google">textile</contenuImg>
            <contenuImg CS="0.70" lang="fr" source="google">modèle motif</contenuImg>
            <contenuImg CS="0.82" coul="1" h="3895" lang="fr" source="google" w="2180" x="1297" y="598.4">marron</contenuImg>
            <contenuImg CS="0.80" h="3895" lang="fr" source="google" w="2180" x="1297" y="598.4">design</contenuImg>
            <contenuImg CS="0.75" h="3895" lang="fr" source="google" w="2180" x="1297" y="598.4">ligne</contenuImg>
            <contenuImg CS="0.70" lang="fr" source="google">modèle</contenuImg>
            <contenuImg CS="0.67" lang="fr" source="google">arts visuels</contenuImg>
            <contenuImg CS="0.67" coul="1" lang="fr" source="google">beige</contenuImg>
            <contenuImg CS="0.63" lang="fr" source="google">symétrie</contenuImg>
            <contenuImg CS="0.59" lang="fr" source="google">fond d'écran</contenuImg>
            <contenuImg CS="0.72" coul="1" lang="fr" source="google">beige pâle</contenuImg>
            <contenuImg CS="0.46" coul="1" lang="fr" source="google">rose</contenuImg>
            <contenuImg CS="0.35" coul="1" lang="fr" source="google">saumon</contenuImg>
            <contenuImg CS="0.09" coul="1" lang="fr" source="google">bronze</contenuImg>
            <contenuImg CS="0.07" coul="1" lang="fr" source="google">vert cuivre</contenuImg>
            <contenuImg b="99" coul="1" g="117" r="145" source="colorific" type="bkg">#917563</contenuImg>
            <contenuImg b="17" coul="1" g="31" ordre="4" r="42" source="colorific" type="frg">#2a1f11</contenuImg>
            <contenuImg b="55" coul="1" g="70" ordre="3" r="63" source="colorific" type="frg">#3f4637</contenuImg>
            <contenuImg b="118" coul="1" g="118" ordre="2" r="145" source="colorific" type="frg">#917676</contenuImg>
            <contenuImg b="121" coul="1" g="168" ordre="1" r="201" source="colorific" type="frg">#c9a879</contenuImg>
            <contenuImg CS="1.0" lang="en" source="md">decorative patterns - 1789-1799</contenuImg>
            <contenuImg CS="1.0" lang="en" source="md">stylized leaves (ornament)</contenuImg>
            <contenuImg CS="1.0" lang="en" source="md">Thyrsuses</contenuImg>
            <contenuImg CS="1.0" lang="en" source="md">Chimera (Greek mythology)</contenuImg>
            <contenuImg CS="1.0" lang="en" source="md">camaïeu painting</contenuImg>
            <contenuImg CS="1.0" lang="en" source="md">figures in the antique</contenuImg>
            <contenuImg CS="1.0" lang="en" source="md">stripes (ornaments)</contenuImg>
            <contenuImg CS="1.0" lang="en" source="md">animals</contenuImg>
            <contenuImg CS="1.0" lang="en" source="md">goats</contenuImg>
            <contenuImg CS="1.0" lang="en" source="md">snails</contenuImg>
            <contenuImg CS="1.0" lang="en" source="md">terms (sculpture)</contenuImg>
            <contenuImg CS="0.07" coul="1" lang="en" source="google">greencopper</contenuImg>
            <contenuImg CS="0.09" coul="1" lang="en" source="google">bronze</contenuImg>
            <contenuImg CS="0.35" coul="1" lang="en" source="google">salmon</contenuImg>
            <contenuImg CS="0.46" coul="1" lang="en" source="google">pink</contenuImg>
            <contenuImg CS="0.72" coul="1" lang="en" source="google">newtan</contenuImg>
            <contenuImg CS="1.33" coul="1" lang="en" source="google">bronze</contenuImg>
            <contenuImg CS="1.55" coul="1" lang="en" source="google">pink</contenuImg>
            <contenuImg CS="0.59" lang="en" source="google">Wallpaper</contenuImg>
            <contenuImg CS="0.63" lang="en" source="google">Symmetry</contenuImg>
            <contenuImg CS="0.67" coul="1" lang="en" source="google">Beige</contenuImg>
            <contenuImg CS="0.67" lang="en" source="google">Visual arts</contenuImg>
            <contenuImg CS="0.68" lang="en" source="google">Textile</contenuImg>
            <contenuImg CS="0.70" lang="en" source="google">Pattern</contenuImg>
            <contenuImg CS="0.75" h="3895" lang="en" source="google" w="2180" x="1297" y="598.4">Line</contenuImg>
            <contenuImg CS="0.80" h="3895" lang="en" source="google" w="2180" x="1297" y="598.4">Design</contenuImg>
            <contenuImg CS="0.82" coul="1" h="3895" lang="en" source="google" w="2180" x="1297" y="598.4">Brown</contenuImg>
            <contenuImg CS="0.96" h="3895" lang="en" source="google" w="2180" x="1297" y="598.4">Pattern</contenuImg>
            <tech source="final">estampe/gravure</tech>
            <fonction source="md">papier-peint</fonction>
            <fonction source="final">papier-peint</fonction>
            <tech CS="1" source="hm">estampe/gravure</tech>
            <theme CS="1" source="md">0</theme>
            <contenuImg CS="1.0" lang="fr" source="md">Termes (sculpture)</contenuImg>
            <contenuImg CS="1.0" lang="fr" source="md">Escargots</contenuImg>
            <contenuImg CS="1.0" lang="fr" source="md">Chèvres</contenuImg>
            <contenuImg CS="1.0" lang="fr" source="md">Animaux</contenuImg>
            <contenuImg CS="1.0" lang="fr" source="md">Rayures (ornements)</contenuImg>
            <contenuImg CS="1.0" lang="fr" source="md">Figures à l'antique</contenuImg>
            <contenuImg CS="1.0" lang="fr" source="md">Peinture en camaïeu</contenuImg>
            <contenuImg CS="1.0" lang="fr" source="md">Chimère (mythologie grecque)</contenuImg>
            <contenuImg CS="1.0" lang="fr" source="md">Thyrses</contenuImg>
            <contenuImg CS="1.0" lang="fr" source="md">Feuilles stylisées (ornement)</contenuImg>
            <contenuImg CS="1.0" lang="fr" source="md">Motifs décoratifs -- 1789-1799</contenuImg>
            <titraille>Manufacture Hubert et Dinan. Papier à motif répétitif. Motif répétitif à deux chemins, en quinconce, alternant des compartiments, ornés soit d_une chèvre, d'une figure en terme tenant un thyrse, de deux chimères, et des losanges ornés d'un escargot : papier peint</titraille>
          </ill>
        </ills>
      </page>
    </pages>
  </contenus>
</analyseAlto>