<analyseAlto>
  <metad>
    <type>I</type>
    <ID>btv1b69001948</ID>
    <titre>Manufacture Chapuy. Papier à motif répétitif. Motif répétitif alternant une scène animalière (avec un cerf) et une rosace de fantaisie, en camaïeu : papier peint</titre>
    <dateEdition>1799</dateEdition>
    <auteur>inconnu</auteur>
    <lang>fre</lang>
    <source>Bibliothèque nationale de France, département Estampes et photographie, EST LI-15</source>
    <sujet>Cerfs -- Animaux -- Loup -- Rosaces de fantaisie -- Camaïeu, Peinture en -- Motifs décoratifs -- 1789-1799</sujet>
    <descr>Appartient à l’ensemble documentaire : PaPeint18 -- Papier peint</descr>
    <format>inconnu</format>
    <couverture>inconnu</couverture>
    <largeurPx>3144</largeurPx>
    <hauteurPx>6576</hauteurPx>
    <ocr>false</ocr>
    <toc>false</toc>
    <caption>false</caption>
    <nbPage>1</nbPage>
  </metad>
  <contenus ocr="false" toc="false">
    <largeur>133</largeur>
    <hauteur>278</hauteur>
    <largeurPx>3144</largeurPx>
    <hauteurPx>6576</hauteurPx>
    <pages>
      <page ordre="1">
        <blocIll ocr="1">1</blocIll>
        <ills>
          <ill classif="CCgoogle" couleur="coul" h="6576" hash="e84201c1ffe3e399" n="1-1" taille="9" w="3144" x="1" y="1">
            <contenuImg CS="0.82" h="2498" lang="fr" source="google" w="3320" x="314.4" y="4471.6">botanique</contenuImg>
            <contenuImg CS="0.66" h="2498" lang="fr" source="google" w="3320" x="314.4" y="4471.6">modèle motif</contenuImg>
            <contenuImg CS="0.94" coul="1" h="2498" lang="fr" source="google" w="3320" x="314.4" y="4471.6">vert</contenuImg>
            <contenuImg CS="0.81" h="2498" lang="fr" source="google" w="3320" x="314.4" y="4471.6">illustration</contenuImg>
            <contenuImg CS="0.66" h="2498" lang="fr" source="google" w="3320" x="314.4" y="4471.6">modèle</contenuImg>
            <contenuImg CS="0.62" lang="fr" source="google">plante</contenuImg>
            <contenuImg CS="0.56" lang="fr" source="google">estampe/gravure</contenuImg>
            <contenuImg CS="0.87" coul="1" lang="fr" source="google">vert cuivre</contenuImg>
            <contenuImg CS="0.70" coul="1" lang="fr" source="google">vert foncé</contenuImg>
            <contenuImg CS="0.58" coul="1" lang="fr" source="google">gris</contenuImg>
            <contenuImg CS="0.57" coul="1" lang="fr" source="google">saumon</contenuImg>
            <contenuImg CS="0.35" coul="1" lang="fr" source="google">noir</contenuImg>
            <contenuImg b="124" coul="1" g="120" r="143" source="colorific" type="bkg">#8f787c</contenuImg>
            <contenuImg b="34" coul="1" g="39" ordre="5" r="40" source="colorific" type="frg">#282722</contenuImg>
            <contenuImg b="0" coul="1" g="0" ordre="4" r="0" source="colorific" type="frg">#000000</contenuImg>
            <contenuImg b="255" coul="1" g="255" ordre="3" r="255" source="colorific" type="frg">#ffffff</contenuImg>
            <contenuImg b="79" coul="1" g="82" ordre="2" r="62" source="colorific" type="frg">#3e524f</contenuImg>
            <contenuImg b="171" coul="1" g="177" ordre="1" r="198" source="colorific" type="frg">#c6b1ab</contenuImg>
            <contenuImg CS="1.0" lang="en" source="md">decorative patterns - 1789-1799</contenuImg>
            <contenuImg CS="1.0" lang="en" source="md">camaïeu painting</contenuImg>
            <contenuImg CS="1.0" lang="en" source="md">fancy rosettes</contenuImg>
            <contenuImg CS="1.0" lang="en" source="md">wolf</contenuImg>
            <contenuImg CS="1.0" lang="en" source="md">animals</contenuImg>
            <contenuImg CS="1.0" lang="en" source="md">deer</contenuImg>
            <contenuImg CS="0.35" coul="1" lang="en" source="google">black</contenuImg>
            <contenuImg CS="0.57" coul="1" lang="en" source="google">salmon</contenuImg>
            <contenuImg CS="0.58" coul="1" lang="en" source="google">gray</contenuImg>
            <contenuImg CS="0.70" coul="1" lang="en" source="google">darkgreen</contenuImg>
            <contenuImg CS="0.38" coul="1" lang="en" source="google">darkgreen</contenuImg>
            <contenuImg CS="0.87" coul="1" lang="en" source="google">greencopper</contenuImg>
            <contenuImg CS="0.56" lang="en" source="google">Printmaking</contenuImg>
            <contenuImg CS="0.62" lang="en" source="google">Plant</contenuImg>
            <contenuImg CS="0.66" h="2498" lang="en" source="google" w="3320" x="314.4" y="4471.6">Pattern</contenuImg>
            <contenuImg CS="0.81" h="2498" lang="en" source="google" w="3320" x="314.4" y="4471.6">Illustration</contenuImg>
            <contenuImg CS="0.82" h="2498" lang="en" source="google" w="3320" x="314.4" y="4471.6">Botany</contenuImg>
            <contenuImg CS="0.94" coul="1" h="2498" lang="en" source="google" w="3320" x="314.4" y="4471.6">Green</contenuImg>
            <tech source="final">estampe/gravure</tech>
            <fonction source="md">papier-peint</fonction>
            <fonction source="final">papier-peint</fonction>
            <tech CS="1" source="hm">estampe/gravure</tech>
            <theme CS="1" source="md">0</theme>
            <contenuImg CS="1.0" lang="fr" source="md">Cerfs</contenuImg>
            <contenuImg CS="1.0" lang="fr" source="md">Animaux</contenuImg>
            <contenuImg CS="1.0" lang="fr" source="md">Loup</contenuImg>
            <contenuImg CS="1.0" lang="fr" source="md">Rosaces de fantaisie</contenuImg>
            <contenuImg CS="1.0" lang="fr" source="md">Peinture en camaïeu</contenuImg>
            <contenuImg CS="1.0" lang="fr" source="md">Motifs décoratifs -- 1789-1799</contenuImg>
            <titraille>Manufacture Chapuy. Papier à motif répétitif. Motif répétitif alternant une scène animalière (avec un cerf) et une rosace de fantaisie, en camaïeu : papier peint</titraille>
          </ill>
        </ills>
      </page>
    </pages>
  </contenus>
</analyseAlto>