<analyseAlto>
  <metad>
    <type>I</type>
    <ID>btv1b6900548d</ID>
    <titre>Manufacture Jacquemart et Bénard. Bordure. Une bande de frise de rosettes et ligne végétale stylisée à baies : papier peint</titre>
    <dateEdition>1800</dateEdition>
    <auteur>inconnu</auteur>
    <lang>fre</lang>
    <source>Bibliothèque nationale de France</source>
    <sujet>Frises -- Rosettes (ornement) -- Végétaux stylisés -- Motifs décoratifs -- 1800-1869</sujet>
    <descr>Appartient à l’ensemble documentaire : PaPeint18 -- Papier peint</descr>
    <format>inconnu</format>
    <couverture>inconnu</couverture>
    <largeurPx>3240</largeurPx>
    <hauteurPx>4624</hauteurPx>
    <ocr>false</ocr>
    <toc>false</toc>
    <nbPage>1</nbPage>
  </metad>
  <contenus ocr="false" toc="false">
    <largeur>137</largeur>
    <hauteur>195</hauteur>
    <largeurPx>3240</largeurPx>
    <hauteurPx>4624</hauteurPx>
    <pages>
      <page ordre="1">
        <blocIll ocr="1">1</blocIll>
        <ills>
          <ill classif="CCgoogle" couleur="coul" h="4624" hash="67eee62726262626" n="1-1" taille="6" w="3240" x="1" y="1">
            <contenuImg CS="0.55" lang="fr" source="google">plante vasculaire</contenuImg>
            <contenuImg CS="0.68" h="4745" lang="fr" source="google" w="2664" x="651" y="462.4">modèle motif</contenuImg>
            <contenuImg CS="3.00" coul="1" lang="fr" source="google">turquoise foncé</contenuImg>
            <contenuImg CS="0.76" h="4745" lang="fr" source="google" w="2664" x="651" y="462.4">feuille</contenuImg>
            <contenuImg CS="0.74" h="4745" lang="fr" source="google" w="2664" x="651" y="462.4">plante</contenuImg>
            <contenuImg CS="0.68" h="4745" lang="fr" source="google" w="2664" x="651" y="462.4">modèle</contenuImg>
            <contenuImg CS="0.58" h="4745" lang="fr" source="google" w="2664" x="651" y="462.4">tige (plante)</contenuImg>
            <contenuImg CS="0.50" lang="fr" source="google">rectangle</contenuImg>
            <contenuImg CS="0.39" coul="1" lang="fr" source="google">noir</contenuImg>
            <contenuImg CS="0.08" coul="1" lang="fr" source="google">turquoise moyen</contenuImg>
            <contenuImg CS="0.25" coul="1" lang="fr" source="google">bleu nuit</contenuImg>
            <contenuImg CS="0.22" coul="1" lang="fr" source="google">gris ardoise foncé</contenuImg>
            <contenuImg b="204" coul="1" g="177" r="133" source="colorific" type="bkg">#85b1cc</contenuImg>
            <contenuImg b="101" coul="1" g="93" ordre="3" r="64" source="colorific" type="frg">#405d65</contenuImg>
            <contenuImg b="42" coul="1" g="42" ordre="2" r="18" source="colorific" type="frg">#122a2a</contenuImg>
            <contenuImg b="0" coul="1" g="0" ordre="1" r="0" source="colorific" type="frg">#000000</contenuImg>
            <contenuImg CS="1.0" lang="en" source="md">decorative patterns - 1800-1869</contenuImg>
            <contenuImg CS="1.0" lang="en" source="md">stylized plants</contenuImg>
            <contenuImg CS="1.0" lang="en" source="md">rosettes (ornament)</contenuImg>
            <contenuImg CS="1.0" lang="en" source="md">curly</contenuImg>
            <contenuImg CS="0.22" coul="1" lang="en" source="google">darkslategrey</contenuImg>
            <contenuImg CS="0.25" coul="1" lang="en" source="google">midnightblue</contenuImg>
            <contenuImg CS="0.47" coul="1" lang="en" source="google">darkslategrey</contenuImg>
            <contenuImg CS="0.08" coul="1" lang="en" source="google">mediumturquoise</contenuImg>
            <contenuImg CS="0.39" coul="1" lang="en" source="google">black</contenuImg>
            <contenuImg CS="3.00" coul="1" lang="en" source="google">darkturquoise</contenuImg>
            <contenuImg CS="0.50" lang="en" source="google">Rectangle</contenuImg>
            <contenuImg CS="0.55" lang="en" source="google">Vascular plant</contenuImg>
            <contenuImg CS="0.58" h="4745" lang="en" source="google" w="2664" x="651" y="462.4">Plant stem</contenuImg>
            <contenuImg CS="0.68" h="4745" lang="en" source="google" w="2664" x="651" y="462.4">Pattern</contenuImg>
            <contenuImg CS="0.74" h="4745" lang="en" source="google" w="2664" x="651" y="462.4">Plant</contenuImg>
            <contenuImg CS="0.76" h="4745" lang="en" source="google" w="2664" x="651" y="462.4">Leaf</contenuImg>
            <tech source="final">estampe/gravure</tech>
            <fonction source="md">papier-peint</fonction>
            <fonction source="final">papier-peint</fonction>
            <tech CS="1" source="hm">estampe/gravure</tech>
            <theme CS="1" source="md">0</theme>
            <contenuImg CS="1.0" lang="fr" source="md">Frises</contenuImg>
            <contenuImg CS="1.0" lang="fr" source="md">Rosettes (ornement)</contenuImg>
            <contenuImg CS="1.0" lang="fr" source="md">Végétaux stylisés</contenuImg>
            <contenuImg CS="1.0" lang="fr" source="md">Motifs décoratifs -- 1800-1869</contenuImg>
            <titraille>Manufacture Jacquemart et Bénard. Bordure. Une bande de frise de rosettes et ligne végétale stylisée à baies : papier peint</titraille>
          </ill>
        </ills>
      </page>
    </pages>
  </contenus>
</analyseAlto>