<analyseAlto>
  <metad>
    <type>I</type>
    <ID>btv1b6900497j</ID>
    <titre>Papier à motif répétitif : papier peint</titre>
    <dateEdition>1799</dateEdition>
    <auteur>inconnu</auteur>
    <lang>fre</lang>
    <source>Bibliothèque nationale de France</source>
    <sujet>Oiseaux -- Constructions -- Tours (constructions) -- Portails (architecture) -- Moulins à vent -- Végétaux de fantaisie -- Camaïeu, Peinture en -- Motifs décoratifs</sujet>
    <descr>Appartient à l’ensemble documentaire : PaPeint18 -- Papier peint</descr>
    <format>inconnu</format>
    <couverture>inconnu</couverture>
    <largeurPx>6808</largeurPx>
    <hauteurPx>6872</hauteurPx>
    <ocr>false</ocr>
    <toc>false</toc>
    <nbPage>1</nbPage>
  </metad>
  <contenus ocr="false" toc="false">
    <largeur>288</largeur>
    <hauteur>290</hauteur>
    <largeurPx>6808</largeurPx>
    <hauteurPx>6872</hauteurPx>
    <pages>
      <page ordre="1">
        <blocIll ocr="1">1</blocIll>
        <ills>
          <ill classif="CCgoogle" couleur="coul" h="6872" hash="ee22859991fe6499" n="1-1" taille="21" w="6808" x="1" y="1">
            <contenuImg CS="0.78" lang="fr" source="google">textile</contenuImg>
            <contenuImg CS="0.75" lang="fr" source="google">conception</contenuImg>
            <contenuImg CS="0.63" lang="fr" source="google">modèle motif</contenuImg>
            <contenuImg CS="0.85" coul="1" h="4270" lang="fr" source="google" w="2394" x="1525.8" y="687.2">turquoise</contenuImg>
            <contenuImg CS="0.84" coul="1" h="4270" lang="fr" source="google" w="2394" x="1525.8" y="687.2">bleu canard</contenuImg>
            <contenuImg CS="0.82" coul="1" h="4270" lang="fr" source="google" w="2394" x="1525.8" y="687.2">orange</contenuImg>
            <contenuImg CS="0.75" lang="fr" source="google">design</contenuImg>
            <contenuImg CS="0.71" lang="fr" source="google">arts visuels</contenuImg>
            <contenuImg CS="0.69" lang="fr" source="google">arbre</contenuImg>
            <contenuImg CS="0.63" lang="fr" source="google">modèle</contenuImg>
            <contenuImg CS="0.62" lang="fr" source="google">branche</contenuImg>
            <contenuImg CS="0.38" coul="1" lang="fr" source="google">gris ardoise foncé</contenuImg>
            <contenuImg CS="0.13" coul="1" lang="fr" source="google">brique réfractaire</contenuImg>
            <contenuImg CS="0.54" coul="1" lang="fr" source="google">vieux rose</contenuImg>
            <contenuImg CS="0.00" coul="1" lang="fr" source="google">gris</contenuImg>
            <contenuImg CS="0.32" coul="1" lang="fr" source="google">gris foncé</contenuImg>
            <contenuImg CS="0.31" coul="1" lang="fr" source="google">argent</contenuImg>
            <contenuImg CS="0.30" coul="1" lang="fr" source="google">vert foncé</contenuImg>
            <contenuImg b="76" coul="1" g="99" r="95" source="colorific" type="bkg">#5f634c</contenuImg>
            <contenuImg b="157" coul="1" g="175" ordre="5" r="174" source="colorific" type="frg">#aeaf9d</contenuImg>
            <contenuImg b="36" coul="1" g="58" ordre="4" r="102" source="colorific" type="frg">#663a24</contenuImg>
            <contenuImg b="38" coul="1" g="50" ordre="3" r="19" source="colorific" type="frg">#133226</contenuImg>
            <contenuImg b="255" coul="1" g="255" ordre="2" r="255" source="colorific" type="frg">#ffffff</contenuImg>
            <contenuImg b="128" coul="1" g="118" ordre="1" r="101" source="colorific" type="frg">#657680</contenuImg>
            <contenuImg CS="1.0" lang="en" source="md">decorative patterns</contenuImg>
            <contenuImg CS="1.0" lang="en" source="md">camaïeu painting</contenuImg>
            <contenuImg CS="1.0" lang="en" source="md">fancy plants</contenuImg>
            <contenuImg CS="1.0" lang="en" source="md">wind mill</contenuImg>
            <contenuImg CS="1.0" lang="en" source="md">portals (architecture)</contenuImg>
            <contenuImg CS="1.0" lang="en" source="md">towers (constructions)</contenuImg>
            <contenuImg CS="1.0" lang="en" source="md">constructions</contenuImg>
            <contenuImg CS="1.0" lang="en" source="md">birds</contenuImg>
            <contenuImg CS="0.30" coul="1" lang="en" source="google">darkgreen</contenuImg>
            <contenuImg CS="0.31" coul="1" lang="en" source="google">silver</contenuImg>
            <contenuImg CS="0.32" coul="1" lang="en" source="google">darkgray</contenuImg>
            <contenuImg CS="0.00" coul="1" lang="en" source="google">grey</contenuImg>
            <contenuImg CS="0.54" coul="1" lang="en" source="google">dustyrose</contenuImg>
            <contenuImg CS="0.13" coul="1" lang="en" source="google">firebrick</contenuImg>
            <contenuImg CS="0.38" coul="1" lang="en" source="google">darkslategrey</contenuImg>
            <contenuImg CS="1.44" coul="1" lang="en" source="google">grey</contenuImg>
            <contenuImg CS="0.62" lang="en" source="google">Branch</contenuImg>
            <contenuImg CS="0.63" lang="en" source="google">Pattern</contenuImg>
            <contenuImg CS="0.69" lang="en" source="google">Tree</contenuImg>
            <contenuImg CS="0.71" lang="en" source="google">Visual arts</contenuImg>
            <contenuImg CS="0.75" lang="en" source="google">Design</contenuImg>
            <contenuImg CS="0.78" lang="en" source="google">Textile</contenuImg>
            <contenuImg CS="0.82" coul="1" h="4270" lang="en" source="google" w="2394" x="1525.8" y="687.2">Orange</contenuImg>
            <contenuImg CS="0.84" coul="1" h="4270" lang="en" source="google" w="2394" x="1525.8" y="687.2">Teal</contenuImg>
            <contenuImg CS="0.85" coul="1" h="4270" lang="en" source="google" w="2394" x="1525.8" y="687.2">Turquoise</contenuImg>
            <contenuImg CS="0.89" h="4270" lang="en" source="google" w="2394" x="1525.8" y="687.2">Pattern</contenuImg>
            <tech source="final">estampe/gravure</tech>
            <fonction source="md">papier-peint</fonction>
            <fonction source="final">papier-peint</fonction>
            <tech CS="1" source="hm">estampe/gravure</tech>
            <theme CS="1" source="md">0</theme>
            <contenuImg CS="1.0" lang="fr" source="md">Oiseaux</contenuImg>
            <contenuImg CS="1.0" lang="fr" source="md">Constructions</contenuImg>
            <contenuImg CS="1.0" lang="fr" source="md">Tours (constructions)</contenuImg>
            <contenuImg CS="1.0" lang="fr" source="md">Portails (architecture)</contenuImg>
            <contenuImg CS="1.0" lang="fr" source="md">Moulins à vent</contenuImg>
            <contenuImg CS="1.0" lang="fr" source="md">Végétaux de fantaisie</contenuImg>
            <contenuImg CS="1.0" lang="fr" source="md">Peinture en camaïeu</contenuImg>
            <contenuImg CS="1.0" lang="fr" source="md">Motifs décoratifs</contenuImg>
            <titraille>Papier à motif répétitif : papier peint</titraille>
          </ill>
        </ills>
      </page>
    </pages>
  </contenus>
</analyseAlto>