<analyseAlto>
  <metad>
    <type>I</type>
    <ID>btv1b6900391q</ID>
    <titre>Manufacture Jacquemart et Bénard. Bordure. Deux bandes de ligne centrale végétale autour de laquelle s_enroule un ruban : papier peint</titre>
    <dateEdition>1799</dateEdition>
    <auteur>inconnu</auteur>
    <lang>fre</lang>
    <source>Bibliothèque nationale de France</source>
    <sujet>Frises -- Rubans (tissus) -- Tulipes -- Pensée (plantes) -- Fleurs stylisées (ornement) -- Grecques (ornement) -- Bleuet -- Végétaux stylisés -- Motifs décoratifs -- 1789-1799</sujet>
    <descr>Appartient à l’ensemble documentaire : PaPeint18 -- Papier peint</descr>
    <format>inconnu</format>
    <couverture>inconnu</couverture>
    <largeurPx>5464</largeurPx>
    <hauteurPx>6640</hauteurPx>
    <ocr>false</ocr>
    <toc>false</toc>
    <nbPage>1</nbPage>
  </metad>
  <contenus ocr="false" toc="false">
    <largeur>231</largeur>
    <hauteur>281</hauteur>
    <largeurPx>5464</largeurPx>
    <hauteurPx>6640</hauteurPx>
    <pages>
      <page ordre="1">
        <blocIll ocr="1">1</blocIll>
        <ills>
          <ill classif="CCgoogle" couleur="coul" h="6640" hash="7839797839393839" n="1-1" taille="16" w="5464" x="1" y="1">
            <contenuImg CS="0.76" h="4270" lang="fr" source="google" w="2394" x="1106.4" y="664">textile</contenuImg>
            <contenuImg CS="0.69" h="4270" lang="fr" source="google" w="2394" x="1106.4" y="664">motif</contenuImg>
            <contenuImg CS="0.74" h="4270" lang="fr" source="google" w="2394" x="1106.4" y="664">modèle motif</contenuImg>
            <contenuImg CS="0.15" coul="1" lang="fr" source="google">turquoise foncé</contenuImg>
            <contenuImg CS="0.74" h="4270" lang="fr" source="google" w="2394" x="1106.4" y="664">modèle</contenuImg>
            <contenuImg CS="0.71" h="4270" lang="fr" source="google" w="2394" x="1106.4" y="664">arts visuels</contenuImg>
            <contenuImg CS="0.63" lang="fr" source="google">art</contenuImg>
            <contenuImg CS="1.56" coul="1" lang="fr" source="google">vert pâle</contenuImg>
            <contenuImg CS="0.14" coul="1" lang="fr" source="google">vert foncé</contenuImg>
            <contenuImg CS="0.13" coul="1" lang="fr" source="google">bleu cadet</contenuImg>
            <contenuImg CS="0.13" coul="1" lang="fr" source="google">gris foncé</contenuImg>
            <contenuImg b="185" coul="1" g="166" r="138" source="colorific" type="bkg">#8aa6b9</contenuImg>
            <contenuImg b="0" coul="1" g="0" ordre="6" r="0" source="colorific" type="frg">#000000</contenuImg>
            <contenuImg b="99" coul="1" g="152" ordre="5" r="161" source="colorific" type="frg">#a19863</contenuImg>
            <contenuImg b="57" coul="1" g="80" ordre="4" r="75" source="colorific" type="frg">#4b5039</contenuImg>
            <contenuImg b="103" coul="1" g="121" ordre="3" r="80" source="colorific" type="frg">#507967</contenuImg>
            <contenuImg b="83" coul="1" g="88" ordre="2" r="101" source="colorific" type="frg">#655853</contenuImg>
            <contenuImg b="54" coul="1" g="54" ordre="1" r="16" source="colorific" type="frg">#103636</contenuImg>
            <contenuImg CS="1.0" lang="en" source="md">decorative patterns - 1789-1799</contenuImg>
            <contenuImg CS="1.0" lang="en" source="md">stylized plants</contenuImg>
            <contenuImg CS="1.0" lang="en" source="md">cornflower (flowers)</contenuImg>
            <contenuImg CS="1.0" lang="en" source="md">Greek (ornament)</contenuImg>
            <contenuImg CS="1.0" lang="en" source="md">stylized flowers (ornament)</contenuImg>
            <contenuImg CS="1.0" lang="en" source="md">pansy (flowers)</contenuImg>
            <contenuImg CS="1.0" lang="en" source="md">tulips (flowers)</contenuImg>
            <contenuImg CS="1.0" lang="en" source="md">ribbons (fabrics)</contenuImg>
            <contenuImg CS="1.0" lang="en" source="md">curly</contenuImg>
            <contenuImg CS="0.13" coul="1" lang="en" source="google">dimgrey</contenuImg>
            <contenuImg CS="0.13" coul="1" lang="en" source="google">cadetblue</contenuImg>
            <contenuImg CS="0.14" coul="1" lang="en" source="google">darkgreen</contenuImg>
            <contenuImg CS="0.15" coul="1" lang="en" source="google">darkgreen</contenuImg>
            <contenuImg CS="0.22" coul="1" lang="en" source="google">darkgray</contenuImg>
            <contenuImg CS="1.56" coul="1" lang="en" source="google">palegreen</contenuImg>
            <contenuImg CS="0.15" coul="1" lang="en" source="google">darkturquoise</contenuImg>
            <contenuImg CS="1.74" coul="1" lang="en" source="google">cadetblue</contenuImg>
            <contenuImg CS="0.63" lang="en" source="google">Art</contenuImg>
            <contenuImg CS="0.69" h="4270" lang="en" source="google" w="2394" x="1106.4" y="664">Motif</contenuImg>
            <contenuImg CS="0.71" h="4270" lang="en" source="google" w="2394" x="1106.4" y="664">Visual arts</contenuImg>
            <contenuImg CS="0.74" h="4270" lang="en" source="google" w="2394" x="1106.4" y="664">Pattern</contenuImg>
            <contenuImg CS="0.76" h="4270" lang="en" source="google" w="2394" x="1106.4" y="664">Textile</contenuImg>
            <tech source="final">estampe/gravure</tech>
            <fonction source="md">papier-peint</fonction>
            <fonction source="final">papier-peint</fonction>
            <tech CS="1" source="hm">estampe/gravure</tech>
            <theme CS="1" source="md">0</theme>
            <contenuImg CS="1.0" lang="fr" source="md">Frises</contenuImg>
            <contenuImg CS="1.0" lang="fr" source="md">Rubans (tissus)</contenuImg>
            <contenuImg CS="1.0" lang="fr" source="md">Tulipes</contenuImg>
            <contenuImg CS="1.0" lang="fr" source="md">Pensée (plantes)</contenuImg>
            <contenuImg CS="1.0" lang="fr" source="md">Fleurs stylisées (ornement)</contenuImg>
            <contenuImg CS="1.0" lang="fr" source="md">Grecques (ornement)</contenuImg>
            <contenuImg CS="1.0" coul="1" lang="fr" source="md">Bleuet</contenuImg>
            <contenuImg CS="1.0" lang="fr" source="md">Végétaux stylisés</contenuImg>
            <contenuImg CS="1.0" lang="fr" source="md">Motifs décoratifs -- 1789-1799</contenuImg>
            <titraille>Manufacture Jacquemart et Bénard. Bordure. Deux bandes de ligne centrale végétale autour de laquelle s_enroule un ruban : papier peint</titraille>
          </ill>
        </ills>
      </page>
    </pages>
  </contenus>
</analyseAlto>