<analyseAlto>
  <metad>
    <type>I</type>
    <ID>btv1b6900120z</ID>
    <titre>Manufacture Bon. Bordure. Une bande imitant un tissu bordé de passementerie : papier peint</titre>
    <dateEdition>1799</dateEdition>
    <auteur>inconnu</auteur>
    <lang>fre</lang>
    <source>Bibliothèque nationale de France, département Estampes et photographie, EST LI-20</source>
    <sujet>Frises -- Passementerie -- Textiles et tissus -- Muguet -- Trompe-l_oeil (ornement) -- Fleurs stylisées (ornement) -- Galons (ornement) -- Motifs décoratifs -- 1789-1799</sujet>
    <descr>Appartient à l’ensemble documentaire : PaPeint18 -- Papier peint</descr>
    <format>inconnu</format>
    <couverture>inconnu</couverture>
    <largeurPx>5016</largeurPx>
    <hauteurPx>2000</hauteurPx>
    <ocr>false</ocr>
    <toc>false</toc>
    <caption>false</caption>
    <nbPage>1</nbPage>
  </metad>
  <contenus ocr="false" toc="false">
    <largeur>212</largeur>
    <hauteur>84</hauteur>
    <largeurPx>5016</largeurPx>
    <hauteurPx>2000</hauteurPx>
    <pages>
      <page ordre="1">
        <blocIll ocr="1">1</blocIll>
        <ills>
          <ill classif="CCgoogle" couleur="coul" h="2000" hash="0000ffffffff0000" n="1-1" taille="4" w="5016" x="1" y="1">
            <contenuImg CS="0.75" h="3320" lang="fr" source="google" w="1857" x="6980.6" y="200">conception</contenuImg>
            <contenuImg CS="0.73" lang="fr" source="google">textile</contenuImg>
            <tech source="final">estampe/gravure</tech>
            <fonction source="md">papier-peint</fonction>
            <fonction source="final">papier-peint</fonction>
            <tech CS="1" source="md">estampe/gravure</tech>
            <contenuImg CS="0.89" h="3320" lang="fr" source="google" w="1857" x="6980.6" y="200">modèle motif</contenuImg>
            <contenuImg CS="4.03" coul="1" lang="fr" source="google">bleu acier</contenuImg>
            <contenuImg CS="0.94" coul="1" h="3320" lang="fr" source="google" w="1857" x="6980.6" y="200">bleu</contenuImg>
            <contenuImg CS="0.89" h="3320" lang="fr" source="google" w="1857" x="6980.6" y="200">modèle</contenuImg>
            <contenuImg CS="0.85" coul="1" h="3320" lang="fr" source="google" w="1857" x="6980.6" y="200">turquoise</contenuImg>
            <contenuImg CS="0.75" h="3320" lang="fr" source="google" w="1857" x="6980.6" y="200">design</contenuImg>
            <contenuImg CS="0.62" lang="fr" source="google">dentelle</contenuImg>
            <contenuImg CS="0.61" lang="fr" source="google">métal</contenuImg>
            <contenuImg CS="0.23" coul="1" lang="fr" source="google">vert cuivre foncé</contenuImg>
            <contenuImg CS="0.11" coul="1" lang="fr" source="google">bleuet</contenuImg>
            <contenuImg CS="0.10" coul="1" lang="fr" source="google">bleu nuit</contenuImg>
            <contenuImg CS="0.06" coul="1" lang="fr" source="google">bleu cadet</contenuImg>
            <contenuImg b="155" coul="1" g="128" r="84" source="colorific" type="bkg">#54809b</contenuImg>
            <contenuImg b="99" coul="1" g="118" ordre="6" r="128" source="colorific" type="frg">#807663</contenuImg>
            <contenuImg b="255" coul="1" g="255" ordre="5" r="255" source="colorific" type="frg">#ffffff</contenuImg>
            <contenuImg b="0" coul="1" g="0" ordre="4" r="0" source="colorific" type="frg">#000000</contenuImg>
            <contenuImg b="26" coul="1" g="24" ordre="3" r="38" source="colorific" type="frg">#26181a</contenuImg>
            <contenuImg b="54" coul="1" g="50" ordre="2" r="56" source="colorific" type="frg">#383236</contenuImg>
            <contenuImg b="123" coul="1" g="119" ordre="1" r="122" source="colorific" type="frg">#7a777b</contenuImg>
            <contenuImg CS="1.0" lang="en" source="md">decorative patterns - 1789-1799</contenuImg>
            <contenuImg CS="1.0" lang="en" source="md">galons (ornament)</contenuImg>
            <contenuImg CS="1.0" lang="en" source="md">stylized flowers (ornament)</contenuImg>
            <contenuImg CS="1.0" lang="en" source="md">trompe-l'oeil (ornament)</contenuImg>
            <contenuImg CS="1.0" lang="en" source="md">lily of the valley (flowers)</contenuImg>
            <contenuImg CS="1.0" lang="en" source="md">textiles and fabrics</contenuImg>
            <contenuImg CS="1.0" lang="en" source="md">trimmings</contenuImg>
            <contenuImg CS="1.0" lang="en" source="md">curly</contenuImg>
            <contenuImg CS="0.06" coul="1" lang="en" source="google">cadetblue</contenuImg>
            <contenuImg CS="0.10" coul="1" lang="en" source="google">midnightblue</contenuImg>
            <contenuImg CS="0.11" coul="1" lang="en" source="google">cornflowerblue</contenuImg>
            <contenuImg CS="0.23" coul="1" lang="en" source="google">darkgreencopper</contenuImg>
            <contenuImg CS="0.26" coul="1" lang="en" source="google">cadetblue</contenuImg>
            <contenuImg CS="4.03" coul="1" lang="en" source="google">steelblue</contenuImg>
            <contenuImg CS="0.61" lang="en" source="google">Metal</contenuImg>
            <contenuImg CS="0.62" lang="en" source="google">Lace</contenuImg>
            <contenuImg CS="0.73" lang="en" source="google">Textile</contenuImg>
            <contenuImg CS="0.75" h="3320" lang="en" source="google" w="1857" x="6980.6" y="200">Design</contenuImg>
            <contenuImg CS="0.85" coul="1" h="3320" lang="en" source="google" w="1857" x="6980.6" y="200">Turquoise</contenuImg>
            <contenuImg CS="0.89" h="3320" lang="en" source="google" w="1857" x="6980.6" y="200">Pattern</contenuImg>
            <contenuImg CS="0.94" coul="1" h="3320" lang="en" source="google" w="1857" x="6980.6" y="200">Blue</contenuImg>
            <theme CS="1" source="md">0</theme>
            <contenuImg CS="1.0" lang="fr" source="md">Frises</contenuImg>
            <contenuImg CS="1.0" lang="fr" source="md">Passementerie</contenuImg>
            <contenuImg CS="1.0" lang="fr" source="md">Textiles et tissus</contenuImg>
            <contenuImg CS="1.0" lang="fr" source="md">Muguet</contenuImg>
            <contenuImg CS="1.0" lang="fr" source="md">Trompe-l'oeil (ornement)</contenuImg>
            <contenuImg CS="1.0" lang="fr" source="md">Fleurs stylisées (ornement)</contenuImg>
            <contenuImg CS="1.0" lang="fr" source="md">Galons (ornement)</contenuImg>
            <contenuImg CS="1.0" lang="fr" source="md">Motifs décoratifs -- 1789-1799</contenuImg>
            <titraille>Manufacture Bon. Bordure. Une bande imitant un tissu bordé de passementerie : papier peint</titraille>
          </ill>
        </ills>
      </page>
    </pages>
  </contenus>
</analyseAlto>