<analyseAlto>
  <metad>
    <type>I</type>
    <ID>btv1b6901033j</ID>
    <titre>Bordure : papier peint</titre>
    <dateEdition>1803</dateEdition>
    <auteur>inconnu</auteur>
    <lang>fre</lang>
    <source>Bibliothèque nationale de France</source>
    <sujet>Frises -- Chênes -- Feuilles stylisées (ornement) -- Glands -- Motifs décoratifs</sujet>
    <descr>Appartient à l’ensemble documentaire : PaPeint18 -- Papier peint</descr>
    <format>inconnu</format>
    <couverture>inconnu</couverture>
    <largeurPx>4944</largeurPx>
    <hauteurPx>3608</hauteurPx>
    <ocr>false</ocr>
    <toc>false</toc>
    <nbPage>1</nbPage>
  </metad>
  <contenus ocr="false" toc="false">
    <largeur>209</largeur>
    <hauteur>152</hauteur>
    <largeurPx>4944</largeurPx>
    <hauteurPx>3608</hauteurPx>
    <pages>
      <page ordre="1">
        <blocIll ocr="1">1</blocIll>
        <ills>
          <ill classif="CCgoogle" couleur="coul" h="3608" hash="80e0ff33b3ffe000" n="1-1" taille="8" w="4944" x="1" y="1">
            <contenuImg CS="0.68" h="3116" lang="fr" source="google" w="1743" x="1757.4" y="360.8">modèle motif</contenuImg>
            <contenuImg CS="0.01" coul="1" lang="fr" source="google">vert moyen</contenuImg>
            <contenuImg CS="0.77" h="3116" lang="fr" source="google" w="1743" x="1757.4" y="360.8">organisme</contenuImg>
            <contenuImg CS="0.69" h="3116" lang="fr" source="google" w="1743" x="1757.4" y="360.8">art</contenuImg>
            <contenuImg CS="0.68" h="3116" lang="fr" source="google" w="1743" x="1757.4" y="360.8">modèle</contenuImg>
            <contenuImg CS="0.62" h="3116" lang="fr" source="google" w="1743" x="1757.4" y="360.8">arts visuels</contenuImg>
            <contenuImg CS="0.55" lang="fr" source="google">calligraphie</contenuImg>
            <contenuImg CS="0.55" lang="fr" source="google">illustration</contenuImg>
            <contenuImg CS="1.18" coul="1" lang="fr" source="google">gris clair</contenuImg>
            <contenuImg CS="0.34" coul="1" lang="fr" source="google">vert foncé</contenuImg>
            <contenuImg CS="0.12" coul="1" lang="fr" source="google">noir</contenuImg>
            <contenuImg CS="0.05" coul="1" lang="fr" source="google">orange mandarine</contenuImg>
            <contenuImg CS="0.04" coul="1" lang="fr" source="google">marron</contenuImg>
            <contenuImg CS="0.03" coul="1" lang="fr" source="google">artisanat du cuivre</contenuImg>
            <contenuImg CS="0.03" coul="1" lang="fr" source="google">laiton</contenuImg>
            <contenuImg b="29" coul="1" g="76" ordre="6" r="211" source="colorific" type="frg">#d34c1d</contenuImg>
            <contenuImg b="26" coul="1" g="55" ordre="5" r="105" source="colorific" type="frg">#69371a</contenuImg>
            <contenuImg b="56" coul="1" g="68" ordre="4" r="41" source="colorific" type="frg">#294438</contenuImg>
            <contenuImg b="106" coul="1" g="97" ordre="3" r="137" source="colorific" type="frg">#89616a</contenuImg>
            <contenuImg b="106" coul="1" g="189" ordre="2" r="206" source="colorific" type="frg">#cebd6a</contenuImg>
            <contenuImg b="0" coul="1" g="0" ordre="1" r="0" source="colorific" type="frg">#000000</contenuImg>
            <contenuImg CS="1.0" lang="en" source="md">decorative patterns</contenuImg>
            <contenuImg CS="1.0" lang="en" source="md">acorns</contenuImg>
            <contenuImg CS="1.0" lang="en" source="md">stylized leaves (ornament)</contenuImg>
            <contenuImg CS="1.0" lang="en" source="md">oak trees</contenuImg>
            <contenuImg CS="1.0" lang="en" source="md">curly</contenuImg>
            <contenuImg CS="0.01" coul="1" lang="en" source="google">mediumforestgreen</contenuImg>
            <contenuImg CS="0.03" coul="1" lang="en" source="google">brass</contenuImg>
            <contenuImg CS="0.03" coul="1" lang="en" source="google">coolcopper</contenuImg>
            <contenuImg CS="0.04" coul="1" lang="en" source="google">brown</contenuImg>
            <contenuImg CS="0.05" coul="1" lang="en" source="google">mandarianorange</contenuImg>
            <contenuImg CS="0.12" coul="1" lang="en" source="google">black</contenuImg>
            <contenuImg CS="0.34" coul="1" lang="en" source="google">darkgreen</contenuImg>
            <contenuImg CS="1.18" coul="1" lang="en" source="google">lightgrey</contenuImg>
            <contenuImg CS="0.55" lang="en" source="google">Illustration</contenuImg>
            <contenuImg CS="0.55" lang="en" source="google">Calligraphy</contenuImg>
            <contenuImg CS="0.62" h="3116" lang="en" source="google" w="1743" x="1757.4" y="360.8">Visual arts</contenuImg>
            <contenuImg CS="0.68" h="3116" lang="en" source="google" w="1743" x="1757.4" y="360.8">Pattern</contenuImg>
            <contenuImg CS="0.69" h="3116" lang="en" source="google" w="1743" x="1757.4" y="360.8">Art</contenuImg>
            <contenuImg CS="0.77" h="3116" lang="en" source="google" w="1743" x="1757.4" y="360.8">Organism</contenuImg>
            <tech source="final">estampe/gravure</tech>
            <fonction source="md">papier-peint</fonction>
            <fonction source="final">papier-peint</fonction>
            <tech CS="1" source="hm">estampe/gravure</tech>
            <theme CS="1" source="md">0</theme>
            <contenuImg CS="1.0" lang="fr" source="md">Frises</contenuImg>
            <contenuImg CS="1.0" lang="fr" source="md">Chênes</contenuImg>
            <contenuImg CS="1.0" lang="fr" source="md">Feuilles stylisées (ornement)</contenuImg>
            <contenuImg CS="1.0" lang="fr" source="md">Glands</contenuImg>
            <contenuImg CS="1.0" lang="fr" source="md">Motifs décoratifs</contenuImg>
            <titraille>Bordure : papier peint</titraille>
          </ill>
        </ills>
      </page>
    </pages>
  </contenus>
</analyseAlto>