<analyseAlto>
  <metad>
    <type>I</type>
    <ID>btv1b6900571n</ID>
    <titre>Papier à motif répétitif : papier peint</titre>
    <dateEdition>1800</dateEdition>
    <auteur>inconnu</auteur>
    <lang>fre</lang>
    <source>Bibliothèque nationale de France, département Estampes et photographie, EST LI-17 (A, 3)</source>
    <sujet>Frises -- Draperies (ornement) -- Motifs décoratifs</sujet>
    <descr>Appartient à l’ensemble documentaire : PaPeint18 -- Papier peint</descr>
    <format>inconnu</format>
    <couverture>inconnu</couverture>
    <largeurPx>6800</largeurPx>
    <hauteurPx>6368</hauteurPx>
    <ocr>false</ocr>
    <toc>false</toc>
    <caption>false</caption>
    <nbPage>1</nbPage>
  </metad>
  <contenus ocr="false" toc="false">
    <largeur>287</largeur>
    <hauteur>269</hauteur>
    <largeurPx>6800</largeurPx>
    <hauteurPx>6368</hauteurPx>
    <pages>
      <page ordre="1">
        <blocIll ocr="1">1</blocIll>
        <ills>
          <ill classif="CCgoogle" couleur="coul" h="6368" hash="00006000fdfdffff" n="1-1" taille="20" w="6800" x="1" y="1">
            <contenuImg CS="0.78" h="2413" lang="fr" source="google" w="4270" x="680" y="1035.8">conception</contenuImg>
            <contenuImg CS="0.66" lang="fr" source="google">textile</contenuImg>
            <contenuImg CS="0.60" lang="fr" source="google">ornement</contenuImg>
            <contenuImg CS="0.71" h="2413" lang="fr" source="google" w="4270" x="680" y="1035.8">modèle motif</contenuImg>
            <contenuImg CS="0.78" h="2413" lang="fr" source="google" w="4270" x="680" y="1035.8">design</contenuImg>
            <contenuImg CS="0.73" h="2413" lang="fr" source="google" w="4270" x="680" y="1035.8">ligne</contenuImg>
            <contenuImg CS="0.71" h="2413" lang="fr" source="google" w="4270" x="680" y="1035.8">modèle</contenuImg>
            <contenuImg CS="0.71" lang="fr" source="google">symétrie</contenuImg>
            <contenuImg CS="0.69" coul="1" lang="fr" source="google">beige</contenuImg>
            <contenuImg CS="0.65" lang="fr" source="google">arts visuels</contenuImg>
            <contenuImg CS="0.56" lang="fr" source="google">façade</contenuImg>
            <contenuImg CS="0.36" coul="1" lang="fr" source="google">noir</contenuImg>
            <contenuImg CS="0.30" coul="1" lang="fr" source="google">bois moyen</contenuImg>
            <contenuImg CS="0.37" coul="1" lang="fr" source="google">bronze</contenuImg>
            <contenuImg CS="0.30" coul="1" lang="fr" source="google">beige pâle</contenuImg>
            <contenuImg b="119" coul="1" g="182" r="212" source="colorific" type="bkg">#d4b677</contenuImg>
            <contenuImg b="106" coul="1" g="119" ordre="6" r="133" source="colorific" type="frg">#85776a</contenuImg>
            <contenuImg b="28" coul="1" g="47" ordre="5" r="56" source="colorific" type="frg">#382f1c</contenuImg>
            <contenuImg b="129" coul="1" g="124" ordre="4" r="150" source="colorific" type="frg">#967c81</contenuImg>
            <contenuImg b="178" coul="1" g="205" ordre="3" r="216" source="colorific" type="frg">#d8cdb2</contenuImg>
            <contenuImg b="35" coul="1" g="87" ordre="2" r="128" source="colorific" type="frg">#805723</contenuImg>
            <contenuImg b="0" coul="1" g="0" ordre="1" r="0" source="colorific" type="frg">#000000</contenuImg>
            <contenuImg CS="1.0" lang="en" source="md">decorative patterns</contenuImg>
            <contenuImg CS="1.0" lang="en" source="md">draperies (ornament)</contenuImg>
            <contenuImg CS="1.0" lang="en" source="md">curly</contenuImg>
            <contenuImg CS="0.30" coul="1" lang="en" source="google">newtan</contenuImg>
            <contenuImg CS="0.37" coul="1" lang="en" source="google">bronze</contenuImg>
            <contenuImg CS="0.61" coul="1" lang="en" source="google">bronze</contenuImg>
            <contenuImg CS="0.30" coul="1" lang="en" source="google">mediumwood</contenuImg>
            <contenuImg CS="0.36" coul="1" lang="en" source="google">black</contenuImg>
            <contenuImg CS="0.74" coul="1" lang="en" source="google">newtan</contenuImg>
            <contenuImg CS="0.56" lang="en" source="google">Facade</contenuImg>
            <contenuImg CS="0.60" lang="en" source="google">Ornament</contenuImg>
            <contenuImg CS="0.65" lang="en" source="google">Visual arts</contenuImg>
            <contenuImg CS="0.66" lang="en" source="google">Textile</contenuImg>
            <contenuImg CS="0.69" coul="1" lang="en" source="google">Beige</contenuImg>
            <contenuImg CS="0.71" lang="en" source="google">Symmetry</contenuImg>
            <contenuImg CS="0.71" h="2413" lang="en" source="google" w="4270" x="680" y="1035.8">Pattern</contenuImg>
            <contenuImg CS="0.73" h="2413" lang="en" source="google" w="4270" x="680" y="1035.8">Line</contenuImg>
            <contenuImg CS="0.78" h="2413" lang="en" source="google" w="4270" x="680" y="1035.8">Design</contenuImg>
            <contenuImg CS="0.94" h="2413" lang="en" source="google" w="4270" x="680" y="1035.8">Pattern</contenuImg>
            <tech source="final">estampe/gravure</tech>
            <fonction source="md">papier-peint</fonction>
            <fonction source="final">papier-peint</fonction>
            <tech CS="1" source="hm">estampe/gravure</tech>
            <theme CS="1" source="md">0</theme>
            <contenuImg CS="1.0" lang="fr" source="md">Frises</contenuImg>
            <contenuImg CS="1.0" lang="fr" source="md">Draperies (ornement)</contenuImg>
            <contenuImg CS="1.0" lang="fr" source="md">Motifs décoratifs</contenuImg>
            <titraille>Papier à motif répétitif : papier peint</titraille>
          </ill>
        </ills>
      </page>
    </pages>
  </contenus>
</analyseAlto>