<analyseAlto>
  <metad>
    <type>I</type>
    <ID>btv1b69004111</ID>
    <titre>Manufacture Jacquemart et Bénard. Bordure. Deux bandes de frise alternant palmettes et fleurs : papier peint</titre>
    <dateEdition>1799</dateEdition>
    <auteur>inconnu</auteur>
    <lang>fre</lang>
    <source>Bibliothèque nationale de France</source>
    <sujet>Frises -- Palmettes (ornement) -- Fleurs stylisées (ornement) -- Motifs de fantaisie -- Motifs décoratifs -- 1789-1799</sujet>
    <descr>Appartient à l’ensemble documentaire : PaPeint18 -- Papier peint</descr>
    <format>inconnu</format>
    <couverture>inconnu</couverture>
    <largeurPx>6664</largeurPx>
    <hauteurPx>6704</hauteurPx>
    <ocr>false</ocr>
    <toc>false</toc>
    <nbPage>1</nbPage>
  </metad>
  <contenus ocr="false" toc="false">
    <largeur>282</largeur>
    <hauteur>283</hauteur>
    <largeurPx>6664</largeurPx>
    <hauteurPx>6704</hauteurPx>
    <pages>
      <page ordre="1">
        <blocIll ocr="1">1</blocIll>
        <ills>
          <ill classif="CCgoogle" couleur="coul" h="6704" hash="ff0000fffffd0100" n="1-1" taille="20" w="6664" x="1" y="1">
            <contenuImg CS="0.76" h="2398" lang="fr" source="google" w="4241" x="666.4" y="2166.4">conception</contenuImg>
            <contenuImg CS="0.66" lang="fr" source="google">textile</contenuImg>
            <contenuImg CS="0.79" h="2398" lang="fr" source="google" w="4241" x="666.4" y="2166.4">botanique</contenuImg>
            <contenuImg CS="0.51" lang="fr" source="google">plante vivace</contenuImg>
            <contenuImg CS="0.91" h="2398" lang="fr" source="google" w="4241" x="666.4" y="2166.4">modèle motif</contenuImg>
            <contenuImg CS="0.01" coul="1" lang="fr" source="google">cyan foncé</contenuImg>
            <contenuImg CS="0.96" coul="1" h="2398" lang="fr" source="google" w="4241" x="666.4" y="2166.4">vert</contenuImg>
            <contenuImg CS="0.91" h="2398" lang="fr" source="google" w="4241" x="666.4" y="2166.4">modèle</contenuImg>
            <contenuImg CS="0.76" h="2398" lang="fr" source="google" w="4241" x="666.4" y="2166.4">design</contenuImg>
            <contenuImg CS="0.69" lang="fr" source="google">plante</contenuImg>
            <contenuImg CS="0.62" lang="fr" source="google">rectangle</contenuImg>
            <contenuImg CS="0.56" lang="fr" source="google">symétrie</contenuImg>
            <contenuImg CS="0.55" lang="fr" source="google">arts visuels</contenuImg>
            <contenuImg CS="0.07" coul="1" lang="fr" source="google">bois foncé</contenuImg>
            <contenuImg CS="0.03" coul="1" lang="fr" source="google">noir</contenuImg>
            <contenuImg CS="0.02" coul="1" lang="fr" source="google">orange mandarine</contenuImg>
            <contenuImg CS="0.01" coul="1" lang="fr" source="google">bleu canard</contenuImg>
            <contenuImg CS="0.63" coul="1" lang="fr" source="google">gris ardoise foncé</contenuImg>
            <contenuImg b="138" coul="1" g="157" r="78" source="colorific" type="bkg">#4e9d8a</contenuImg>
            <contenuImg b="20" coul="1" g="32" ordre="4" r="4" source="colorific" type="frg">#042014</contenuImg>
            <contenuImg b="34" coul="1" g="50" ordre="3" r="43" source="colorific" type="frg">#2b3222</contenuImg>
            <contenuImg b="0" coul="1" g="0" ordre="2" r="0" source="colorific" type="frg">#000000</contenuImg>
            <contenuImg b="87" coul="1" g="91" ordre="1" r="90" source="colorific" type="frg">#5a5b57</contenuImg>
            <contenuImg CS="1.0" lang="en" source="md">decorative patterns - 1789-1799</contenuImg>
            <contenuImg CS="1.0" lang="en" source="md">fantasy patterns</contenuImg>
            <contenuImg CS="1.0" lang="en" source="md">stylized flowers (ornament)</contenuImg>
            <contenuImg CS="1.0" lang="en" source="md">palmettes (ornament)</contenuImg>
            <contenuImg CS="1.0" lang="en" source="md">curly</contenuImg>
            <contenuImg CS="0.63" coul="1" lang="en" source="google">darkslategrey</contenuImg>
            <contenuImg CS="0.01" coul="1" lang="en" source="google">teal</contenuImg>
            <contenuImg CS="0.01" coul="1" lang="en" source="google">darkcyan</contenuImg>
            <contenuImg CS="0.02" coul="1" lang="en" source="google">mandarianorange</contenuImg>
            <contenuImg CS="0.03" coul="1" lang="en" source="google">black</contenuImg>
            <contenuImg CS="0.07" coul="1" lang="en" source="google">darkwood</contenuImg>
            <contenuImg CS="3.07" coul="1" lang="en" source="google">darkcyan</contenuImg>
            <contenuImg CS="0.51" lang="en" source="google">Perennial plant</contenuImg>
            <contenuImg CS="0.55" lang="en" source="google">Visual arts</contenuImg>
            <contenuImg CS="0.56" lang="en" source="google">Symmetry</contenuImg>
            <contenuImg CS="0.62" lang="en" source="google">Rectangle</contenuImg>
            <contenuImg CS="0.66" lang="en" source="google">Textile</contenuImg>
            <contenuImg CS="0.69" lang="en" source="google">Plant</contenuImg>
            <contenuImg CS="0.76" h="2398" lang="en" source="google" w="4241" x="666.4" y="2166.4">Design</contenuImg>
            <contenuImg CS="0.79" h="2398" lang="en" source="google" w="4241" x="666.4" y="2166.4">Botany</contenuImg>
            <contenuImg CS="0.91" h="2398" lang="en" source="google" w="4241" x="666.4" y="2166.4">Pattern</contenuImg>
            <contenuImg CS="0.96" coul="1" h="2398" lang="en" source="google" w="4241" x="666.4" y="2166.4">Green</contenuImg>
            <tech source="final">estampe/gravure</tech>
            <fonction source="md">papier-peint</fonction>
            <fonction source="final">papier-peint</fonction>
            <tech CS="1" source="hm">estampe/gravure</tech>
            <theme CS="1" source="md">0</theme>
            <contenuImg CS="1.0" lang="fr" source="md">Frises</contenuImg>
            <contenuImg CS="1.0" lang="fr" source="md">Palmettes (ornement)</contenuImg>
            <contenuImg CS="1.0" lang="fr" source="md">Fleurs stylisées (ornement)</contenuImg>
            <contenuImg CS="1.0" lang="fr" source="md">Motifs de fantaisie</contenuImg>
            <contenuImg CS="1.0" lang="fr" source="md">Motifs décoratifs -- 1789-1799</contenuImg>
            <titraille>Manufacture Jacquemart et Bénard. Bordure. Deux bandes de frise alternant palmettes et fleurs : papier peint</titraille>
          </ill>
        </ills>
      </page>
    </pages>
  </contenus>
</analyseAlto>