<analyseAlto>
  <metad>
    <type>I</type>
    <ID>btv1b6900946z</ID>
    <titre>Papier à motif répétitif : papier peint</titre>
    <dateEdition>1805</dateEdition>
    <auteur>Jacquemart et Bénard (Manufacture). Fonction indéterminée</auteur>
    <lang>fre</lang>
    <source>Bibliothèque nationale de France, Li-24a-Ft 4</source>
    <sujet>Rayures (ornements) -- Baies (fruits) -- Ornements géométriques -- Feuilles stylisées (ornement) -- Rosaces de fantaisie -- Quadrillage -- Motifs décoratifs</sujet>
    <descr>Appartient à l’ensemble documentaire : PaPeint18 -- Papier peint</descr>
    <format>inconnu</format>
    <couverture>inconnu</couverture>
    <largeurPx>6848</largeurPx>
    <hauteurPx>6600</hauteurPx>
    <ocr>false</ocr>
    <toc>false</toc>
    <nbPage>1</nbPage>
  </metad>
  <contenus ocr="false" toc="false">
    <largeur>289</largeur>
    <hauteur>279</hauteur>
    <largeurPx>6848</largeurPx>
    <hauteurPx>6600</hauteurPx>
    <pages>
      <page ordre="1">
        <blocIll ocr="1">1</blocIll>
        <ills>
          <ill classif="CCgoogle" couleur="coul" h="6600" hash="99fedf20007f019b" n="1-1" taille="20" w="6848" x="1" y="1">
            <contenuImg CS="0.80" h="2417" lang="fr" source="google" w="4270" x="684.8" y="1068">conception</contenuImg>
            <contenuImg CS="0.54" lang="fr" source="google">motif</contenuImg>
            <contenuImg CS="0.79" lang="fr" source="google">modèle motif</contenuImg>
            <contenuImg CS="0.84" h="2417" lang="fr" source="google" w="4270" x="684.8" y="1068">symétrie</contenuImg>
            <contenuImg CS="0.82" h="2417" lang="fr" source="google" w="4270" x="684.8" y="1068">ligne</contenuImg>
            <contenuImg CS="0.80" h="2417" lang="fr" source="google" w="4270" x="684.8" y="1068">design</contenuImg>
            <contenuImg CS="0.79" lang="fr" source="google">modèle</contenuImg>
            <contenuImg CS="0.62" lang="fr" source="google">arts visuels</contenuImg>
            <contenuImg CS="0.50" lang="fr" source="google">triangle</contenuImg>
            <contenuImg CS="1.99" coul="1" lang="fr" source="google">argent</contenuImg>
            <contenuImg CS="0.99" coul="1" lang="fr" source="google">bleu clair</contenuImg>
            <contenuImg CS="0.64" coul="1" lang="fr" source="google">gris foncé</contenuImg>
            <contenuImg CS="0.39" coul="1" lang="fr" source="google">vert cuivre foncé</contenuImg>
            <contenuImg CS="0.21" coul="1" lang="fr" source="google">vert foncé</contenuImg>
            <contenuImg CS="0.14" coul="1" lang="fr" source="google">noir</contenuImg>
            <contenuImg b="137" coul="1" g="144" r="148" source="colorific" type="bkg">#949089</contenuImg>
            <contenuImg b="33" coul="1" g="35" ordre="2" r="36" source="colorific" type="frg">#242321</contenuImg>
            <contenuImg b="255" coul="1" g="255" ordre="1" r="255" source="colorific" type="frg">#ffffff</contenuImg>
            <contenuImg CS="1.0" lang="en" source="md">decorative patterns</contenuImg>
            <contenuImg CS="1.0" lang="en" source="md">grid</contenuImg>
            <contenuImg CS="1.0" lang="en" source="md">fancy rosettes</contenuImg>
            <contenuImg CS="1.0" lang="en" source="md">stylized leaves (ornament)</contenuImg>
            <contenuImg CS="1.0" lang="en" source="md">geometric ornaments</contenuImg>
            <contenuImg CS="1.0" lang="en" source="md">berries (fruits)</contenuImg>
            <contenuImg CS="1.0" lang="en" source="md">stripes (ornaments)</contenuImg>
            <contenuImg CS="0.14" coul="1" lang="en" source="google">black</contenuImg>
            <contenuImg CS="0.21" coul="1" lang="en" source="google">darkgreen</contenuImg>
            <contenuImg CS="0.39" coul="1" lang="en" source="google">darkgreencopper</contenuImg>
            <contenuImg CS="0.64" coul="1" lang="en" source="google">darkgray</contenuImg>
            <contenuImg CS="0.99" coul="1" lang="en" source="google">lightblue</contenuImg>
            <contenuImg CS="0.28" coul="1" lang="en" source="google">darkgreen</contenuImg>
            <contenuImg CS="1.99" coul="1" lang="en" source="google">silver</contenuImg>
            <contenuImg CS="0.50" lang="en" source="google">Triangle</contenuImg>
            <contenuImg CS="0.54" lang="en" source="google">Motif</contenuImg>
            <contenuImg CS="0.62" lang="en" source="google">Visual arts</contenuImg>
            <contenuImg CS="0.79" lang="en" source="google">Pattern</contenuImg>
            <contenuImg CS="0.80" h="2417" lang="en" source="google" w="4270" x="684.8" y="1068">Design</contenuImg>
            <contenuImg CS="0.82" h="2417" lang="en" source="google" w="4270" x="684.8" y="1068">Line</contenuImg>
            <contenuImg CS="0.84" h="2417" lang="en" source="google" w="4270" x="684.8" y="1068">Symmetry</contenuImg>
            <contenuImg CS="0.96" h="2417" lang="en" source="google" w="4270" x="684.8" y="1068">Pattern</contenuImg>
            <tech source="final">estampe/gravure</tech>
            <fonction source="md">papier-peint</fonction>
            <fonction source="final">papier-peint</fonction>
            <tech CS="1" source="hm">estampe/gravure</tech>
            <theme CS="1" source="md">0</theme>
            <contenuImg CS="1.0" lang="fr" source="md">Rayures (ornements)</contenuImg>
            <contenuImg CS="1.0" lang="fr" source="md">Baies (fruits)</contenuImg>
            <contenuImg CS="1.0" lang="fr" source="md">Ornements géométriques</contenuImg>
            <contenuImg CS="1.0" lang="fr" source="md">Feuilles stylisées (ornement)</contenuImg>
            <contenuImg CS="1.0" lang="fr" source="md">Rosaces de fantaisie</contenuImg>
            <contenuImg CS="1.0" lang="fr" source="md">Quadrillage</contenuImg>
            <contenuImg CS="1.0" lang="fr" source="md">Motifs décoratifs</contenuImg>
            <titraille>Papier à motif répétitif : papier peint</titraille>
          </ill>
        </ills>
      </page>
    </pages>
  </contenus>
</analyseAlto>