<analyseAlto>
  <metad>
    <type>I</type>
    <ID>btv1b6901196d</ID>
    <titre>Papier à motif répétitif : papier peint</titre>
    <dateEdition>1800</dateEdition>
    <auteur>inconnu</auteur>
    <lang>fre</lang>
    <source>Bibliothèque nationale de France, département Estampes et photographie, EST LI-18</source>
    <sujet>Ornements géométriques -- Végétaux stylisés -- Motifs décoratifs</sujet>
    <descr>Appartient à l’ensemble documentaire : PaPeint18 -- Papier peint</descr>
    <format>inconnu</format>
    <couverture>inconnu</couverture>
    <largeurPx>3816</largeurPx>
    <hauteurPx>7120</hauteurPx>
    <ocr>false</ocr>
    <toc>false</toc>
    <caption>false</caption>
    <nbPage>1</nbPage>
  </metad>
  <contenus ocr="false" toc="false">
    <largeur>161</largeur>
    <hauteur>301</hauteur>
    <largeurPx>3816</largeurPx>
    <hauteurPx>7120</hauteurPx>
    <pages>
      <page ordre="1">
        <blocIll ocr="1">1</blocIll>
        <ills>
          <ill classif="CCgoogle" couleur="coul" h="7120" hash="a7bd8bb7a2a100b6" n="1-1" taille="12" w="3816" x="1" y="1">
            <contenuImg CS="0.85" lang="fr" source="google">aqua</contenuImg>
            <contenuImg CS="0.75" lang="fr" source="google">conception</contenuImg>
            <contenuImg CS="0.91" h="1292" lang="fr" source="google" w="2289" x="381.6" y="925">modèle motif</contenuImg>
            <contenuImg CS="0.97" coul="1" h="1292" lang="fr" source="google" w="2289" x="381.6" y="925">vert</contenuImg>
            <contenuImg CS="0.91" h="1292" lang="fr" source="google" w="2289" x="381.6" y="925">modèle</contenuImg>
            <contenuImg CS="0.87" coul="1" h="1292" lang="fr" source="google" w="2289" x="381.6" y="925">turquoise</contenuImg>
            <contenuImg CS="0.85" h="1292" lang="fr" source="google" w="2289" x="381.6" y="925">organisme</contenuImg>
            <contenuImg CS="0.85" coul="1" lang="fr" source="google">bleu canard</contenuImg>
            <contenuImg CS="0.75" lang="fr" source="google">design</contenuImg>
            <contenuImg CS="0.73" lang="fr" source="google">symétrie</contenuImg>
            <contenuImg CS="0.59" lang="fr" source="google">plante</contenuImg>
            <contenuImg CS="2.06" coul="1" lang="fr" source="google">gris ardoise foncé</contenuImg>
            <contenuImg CS="0.78" coul="1" lang="fr" source="google">gris</contenuImg>
            <contenuImg CS="0.47" coul="1" lang="fr" source="google">vert foncé</contenuImg>
            <contenuImg CS="0.38" coul="1" lang="fr" source="google">bleu nuit</contenuImg>
            <contenuImg CS="0.18" coul="1" lang="fr" source="google">gris foncé</contenuImg>
            <contenuImg CS="0.05" coul="1" lang="fr" source="google">noir</contenuImg>
            <contenuImg b="113" coul="1" g="115" r="97" source="colorific" type="bkg">#617371</contenuImg>
            <contenuImg b="34" coul="1" g="32" ordre="4" r="25" source="colorific" type="frg">#192022</contenuImg>
            <contenuImg b="255" coul="1" g="255" ordre="3" r="255" source="colorific" type="frg">#ffffff</contenuImg>
            <contenuImg b="0" coul="1" g="0" ordre="2" r="0" source="colorific" type="frg">#000000</contenuImg>
            <contenuImg b="57" coul="1" g="59" ordre="1" r="39" source="colorific" type="frg">#273b39</contenuImg>
            <contenuImg CS="1.0" lang="en" source="md">decorative patterns</contenuImg>
            <contenuImg CS="1.0" lang="en" source="md">stylized plants</contenuImg>
            <contenuImg CS="1.0" lang="en" source="md">geometric ornaments</contenuImg>
            <contenuImg CS="0.05" coul="1" lang="en" source="google">black</contenuImg>
            <contenuImg CS="0.14" coul="1" lang="en" source="google">black</contenuImg>
            <contenuImg CS="0.18" coul="1" lang="en" source="google">darkgray</contenuImg>
            <contenuImg CS="0.38" coul="1" lang="en" source="google">midnightblue</contenuImg>
            <contenuImg CS="0.47" coul="1" lang="en" source="google">darkgreen</contenuImg>
            <contenuImg CS="0.78" coul="1" lang="en" source="google">grey</contenuImg>
            <contenuImg CS="0.89" coul="1" lang="en" source="google">darkgray</contenuImg>
            <contenuImg CS="2.06" coul="1" lang="en" source="google">darkslategrey</contenuImg>
            <contenuImg CS="0.59" lang="en" source="google">Plant</contenuImg>
            <contenuImg CS="0.73" lang="en" source="google">Symmetry</contenuImg>
            <contenuImg CS="0.75" lang="en" source="google">Design</contenuImg>
            <contenuImg CS="0.85" coul="1" lang="en" source="google">Teal</contenuImg>
            <contenuImg CS="0.85" lang="en" source="google">Aqua</contenuImg>
            <contenuImg CS="0.85" h="1292" lang="en" source="google" w="2289" x="381.6" y="925">Organism</contenuImg>
            <contenuImg CS="0.87" coul="1" h="1292" lang="en" source="google" w="2289" x="381.6" y="925">Turquoise</contenuImg>
            <contenuImg CS="0.91" h="1292" lang="en" source="google" w="2289" x="381.6" y="925">Pattern</contenuImg>
            <contenuImg CS="0.97" coul="1" h="1292" lang="en" source="google" w="2289" x="381.6" y="925">Green</contenuImg>
            <tech source="final">estampe/gravure</tech>
            <fonction source="md">papier-peint</fonction>
            <fonction source="final">papier-peint</fonction>
            <tech CS="1" source="hm">estampe/gravure</tech>
            <theme CS="1" source="md">0</theme>
            <contenuImg CS="1.0" lang="fr" source="md">Ornements géométriques</contenuImg>
            <contenuImg CS="1.0" lang="fr" source="md">Végétaux stylisés</contenuImg>
            <contenuImg CS="1.0" lang="fr" source="md">Motifs décoratifs</contenuImg>
            <titraille>Papier à motif répétitif : papier peint</titraille>
          </ill>
        </ills>
      </page>
    </pages>
  </contenus>
</analyseAlto>