<analyseAlto>
  <metad>
    <type>I</type>
    <ID>btv1b6900495q</ID>
    <titre>Papier à motif répétitif : papier peint</titre>
    <dateEdition>1799</dateEdition>
    <auteur>inconnu</auteur>
    <lang>fre</lang>
    <source>Bibliothèque nationale de France, département Estampes et photographie, EST LI-17</source>
    <sujet>Frises -- Animaux -- Constructions -- Moulins à vent -- Cerfs -- Mouton -- Fuseaux (ornement) -- Paysages -- Motifs décoratifs</sujet>
    <descr>Appartient à l’ensemble documentaire : PaPeint18 -- Papier peint</descr>
    <format>inconnu</format>
    <couverture>inconnu</couverture>
    <largeurPx>6792</largeurPx>
    <hauteurPx>6736</hauteurPx>
    <ocr>false</ocr>
    <toc>false</toc>
    <caption>false</caption>
    <nbPage>1</nbPage>
  </metad>
  <contenus ocr="false" toc="false">
    <largeur>287</largeur>
    <hauteur>285</hauteur>
    <largeurPx>6792</largeurPx>
    <hauteurPx>6736</hauteurPx>
    <pages>
      <page ordre="1">
        <blocIll ocr="1">1</blocIll>
        <ills>
          <ill classif="CCgoogle" couleur="coul" h="6736" hash="0495c4ff311531fb" n="1-1" taille="21" w="6792" x="1" y="1">
            <contenuImg CS="0.94" h="4232" lang="fr" source="google" w="2370" x="1961.2" y="673.6">aqua</contenuImg>
            <contenuImg CS="0.89" h="4232" lang="fr" source="google" w="2370" x="1961.2" y="673.6">modèle motif</contenuImg>
            <contenuImg CS="0.98" coul="1" h="4232" lang="fr" source="google" w="2370" x="1961.2" y="673.6">vert</contenuImg>
            <contenuImg CS="0.91" coul="1" h="4232" lang="fr" source="google" w="2370" x="1961.2" y="673.6">bleu canard</contenuImg>
            <contenuImg CS="0.89" h="4232" lang="fr" source="google" w="2370" x="1961.2" y="673.6">modèle</contenuImg>
            <contenuImg CS="0.83" coul="1" lang="fr" source="google">marron</contenuImg>
            <contenuImg CS="0.77" lang="fr" source="google">cerf</contenuImg>
            <contenuImg CS="0.77" lang="fr" source="google">branche</contenuImg>
            <contenuImg CS="0.76" lang="fr" source="google">feuille</contenuImg>
            <contenuImg CS="0.75" coul="1" lang="fr" source="google">turquoise</contenuImg>
            <contenuImg CS="1.18" coul="1" lang="fr" source="google">gris ardoise foncé</contenuImg>
            <contenuImg CS="0.60" coul="1" lang="fr" source="google">vert olive foncé</contenuImg>
            <contenuImg CS="0.65" coul="1" lang="fr" source="google">vert foncé</contenuImg>
            <contenuImg CS="0.53" coul="1" lang="fr" source="google">bronze</contenuImg>
            <contenuImg CS="0.31" coul="1" lang="fr" source="google">gris</contenuImg>
            <contenuImg CS="0.24" coul="1" lang="fr" source="google">gris foncé</contenuImg>
            <contenuImg b="74" coul="1" g="81" r="68" source="colorific" type="bkg">#44514a</contenuImg>
            <contenuImg b="31" coul="1" g="40" ordre="4" r="23" source="colorific" type="frg">#17281f</contenuImg>
            <contenuImg b="94" coul="1" g="110" ordre="3" r="114" source="colorific" type="frg">#726e5e</contenuImg>
            <contenuImg b="26" coul="1" g="42" ordre="2" r="57" source="colorific" type="frg">#392a1a</contenuImg>
            <contenuImg b="134" coul="1" g="135" ordre="1" r="153" source="colorific" type="frg">#998786</contenuImg>
            <contenuImg CS="1.0" lang="en" source="md">decorative patterns</contenuImg>
            <contenuImg CS="1.0" lang="en" source="md">landscapes</contenuImg>
            <contenuImg CS="1.0" lang="en" source="md">spindles (ornament)</contenuImg>
            <contenuImg CS="1.0" lang="en" source="md">sheep</contenuImg>
            <contenuImg CS="1.0" lang="en" source="md">deer</contenuImg>
            <contenuImg CS="1.0" lang="en" source="md">wind mill</contenuImg>
            <contenuImg CS="1.0" lang="en" source="md">constructions</contenuImg>
            <contenuImg CS="1.0" lang="en" source="md">animals</contenuImg>
            <contenuImg CS="1.0" lang="en" source="md">curly</contenuImg>
            <contenuImg CS="0.24" coul="1" lang="en" source="google">darkgray</contenuImg>
            <contenuImg CS="0.31" coul="1" lang="en" source="google">grey</contenuImg>
            <contenuImg CS="0.45" coul="1" lang="en" source="google">gray</contenuImg>
            <contenuImg CS="0.53" coul="1" lang="en" source="google">bronze</contenuImg>
            <contenuImg CS="0.65" coul="1" lang="en" source="google">darkgreen</contenuImg>
            <contenuImg CS="0.27" coul="1" lang="en" source="google">darkgray</contenuImg>
            <contenuImg CS="0.60" coul="1" lang="en" source="google">darkolivegreen</contenuImg>
            <contenuImg CS="1.18" coul="1" lang="en" source="google">darkslategrey</contenuImg>
            <contenuImg CS="0.75" coul="1" lang="en" source="google">Turquoise</contenuImg>
            <contenuImg CS="0.76" lang="en" source="google">Leaf</contenuImg>
            <contenuImg CS="0.77" lang="en" source="google">Branch</contenuImg>
            <contenuImg CS="0.77" lang="en" source="google">Deer</contenuImg>
            <contenuImg CS="0.83" coul="1" lang="en" source="google">Brown</contenuImg>
            <contenuImg CS="0.89" coul="1" lang="en" source="google">Turquoise</contenuImg>
            <contenuImg CS="0.89" h="4232" lang="en" source="google" w="2370" x="1961.2" y="673.6">Pattern</contenuImg>
            <contenuImg CS="0.91" coul="1" h="4232" lang="en" source="google" w="2370" x="1961.2" y="673.6">Teal</contenuImg>
            <contenuImg CS="0.94" h="4232" lang="en" source="google" w="2370" x="1961.2" y="673.6">Aqua</contenuImg>
            <contenuImg CS="0.98" coul="1" h="4232" lang="en" source="google" w="2370" x="1961.2" y="673.6">Green</contenuImg>
            <tech source="final">estampe/gravure</tech>
            <fonction source="md">papier-peint</fonction>
            <fonction source="final">papier-peint</fonction>
            <tech CS="1" source="hm">estampe/gravure</tech>
            <theme CS="1" source="md">0</theme>
            <contenuImg CS="1.0" lang="fr" source="md">Frises</contenuImg>
            <contenuImg CS="1.0" lang="fr" source="md">Animaux</contenuImg>
            <contenuImg CS="1.0" lang="fr" source="md">Constructions</contenuImg>
            <contenuImg CS="1.0" lang="fr" source="md">Moulins à vent</contenuImg>
            <contenuImg CS="1.0" lang="fr" source="md">Cerfs</contenuImg>
            <contenuImg CS="1.0" lang="fr" source="md">Mouton</contenuImg>
            <contenuImg CS="1.0" lang="fr" source="md">Fuseaux (ornement)</contenuImg>
            <contenuImg CS="1.0" lang="fr" source="md">Paysages</contenuImg>
            <contenuImg CS="1.0" lang="fr" source="md">Motifs décoratifs</contenuImg>
            <titraille>Papier à motif répétitif : papier peint</titraille>
          </ill>
        </ills>
      </page>
    </pages>
  </contenus>
</analyseAlto>