<analyseAlto>
  <metad>
    <type>I</type>
    <ID>btv1b6900873h</ID>
    <titre>Manufacture Jacquemart et Bénard. Papier à motif répétitif. Lambris sculpté en camaïeu : papier peint</titre>
    <dateEdition>1803</dateEdition>
    <auteur>Jacquemart et Bénard (Manufacture). Fonction indéterminée</auteur>
    <lang>fre</lang>
    <source>Bibliothèque nationale de France</source>
    <sujet>Lambris -- Femmes -- Instruments de musique -- Flûtes de pan (famille d_instruments) -- Cithare -- Couronnes (coiffures) -- Laurus -- Frises -- Ornements géométriques -- Camaïeu, Peinture en -- Figures à l'antique -- Cones de pin -- Décoration et ornement architecturaux -- 1800-1869 -- Motifs décoratifs -- 1800-1869</sujet>
    <descr>Appartient à l’ensemble documentaire : PaPeint18 -- Papier peint</descr>
    <format>inconnu</format>
    <couverture>inconnu</couverture>
    <largeurPx>7944</largeurPx>
    <hauteurPx>6872</hauteurPx>
    <ocr>false</ocr>
    <toc>false</toc>
    <nbPage>1</nbPage>
  </metad>
  <contenus ocr="false" toc="false">
    <largeur>336</largeur>
    <hauteur>290</hauteur>
    <largeurPx>7944</largeurPx>
    <hauteurPx>6872</hauteurPx>
    <pages>
      <page ordre="1">
        <blocIll ocr="1">1</blocIll>
        <ills>
          <ill classif="CCgoogle" couleur="coul" h="6872" hash="fd00f8ddfd9080f0" n="1-1" taille="25" w="7944" x="1" y="1">
            <contenuImg CS="0.53" h="2417" lang="fr" source="google" w="4270" x="794.4" y="867.2">colonne</contenuImg>
            <contenuImg CS="0.50" h="2417" lang="fr" source="google" w="4270" x="794.4" y="867.2">art</contenuImg>
            <contenuImg CS="0.01" coul="1" lang="fr" source="google">vieil or</contenuImg>
            <contenuImg CS="0.69" coul="1" lang="fr" source="google">blé</contenuImg>
            <contenuImg CS="0.57" coul="1" lang="fr" source="google">argent</contenuImg>
            <contenuImg CS="0.39" coul="1" lang="fr" source="google">saumon</contenuImg>
            <contenuImg CS="0.30" coul="1" lang="fr" source="google">rose</contenuImg>
            <contenuImg b="110" coul="1" g="91" ordre="6" r="134" source="colorific" type="frg">#865b6e</contenuImg>
            <contenuImg b="72" coul="1" g="93" ordre="5" r="109" source="colorific" type="frg">#6d5d48</contenuImg>
            <contenuImg b="255" coul="1" g="255" ordre="4" r="255" source="colorific" type="frg">#ffffff</contenuImg>
            <contenuImg b="60" coul="1" g="119" ordre="3" r="167" source="colorific" type="frg">#a7773c</contenuImg>
            <contenuImg b="130" coul="1" g="151" ordre="2" r="158" source="colorific" type="frg">#9e9782</contenuImg>
            <contenuImg b="172" coul="1" g="225" ordre="1" r="254" source="colorific" type="frg">#fee1ac</contenuImg>
            <contenuImg CS="1.0" lang="en" source="md">decorative patterns - 1800-1869</contenuImg>
            <contenuImg CS="1.0" lang="en" source="md">architectural decoration and ornament - 1800-1869</contenuImg>
            <contenuImg CS="1.0" lang="en" source="md">pine Cones</contenuImg>
            <contenuImg CS="1.0" lang="en" source="md">figures in the antique</contenuImg>
            <contenuImg CS="1.0" lang="en" source="md">camaïeu painting</contenuImg>
            <contenuImg CS="1.0" lang="en" source="md">geometric ornaments</contenuImg>
            <contenuImg CS="1.0" lang="en" source="md">curly</contenuImg>
            <contenuImg CS="1.0" lang="en" source="md">Laurus (plants)</contenuImg>
            <contenuImg CS="1.0" lang="en" source="md">crowns (hairstyles)</contenuImg>
            <contenuImg CS="1.0" lang="en" source="md">zither</contenuImg>
            <contenuImg CS="1.0" lang="en" source="md">Pan flutes (family of instruments)</contenuImg>
            <contenuImg CS="1.0" lang="en" source="md">musical instruments</contenuImg>
            <contenuImg CS="1.0" lang="en" source="md">women</contenuImg>
            <contenuImg CS="1.0" lang="en" source="md">paneling</contenuImg>
            <contenuImg CS="0.30" coul="1" lang="en" source="google">pink</contenuImg>
            <contenuImg CS="0.39" coul="1" lang="en" source="google">salmon</contenuImg>
            <contenuImg CS="0.57" coul="1" lang="en" source="google">silver</contenuImg>
            <contenuImg CS="0.69" coul="1" lang="en" source="google">wheat</contenuImg>
            <contenuImg CS="0.01" coul="1" lang="en" source="google">oldgold</contenuImg>
            <contenuImg CS="0.95" coul="1" lang="en" source="google">pink</contenuImg>
            <contenuImg CS="1.56" coul="1" lang="en" source="google">silver</contenuImg>
            <contenuImg CS="0.50" h="2417" lang="en" source="google" w="4270" x="794.4" y="867.2">Art</contenuImg>
            <contenuImg CS="0.53" h="2417" lang="en" source="google" w="4270" x="794.4" y="867.2">Column</contenuImg>
            <tech source="final">estampe/gravure</tech>
            <fonction source="md">papier-peint</fonction>
            <fonction source="final">papier-peint</fonction>
            <tech CS="1" source="hm">estampe/gravure</tech>
            <theme CS="1" source="md">0</theme>
            <contenuImg CS="1.0" lang="fr" source="md">Lambris</contenuImg>
            <contenuImg CS="1.0" lang="fr" source="md">Femmes</contenuImg>
            <contenuImg CS="1.0" lang="fr" source="md">Instruments de musique</contenuImg>
            <contenuImg CS="1.0" lang="fr" source="md">Flûtes de pan (famille d'instruments)</contenuImg>
            <contenuImg CS="1.0" lang="fr" source="md">Cithare</contenuImg>
            <contenuImg CS="1.0" lang="fr" source="md">Couronnes (coiffures)</contenuImg>
            <contenuImg CS="1.0" lang="fr" source="md">Laurus</contenuImg>
            <contenuImg CS="1.0" lang="fr" source="md">Frises</contenuImg>
            <contenuImg CS="1.0" lang="fr" source="md">Ornements géométriques</contenuImg>
            <contenuImg CS="1.0" lang="fr" source="md">Peinture en camaïeu</contenuImg>
            <contenuImg CS="1.0" lang="fr" source="md">Figures à l'antique</contenuImg>
            <contenuImg CS="1.0" lang="fr" source="md">Cones de pin</contenuImg>
            <contenuImg CS="1.0" lang="fr" source="md">Décoration et ornement architecturaux -- 1800-1869</contenuImg>
            <contenuImg CS="1.0" lang="fr" source="md">Motifs décoratifs -- 1800-1869</contenuImg>
            <titraille>Manufacture Jacquemart et Bénard. Papier à motif répétitif. Lambris sculpté en camaïeu : papier peint</titraille>
          </ill>
        </ills>
      </page>
    </pages>
  </contenus>
</analyseAlto>