<analyseAlto>
  <metad>
    <type>I</type>
    <ID>btv1b6901587t</ID>
    <titre>Papier à motif répétitif : papier peint / Dubois</titre>
    <dateEdition>1799</dateEdition>
    <auteur>inconnu</auteur>
    <lang>fre</lang>
    <source>Bibliothèque nationale de France, département Estampes et photographie, Lz-313 (44)-Tableau</source>
    <sujet>Insectes -- Libellules -- Tulipes -- Roses -- Primevères -- Reine-marguerite -- Anémones -- Figures à l_antique -- Camaïeu, Peinture en -- Vases à l'antique -- Fleurs (ornement) -- Volubilis -- Motifs décoratifs</sujet>
    <descr>Appartient à l’ensemble documentaire : PaPeint18 -- Appartient à l’ensemble documentaire : Rtmgus1 -- Papier peint</descr>
    <format>inconnu</format>
    <couverture>inconnu</couverture>
    <largeurPx>7099</largeurPx>
    <hauteurPx>19636</hauteurPx>
    <ocr>false</ocr>
    <toc>false</toc>
    <caption>false</caption>
    <nbPage>1</nbPage>
  </metad>
  <contenus ocr="false" toc="false">
    <largeur>300</largeur>
    <hauteur>831</hauteur>
    <largeurPx>7099</largeurPx>
    <hauteurPx>19636</hauteurPx>
    <pages>
      <page ordre="1">
        <blocIll ocr="1">1</blocIll>
        <ills>
          <ill classif="CCgoogle" couleur="coul" h="19636" hash="8181ffc7c3ef8181" n="1-1" taille="64" w="7099" x="1" y="1">
            <contenuImg CS="0.70" h="1149" lang="fr" source="google" w="1534" x="709.9" y="1963.6">textile</contenuImg>
            <contenuImg CS="0.79" h="1149" lang="fr" source="google" w="1534" x="709.9" y="1963.6">botanique</contenuImg>
            <contenuImg CS="0.53" lang="fr" source="google">fleurs sauvages</contenuImg>
            <contenuImg CS="0.52" lang="fr" source="google">pot de fleur</contenuImg>
            <contenuImg CS="0.50" lang="fr" source="google">modèle motif</contenuImg>
            <contenuImg CS="0.25" coul="1" lang="fr" source="google">violet moyen</contenuImg>
            <contenuImg CS="0.23" coul="1" lang="fr" source="google">marron très foncé</contenuImg>
            <contenuImg CS="0.18" coul="1" lang="fr" source="google">gris pâle</contenuImg>
            <contenuImg CS="0.77" h="1149" lang="fr" source="google" w="1534" x="709.9" y="1963.6">fleur</contenuImg>
            <contenuImg CS="0.74" h="1149" lang="fr" source="google" w="1534" x="709.9" y="1963.6">plante</contenuImg>
            <contenuImg CS="0.50" lang="fr" source="google">modèle</contenuImg>
            <contenuImg CS="0.23" coul="1" lang="fr" source="google">verydarkbrown</contenuImg>
            <contenuImg CS="0.18" coul="1" lang="fr" source="google">gris très clair</contenuImg>
            <contenuImg CS="0.08" coul="1" lang="fr" source="google">bleu clair</contenuImg>
            <contenuImg CS="0.44" coul="1" lang="fr" source="google">gris foncé</contenuImg>
            <contenuImg b="22" coul="1" g="37" ordre="6" r="100" source="colorific" type="frg">#642516</contenuImg>
            <contenuImg b="130" coul="1" g="138" ordre="5" r="149" source="colorific" type="frg">#958a82</contenuImg>
            <contenuImg b="52" coul="1" g="77" ordre="4" r="155" source="colorific" type="frg">#9b4d34</contenuImg>
            <contenuImg b="29" coul="1" g="37" ordre="3" r="50" source="colorific" type="frg">#32251d</contenuImg>
            <contenuImg b="167" coul="1" g="170" ordre="2" r="150" source="colorific" type="frg">#96aaa7</contenuImg>
            <contenuImg b="255" coul="1" g="255" ordre="1" r="255" source="colorific" type="frg">#ffffff</contenuImg>
            <contenuImg CS="1.0" lang="en" source="md">decorative patterns</contenuImg>
            <contenuImg CS="1.0" lang="en" source="md">Volubilis (flowers)</contenuImg>
            <contenuImg CS="1.0" lang="en" source="md">flowers (ornament)</contenuImg>
            <contenuImg CS="1.0" lang="en" source="md">vases in the antique</contenuImg>
            <contenuImg CS="1.0" lang="en" source="md">camaïeu painting</contenuImg>
            <contenuImg CS="1.0" lang="en" source="md">figures in the antique</contenuImg>
            <contenuImg CS="1.0" lang="en" source="md">anemones (flowers)</contenuImg>
            <contenuImg CS="1.0" lang="en" source="md">queen Daisy (flowers)</contenuImg>
            <contenuImg CS="1.0" lang="en" source="md">primroses (flowers)</contenuImg>
            <contenuImg CS="1.0" lang="en" source="md">roses (flowers)</contenuImg>
            <contenuImg CS="1.0" lang="en" source="md">tulips (flowers)</contenuImg>
            <contenuImg CS="1.0" lang="en" source="md">dragonflies</contenuImg>
            <contenuImg CS="1.0" lang="en" source="md">insects</contenuImg>
            <contenuImg CS="0.44" coul="1" lang="en" source="google">darkgray</contenuImg>
            <contenuImg CS="0.08" coul="1" lang="en" source="google">lightblue</contenuImg>
            <contenuImg CS="0.18" coul="1" lang="en" source="google">verylightgrey</contenuImg>
            <contenuImg CS="0.23" coul="1" lang="en" source="google">verydarkbrown</contenuImg>
            <contenuImg CS="0.25" coul="1" lang="en" source="google">mediumvioletred</contenuImg>
            <contenuImg CS="0.49" coul="1" lang="en" source="google">verylightgrey</contenuImg>
            <contenuImg CS="0.50" lang="en" source="google">Pattern</contenuImg>
            <contenuImg CS="0.52" lang="en" source="google">Flowerpot</contenuImg>
            <contenuImg CS="0.53" lang="en" source="google">Wildflower</contenuImg>
            <contenuImg CS="0.56" lang="en" source="google">Pattern</contenuImg>
            <contenuImg CS="0.70" h="1149" lang="en" source="google" w="1534" x="709.9" y="1963.6">Textile</contenuImg>
            <contenuImg CS="0.74" h="1149" lang="en" source="google" w="1534" x="709.9" y="1963.6">Plant</contenuImg>
            <contenuImg CS="0.77" h="1149" lang="en" source="google" w="1534" x="709.9" y="1963.6">Flower</contenuImg>
            <contenuImg CS="0.79" h="1149" lang="en" source="google" w="1534" x="709.9" y="1963.6">Botany</contenuImg>
            <tech source="final">estampe/gravure</tech>
            <fonction source="md">papier-peint</fonction>
            <fonction source="final">papier-peint</fonction>
            <tech CS="1" source="hm">estampe/gravure</tech>
            <theme CS="1" source="md">0</theme>
            <contenuImg CS="1.0" lang="fr" source="md">Insectes</contenuImg>
            <contenuImg CS="1.0" lang="fr" source="md">Libellules</contenuImg>
            <contenuImg CS="1.0" lang="fr" source="md">Tulipes</contenuImg>
            <contenuImg CS="1.0" lang="fr" source="md">Roses</contenuImg>
            <contenuImg CS="1.0" lang="fr" source="md">Primevères</contenuImg>
            <contenuImg CS="1.0" lang="fr" source="md">Reine-marguerite</contenuImg>
            <contenuImg CS="1.0" lang="fr" source="md">Anémones</contenuImg>
            <contenuImg CS="1.0" lang="fr" source="md">Figures à l'antique</contenuImg>
            <contenuImg CS="1.0" lang="fr" source="md">Peinture en camaïeu</contenuImg>
            <contenuImg CS="1.0" lang="fr" source="md">Vases à l'antique</contenuImg>
            <contenuImg CS="1.0" lang="fr" source="md">Fleurs (ornement)</contenuImg>
            <contenuImg CS="1.0" lang="fr" source="md">Volubilis</contenuImg>
            <contenuImg CS="1.0" lang="fr" source="md">Motifs décoratifs</contenuImg>
            <titraille>Papier à motif répétitif : papier peint / Dubois</titraille>
          </ill>
        </ills>
      </page>
    </pages>
  </contenus>
</analyseAlto>