<analyseAlto>
  <metad>
    <type>I</type>
    <ID>btv1b69010502</ID>
    <titre>Papier à motif répétitif : papier peint</titre>
    <dateEdition>1798</dateEdition>
    <auteur>inconnu</auteur>
    <lang>fre</lang>
    <source>Bibliothèque nationale de France, département Estampes et photographie, EST LI-15</source>
    <sujet>Rayures (ornements) -- Vases à l_antique -- Coupes à l'antique (ornement) -- Palmettes (ornement) -- Grecques (ornement) -- Végétaux stylisés -- Draperies (ornement) -- Camaïeu, Peinture en -- Motifs décoratifs</sujet>
    <descr>Appartient à l’ensemble documentaire : PaPeint18 -- Papier peint</descr>
    <format>inconnu</format>
    <couverture>inconnu</couverture>
    <largeurPx>6744</largeurPx>
    <hauteurPx>8232</hauteurPx>
    <ocr>false</ocr>
    <toc>false</toc>
    <caption>false</caption>
    <nbPage>1</nbPage>
  </metad>
  <contenus ocr="false" toc="false">
    <largeur>285</largeur>
    <hauteur>348</hauteur>
    <largeurPx>6744</largeurPx>
    <hauteurPx>8232</hauteurPx>
    <pages>
      <page ordre="1">
        <blocIll ocr="1">1</blocIll>
        <ills>
          <ill classif="CCgoogle" couleur="coul" h="8232" hash="72f74c033270f572" n="1-1" taille="25" w="6744" x="1" y="1">
            <contenuImg CS="0.81" h="4270" lang="fr" source="google" w="2394" x="1225.4" y="823.2">textile</contenuImg>
            <contenuImg CS="0.78" lang="fr" source="google">conception</contenuImg>
            <contenuImg CS="0.79" h="4270" lang="fr" source="google" w="2394" x="1225.4" y="823.2">botanique</contenuImg>
            <contenuImg CS="0.58" lang="fr" source="google">couverture</contenuImg>
            <contenuImg CS="0.78" lang="fr" source="google">modèle motif</contenuImg>
            <contenuImg CS="0.96" coul="1" h="4270" lang="fr" source="google" w="2394" x="1225.4" y="823.2">vert</contenuImg>
            <contenuImg CS="0.78" lang="fr" source="google">modèle</contenuImg>
            <contenuImg CS="0.78" lang="fr" source="google">design</contenuImg>
            <contenuImg CS="0.76" lang="fr" source="google">feuille</contenuImg>
            <contenuImg CS="0.70" lang="fr" source="google">arts visuels</contenuImg>
            <contenuImg CS="0.60" lang="fr" source="google">symétrie</contenuImg>
            <contenuImg CS="0.94" coul="1" lang="fr" source="google">gris</contenuImg>
            <contenuImg CS="0.84" coul="1" lang="fr" source="google">bleu cadet</contenuImg>
            <contenuImg CS="0.77" coul="1" lang="fr" source="google">gris foncé</contenuImg>
            <contenuImg CS="0.40" coul="1" lang="fr" source="google">vert foncé</contenuImg>
            <contenuImg CS="0.24" coul="1" lang="fr" source="google">vert cuivre</contenuImg>
            <contenuImg CS="0.16" coul="1" lang="fr" source="google">gris ardoise foncé</contenuImg>
            <contenuImg CS="0.11" coul="1" lang="fr" source="google">argent</contenuImg>
            <contenuImg b="178" coul="1" g="171" r="154" source="colorific" type="bkg">#9aabb2</contenuImg>
            <contenuImg b="38" coul="1" g="33" ordre="6" r="85" source="colorific" type="frg">#552126</contenuImg>
            <contenuImg b="74" coul="1" g="112" ordre="5" r="116" source="colorific" type="frg">#74704a</contenuImg>
            <contenuImg b="140" coul="1" g="135" ordre="4" r="156" source="colorific" type="frg">#9c878c</contenuImg>
            <contenuImg b="32" coul="1" g="37" ordre="3" r="44" source="colorific" type="frg">#2c2520</contenuImg>
            <contenuImg b="94" coul="1" g="92" ordre="2" r="140" source="colorific" type="frg">#8c5c5e</contenuImg>
            <contenuImg b="81" coul="1" g="81" ordre="1" r="64" source="colorific" type="frg">#405151</contenuImg>
            <contenuImg CS="1.0" lang="en" source="md">decorative patterns</contenuImg>
            <contenuImg CS="1.0" lang="en" source="md">camaïeu painting</contenuImg>
            <contenuImg CS="1.0" lang="en" source="md">draperies (ornament)</contenuImg>
            <contenuImg CS="1.0" lang="en" source="md">stylized plants</contenuImg>
            <contenuImg CS="1.0" lang="en" source="md">Greek (ornament)</contenuImg>
            <contenuImg CS="1.0" lang="en" source="md">palmettes (ornament)</contenuImg>
            <contenuImg CS="1.0" lang="en" source="md">cups in the antique (ornament)</contenuImg>
            <contenuImg CS="1.0" lang="en" source="md">vases in the antique</contenuImg>
            <contenuImg CS="1.0" lang="en" source="md">stripes (ornaments)</contenuImg>
            <contenuImg CS="0.11" coul="1" lang="en" source="google">silver</contenuImg>
            <contenuImg CS="0.16" coul="1" lang="en" source="google">darkslategrey</contenuImg>
            <contenuImg CS="0.24" coul="1" lang="en" source="google">greencopper</contenuImg>
            <contenuImg CS="0.40" coul="1" lang="en" source="google">darkgreen</contenuImg>
            <contenuImg CS="0.77" coul="1" lang="en" source="google">dimgrey</contenuImg>
            <contenuImg CS="0.84" coul="1" lang="en" source="google">cadetblue</contenuImg>
            <contenuImg CS="0.94" coul="1" lang="en" source="google">gray</contenuImg>
            <contenuImg CS="1.19" coul="1" lang="en" source="google">darkgray</contenuImg>
            <contenuImg CS="0.58" lang="en" source="google">Rug</contenuImg>
            <contenuImg CS="0.60" lang="en" source="google">Symmetry</contenuImg>
            <contenuImg CS="0.70" lang="en" source="google">Visual arts</contenuImg>
            <contenuImg CS="0.76" lang="en" source="google">Leaf</contenuImg>
            <contenuImg CS="0.78" lang="en" source="google">Design</contenuImg>
            <contenuImg CS="0.78" lang="en" source="google">Pattern</contenuImg>
            <contenuImg CS="0.79" h="4270" lang="en" source="google" w="2394" x="1225.4" y="823.2">Botany</contenuImg>
            <contenuImg CS="0.81" h="4270" lang="en" source="google" w="2394" x="1225.4" y="823.2">Textile</contenuImg>
            <contenuImg CS="0.95" h="4270" lang="en" source="google" w="2394" x="1225.4" y="823.2">Pattern</contenuImg>
            <contenuImg CS="0.96" coul="1" h="4270" lang="en" source="google" w="2394" x="1225.4" y="823.2">Green</contenuImg>
            <tech source="final">estampe/gravure</tech>
            <fonction source="md">papier-peint</fonction>
            <fonction source="final">papier-peint</fonction>
            <tech CS="1" source="hm">estampe/gravure</tech>
            <theme CS="1" source="md">0</theme>
            <contenuImg CS="1.0" lang="fr" source="md">Rayures (ornements)</contenuImg>
            <contenuImg CS="1.0" lang="fr" source="md">Vases à l'antique</contenuImg>
            <contenuImg CS="1.0" lang="fr" source="md">Coupes à l'antique (ornement)</contenuImg>
            <contenuImg CS="1.0" lang="fr" source="md">Palmettes (ornement)</contenuImg>
            <contenuImg CS="1.0" lang="fr" source="md">Grecques (ornement)</contenuImg>
            <contenuImg CS="1.0" lang="fr" source="md">Végétaux stylisés</contenuImg>
            <contenuImg CS="1.0" lang="fr" source="md">Draperies (ornement)</contenuImg>
            <contenuImg CS="1.0" lang="fr" source="md">Peinture en camaïeu</contenuImg>
            <contenuImg CS="1.0" lang="fr" source="md">Motifs décoratifs</contenuImg>
            <titraille>Papier à motif répétitif : papier peint</titraille>
          </ill>
        </ills>
      </page>
    </pages>
  </contenus>
</analyseAlto>