<analyseAlto>
  <metad>
    <type>I</type>
    <ID>btv1b6901092d</ID>
    <titre>Bordure : papier peint</titre>
    <dateEdition>1799</dateEdition>
    <auteur>inconnu</auteur>
    <lang>fre</lang>
    <source>Bibliothèque nationale de France, département Estampes et photographie, EST LI-15</source>
    <sujet>Roses -- Rosaces (architecture) -- Églantiers -- Frises -- Rayures (ornements) -- Chevrons -- Losanges (ornement) -- Feuilles stylisées (ornement) -- Fleurs (ornement) -- Dentelures (ornement) -- Motifs décoratifs</sujet>
    <descr>Appartient à l’ensemble documentaire : PaPeint18 -- Papier peint</descr>
    <format>inconnu</format>
    <couverture>inconnu</couverture>
    <largeurPx>6824</largeurPx>
    <hauteurPx>5608</hauteurPx>
    <ocr>false</ocr>
    <toc>false</toc>
    <caption>false</caption>
    <nbPage>1</nbPage>
  </metad>
  <contenus ocr="false" toc="false">
    <largeur>288</largeur>
    <hauteur>237</hauteur>
    <largeurPx>6824</largeurPx>
    <hauteurPx>5608</hauteurPx>
    <pages>
      <page ordre="1">
        <blocIll ocr="1">1</blocIll>
        <ills>
          <ill classif="CCgoogle" couleur="coul" h="5608" hash="ffaaa8c8ffaa8800" n="1-1" taille="17" w="6824" x="1" y="1">
            <contenuImg CS="0.76" h="3510" lang="fr" source="google" w="2636" x="1537.4" y="560.8">textile</contenuImg>
            <contenuImg CS="0.53" lang="fr" source="google">magenta</contenuImg>
            <contenuImg CS="0.75" h="3510" lang="fr" source="google" w="2636" x="1537.4" y="560.8">modèle motif</contenuImg>
            <contenuImg CS="0.75" h="3510" lang="fr" source="google" w="2636" x="1537.4" y="560.8">modèle</contenuImg>
            <contenuImg CS="0.65" h="3510" lang="fr" source="google" w="2636" x="1537.4" y="560.8">arts visuels</contenuImg>
            <contenuImg CS="0.63" h="3510" lang="fr" source="google" w="2636" x="1537.4" y="560.8">art</contenuImg>
            <contenuImg CS="0.59" lang="fr" source="google">travaux d'aiguille</contenuImg>
            <contenuImg CS="0.59" lang="fr" source="google">plante</contenuImg>
            <contenuImg CS="0.55" lang="fr" source="google">broderie</contenuImg>
            <contenuImg CS="0.86" coul="1" lang="fr" source="google">brun foncé</contenuImg>
            <contenuImg CS="0.37" coul="1" lang="fr" source="google">noir</contenuImg>
            <contenuImg CS="0.21" coul="1" lang="fr" source="google">chocolat à pâtisser</contenuImg>
            <contenuImg CS="0.15" coul="1" lang="fr" source="google">rose</contenuImg>
            <contenuImg CS="0.64" coul="1" lang="fr" source="google">vert foncé</contenuImg>
            <contenuImg CS="0.28" coul="1" lang="fr" source="google">bronze</contenuImg>
            <contenuImg CS="0.20" coul="1" lang="fr" source="google">gris foncé</contenuImg>
            <contenuImg b="150" coul="1" g="160" ordre="6" r="172" source="colorific" type="frg">#aca096</contenuImg>
            <contenuImg b="33" coul="1" g="38" ordre="5" r="33" source="colorific" type="frg">#212621</contenuImg>
            <contenuImg b="31" coul="1" g="36" ordre="4" r="104" source="colorific" type="frg">#68241f</contenuImg>
            <contenuImg b="96" coul="1" g="81" ordre="3" r="139" source="colorific" type="frg">#8b5160</contenuImg>
            <contenuImg b="72" coul="1" g="77" ordre="2" r="79" source="colorific" type="frg">#4f4d48</contenuImg>
            <contenuImg b="0" coul="1" g="0" ordre="1" r="0" source="colorific" type="frg">#000000</contenuImg>
            <contenuImg CS="1.0" lang="en" source="md">decorative patterns</contenuImg>
            <contenuImg CS="1.0" lang="en" source="md">dentures (ornament)</contenuImg>
            <contenuImg CS="1.0" lang="en" source="md">flowers (ornament)</contenuImg>
            <contenuImg CS="1.0" lang="en" source="md">stylized leaves (ornament)</contenuImg>
            <contenuImg CS="1.0" lang="en" source="md">rhombuses (ornament)</contenuImg>
            <contenuImg CS="1.0" lang="en" source="md">rafters</contenuImg>
            <contenuImg CS="1.0" lang="en" source="md">stripes (ornaments)</contenuImg>
            <contenuImg CS="1.0" lang="en" source="md">curly</contenuImg>
            <contenuImg CS="1.0" lang="en" source="md">rosehip (plants)</contenuImg>
            <contenuImg CS="1.0" lang="en" source="md">rosettes (architecture)</contenuImg>
            <contenuImg CS="1.0" lang="en" source="md">roses (flowers)</contenuImg>
            <contenuImg CS="0.20" coul="1" lang="en" source="google">dimgrey</contenuImg>
            <contenuImg CS="0.28" coul="1" lang="en" source="google">bronze</contenuImg>
            <contenuImg CS="0.64" coul="1" lang="en" source="google">darkgreen</contenuImg>
            <contenuImg CS="0.15" coul="1" lang="en" source="google">pink</contenuImg>
            <contenuImg CS="0.21" coul="1" lang="en" source="google">bakerschocolate</contenuImg>
            <contenuImg CS="0.37" coul="1" lang="en" source="google">black</contenuImg>
            <contenuImg CS="0.52" coul="1" lang="en" source="google">pink</contenuImg>
            <contenuImg CS="0.86" coul="1" lang="en" source="google">darktan</contenuImg>
            <contenuImg CS="0.53" lang="en" source="google">Magenta</contenuImg>
            <contenuImg CS="0.55" lang="en" source="google">Embroidery</contenuImg>
            <contenuImg CS="0.59" lang="en" source="google">Plant</contenuImg>
            <contenuImg CS="0.59" lang="en" source="google">Needlework</contenuImg>
            <contenuImg CS="0.63" h="3510" lang="en" source="google" w="2636" x="1537.4" y="560.8">Art</contenuImg>
            <contenuImg CS="0.65" h="3510" lang="en" source="google" w="2636" x="1537.4" y="560.8">Visual arts</contenuImg>
            <contenuImg CS="0.75" h="3510" lang="en" source="google" w="2636" x="1537.4" y="560.8">Pattern</contenuImg>
            <contenuImg CS="0.76" h="3510" lang="en" source="google" w="2636" x="1537.4" y="560.8">Textile</contenuImg>
            <tech source="final">estampe/gravure</tech>
            <fonction source="md">papier-peint</fonction>
            <fonction source="final">papier-peint</fonction>
            <tech CS="1" source="hm">estampe/gravure</tech>
            <theme CS="1" source="md">0</theme>
            <contenuImg CS="1.0" lang="fr" source="md">Roses</contenuImg>
            <contenuImg CS="1.0" lang="fr" source="md">Rosaces (architecture)</contenuImg>
            <contenuImg CS="1.0" lang="fr" source="md">Églantiers</contenuImg>
            <contenuImg CS="1.0" lang="fr" source="md">Frises</contenuImg>
            <contenuImg CS="1.0" lang="fr" source="md">Rayures (ornements)</contenuImg>
            <contenuImg CS="1.0" lang="fr" source="md">Chevrons</contenuImg>
            <contenuImg CS="1.0" lang="fr" source="md">Losanges (ornement)</contenuImg>
            <contenuImg CS="1.0" lang="fr" source="md">Feuilles stylisées (ornement)</contenuImg>
            <contenuImg CS="1.0" lang="fr" source="md">Fleurs (ornement)</contenuImg>
            <contenuImg CS="1.0" lang="fr" source="md">Dentelures (ornement)</contenuImg>
            <contenuImg CS="1.0" lang="fr" source="md">Motifs décoratifs</contenuImg>
            <titraille>Bordure : papier peint</titraille>
          </ill>
        </ills>
      </page>
    </pages>
  </contenus>
</analyseAlto>