<analyseAlto>
  <metad>
    <type>I</type>
    <ID>btv1b69015034</ID>
    <titre>Papier à motif répétitif : papier peint</titre>
    <dateEdition>1799</dateEdition>
    <auteur>inconnu</auteur>
    <lang>fre</lang>
    <source>Bibliothèque nationale de France</source>
    <sujet>Ornements géométriques -- Cercle -- Carreaux -- Frises -- Instruments de musique -- Lyre -- Grecques (ornement) -- Flûte double -- Motifs décoratifs</sujet>
    <descr>Appartient à l’ensemble documentaire : PaPeint18 -- Papier peint</descr>
    <format>inconnu</format>
    <couverture>inconnu</couverture>
    <largeurPx>6896</largeurPx>
    <hauteurPx>9584</hauteurPx>
    <ocr>false</ocr>
    <toc>false</toc>
    <nbPage>2</nbPage>
  </metad>
  <contenus ocr="false" toc="false">
    <largeur>291</largeur>
    <hauteur>405</hauteur>
    <largeurPx>6896</largeurPx>
    <hauteurPx>9584</hauteurPx>
    <pages>
      <page ordre="1">
        <blocIll ocr="1">1</blocIll>
        <ills>
          <ill classif="CCgoogle" couleur="coul" h="9584" hash="40afa040ff804fff" n="1-1" taille="30" w="6896" x="1" y="1">
            <contenuImg CS="0.72" h="1729" lang="fr" source="google" w="3063" x="689.6" y="958.4">conception</contenuImg>
            <contenuImg CS="0.91" h="1729" lang="fr" source="google" w="3063" x="689.6" y="958.4">modèle motif</contenuImg>
            <contenuImg CS="0.97" coul="1" h="1729" lang="fr" source="google" w="3063" x="689.6" y="958.4">vert</contenuImg>
            <contenuImg CS="0.91" h="1729" lang="fr" source="google" w="3063" x="689.6" y="958.4">modèle</contenuImg>
            <contenuImg CS="0.72" h="1729" lang="fr" source="google" w="3063" x="689.6" y="958.4">design</contenuImg>
            <contenuImg CS="0.59" h="1729" lang="fr" source="google" w="3063" x="689.6" y="958.4">tuile</contenuImg>
            <contenuImg CS="0.56" lang="fr" source="google">maille</contenuImg>
            <contenuImg CS="0.51" lang="fr" source="google">métal</contenuImg>
            <contenuImg CS="0.68" coul="1" lang="fr" source="google">gris ardoise foncé</contenuImg>
            <contenuImg CS="0.49" coul="1" lang="fr" source="google">noir</contenuImg>
            <contenuImg CS="0.35" coul="1" lang="fr" source="google">vert foncé</contenuImg>
            <contenuImg b="166" coul="1" g="170" ordre="5" r="164" source="colorific" type="frg">#a4aaa6</contenuImg>
            <contenuImg b="0" coul="1" g="0" ordre="4" r="0" source="colorific" type="frg">#000000</contenuImg>
            <contenuImg b="81" coul="1" g="95" ordre="3" r="69" source="colorific" type="frg">#455f51</contenuImg>
            <contenuImg b="115" coul="1" g="102" ordre="2" r="98" source="colorific" type="frg">#626673</contenuImg>
            <contenuImg b="38" coul="1" g="52" ordre="1" r="50" source="colorific" type="frg">#323426</contenuImg>
            <contenuImg CS="1.0" lang="en" source="md">decorative patterns</contenuImg>
            <contenuImg CS="1.0" lang="en" source="md">double flute</contenuImg>
            <contenuImg CS="1.0" lang="en" source="md">Greek (ornament)</contenuImg>
            <contenuImg CS="1.0" lang="en" source="md">lyre</contenuImg>
            <contenuImg CS="1.0" lang="en" source="md">musical instruments</contenuImg>
            <contenuImg CS="1.0" lang="en" source="md">curly</contenuImg>
            <contenuImg CS="1.0" lang="en" source="md">tiles</contenuImg>
            <contenuImg CS="1.0" lang="en" source="md">circle</contenuImg>
            <contenuImg CS="1.0" lang="en" source="md">geometric ornaments</contenuImg>
            <contenuImg CS="0.35" coul="1" lang="en" source="google">darkgreen</contenuImg>
            <contenuImg CS="0.35" coul="1" lang="en" source="google">darkgreen</contenuImg>
            <contenuImg CS="0.35" coul="1" lang="en" source="google">darkgreen</contenuImg>
            <contenuImg CS="0.49" coul="1" lang="en" source="google">black</contenuImg>
            <contenuImg CS="0.73" coul="1" lang="en" source="google">black</contenuImg>
            <contenuImg CS="0.68" coul="1" lang="en" source="google">darkslategrey</contenuImg>
            <contenuImg CS="1.65" coul="1" lang="en" source="google">darkgreen</contenuImg>
            <contenuImg CS="0.51" lang="en" source="google">Metal</contenuImg>
            <contenuImg CS="0.56" lang="en" source="google">Mesh</contenuImg>
            <contenuImg CS="0.59" h="1729" lang="en" source="google" w="3063" x="689.6" y="958.4">Tile</contenuImg>
            <contenuImg CS="0.72" h="1729" lang="en" source="google" w="3063" x="689.6" y="958.4">Design</contenuImg>
            <contenuImg CS="0.91" h="1729" lang="en" source="google" w="3063" x="689.6" y="958.4">Pattern</contenuImg>
            <contenuImg CS="0.97" coul="1" h="1729" lang="en" source="google" w="3063" x="689.6" y="958.4">Green</contenuImg>
            <tech source="final">estampe/gravure</tech>
            <fonction source="md">papier-peint</fonction>
            <fonction source="final">papier-peint</fonction>
            <tech CS="1" source="hm">estampe/gravure</tech>
            <theme CS="1" source="md">0</theme>
            <contenuImg CS="1.0" lang="fr" source="md">Ornements géométriques</contenuImg>
            <contenuImg CS="1.0" lang="fr" source="md">Cercle</contenuImg>
            <contenuImg CS="1.0" lang="fr" source="md">Carreaux</contenuImg>
            <contenuImg CS="1.0" lang="fr" source="md">Frises</contenuImg>
            <contenuImg CS="1.0" lang="fr" source="md">Instruments de musique</contenuImg>
            <contenuImg CS="1.0" lang="fr" source="md">Lyre</contenuImg>
            <contenuImg CS="1.0" lang="fr" source="md">Grecques (ornement)</contenuImg>
            <contenuImg CS="1.0" lang="fr" source="md">Flûte double</contenuImg>
            <contenuImg CS="1.0" lang="fr" source="md">Motifs décoratifs</contenuImg>
            <titraille>Papier à motif répétitif : papier peint</titraille>
          </ill>
        </ills>
      </page>
      <page ordre="2">
        <blocIll ocr="1">1</blocIll>
        <ills>
          <ill classif="CCgoogle" couleur="coul" h="8472" hash="ecff1f071f0f0500" n="2-1" taille="30" w="6944" x="1" y="1">
            <contenuImg CS="0.77" h="1976" lang="fr" source="google" w="3496" x="694.4" y="847.2">conception</contenuImg>
            <contenuImg CS="0.75" h="1976" lang="fr" source="google" w="3496" x="694.4" y="847.2">modèle motif</contenuImg>
            <contenuImg CS="0.88" coul="1" h="1976" lang="fr" source="google" w="3496" x="694.4" y="847.2">marron</contenuImg>
            <contenuImg CS="0.77" h="1976" lang="fr" source="google" w="3496" x="694.4" y="847.2">design</contenuImg>
            <contenuImg CS="0.75" h="1976" lang="fr" source="google" w="3496" x="694.4" y="847.2">modèle</contenuImg>
            <contenuImg CS="0.66" lang="fr" source="google">métal</contenuImg>
            <contenuImg CS="0.57" lang="fr" source="google">symétrie</contenuImg>
            <contenuImg CS="0.54" lang="fr" source="google">cercle</contenuImg>
            <contenuImg CS="1.75" coul="1" lang="fr" source="google">bronze</contenuImg>
            <contenuImg CS="1.22" coul="1" lang="fr" source="google">bois moyen</contenuImg>
            <contenuImg CS="0.43" coul="1" lang="fr" source="google">gris foncé</contenuImg>
            <contenuImg CS="0.33" coul="1" lang="fr" source="google">gris</contenuImg>
            <contenuImg CS="0.16" coul="1" lang="fr" source="google">chocolat à pâtisser</contenuImg>
            <contenuImg CS="0.15" coul="1" lang="fr" source="google">morceaux de chocolat</contenuImg>
            <contenuImg b="49" coul="1" g="71" ordre="6" r="93" source="colorific" type="frg">#5d4731</contenuImg>
            <contenuImg b="17" coul="1" g="33" ordre="5" r="33" source="colorific" type="frg">#212111</contenuImg>
            <contenuImg b="0" coul="1" g="0" ordre="4" r="0" source="colorific" type="frg">#000000</contenuImg>
            <contenuImg b="57" coul="1" g="80" ordre="3" r="70" source="colorific" type="frg">#465039</contenuImg>
            <contenuImg b="98" coul="1" g="128" ordre="2" r="158" source="colorific" type="frg">#9e8062</contenuImg>
            <contenuImg b="109" coul="1" g="114" ordre="1" r="110" source="colorific" type="frg">#6e726d</contenuImg>
            <contenuImg CS="1.0" lang="en" source="md">decorative patterns</contenuImg>
            <contenuImg CS="1.0" lang="en" source="md">double flute</contenuImg>
            <contenuImg CS="1.0" lang="en" source="md">Greek (ornament)</contenuImg>
            <contenuImg CS="1.0" lang="en" source="md">lyre</contenuImg>
            <contenuImg CS="1.0" lang="en" source="md">musical instruments</contenuImg>
            <contenuImg CS="1.0" lang="en" source="md">curly</contenuImg>
            <contenuImg CS="1.0" lang="en" source="md">tiles</contenuImg>
            <contenuImg CS="1.0" lang="en" source="md">circle</contenuImg>
            <contenuImg CS="1.0" lang="en" source="md">geometric ornaments</contenuImg>
            <contenuImg CS="0.15" coul="1" lang="en" source="google">semisweetchocolate</contenuImg>
            <contenuImg CS="0.16" coul="1" lang="en" source="google">bakerschocolate</contenuImg>
            <contenuImg CS="0.33" coul="1" lang="en" source="google">gray</contenuImg>
            <contenuImg CS="0.34" coul="1" lang="en" source="google">semisweetchocolate</contenuImg>
            <contenuImg CS="0.43" coul="1" lang="en" source="google">darkgray</contenuImg>
            <contenuImg CS="1.22" coul="1" lang="en" source="google">mediumwood</contenuImg>
            <contenuImg CS="1.75" coul="1" lang="en" source="google">bronze</contenuImg>
            <contenuImg CS="0.54" lang="en" source="google">Circle</contenuImg>
            <contenuImg CS="0.57" lang="en" source="google">Symmetry</contenuImg>
            <contenuImg CS="0.66" lang="en" source="google">Metal</contenuImg>
            <contenuImg CS="0.75" h="1976" lang="en" source="google" w="3496" x="694.4" y="847.2">Pattern</contenuImg>
            <contenuImg CS="0.77" h="1976" lang="en" source="google" w="3496" x="694.4" y="847.2">Design</contenuImg>
            <contenuImg CS="0.88" coul="1" h="1976" lang="en" source="google" w="3496" x="694.4" y="847.2">Brown</contenuImg>
            <contenuImg CS="0.95" h="1976" lang="en" source="google" w="3496" x="694.4" y="847.2">Pattern</contenuImg>
            <tech source="final">estampe/gravure</tech>
            <fonction source="md">papier-peint</fonction>
            <fonction source="final">papier-peint</fonction>
            <tech CS="1" source="hm">estampe/gravure</tech>
            <theme CS="1" source="md">0</theme>
            <contenuImg CS="1.0" lang="fr" source="md">Ornements géométriques</contenuImg>
            <contenuImg CS="1.0" lang="fr" source="md">Cercle</contenuImg>
            <contenuImg CS="1.0" lang="fr" source="md">Carreaux</contenuImg>
            <contenuImg CS="1.0" lang="fr" source="md">Frises</contenuImg>
            <contenuImg CS="1.0" lang="fr" source="md">Instruments de musique</contenuImg>
            <contenuImg CS="1.0" lang="fr" source="md">Lyre</contenuImg>
            <contenuImg CS="1.0" lang="fr" source="md">Grecques (ornement)</contenuImg>
            <contenuImg CS="1.0" lang="fr" source="md">Flûte double</contenuImg>
            <contenuImg CS="1.0" lang="fr" source="md">Motifs décoratifs</contenuImg>
            <titraille>Papier à motif répétitif : papier peint</titraille>
          </ill>
        </ills>
      </page>
    </pages>
  </contenus>
</analyseAlto>