<analyseAlto>
  <metad>
    <type>I</type>
    <ID>btv1b6900948s</ID>
    <titre>Bordure : papier peint</titre>
    <dateEdition>1805</dateEdition>
    <auteur>Jacquemart et Bénard (Manufacture). Fonction indéterminée</auteur>
    <lang>fre</lang>
    <source>Bibliothèque nationale de France, Li-24a-Ft 4</source>
    <sujet>Frises -- Plumes de paon -- Végétaux stylisés -- Motifs décoratifs</sujet>
    <descr>Appartient à l’ensemble documentaire : PaPeint18 -- Papier peint</descr>
    <format>inconnu</format>
    <couverture>inconnu</couverture>
    <largeurPx>6544</largeurPx>
    <hauteurPx>3416</hauteurPx>
    <ocr>false</ocr>
    <toc>false</toc>
    <nbPage>1</nbPage>
  </metad>
  <contenus ocr="false" toc="false">
    <largeur>277</largeur>
    <hauteur>144</hauteur>
    <largeurPx>6544</largeurPx>
    <hauteurPx>3416</hauteurPx>
    <pages>
      <page ordre="1">
        <blocIll ocr="1">1</blocIll>
        <ills>
          <ill classif="CCgoogle" couleur="coul" h="3416" hash="00ffff0000ffff00" n="1-1" taille="10" w="6544" x="1" y="1">
            <contenuImg CS="0.56" h="3320" lang="fr" source="google" w="3325" x="2563.4" y="341.6">modèle motif</contenuImg>
            <contenuImg CS="0.69" h="3320" lang="fr" source="google" w="3325" x="2563.4" y="341.6">plume</contenuImg>
            <contenuImg CS="0.60" h="3320" lang="fr" source="google" w="3325" x="2563.4" y="341.6">sculpture</contenuImg>
            <contenuImg CS="0.60" h="3320" lang="fr" source="google" w="3325" x="2563.4" y="341.6">bois</contenuImg>
            <contenuImg CS="0.56" h="3320" lang="fr" source="google" w="3325" x="2563.4" y="341.6">modèle</contenuImg>
            <contenuImg CS="0.53" lang="fr" source="google">meubles</contenuImg>
            <contenuImg CS="0.51" lang="fr" source="google">métal</contenuImg>
            <contenuImg CS="0.50" lang="fr" source="google">art</contenuImg>
            <contenuImg CS="3.35" coul="1" lang="fr" source="google">saumon</contenuImg>
            <contenuImg CS="0.36" coul="1" lang="fr" source="google">chocolat à pâtisser</contenuImg>
            <contenuImg CS="0.24" coul="1" lang="fr" source="google">bois foncé</contenuImg>
            <contenuImg CS="0.22" coul="1" lang="fr" source="google">bois moyen</contenuImg>
            <contenuImg CS="0.21" coul="1" lang="fr" source="google">noir</contenuImg>
            <contenuImg b="65" coul="1" g="88" r="120" source="colorific" type="bkg">#785841</contenuImg>
            <contenuImg b="49" coul="1" g="57" ordre="3" r="71" source="colorific" type="frg">#473931</contenuImg>
            <contenuImg b="90" coul="1" g="141" ordre="2" r="176" source="colorific" type="frg">#b08d5a</contenuImg>
            <contenuImg b="38" coul="1" g="38" ordre="1" r="37" source="colorific" type="frg">#252626</contenuImg>
            <contenuImg CS="1.0" lang="en" source="md">decorative patterns</contenuImg>
            <contenuImg CS="1.0" lang="en" source="md">stylized plants</contenuImg>
            <contenuImg CS="1.0" lang="en" source="md">peacock feathers</contenuImg>
            <contenuImg CS="1.0" lang="en" source="md">curly</contenuImg>
            <contenuImg CS="0.21" coul="1" lang="en" source="google">black</contenuImg>
            <contenuImg CS="0.22" coul="1" lang="en" source="google">mediumwood</contenuImg>
            <contenuImg CS="0.24" coul="1" lang="en" source="google">darkwood</contenuImg>
            <contenuImg CS="0.27" coul="1" lang="en" source="google">darkwood</contenuImg>
            <contenuImg CS="0.36" coul="1" lang="en" source="google">bakerschocolate</contenuImg>
            <contenuImg CS="3.35" coul="1" lang="en" source="google">salmon</contenuImg>
            <contenuImg CS="0.50" lang="en" source="google">Art</contenuImg>
            <contenuImg CS="0.51" lang="en" source="google">Metal</contenuImg>
            <contenuImg CS="0.53" lang="en" source="google">Furniture</contenuImg>
            <contenuImg CS="0.56" h="3320" lang="en" source="google" w="3325" x="2563.4" y="341.6">Pattern</contenuImg>
            <contenuImg CS="0.60" h="3320" lang="en" source="google" w="3325" x="2563.4" y="341.6">Wood</contenuImg>
            <contenuImg CS="0.60" h="3320" lang="en" source="google" w="3325" x="2563.4" y="341.6">Carving</contenuImg>
            <contenuImg CS="0.69" h="3320" lang="en" source="google" w="3325" x="2563.4" y="341.6">Feather</contenuImg>
            <tech source="final">estampe/gravure</tech>
            <fonction source="md">papier-peint</fonction>
            <fonction source="final">papier-peint</fonction>
            <tech CS="1" source="hm">estampe/gravure</tech>
            <theme CS="1" source="md">0</theme>
            <contenuImg CS="1.0" lang="fr" source="md">Frises</contenuImg>
            <contenuImg CS="1.0" lang="fr" source="md">Plumes de paon</contenuImg>
            <contenuImg CS="1.0" lang="fr" source="md">Végétaux stylisés</contenuImg>
            <contenuImg CS="1.0" lang="fr" source="md">Motifs décoratifs</contenuImg>
            <titraille>Bordure : papier peint</titraille>
          </ill>
        </ills>
      </page>
    </pages>
  </contenus>
</analyseAlto>