<analyseAlto>
  <metad>
    <type>I</type>
    <ID>btv1b69001340</ID>
    <titre>Manufacture Chapillon. Papier à motif répétitif. Motif répétitif à deux chemins, en quinconce, d_animaux en camaïeu séparés par des arceaux de feuilles et baies stylisées : papier peint</titre>
    <dateEdition>1800</dateEdition>
    <auteur>inconnu</auteur>
    <lang>fre</lang>
    <source>Bibliothèque nationale de France, département Estampes et photographie, EST LI-23</source>
    <sujet>Animaux -- Cheval -- Lion -- Chameaux -- Cerfs -- Baies (fruits) -- Camaïeu, Peinture en -- Arceaux -- Feuilles stylisées (ornement) -- Motifs décoratifs -- 1800-1869</sujet>
    <descr>Appartient à l’ensemble documentaire : PaPeint18 -- Papier peint</descr>
    <format>inconnu</format>
    <couverture>inconnu</couverture>
    <largeurPx>6160</largeurPx>
    <hauteurPx>8168</hauteurPx>
    <ocr>false</ocr>
    <toc>false</toc>
    <caption>false</caption>
    <nbPage>1</nbPage>
  </metad>
  <contenus ocr="false" toc="false">
    <largeur>260</largeur>
    <hauteur>345</hauteur>
    <largeurPx>6160</largeurPx>
    <hauteurPx>8168</hauteurPx>
    <pages>
      <page ordre="1">
        <blocIll ocr="1">1</blocIll>
        <ills>
          <ill classif="CCgoogle" couleur="coul" h="8168" hash="decc13674c3352cc" n="1-1" taille="23" w="6160" x="1" y="1">
            <contenuImg CS="0.83" lang="fr" source="google">textile</contenuImg>
            <contenuImg CS="0.64" lang="fr" source="google">volaille</contenuImg>
            <contenuImg CS="0.87" h="1819" lang="fr" source="google" w="3220" x="616" y="1243.8">modèle motif</contenuImg>
            <contenuImg CS="0.98" h="1819" lang="fr" source="google" w="3220" x="616" y="1243.8">poulet</contenuImg>
            <contenuImg CS="0.98" h="1819" lang="fr" source="google" w="3220" x="616" y="1243.8">coq</contenuImg>
            <contenuImg CS="0.92" h="1819" lang="fr" source="google" w="3220" x="616" y="1243.8">galliformes (gallinacé)</contenuImg>
            <contenuImg CS="0.87" h="1819" lang="fr" source="google" w="3220" x="616" y="1243.8">modèle</contenuImg>
            <contenuImg CS="0.81" lang="fr" source="google">oiseau</contenuImg>
            <contenuImg CS="0.76" lang="fr" source="google">phasianidae (oiseau)</contenuImg>
            <contenuImg CS="0.70" lang="fr" source="google">bétail</contenuImg>
            <contenuImg CS="0.65" lang="fr" source="google">nappe de table</contenuImg>
            <contenuImg CS="2.37" coul="1" lang="fr" source="google">vert pâle</contenuImg>
            <contenuImg CS="0.58" coul="1" lang="fr" source="google">vert cuivre foncé</contenuImg>
            <contenuImg CS="0.49" coul="1" lang="fr" source="google">bleu nuit</contenuImg>
            <contenuImg CS="0.41" coul="1" lang="fr" source="google">argent</contenuImg>
            <contenuImg CS="0.34" coul="1" lang="fr" source="google">gris</contenuImg>
            <contenuImg CS="0.21" coul="1" lang="fr" source="google">bleu cadet</contenuImg>
            <contenuImg CS="0.13" coul="1" lang="fr" source="google">gris foncé</contenuImg>
            <contenuImg CS="0.08" coul="1" lang="fr" source="google">noir</contenuImg>
            <contenuImg b="175" coul="1" g="169" r="146" source="colorific" type="bkg">#92a9af</contenuImg>
            <contenuImg b="0" coul="1" g="0" ordre="4" r="0" source="colorific" type="frg">#000000</contenuImg>
            <contenuImg b="34" coul="1" g="36" ordre="3" r="18" source="colorific" type="frg">#122422</contenuImg>
            <contenuImg b="102" coul="1" g="91" ordre="2" r="105" source="colorific" type="frg">#695b66</contenuImg>
            <contenuImg b="77" coul="1" g="78" ordre="1" r="50" source="colorific" type="frg">#324e4d</contenuImg>
            <contenuImg CS="1.0" lang="en" source="md">decorative patterns - 1800-1869</contenuImg>
            <contenuImg CS="1.0" lang="en" source="md">stylized leaves (ornament)</contenuImg>
            <contenuImg CS="1.0" lang="en" source="md">hoops</contenuImg>
            <contenuImg CS="1.0" lang="en" source="md">camaïeu painting</contenuImg>
            <contenuImg CS="1.0" lang="en" source="md">berries (fruits)</contenuImg>
            <contenuImg CS="1.0" lang="en" source="md">deer</contenuImg>
            <contenuImg CS="1.0" lang="en" source="md">camels</contenuImg>
            <contenuImg CS="1.0" lang="en" source="md">lion</contenuImg>
            <contenuImg CS="1.0" lang="en" source="md">horse</contenuImg>
            <contenuImg CS="1.0" lang="en" source="md">animals</contenuImg>
            <contenuImg CS="0.08" coul="1" lang="en" source="google">black</contenuImg>
            <contenuImg CS="0.13" coul="1" lang="en" source="google">darkgray</contenuImg>
            <contenuImg CS="0.21" coul="1" lang="en" source="google">cadetblue</contenuImg>
            <contenuImg CS="0.34" coul="1" lang="en" source="google">grey</contenuImg>
            <contenuImg CS="0.41" coul="1" lang="en" source="google">silver</contenuImg>
            <contenuImg CS="0.49" coul="1" lang="en" source="google">midnightblue</contenuImg>
            <contenuImg CS="0.58" coul="1" lang="en" source="google">darkgreencopper</contenuImg>
            <contenuImg CS="2.37" coul="1" lang="en" source="google">palegreen</contenuImg>
            <contenuImg CS="0.64" lang="en" source="google">Poultry</contenuImg>
            <contenuImg CS="0.65" lang="en" source="google">Tablecloth</contenuImg>
            <contenuImg CS="0.70" lang="en" source="google">Livestock</contenuImg>
            <contenuImg CS="0.76" lang="en" source="google">Phasianidae</contenuImg>
            <contenuImg CS="0.81" lang="en" source="google">Bird</contenuImg>
            <contenuImg CS="0.83" lang="en" source="google">Textile</contenuImg>
            <contenuImg CS="0.87" h="1819" lang="en" source="google" w="3220" x="616" y="1243.8">Pattern</contenuImg>
            <contenuImg CS="0.92" h="1819" lang="en" source="google" w="3220" x="616" y="1243.8">Galliformes</contenuImg>
            <contenuImg CS="0.98" h="1819" lang="en" source="google" w="3220" x="616" y="1243.8">Rooster</contenuImg>
            <contenuImg CS="0.98" h="1819" lang="en" source="google" w="3220" x="616" y="1243.8">Chicken</contenuImg>
            <tech source="final">estampe/gravure</tech>
            <fonction source="md">papier-peint</fonction>
            <fonction source="final">papier-peint</fonction>
            <tech CS="1" source="hm">estampe/gravure</tech>
            <theme CS="1" source="md">0</theme>
            <contenuImg CS="1.0" lang="fr" source="md">Animaux</contenuImg>
            <contenuImg CS="1.0" lang="fr" source="md">Cheval</contenuImg>
            <contenuImg CS="1.0" lang="fr" source="md">Lion</contenuImg>
            <contenuImg CS="1.0" lang="fr" source="md">Chameaux</contenuImg>
            <contenuImg CS="1.0" lang="fr" source="md">Cerfs</contenuImg>
            <contenuImg CS="1.0" lang="fr" source="md">Baies (fruits)</contenuImg>
            <contenuImg CS="1.0" lang="fr" source="md">Peinture en camaïeu</contenuImg>
            <contenuImg CS="1.0" lang="fr" source="md">Arceaux</contenuImg>
            <contenuImg CS="1.0" lang="fr" source="md">Feuilles stylisées (ornement)</contenuImg>
            <contenuImg CS="1.0" lang="fr" source="md">Motifs décoratifs -- 1800-1869</contenuImg>
            <titraille>Manufacture Chapillon. Papier à motif répétitif. Motif répétitif à deux chemins, en quinconce, d_animaux en camaïeu séparés par des arceaux de feuilles et baies stylisées : papier peint</titraille>
          </ill>
        </ills>
      </page>
    </pages>
  </contenus>
</analyseAlto>