<analyseAlto>
  <metad>
    <type>I</type>
    <ID>btv1b6900823m</ID>
    <titre>Papier à motif répétitif : papier peint</titre>
    <dateEdition>1803</dateEdition>
    <auteur>Jacquemart et Bénard (Manufacture). Fonction indéterminée</auteur>
    <lang>fre</lang>
    <source>Bibliothèque nationale de France</source>
    <sujet>Ornements géométriques -- Frises -- Rubans (tissus) -- Chevrons -- Fleurs stylisées (ornement) -- Rosaces de fantaisie -- Motifs décoratifs</sujet>
    <descr>Appartient à l’ensemble documentaire : PaPeint18 -- Papier peint</descr>
    <format>inconnu</format>
    <couverture>inconnu</couverture>
    <largeurPx>6816</largeurPx>
    <hauteurPx>5424</hauteurPx>
    <ocr>false</ocr>
    <toc>false</toc>
    <nbPage>1</nbPage>
  </metad>
  <contenus ocr="false" toc="false">
    <largeur>288</largeur>
    <hauteur>229</hauteur>
    <largeurPx>6816</largeurPx>
    <hauteurPx>5424</hauteurPx>
    <pages>
      <page ordre="1">
        <blocIll ocr="1">1</blocIll>
        <ills>
          <ill classif="CCgoogle" couleur="coul" h="5424" hash="732abb7754332a12" n="1-1" taille="17" w="6816" x="1" y="1">
            <contenuImg CS="0.89" h="3401" lang="fr" source="google" w="2550" x="1536.6" y="542.4">magenta</contenuImg>
            <contenuImg CS="0.81" lang="fr" source="google">aqua</contenuImg>
            <contenuImg CS="0.80" lang="fr" source="google">textile</contenuImg>
            <contenuImg CS="0.80" lang="fr" source="google">lilas (plante)</contenuImg>
            <contenuImg CS="0.80" lang="fr" source="google">modèle motif</contenuImg>
            <contenuImg CS="0.86" h="3401" lang="fr" source="google" w="2550" x="1536.6" y="542.4">ligne</contenuImg>
            <contenuImg CS="0.84" coul="1" lang="fr" source="google">turquoise</contenuImg>
            <contenuImg CS="0.81" coul="1" lang="fr" source="google">violet</contenuImg>
            <contenuImg CS="0.80" lang="fr" source="google">modèle</contenuImg>
            <contenuImg CS="1.53" coul="1" lang="fr" source="google">vert cuivre foncé</contenuImg>
            <contenuImg CS="0.38" coul="1" lang="fr" source="google">vert cuivre</contenuImg>
            <contenuImg CS="0.69" coul="1" lang="fr" source="google">gris ardoise foncé</contenuImg>
            <contenuImg CS="0.57" coul="1" lang="fr" source="google">bleu cadet</contenuImg>
            <contenuImg CS="0.37" coul="1" lang="fr" source="google">vert foncé</contenuImg>
            <contenuImg CS="0.29" coul="1" lang="fr" source="google">rose</contenuImg>
            <contenuImg CS="0.26" coul="1" lang="fr" source="google">gris foncé</contenuImg>
            <contenuImg b="157" coul="1" g="138" r="196" source="colorific" type="bkg">#c48a9d</contenuImg>
            <contenuImg b="39" coul="1" g="38" ordre="2" r="40" source="colorific" type="frg">#282627</contenuImg>
            <contenuImg b="145" coul="1" g="157" ordre="1" r="117" source="colorific" type="frg">#759d91</contenuImg>
            <contenuImg CS="1.0" lang="en" source="md">decorative patterns</contenuImg>
            <contenuImg CS="1.0" lang="en" source="md">fancy rosettes</contenuImg>
            <contenuImg CS="1.0" lang="en" source="md">stylized flowers (ornament)</contenuImg>
            <contenuImg CS="1.0" lang="en" source="md">rafters</contenuImg>
            <contenuImg CS="1.0" lang="en" source="md">ribbons (fabrics)</contenuImg>
            <contenuImg CS="1.0" lang="en" source="md">curly</contenuImg>
            <contenuImg CS="1.0" lang="en" source="md">geometric ornaments</contenuImg>
            <contenuImg CS="0.26" coul="1" lang="en" source="google">darkgray</contenuImg>
            <contenuImg CS="0.29" coul="1" lang="en" source="google">pink</contenuImg>
            <contenuImg CS="0.37" coul="1" lang="en" source="google">darkgreen</contenuImg>
            <contenuImg CS="0.57" coul="1" lang="en" source="google">cadetblue</contenuImg>
            <contenuImg CS="0.69" coul="1" lang="en" source="google">darkslategrey</contenuImg>
            <contenuImg CS="0.38" coul="1" lang="en" source="google">greencopper</contenuImg>
            <contenuImg CS="1.53" coul="1" lang="en" source="google">darkgreencopper</contenuImg>
            <contenuImg CS="0.80" lang="en" source="google">Lilac</contenuImg>
            <contenuImg CS="0.80" lang="en" source="google">Textile</contenuImg>
            <contenuImg CS="0.80" lang="en" source="google">Pattern</contenuImg>
            <contenuImg CS="0.81" lang="en" source="google">Aqua</contenuImg>
            <contenuImg CS="0.81" coul="1" lang="en" source="google">Purple</contenuImg>
            <contenuImg CS="0.84" coul="1" lang="en" source="google">Turquoise</contenuImg>
            <contenuImg CS="0.86" h="3401" lang="en" source="google" w="2550" x="1536.6" y="542.4">Line</contenuImg>
            <contenuImg CS="0.89" h="3401" lang="en" source="google" w="2550" x="1536.6" y="542.4">Magenta</contenuImg>
            <contenuImg CS="0.96" h="3401" lang="en" source="google" w="2550" x="1536.6" y="542.4">Pattern</contenuImg>
            <contenuImg CS="0.97" coul="1" h="3401" lang="en" source="google" w="2550" x="1536.6" y="542.4">Pink</contenuImg>
            <tech source="final">estampe/gravure</tech>
            <fonction source="md">papier-peint</fonction>
            <fonction source="final">papier-peint</fonction>
            <tech CS="1" source="hm">estampe/gravure</tech>
            <theme CS="1" source="md">0</theme>
            <contenuImg CS="1.0" lang="fr" source="md">Ornements géométriques</contenuImg>
            <contenuImg CS="1.0" lang="fr" source="md">Frises</contenuImg>
            <contenuImg CS="1.0" lang="fr" source="md">Rubans (tissus)</contenuImg>
            <contenuImg CS="1.0" lang="fr" source="md">Chevrons</contenuImg>
            <contenuImg CS="1.0" lang="fr" source="md">Fleurs stylisées (ornement)</contenuImg>
            <contenuImg CS="1.0" lang="fr" source="md">Rosaces de fantaisie</contenuImg>
            <contenuImg CS="1.0" lang="fr" source="md">Motifs décoratifs</contenuImg>
            <titraille>Papier à motif répétitif : papier peint</titraille>
          </ill>
        </ills>
      </page>
    </pages>
  </contenus>
</analyseAlto>