<analyseAlto>
  <metad>
    <type>I</type>
    <ID>btv1b6901139c</ID>
    <titre>Bordure : papier peint</titre>
    <dateEdition>1800</dateEdition>
    <auteur>inconnu</auteur>
    <lang>fre</lang>
    <source>Bibliothèque nationale de France, département Estampes et photographie, EST LI-18</source>
    <sujet>Frises -- Cordes (ornement) -- Camaïeu, Peinture en -- Trompe-l_oeil (ornement) -- Motifs décoratifs</sujet>
    <descr>Appartient à l’ensemble documentaire : PaPeint18 -- Papier peint</descr>
    <format>inconnu</format>
    <couverture>inconnu</couverture>
    <largeurPx>3536</largeurPx>
    <hauteurPx>2736</hauteurPx>
    <ocr>false</ocr>
    <toc>false</toc>
    <caption>false</caption>
    <nbPage>1</nbPage>
  </metad>
  <contenus ocr="false" toc="false">
    <largeur>149</largeur>
    <hauteur>115</hauteur>
    <largeurPx>3536</largeurPx>
    <hauteurPx>2736</hauteurPx>
    <pages>
      <page ordre="1">
        <blocIll ocr="1">1</blocIll>
        <ills>
          <ill classif="CCgoogle" couleur="coul" h="2736" hash="7f080e00ff007f7b" n="1-1" taille="4" w="3536" x="1" y="1">
            <contenuImg CS="1.14" coul="1" lang="fr" source="google">marron très foncé</contenuImg>
            <contenuImg CS="0.05" coul="1" lang="fr" source="google">bleu ciel</contenuImg>
            <contenuImg CS="1.60" coul="1" lang="fr" source="google">saumon</contenuImg>
            <contenuImg CS="1.32" coul="1" lang="fr" source="google">vieux rose</contenuImg>
            <contenuImg CS="1.14" coul="1" lang="fr" source="google">verydarkbrown</contenuImg>
            <contenuImg CS="0.53" coul="1" lang="fr" source="google">noir</contenuImg>
            <contenuImg CS="0.36" coul="1" lang="fr" source="google">argent</contenuImg>
            <contenuImg CS="0.01" coul="1" lang="fr" source="google">bois moyen</contenuImg>
            <contenuImg b="110" coul="1" g="100" r="128" source="colorific" type="bkg">#80646e</contenuImg>
            <contenuImg b="0" coul="1" g="0" ordre="4" r="0" source="colorific" type="frg">#000000</contenuImg>
            <contenuImg b="255" coul="1" g="255" ordre="3" r="255" source="colorific" type="frg">#ffffff</contenuImg>
            <contenuImg b="178" coul="1" g="175" ordre="2" r="193" source="colorific" type="frg">#c1afb2</contenuImg>
            <contenuImg b="34" coul="1" g="26" ordre="1" r="52" source="colorific" type="frg">#341a22</contenuImg>
            <contenuImg CS="1.0" lang="en" source="md">decorative patterns</contenuImg>
            <contenuImg CS="1.0" lang="en" source="md">trompe-l'oeil (ornament)</contenuImg>
            <contenuImg CS="1.0" lang="en" source="md">camaïeu painting</contenuImg>
            <contenuImg CS="1.0" lang="en" source="md">ropes (ornament)</contenuImg>
            <contenuImg CS="1.0" lang="en" source="md">curly</contenuImg>
            <contenuImg CS="0.01" coul="1" lang="en" source="google">mediumwood</contenuImg>
            <contenuImg CS="0.05" coul="1" lang="en" source="google">skyblue</contenuImg>
            <contenuImg CS="0.36" coul="1" lang="en" source="google">silver</contenuImg>
            <contenuImg CS="0.53" coul="1" lang="en" source="google">black</contenuImg>
            <contenuImg CS="1.14" coul="1" lang="en" source="google">verydarkbrown</contenuImg>
            <contenuImg CS="1.32" coul="1" lang="en" source="google">dustyrose</contenuImg>
            <contenuImg CS="1.60" coul="1" lang="en" source="google">salmon</contenuImg>
            <tech source="final">estampe/gravure</tech>
            <fonction source="md">papier-peint</fonction>
            <fonction source="final">papier-peint</fonction>
            <tech CS="1" source="hm">estampe/gravure</tech>
            <theme CS="1" source="md">0</theme>
            <contenuImg CS="1.0" lang="fr" source="md">Frises</contenuImg>
            <contenuImg CS="1.0" lang="fr" source="md">Cordes (ornement)</contenuImg>
            <contenuImg CS="1.0" lang="fr" source="md">Peinture en camaïeu</contenuImg>
            <contenuImg CS="1.0" lang="fr" source="md">Trompe-l'oeil (ornement)</contenuImg>
            <contenuImg CS="1.0" lang="fr" source="md">Motifs décoratifs</contenuImg>
            <titraille>Bordure : papier peint</titraille>
          </ill>
        </ills>
      </page>
    </pages>
  </contenus>
</analyseAlto>