<analyseAlto>
  <metad>
    <type>I</type>
    <ID>btv1b6901423j</ID>
    <titre>Papier à motif répétitif : papier peint</titre>
    <dateEdition>1799</dateEdition>
    <auteur>inconnu</auteur>
    <lang>fre</lang>
    <source>Bibliothèque nationale de France, département Estampes et photographie, EST LI-19</source>
    <sujet>Semis -- Fleurs stylisées (ornement) -- Bleuet -- Motifs décoratifs</sujet>
    <descr>Appartient à l’ensemble documentaire : PaPeint18 -- Papier peint</descr>
    <format>inconnu</format>
    <couverture>inconnu</couverture>
    <largeurPx>6400</largeurPx>
    <hauteurPx>7264</hauteurPx>
    <ocr>false</ocr>
    <toc>false</toc>
    <caption>false</caption>
    <nbPage>1</nbPage>
  </metad>
  <contenus ocr="false" toc="false">
    <largeur>270</largeur>
    <hauteur>307</hauteur>
    <largeurPx>6400</largeurPx>
    <hauteurPx>7264</hauteurPx>
    <pages>
      <page ordre="1">
        <blocIll ocr="1">1</blocIll>
        <ills>
          <ill classif="CCgoogle" couleur="coul" h="7264" hash="f7f7bf1111712005" n="1-1" taille="21" w="6400" x="1" y="1">
            <contenuImg CS="0.70" h="2128" lang="fr" source="google" w="3762" x="640" y="726.4">textile</contenuImg>
            <contenuImg CS="0.83" h="2128" lang="fr" source="google" w="3762" x="640" y="726.4">modèle motif</contenuImg>
            <contenuImg CS="2.34" coul="1" lang="fr" source="google">turquoise foncé</contenuImg>
            <contenuImg CS="0.83" h="2128" lang="fr" source="google" w="3762" x="640" y="726.4">modèle</contenuImg>
            <contenuImg CS="0.81" coul="1" lang="fr" source="google">bleuet</contenuImg>
            <contenuImg CS="0.62" coul="1" lang="fr" source="google">bleu nuit</contenuImg>
            <contenuImg CS="0.27" coul="1" lang="fr" source="google">argent</contenuImg>
            <contenuImg CS="0.00" coul="1" lang="fr" source="google">noir</contenuImg>
            <contenuImg b="190" coul="1" g="167" r="145" source="colorific" type="bkg">#91a7be</contenuImg>
            <contenuImg b="68" coul="1" g="50" ordre="3" r="40" source="colorific" type="frg">#283244</contenuImg>
            <contenuImg b="0" coul="1" g="0" ordre="2" r="0" source="colorific" type="frg">#000000</contenuImg>
            <contenuImg b="93" coul="1" g="83" ordre="1" r="63" source="colorific" type="frg">#3f535d</contenuImg>
            <contenuImg CS="1.0" lang="en" source="md">decorative patterns</contenuImg>
            <contenuImg CS="1.0" lang="en" source="md">cornflower (flowers)</contenuImg>
            <contenuImg CS="1.0" lang="en" source="md">stylized flowers (ornament)</contenuImg>
            <contenuImg CS="1.0" lang="en" source="md">seedling</contenuImg>
            <contenuImg CS="0.00" coul="1" lang="en" source="google">black</contenuImg>
            <contenuImg CS="0.27" coul="1" lang="en" source="google">silver</contenuImg>
            <contenuImg CS="0.47" coul="1" lang="en" source="google">silver</contenuImg>
            <contenuImg CS="0.62" coul="1" lang="en" source="google">midnightblue</contenuImg>
            <contenuImg CS="0.81" coul="1" lang="en" source="google">cornflowerblue</contenuImg>
            <contenuImg CS="0.49" coul="1" lang="en" source="google">black</contenuImg>
            <contenuImg CS="2.34" coul="1" lang="en" source="google">darkturquoise</contenuImg>
            <contenuImg CS="0.70" h="2128" lang="en" source="google" w="3762" x="640" y="726.4">Textile</contenuImg>
            <contenuImg CS="0.83" h="2128" lang="en" source="google" w="3762" x="640" y="726.4">Pattern</contenuImg>
            <tech source="final">estampe/gravure</tech>
            <fonction source="md">papier-peint</fonction>
            <fonction source="final">papier-peint</fonction>
            <tech CS="1" source="hm">estampe/gravure</tech>
            <theme CS="1" source="md">0</theme>
            <contenuImg CS="1.0" lang="fr" source="md">Semis</contenuImg>
            <contenuImg CS="1.0" lang="fr" source="md">Fleurs stylisées (ornement)</contenuImg>
            <contenuImg CS="1.0" coul="1" lang="fr" source="md">Bleuet</contenuImg>
            <contenuImg CS="1.0" lang="fr" source="md">Motifs décoratifs</contenuImg>
            <titraille>Papier à motif répétitif : papier peint</titraille>
          </ill>
        </ills>
      </page>
    </pages>
  </contenus>
</analyseAlto>