<analyseAlto>
  <metad>
    <type>I</type>
    <ID>btv1b6900338b</ID>
    <titre>Manufacture Dutoit. Bordure. Quatre bandes de frise centrale de fuseaux imbriqués : papier peint</titre>
    <dateEdition>1800</dateEdition>
    <auteur>inconnu</auteur>
    <lang>fre</lang>
    <source>Bibliothèque nationale de France, département Estampes et photographie, EST LI-20</source>
    <sujet>Frises -- Ornements géométriques -- Fuseaux (ornement) -- Losanges (ornement) -- Motifs décoratifs -- 1800-1869</sujet>
    <descr>Appartient à l’ensemble documentaire : PaPeint18 -- Papier peint</descr>
    <format>inconnu</format>
    <couverture>inconnu</couverture>
    <largeurPx>3224</largeurPx>
    <hauteurPx>6232</hauteurPx>
    <ocr>false</ocr>
    <toc>false</toc>
    <caption>false</caption>
    <nbPage>1</nbPage>
  </metad>
  <contenus ocr="false" toc="false">
    <largeur>136</largeur>
    <hauteur>263</hauteur>
    <largeurPx>3224</largeurPx>
    <hauteurPx>6232</hauteurPx>
    <pages>
      <page ordre="1">
        <blocIll ocr="1">1</blocIll>
        <ills>
          <ill classif="CCgoogle" couleur="coul" h="6232" hash="af037331ff010f31" n="1-1" taille="9" w="3224" x="1" y="1">
            <contenuImg CS="0.74" h="1771" lang="fr" source="google" w="3139" x="502.4" y="4166.2">conception</contenuImg>
            <contenuImg CS="0.54" lang="fr" source="google">modèle motif</contenuImg>
            <contenuImg CS="0.92" coul="1" lang="fr" source="google">marron très foncé</contenuImg>
            <contenuImg CS="0.74" h="1771" lang="fr" source="google" w="3139" x="502.4" y="4166.2">design</contenuImg>
            <contenuImg CS="0.68" h="1771" lang="fr" source="google" w="3139" x="502.4" y="4166.2">symétrie</contenuImg>
            <contenuImg CS="0.65" h="1771" lang="fr" source="google" w="3139" x="502.4" y="4166.2">architecture</contenuImg>
            <contenuImg CS="0.54" lang="fr" source="google">modèle</contenuImg>
            <contenuImg CS="0.92" coul="1" lang="fr" source="google">verydarkbrown</contenuImg>
            <contenuImg CS="0.35" coul="1" lang="fr" source="google">bois clair</contenuImg>
            <contenuImg CS="0.28" coul="1" lang="fr" source="google">gris foncé</contenuImg>
            <contenuImg CS="0.21" coul="1" lang="fr" source="google">rose</contenuImg>
            <contenuImg CS="0.17" coul="1" lang="fr" source="google">noir</contenuImg>
            <contenuImg b="130" coul="1" g="132" r="140" source="colorific" type="bkg">#8c8482</contenuImg>
            <contenuImg b="255" coul="1" g="255" ordre="6" r="255" source="colorific" type="frg">#ffffff</contenuImg>
            <contenuImg b="107" coul="1" g="142" ordre="5" r="158" source="colorific" type="frg">#9e8e6b</contenuImg>
            <contenuImg b="0" coul="1" g="0" ordre="4" r="0" source="colorific" type="frg">#000000</contenuImg>
            <contenuImg b="40" coul="1" g="38" ordre="3" r="48" source="colorific" type="frg">#302628</contenuImg>
            <contenuImg b="62" coul="1" g="68" ordre="2" r="77" source="colorific" type="frg">#4d443e</contenuImg>
            <contenuImg b="104" coul="1" g="91" ordre="1" r="107" source="colorific" type="frg">#6b5b68</contenuImg>
            <contenuImg CS="1.0" lang="en" source="md">decorative patterns - 1800-1869</contenuImg>
            <contenuImg CS="1.0" lang="en" source="md">rhombuses (ornament)</contenuImg>
            <contenuImg CS="1.0" lang="en" source="md">spindles (ornament)</contenuImg>
            <contenuImg CS="1.0" lang="en" source="md">geometric ornaments</contenuImg>
            <contenuImg CS="1.0" lang="en" source="md">curly</contenuImg>
            <contenuImg CS="0.17" coul="1" lang="en" source="google">black</contenuImg>
            <contenuImg CS="0.21" coul="1" lang="en" source="google">pink</contenuImg>
            <contenuImg CS="0.28" coul="1" lang="en" source="google">dimgrey</contenuImg>
            <contenuImg CS="0.35" coul="1" lang="en" source="google">lightwood</contenuImg>
            <contenuImg CS="0.92" coul="1" lang="en" source="google">verydarkbrown</contenuImg>
            <contenuImg CS="1.23" coul="1" lang="en" source="google">pink</contenuImg>
            <contenuImg CS="1.51" coul="1" lang="en" source="google">darkgray</contenuImg>
            <contenuImg CS="0.54" lang="en" source="google">Pattern</contenuImg>
            <contenuImg CS="0.65" h="1771" lang="en" source="google" w="3139" x="502.4" y="4166.2">Architecture</contenuImg>
            <contenuImg CS="0.68" h="1771" lang="en" source="google" w="3139" x="502.4" y="4166.2">Symmetry</contenuImg>
            <contenuImg CS="0.74" h="1771" lang="en" source="google" w="3139" x="502.4" y="4166.2">Design</contenuImg>
            <contenuImg CS="0.91" h="1771" lang="en" source="google" w="3139" x="502.4" y="4166.2">Pattern</contenuImg>
            <tech source="final">estampe/gravure</tech>
            <fonction source="md">papier-peint</fonction>
            <fonction source="final">papier-peint</fonction>
            <tech CS="1" source="hm">estampe/gravure</tech>
            <theme CS="1" source="md">0</theme>
            <contenuImg CS="1.0" lang="fr" source="md">Frises</contenuImg>
            <contenuImg CS="1.0" lang="fr" source="md">Ornements géométriques</contenuImg>
            <contenuImg CS="1.0" lang="fr" source="md">Fuseaux (ornement)</contenuImg>
            <contenuImg CS="1.0" lang="fr" source="md">Losanges (ornement)</contenuImg>
            <contenuImg CS="1.0" lang="fr" source="md">Motifs décoratifs -- 1800-1869</contenuImg>
            <titraille>Manufacture Dutoit. Bordure. Quatre bandes de frise centrale de fuseaux imbriqués : papier peint</titraille>
          </ill>
        </ills>
      </page>
    </pages>
  </contenus>
</analyseAlto>