<analyseAlto>
  <metad>
    <type>I</type>
    <ID>btv1b69002276</ID>
    <titre>Manufacture Dubuisson. Bordure. Deux bandes de frise centrale de fleurs et feuilles stylisées : papier peint</titre>
    <dateEdition>1800</dateEdition>
    <auteur>inconnu</auteur>
    <lang>fre</lang>
    <source>Bibliothèque nationale de France, département Estampes et photographie, EST LI-20</source>
    <sujet>Frises -- Fleurs stylisées (ornement) -- Feuilles stylisées (ornement) -- Arceaux -- Motifs décoratifs -- 1800-1869</sujet>
    <descr>Appartient à l’ensemble documentaire : PaPeint18 -- Papier peint</descr>
    <format>inconnu</format>
    <couverture>inconnu</couverture>
    <largeurPx>6000</largeurPx>
    <hauteurPx>2560</hauteurPx>
    <ocr>false</ocr>
    <toc>false</toc>
    <caption>false</caption>
    <nbPage>1</nbPage>
  </metad>
  <contenus ocr="false" toc="false">
    <largeur>254</largeur>
    <hauteur>108</hauteur>
    <largeurPx>6000</largeurPx>
    <hauteurPx>2560</hauteurPx>
    <pages>
      <page ordre="1">
        <blocIll ocr="1">1</blocIll>
        <ills>
          <ill classif="CCgoogle" couleur="coul" h="2560" hash="437b00ff007f00ff" n="1-1" taille="7" w="6000" x="1" y="1">
            <contenuImg CS="0.80" h="3320" lang="fr" source="google" w="2493" x="4105" y="256">textile</contenuImg>
            <contenuImg CS="0.74" h="3320" lang="fr" source="google" w="2493" x="4105" y="256">conception</contenuImg>
            <contenuImg CS="0.61" lang="fr" source="google">magenta</contenuImg>
            <contenuImg CS="0.76" h="3320" lang="fr" source="google" w="2493" x="4105" y="256">art floral</contenuImg>
            <contenuImg CS="0.57" lang="fr" source="google">modèle motif</contenuImg>
            <contenuImg CS="0.74" h="3320" lang="fr" source="google" w="2493" x="4105" y="256">design</contenuImg>
            <contenuImg CS="0.66" lang="fr" source="google">plante</contenuImg>
            <contenuImg CS="0.65" lang="fr" source="google">arts visuels</contenuImg>
            <contenuImg CS="0.60" lang="fr" source="google">fleur</contenuImg>
            <contenuImg CS="0.57" lang="fr" source="google">modèle</contenuImg>
            <contenuImg CS="0.55" lang="fr" source="google">tapisserie</contenuImg>
            <contenuImg CS="0.89" coul="1" lang="fr" source="google">chocolat à pâtisser</contenuImg>
            <contenuImg CS="0.59" coul="1" lang="fr" source="google">noir</contenuImg>
            <contenuImg CS="0.06" coul="1" lang="fr" source="google">bois moyen</contenuImg>
            <contenuImg CS="0.57" coul="1" lang="fr" source="google">saumon</contenuImg>
            <contenuImg CS="0.36" coul="1" lang="fr" source="google">feldspath</contenuImg>
            <contenuImg CS="0.25" coul="1" lang="fr" source="google">vert olive foncé</contenuImg>
            <contenuImg b="36" coul="1" g="47" ordre="6" r="72" source="colorific" type="frg">#482f24</contenuImg>
            <contenuImg b="114" coul="1" g="172" ordre="5" r="180" source="colorific" type="frg">#b4ac72</contenuImg>
            <contenuImg b="17" coul="1" g="29" ordre="4" r="8" source="colorific" type="frg">#081d11</contenuImg>
            <contenuImg b="91" coul="1" g="100" ordre="3" r="81" source="colorific" type="frg">#51645b</contenuImg>
            <contenuImg b="0" coul="1" g="0" ordre="2" r="0" source="colorific" type="frg">#000000</contenuImg>
            <contenuImg b="77" coul="1" g="77" ordre="1" r="147" source="colorific" type="frg">#934d4d</contenuImg>
            <contenuImg CS="1.0" lang="en" source="md">decorative patterns - 1800-1869</contenuImg>
            <contenuImg CS="1.0" lang="en" source="md">hoops</contenuImg>
            <contenuImg CS="1.0" lang="en" source="md">stylized leaves (ornament)</contenuImg>
            <contenuImg CS="1.0" lang="en" source="md">stylized flowers (ornament)</contenuImg>
            <contenuImg CS="1.0" lang="en" source="md">curly</contenuImg>
            <contenuImg CS="0.25" coul="1" lang="en" source="google">darkolivegreen</contenuImg>
            <contenuImg CS="0.36" coul="1" lang="en" source="google">feldspar</contenuImg>
            <contenuImg CS="0.57" coul="1" lang="en" source="google">salmon</contenuImg>
            <contenuImg CS="0.06" coul="1" lang="en" source="google">mediumwood</contenuImg>
            <contenuImg CS="0.59" coul="1" lang="en" source="google">black</contenuImg>
            <contenuImg CS="0.63" coul="1" lang="en" source="google">mediumwood</contenuImg>
            <contenuImg CS="0.89" coul="1" lang="en" source="google">bakerschocolate</contenuImg>
            <contenuImg CS="0.55" lang="en" source="google">Tapestry</contenuImg>
            <contenuImg CS="0.57" lang="en" source="google">Pattern</contenuImg>
            <contenuImg CS="0.60" lang="en" source="google">Flower</contenuImg>
            <contenuImg CS="0.61" lang="en" source="google">Magenta</contenuImg>
            <contenuImg CS="0.65" lang="en" source="google">Visual arts</contenuImg>
            <contenuImg CS="0.66" lang="en" source="google">Plant</contenuImg>
            <contenuImg CS="0.74" h="3320" lang="en" source="google" w="2493" x="4105" y="256">Design</contenuImg>
            <contenuImg CS="0.76" h="3320" lang="en" source="google" w="2493" x="4105" y="256">Floral design</contenuImg>
            <contenuImg CS="0.80" h="3320" lang="en" source="google" w="2493" x="4105" y="256">Textile</contenuImg>
            <contenuImg CS="0.91" h="3320" lang="en" source="google" w="2493" x="4105" y="256">Pattern</contenuImg>
            <tech source="final">estampe/gravure</tech>
            <fonction source="md">papier-peint</fonction>
            <fonction source="final">papier-peint</fonction>
            <tech CS="1" source="hm">estampe/gravure</tech>
            <theme CS="1" source="md">0</theme>
            <contenuImg CS="1.0" lang="fr" source="md">Frises</contenuImg>
            <contenuImg CS="1.0" lang="fr" source="md">Fleurs stylisées (ornement)</contenuImg>
            <contenuImg CS="1.0" lang="fr" source="md">Feuilles stylisées (ornement)</contenuImg>
            <contenuImg CS="1.0" lang="fr" source="md">Arceaux</contenuImg>
            <contenuImg CS="1.0" lang="fr" source="md">Motifs décoratifs -- 1800-1869</contenuImg>
            <titraille>Manufacture Dubuisson. Bordure. Deux bandes de frise centrale de fleurs et feuilles stylisées : papier peint</titraille>
          </ill>
        </ills>
      </page>
    </pages>
  </contenus>
</analyseAlto>