<analyseAlto>
  <metad>
    <type>I</type>
    <ID>btv1b69003019</ID>
    <titre>Manufacture Duserre et Cie. Papier à motif répétitif. Motif répétitif de compartiments délimités par des grecques, ornés de différents motifs en camaïeu de fleurs, culots et rosaces de fantaisie : papier peint</titre>
    <dateEdition>1799</dateEdition>
    <auteur>inconnu</auteur>
    <lang>fre</lang>
    <source>Bibliothèque nationale de France, département Estampes et photographie, EST LZ-312 (2)</source>
    <sujet>Nigelles -- Rosaces (architecture) -- Culots (architecture) -- Grecques (ornement) -- Fleurs stylisées (ornement) -- Motifs de fantaisie -- Motifs décoratifs -- 1789-1799</sujet>
    <descr>Appartient à l’ensemble documentaire : PaPeint18 -- Papier peint</descr>
    <format>inconnu</format>
    <couverture>inconnu</couverture>
    <largeurPx>7176</largeurPx>
    <hauteurPx>9240</hauteurPx>
    <ocr>false</ocr>
    <toc>false</toc>
    <caption>false</caption>
    <nbPage>1</nbPage>
  </metad>
  <contenus ocr="false" toc="false">
    <largeur>303</largeur>
    <hauteur>391</hauteur>
    <largeurPx>7176</largeurPx>
    <hauteurPx>9240</hauteurPx>
    <pages>
      <page ordre="1">
        <blocIll ocr="1">1</blocIll>
        <ills>
          <ill classif="CCgoogle" couleur="coul" h="9240" hash="cc24bec8c0f1ccb7" n="1-1" taille="30" w="7176" x="1" y="1">
            <contenuImg CS="0.94" coul="1" h="7894" lang="fr" source="google" w="4420" x="1572.6" y="924">vert</contenuImg>
            <contenuImg CS="0.81" h="7894" lang="fr" source="google" w="4420" x="1572.6" y="924">ligne</contenuImg>
            <contenuImg CS="0.80" h="7894" lang="fr" source="google" w="4420" x="1572.6" y="924">modèle motif</contenuImg>
            <contenuImg CS="0.80" lang="fr" source="google">conception</contenuImg>
            <contenuImg CS="0.78" lang="fr" source="google">textile</contenuImg>
            <contenuImg CS="0.76" lang="fr" source="google">arts visuels</contenuImg>
            <contenuImg CS="0.75" lang="fr" source="google">fond d'écran</contenuImg>
            <contenuImg CS="0.72" lang="fr" source="google">symétrie</contenuImg>
            <contenuImg CS="0.70" lang="fr" source="google">couverture</contenuImg>
            <contenuImg CS="0.76" b="199" coul="1" g="196" lang="fr" r="177" source="google">argent</contenuImg>
            <contenuImg CS="0.63" b="160" coul="1" g="158" lang="fr" r="140" source="google">vert pâle</contenuImg>
            <contenuImg CS="0.06" b="99" coul="1" g="98" lang="fr" r="84" source="google">gris</contenuImg>
            <contenuImg CS="0.01" b="73" coul="1" g="93" lang="fr" r="76" source="google">gris foncé</contenuImg>
            <contenuImg CS="0.01" b="223" coul="1" g="221" r="199" source="google">#c7dddf</contenuImg>
            <contenuImg CS="0.01" b="73" coul="1" g="93" lang="en" r="76" source="google">dimgrey</contenuImg>
            <contenuImg CS="0.06" b="99" coul="1" g="98" lang="en" r="84" source="google">grey</contenuImg>
            <contenuImg CS="0.12" b="83" coul="1" g="94" r="74" source="google">#4a5e53</contenuImg>
            <contenuImg CS="0.61" b="121" coul="1" g="128" lang="en" r="103" source="google">darkgray</contenuImg>
            <contenuImg CS="0.63" b="160" coul="1" g="158" lang="en" r="140" source="google">palegreen</contenuImg>
            <contenuImg CS="0.76" b="199" coul="1" g="196" lang="en" r="177" source="google">silver</contenuImg>
            <contenuImg CS="0.77" b="193" coul="1" g="196" r="168" source="google">#a8c4c1</contenuImg>
            <contenuImg CS="0.92" b="126" coul="1" g="122" lang="en" r="107" source="google">darkgray</contenuImg>
            <contenuImg CS="1.10" b="157" coul="1" g="162" lang="en" r="135" source="google">palegreen</contenuImg>
            <contenuImg CS="0.70" lang="en" source="google">Rug</contenuImg>
            <contenuImg CS="0.72" lang="en" source="google">Symmetry</contenuImg>
            <contenuImg CS="0.75" lang="en" source="google">Wallpaper</contenuImg>
            <contenuImg CS="0.76" lang="en" source="google">Visual arts</contenuImg>
            <contenuImg CS="0.78" lang="en" source="google">Textile</contenuImg>
            <contenuImg CS="0.80" lang="en" source="google">Design</contenuImg>
            <contenuImg CS="0.80" h="7894" lang="en" source="google" w="4420" x="1572.6" y="924">Pattern</contenuImg>
            <contenuImg CS="0.81" h="7894" lang="en" source="google" w="4420" x="1572.6" y="924">Line</contenuImg>
            <contenuImg CS="0.94" coul="1" h="7894" lang="en" source="google" w="4420" x="1572.6" y="924">Green</contenuImg>
            <contenuImg CS="0.96" h="7894" lang="en" source="google" w="4420" x="1572.6" y="924">Pattern</contenuImg>
            <contenuImg b="255" coul="1" g="255" r="255" source="colorific" type="bkg">#ffffff</contenuImg>
            <contenuImg b="131" coul="1" g="125" ordre="3" r="128" source="colorific" type="frg">#807d83</contenuImg>
            <contenuImg b="180" coul="1" g="182" ordre="2" r="161" source="colorific" type="frg">#a1b6b4</contenuImg>
            <contenuImg b="95" coul="1" g="106" ordre="1" r="94" source="colorific" type="frg">#5e6a5f</contenuImg>
            <contenuImg CS="1.0" lang="en" source="md">decorative patterns - 1789-1799</contenuImg>
            <contenuImg CS="1.0" lang="en" source="md">fantasy patterns</contenuImg>
            <contenuImg CS="1.0" lang="en" source="md">stylized flowers (ornament)</contenuImg>
            <contenuImg CS="1.0" lang="en" source="md">Greek (ornament)</contenuImg>
            <contenuImg CS="1.0" lang="en" source="md">culots (architecture)</contenuImg>
            <contenuImg CS="1.0" lang="en" source="md">rosettes (architecture)</contenuImg>
            <contenuImg CS="1.0" lang="en" source="md">nigelles (flowers)</contenuImg>
            <tech source="final">estampe/gravure</tech>
            <fonction source="md">papier-peint</fonction>
            <fonction source="final">papier-peint</fonction>
            <tech CS="1" source="hm">estampe/gravure</tech>
            <theme CS="1" source="md">0</theme>
            <contenuImg CS="1.0" lang="fr" source="md">Nigelles</contenuImg>
            <contenuImg CS="1.0" lang="fr" source="md">Rosaces (architecture)</contenuImg>
            <contenuImg CS="1.0" lang="fr" source="md">Culots (architecture)</contenuImg>
            <contenuImg CS="1.0" lang="fr" source="md">Grecques (ornement)</contenuImg>
            <contenuImg CS="1.0" lang="fr" source="md">Fleurs stylisées (ornement)</contenuImg>
            <contenuImg CS="1.0" lang="fr" source="md">Motifs de fantaisie</contenuImg>
            <contenuImg CS="1.0" lang="fr" source="md">Motifs décoratifs -- 1789-1799</contenuImg>
            <titraille>Manufacture Duserre et Cie. Papier à motif répétitif. Motif répétitif de compartiments délimités par des grecques, ornés de différents motifs en camaïeu de fleurs, culots et rosaces de fantaisie : papier peint</titraille>
          </ill>
        </ills>
      </page>
    </pages>
  </contenus>
</analyseAlto>