<analyseAlto>
  <metad>
    <type>I</type>
    <ID>btv1b6900784z</ID>
    <titre>Manufacture Jacquemart et Bénard. Bordure. Une bande de frise principale de volutes à fleurs et feuilles stylisées : papier peint</titre>
    <dateEdition>1803</dateEdition>
    <auteur>Jacquemart et Bénard (Manufacture). Fonction indéterminée</auteur>
    <lang>fre</lang>
    <source>Bibliothèque nationale de France, département Estampes et photographie, EST LI-24 (A)</source>
    <sujet>Frises -- Volutes -- Fleurs stylisées (ornement) -- Feuilles stylisées (ornement) -- Rangs de perles (ornement) -- Motifs décoratifs -- 1800-1869</sujet>
    <descr>Appartient à l’ensemble documentaire : PaPeint18 -- Papier peint</descr>
    <format>inconnu</format>
    <couverture>inconnu</couverture>
    <largeurPx>6696</largeurPx>
    <hauteurPx>2992</hauteurPx>
    <ocr>false</ocr>
    <toc>false</toc>
    <caption>false</caption>
    <nbPage>1</nbPage>
  </metad>
  <contenus ocr="false" toc="false">
    <largeur>283</largeur>
    <hauteur>126</hauteur>
    <largeurPx>6696</largeurPx>
    <hauteurPx>2992</hauteurPx>
    <pages>
      <page ordre="1">
        <blocIll ocr="1">1</blocIll>
        <ills>
          <ill classif="CCgoogle" couleur="coul" h="2992" hash="185a66025b00ffff" n="1-1" taille="9" w="6696" x="1" y="1">
            <contenuImg CS="0.74" lang="fr" source="google">conception</contenuImg>
            <contenuImg CS="0.72" lang="fr" source="google">textile</contenuImg>
            <contenuImg CS="0.79" lang="fr" source="google">art floral</contenuImg>
            <contenuImg CS="0.84" h="3320" lang="fr" source="google" w="3325" x="2725.6" y="299.2">modèle motif</contenuImg>
            <contenuImg CS="0.38" coul="1" lang="fr" source="google">marron très foncé</contenuImg>
            <contenuImg CS="0.86" h="3320" lang="fr" source="google" w="3325" x="2725.6" y="299.2">art</contenuImg>
            <contenuImg CS="0.84" h="3320" lang="fr" source="google" w="3325" x="2725.6" y="299.2">modèle</contenuImg>
            <contenuImg CS="0.82" h="3320" lang="fr" source="google" w="3325" x="2725.6" y="299.2">arts visuels</contenuImg>
            <contenuImg CS="0.81" coul="1" h="3320" lang="fr" source="google" w="3325" x="2725.6" y="299.2">rose</contenuImg>
            <contenuImg CS="0.79" lang="fr" source="google">broderie</contenuImg>
            <contenuImg CS="0.78" lang="fr" source="google">peinture</contenuImg>
            <contenuImg CS="0.74" lang="fr" source="google">design</contenuImg>
            <contenuImg CS="0.72" lang="fr" source="google">art moderne</contenuImg>
            <contenuImg CS="0.43" coul="1" lang="fr" source="google">chocolat à pâtisser</contenuImg>
            <contenuImg CS="0.38" coul="1" lang="fr" source="google">verydarkbrown</contenuImg>
            <contenuImg CS="0.30" coul="1" lang="fr" source="google">noir</contenuImg>
            <contenuImg CS="0.22" coul="1" lang="fr" source="google">quartz</contenuImg>
            <contenuImg CS="0.04" coul="1" lang="fr" source="google">saumon</contenuImg>
            <contenuImg CS="0.35" coul="1" lang="fr" source="google">bois moyen</contenuImg>
            <contenuImg b="34" coul="1" g="34" r="34" source="colorific" type="bkg">#222222</contenuImg>
            <contenuImg b="46" coul="1" g="51" ordre="4" r="138" source="colorific" type="frg">#8a332e</contenuImg>
            <contenuImg b="255" coul="1" g="255" ordre="3" r="255" source="colorific" type="frg">#ffffff</contenuImg>
            <contenuImg b="108" coul="1" g="103" ordre="2" r="73" source="colorific" type="frg">#49676c</contenuImg>
            <contenuImg b="120" coul="1" g="103" ordre="1" r="142" source="colorific" type="frg">#8e6778</contenuImg>
            <contenuImg CS="1.0" lang="en" source="md">decorative patterns - 1800-1869</contenuImg>
            <contenuImg CS="1.0" lang="en" source="md">rows of pearls (ornament)</contenuImg>
            <contenuImg CS="1.0" lang="en" source="md">stylized leaves (ornament)</contenuImg>
            <contenuImg CS="1.0" lang="en" source="md">stylized flowers (ornament)</contenuImg>
            <contenuImg CS="1.0" lang="en" source="md">swirls</contenuImg>
            <contenuImg CS="1.0" lang="en" source="md">curly</contenuImg>
            <contenuImg CS="0.35" coul="1" lang="en" source="google">mediumwood</contenuImg>
            <contenuImg CS="0.04" coul="1" lang="en" source="google">salmon</contenuImg>
            <contenuImg CS="0.22" coul="1" lang="en" source="google">quartz</contenuImg>
            <contenuImg CS="0.30" coul="1" lang="en" source="google">black</contenuImg>
            <contenuImg CS="0.33" coul="1" lang="en" source="google">mediumwood</contenuImg>
            <contenuImg CS="0.38" coul="1" lang="en" source="google">verydarkbrown</contenuImg>
            <contenuImg CS="0.43" coul="1" lang="en" source="google">bakerschocolate</contenuImg>
            <contenuImg CS="0.72" lang="en" source="google">Modern art</contenuImg>
            <contenuImg CS="0.72" lang="en" source="google">Textile</contenuImg>
            <contenuImg CS="0.74" lang="en" source="google">Design</contenuImg>
            <contenuImg CS="0.78" lang="en" source="google">Painting</contenuImg>
            <contenuImg CS="0.79" lang="en" source="google">Embroidery</contenuImg>
            <contenuImg CS="0.79" lang="en" source="google">Floral design</contenuImg>
            <contenuImg CS="0.81" coul="1" h="3320" lang="en" source="google" w="3325" x="2725.6" y="299.2">Pink</contenuImg>
            <contenuImg CS="0.82" h="3320" lang="en" source="google" w="3325" x="2725.6" y="299.2">Visual arts</contenuImg>
            <contenuImg CS="0.84" h="3320" lang="en" source="google" w="3325" x="2725.6" y="299.2">Pattern</contenuImg>
            <contenuImg CS="0.86" h="3320" lang="en" source="google" w="3325" x="2725.6" y="299.2">Art</contenuImg>
            <tech source="final">estampe/gravure</tech>
            <fonction source="md">papier-peint</fonction>
            <fonction source="final">papier-peint</fonction>
            <tech CS="1" source="hm">estampe/gravure</tech>
            <theme CS="1" source="md">0</theme>
            <contenuImg CS="1.0" lang="fr" source="md">Frises</contenuImg>
            <contenuImg CS="1.0" lang="fr" source="md">Volutes</contenuImg>
            <contenuImg CS="1.0" lang="fr" source="md">Fleurs stylisées (ornement)</contenuImg>
            <contenuImg CS="1.0" lang="fr" source="md">Feuilles stylisées (ornement)</contenuImg>
            <contenuImg CS="1.0" lang="fr" source="md">Rangs de perles (ornement)</contenuImg>
            <contenuImg CS="1.0" lang="fr" source="md">Motifs décoratifs -- 1800-1869</contenuImg>
            <titraille>Manufacture Jacquemart et Bénard. Bordure. Une bande de frise principale de volutes à fleurs et feuilles stylisées : papier peint</titraille>
          </ill>
        </ills>
      </page>
    </pages>
  </contenus>
</analyseAlto>