<analyseAlto>
  <metad>
    <type>I</type>
    <ID>btv1b69001785</ID>
    <titre>Manufacture Chapillon. Bordure. Une bande de frise principale sur un fond de linon batiste : papier peint</titre>
    <dateEdition>1802</dateEdition>
    <auteur>inconnu</auteur>
    <lang>fre</lang>
    <source>Bibliothèque nationale de France, département Estampes et photographie, EST LI-23</source>
    <sujet>Frises -- Textiles et tissus -- Culots (architecture) -- Linons batistes (textile) -- Feuilles stylisées (ornement) -- Motifs de fantaisie -- Motifs décoratifs -- 1800-1869</sujet>
    <descr>Appartient à l’ensemble documentaire : PaPeint18 -- Papier peint</descr>
    <format>inconnu</format>
    <couverture>inconnu</couverture>
    <largeurPx>5792</largeurPx>
    <hauteurPx>1720</hauteurPx>
    <ocr>false</ocr>
    <toc>false</toc>
    <caption>false</caption>
    <nbPage>1</nbPage>
  </metad>
  <contenus ocr="false" toc="false">
    <largeur>245</largeur>
    <hauteur>72</hauteur>
    <largeurPx>5792</largeurPx>
    <hauteurPx>1720</hauteurPx>
    <pages>
      <page ordre="1">
        <blocIll ocr="1">1</blocIll>
        <ills>
          <ill classif="CCgoogle" couleur="coul" h="1720" hash="ffffff85a9200000" n="1-1" taille="4" w="5792" x="1" y="1">
            <contenuImg CS="0.72" lang="fr" source="google">conception</contenuImg>
            <contenuImg CS="0.70" lang="fr" source="google">textile</contenuImg>
            <tech source="final">estampe/gravure</tech>
            <fonction source="md">papier-peint</fonction>
            <fonction source="final">papier-peint</fonction>
            <tech CS="1" source="md">estampe/gravure</tech>
            <contenuImg CS="0.79" h="3320" lang="fr" source="google" w="3325" x="6735.2" y="172">botanique</contenuImg>
            <contenuImg CS="0.76" h="3320" lang="fr" source="google" w="3325" x="6735.2" y="172">modèle motif</contenuImg>
            <contenuImg CS="0.94" coul="1" h="3320" lang="fr" source="google" w="3325" x="6735.2" y="172">vert</contenuImg>
            <contenuImg CS="0.90" h="3320" lang="fr" source="google" w="3325" x="6735.2" y="172">feuille</contenuImg>
            <contenuImg CS="0.76" h="3320" lang="fr" source="google" w="3325" x="6735.2" y="172">modèle</contenuImg>
            <contenuImg CS="0.72" lang="fr" source="google">design</contenuImg>
            <contenuImg CS="0.69" lang="fr" source="google">arbre</contenuImg>
            <contenuImg CS="0.69" lang="fr" source="google">arts visuels</contenuImg>
            <contenuImg CS="0.67" lang="fr" source="google">plante</contenuImg>
            <contenuImg CS="0.64" lang="fr" source="google">mural</contenuImg>
            <contenuImg CS="1.04" coul="1" lang="fr" source="google">gris ardoise foncé</contenuImg>
            <contenuImg CS="0.73" coul="1" lang="fr" source="google">saumon</contenuImg>
            <contenuImg CS="0.10" coul="1" lang="fr" source="google">vert cuivre foncé</contenuImg>
            <contenuImg CS="0.95" coul="1" lang="fr" source="google">vert foncé</contenuImg>
            <contenuImg CS="0.31" coul="1" lang="fr" source="google">noir</contenuImg>
            <contenuImg CS="0.16" coul="1" lang="fr" source="google">rose</contenuImg>
            <contenuImg b="117" coul="1" g="115" r="152" source="colorific" type="bkg">#987375</contenuImg>
            <contenuImg b="144" coul="1" g="151" ordre="6" r="172" source="colorific" type="frg">#ac9790</contenuImg>
            <contenuImg b="66" coul="1" g="68" ordre="5" r="85" source="colorific" type="frg">#554442</contenuImg>
            <contenuImg b="255" coul="1" g="255" ordre="4" r="255" source="colorific" type="frg">#ffffff</contenuImg>
            <contenuImg b="56" coul="1" g="60" ordre="3" r="33" source="colorific" type="frg">#213c38</contenuImg>
            <contenuImg b="111" coul="1" g="131" ordre="2" r="93" source="colorific" type="frg">#5d836f</contenuImg>
            <contenuImg b="0" coul="1" g="0" ordre="1" r="0" source="colorific" type="frg">#000000</contenuImg>
            <contenuImg CS="1.0" lang="en" source="md">decorative patterns - 1800-1869</contenuImg>
            <contenuImg CS="1.0" lang="en" source="md">fantasy patterns</contenuImg>
            <contenuImg CS="1.0" lang="en" source="md">stylized leaves (ornament)</contenuImg>
            <contenuImg CS="1.0" lang="en" source="md">linons batistes (textile)</contenuImg>
            <contenuImg CS="1.0" lang="en" source="md">culots (architecture)</contenuImg>
            <contenuImg CS="1.0" lang="en" source="md">textiles and fabrics</contenuImg>
            <contenuImg CS="1.0" lang="en" source="md">curly</contenuImg>
            <contenuImg CS="0.16" coul="1" lang="en" source="google">pink</contenuImg>
            <contenuImg CS="0.31" coul="1" lang="en" source="google">black</contenuImg>
            <contenuImg CS="0.55" coul="1" lang="en" source="google">pink</contenuImg>
            <contenuImg CS="0.95" coul="1" lang="en" source="google">darkgreen</contenuImg>
            <contenuImg CS="0.10" coul="1" lang="en" source="google">darkgreencopper</contenuImg>
            <contenuImg CS="0.73" coul="1" lang="en" source="google">salmon</contenuImg>
            <contenuImg CS="1.04" coul="1" lang="en" source="google">darkslategrey</contenuImg>
            <contenuImg CS="0.64" lang="en" source="google">Mural</contenuImg>
            <contenuImg CS="0.67" lang="en" source="google">Plant</contenuImg>
            <contenuImg CS="0.69" lang="en" source="google">Visual arts</contenuImg>
            <contenuImg CS="0.69" lang="en" source="google">Tree</contenuImg>
            <contenuImg CS="0.70" lang="en" source="google">Textile</contenuImg>
            <contenuImg CS="0.72" lang="en" source="google">Design</contenuImg>
            <contenuImg CS="0.76" h="3320" lang="en" source="google" w="3325" x="6735.2" y="172">Pattern</contenuImg>
            <contenuImg CS="0.79" h="3320" lang="en" source="google" w="3325" x="6735.2" y="172">Botany</contenuImg>
            <contenuImg CS="0.90" h="3320" lang="en" source="google" w="3325" x="6735.2" y="172">Leaf</contenuImg>
            <contenuImg CS="0.94" coul="1" h="3320" lang="en" source="google" w="3325" x="6735.2" y="172">Green</contenuImg>
            <theme CS="1" source="md">0</theme>
            <contenuImg CS="1.0" lang="fr" source="md">Frises</contenuImg>
            <contenuImg CS="1.0" lang="fr" source="md">Textiles et tissus</contenuImg>
            <contenuImg CS="1.0" lang="fr" source="md">Culots (architecture)</contenuImg>
            <contenuImg CS="1.0" lang="fr" source="md">Linons batistes (textile)</contenuImg>
            <contenuImg CS="1.0" lang="fr" source="md">Feuilles stylisées (ornement)</contenuImg>
            <contenuImg CS="1.0" lang="fr" source="md">Motifs de fantaisie</contenuImg>
            <contenuImg CS="1.0" lang="fr" source="md">Motifs décoratifs -- 1800-1869</contenuImg>
            <titraille>Manufacture Chapillon. Bordure. Une bande de frise principale sur un fond de linon batiste : papier peint</titraille>
          </ill>
        </ills>
      </page>
    </pages>
  </contenus>
</analyseAlto>