<analyseAlto>
  <metad>
    <type>I</type>
    <ID>btv1b6900677g</ID>
    <titre>Manufacture Jacquemart et Bénard. Bordure. Une bande de frise principale de palmettes, volutes, fleurons, et frise de petites feuilles stylisées : papier peint</titre>
    <dateEdition>1802</dateEdition>
    <auteur>inconnu</auteur>
    <lang>fre</lang>
    <source>Bibliothèque nationale de France</source>
    <sujet>Frises -- Volutes -- Palmettes (ornement) -- Fleurons (ornement) -- Feuilles stylisées (ornement) -- Décoration et ornement architecturaux -- Motifs décoratifs -- 1800-1869</sujet>
    <descr>Appartient à l’ensemble documentaire : PaPeint18 -- Papier peint</descr>
    <format>inconnu</format>
    <couverture>inconnu</couverture>
    <largeurPx>5304</largeurPx>
    <hauteurPx>3848</hauteurPx>
    <ocr>false</ocr>
    <toc>false</toc>
    <nbPage>2</nbPage>
  </metad>
  <contenus ocr="false" toc="false">
    <largeur>224</largeur>
    <hauteur>162</hauteur>
    <largeurPx>5304</largeurPx>
    <hauteurPx>3848</hauteurPx>
    <pages>
      <page ordre="1">
        <blocIll ocr="1">1</blocIll>
        <ills>
          <ill classif="CCgoogle" couleur="coul" h="3848" hash="ffff8b80800101ff" n="1-1" taille="9" w="5304" x="1" y="1">
            <contenuImg CS="0.85" coul="1" h="3097" lang="fr" source="google" w="1733" x="1798.4" y="384.8">bleu majorelle</contenuImg>
            <contenuImg CS="0.73" lang="fr" source="google">conception</contenuImg>
            <contenuImg CS="0.53" lang="fr" source="google">ornement</contenuImg>
            <contenuImg CS="0.82" h="3097" lang="fr" source="google" w="1733" x="1798.4" y="384.8">modèle motif</contenuImg>
            <contenuImg CS="0.55" coul="1" lang="fr" source="google">bleu acier</contenuImg>
            <contenuImg CS="0.49" coul="1" lang="fr" source="google">cyan foncé</contenuImg>
            <contenuImg CS="0.91" coul="1" h="3097" lang="fr" source="google" w="1733" x="1798.4" y="384.8">bleu</contenuImg>
            <contenuImg CS="0.86" coul="1" h="3097" lang="fr" source="google" w="1733" x="1798.4" y="384.8">turquoise</contenuImg>
            <contenuImg CS="0.82" h="3097" lang="fr" source="google" w="1733" x="1798.4" y="384.8">modèle</contenuImg>
            <contenuImg CS="0.73" lang="fr" source="google">design</contenuImg>
            <contenuImg CS="0.62" lang="fr" source="google">arts visuels</contenuImg>
            <contenuImg CS="0.56" lang="fr" source="google">rectangle</contenuImg>
            <contenuImg CS="0.45" coul="1" lang="fr" source="google">noir</contenuImg>
            <contenuImg CS="0.07" coul="1" lang="fr" source="google">bleu canard</contenuImg>
            <contenuImg CS="0.44" coul="1" lang="fr" source="google">bleu nuit</contenuImg>
            <contenuImg b="156" coul="1" g="112" r="59" source="colorific" type="bkg">#3b709c</contenuImg>
            <contenuImg b="70" coul="1" g="53" ordre="3" r="20" source="colorific" type="frg">#143546</contenuImg>
            <contenuImg b="92" coul="1" g="88" ordre="2" r="100" source="colorific" type="frg">#64585c</contenuImg>
            <contenuImg b="0" coul="1" g="0" ordre="1" r="0" source="colorific" type="frg">#000000</contenuImg>
            <contenuImg CS="1.0" lang="en" source="md">decorative patterns - 1800-1869</contenuImg>
            <contenuImg CS="1.0" lang="en" source="md">architectural decoration and ornament</contenuImg>
            <contenuImg CS="1.0" lang="en" source="md">stylized leaves (ornament)</contenuImg>
            <contenuImg CS="1.0" lang="en" source="md">flowerets (ornament)</contenuImg>
            <contenuImg CS="1.0" lang="en" source="md">palmettes (ornament)</contenuImg>
            <contenuImg CS="1.0" lang="en" source="md">swirls</contenuImg>
            <contenuImg CS="1.0" lang="en" source="md">curly</contenuImg>
            <contenuImg CS="0.44" coul="1" lang="en" source="google">midnightblue</contenuImg>
            <contenuImg CS="0.07" coul="1" lang="en" source="google">teal</contenuImg>
            <contenuImg CS="0.45" coul="1" lang="en" source="google">black</contenuImg>
            <contenuImg CS="0.46" coul="1" lang="en" source="google">midnightblue</contenuImg>
            <contenuImg CS="0.49" coul="1" lang="en" source="google">darkcyan</contenuImg>
            <contenuImg CS="0.55" coul="1" lang="en" source="google">steelblue</contenuImg>
            <contenuImg CS="0.69" coul="1" lang="en" source="google">black</contenuImg>
            <contenuImg CS="0.53" lang="en" source="google">Ornament</contenuImg>
            <contenuImg CS="0.56" lang="en" source="google">Rectangle</contenuImg>
            <contenuImg CS="0.62" lang="en" source="google">Visual arts</contenuImg>
            <contenuImg CS="0.73" lang="en" source="google">Design</contenuImg>
            <contenuImg CS="0.82" h="3097" lang="en" source="google" w="1733" x="1798.4" y="384.8">Pattern</contenuImg>
            <contenuImg CS="0.85" coul="1" h="3097" lang="en" source="google" w="1733" x="1798.4" y="384.8">Majorelle blue</contenuImg>
            <contenuImg CS="0.86" coul="1" h="3097" lang="en" source="google" w="1733" x="1798.4" y="384.8">Turquoise</contenuImg>
            <contenuImg CS="0.91" coul="1" h="3097" lang="en" source="google" w="1733" x="1798.4" y="384.8">Blue</contenuImg>
            <tech source="final">estampe/gravure</tech>
            <fonction source="md">papier-peint</fonction>
            <fonction source="final">papier-peint</fonction>
            <tech CS="1" source="hm">estampe/gravure</tech>
            <theme CS="1" source="md">0</theme>
            <contenuImg CS="1.0" lang="fr" source="md">Frises</contenuImg>
            <contenuImg CS="1.0" lang="fr" source="md">Volutes</contenuImg>
            <contenuImg CS="1.0" lang="fr" source="md">Palmettes (ornement)</contenuImg>
            <contenuImg CS="1.0" lang="fr" source="md">Fleurons (ornement)</contenuImg>
            <contenuImg CS="1.0" lang="fr" source="md">Feuilles stylisées (ornement)</contenuImg>
            <contenuImg CS="1.0" lang="fr" source="md">Décoration et ornement architecturaux</contenuImg>
            <contenuImg CS="1.0" lang="fr" source="md">Motifs décoratifs -- 1800-1869</contenuImg>
            <titraille>Manufacture Jacquemart et Bénard. Bordure. Une bande de frise principale de palmettes, volutes, fleurons, et frise de petites feuilles stylisées : papier peint</titraille>
          </ill>
        </ills>
      </page>
    </pages>
  </contenus>
</analyseAlto>