<analyseAlto>
  <metad>
    <type>I</type>
    <ID>btv1b6900290z</ID>
    <titre>Papier à motif répétitif : papier peint</titre>
    <dateEdition>1802</dateEdition>
    <auteur>inconnu</auteur>
    <lang>fre</lang>
    <source>Bibliothèque nationale de France, département Estampes et photographie, EST LI-23</source>
    <sujet>Ornements géométriques -- Losanges (ornement) -- Feuilles stylisées (ornement) -- Quadrillage -- Motifs décoratifs</sujet>
    <descr>Appartient à l’ensemble documentaire : PaPeint18 -- Papier peint</descr>
    <format>inconnu</format>
    <couverture>inconnu</couverture>
    <largeurPx>3368</largeurPx>
    <hauteurPx>1920</hauteurPx>
    <ocr>false</ocr>
    <toc>false</toc>
    <caption>false</caption>
    <nbPage>1</nbPage>
  </metad>
  <contenus ocr="false" toc="false">
    <largeur>142</largeur>
    <hauteur>81</hauteur>
    <largeurPx>3368</largeurPx>
    <hauteurPx>1920</hauteurPx>
    <pages>
      <page ordre="1">
        <blocIll ocr="1">1</blocIll>
        <ills>
          <ill classif="CCgoogle" couleur="coul" h="1920" hash="ffce9500808c9cdf" n="1-1" taille="2" w="3368" x="1" y="1">
            <contenuImg CS="0.72" lang="fr" source="google">conception</contenuImg>
            <contenuImg CS="0.82" h="3320" lang="fr" source="google" w="3325" x="1499.8" y="192">modèle motif</contenuImg>
            <contenuImg CS="0.91" coul="1" h="3320" lang="fr" source="google" w="3325" x="1499.8" y="192">vert</contenuImg>
            <contenuImg CS="0.82" h="3320" lang="fr" source="google" w="3325" x="1499.8" y="192">modèle</contenuImg>
            <contenuImg CS="0.78" h="3320" lang="fr" source="google" w="3325" x="1499.8" y="192">arbre</contenuImg>
            <contenuImg CS="0.76" h="3320" lang="fr" source="google" w="3325" x="1499.8" y="192">feuille</contenuImg>
            <contenuImg CS="0.72" lang="fr" source="google">design</contenuImg>
            <contenuImg CS="0.65" lang="fr" source="google">plante</contenuImg>
            <contenuImg CS="0.55" lang="fr" source="google">arts visuels</contenuImg>
            <contenuImg CS="0.52" lang="fr" source="google">symétrie</contenuImg>
            <contenuImg CS="0.50" lang="fr" source="google">art</contenuImg>
            <contenuImg CS="1.25" coul="1" lang="fr" source="google">gris ardoise foncé</contenuImg>
            <contenuImg CS="0.35" coul="1" lang="fr" source="google">noir</contenuImg>
            <contenuImg CS="0.38" coul="1" lang="fr" source="google">vert foncé</contenuImg>
            <contenuImg CS="0.31" coul="1" lang="fr" source="google">feldspath</contenuImg>
            <contenuImg CS="0.25" coul="1" lang="fr" source="google">bleu clair</contenuImg>
            <contenuImg CS="0.24" coul="1" lang="fr" source="google">bronze</contenuImg>
            <contenuImg b="70" coul="1" g="107" r="151" source="colorific" type="bkg">#976b46</contenuImg>
            <contenuImg b="255" coul="1" g="255" ordre="6" r="255" source="colorific" type="frg">#ffffff</contenuImg>
            <contenuImg b="68" coul="1" g="81" ordre="5" r="92" source="colorific" type="frg">#5c5144</contenuImg>
            <contenuImg b="100" coul="1" g="96" ordre="4" r="122" source="colorific" type="frg">#7a6064</contenuImg>
            <contenuImg b="16" coul="1" g="28" ordre="3" r="13" source="colorific" type="frg">#0d1c10</contenuImg>
            <contenuImg b="131" coul="1" g="151" ordre="2" r="173" source="colorific" type="frg">#ad9783</contenuImg>
            <contenuImg b="60" coul="1" g="76" ordre="1" r="55" source="colorific" type="frg">#374c3c</contenuImg>
            <contenuImg CS="1.0" lang="en" source="md">decorative patterns</contenuImg>
            <contenuImg CS="1.0" lang="en" source="md">grid</contenuImg>
            <contenuImg CS="1.0" lang="en" source="md">stylized leaves (ornament)</contenuImg>
            <contenuImg CS="1.0" lang="en" source="md">rhombuses (ornament)</contenuImg>
            <contenuImg CS="1.0" lang="en" source="md">geometric ornaments</contenuImg>
            <contenuImg CS="0.24" coul="1" lang="en" source="google">bronze</contenuImg>
            <contenuImg CS="0.25" coul="1" lang="en" source="google">lightsteelblue</contenuImg>
            <contenuImg CS="0.31" coul="1" lang="en" source="google">feldspar</contenuImg>
            <contenuImg CS="0.38" coul="1" lang="en" source="google">darkgreen</contenuImg>
            <contenuImg CS="0.12" coul="1" lang="en" source="google">darkgreen</contenuImg>
            <contenuImg CS="0.35" coul="1" lang="en" source="google">black</contenuImg>
            <contenuImg CS="1.25" coul="1" lang="en" source="google">darkslategrey</contenuImg>
            <contenuImg CS="0.50" lang="en" source="google">Art</contenuImg>
            <contenuImg CS="0.52" lang="en" source="google">Symmetry</contenuImg>
            <contenuImg CS="0.55" lang="en" source="google">Visual arts</contenuImg>
            <contenuImg CS="0.65" lang="en" source="google">Plant</contenuImg>
            <contenuImg CS="0.72" lang="en" source="google">Design</contenuImg>
            <contenuImg CS="0.76" h="3320" lang="en" source="google" w="3325" x="1499.8" y="192">Leaf</contenuImg>
            <contenuImg CS="0.78" h="3320" lang="en" source="google" w="3325" x="1499.8" y="192">Tree</contenuImg>
            <contenuImg CS="0.82" h="3320" lang="en" source="google" w="3325" x="1499.8" y="192">Pattern</contenuImg>
            <contenuImg CS="0.91" coul="1" h="3320" lang="en" source="google" w="3325" x="1499.8" y="192">Green</contenuImg>
            <tech source="final">estampe/gravure</tech>
            <fonction source="md">papier-peint</fonction>
            <fonction source="final">papier-peint</fonction>
            <tech CS="1" source="hm">estampe/gravure</tech>
            <theme CS="1" source="md">0</theme>
            <contenuImg CS="1.0" lang="fr" source="md">Ornements géométriques</contenuImg>
            <contenuImg CS="1.0" lang="fr" source="md">Losanges (ornement)</contenuImg>
            <contenuImg CS="1.0" lang="fr" source="md">Feuilles stylisées (ornement)</contenuImg>
            <contenuImg CS="1.0" lang="fr" source="md">Quadrillage</contenuImg>
            <contenuImg CS="1.0" lang="fr" source="md">Motifs décoratifs</contenuImg>
            <titraille>Papier à motif répétitif : papier peint</titraille>
          </ill>
        </ills>
      </page>
    </pages>
  </contenus>
</analyseAlto>