<analyseAlto>
  <metad>
    <type>I</type>
    <ID>btv1b6900894p</ID>
    <titre>Papier à motif répétitif : papier peint</titre>
    <dateEdition>1805</dateEdition>
    <auteur>Jacquemart et Bénard (Manufacture). Fonction indéterminée</auteur>
    <lang>fre</lang>
    <source>Bibliothèque nationale de France</source>
    <sujet>Frises -- Baies (fruits) -- Bandes -- Flots (ornement) -- Feuilles stylisées (ornement) -- Motifs décoratifs</sujet>
    <descr>Appartient à l’ensemble documentaire : PaPeint18 -- Papier peint</descr>
    <format>inconnu</format>
    <couverture>inconnu</couverture>
    <largeurPx>6792</largeurPx>
    <hauteurPx>6320</hauteurPx>
    <ocr>false</ocr>
    <toc>false</toc>
    <nbPage>1</nbPage>
  </metad>
  <contenus ocr="false" toc="false">
    <largeur>287</largeur>
    <hauteur>267</hauteur>
    <largeurPx>6792</largeurPx>
    <hauteurPx>6320</hauteurPx>
    <pages>
      <page ordre="1">
        <blocIll ocr="1">1</blocIll>
        <ills>
          <ill classif="CCgoogle" couleur="coul" h="6320" hash="9999999999999999" n="1-1" taille="19" w="6792" x="1" y="1">
            <contenuImg CS="0.79" lang="fr" source="google">plante terrestre</contenuImg>
            <contenuImg CS="0.79" lang="fr" source="google">botanique</contenuImg>
            <contenuImg CS="0.74" lang="fr" source="google">arbuste nain (plante)</contenuImg>
            <contenuImg CS="0.75" lang="fr" source="google">modèle motif</contenuImg>
            <contenuImg CS="0.94" h="3971" lang="fr" source="google" w="2223" x="1534.2" y="632">feuille</contenuImg>
            <contenuImg CS="0.92" h="3971" lang="fr" source="google" w="2223" x="1534.2" y="632">plante</contenuImg>
            <contenuImg CS="0.85" h="3971" lang="fr" source="google" w="2223" x="1534.2" y="632">fleur</contenuImg>
            <contenuImg CS="0.85" h="3971" lang="fr" source="google" w="2223" x="1534.2" y="632">arbre</contenuImg>
            <contenuImg CS="0.81" lang="fr" source="google">feuilles persistantes</contenuImg>
            <contenuImg CS="0.75" lang="fr" source="google">plante ligneuse</contenuImg>
            <contenuImg CS="0.75" lang="fr" source="google">modèle</contenuImg>
            <contenuImg CS="1.06" coul="1" lang="fr" source="google">vert pâle</contenuImg>
            <contenuImg CS="0.73" coul="1" lang="fr" source="google">argent</contenuImg>
            <contenuImg CS="0.68" coul="1" lang="fr" source="google">gris ardoise foncé</contenuImg>
            <contenuImg CS="0.65" coul="1" lang="fr" source="google">vert foncé</contenuImg>
            <contenuImg CS="0.31" coul="1" lang="fr" source="google">bleu cadet</contenuImg>
            <contenuImg CS="0.20" coul="1" lang="fr" source="google">bleu nuit</contenuImg>
            <contenuImg CS="0.09" coul="1" lang="fr" source="google">gris foncé</contenuImg>
            <contenuImg b="127" coul="1" g="128" r="126" source="colorific" type="bkg">#7e807f</contenuImg>
            <contenuImg b="49" coul="1" g="50" ordre="2" r="40" source="colorific" type="frg">#283231</contenuImg>
            <contenuImg b="176" coul="1" g="160" ordre="1" r="144" source="colorific" type="frg">#90a0b0</contenuImg>
            <contenuImg CS="1.0" lang="en" source="md">decorative patterns</contenuImg>
            <contenuImg CS="1.0" lang="en" source="md">stylized leaves (ornament)</contenuImg>
            <contenuImg CS="1.0" lang="en" source="md">Flows (ornament)</contenuImg>
            <contenuImg CS="1.0" lang="en" source="md">stripes</contenuImg>
            <contenuImg CS="1.0" lang="en" source="md">berries (fruits)</contenuImg>
            <contenuImg CS="1.0" lang="en" source="md">curly</contenuImg>
            <contenuImg CS="0.09" coul="1" lang="en" source="google">dimgrey</contenuImg>
            <contenuImg CS="0.20" coul="1" lang="en" source="google">midnightblue</contenuImg>
            <contenuImg CS="0.31" coul="1" lang="en" source="google">cadetblue</contenuImg>
            <contenuImg CS="0.65" coul="1" lang="en" source="google">darkgreen</contenuImg>
            <contenuImg CS="0.68" coul="1" lang="en" source="google">darkslategrey</contenuImg>
            <contenuImg CS="0.73" coul="1" lang="en" source="google">silver</contenuImg>
            <contenuImg CS="0.78" coul="1" lang="en" source="google">darkgray</contenuImg>
            <contenuImg CS="1.06" coul="1" lang="en" source="google">palegreen</contenuImg>
            <contenuImg CS="0.74" lang="en" source="google">Subshrub</contenuImg>
            <contenuImg CS="0.75" lang="en" source="google">Pattern</contenuImg>
            <contenuImg CS="0.75" lang="en" source="google">Woody plant</contenuImg>
            <contenuImg CS="0.79" lang="en" source="google">Botany</contenuImg>
            <contenuImg CS="0.79" lang="en" source="google">Terrestrial plant</contenuImg>
            <contenuImg CS="0.81" lang="en" source="google">Evergreen</contenuImg>
            <contenuImg CS="0.85" h="3971" lang="en" source="google" w="2223" x="1534.2" y="632">Tree</contenuImg>
            <contenuImg CS="0.85" h="3971" lang="en" source="google" w="2223" x="1534.2" y="632">Flower</contenuImg>
            <contenuImg CS="0.92" h="3971" lang="en" source="google" w="2223" x="1534.2" y="632">Plant</contenuImg>
            <contenuImg CS="0.94" h="3971" lang="en" source="google" w="2223" x="1534.2" y="632">Leaf</contenuImg>
            <tech source="final">estampe/gravure</tech>
            <fonction source="md">papier-peint</fonction>
            <fonction source="final">papier-peint</fonction>
            <tech CS="1" source="hm">estampe/gravure</tech>
            <theme CS="1" source="md">0</theme>
            <contenuImg CS="1.0" lang="fr" source="md">Frises</contenuImg>
            <contenuImg CS="1.0" lang="fr" source="md">Baies (fruits)</contenuImg>
            <contenuImg CS="1.0" lang="fr" source="md">Bandes</contenuImg>
            <contenuImg CS="1.0" lang="fr" source="md">Flots (ornement)</contenuImg>
            <contenuImg CS="1.0" lang="fr" source="md">Feuilles stylisées (ornement)</contenuImg>
            <contenuImg CS="1.0" lang="fr" source="md">Motifs décoratifs</contenuImg>
            <titraille>Papier à motif répétitif : papier peint</titraille>
          </ill>
        </ills>
      </page>
    </pages>
  </contenus>
</analyseAlto>