<analyseAlto>
  <metad>
    <type>I</type>
    <ID>btv1b69012908</ID>
    <titre>Bordure : papier peint</titre>
    <dateEdition>1802</dateEdition>
    <auteur>Zuber et Compagnie (Manufacture). Fonction indéterminée</auteur>
    <lang>fre</lang>
    <source>Bibliothèque nationale de France, département Estampes et photographie, EST LI-22</source>
    <sujet>Campanules -- Frises -- Feuilles de chêne -- Glands -- Fleurs (ornement) -- Motifs décoratifs</sujet>
    <descr>Appartient à l’ensemble documentaire : PaPeint18 -- Papier peint</descr>
    <format>inconnu</format>
    <couverture>inconnu</couverture>
    <largeurPx>5064</largeurPx>
    <hauteurPx>1296</hauteurPx>
    <ocr>false</ocr>
    <toc>false</toc>
    <caption>false</caption>
    <nbPage>1</nbPage>
  </metad>
  <contenus ocr="false" toc="false">
    <largeur>214</largeur>
    <hauteur>54</hauteur>
    <largeurPx>5064</largeurPx>
    <hauteurPx>1296</hauteurPx>
    <pages>
      <page ordre="1">
        <blocIll ocr="1">1</blocIll>
        <ills>
          <ill classif="CCgoogle" couleur="coul" h="1296" hash="0000dfff997f00e7" n="1-1" taille="3" w="5064" x="1" y="1">
            <contenuImg CS="0.70" lang="fr" source="google">textile</contenuImg>
            <contenuImg CS="0.81" h="3320" lang="fr" source="google" w="3325" x="5351.4" y="129.6">botanique</contenuImg>
            <contenuImg CS="0.95" h="3320" lang="fr" source="google" w="3325" x="5351.4" y="129.6">feuille</contenuImg>
            <contenuImg CS="0.91" coul="1" h="3320" lang="fr" source="google" w="3325" x="5351.4" y="129.6">vert</contenuImg>
            <contenuImg CS="0.87" coul="1" h="3320" lang="fr" source="google" w="3325" x="5351.4" y="129.6">bleu canard</contenuImg>
            <contenuImg CS="0.80" lang="fr" source="google">plante</contenuImg>
            <contenuImg CS="0.79" lang="fr" source="google">peinture</contenuImg>
            <contenuImg CS="0.75" lang="fr" source="google">arbre</contenuImg>
            <contenuImg CS="0.69" lang="fr" source="google">art</contenuImg>
            <contenuImg CS="0.67" lang="fr" source="google">fleur</contenuImg>
            <contenuImg CS="1.36" coul="1" lang="fr" source="google">vert cuivre foncé</contenuImg>
            <contenuImg CS="0.40" coul="1" lang="fr" source="google">noir</contenuImg>
            <contenuImg CS="0.32" coul="1" lang="fr" source="google">gris ardoise foncé</contenuImg>
            <contenuImg CS="0.14" coul="1" lang="fr" source="google">bleu nuit</contenuImg>
            <contenuImg CS="0.13" coul="1" lang="fr" source="google">vert foncé</contenuImg>
            <contenuImg b="22" coul="1" g="34" r="38" source="colorific" type="bkg">#262216</contenuImg>
            <contenuImg b="124" coul="1" g="149" ordre="6" r="107" source="colorific" type="frg">#6b957c</contenuImg>
            <contenuImg b="152" coul="1" g="126" ordre="5" r="79" source="colorific" type="frg">#4f7e98</contenuImg>
            <contenuImg b="21" coul="1" g="42" ordre="4" r="66" source="colorific" type="frg">#422a15</contenuImg>
            <contenuImg b="26" coul="1" g="35" ordre="3" r="9" source="colorific" type="frg">#09231a</contenuImg>
            <contenuImg b="29" coul="1" g="58" ordre="2" r="114" source="colorific" type="frg">#723a1d</contenuImg>
            <contenuImg b="86" coul="1" g="90" ordre="1" r="58" source="colorific" type="frg">#3a5a56</contenuImg>
            <contenuImg CS="1.0" lang="en" source="md">decorative patterns</contenuImg>
            <contenuImg CS="1.0" lang="en" source="md">flowers (ornament)</contenuImg>
            <contenuImg CS="1.0" lang="en" source="md">acorns</contenuImg>
            <contenuImg CS="1.0" lang="en" source="md">oak leaves</contenuImg>
            <contenuImg CS="1.0" lang="en" source="md">curly</contenuImg>
            <contenuImg CS="1.0" lang="en" source="md">bellflowers (flowers)</contenuImg>
            <contenuImg CS="0.13" coul="1" lang="en" source="google">darkgreen</contenuImg>
            <contenuImg CS="0.14" coul="1" lang="en" source="google">midnightblue</contenuImg>
            <contenuImg CS="0.32" coul="1" lang="en" source="google">darkslategrey</contenuImg>
            <contenuImg CS="0.40" coul="1" lang="en" source="google">black</contenuImg>
            <contenuImg CS="1.36" coul="1" lang="en" source="google">darkgreencopper</contenuImg>
            <contenuImg CS="0.28" coul="1" lang="en" source="google">black</contenuImg>
            <contenuImg CS="1.51" coul="1" lang="en" source="google">darkgreen</contenuImg>
            <contenuImg CS="0.67" lang="en" source="google">Flower</contenuImg>
            <contenuImg CS="0.69" lang="en" source="google">Art</contenuImg>
            <contenuImg CS="0.70" lang="en" source="google">Textile</contenuImg>
            <contenuImg CS="0.75" lang="en" source="google">Tree</contenuImg>
            <contenuImg CS="0.79" lang="en" source="google">Painting</contenuImg>
            <contenuImg CS="0.80" lang="en" source="google">Plant</contenuImg>
            <contenuImg CS="0.81" h="3320" lang="en" source="google" w="3325" x="5351.4" y="129.6">Botany</contenuImg>
            <contenuImg CS="0.87" coul="1" h="3320" lang="en" source="google" w="3325" x="5351.4" y="129.6">Teal</contenuImg>
            <contenuImg CS="0.91" coul="1" h="3320" lang="en" source="google" w="3325" x="5351.4" y="129.6">Green</contenuImg>
            <contenuImg CS="0.95" h="3320" lang="en" source="google" w="3325" x="5351.4" y="129.6">Leaf</contenuImg>
            <tech source="final">estampe/gravure</tech>
            <fonction source="md">papier-peint</fonction>
            <fonction source="final">papier-peint</fonction>
            <tech CS="1" source="hm">estampe/gravure</tech>
            <theme CS="1" source="md">0</theme>
            <contenuImg CS="1.0" lang="fr" source="md">Campanules</contenuImg>
            <contenuImg CS="1.0" lang="fr" source="md">Frises</contenuImg>
            <contenuImg CS="1.0" lang="fr" source="md">Feuilles de chêne</contenuImg>
            <contenuImg CS="1.0" lang="fr" source="md">Glands</contenuImg>
            <contenuImg CS="1.0" lang="fr" source="md">Fleurs (ornement)</contenuImg>
            <contenuImg CS="1.0" lang="fr" source="md">Motifs décoratifs</contenuImg>
            <titraille>Bordure : papier peint</titraille>
          </ill>
        </ills>
      </page>
    </pages>
  </contenus>
</analyseAlto>