<analyseAlto>
  <metad>
    <type>I</type>
    <ID>btv1b6900761z</ID>
    <titre>Papier à motif répétitif : papier peint</titre>
    <dateEdition>1803</dateEdition>
    <auteur>Jacquemart et Bénard (Manufacture). Fonction indéterminée</auteur>
    <lang>fre</lang>
    <source>Bibliothèque nationale de France</source>
    <sujet>Peinture et décoration murales -- Montants (ornement) -- Feuilles stylisées (ornement) -- Rosettes (ornement) -- Motifs décoratifs</sujet>
    <descr>Appartient à l’ensemble documentaire : PaPeint18 -- Papier peint</descr>
    <format>inconnu</format>
    <couverture>inconnu</couverture>
    <largeurPx>6840</largeurPx>
    <hauteurPx>5848</hauteurPx>
    <ocr>false</ocr>
    <toc>false</toc>
    <nbPage>1</nbPage>
  </metad>
  <contenus ocr="false" toc="false">
    <largeur>289</largeur>
    <hauteur>247</hauteur>
    <largeurPx>6840</largeurPx>
    <hauteurPx>5848</hauteurPx>
    <pages>
      <page ordre="1">
        <blocIll ocr="1">1</blocIll>
        <ills>
          <ill classif="CCgoogle" couleur="coul" h="5848" hash="7e7e7e7e7c640000" n="1-1" taille="18" w="6840" x="1" y="1">
            <contenuImg CS="0.59" lang="fr" source="google">modèle motif</contenuImg>
            <contenuImg CS="0.94" coul="1" h="3652" lang="fr" source="google" w="3657" x="992" y="584.8">vert</contenuImg>
            <contenuImg CS="0.84" coul="1" h="3652" lang="fr" source="google" w="3657" x="992" y="584.8">marron</contenuImg>
            <contenuImg CS="0.71" h="3652" lang="fr" source="google" w="3657" x="992" y="584.8">produit en papier</contenuImg>
            <contenuImg CS="0.69" lang="fr" source="google">arbre</contenuImg>
            <contenuImg CS="0.63" lang="fr" source="google">papier</contenuImg>
            <contenuImg CS="0.60" lang="fr" source="google">symétrie</contenuImg>
            <contenuImg CS="0.59" lang="fr" source="google">modèle</contenuImg>
            <contenuImg CS="0.59" lang="fr" source="google">plante</contenuImg>
            <contenuImg CS="0.50" lang="fr" source="google">spirale</contenuImg>
            <contenuImg CS="0.01" coul="1" lang="fr" source="google">vert olive foncé</contenuImg>
            <contenuImg CS="0.00" coul="1" lang="fr" source="google">vert foncé</contenuImg>
            <contenuImg CS="0.00" coul="1" lang="fr" source="google">chocolat à pâtisser</contenuImg>
            <contenuImg CS="0.00" coul="1" lang="fr" source="google">bois foncé</contenuImg>
            <contenuImg b="52" coul="1" g="85" r="118" source="colorific" type="bkg">#765534</contenuImg>
            <contenuImg b="59" coul="1" g="70" ordre="4" r="104" source="colorific" type="frg">#68463b</contenuImg>
            <contenuImg b="0" coul="1" g="0" ordre="3" r="0" source="colorific" type="frg">#000000</contenuImg>
            <contenuImg b="26" coul="1" g="32" ordre="2" r="11" source="colorific" type="frg">#0b201a</contenuImg>
            <contenuImg b="63" coul="1" g="66" ordre="1" r="37" source="colorific" type="frg">#25423f</contenuImg>
            <contenuImg CS="1.0" lang="en" source="md">decorative patterns</contenuImg>
            <contenuImg CS="1.0" lang="en" source="md">rosettes (ornament)</contenuImg>
            <contenuImg CS="1.0" lang="en" source="md">stylized leaves (ornament)</contenuImg>
            <contenuImg CS="1.0" lang="en" source="md">montants (ornament)</contenuImg>
            <contenuImg CS="1.0" lang="en" source="md">painting and wall decoration</contenuImg>
            <contenuImg CS="0.00" coul="1" lang="en" source="google">darkwood</contenuImg>
            <contenuImg CS="0.00" coul="1" lang="en" source="google">bakerschocolate</contenuImg>
            <contenuImg CS="0.00" coul="1" lang="en" source="google">darkgreen</contenuImg>
            <contenuImg CS="0.01" coul="1" lang="en" source="google">darkwood</contenuImg>
            <contenuImg CS="0.01" coul="1" lang="en" source="google">darkolivegreen</contenuImg>
            <contenuImg CS="0.05" coul="1" lang="en" source="google">darkwood</contenuImg>
            <contenuImg CS="4.92" coul="1" lang="en" source="google">darkwood</contenuImg>
            <contenuImg CS="0.50" lang="en" source="google">Spiral</contenuImg>
            <contenuImg CS="0.59" lang="en" source="google">Plant</contenuImg>
            <contenuImg CS="0.59" lang="en" source="google">Pattern</contenuImg>
            <contenuImg CS="0.60" lang="en" source="google">Symmetry</contenuImg>
            <contenuImg CS="0.63" lang="en" source="google">Paper</contenuImg>
            <contenuImg CS="0.69" lang="en" source="google">Tree</contenuImg>
            <contenuImg CS="0.71" h="3652" lang="en" source="google" w="3657" x="992" y="584.8">Paper product</contenuImg>
            <contenuImg CS="0.84" h="3652" lang="en" source="google" w="3657" x="992" y="584.8">Pattern</contenuImg>
            <contenuImg CS="0.84" coul="1" h="3652" lang="en" source="google" w="3657" x="992" y="584.8">Brown</contenuImg>
            <contenuImg CS="0.94" coul="1" h="3652" lang="en" source="google" w="3657" x="992" y="584.8">Green</contenuImg>
            <tech source="final">estampe/gravure</tech>
            <fonction source="md">papier-peint</fonction>
            <fonction source="final">papier-peint</fonction>
            <tech CS="1" source="hm">estampe/gravure</tech>
            <theme CS="1" source="md">0</theme>
            <contenuImg CS="1.0" lang="fr" source="md">Peinture et décoration murales</contenuImg>
            <contenuImg CS="1.0" lang="fr" source="md">Montants (ornement)</contenuImg>
            <contenuImg CS="1.0" lang="fr" source="md">Feuilles stylisées (ornement)</contenuImg>
            <contenuImg CS="1.0" lang="fr" source="md">Rosettes (ornement)</contenuImg>
            <contenuImg CS="1.0" lang="fr" source="md">Motifs décoratifs</contenuImg>
            <titraille>Papier à motif répétitif : papier peint</titraille>
          </ill>
        </ills>
      </page>
    </pages>
  </contenus>
</analyseAlto>