<analyseAlto>
  <metad>
    <type>I</type>
    <ID>btv1b6901079j</ID>
    <titre>Papier à motif répétitif : papier peint</titre>
    <dateEdition>1800</dateEdition>
    <auteur>inconnu</auteur>
    <lang>fre</lang>
    <source>Bibliothèque nationale de France, département Estampes et photographie, EST LI-20</source>
    <sujet>Carreaux -- Chien -- Oiseaux -- Fruits -- Sièges (meubles) -- Tasses -- Vaisselle -- Roses -- Marguerites -- Fleurs stylisées (ornement) -- Camaïeu, Peinture en -- Motifs décoratifs</sujet>
    <descr>Appartient à l’ensemble documentaire : PaPeint18 -- Papier peint</descr>
    <format>inconnu</format>
    <couverture>inconnu</couverture>
    <largeurPx>6232</largeurPx>
    <hauteurPx>7536</hauteurPx>
    <ocr>false</ocr>
    <toc>false</toc>
    <caption>false</caption>
    <nbPage>1</nbPage>
  </metad>
  <contenus ocr="false" toc="false">
    <largeur>263</largeur>
    <hauteur>319</hauteur>
    <largeurPx>6232</largeurPx>
    <hauteurPx>7536</hauteurPx>
    <pages>
      <page ordre="1">
        <blocIll ocr="1">1</blocIll>
        <ills>
          <ill classif="CCgoogle" couleur="coul" h="7536" hash="21c0c4973364ff2f" n="1-1" taille="21" w="6232" x="1" y="1">
            <contenuImg CS="0.72" h="4270" lang="fr" source="google" w="2394" x="1150.2" y="753.6">conception</contenuImg>
            <contenuImg CS="0.66" h="4270" lang="fr" source="google" w="2394" x="1150.2" y="753.6">textile</contenuImg>
            <contenuImg CS="0.54" lang="fr" source="google">modèle motif</contenuImg>
            <contenuImg CS="0.72" h="4270" lang="fr" source="google" w="2394" x="1150.2" y="753.6">design</contenuImg>
            <contenuImg CS="0.59" h="4270" lang="fr" source="google" w="2394" x="1150.2" y="753.6">plante</contenuImg>
            <contenuImg CS="0.55" lang="fr" source="google">arts visuels</contenuImg>
            <contenuImg CS="0.54" lang="fr" source="google">modèle</contenuImg>
            <contenuImg CS="0.53" lang="fr" source="google">travaux d'aiguille</contenuImg>
            <contenuImg CS="0.24" coul="1" lang="fr" source="google">gris</contenuImg>
            <contenuImg CS="0.58" coul="1" lang="fr" source="google">gris foncé</contenuImg>
            <contenuImg CS="0.49" coul="1" lang="fr" source="google">gris ardoise foncé</contenuImg>
            <contenuImg CS="0.38" coul="1" lang="fr" source="google">vert pâle</contenuImg>
            <contenuImg CS="0.34" coul="1" lang="fr" source="google">argent</contenuImg>
            <contenuImg b="255" coul="1" g="255" r="255" source="colorific" type="bkg">#ffffff</contenuImg>
            <contenuImg b="71" coul="1" g="94" ordre="5" r="172" source="colorific" type="frg">#ac5e47</contenuImg>
            <contenuImg b="59" coul="1" g="76" ordre="4" r="89" source="colorific" type="frg">#594c3b</contenuImg>
            <contenuImg b="57" coul="1" g="73" ordre="3" r="110" source="colorific" type="frg">#6e4939</contenuImg>
            <contenuImg b="48" coul="1" g="58" ordre="2" r="40" source="colorific" type="frg">#283a30</contenuImg>
            <contenuImg b="112" coul="1" g="119" ordre="1" r="105" source="colorific" type="frg">#697770</contenuImg>
            <contenuImg CS="1.0" lang="en" source="md">decorative patterns</contenuImg>
            <contenuImg CS="1.0" lang="en" source="md">camaïeu painting</contenuImg>
            <contenuImg CS="1.0" lang="en" source="md">stylized flowers (ornament)</contenuImg>
            <contenuImg CS="1.0" lang="en" source="md">daisies (flowers)</contenuImg>
            <contenuImg CS="1.0" lang="en" source="md">roses (flowers)</contenuImg>
            <contenuImg CS="1.0" lang="en" source="md">washing up</contenuImg>
            <contenuImg CS="1.0" lang="en" source="md">mugs</contenuImg>
            <contenuImg CS="1.0" lang="en" source="md">seats (furniture)</contenuImg>
            <contenuImg CS="1.0" lang="en" source="md">fruits</contenuImg>
            <contenuImg CS="1.0" lang="en" source="md">birds</contenuImg>
            <contenuImg CS="1.0" lang="en" source="md">dog</contenuImg>
            <contenuImg CS="1.0" lang="en" source="md">tiles</contenuImg>
            <contenuImg CS="0.34" coul="1" lang="en" source="google">silver</contenuImg>
            <contenuImg CS="0.38" coul="1" lang="en" source="google">palegreen</contenuImg>
            <contenuImg CS="0.49" coul="1" lang="en" source="google">darkslategrey</contenuImg>
            <contenuImg CS="0.58" coul="1" lang="en" source="google">dimgrey</contenuImg>
            <contenuImg CS="0.61" coul="1" lang="en" source="google">silver</contenuImg>
            <contenuImg CS="0.24" coul="1" lang="en" source="google">gray</contenuImg>
            <contenuImg CS="0.61" coul="1" lang="en" source="google">palegreen</contenuImg>
            <contenuImg CS="0.53" lang="en" source="google">Needlework</contenuImg>
            <contenuImg CS="0.54" lang="en" source="google">Pattern</contenuImg>
            <contenuImg CS="0.55" lang="en" source="google">Visual arts</contenuImg>
            <contenuImg CS="0.59" h="4270" lang="en" source="google" w="2394" x="1150.2" y="753.6">Plant</contenuImg>
            <contenuImg CS="0.66" h="4270" lang="en" source="google" w="2394" x="1150.2" y="753.6">Textile</contenuImg>
            <contenuImg CS="0.72" h="4270" lang="en" source="google" w="2394" x="1150.2" y="753.6">Design</contenuImg>
            <contenuImg CS="0.88" h="4270" lang="en" source="google" w="2394" x="1150.2" y="753.6">Pattern</contenuImg>
            <tech source="final">estampe/gravure</tech>
            <fonction source="md">papier-peint</fonction>
            <fonction source="final">papier-peint</fonction>
            <tech CS="1" source="hm">estampe/gravure</tech>
            <theme CS="1" source="md">0</theme>
            <contenuImg CS="1.0" lang="fr" source="md">Carreaux</contenuImg>
            <contenuImg CS="1.0" lang="fr" source="md">Chien</contenuImg>
            <contenuImg CS="1.0" lang="fr" source="md">Oiseaux</contenuImg>
            <contenuImg CS="1.0" lang="fr" source="md">Fruits</contenuImg>
            <contenuImg CS="1.0" lang="fr" source="md">Sièges (meubles)</contenuImg>
            <contenuImg CS="1.0" lang="fr" source="md">Tasses</contenuImg>
            <contenuImg CS="1.0" lang="fr" source="md">Vaisselle</contenuImg>
            <contenuImg CS="1.0" lang="fr" source="md">Roses</contenuImg>
            <contenuImg CS="1.0" lang="fr" source="md">Marguerites</contenuImg>
            <contenuImg CS="1.0" lang="fr" source="md">Fleurs stylisées (ornement)</contenuImg>
            <contenuImg CS="1.0" lang="fr" source="md">Peinture en camaïeu</contenuImg>
            <contenuImg CS="1.0" lang="fr" source="md">Motifs décoratifs</contenuImg>
            <titraille>Papier à motif répétitif : papier peint</titraille>
          </ill>
        </ills>
      </page>
    </pages>
  </contenus>
</analyseAlto>