<analyseAlto>
  <metad>
    <type>I</type>
    <ID>btv1b6900657q</ID>
    <titre>Papier à motif répétitif : papier peint</titre>
    <dateEdition>1801</dateEdition>
    <auteur>inconnu</auteur>
    <lang>fre</lang>
    <source>Bibliothèque nationale de France</source>
    <sujet>Rosettes (ornement) -- Quadrillage -- Motifs décoratifs</sujet>
    <descr>Appartient à l’ensemble documentaire : PaPeint18 -- Papier peint</descr>
    <format>inconnu</format>
    <couverture>inconnu</couverture>
    <largeurPx>6688</largeurPx>
    <hauteurPx>4784</hauteurPx>
    <ocr>false</ocr>
    <toc>false</toc>
    <nbPage>1</nbPage>
  </metad>
  <contenus ocr="false" toc="false">
    <largeur>283</largeur>
    <hauteur>202</hauteur>
    <largeurPx>6688</largeurPx>
    <hauteurPx>4784</hauteurPx>
    <pages>
      <page ordre="1">
        <blocIll ocr="1">1</blocIll>
        <ills>
          <ill classif="CCgoogle" couleur="coul" h="4784" hash="1f1f0010171f1f7f" n="1-1" taille="14" w="6688" x="1" y="1">
            <contenuImg CS="0.97" h="3054" lang="fr" source="google" w="1710" x="668.8" y="478.4">aqua</contenuImg>
            <contenuImg CS="0.90" lang="fr" source="google">bleu azur</contenuImg>
            <contenuImg CS="0.73" lang="fr" source="google">conception</contenuImg>
            <contenuImg CS="0.70" coul="1" lang="fr" source="google">bleu électrique</contenuImg>
            <contenuImg CS="0.94" lang="fr" source="google">modèle motif</contenuImg>
            <contenuImg CS="0.55" coul="1" lang="fr" source="google">bleu acier</contenuImg>
            <contenuImg CS="0.14" coul="1" lang="fr" source="google">cyan foncé</contenuImg>
            <contenuImg CS="0.02" coul="1" lang="fr" source="google">bleu ciel</contenuImg>
            <contenuImg CS="0.98" coul="1" h="3054" lang="fr" source="google" w="1710" x="668.8" y="478.4">bleu</contenuImg>
            <contenuImg CS="0.95" coul="1" h="3054" lang="fr" source="google" w="1710" x="668.8" y="478.4">vert</contenuImg>
            <contenuImg CS="0.94" coul="1" h="3054" lang="fr" source="google" w="1710" x="668.8" y="478.4">turquoise</contenuImg>
            <contenuImg CS="0.94" lang="fr" source="google">modèle</contenuImg>
            <contenuImg CS="0.73" lang="fr" source="google">design</contenuImg>
            <contenuImg CS="4.25" coul="1" lang="fr" source="google">bleu canard</contenuImg>
            <contenuImg CS="0.04" coul="1" lang="fr" source="google">bleu cadet</contenuImg>
            <contenuImg b="171" coul="1" g="132" r="80" source="colorific" type="bkg">#5084ab</contenuImg>
            <contenuImg b="0" coul="1" g="0" ordre="2" r="0" source="colorific" type="frg">#000000</contenuImg>
            <contenuImg b="255" coul="1" g="255" ordre="1" r="255" source="colorific" type="frg">#ffffff</contenuImg>
            <contenuImg CS="1.0" lang="en" source="md">decorative patterns</contenuImg>
            <contenuImg CS="1.0" lang="en" source="md">grid</contenuImg>
            <contenuImg CS="1.0" lang="en" source="md">rosettes (ornament)</contenuImg>
            <contenuImg CS="0.02" coul="1" lang="en" source="google">skyblue</contenuImg>
            <contenuImg CS="0.04" coul="1" lang="en" source="google">cadetblue</contenuImg>
            <contenuImg CS="0.14" coul="1" lang="en" source="google">darkcyan</contenuImg>
            <contenuImg CS="0.55" coul="1" lang="en" source="google">steelblue</contenuImg>
            <contenuImg CS="4.25" coul="1" lang="en" source="google">teal</contenuImg>
            <contenuImg CS="0.70" coul="1" lang="en" source="google">Electric blue</contenuImg>
            <contenuImg CS="0.73" lang="en" source="google">Design</contenuImg>
            <contenuImg CS="0.87" coul="1" lang="en" source="google">Teal</contenuImg>
            <contenuImg CS="0.90" lang="en" source="google">Azure</contenuImg>
            <contenuImg CS="0.94" lang="en" source="google">Pattern</contenuImg>
            <contenuImg CS="0.94" coul="1" h="3054" lang="en" source="google" w="1710" x="668.8" y="478.4">Turquoise</contenuImg>
            <contenuImg CS="0.95" coul="1" h="3054" lang="en" source="google" w="1710" x="668.8" y="478.4">Green</contenuImg>
            <contenuImg CS="0.97" h="3054" lang="en" source="google" w="1710" x="668.8" y="478.4">Aqua</contenuImg>
            <contenuImg CS="0.98" coul="1" h="3054" lang="en" source="google" w="1710" x="668.8" y="478.4">Blue</contenuImg>
            <tech source="final">estampe/gravure</tech>
            <fonction source="md">papier-peint</fonction>
            <fonction source="final">papier-peint</fonction>
            <tech CS="1" source="hm">estampe/gravure</tech>
            <theme CS="1" source="md">0</theme>
            <contenuImg CS="1.0" lang="fr" source="md">Rosettes (ornement)</contenuImg>
            <contenuImg CS="1.0" lang="fr" source="md">Quadrillage</contenuImg>
            <contenuImg CS="1.0" lang="fr" source="md">Motifs décoratifs</contenuImg>
            <titraille>Papier à motif répétitif : papier peint</titraille>
          </ill>
        </ills>
      </page>
    </pages>
  </contenus>
</analyseAlto>