<analyseAlto>
  <metad>
    <type>I</type>
    <ID>btv1b69015494</ID>
    <titre>Papier à motif répétitif : papier peint</titre>
    <dateEdition>1799</dateEdition>
    <auteur>inconnu</auteur>
    <lang>fre</lang>
    <source>Bibliothèque nationale de France, département Estampes et photographie, EST LZ-312 (4)</source>
    <sujet>Ornements géométriques -- Épis de blé -- Carrés -- Rosettes (ornement) -- Motifs décoratifs</sujet>
    <descr>Appartient à l’ensemble documentaire : PaPeint18 -- Papier peint</descr>
    <format>inconnu</format>
    <couverture>inconnu</couverture>
    <largeurPx>7136</largeurPx>
    <hauteurPx>8792</hauteurPx>
    <ocr>false</ocr>
    <toc>false</toc>
    <caption>false</caption>
    <nbPage>1</nbPage>
  </metad>
  <contenus ocr="false" toc="false">
    <largeur>302</largeur>
    <hauteur>372</hauteur>
    <largeurPx>7136</largeurPx>
    <hauteurPx>8792</hauteurPx>
    <pages>
      <page ordre="1">
        <blocIll ocr="1">1</blocIll>
        <ills>
          <ill classif="CCgoogle" couleur="coul" h="8792" hash="ff8181818081efff" n="1-1" taille="29" w="7136" x="1" y="1">
            <contenuImg CS="0.78" lang="fr" source="google">conception</contenuImg>
            <contenuImg CS="0.53" lang="fr" source="google">motif</contenuImg>
            <contenuImg CS="0.82" h="2603" lang="fr" source="google" w="3462" x="713.6" y="879.2">modèle motif</contenuImg>
            <contenuImg CS="0.86" h="2603" lang="fr" source="google" w="3462" x="713.6" y="879.2">ligne</contenuImg>
            <contenuImg CS="0.82" h="2603" lang="fr" source="google" w="3462" x="713.6" y="879.2">modèle</contenuImg>
            <contenuImg CS="0.79" h="2603" lang="fr" source="google" w="3462" x="713.6" y="879.2">symétrie</contenuImg>
            <contenuImg CS="0.78" lang="fr" source="google">design</contenuImg>
            <contenuImg CS="0.72" lang="fr" source="google">arts visuels</contenuImg>
            <contenuImg CS="0.57" lang="fr" source="google">tuile</contenuImg>
            <contenuImg CS="0.54" lang="fr" source="google">sol</contenuImg>
            <contenuImg CS="0.52" lang="fr" source="google">carré</contenuImg>
            <contenuImg CS="0.51" coul="1" lang="fr" source="google">gris foncé</contenuImg>
            <contenuImg CS="0.51" coul="1" lang="fr" source="google">vert pâle</contenuImg>
            <contenuImg CS="0.36" coul="1" lang="fr" source="google">vert cuivre foncé</contenuImg>
            <contenuImg CS="0.32" coul="1" lang="fr" source="google">vert foncé</contenuImg>
            <contenuImg CS="0.31" coul="1" lang="fr" source="google">bleu cadet</contenuImg>
            <contenuImg b="187" coul="1" g="171" r="142" source="colorific" type="bkg">#8eabbb</contenuImg>
            <contenuImg b="7" coul="1" g="25" ordre="6" r="38" source="colorific" type="frg">#261907</contenuImg>
            <contenuImg b="0" coul="1" g="0" ordre="5" r="0" source="colorific" type="frg">#000000</contenuImg>
            <contenuImg b="153" coul="1" g="152" ordre="4" r="154" source="colorific" type="frg">#9a9899</contenuImg>
            <contenuImg b="57" coul="1" g="59" ordre="3" r="41" source="colorific" type="frg">#293b39</contenuImg>
            <contenuImg b="53" coul="1" g="76" ordre="2" r="103" source="colorific" type="frg">#674c35</contenuImg>
            <contenuImg b="94" coul="1" g="108" ordre="1" r="111" source="colorific" type="frg">#6f6c5e</contenuImg>
            <contenuImg CS="1.0" lang="en" source="md">decorative patterns</contenuImg>
            <contenuImg CS="1.0" lang="en" source="md">rosettes (ornament)</contenuImg>
            <contenuImg CS="1.0" lang="en" source="md">squares</contenuImg>
            <contenuImg CS="1.0" lang="en" source="md">ears of wheat</contenuImg>
            <contenuImg CS="1.0" lang="en" source="md">geometric ornaments</contenuImg>
            <contenuImg CS="0.31" coul="1" lang="en" source="google">cadetblue</contenuImg>
            <contenuImg CS="0.32" coul="1" lang="en" source="google">darkgreen</contenuImg>
            <contenuImg CS="0.36" coul="1" lang="en" source="google">darkgreencopper</contenuImg>
            <contenuImg CS="0.51" coul="1" lang="en" source="google">palegreen</contenuImg>
            <contenuImg CS="0.51" coul="1" lang="en" source="google">darkgray</contenuImg>
            <contenuImg CS="0.61" coul="1" lang="en" source="google">palegreen</contenuImg>
            <contenuImg CS="0.52" lang="en" source="google">Square</contenuImg>
            <contenuImg CS="0.53" lang="en" source="google">Motif</contenuImg>
            <contenuImg CS="0.54" lang="en" source="google">Flooring</contenuImg>
            <contenuImg CS="0.57" lang="en" source="google">Tile</contenuImg>
            <contenuImg CS="0.72" lang="en" source="google">Visual arts</contenuImg>
            <contenuImg CS="0.78" lang="en" source="google">Design</contenuImg>
            <contenuImg CS="0.79" h="2603" lang="en" source="google" w="3462" x="713.6" y="879.2">Symmetry</contenuImg>
            <contenuImg CS="0.82" h="2603" lang="en" source="google" w="3462" x="713.6" y="879.2">Pattern</contenuImg>
            <contenuImg CS="0.86" h="2603" lang="en" source="google" w="3462" x="713.6" y="879.2">Line</contenuImg>
            <contenuImg CS="0.96" h="2603" lang="en" source="google" w="3462" x="713.6" y="879.2">Pattern</contenuImg>
            <tech source="final">estampe/gravure</tech>
            <fonction source="md">papier-peint</fonction>
            <fonction source="final">papier-peint</fonction>
            <tech CS="1" source="hm">estampe/gravure</tech>
            <theme CS="1" source="md">0</theme>
            <contenuImg CS="1.0" lang="fr" source="md">Ornements géométriques</contenuImg>
            <contenuImg CS="1.0" lang="fr" source="md">Épis de blé</contenuImg>
            <contenuImg CS="1.0" lang="fr" source="md">Carrés</contenuImg>
            <contenuImg CS="1.0" lang="fr" source="md">Rosettes (ornement)</contenuImg>
            <contenuImg CS="1.0" lang="fr" source="md">Motifs décoratifs</contenuImg>
            <titraille>Papier à motif répétitif : papier peint</titraille>
          </ill>
        </ills>
      </page>
    </pages>
  </contenus>
</analyseAlto>