<analyseAlto>
  <metad>
    <type>I</type>
    <ID>btv1b6900842z</ID>
    <titre>Bordure : papier peint</titre>
    <dateEdition>1803</dateEdition>
    <auteur>Jacquemart et Bénard (Manufacture). Fonction indéterminée</auteur>
    <lang>fre</lang>
    <source>Bibliothèque nationale de France</source>
    <sujet>Peinture et décoration murales -- Bustes (sculpture) -- Femmes -- Frises -- Bases (architecture) -- Colonnes -- Dents-de-loup (ornement) -- Fleurs stylisées (ornement) -- Feuilles stylisées (ornement) -- Rangs de perles (ornement) -- Motifs décoratifs</sujet>
    <descr>Appartient à l’ensemble documentaire : PaPeint18 -- Papier peint</descr>
    <format>inconnu</format>
    <couverture>inconnu</couverture>
    <largeurPx>6672</largeurPx>
    <hauteurPx>3496</hauteurPx>
    <ocr>false</ocr>
    <toc>false</toc>
    <nbPage>1</nbPage>
  </metad>
  <contenus ocr="false" toc="false">
    <largeur>282</largeur>
    <hauteur>147</hauteur>
    <largeurPx>6672</largeurPx>
    <hauteurPx>3496</hauteurPx>
    <pages>
      <page ordre="1">
        <blocIll ocr="1">1</blocIll>
        <ills>
          <ill classif="CCgoogle" couleur="coul" h="3496" hash="7f7e7e6e663c0000" n="1-1" taille="10" w="6672" x="1" y="1">
            <contenuImg CS="0.73" lang="fr" source="google">conception</contenuImg>
            <contenuImg CS="0.80" h="3320" lang="fr" source="google" w="3329" x="2168.2" y="349.6">botanique</contenuImg>
            <contenuImg CS="0.54" lang="fr" source="google">ornement</contenuImg>
            <contenuImg CS="0.53" lang="fr" source="google">art floral</contenuImg>
            <contenuImg CS="0.79" h="3320" lang="fr" source="google" w="3329" x="2168.2" y="349.6">modèle motif</contenuImg>
            <contenuImg CS="0.98" coul="1" h="3320" lang="fr" source="google" w="3329" x="2168.2" y="349.6">vert</contenuImg>
            <contenuImg CS="0.91" h="3320" lang="fr" source="google" w="3329" x="2168.2" y="349.6">feuille</contenuImg>
            <contenuImg CS="0.79" h="3320" lang="fr" source="google" w="3329" x="2168.2" y="349.6">modèle</contenuImg>
            <contenuImg CS="0.73" lang="fr" source="google">design</contenuImg>
            <contenuImg CS="0.70" lang="fr" source="google">arts visuels</contenuImg>
            <contenuImg CS="0.68" lang="fr" source="google">plante</contenuImg>
            <contenuImg CS="0.64" lang="fr" source="google">illustration</contenuImg>
            <contenuImg CS="0.58" coul="1" lang="fr" source="google">noir</contenuImg>
            <contenuImg CS="0.07" coul="1" lang="fr" source="google">rose</contenuImg>
            <contenuImg CS="0.40" coul="1" lang="fr" source="google">gris ardoise foncé</contenuImg>
            <contenuImg CS="0.30" coul="1" lang="fr" source="google">gris foncé</contenuImg>
            <contenuImg CS="0.28" coul="1" lang="fr" source="google">vert foncé</contenuImg>
            <contenuImg CS="0.17" coul="1" lang="fr" source="google">argent</contenuImg>
            <contenuImg CS="0.16" coul="1" lang="fr" source="google">gris clair</contenuImg>
            <contenuImg b="158" coul="1" g="165" r="168" source="colorific" type="bkg">#a8a59e</contenuImg>
            <contenuImg b="79" coul="1" g="125" ordre="6" r="159" source="colorific" type="frg">#9f7d4f</contenuImg>
            <contenuImg b="0" coul="1" g="0" ordre="5" r="0" source="colorific" type="frg">#000000</contenuImg>
            <contenuImg b="255" coul="1" g="255" ordre="4" r="255" source="colorific" type="frg">#ffffff</contenuImg>
            <contenuImg b="54" coul="1" g="77" ordre="3" r="115" source="colorific" type="frg">#734d36</contenuImg>
            <contenuImg b="92" coul="1" g="97" ordre="2" r="67" source="colorific" type="frg">#43615c</contenuImg>
            <contenuImg b="33" coul="1" g="34" ordre="1" r="34" source="colorific" type="frg">#222221</contenuImg>
            <contenuImg CS="1.0" lang="en" source="md">decorative patterns</contenuImg>
            <contenuImg CS="1.0" lang="en" source="md">rows of pearls (ornament)</contenuImg>
            <contenuImg CS="1.0" lang="en" source="md">stylized leaves (ornament)</contenuImg>
            <contenuImg CS="1.0" lang="en" source="md">stylized flowers (ornament)</contenuImg>
            <contenuImg CS="1.0" lang="en" source="md">wolf's teeth (ornament)</contenuImg>
            <contenuImg CS="1.0" lang="en" source="md">columns</contenuImg>
            <contenuImg CS="1.0" lang="en" source="md">basements (architecture)</contenuImg>
            <contenuImg CS="1.0" lang="en" source="md">curly</contenuImg>
            <contenuImg CS="1.0" lang="en" source="md">women</contenuImg>
            <contenuImg CS="1.0" lang="en" source="md">busts (sculpture)</contenuImg>
            <contenuImg CS="1.0" lang="en" source="md">painting and wall decoration</contenuImg>
            <contenuImg CS="0.16" coul="1" lang="en" source="google">lightgray</contenuImg>
            <contenuImg CS="0.17" coul="1" lang="en" source="google">silver</contenuImg>
            <contenuImg CS="0.28" coul="1" lang="en" source="google">darkgreen</contenuImg>
            <contenuImg CS="0.30" coul="1" lang="en" source="google">darkgray</contenuImg>
            <contenuImg CS="0.40" coul="1" lang="en" source="google">darkslategrey</contenuImg>
            <contenuImg CS="0.07" coul="1" lang="en" source="google">pink</contenuImg>
            <contenuImg CS="0.58" coul="1" lang="en" source="google">black</contenuImg>
            <contenuImg CS="2.57" coul="1" lang="en" source="google">silver</contenuImg>
            <contenuImg CS="0.53" lang="en" source="google">Floral design</contenuImg>
            <contenuImg CS="0.54" lang="en" source="google">Ornament</contenuImg>
            <contenuImg CS="0.64" lang="en" source="google">Illustration</contenuImg>
            <contenuImg CS="0.68" lang="en" source="google">Plant</contenuImg>
            <contenuImg CS="0.70" lang="en" source="google">Visual arts</contenuImg>
            <contenuImg CS="0.73" lang="en" source="google">Design</contenuImg>
            <contenuImg CS="0.79" h="3320" lang="en" source="google" w="3329" x="2168.2" y="349.6">Pattern</contenuImg>
            <contenuImg CS="0.80" h="3320" lang="en" source="google" w="3329" x="2168.2" y="349.6">Botany</contenuImg>
            <contenuImg CS="0.91" h="3320" lang="en" source="google" w="3329" x="2168.2" y="349.6">Leaf</contenuImg>
            <contenuImg CS="0.98" coul="1" h="3320" lang="en" source="google" w="3329" x="2168.2" y="349.6">Green</contenuImg>
            <tech source="final">estampe/gravure</tech>
            <fonction source="md">papier-peint</fonction>
            <fonction source="final">papier-peint</fonction>
            <tech CS="1" source="hm">estampe/gravure</tech>
            <theme CS="1" source="md">0</theme>
            <contenuImg CS="1.0" lang="fr" source="md">Peinture et décoration murales</contenuImg>
            <contenuImg CS="1.0" lang="fr" source="md">Bustes (sculpture)</contenuImg>
            <contenuImg CS="1.0" lang="fr" source="md">Femmes</contenuImg>
            <contenuImg CS="1.0" lang="fr" source="md">Frises</contenuImg>
            <contenuImg CS="1.0" lang="fr" source="md">Bases (architecture)</contenuImg>
            <contenuImg CS="1.0" lang="fr" source="md">Colonnes</contenuImg>
            <contenuImg CS="1.0" lang="fr" source="md">Dents-de-loup (ornement)</contenuImg>
            <contenuImg CS="1.0" lang="fr" source="md">Fleurs stylisées (ornement)</contenuImg>
            <contenuImg CS="1.0" lang="fr" source="md">Feuilles stylisées (ornement)</contenuImg>
            <contenuImg CS="1.0" lang="fr" source="md">Rangs de perles (ornement)</contenuImg>
            <contenuImg CS="1.0" lang="fr" source="md">Motifs décoratifs</contenuImg>
            <titraille>Bordure : papier peint</titraille>
          </ill>
        </ills>
      </page>
    </pages>
  </contenus>
</analyseAlto>