<analyseAlto>
  <metad>
    <type>I</type>
    <ID>btv1b6900793x</ID>
    <titre>Manufacture Jacquemart et Bénard. Bordure. Une bande superposant un rang de perles, une frise de  gouttes , une frise de rosettes, une frise de motifs à volutes et fleurons : papier peint</titre>
    <dateEdition>1803</dateEdition>
    <auteur>Jacquemart et Bénard (Manufacture). Fonction indéterminée</auteur>
    <lang>fre</lang>
    <source>Bibliothèque nationale de France</source>
    <sujet>Frises -- Volutes -- Fleurons (ornement) -- Rangs de perles (ornement) -- Rosettes (ornement) -- Décoration et ornement architecturaux -- 1800-1869 -- Motifs décoratifs -- 1800-1869</sujet>
    <descr>Appartient à l’ensemble documentaire : PaPeint18 -- Papier peint</descr>
    <format>inconnu</format>
    <couverture>inconnu</couverture>
    <largeurPx>5088</largeurPx>
    <hauteurPx>6744</hauteurPx>
    <ocr>false</ocr>
    <toc>false</toc>
    <nbPage>1</nbPage>
  </metad>
  <contenus ocr="false" toc="false">
    <largeur>215</largeur>
    <hauteur>285</hauteur>
    <largeurPx>5088</largeurPx>
    <hauteurPx>6744</hauteurPx>
    <pages>
      <page ordre="1">
        <blocIll ocr="1">1</blocIll>
        <ills>
          <ill classif="CCgoogle" couleur="coul" h="6744" hash="ff9a990000ffff00" n="1-1" taille="15" w="5088" x="1" y="1">
            <contenuImg CS="0.56" h="4270" lang="fr" source="google" w="2394" x="921.8" y="674.4">modèle motif</contenuImg>
            <contenuImg CS="0.28" coul="1" lang="fr" source="google">chardon (plante)</contenuImg>
            <contenuImg CS="0.46" coul="1" lang="fr" source="google">rouge indien</contenuImg>
            <contenuImg CS="0.56" h="4270" lang="fr" source="google" w="2394" x="921.8" y="674.4">modèle</contenuImg>
            <contenuImg CS="0.51" coul="1" lang="fr" source="google">bleu cadet</contenuImg>
            <contenuImg CS="0.25" coul="1" lang="fr" source="google">beige pâle</contenuImg>
            <contenuImg CS="0.05" coul="1" lang="fr" source="google">noir</contenuImg>
            <contenuImg CS="0.79" coul="1" lang="fr" source="google">vert cuivre foncé</contenuImg>
            <contenuImg CS="0.46" coul="1" lang="fr" source="google">indianred</contenuImg>
            <contenuImg b="52" coul="1" g="65" ordre="5" r="80" source="colorific" type="frg">#504134</contenuImg>
            <contenuImg b="0" coul="1" g="0" ordre="4" r="0" source="colorific" type="frg">#000000</contenuImg>
            <contenuImg b="183" coul="1" g="167" ordre="3" r="214" source="colorific" type="frg">#d6a7b7</contenuImg>
            <contenuImg b="139" coul="1" g="194" ordre="2" r="231" source="colorific" type="frg">#e7c28b</contenuImg>
            <contenuImg b="30" coul="1" g="32" ordre="1" r="32" source="colorific" type="frg">#20201e</contenuImg>
            <contenuImg CS="1.0" lang="en" source="md">decorative patterns - 1800-1869</contenuImg>
            <contenuImg CS="1.0" lang="en" source="md">architectural decoration and ornament - 1800-1869</contenuImg>
            <contenuImg CS="1.0" lang="en" source="md">rosettes (ornament)</contenuImg>
            <contenuImg CS="1.0" lang="en" source="md">rows of pearls (ornament)</contenuImg>
            <contenuImg CS="1.0" lang="en" source="md">flowerets (ornament)</contenuImg>
            <contenuImg CS="1.0" lang="en" source="md">swirls</contenuImg>
            <contenuImg CS="1.0" lang="en" source="md">curly</contenuImg>
            <contenuImg CS="0.46" coul="1" lang="en" source="google">indianred</contenuImg>
            <contenuImg CS="0.79" coul="1" lang="en" source="google">darkgreencopper</contenuImg>
            <contenuImg CS="0.05" coul="1" lang="en" source="google">black</contenuImg>
            <contenuImg CS="0.25" coul="1" lang="en" source="google">newtan</contenuImg>
            <contenuImg CS="0.28" coul="1" lang="en" source="google">thistle</contenuImg>
            <contenuImg CS="0.51" coul="1" lang="en" source="google">cadetblue</contenuImg>
            <contenuImg CS="0.88" coul="1" lang="en" source="google">black</contenuImg>
            <contenuImg CS="0.56" h="4270" lang="en" source="google" w="2394" x="921.8" y="674.4">Pattern</contenuImg>
            <tech source="final">estampe/gravure</tech>
            <fonction source="md">papier-peint</fonction>
            <fonction source="final">papier-peint</fonction>
            <tech CS="1" source="hm">estampe/gravure</tech>
            <theme CS="1" source="md">0</theme>
            <contenuImg CS="1.0" lang="fr" source="md">Frises</contenuImg>
            <contenuImg CS="1.0" lang="fr" source="md">Volutes</contenuImg>
            <contenuImg CS="1.0" lang="fr" source="md">Fleurons (ornement)</contenuImg>
            <contenuImg CS="1.0" lang="fr" source="md">Rangs de perles (ornement)</contenuImg>
            <contenuImg CS="1.0" lang="fr" source="md">Rosettes (ornement)</contenuImg>
            <contenuImg CS="1.0" lang="fr" source="md">Décoration et ornement architecturaux -- 1800-1869</contenuImg>
            <contenuImg CS="1.0" lang="fr" source="md">Motifs décoratifs -- 1800-1869</contenuImg>
            <titraille>Manufacture Jacquemart et Bénard. Bordure. Une bande superposant un rang de perles, une frise de  gouttes , une frise de rosettes, une frise de motifs à volutes et fleurons : papier peint</titraille>
          </ill>
        </ills>
      </page>
    </pages>
  </contenus>
</analyseAlto>