<analyseAlto>
  <metad>
    <type>I</type>
    <ID>btv1b6901424z</ID>
    <titre>Papier à motif répétitif : papier peint</titre>
    <dateEdition>1799</dateEdition>
    <auteur>inconnu</auteur>
    <lang>fre</lang>
    <source>Bibliothèque nationale de France, département Estampes et photographie, EST LI-19</source>
    <sujet>Rayures (ornements) -- Textiles et tissus -- Rosettes (ornement) -- Motifs décoratifs</sujet>
    <descr>Appartient à l’ensemble documentaire : PaPeint18 -- Papier peint</descr>
    <format>inconnu</format>
    <couverture>inconnu</couverture>
    <largeurPx>6584</largeurPx>
    <hauteurPx>7384</hauteurPx>
    <ocr>false</ocr>
    <toc>false</toc>
    <caption>false</caption>
    <nbPage>1</nbPage>
  </metad>
  <contenus ocr="false" toc="false">
    <largeur>278</largeur>
    <hauteur>312</hauteur>
    <largeurPx>6584</largeurPx>
    <hauteurPx>7384</hauteurPx>
    <pages>
      <page ordre="1">
        <blocIll ocr="1">1</blocIll>
        <ills>
          <ill classif="CCgoogle" couleur="coul" h="7384" hash="02b55b87a75aa587" n="1-1" taille="22" w="6584" x="1" y="1">
            <contenuImg CS="0.86" h="2151" lang="fr" source="google" w="3804" x="658.4" y="738.4">textile</contenuImg>
            <contenuImg CS="0.77" lang="fr" source="google">conception</contenuImg>
            <tech source="final">estampe/gravure</tech>
            <fonction source="md">papier-peint</fonction>
            <fonction source="final">papier-peint</fonction>
            <tech CS="1" source="md">estampe/gravure</tech>
            <contenuImg CS="0.75" lang="fr" source="google">papier cadeau</contenuImg>
            <contenuImg CS="0.55" lang="fr" source="google">coquelicot (plante)</contenuImg>
            <contenuImg CS="0.79" lang="fr" source="google">modèle motif</contenuImg>
            <contenuImg CS="0.92" coul="1" h="2151" lang="fr" source="google" w="3804" x="658.4" y="738.4">rouge</contenuImg>
            <contenuImg CS="0.91" coul="1" h="2151" lang="fr" source="google" w="3804" x="658.4" y="738.4">orange</contenuImg>
            <contenuImg CS="0.86" lang="fr" source="google">ligne</contenuImg>
            <contenuImg CS="0.79" lang="fr" source="google">modèle</contenuImg>
            <contenuImg CS="0.77" lang="fr" source="google">design</contenuImg>
            <contenuImg CS="0.59" lang="fr" source="google">plante</contenuImg>
            <contenuImg CS="0.10" coul="1" lang="fr" source="google">noir</contenuImg>
            <contenuImg CS="0.07" coul="1" lang="fr" source="google">brun foncé</contenuImg>
            <contenuImg CS="1.25" coul="1" lang="fr" source="google">argent</contenuImg>
            <contenuImg CS="0.38" coul="1" lang="fr" source="google">vert pâle</contenuImg>
            <contenuImg CS="0.18" coul="1" lang="fr" source="google">gris foncé</contenuImg>
            <contenuImg b="192" coul="1" g="170" r="146" source="colorific" type="bkg">#92aac0</contenuImg>
            <contenuImg b="42" coul="1" g="48" ordre="5" r="76" source="colorific" type="frg">#4c302a</contenuImg>
            <contenuImg b="71" coul="1" g="80" ordre="4" r="93" source="colorific" type="frg">#5d5047</contenuImg>
            <contenuImg b="71" coul="1" g="84" ordre="3" r="167" source="colorific" type="frg">#a75447</contenuImg>
            <contenuImg b="0" coul="1" g="0" ordre="2" r="0" source="colorific" type="frg">#000000</contenuImg>
            <contenuImg b="255" coul="1" g="255" ordre="1" r="255" source="colorific" type="frg">#ffffff</contenuImg>
            <contenuImg CS="1.0" lang="en" source="md">decorative patterns</contenuImg>
            <contenuImg CS="1.0" lang="en" source="md">rosettes (ornament)</contenuImg>
            <contenuImg CS="1.0" lang="en" source="md">textiles and fabrics</contenuImg>
            <contenuImg CS="1.0" lang="en" source="md">stripes (ornaments)</contenuImg>
            <contenuImg CS="0.18" coul="1" lang="en" source="google">darkgray</contenuImg>
            <contenuImg CS="0.38" coul="1" lang="en" source="google">palegreen</contenuImg>
            <contenuImg CS="1.25" coul="1" lang="en" source="google">silver</contenuImg>
            <contenuImg CS="0.02" coul="1" lang="en" source="google">silver</contenuImg>
            <contenuImg CS="0.07" coul="1" lang="en" source="google">darktan</contenuImg>
            <contenuImg CS="0.10" coul="1" lang="en" source="google">black</contenuImg>
            <contenuImg CS="2.28" coul="1" lang="en" source="google">palegreen</contenuImg>
            <contenuImg CS="0.55" lang="en" source="google">Coquelicot</contenuImg>
            <contenuImg CS="0.59" lang="en" source="google">Plant</contenuImg>
            <contenuImg CS="0.75" lang="en" source="google">Wrapping paper</contenuImg>
            <contenuImg CS="0.77" lang="en" source="google">Design</contenuImg>
            <contenuImg CS="0.79" lang="en" source="google">Pattern</contenuImg>
            <contenuImg CS="0.86" lang="en" source="google">Line</contenuImg>
            <contenuImg CS="0.86" h="2151" lang="en" source="google" w="3804" x="658.4" y="738.4">Textile</contenuImg>
            <contenuImg CS="0.91" coul="1" h="2151" lang="en" source="google" w="3804" x="658.4" y="738.4">Orange</contenuImg>
            <contenuImg CS="0.92" coul="1" h="2151" lang="en" source="google" w="3804" x="658.4" y="738.4">Red</contenuImg>
            <contenuImg CS="0.93" h="2151" lang="en" source="google" w="3804" x="658.4" y="738.4">Pattern</contenuImg>
            <theme CS="1" source="md">0</theme>
            <contenuImg CS="1.0" lang="fr" source="md">Rayures (ornements)</contenuImg>
            <contenuImg CS="1.0" lang="fr" source="md">Textiles et tissus</contenuImg>
            <contenuImg CS="1.0" lang="fr" source="md">Rosettes (ornement)</contenuImg>
            <contenuImg CS="1.0" lang="fr" source="md">Motifs décoratifs</contenuImg>
            <titraille>Papier à motif répétitif : papier peint</titraille>
          </ill>
        </ills>
      </page>
    </pages>
  </contenus>
</analyseAlto>