<analyseAlto>
  <metad>
    <type>I</type>
    <ID>btv1b6900145s</ID>
    <titre>Manufacture Chapillon. Papier à motif répétitif. Motif répétitif à un chemin de grands carreaux ornés d_une scène de genre représentant un porteur d'eau : papier peint</titre>
    <dateEdition>1800</dateEdition>
    <auteur>inconnu</auteur>
    <lang>fre</lang>
    <source>Bibliothèque nationale de France, département Estampes et photographie, EST LI-23</source>
    <sujet>Carreaux -- Frises -- Rayures (ornements) -- Convolvulus -- Oiseaux -- Personnages -- Dans l_art -- Losanges (ornement) -- Fleurs stylisées (ornement) -- Altéa -- Porteurs d'eau -- Motifs décoratifs -- 1800-1869</sujet>
    <descr>Appartient à l’ensemble documentaire : PaPeint18 -- Papier peint</descr>
    <format>inconnu</format>
    <couverture>inconnu</couverture>
    <largeurPx>6064</largeurPx>
    <hauteurPx>7424</hauteurPx>
    <ocr>false</ocr>
    <toc>false</toc>
    <caption>false</caption>
    <nbPage>1</nbPage>
  </metad>
  <contenus ocr="false" toc="false">
    <largeur>256</largeur>
    <hauteur>314</hauteur>
    <largeurPx>6064</largeurPx>
    <hauteurPx>7424</hauteurPx>
    <pages>
      <page ordre="1">
        <blocIll ocr="1">1</blocIll>
        <ills>
          <ill classif="CCgoogle" couleur="coul" h="7424" hash="6ec381c3f63c247c" n="1-1" taille="20" w="6064" x="1" y="1">
            <contenuImg CS="0.77" h="1971" lang="fr" source="google" w="3486" x="606.4" y="1169.4">textile</contenuImg>
            <contenuImg CS="0.74" h="1971" lang="fr" source="google" w="3486" x="606.4" y="1169.4">modèle motif</contenuImg>
            <contenuImg CS="0.75" h="1971" lang="fr" source="google" w="3486" x="606.4" y="1169.4">art</contenuImg>
            <contenuImg CS="0.74" h="1971" lang="fr" source="google" w="3486" x="606.4" y="1169.4">modèle</contenuImg>
            <contenuImg CS="0.59" h="1971" lang="fr" source="google" w="3486" x="606.4" y="1169.4">plante</contenuImg>
            <contenuImg CS="0.57" lang="fr" source="google">peinture</contenuImg>
            <contenuImg CS="0.50" lang="fr" source="google">illustration</contenuImg>
            <contenuImg CS="0.34" coul="1" lang="fr" source="google">orange mandarine</contenuImg>
            <contenuImg CS="0.17" coul="1" lang="fr" source="google">bleu cadet</contenuImg>
            <contenuImg CS="0.15" coul="1" lang="fr" source="google">vert foncé</contenuImg>
            <contenuImg CS="0.30" coul="1" lang="fr" source="google">gris</contenuImg>
            <contenuImg CS="0.30" coul="1" lang="fr" source="google">gris foncé</contenuImg>
            <contenuImg b="175" coul="1" g="164" r="140" source="colorific" type="bkg">#8ca4af</contenuImg>
            <contenuImg b="90" coul="1" g="107" ordre="6" r="161" source="colorific" type="frg">#a16b5a</contenuImg>
            <contenuImg b="30" coul="1" g="33" ordre="5" r="43" source="colorific" type="frg">#2b211e</contenuImg>
            <contenuImg b="33" coul="1" g="72" ordre="4" r="174" source="colorific" type="frg">#ae4821</contenuImg>
            <contenuImg b="0" coul="1" g="0" ordre="3" r="0" source="colorific" type="frg">#000000</contenuImg>
            <contenuImg b="65" coul="1" g="61" ordre="2" r="27" source="colorific" type="frg">#1b3d41</contenuImg>
            <contenuImg b="75" coul="1" g="72" ordre="1" r="79" source="colorific" type="frg">#4f484b</contenuImg>
            <contenuImg CS="1.0" lang="en" source="md">decorative patterns - 1800-1869</contenuImg>
            <contenuImg CS="1.0" lang="en" source="md">water carriers</contenuImg>
            <contenuImg CS="1.0" lang="en" source="md">altéa (plantes)</contenuImg>
            <contenuImg CS="1.0" lang="en" source="md">stylized flowers (ornament)</contenuImg>
            <contenuImg CS="1.0" lang="en" source="md">rhombuses (ornament)</contenuImg>
            <contenuImg CS="1.0" lang="en" source="md">characters - in art</contenuImg>
            <contenuImg CS="1.0" lang="en" source="md">birds</contenuImg>
            <contenuImg CS="1.0" lang="en" source="md">convolvulus (flowers)</contenuImg>
            <contenuImg CS="1.0" lang="en" source="md">stripes (ornaments)</contenuImg>
            <contenuImg CS="1.0" lang="en" source="md">curly</contenuImg>
            <contenuImg CS="1.0" lang="en" source="md">tiles</contenuImg>
            <contenuImg CS="0.30" coul="1" lang="en" source="google">darkgray</contenuImg>
            <contenuImg CS="0.30" coul="1" lang="en" source="google">grey</contenuImg>
            <contenuImg CS="0.15" coul="1" lang="en" source="google">darkgreen</contenuImg>
            <contenuImg CS="0.17" coul="1" lang="en" source="google">cadetblue</contenuImg>
            <contenuImg CS="0.34" coul="1" lang="en" source="google">mandarianorange</contenuImg>
            <contenuImg CS="0.34" coul="1" lang="en" source="google">cadetblue</contenuImg>
            <contenuImg CS="0.52" coul="1" lang="en" source="google">darkgreen</contenuImg>
            <contenuImg CS="0.50" lang="en" source="google">Illustration</contenuImg>
            <contenuImg CS="0.57" lang="en" source="google">Painting</contenuImg>
            <contenuImg CS="0.59" h="1971" lang="en" source="google" w="3486" x="606.4" y="1169.4">Plant</contenuImg>
            <contenuImg CS="0.74" h="1971" lang="en" source="google" w="3486" x="606.4" y="1169.4">Pattern</contenuImg>
            <contenuImg CS="0.75" h="1971" lang="en" source="google" w="3486" x="606.4" y="1169.4">Art</contenuImg>
            <contenuImg CS="0.77" h="1971" lang="en" source="google" w="3486" x="606.4" y="1169.4">Textile</contenuImg>
            <tech source="final">estampe/gravure</tech>
            <fonction source="md">papier-peint</fonction>
            <fonction source="final">papier-peint</fonction>
            <tech CS="1" source="hm">estampe/gravure</tech>
            <theme CS="1" source="md">0</theme>
            <contenuImg CS="1.0" lang="fr" source="md">Carreaux</contenuImg>
            <contenuImg CS="1.0" lang="fr" source="md">Frises</contenuImg>
            <contenuImg CS="1.0" lang="fr" source="md">Rayures (ornements)</contenuImg>
            <contenuImg CS="1.0" lang="fr" source="md">Convolvulus</contenuImg>
            <contenuImg CS="1.0" lang="fr" source="md">Oiseaux</contenuImg>
            <contenuImg CS="1.0" lang="fr" source="md">Personnages -- Dans l'art</contenuImg>
            <contenuImg CS="1.0" lang="fr" source="md">Losanges (ornement)</contenuImg>
            <contenuImg CS="1.0" lang="fr" source="md">Fleurs stylisées (ornement)</contenuImg>
            <contenuImg CS="1.0" lang="fr" source="md">Altéa</contenuImg>
            <contenuImg CS="1.0" lang="fr" source="md">Porteurs d'eau</contenuImg>
            <contenuImg CS="1.0" lang="fr" source="md">Motifs décoratifs -- 1800-1869</contenuImg>
            <titraille>Manufacture Chapillon. Papier à motif répétitif. Motif répétitif à un chemin de grands carreaux ornés d_une scène de genre représentant un porteur d'eau : papier peint</titraille>
          </ill>
        </ills>
      </page>
    </pages>
  </contenus>
</analyseAlto>