<analyseAlto>
  <metad>
    <type>I</type>
    <ID>btv1b6901359t</ID>
    <titre>Bordure : papier peint</titre>
    <dateEdition>1799</dateEdition>
    <auteur>inconnu</auteur>
    <lang>fre</lang>
    <source>Bibliothèque nationale de France</source>
    <sujet>Frises -- Palmettes (ornement) -- Fleurons (ornement) -- Dentelures (ornement) -- Motifs de fantaisie -- Feuilles stylisées (ornement) -- Arceaux -- Motifs décoratifs</sujet>
    <descr>Appartient à l’ensemble documentaire : PaPeint18 -- Papier peint</descr>
    <format>inconnu</format>
    <couverture>inconnu</couverture>
    <largeurPx>7104</largeurPx>
    <hauteurPx>3328</hauteurPx>
    <ocr>false</ocr>
    <toc>false</toc>
    <nbPage>1</nbPage>
  </metad>
  <contenus ocr="false" toc="false">
    <largeur>300</largeur>
    <hauteur>140</hauteur>
    <largeurPx>7104</largeurPx>
    <hauteurPx>3328</hauteurPx>
    <pages>
      <page ordre="1">
        <blocIll ocr="1">1</blocIll>
        <ills>
          <ill classif="CCgoogle" couleur="coul" h="3328" hash="007b7fff004900ff" n="1-1" taille="10" w="7104" x="1" y="1">
            <contenuImg CS="0.66" h="3320" lang="fr" source="google" w="1862" x="3184.4" y="332.8">modèle motif</contenuImg>
            <contenuImg CS="0.78" h="3320" lang="fr" source="google" w="1862" x="3184.4" y="332.8">police de caractère</contenuImg>
            <contenuImg CS="0.66" h="3320" lang="fr" source="google" w="1862" x="3184.4" y="332.8">modèle</contenuImg>
            <contenuImg CS="0.61" h="3320" lang="fr" source="google" w="1862" x="3184.4" y="332.8">rectangle</contenuImg>
            <contenuImg CS="0.59" h="3320" lang="fr" source="google" w="1862" x="3184.4" y="332.8">plante</contenuImg>
            <contenuImg CS="0.51" coul="1" lang="fr" source="google">gris clair</contenuImg>
            <contenuImg CS="0.21" coul="1" lang="fr" source="google">bleu nuit</contenuImg>
            <contenuImg CS="0.19" coul="1" lang="fr" source="google">bleu cadet</contenuImg>
            <contenuImg CS="0.39" coul="1" lang="fr" source="google">gris foncé</contenuImg>
            <contenuImg CS="0.38" coul="1" lang="fr" source="google">vert pâle</contenuImg>
            <contenuImg CS="0.37" coul="1" lang="fr" source="google">gris</contenuImg>
            <contenuImg b="0" coul="1" g="0" ordre="5" r="0" source="colorific" type="frg">#000000</contenuImg>
            <contenuImg b="114" coul="1" g="187" ordre="4" r="195" source="colorific" type="frg">#c3bb72</contenuImg>
            <contenuImg b="255" coul="1" g="255" ordre="3" r="255" source="colorific" type="frg">#ffffff</contenuImg>
            <contenuImg b="162" coul="1" g="122" ordre="2" r="69" source="colorific" type="frg">#457aa2</contenuImg>
            <contenuImg b="136" coul="1" g="131" ordre="1" r="115" source="colorific" type="frg">#738388</contenuImg>
            <contenuImg CS="1.0" lang="en" source="md">decorative patterns</contenuImg>
            <contenuImg CS="1.0" lang="en" source="md">hoops</contenuImg>
            <contenuImg CS="1.0" lang="en" source="md">stylized leaves (ornament)</contenuImg>
            <contenuImg CS="1.0" lang="en" source="md">fantasy patterns</contenuImg>
            <contenuImg CS="1.0" lang="en" source="md">dentures (ornament)</contenuImg>
            <contenuImg CS="1.0" lang="en" source="md">flowerets (ornament)</contenuImg>
            <contenuImg CS="1.0" lang="en" source="md">palmettes (ornament)</contenuImg>
            <contenuImg CS="1.0" lang="en" source="md">curly</contenuImg>
            <contenuImg CS="0.37" coul="1" lang="en" source="google">gray</contenuImg>
            <contenuImg CS="0.38" coul="1" lang="en" source="google">palegreen</contenuImg>
            <contenuImg CS="0.39" coul="1" lang="en" source="google">darkgray</contenuImg>
            <contenuImg CS="0.19" coul="1" lang="en" source="google">cadetblue</contenuImg>
            <contenuImg CS="0.21" coul="1" lang="en" source="google">midnightblue</contenuImg>
            <contenuImg CS="0.51" coul="1" lang="en" source="google">lightgrey</contenuImg>
            <contenuImg CS="0.59" h="3320" lang="en" source="google" w="1862" x="3184.4" y="332.8">Plant</contenuImg>
            <contenuImg CS="0.61" h="3320" lang="en" source="google" w="1862" x="3184.4" y="332.8">Rectangle</contenuImg>
            <contenuImg CS="0.66" h="3320" lang="en" source="google" w="1862" x="3184.4" y="332.8">Pattern</contenuImg>
            <contenuImg CS="0.78" h="3320" lang="en" source="google" w="1862" x="3184.4" y="332.8">Font</contenuImg>
            <tech source="final">estampe/gravure</tech>
            <fonction source="md">papier-peint</fonction>
            <fonction source="final">papier-peint</fonction>
            <tech CS="1" source="hm">estampe/gravure</tech>
            <theme CS="1" source="md">0</theme>
            <contenuImg CS="1.0" lang="fr" source="md">Frises</contenuImg>
            <contenuImg CS="1.0" lang="fr" source="md">Palmettes (ornement)</contenuImg>
            <contenuImg CS="1.0" lang="fr" source="md">Fleurons (ornement)</contenuImg>
            <contenuImg CS="1.0" lang="fr" source="md">Dentelures (ornement)</contenuImg>
            <contenuImg CS="1.0" lang="fr" source="md">Motifs de fantaisie</contenuImg>
            <contenuImg CS="1.0" lang="fr" source="md">Feuilles stylisées (ornement)</contenuImg>
            <contenuImg CS="1.0" lang="fr" source="md">Arceaux</contenuImg>
            <contenuImg CS="1.0" lang="fr" source="md">Motifs décoratifs</contenuImg>
            <titraille>Bordure : papier peint</titraille>
          </ill>
        </ills>
      </page>
    </pages>
  </contenus>
</analyseAlto>