<analyseAlto>
  <metad>
    <type>I</type>
    <ID>btv1b6900224z</ID>
    <titre>Manufacture Dubuisson. Bordure. Une bande de frise centrale rayée à bleuet et branche stylisée : papier peint</titre>
    <dateEdition>1800</dateEdition>
    <auteur>inconnu</auteur>
    <lang>fre</lang>
    <source>Bibliothèque nationale de France, département Estampes et photographie, EST LZ-312 (5)</source>
    <sujet>Frises -- Rayures (ornements) -- Végétaux stylisés -- Grecques (ornement) -- Fleurs stylisées (ornement) -- Bleuet -- Rangs de perles (ornement) -- Motifs décoratifs -- 1800-1869</sujet>
    <descr>Appartient à l’ensemble documentaire : PaPeint18 -- Papier peint</descr>
    <format>inconnu</format>
    <couverture>inconnu</couverture>
    <largeurPx>9152</largeurPx>
    <hauteurPx>2384</hauteurPx>
    <ocr>false</ocr>
    <toc>false</toc>
    <caption>false</caption>
    <nbPage>1</nbPage>
  </metad>
  <contenus ocr="false" toc="false">
    <largeur>387</largeur>
    <hauteur>100</hauteur>
    <largeurPx>9152</largeurPx>
    <hauteurPx>2384</hauteurPx>
    <pages>
      <page ordre="1">
        <blocIll ocr="1">1</blocIll>
        <ills>
          <ill classif="CCgoogle" couleur="coul" h="2384" hash="ffff5a00000129ff" n="1-1" taille="10" w="9152" x="1" y="1">
            <contenuImg CS="0.75" lang="fr" source="google">textile</contenuImg>
            <contenuImg CS="0.66" lang="fr" source="google">modèle motif</contenuImg>
            <contenuImg CS="0.18" coul="1" lang="fr" source="google">marron très foncé</contenuImg>
            <contenuImg CS="0.91" coul="1" h="3320" lang="fr" source="google" w="2493" x="6026.2" y="238.4">vert</contenuImg>
            <contenuImg CS="0.87" h="3320" lang="fr" source="google" w="2493" x="6026.2" y="238.4">feuille</contenuImg>
            <contenuImg CS="0.84" h="3320" lang="fr" source="google" w="2493" x="6026.2" y="238.4">police de caractère</contenuImg>
            <contenuImg CS="0.80" h="3320" lang="fr" source="google" w="2493" x="6026.2" y="238.4">mur</contenuImg>
            <contenuImg CS="0.66" lang="fr" source="google">modèle</contenuImg>
            <contenuImg CS="0.63" lang="fr" source="google">art</contenuImg>
            <contenuImg CS="0.62" lang="fr" source="google">plante</contenuImg>
            <contenuImg CS="0.66" coul="1" lang="fr" source="google">saumon</contenuImg>
            <contenuImg CS="0.52" coul="1" lang="fr" source="google">vert foncé</contenuImg>
            <contenuImg CS="0.27" coul="1" lang="fr" source="google">brun foncé</contenuImg>
            <contenuImg CS="0.63" coul="1" lang="fr" source="google">morceaux de chocolat</contenuImg>
            <contenuImg CS="0.34" coul="1" lang="fr" source="google">noir</contenuImg>
            <contenuImg CS="0.28" coul="1" lang="fr" source="google">gris ardoise foncé</contenuImg>
            <contenuImg CS="0.18" coul="1" lang="fr" source="google">verydarkbrown</contenuImg>
            <contenuImg b="50" coul="1" g="65" r="57" source="colorific" type="bkg">#394132</contenuImg>
            <contenuImg b="114" coul="1" g="114" ordre="6" r="82" source="colorific" type="frg">#527272</contenuImg>
            <contenuImg b="58" coul="1" g="84" ordre="5" r="120" source="colorific" type="frg">#78543a</contenuImg>
            <contenuImg b="149" coul="1" g="159" ordre="4" r="154" source="colorific" type="frg">#9a9f95</contenuImg>
            <contenuImg b="24" coul="1" g="34" ordre="3" r="22" source="colorific" type="frg">#162218</contenuImg>
            <contenuImg b="67" coul="1" g="103" ordre="2" r="172" source="colorific" type="frg">#ac6743</contenuImg>
            <contenuImg b="0" coul="1" g="0" ordre="1" r="0" source="colorific" type="frg">#000000</contenuImg>
            <contenuImg CS="1.0" lang="en" source="md">decorative patterns - 1800-1869</contenuImg>
            <contenuImg CS="1.0" lang="en" source="md">rows of pearls (ornament)</contenuImg>
            <contenuImg CS="1.0" lang="en" source="md">cornflower (flowers)</contenuImg>
            <contenuImg CS="1.0" lang="en" source="md">stylized flowers (ornament)</contenuImg>
            <contenuImg CS="1.0" lang="en" source="md">Greek (ornament)</contenuImg>
            <contenuImg CS="1.0" lang="en" source="md">stylized plants</contenuImg>
            <contenuImg CS="1.0" lang="en" source="md">stripes (ornaments)</contenuImg>
            <contenuImg CS="1.0" lang="en" source="md">curly</contenuImg>
            <contenuImg CS="0.18" coul="1" lang="en" source="google">verydarkbrown</contenuImg>
            <contenuImg CS="0.28" coul="1" lang="en" source="google">darkslategrey</contenuImg>
            <contenuImg CS="0.34" coul="1" lang="en" source="google">black</contenuImg>
            <contenuImg CS="0.63" coul="1" lang="en" source="google">semisweetchocolate</contenuImg>
            <contenuImg CS="0.27" coul="1" lang="en" source="google">darktan</contenuImg>
            <contenuImg CS="0.45" coul="1" lang="en" source="google">black</contenuImg>
            <contenuImg CS="0.52" coul="1" lang="en" source="google">darkgreen</contenuImg>
            <contenuImg CS="0.66" coul="1" lang="en" source="google">salmon</contenuImg>
            <contenuImg CS="0.62" lang="en" source="google">Plant</contenuImg>
            <contenuImg CS="0.63" lang="en" source="google">Art</contenuImg>
            <contenuImg CS="0.66" lang="en" source="google">Pattern</contenuImg>
            <contenuImg CS="0.75" lang="en" source="google">Textile</contenuImg>
            <contenuImg CS="0.80" h="3320" lang="en" source="google" w="2493" x="6026.2" y="238.4">Wall</contenuImg>
            <contenuImg CS="0.84" h="3320" lang="en" source="google" w="2493" x="6026.2" y="238.4">Font</contenuImg>
            <contenuImg CS="0.87" h="3320" lang="en" source="google" w="2493" x="6026.2" y="238.4">Leaf</contenuImg>
            <contenuImg CS="0.91" coul="1" h="3320" lang="en" source="google" w="2493" x="6026.2" y="238.4">Green</contenuImg>
            <tech source="final">estampe/gravure</tech>
            <fonction source="md">papier-peint</fonction>
            <fonction source="final">papier-peint</fonction>
            <tech CS="1" source="hm">estampe/gravure</tech>
            <theme CS="1" source="md">0</theme>
            <contenuImg CS="1.0" lang="fr" source="md">Frises</contenuImg>
            <contenuImg CS="1.0" lang="fr" source="md">Rayures (ornements)</contenuImg>
            <contenuImg CS="1.0" lang="fr" source="md">Végétaux stylisés</contenuImg>
            <contenuImg CS="1.0" lang="fr" source="md">Grecques (ornement)</contenuImg>
            <contenuImg CS="1.0" lang="fr" source="md">Fleurs stylisées (ornement)</contenuImg>
            <contenuImg CS="1.0" coul="1" lang="fr" source="md">Bleuet</contenuImg>
            <contenuImg CS="1.0" lang="fr" source="md">Rangs de perles (ornement)</contenuImg>
            <contenuImg CS="1.0" lang="fr" source="md">Motifs décoratifs -- 1800-1869</contenuImg>
            <titraille>Manufacture Dubuisson. Bordure. Une bande de frise centrale rayée à bleuet et branche stylisée : papier peint</titraille>
          </ill>
        </ills>
      </page>
    </pages>
  </contenus>
</analyseAlto>