<analyseAlto>
  <metad>
    <type>I</type>
    <ID>btv1b6901303f</ID>
    <titre>Bordure : papier peint</titre>
    <dateEdition>1802</dateEdition>
    <auteur>Zuber et Compagnie (Manufacture). Fonction indéterminée</auteur>
    <lang>fre</lang>
    <source>Bibliothèque nationale de France, département Estampes et photographie, EST LI-22</source>
    <sujet>Frises -- Grecques (ornement) -- Décoration et ornement architecturaux -- Motifs décoratifs</sujet>
    <descr>Appartient à l’ensemble documentaire : PaPeint18 -- Papier peint</descr>
    <format>inconnu</format>
    <couverture>inconnu</couverture>
    <largeurPx>3528</largeurPx>
    <hauteurPx>1024</hauteurPx>
    <ocr>false</ocr>
    <toc>false</toc>
    <caption>false</caption>
    <nbPage>1</nbPage>
  </metad>
  <contenus ocr="false" toc="false">
    <largeur>149</largeur>
    <hauteur>43</hauteur>
    <largeurPx>3528</largeurPx>
    <hauteurPx>1024</hauteurPx>
    <pages>
      <page ordre="1">
        <blocIll ocr="1">1</blocIll>
        <ills>
          <ill classif="CCgoogle" couleur="coul" h="1024" hash="01ffd31224dfbf00" n="1-1" taille="1" w="3528" x="1" y="1">
            <contenuImg CS="0.48" coul="1" lang="fr" source="google">cyan foncé</contenuImg>
            <contenuImg CS="0.96" coul="1" h="2978" lang="fr" source="google" w="2978" x="4574.8" y="273.4">vert</contenuImg>
            <contenuImg CS="0.95" h="2978" lang="fr" source="google" w="2978" x="4574.8" y="273.4">texte</contenuImg>
            <contenuImg CS="0.93" h="2978" lang="fr" source="google" w="2978" x="4574.8" y="273.4">nombre</contenuImg>
            <contenuImg CS="0.89" h="2978" lang="fr" source="google" w="2978" x="4574.8" y="273.4">police de caractère</contenuImg>
            <contenuImg CS="0.55" lang="fr" source="google">symbole</contenuImg>
            <contenuImg CS="1.71" coul="1" lang="fr" source="google">gris ardoise foncé</contenuImg>
            <contenuImg CS="1.45" coul="1" lang="fr" source="google">bleu canard</contenuImg>
            <contenuImg CS="0.46" coul="1" lang="fr" source="google">vert foncé</contenuImg>
            <contenuImg CS="0.39" coul="1" lang="fr" source="google">noir</contenuImg>
            <contenuImg b="0" coul="1" g="0" r="0" source="colorific" type="bkg">#000000</contenuImg>
            <contenuImg b="28" coul="1" g="44" ordre="2" r="17" source="colorific" type="frg">#112c1c</contenuImg>
            <contenuImg b="91" coul="1" g="109" ordre="1" r="59" source="colorific" type="frg">#3b6d5b</contenuImg>
            <contenuImg CS="1.0" lang="en" source="md">decorative patterns</contenuImg>
            <contenuImg CS="1.0" lang="en" source="md">architectural decoration and ornament</contenuImg>
            <contenuImg CS="1.0" lang="en" source="md">Greek (ornament)</contenuImg>
            <contenuImg CS="1.0" lang="en" source="md">curly</contenuImg>
            <contenuImg CS="0.39" coul="1" lang="en" source="google">black</contenuImg>
            <contenuImg CS="0.46" coul="1" lang="en" source="google">darkgreen</contenuImg>
            <contenuImg CS="0.48" coul="1" lang="en" source="google">darkcyan</contenuImg>
            <contenuImg CS="1.45" coul="1" lang="en" source="google">teal</contenuImg>
            <contenuImg CS="1.71" coul="1" lang="en" source="google">darkslategrey</contenuImg>
            <contenuImg CS="0.55" lang="en" source="google">Symbol</contenuImg>
            <contenuImg CS="0.89" h="2978" lang="en" source="google" w="2978" x="4574.8" y="273.4">Font</contenuImg>
            <contenuImg CS="0.93" h="2978" lang="en" source="google" w="2978" x="4574.8" y="273.4">Number</contenuImg>
            <contenuImg CS="0.95" h="2978" lang="en" source="google" w="2978" x="4574.8" y="273.4">Text</contenuImg>
            <contenuImg CS="0.96" coul="1" h="2978" lang="en" source="google" w="2978" x="4574.8" y="273.4">Green</contenuImg>
            <tech source="final">estampe/gravure</tech>
            <fonction source="md">papier-peint</fonction>
            <fonction source="final">papier-peint</fonction>
            <tech CS="1" source="hm">estampe/gravure</tech>
            <theme CS="1" source="md">0</theme>
            <contenuImg CS="1.0" lang="fr" source="md">Frises</contenuImg>
            <contenuImg CS="1.0" lang="fr" source="md">Grecques (ornement)</contenuImg>
            <contenuImg CS="1.0" lang="fr" source="md">Décoration et ornement architecturaux</contenuImg>
            <contenuImg CS="1.0" lang="fr" source="md">Motifs décoratifs</contenuImg>
            <titraille>Bordure : papier peint</titraille>
          </ill>
        </ills>
      </page>
    </pages>
  </contenus>
</analyseAlto>