<analyseAlto>
  <metad>
    <type>I</type>
    <ID>btv1b69001874</ID>
    <titre>Manufacture Chapuy. Papier à motif répétitif. Motif répétitif de petits carreaux alternant un fuseau et des fleurs ou fruits en camaïeu : papier peint</titre>
    <dateEdition>1799</dateEdition>
    <auteur>inconnu</auteur>
    <lang>fre</lang>
    <source>Bibliothèque nationale de France, département Estampes et photographie, EST LI-15</source>
    <sujet>Oeillets (plantes) -- Raisin -- Fruits -- Fleurs stylisées (ornement) -- Pampres (ornement) -- Camaïeu, Peinture en -- Motifs décoratifs -- 1789-1799</sujet>
    <descr>Appartient à l’ensemble documentaire : PaPeint18 -- Papier peint</descr>
    <format>inconnu</format>
    <couverture>inconnu</couverture>
    <largeurPx>3456</largeurPx>
    <hauteurPx>6592</hauteurPx>
    <ocr>false</ocr>
    <toc>false</toc>
    <caption>false</caption>
    <nbPage>1</nbPage>
  </metad>
  <contenus ocr="false" toc="false">
    <largeur>146</largeur>
    <hauteur>279</hauteur>
    <largeurPx>3456</largeurPx>
    <hauteurPx>6592</hauteurPx>
    <pages>
      <page ordre="1">
        <blocIll ocr="1">1</blocIll>
        <ills>
          <ill classif="CCgoogle" couleur="coul" h="6592" hash="6949d6866d7d8296" n="1-1" taille="10" w="3456" x="1" y="1">
            <contenuImg CS="0.76" h="1881" lang="fr" source="google" w="3320" x="345.6" y="4454.2">conception</contenuImg>
            <contenuImg CS="0.70" h="1881" lang="fr" source="google" w="3320" x="345.6" y="4454.2">textile</contenuImg>
            <contenuImg CS="0.83" h="1881" lang="fr" source="google" w="3320" x="345.6" y="4454.2">botanique</contenuImg>
            <contenuImg CS="0.56" lang="fr" source="google">couverture</contenuImg>
            <contenuImg CS="0.64" lang="fr" source="google">modèle motif</contenuImg>
            <contenuImg CS="0.40" coul="1" lang="fr" source="google">marron très foncé</contenuImg>
            <contenuImg CS="0.76" h="1881" lang="fr" source="google" w="3320" x="345.6" y="4454.2">design</contenuImg>
            <contenuImg CS="0.64" lang="fr" source="google">modèle</contenuImg>
            <contenuImg CS="0.64" coul="1" lang="fr" source="google">beige</contenuImg>
            <contenuImg CS="0.62" lang="fr" source="google">plante</contenuImg>
            <contenuImg CS="0.58" lang="fr" source="google">rectangle</contenuImg>
            <contenuImg CS="0.56" lang="fr" source="google">symétrie</contenuImg>
            <contenuImg CS="1.93" coul="1" lang="fr" source="google">beige pâle</contenuImg>
            <contenuImg CS="0.67" coul="1" lang="fr" source="google">bois moyen</contenuImg>
            <contenuImg CS="0.40" coul="1" lang="fr" source="google">verydarkbrown</contenuImg>
            <contenuImg CS="0.39" coul="1" lang="fr" source="google">chocolat à pâtisser</contenuImg>
            <contenuImg CS="0.36" coul="1" lang="fr" source="google">bronze</contenuImg>
            <contenuImg b="127" coul="1" g="185" r="205" source="colorific" type="bkg">#cdb97f</contenuImg>
            <contenuImg b="134" coul="1" g="151" ordre="5" r="188" source="colorific" type="frg">#bc9786</contenuImg>
            <contenuImg b="28" coul="1" g="38" ordre="4" r="30" source="colorific" type="frg">#1e261c</contenuImg>
            <contenuImg b="91" coul="1" g="99" ordre="3" r="119" source="colorific" type="frg">#77635b</contenuImg>
            <contenuImg b="63" coul="1" g="84" ordre="2" r="79" source="colorific" type="frg">#4f543f</contenuImg>
            <contenuImg b="96" coul="1" g="126" ordre="1" r="139" source="colorific" type="frg">#8b7e60</contenuImg>
            <contenuImg CS="1.0" lang="en" source="md">decorative patterns - 1789-1799</contenuImg>
            <contenuImg CS="1.0" lang="en" source="md">camaïeu painting</contenuImg>
            <contenuImg CS="1.0" lang="en" source="md">vine branches (ornament)</contenuImg>
            <contenuImg CS="1.0" lang="en" source="md">stylized flowers (ornament)</contenuImg>
            <contenuImg CS="1.0" lang="en" source="md">fruits</contenuImg>
            <contenuImg CS="1.0" lang="en" source="md">grape (fruits)</contenuImg>
            <contenuImg CS="1.0" lang="en" source="md">carnations (plants)</contenuImg>
            <contenuImg CS="0.36" coul="1" lang="en" source="google">bronze</contenuImg>
            <contenuImg CS="0.39" coul="1" lang="en" source="google">bakerschocolate</contenuImg>
            <contenuImg CS="0.40" coul="1" lang="en" source="google">verydarkbrown</contenuImg>
            <contenuImg CS="0.62" coul="1" lang="en" source="google">bronze</contenuImg>
            <contenuImg CS="0.67" coul="1" lang="en" source="google">mediumwood</contenuImg>
            <contenuImg CS="1.93" coul="1" lang="en" source="google">newtan</contenuImg>
            <contenuImg CS="0.56" lang="en" source="google">Rug</contenuImg>
            <contenuImg CS="0.56" lang="en" source="google">Symmetry</contenuImg>
            <contenuImg CS="0.58" lang="en" source="google">Rectangle</contenuImg>
            <contenuImg CS="0.62" lang="en" source="google">Plant</contenuImg>
            <contenuImg CS="0.64" coul="1" lang="en" source="google">Beige</contenuImg>
            <contenuImg CS="0.64" lang="en" source="google">Pattern</contenuImg>
            <contenuImg CS="0.70" h="1881" lang="en" source="google" w="3320" x="345.6" y="4454.2">Textile</contenuImg>
            <contenuImg CS="0.76" h="1881" lang="en" source="google" w="3320" x="345.6" y="4454.2">Design</contenuImg>
            <contenuImg CS="0.83" h="1881" lang="en" source="google" w="3320" x="345.6" y="4454.2">Botany</contenuImg>
            <contenuImg CS="0.91" h="1881" lang="en" source="google" w="3320" x="345.6" y="4454.2">Pattern</contenuImg>
            <tech source="final">estampe/gravure</tech>
            <fonction source="md">papier-peint</fonction>
            <fonction source="final">papier-peint</fonction>
            <tech CS="1" source="hm">estampe/gravure</tech>
            <theme CS="1" source="md">0</theme>
            <contenuImg CS="1.0" lang="fr" source="md">Oeillets (plantes)</contenuImg>
            <contenuImg CS="1.0" lang="fr" source="md">Raisin</contenuImg>
            <contenuImg CS="1.0" lang="fr" source="md">Fruits</contenuImg>
            <contenuImg CS="1.0" lang="fr" source="md">Fleurs stylisées (ornement)</contenuImg>
            <contenuImg CS="1.0" lang="fr" source="md">Pampres (ornement)</contenuImg>
            <contenuImg CS="1.0" lang="fr" source="md">Peinture en camaïeu</contenuImg>
            <contenuImg CS="1.0" lang="fr" source="md">Motifs décoratifs -- 1789-1799</contenuImg>
            <titraille>Manufacture Chapuy. Papier à motif répétitif. Motif répétitif de petits carreaux alternant un fuseau et des fleurs ou fruits en camaïeu : papier peint</titraille>
          </ill>
        </ills>
      </page>
    </pages>
  </contenus>
</analyseAlto>