<analyseAlto>
  <metad>
    <type>I</type>
    <ID>btv1b69011631</ID>
    <titre>Bordure : papier peint</titre>
    <dateEdition>1800</dateEdition>
    <auteur>inconnu</auteur>
    <lang>fre</lang>
    <source>Bibliothèque nationale de France, département Estampes et photographie, EST LI-18</source>
    <sujet>Frises -- Volutes -- Fleurs stylisées (ornement) -- Palmettes (ornement) -- Arceaux -- Motifs décoratifs</sujet>
    <descr>Appartient à l’ensemble documentaire : PaPeint18 -- Papier peint</descr>
    <format>inconnu</format>
    <couverture>inconnu</couverture>
    <largeurPx>4184</largeurPx>
    <hauteurPx>1688</hauteurPx>
    <ocr>false</ocr>
    <toc>false</toc>
    <caption>false</caption>
    <nbPage>1</nbPage>
  </metad>
  <contenus ocr="false" toc="false">
    <largeur>177</largeur>
    <hauteur>71</hauteur>
    <largeurPx>4184</largeurPx>
    <hauteurPx>1688</hauteurPx>
    <pages>
      <page ordre="1">
        <blocIll ocr="1">1</blocIll>
        <ills>
          <ill classif="CCgoogle" couleur="coul" h="1688" hash="ff3e72c35cfe0000" n="1-1" taille="3" w="4184" x="1" y="1">
            <contenuImg CS="0.76" h="3320" lang="fr" source="google" w="3325" x="3296.4" y="168.8">textile</contenuImg>
            <contenuImg CS="0.71" h="3320" lang="fr" source="google" w="3325" x="3296.4" y="168.8">art floral</contenuImg>
            <contenuImg CS="0.83" h="3320" lang="fr" source="google" w="3325" x="3296.4" y="168.8">modèle motif</contenuImg>
            <contenuImg CS="0.02" coul="1" lang="fr" source="google">bleu marine</contenuImg>
            <contenuImg CS="0.83" h="3320" lang="fr" source="google" w="3325" x="3296.4" y="168.8">modèle</contenuImg>
            <contenuImg CS="0.70" h="3320" lang="fr" source="google" w="3325" x="3296.4" y="168.8">plante</contenuImg>
            <contenuImg CS="0.67" lang="fr" source="google">rectangle</contenuImg>
            <contenuImg CS="0.60" lang="fr" source="google">fleur</contenuImg>
            <contenuImg CS="0.55" lang="fr" source="google">arts visuels</contenuImg>
            <contenuImg CS="1.76" coul="1" lang="fr" source="google">feldspath</contenuImg>
            <contenuImg CS="0.11" coul="1" lang="fr" source="google">chocolat à pâtisser</contenuImg>
            <contenuImg CS="0.08" coul="1" lang="fr" source="google">vert foncé</contenuImg>
            <contenuImg CS="0.06" coul="1" lang="fr" source="google">bleu nuit</contenuImg>
            <contenuImg b="105" coul="1" g="161" r="186" source="colorific" type="bkg">#baa169</contenuImg>
            <contenuImg b="0" coul="1" g="0" ordre="6" r="0" source="colorific" type="frg">#000000</contenuImg>
            <contenuImg b="115" coul="1" g="73" ordre="5" r="33" source="colorific" type="frg">#214973</contenuImg>
            <contenuImg b="48" coul="1" g="34" ordre="4" r="21" source="colorific" type="frg">#152230</contenuImg>
            <contenuImg b="23" coul="1" g="27" ordre="3" r="37" source="colorific" type="frg">#251b17</contenuImg>
            <contenuImg b="36" coul="1" g="69" ordre="2" r="197" source="colorific" type="frg">#c54524</contenuImg>
            <contenuImg b="49" coul="1" g="78" ordre="1" r="95" source="colorific" type="frg">#5f4e31</contenuImg>
            <contenuImg CS="1.0" lang="en" source="md">decorative patterns</contenuImg>
            <contenuImg CS="1.0" lang="en" source="md">hoops</contenuImg>
            <contenuImg CS="1.0" lang="en" source="md">palmettes (ornament)</contenuImg>
            <contenuImg CS="1.0" lang="en" source="md">stylized flowers (ornament)</contenuImg>
            <contenuImg CS="1.0" lang="en" source="md">swirls</contenuImg>
            <contenuImg CS="1.0" lang="en" source="md">curly</contenuImg>
            <contenuImg CS="0.02" coul="1" lang="en" source="google">navyblue</contenuImg>
            <contenuImg CS="0.06" coul="1" lang="en" source="google">midnightblue</contenuImg>
            <contenuImg CS="0.08" coul="1" lang="en" source="google">darkgreen</contenuImg>
            <contenuImg CS="0.11" coul="1" lang="en" source="google">bakerschocolate</contenuImg>
            <contenuImg CS="0.11" coul="1" lang="en" source="google">midnightblue</contenuImg>
            <contenuImg CS="1.76" coul="1" lang="en" source="google">feldspar</contenuImg>
            <contenuImg CS="0.55" lang="en" source="google">Visual arts</contenuImg>
            <contenuImg CS="0.60" lang="en" source="google">Flower</contenuImg>
            <contenuImg CS="0.67" lang="en" source="google">Rectangle</contenuImg>
            <contenuImg CS="0.70" h="3320" lang="en" source="google" w="3325" x="3296.4" y="168.8">Plant</contenuImg>
            <contenuImg CS="0.71" h="3320" lang="en" source="google" w="3325" x="3296.4" y="168.8">Floral design</contenuImg>
            <contenuImg CS="0.76" h="3320" lang="en" source="google" w="3325" x="3296.4" y="168.8">Textile</contenuImg>
            <contenuImg CS="0.83" h="3320" lang="en" source="google" w="3325" x="3296.4" y="168.8">Pattern</contenuImg>
            <tech source="final">estampe/gravure</tech>
            <fonction source="md">papier-peint</fonction>
            <fonction source="final">papier-peint</fonction>
            <tech CS="1" source="hm">estampe/gravure</tech>
            <theme CS="1" source="md">0</theme>
            <contenuImg CS="1.0" lang="fr" source="md">Frises</contenuImg>
            <contenuImg CS="1.0" lang="fr" source="md">Volutes</contenuImg>
            <contenuImg CS="1.0" lang="fr" source="md">Fleurs stylisées (ornement)</contenuImg>
            <contenuImg CS="1.0" lang="fr" source="md">Palmettes (ornement)</contenuImg>
            <contenuImg CS="1.0" lang="fr" source="md">Arceaux</contenuImg>
            <contenuImg CS="1.0" lang="fr" source="md">Motifs décoratifs</contenuImg>
            <titraille>Bordure : papier peint</titraille>
          </ill>
        </ills>
      </page>
    </pages>
  </contenus>
</analyseAlto>