<analyseAlto>
  <metad>
    <type>I</type>
    <ID>btv1b69007468</ID>
    <titre>Papier à motif répétitif : papier peint</titre>
    <dateEdition>1803</dateEdition>
    <auteur>Jacquemart et Bénard (Manufacture). Fonction indéterminée</auteur>
    <lang>fre</lang>
    <source>Bibliothèque nationale de France</source>
    <sujet>Frises -- Bandes -- Végétaux de fantaisie -- Fleurs stylisées (ornement) -- Losanges (ornement) -- Cones de pin -- Motifs décoratifs</sujet>
    <descr>Appartient à l’ensemble documentaire : PaPeint18 -- Papier peint</descr>
    <format>inconnu</format>
    <couverture>inconnu</couverture>
    <largeurPx>6752</largeurPx>
    <hauteurPx>5496</hauteurPx>
    <ocr>false</ocr>
    <toc>false</toc>
    <nbPage>1</nbPage>
  </metad>
  <contenus ocr="false" toc="false">
    <largeur>285</largeur>
    <hauteur>232</hauteur>
    <largeurPx>6752</largeurPx>
    <hauteurPx>5496</hauteurPx>
    <pages>
      <page ordre="1">
        <blocIll ocr="1">1</blocIll>
        <ills>
          <ill classif="CCgoogle" couleur="coul" h="5496" hash="e666666666466666" n="1-1" taille="17" w="6752" x="1" y="1">
            <contenuImg CS="0.57" lang="fr" source="google">ornement</contenuImg>
            <contenuImg CS="0.82" h="3477" lang="fr" source="google" w="1947" x="1743.2" y="549.6">modèle motif</contenuImg>
            <contenuImg CS="0.76" coul="1" lang="fr" source="google">marron très foncé</contenuImg>
            <contenuImg CS="0.83" coul="1" h="3477" lang="fr" source="google" w="1947" x="1743.2" y="549.6">marron</contenuImg>
            <contenuImg CS="0.82" h="3477" lang="fr" source="google" w="1947" x="1743.2" y="549.6">modèle</contenuImg>
            <contenuImg CS="0.68" h="3477" lang="fr" source="google" w="1947" x="1743.2" y="549.6">symétrie</contenuImg>
            <contenuImg CS="0.67" h="3477" lang="fr" source="google" w="1947" x="1743.2" y="549.6">arts visuels</contenuImg>
            <contenuImg CS="0.66" lang="fr" source="google">sculpture</contenuImg>
            <contenuImg CS="0.65" lang="fr" source="google">architecture</contenuImg>
            <contenuImg CS="0.62" lang="fr" source="google">fond d'écran</contenuImg>
            <contenuImg CS="0.59" lang="fr" source="google">plante</contenuImg>
            <contenuImg CS="0.58" lang="fr" source="google">art</contenuImg>
            <contenuImg CS="0.53" coul="1" lang="fr" source="google">brun foncé</contenuImg>
            <contenuImg CS="0.76" coul="1" lang="fr" source="google">verydarkbrown</contenuImg>
            <contenuImg CS="0.32" coul="1" lang="fr" source="google">morceaux de chocolat</contenuImg>
            <contenuImg CS="0.31" coul="1" lang="fr" source="google">noir</contenuImg>
            <contenuImg b="50" coul="1" g="85" r="118" source="colorific" type="bkg">#765532</contenuImg>
            <contenuImg b="16" coul="1" g="36" ordre="2" r="48" source="colorific" type="frg">#302410</contenuImg>
            <contenuImg b="0" coul="1" g="0" ordre="1" r="0" source="colorific" type="frg">#000000</contenuImg>
            <contenuImg CS="1.0" lang="en" source="md">decorative patterns</contenuImg>
            <contenuImg CS="1.0" lang="en" source="md">pine Cones</contenuImg>
            <contenuImg CS="1.0" lang="en" source="md">rhombuses (ornament)</contenuImg>
            <contenuImg CS="1.0" lang="en" source="md">stylized flowers (ornament)</contenuImg>
            <contenuImg CS="1.0" lang="en" source="md">fancy plants</contenuImg>
            <contenuImg CS="1.0" lang="en" source="md">stripes</contenuImg>
            <contenuImg CS="1.0" lang="en" source="md">curly</contenuImg>
            <contenuImg CS="0.31" coul="1" lang="en" source="google">black</contenuImg>
            <contenuImg CS="0.32" coul="1" lang="en" source="google">semisweetchocolate</contenuImg>
            <contenuImg CS="0.34" coul="1" lang="en" source="google">black</contenuImg>
            <contenuImg CS="0.76" coul="1" lang="en" source="google">verydarkbrown</contenuImg>
            <contenuImg CS="0.53" coul="1" lang="en" source="google">darktan</contenuImg>
            <contenuImg CS="0.58" coul="1" lang="en" source="google">black</contenuImg>
            <contenuImg CS="1.11" coul="1" lang="en" source="google">semisweetchocolate</contenuImg>
            <contenuImg CS="0.57" lang="en" source="google">Ornament</contenuImg>
            <contenuImg CS="0.58" lang="en" source="google">Art</contenuImg>
            <contenuImg CS="0.59" lang="en" source="google">Plant</contenuImg>
            <contenuImg CS="0.62" lang="en" source="google">Wallpaper</contenuImg>
            <contenuImg CS="0.65" lang="en" source="google">Architecture</contenuImg>
            <contenuImg CS="0.66" lang="en" source="google">Carving</contenuImg>
            <contenuImg CS="0.67" h="3477" lang="en" source="google" w="1947" x="1743.2" y="549.6">Visual arts</contenuImg>
            <contenuImg CS="0.68" h="3477" lang="en" source="google" w="1947" x="1743.2" y="549.6">Symmetry</contenuImg>
            <contenuImg CS="0.82" h="3477" lang="en" source="google" w="1947" x="1743.2" y="549.6">Pattern</contenuImg>
            <contenuImg CS="0.83" coul="1" h="3477" lang="en" source="google" w="1947" x="1743.2" y="549.6">Brown</contenuImg>
            <tech source="final">estampe/gravure</tech>
            <fonction source="md">papier-peint</fonction>
            <fonction source="final">papier-peint</fonction>
            <tech CS="1" source="hm">estampe/gravure</tech>
            <theme CS="1" source="md">0</theme>
            <contenuImg CS="1.0" lang="fr" source="md">Frises</contenuImg>
            <contenuImg CS="1.0" lang="fr" source="md">Bandes</contenuImg>
            <contenuImg CS="1.0" lang="fr" source="md">Végétaux de fantaisie</contenuImg>
            <contenuImg CS="1.0" lang="fr" source="md">Fleurs stylisées (ornement)</contenuImg>
            <contenuImg CS="1.0" lang="fr" source="md">Losanges (ornement)</contenuImg>
            <contenuImg CS="1.0" lang="fr" source="md">Cones de pin</contenuImg>
            <contenuImg CS="1.0" lang="fr" source="md">Motifs décoratifs</contenuImg>
            <titraille>Papier à motif répétitif : papier peint</titraille>
          </ill>
        </ills>
      </page>
    </pages>
  </contenus>
</analyseAlto>