<analyseAlto>
  <metad>
    <type>I</type>
    <ID>btv1b6900659j</ID>
    <titre>Papier à motif répétitif : papier peint</titre>
    <dateEdition>1801</dateEdition>
    <auteur>inconnu</auteur>
    <lang>fre</lang>
    <source>Bibliothèque nationale de France</source>
    <sujet>Cannage -- Ornements géométriques -- Losanges (ornement) -- Motifs en pointe-de-diamant -- Quadrillage -- Motifs décoratifs</sujet>
    <descr>Appartient à l’ensemble documentaire : PaPeint18 -- Papier peint</descr>
    <format>inconnu</format>
    <couverture>inconnu</couverture>
    <largeurPx>6688</largeurPx>
    <hauteurPx>4744</hauteurPx>
    <ocr>false</ocr>
    <toc>false</toc>
    <nbPage>1</nbPage>
  </metad>
  <contenus ocr="false" toc="false">
    <largeur>283</largeur>
    <hauteur>200</hauteur>
    <largeurPx>6688</largeurPx>
    <hauteurPx>4744</hauteurPx>
    <pages>
      <page ordre="1">
        <blocIll ocr="1">1</blocIll>
        <ills>
          <ill classif="CCgoogle" couleur="coul" h="4744" hash="0f0d0a1f0d0a3fbf" n="1-1" taille="14" w="6688" x="1" y="1">
            <contenuImg CS="0.78" h="3025" lang="fr" source="google" w="1695" x="3242.8" y="474.4">conception</contenuImg>
            <contenuImg CS="0.67" lang="fr" source="google">modèle motif</contenuImg>
            <contenuImg CS="0.96" coul="1" h="3025" lang="fr" source="google" w="1695" x="3242.8" y="474.4">vert</contenuImg>
            <contenuImg CS="0.80" h="3025" lang="fr" source="google" w="1695" x="3242.8" y="474.4">métal</contenuImg>
            <contenuImg CS="0.78" h="3025" lang="fr" source="google" w="1695" x="3242.8" y="474.4">design</contenuImg>
            <contenuImg CS="0.76" lang="fr" source="google">maille</contenuImg>
            <contenuImg CS="0.75" lang="fr" source="google">ligne</contenuImg>
            <contenuImg CS="0.71" lang="fr" source="google">symétrie</contenuImg>
            <contenuImg CS="0.67" lang="fr" source="google">modèle</contenuImg>
            <contenuImg CS="0.61" lang="fr" source="google">acier</contenuImg>
            <contenuImg CS="0.59" coul="1" lang="fr" source="google">gris</contenuImg>
            <contenuImg CS="0.42" coul="1" lang="fr" source="google">vert foncé</contenuImg>
            <contenuImg CS="0.29" coul="1" lang="fr" source="google">noir</contenuImg>
            <contenuImg CS="0.25" coul="1" lang="fr" source="google">vert cuivre foncé</contenuImg>
            <contenuImg b="65" coul="1" g="90" r="80" source="colorific" type="bkg">#505a41</contenuImg>
            <contenuImg b="255" coul="1" g="255" ordre="5" r="255" source="colorific" type="frg">#ffffff</contenuImg>
            <contenuImg b="0" coul="1" g="0" ordre="4" r="0" source="colorific" type="frg">#000000</contenuImg>
            <contenuImg b="88" coul="1" g="97" ordre="3" r="100" source="colorific" type="frg">#646158</contenuImg>
            <contenuImg b="19" coul="1" g="34" ordre="2" r="26" source="colorific" type="frg">#1a2213</contenuImg>
            <contenuImg b="117" coul="1" g="128" ordre="1" r="86" source="colorific" type="frg">#568075</contenuImg>
            <contenuImg CS="1.0" lang="en" source="md">decorative patterns</contenuImg>
            <contenuImg CS="1.0" lang="en" source="md">grid</contenuImg>
            <contenuImg CS="1.0" lang="en" source="md">diamond-point-shaped patterns</contenuImg>
            <contenuImg CS="1.0" lang="en" source="md">rhombuses (ornament)</contenuImg>
            <contenuImg CS="1.0" lang="en" source="md">geometric ornaments</contenuImg>
            <contenuImg CS="1.0" lang="en" source="md">wickerwork</contenuImg>
            <contenuImg CS="0.25" coul="1" lang="en" source="google">darkgreencopper</contenuImg>
            <contenuImg CS="0.29" coul="1" lang="en" source="google">black</contenuImg>
            <contenuImg CS="0.42" coul="1" lang="en" source="google">darkgreen</contenuImg>
            <contenuImg CS="0.51" coul="1" lang="en" source="google">darkgreencopper</contenuImg>
            <contenuImg CS="0.59" coul="1" lang="en" source="google">grey</contenuImg>
            <contenuImg CS="0.14" coul="1" lang="en" source="google">black</contenuImg>
            <contenuImg CS="0.67" coul="1" lang="en" source="google">darkgreen</contenuImg>
            <contenuImg CS="1.26" coul="1" lang="en" source="google">grey</contenuImg>
            <contenuImg CS="0.61" lang="en" source="google">Steel</contenuImg>
            <contenuImg CS="0.67" lang="en" source="google">Pattern</contenuImg>
            <contenuImg CS="0.71" lang="en" source="google">Symmetry</contenuImg>
            <contenuImg CS="0.75" lang="en" source="google">Line</contenuImg>
            <contenuImg CS="0.76" lang="en" source="google">Mesh</contenuImg>
            <contenuImg CS="0.78" h="3025" lang="en" source="google" w="1695" x="3242.8" y="474.4">Design</contenuImg>
            <contenuImg CS="0.80" h="3025" lang="en" source="google" w="1695" x="3242.8" y="474.4">Metal</contenuImg>
            <contenuImg CS="0.95" h="3025" lang="en" source="google" w="1695" x="3242.8" y="474.4">Pattern</contenuImg>
            <contenuImg CS="0.96" coul="1" h="3025" lang="en" source="google" w="1695" x="3242.8" y="474.4">Green</contenuImg>
            <tech source="final">estampe/gravure</tech>
            <fonction source="md">papier-peint</fonction>
            <fonction source="final">papier-peint</fonction>
            <tech CS="1" source="hm">estampe/gravure</tech>
            <theme CS="1" source="md">0</theme>
            <contenuImg CS="1.0" lang="fr" source="md">Cannage</contenuImg>
            <contenuImg CS="1.0" lang="fr" source="md">Ornements géométriques</contenuImg>
            <contenuImg CS="1.0" lang="fr" source="md">Losanges (ornement)</contenuImg>
            <contenuImg CS="1.0" lang="fr" source="md">Motifs en pointe-de-diamant</contenuImg>
            <contenuImg CS="1.0" lang="fr" source="md">Quadrillage</contenuImg>
            <contenuImg CS="1.0" lang="fr" source="md">Motifs décoratifs</contenuImg>
            <titraille>Papier à motif répétitif : papier peint</titraille>
          </ill>
        </ills>
      </page>
    </pages>
  </contenus>
</analyseAlto>