<analyseAlto>
  <metad>
    <type>I</type>
    <ID>btv1b6901529c</ID>
    <titre>Papier à motif répétitif : papier peint</titre>
    <dateEdition>1799</dateEdition>
    <auteur>inconnu</auteur>
    <lang>fre</lang>
    <source>Bibliothèque nationale de France, département Estampes et photographie, EST LI-19</source>
    <sujet>Carreaux -- Instruments de musique -- Vases -- Urnes -- Amphores -- Casques -- Objets à l_antique (ornement) -- Sistre -- Trophées (ornement) -- Rosettes (ornement) -- Motifs décoratifs</sujet>
    <descr>Appartient à l’ensemble documentaire : PaPeint18 -- Papier peint</descr>
    <format>inconnu</format>
    <couverture>inconnu</couverture>
    <largeurPx>8264</largeurPx>
    <hauteurPx>6896</hauteurPx>
    <ocr>false</ocr>
    <toc>false</toc>
    <caption>false</caption>
    <nbPage>1</nbPage>
  </metad>
  <contenus ocr="false" toc="false">
    <largeur>349</largeur>
    <hauteur>291</hauteur>
    <largeurPx>8264</largeurPx>
    <hauteurPx>6896</hauteurPx>
    <pages>
      <page ordre="1">
        <blocIll ocr="1">1</blocIll>
        <ills>
          <ill classif="CCgoogle" couleur="coul" h="6896" hash="afd2d2a552a552a5" n="1-1" taille="26" w="8264" x="1" y="1">
            <contenuImg CS="0.78" lang="fr" source="google">conception</contenuImg>
            <contenuImg CS="0.72" lang="fr" source="google">textile</contenuImg>
            <contenuImg CS="0.72" lang="fr" source="google">modèle motif</contenuImg>
            <contenuImg CS="0.93" coul="1" h="3557" lang="fr" source="google" w="1995" x="3101.4" y="689.6">turquoise</contenuImg>
            <contenuImg CS="0.90" coul="1" h="3557" lang="fr" source="google" w="1995" x="3101.4" y="689.6">bleu canard</contenuImg>
            <contenuImg CS="0.84" coul="1" lang="fr" source="google">violet</contenuImg>
            <contenuImg CS="0.78" lang="fr" source="google">design</contenuImg>
            <contenuImg CS="0.73" lang="fr" source="google">symétrie</contenuImg>
            <contenuImg CS="0.72" lang="fr" source="google">modèle</contenuImg>
            <contenuImg CS="0.59" lang="fr" source="google">arts visuels</contenuImg>
            <contenuImg CS="0.41" coul="1" lang="fr" source="google">bleu nuit</contenuImg>
            <contenuImg CS="0.22" coul="1" lang="fr" source="google">noir</contenuImg>
            <contenuImg CS="0.17" coul="1" lang="fr" source="google">bois moyen</contenuImg>
            <contenuImg CS="0.11" coul="1" lang="fr" source="google">gris foncé</contenuImg>
            <contenuImg CS="0.37" coul="1" lang="fr" source="google">vert cuivre</contenuImg>
            <contenuImg CS="0.31" coul="1" lang="fr" source="google">vert cuivre foncé</contenuImg>
            <contenuImg b="86" coul="1" g="106" r="93" source="colorific" type="bkg">#5d6a56</contenuImg>
            <contenuImg b="58" coul="1" g="66" ordre="6" r="103" source="colorific" type="frg">#67423a</contenuImg>
            <contenuImg b="255" coul="1" g="255" ordre="5" r="255" source="colorific" type="frg">#ffffff</contenuImg>
            <contenuImg b="129" coul="1" g="108" ordre="4" r="172" source="colorific" type="frg">#ac6c81</contenuImg>
            <contenuImg b="97" coul="1" g="68" ordre="3" r="41" source="colorific" type="frg">#294461</contenuImg>
            <contenuImg b="84" coul="1" g="121" ordre="2" r="157" source="colorific" type="frg">#9d7954</contenuImg>
            <contenuImg b="0" coul="1" g="0" ordre="1" r="0" source="colorific" type="frg">#000000</contenuImg>
            <contenuImg CS="1.0" lang="en" source="md">decorative patterns</contenuImg>
            <contenuImg CS="1.0" lang="en" source="md">rosettes (ornament)</contenuImg>
            <contenuImg CS="1.0" lang="en" source="md">trophies (ornament)</contenuImg>
            <contenuImg CS="1.0" lang="en" source="md">sistre</contenuImg>
            <contenuImg CS="1.0" lang="en" source="md">objects in the antique (ornament)</contenuImg>
            <contenuImg CS="1.0" lang="en" source="md">helmets</contenuImg>
            <contenuImg CS="1.0" lang="en" source="md">amphorae</contenuImg>
            <contenuImg CS="1.0" lang="en" source="md">urns</contenuImg>
            <contenuImg CS="1.0" lang="en" source="md">vases</contenuImg>
            <contenuImg CS="1.0" lang="en" source="md">musical instruments</contenuImg>
            <contenuImg CS="1.0" lang="en" source="md">tiles</contenuImg>
            <contenuImg CS="0.31" coul="1" lang="en" source="google">darkgreencopper</contenuImg>
            <contenuImg CS="0.37" coul="1" lang="en" source="google">greencopper</contenuImg>
            <contenuImg CS="0.11" coul="1" lang="en" source="google">dimgrey</contenuImg>
            <contenuImg CS="0.17" coul="1" lang="en" source="google">mediumwood</contenuImg>
            <contenuImg CS="0.22" coul="1" lang="en" source="google">black</contenuImg>
            <contenuImg CS="0.41" coul="1" lang="en" source="google">midnightblue</contenuImg>
            <contenuImg CS="0.44" coul="1" lang="en" source="google">darkgreencopper</contenuImg>
            <contenuImg CS="0.59" lang="en" source="google">Visual arts</contenuImg>
            <contenuImg CS="0.72" lang="en" source="google">Pattern</contenuImg>
            <contenuImg CS="0.72" lang="en" source="google">Textile</contenuImg>
            <contenuImg CS="0.73" lang="en" source="google">Symmetry</contenuImg>
            <contenuImg CS="0.78" lang="en" source="google">Design</contenuImg>
            <contenuImg CS="0.84" coul="1" lang="en" source="google">Violet</contenuImg>
            <contenuImg CS="0.90" coul="1" h="3557" lang="en" source="google" w="1995" x="3101.4" y="689.6">Teal</contenuImg>
            <contenuImg CS="0.90" coul="1" h="3557" lang="en" source="google" w="1995" x="3101.4" y="689.6">Purple</contenuImg>
            <contenuImg CS="0.93" coul="1" h="3557" lang="en" source="google" w="1995" x="3101.4" y="689.6">Turquoise</contenuImg>
            <contenuImg CS="0.96" h="3557" lang="en" source="google" w="1995" x="3101.4" y="689.6">Pattern</contenuImg>
            <tech source="final">estampe/gravure</tech>
            <fonction source="md">papier-peint</fonction>
            <fonction source="final">papier-peint</fonction>
            <tech CS="1" source="hm">estampe/gravure</tech>
            <theme CS="1" source="md">0</theme>
            <contenuImg CS="1.0" lang="fr" source="md">Carreaux</contenuImg>
            <contenuImg CS="1.0" lang="fr" source="md">Instruments de musique</contenuImg>
            <contenuImg CS="1.0" lang="fr" source="md">Vases</contenuImg>
            <contenuImg CS="1.0" lang="fr" source="md">Urnes</contenuImg>
            <contenuImg CS="1.0" lang="fr" source="md">Amphores</contenuImg>
            <contenuImg CS="1.0" lang="fr" source="md">Casques</contenuImg>
            <contenuImg CS="1.0" lang="fr" source="md">Objets à l'antique (ornement)</contenuImg>
            <contenuImg CS="1.0" lang="fr" source="md">Sistre</contenuImg>
            <contenuImg CS="1.0" lang="fr" source="md">Trophées (ornement)</contenuImg>
            <contenuImg CS="1.0" lang="fr" source="md">Rosettes (ornement)</contenuImg>
            <contenuImg CS="1.0" lang="fr" source="md">Motifs décoratifs</contenuImg>
            <titraille>Papier à motif répétitif : papier peint</titraille>
          </ill>
        </ills>
      </page>
    </pages>
  </contenus>
</analyseAlto>