<analyseAlto>
  <metad>
    <type>I</type>
    <ID>btv1b6901216q</ID>
    <titre>Bordure : papier peint</titre>
    <dateEdition>1801</dateEdition>
    <auteur>inconnu</auteur>
    <lang>fre</lang>
    <source>Bibliothèque nationale de France, département Estampes et photographie, EST LI-22</source>
    <sujet>Frises -- Arceaux -- Palmettes (ornement) -- Ogives -- Olives (ornement) -- Peignes (ornement) -- Camaïeu, Peinture en -- Décoration et ornement architecturaux -- Motifs décoratifs</sujet>
    <descr>Appartient à l’ensemble documentaire : PaPeint18 -- Papier peint</descr>
    <format>inconnu</format>
    <couverture>inconnu</couverture>
    <largeurPx>3448</largeurPx>
    <hauteurPx>1680</hauteurPx>
    <ocr>false</ocr>
    <toc>false</toc>
    <caption>false</caption>
    <nbPage>1</nbPage>
  </metad>
  <contenus ocr="false" toc="false">
    <largeur>145</largeur>
    <hauteur>71</hauteur>
    <largeurPx>3448</largeurPx>
    <hauteurPx>1680</hauteurPx>
    <pages>
      <page ordre="1">
        <blocIll ocr="1">1</blocIll>
        <ills>
          <ill classif="CCgoogle" couleur="coul" h="1680" hash="fffff100ff00a800" n="1-1" taille="2" w="3448" x="1" y="1">
            <contenuImg CS="0.78" h="3320" lang="fr" source="google" w="3325" x="2049.8" y="168">modèle motif</contenuImg>
            <contenuImg CS="0.90" h="3320" lang="fr" source="google" w="3325" x="2049.8" y="168">sculpture sur pierre</contenuImg>
            <contenuImg CS="0.82" h="3320" lang="fr" source="google" w="3325" x="2049.8" y="168">police de caractère</contenuImg>
            <contenuImg CS="0.78" h="3320" lang="fr" source="google" w="3325" x="2049.8" y="168">modèle</contenuImg>
            <contenuImg CS="0.78" h="3320" lang="fr" source="google" w="3325" x="2049.8" y="168">fer</contenuImg>
            <contenuImg CS="0.76" lang="fr" source="google">sculpture</contenuImg>
            <contenuImg CS="0.72" lang="fr" source="google">métal</contenuImg>
            <contenuImg CS="0.67" lang="fr" source="google">soulagement</contenuImg>
            <contenuImg CS="0.65" lang="fr" source="google">architecture</contenuImg>
            <contenuImg CS="0.58" lang="fr" source="google">art</contenuImg>
            <contenuImg CS="0.57" lang="fr" source="google">calligraphie</contenuImg>
            <contenuImg CS="0.94" coul="1" lang="fr" source="google">gris</contenuImg>
            <contenuImg CS="0.66" coul="1" lang="fr" source="google">argent</contenuImg>
            <contenuImg CS="0.44" coul="1" lang="fr" source="google">vert foncé</contenuImg>
            <contenuImg CS="0.35" coul="1" lang="fr" source="google">vert cuivre</contenuImg>
            <contenuImg CS="0.21" coul="1" lang="fr" source="google">noir</contenuImg>
            <contenuImg b="167" coul="1" g="174" r="169" source="colorific" type="bkg">#a9aea7</contenuImg>
            <contenuImg b="37" coul="1" g="50" ordre="2" r="52" source="colorific" type="frg">#343225</contenuImg>
            <contenuImg b="83" coul="1" g="101" ordre="1" r="104" source="colorific" type="frg">#686553</contenuImg>
            <contenuImg CS="1.0" lang="en" source="md">decorative patterns</contenuImg>
            <contenuImg CS="1.0" lang="en" source="md">architectural decoration and ornament</contenuImg>
            <contenuImg CS="1.0" lang="en" source="md">camaïeu painting</contenuImg>
            <contenuImg CS="1.0" lang="en" source="md">cmbs (ornament)</contenuImg>
            <contenuImg CS="1.0" lang="en" source="md">Olives (ornament)</contenuImg>
            <contenuImg CS="1.0" lang="en" source="md">warheads</contenuImg>
            <contenuImg CS="1.0" lang="en" source="md">palmettes (ornament)</contenuImg>
            <contenuImg CS="1.0" lang="en" source="md">hoops</contenuImg>
            <contenuImg CS="1.0" lang="en" source="md">curly</contenuImg>
            <contenuImg CS="0.21" coul="1" lang="en" source="google">black</contenuImg>
            <contenuImg CS="0.34" coul="1" lang="en" source="google">black</contenuImg>
            <contenuImg CS="0.35" coul="1" lang="en" source="google">greencopper</contenuImg>
            <contenuImg CS="0.44" coul="1" lang="en" source="google">darkgreen</contenuImg>
            <contenuImg CS="0.66" coul="1" lang="en" source="google">silver</contenuImg>
            <contenuImg CS="0.70" coul="1" lang="en" source="google">darkgreen</contenuImg>
            <contenuImg CS="0.94" coul="1" lang="en" source="google">grey</contenuImg>
            <contenuImg CS="1.05" coul="1" lang="en" source="google">gray</contenuImg>
            <contenuImg CS="0.57" lang="en" source="google">Calligraphy</contenuImg>
            <contenuImg CS="0.58" lang="en" source="google">Art</contenuImg>
            <contenuImg CS="0.65" lang="en" source="google">Architecture</contenuImg>
            <contenuImg CS="0.67" lang="en" source="google">Relief</contenuImg>
            <contenuImg CS="0.72" lang="en" source="google">Metal</contenuImg>
            <contenuImg CS="0.76" lang="en" source="google">Carving</contenuImg>
            <contenuImg CS="0.78" h="3320" lang="en" source="google" w="3325" x="2049.8" y="168">Iron</contenuImg>
            <contenuImg CS="0.78" h="3320" lang="en" source="google" w="3325" x="2049.8" y="168">Pattern</contenuImg>
            <contenuImg CS="0.82" h="3320" lang="en" source="google" w="3325" x="2049.8" y="168">Font</contenuImg>
            <contenuImg CS="0.90" h="3320" lang="en" source="google" w="3325" x="2049.8" y="168">Stone carving</contenuImg>
            <tech source="final">estampe/gravure</tech>
            <fonction source="md">papier-peint</fonction>
            <fonction source="final">papier-peint</fonction>
            <tech CS="1" source="hm">estampe/gravure</tech>
            <theme CS="1" source="md">0</theme>
            <contenuImg CS="1.0" lang="fr" source="md">Frises</contenuImg>
            <contenuImg CS="1.0" lang="fr" source="md">Arceaux</contenuImg>
            <contenuImg CS="1.0" lang="fr" source="md">Palmettes (ornement)</contenuImg>
            <contenuImg CS="1.0" lang="fr" source="md">Ogives</contenuImg>
            <contenuImg CS="1.0" lang="fr" source="md">Olives (ornement)</contenuImg>
            <contenuImg CS="1.0" lang="fr" source="md">Peignes (ornement)</contenuImg>
            <contenuImg CS="1.0" lang="fr" source="md">Peinture en camaïeu</contenuImg>
            <contenuImg CS="1.0" lang="fr" source="md">Décoration et ornement architecturaux</contenuImg>
            <contenuImg CS="1.0" lang="fr" source="md">Motifs décoratifs</contenuImg>
            <titraille>Bordure : papier peint</titraille>
          </ill>
        </ills>
      </page>
    </pages>
  </contenus>
</analyseAlto>