<analyseAlto>
  <metad>
    <type>I</type>
    <ID>btv1b6900927m</ID>
    <titre>Papier à motif répétitif : papier peint</titre>
    <dateEdition>1805</dateEdition>
    <auteur>Jacquemart et Bénard (Manufacture). Fonction indéterminée</auteur>
    <lang>fre</lang>
    <source>Bibliothèque nationale de France</source>
    <sujet>Couronnes (coiffures) -- Acanthes -- Culots (architecture) -- Montants (ornement) -- Losanges (ornement) -- Feuilles stylisées (ornement) -- Rosettes (ornement) -- Camaïeu, Peinture en -- Quadrillage -- Motifs décoratifs</sujet>
    <descr>Appartient à l’ensemble documentaire : PaPeint18 -- Papier peint</descr>
    <format>inconnu</format>
    <couverture>inconnu</couverture>
    <largeurPx>6744</largeurPx>
    <hauteurPx>6528</hauteurPx>
    <ocr>false</ocr>
    <toc>false</toc>
    <nbPage>1</nbPage>
  </metad>
  <contenus ocr="false" toc="false">
    <largeur>285</largeur>
    <hauteur>276</hauteur>
    <largeurPx>6744</largeurPx>
    <hauteurPx>6528</hauteurPx>
    <pages>
      <page ordre="1">
        <blocIll ocr="1">1</blocIll>
        <ills>
          <ill classif="CCgoogle" couleur="coul" h="6528" hash="c7e6e446828747c7" n="1-1" taille="20" w="6744" x="1" y="1">
            <contenuImg CS="0.91" h="4137" lang="fr" source="google" w="2318" x="1529.4" y="652.8">aqua</contenuImg>
            <contenuImg CS="0.72" lang="fr" source="google">conception</contenuImg>
            <contenuImg CS="0.79" h="4137" lang="fr" source="google" w="2318" x="1529.4" y="652.8">botanique</contenuImg>
            <contenuImg CS="0.64" lang="fr" source="google">pédicelle</contenuImg>
            <contenuImg CS="0.85" h="4137" lang="fr" source="google" w="2318" x="1529.4" y="652.8">modèle motif</contenuImg>
            <contenuImg CS="0.85" h="4137" lang="fr" source="google" w="2318" x="1529.4" y="652.8">modèle</contenuImg>
            <contenuImg CS="0.77" h="4137" lang="fr" source="google" w="2318" x="1529.4" y="652.8">symétrie</contenuImg>
            <contenuImg CS="0.75" lang="fr" source="google">ligne</contenuImg>
            <contenuImg CS="0.72" lang="fr" source="google">design</contenuImg>
            <contenuImg CS="0.72" lang="fr" source="google">organisme</contenuImg>
            <contenuImg CS="0.69" lang="fr" source="google">arbre</contenuImg>
            <contenuImg CS="0.67" lang="fr" source="google">plante</contenuImg>
            <contenuImg CS="0.76" coul="1" lang="fr" source="google">vert pâle</contenuImg>
            <contenuImg CS="0.03" coul="1" lang="fr" source="google">feldspath</contenuImg>
            <contenuImg CS="0.57" coul="1" lang="fr" source="google">argent</contenuImg>
            <contenuImg CS="0.32" coul="1" lang="fr" source="google">turquoise moyen</contenuImg>
            <contenuImg CS="0.28" coul="1" lang="fr" source="google">gris</contenuImg>
            <contenuImg CS="0.28" coul="1" lang="fr" source="google">bleu violet</contenuImg>
            <contenuImg CS="0.26" coul="1" lang="fr" source="google">gris foncé</contenuImg>
            <contenuImg b="218" coul="1" g="200" r="163" source="colorific" type="bkg">#a3c8da</contenuImg>
            <contenuImg b="114" coul="1" g="142" ordre="3" r="187" source="colorific" type="frg">#bb8e72</contenuImg>
            <contenuImg b="153" coul="1" g="133" ordre="2" r="146" source="colorific" type="frg">#928599</contenuImg>
            <contenuImg b="135" coul="1" g="113" ordre="1" r="169" source="colorific" type="frg">#a97187</contenuImg>
            <contenuImg CS="1.0" lang="en" source="md">decorative patterns</contenuImg>
            <contenuImg CS="1.0" lang="en" source="md">grid</contenuImg>
            <contenuImg CS="1.0" lang="en" source="md">camaïeu painting</contenuImg>
            <contenuImg CS="1.0" lang="en" source="md">rosettes (ornament)</contenuImg>
            <contenuImg CS="1.0" lang="en" source="md">stylized leaves (ornament)</contenuImg>
            <contenuImg CS="1.0" lang="en" source="md">rhombuses (ornament)</contenuImg>
            <contenuImg CS="1.0" lang="en" source="md">montants (ornament)</contenuImg>
            <contenuImg CS="1.0" lang="en" source="md">culots (architecture)</contenuImg>
            <contenuImg CS="1.0" lang="en" source="md">acanthus</contenuImg>
            <contenuImg CS="1.0" lang="en" source="md">crowns (hairstyles)</contenuImg>
            <contenuImg CS="0.26" coul="1" lang="en" source="google">darkgray</contenuImg>
            <contenuImg CS="0.28" coul="1" lang="en" source="google">blueviolet</contenuImg>
            <contenuImg CS="0.28" coul="1" lang="en" source="google">gray</contenuImg>
            <contenuImg CS="0.32" coul="1" lang="en" source="google">mediumturquoise</contenuImg>
            <contenuImg CS="0.53" coul="1" lang="en" source="google">gray</contenuImg>
            <contenuImg CS="0.57" coul="1" lang="en" source="google">silver</contenuImg>
            <contenuImg CS="0.03" coul="1" lang="en" source="google">feldspar</contenuImg>
            <contenuImg CS="0.76" coul="1" lang="en" source="google">palegreen</contenuImg>
            <contenuImg CS="0.64" lang="en" source="google">Pedicel</contenuImg>
            <contenuImg CS="0.67" lang="en" source="google">Plant</contenuImg>
            <contenuImg CS="0.69" lang="en" source="google">Tree</contenuImg>
            <contenuImg CS="0.72" lang="en" source="google">Organism</contenuImg>
            <contenuImg CS="0.72" lang="en" source="google">Design</contenuImg>
            <contenuImg CS="0.75" lang="en" source="google">Line</contenuImg>
            <contenuImg CS="0.77" h="4137" lang="en" source="google" w="2318" x="1529.4" y="652.8">Symmetry</contenuImg>
            <contenuImg CS="0.79" h="4137" lang="en" source="google" w="2318" x="1529.4" y="652.8">Botany</contenuImg>
            <contenuImg CS="0.85" h="4137" lang="en" source="google" w="2318" x="1529.4" y="652.8">Pattern</contenuImg>
            <contenuImg CS="0.91" h="4137" lang="en" source="google" w="2318" x="1529.4" y="652.8">Aqua</contenuImg>
            <tech source="final">estampe/gravure</tech>
            <fonction source="md">papier-peint</fonction>
            <fonction source="final">papier-peint</fonction>
            <tech CS="1" source="hm">estampe/gravure</tech>
            <theme CS="1" source="md">0</theme>
            <contenuImg CS="1.0" lang="fr" source="md">Couronnes (coiffures)</contenuImg>
            <contenuImg CS="1.0" lang="fr" source="md">Acanthes</contenuImg>
            <contenuImg CS="1.0" lang="fr" source="md">Culots (architecture)</contenuImg>
            <contenuImg CS="1.0" lang="fr" source="md">Montants (ornement)</contenuImg>
            <contenuImg CS="1.0" lang="fr" source="md">Losanges (ornement)</contenuImg>
            <contenuImg CS="1.0" lang="fr" source="md">Feuilles stylisées (ornement)</contenuImg>
            <contenuImg CS="1.0" lang="fr" source="md">Rosettes (ornement)</contenuImg>
            <contenuImg CS="1.0" lang="fr" source="md">Peinture en camaïeu</contenuImg>
            <contenuImg CS="1.0" lang="fr" source="md">Quadrillage</contenuImg>
            <contenuImg CS="1.0" lang="fr" source="md">Motifs décoratifs</contenuImg>
            <titraille>Papier à motif répétitif : papier peint</titraille>
          </ill>
        </ills>
      </page>
    </pages>
  </contenus>
</analyseAlto>