<analyseAlto>
  <metad>
    <type>I</type>
    <ID>btv1b6900421d</ID>
    <titre>Papier à motif répétitif : papier peint</titre>
    <dateEdition>1799</dateEdition>
    <auteur>inconnu</auteur>
    <lang>fre</lang>
    <source>Bibliothèque nationale de France</source>
    <sujet>Bois -- Feuilles -- Jasmins -- Fleurs (ornement) -- Charmilles -- Motifs décoratifs</sujet>
    <descr>Appartient à l’ensemble documentaire : PaPeint18 -- Papier peint</descr>
    <format>inconnu</format>
    <couverture>inconnu</couverture>
    <largeurPx>6856</largeurPx>
    <hauteurPx>6736</hauteurPx>
    <ocr>false</ocr>
    <toc>false</toc>
    <nbPage>1</nbPage>
  </metad>
  <contenus ocr="false" toc="false">
    <largeur>290</largeur>
    <hauteur>285</hauteur>
    <largeurPx>6856</largeurPx>
    <hauteurPx>6736</hauteurPx>
    <pages>
      <page ordre="1">
        <blocIll ocr="1">1</blocIll>
        <ills>
          <ill classif="CCgoogle" couleur="coul" h="6736" hash="bc2c75cc8fc253c4" n="1-1" taille="21" w="6856" x="1" y="1">
            <contenuImg CS="0.90" h="4194" lang="fr" source="google" w="2351" x="2604.6" y="673.6">arbuste nain (plante)</contenuImg>
            <contenuImg CS="0.89" lang="fr" source="google">plante couvrante</contenuImg>
            <contenuImg CS="0.78" lang="fr" source="google">épinette du Colorado (arbre)</contenuImg>
            <contenuImg CS="0.96" h="4194" lang="fr" source="google" w="2351" x="2604.6" y="673.6">plante</contenuImg>
            <contenuImg CS="0.95" h="4194" lang="fr" source="google" w="2351" x="2604.6" y="673.6">fleur</contenuImg>
            <contenuImg CS="0.91" coul="1" h="4194" lang="fr" source="google" w="2351" x="2604.6" y="673.6">vert</contenuImg>
            <contenuImg CS="0.88" lang="fr" source="google">feuille</contenuImg>
            <contenuImg CS="0.80" lang="fr" source="google">arbre</contenuImg>
            <contenuImg CS="0.76" lang="fr" source="google">plante ligneuse</contenuImg>
            <contenuImg CS="0.76" lang="fr" source="google">arbuste</contenuImg>
            <contenuImg CS="1.82" coul="1" lang="fr" source="google">rose</contenuImg>
            <contenuImg CS="0.74" coul="1" lang="fr" source="google">noir</contenuImg>
            <contenuImg CS="0.51" coul="1" lang="fr" source="google">gris ardoise foncé</contenuImg>
            <contenuImg CS="0.15" coul="1" lang="fr" source="google">vert cuivre foncé</contenuImg>
            <contenuImg CS="0.12" coul="1" lang="fr" source="google">vert foncé</contenuImg>
            <contenuImg b="65" coul="1" g="75" r="45" source="colorific" type="bkg">#2d4b41</contenuImg>
            <contenuImg b="77" coul="1" g="92" ordre="5" r="126" source="colorific" type="frg">#7e5c4d</contenuImg>
            <contenuImg b="21" coul="1" g="37" ordre="4" r="53" source="colorific" type="frg">#352515</contenuImg>
            <contenuImg b="0" coul="1" g="0" ordre="3" r="0" source="colorific" type="frg">#000000</contenuImg>
            <contenuImg b="118" coul="1" g="146" ordre="2" r="105" source="colorific" type="frg">#699276</contenuImg>
            <contenuImg b="31" coul="1" g="38" ordre="1" r="15" source="colorific" type="frg">#0f261f</contenuImg>
            <contenuImg CS="1.0" lang="en" source="md">decorative patterns</contenuImg>
            <contenuImg CS="1.0" lang="en" source="md">charmilles (plants)</contenuImg>
            <contenuImg CS="1.0" lang="en" source="md">flowers (ornament)</contenuImg>
            <contenuImg CS="1.0" lang="en" source="md">jasmines (flowers)</contenuImg>
            <contenuImg CS="1.0" lang="en" source="md">leaves (plants)</contenuImg>
            <contenuImg CS="1.0" lang="en" source="md">wood</contenuImg>
            <contenuImg CS="0.12" coul="1" lang="en" source="google">darkgreen</contenuImg>
            <contenuImg CS="0.15" coul="1" lang="en" source="google">darkgreencopper</contenuImg>
            <contenuImg CS="0.51" coul="1" lang="en" source="google">darkslategrey</contenuImg>
            <contenuImg CS="0.74" coul="1" lang="en" source="google">black</contenuImg>
            <contenuImg CS="1.04" coul="1" lang="en" source="google">darkgreencopper</contenuImg>
            <contenuImg CS="0.04" coul="1" lang="en" source="google">darkgreen</contenuImg>
            <contenuImg CS="1.82" coul="1" lang="en" source="google">pink</contenuImg>
            <contenuImg CS="0.76" lang="en" source="google">Shrub</contenuImg>
            <contenuImg CS="0.76" lang="en" source="google">Woody plant</contenuImg>
            <contenuImg CS="0.78" lang="en" source="google">Colorado spruce</contenuImg>
            <contenuImg CS="0.80" lang="en" source="google">Tree</contenuImg>
            <contenuImg CS="0.88" lang="en" source="google">Leaf</contenuImg>
            <contenuImg CS="0.89" lang="en" source="google">Groundcover</contenuImg>
            <contenuImg CS="0.90" h="4194" lang="en" source="google" w="2351" x="2604.6" y="673.6">Subshrub</contenuImg>
            <contenuImg CS="0.91" coul="1" h="4194" lang="en" source="google" w="2351" x="2604.6" y="673.6">Green</contenuImg>
            <contenuImg CS="0.95" h="4194" lang="en" source="google" w="2351" x="2604.6" y="673.6">Flower</contenuImg>
            <contenuImg CS="0.96" h="4194" lang="en" source="google" w="2351" x="2604.6" y="673.6">Plant</contenuImg>
            <tech source="final">estampe/gravure</tech>
            <fonction source="md">papier-peint</fonction>
            <fonction source="final">papier-peint</fonction>
            <tech CS="1" source="hm">estampe/gravure</tech>
            <theme CS="1" source="md">0</theme>
            <contenuImg CS="1.0" lang="fr" source="md">Bois</contenuImg>
            <contenuImg CS="1.0" lang="fr" source="md">Feuilles</contenuImg>
            <contenuImg CS="1.0" lang="fr" source="md">Jasmins</contenuImg>
            <contenuImg CS="1.0" lang="fr" source="md">Fleurs (ornement)</contenuImg>
            <contenuImg CS="1.0" lang="fr" source="md">Charmilles</contenuImg>
            <contenuImg CS="1.0" lang="fr" source="md">Motifs décoratifs</contenuImg>
            <titraille>Papier à motif répétitif : papier peint</titraille>
          </ill>
        </ills>
      </page>
    </pages>
  </contenus>
</analyseAlto>