<analyseAlto>
  <metad>
    <type>I</type>
    <ID>btv1b6900768v</ID>
    <titre>Papier à motif répétitif : papier peint</titre>
    <dateEdition>1803</dateEdition>
    <auteur>Jacquemart et Bénard (Manufacture). Fonction indéterminée</auteur>
    <lang>fre</lang>
    <source>Bibliothèque nationale de France</source>
    <sujet>Peinture et décoration murales -- Frises -- Couronnes (coiffures) -- Perles (nacre) -- Lyre -- Instruments de musique -- Volutes -- Étoiles -- Motifs de fantaisie -- Palmettes (ornement) -- Fleurons (ornement) -- Quadrillage -- Motifs décoratifs</sujet>
    <descr>Appartient à l’ensemble documentaire : PaPeint18 -- Papier peint</descr>
    <format>inconnu</format>
    <couverture>inconnu</couverture>
    <largeurPx>6680</largeurPx>
    <hauteurPx>6216</hauteurPx>
    <ocr>false</ocr>
    <toc>false</toc>
    <nbPage>1</nbPage>
  </metad>
  <contenus ocr="false" toc="false">
    <largeur>282</largeur>
    <hauteur>263</hauteur>
    <largeurPx>6680</largeurPx>
    <hauteurPx>6216</hauteurPx>
    <pages>
      <page ordre="1">
        <blocIll ocr="1">1</blocIll>
        <ills>
          <ill classif="CCgoogle" couleur="coul" h="6216" hash="e7e77e7e66a50000" n="1-1" taille="19" w="6680" x="1" y="1">
            <contenuImg CS="0.73" h="3975" lang="fr" source="google" w="2227" x="1689" y="621.6">conception</contenuImg>
            <contenuImg CS="0.66" lang="fr" source="google">textile</contenuImg>
            <contenuImg CS="0.64" lang="fr" source="google">art floral</contenuImg>
            <contenuImg CS="0.59" lang="fr" source="google">ornement</contenuImg>
            <contenuImg CS="0.85" h="3975" lang="fr" source="google" w="2227" x="1689" y="621.6">modèle motif</contenuImg>
            <contenuImg CS="0.86" coul="1" h="3975" lang="fr" source="google" w="2227" x="1689" y="621.6">jaune</contenuImg>
            <contenuImg CS="0.85" h="3975" lang="fr" source="google" w="2227" x="1689" y="621.6">modèle</contenuImg>
            <contenuImg CS="0.73" h="3975" lang="fr" source="google" w="2227" x="1689" y="621.6">arts visuels</contenuImg>
            <contenuImg CS="0.73" h="3975" lang="fr" source="google" w="2227" x="1689" y="621.6">design</contenuImg>
            <contenuImg CS="0.66" lang="fr" source="google">art</contenuImg>
            <contenuImg CS="0.63" lang="fr" source="google">fond d'écran</contenuImg>
            <contenuImg CS="0.59" lang="fr" source="google">plante</contenuImg>
            <contenuImg CS="0.12" coul="1" lang="fr" source="google">noir</contenuImg>
            <contenuImg CS="0.06" coul="1" lang="fr" source="google">chocolat à pâtisser</contenuImg>
            <contenuImg CS="0.04" coul="1" lang="fr" source="google">cuivre</contenuImg>
            <contenuImg CS="0.70" coul="1" lang="fr" source="google">vieil or</contenuImg>
            <contenuImg CS="0.49" coul="1" lang="fr" source="google">laiton</contenuImg>
            <contenuImg b="72" coul="1" g="185" r="228" source="colorific" type="bkg">#e4b948</contenuImg>
            <contenuImg b="35" coul="1" g="55" ordre="6" r="80" source="colorific" type="frg">#503723</contenuImg>
            <contenuImg b="96" coul="1" g="89" ordre="5" r="117" source="colorific" type="frg">#755960</contenuImg>
            <contenuImg b="47" coul="1" g="66" ordre="4" r="186" source="colorific" type="frg">#ba422f</contenuImg>
            <contenuImg b="37" coul="1" g="28" ordre="3" r="34" source="colorific" type="frg">#221c25</contenuImg>
            <contenuImg b="20" coul="1" g="28" ordre="2" r="35" source="colorific" type="frg">#231c14</contenuImg>
            <contenuImg b="0" coul="1" g="0" ordre="1" r="0" source="colorific" type="frg">#000000</contenuImg>
            <contenuImg CS="1.0" lang="en" source="md">decorative patterns</contenuImg>
            <contenuImg CS="1.0" lang="en" source="md">grid</contenuImg>
            <contenuImg CS="1.0" lang="en" source="md">flowerets (ornament)</contenuImg>
            <contenuImg CS="1.0" lang="en" source="md">palmettes (ornament)</contenuImg>
            <contenuImg CS="1.0" lang="en" source="md">fantasy patterns</contenuImg>
            <contenuImg CS="1.0" lang="en" source="md">stars</contenuImg>
            <contenuImg CS="1.0" lang="en" source="md">swirls</contenuImg>
            <contenuImg CS="1.0" lang="en" source="md">musical instruments</contenuImg>
            <contenuImg CS="1.0" lang="en" source="md">lyre</contenuImg>
            <contenuImg CS="1.0" lang="en" source="md">pearls (mother of pearl)</contenuImg>
            <contenuImg CS="1.0" lang="en" source="md">crowns (hairstyles)</contenuImg>
            <contenuImg CS="1.0" lang="en" source="md">curly</contenuImg>
            <contenuImg CS="1.0" lang="en" source="md">painting and wall decoration</contenuImg>
            <contenuImg CS="0.49" coul="1" lang="en" source="google">brass</contenuImg>
            <contenuImg CS="0.70" coul="1" lang="en" source="google">oldgold</contenuImg>
            <contenuImg CS="0.02" coul="1" lang="en" source="google">oldgold</contenuImg>
            <contenuImg CS="0.04" coul="1" lang="en" source="google">copper</contenuImg>
            <contenuImg CS="0.06" coul="1" lang="en" source="google">bakerschocolate</contenuImg>
            <contenuImg CS="0.12" coul="1" lang="en" source="google">black</contenuImg>
            <contenuImg CS="2.20" coul="1" lang="en" source="google">oldgold</contenuImg>
            <contenuImg CS="0.59" lang="en" source="google">Plant</contenuImg>
            <contenuImg CS="0.59" lang="en" source="google">Ornament</contenuImg>
            <contenuImg CS="0.63" lang="en" source="google">Wallpaper</contenuImg>
            <contenuImg CS="0.64" lang="en" source="google">Floral design</contenuImg>
            <contenuImg CS="0.66" lang="en" source="google">Art</contenuImg>
            <contenuImg CS="0.66" lang="en" source="google">Textile</contenuImg>
            <contenuImg CS="0.73" h="3975" lang="en" source="google" w="2227" x="1689" y="621.6">Design</contenuImg>
            <contenuImg CS="0.73" h="3975" lang="en" source="google" w="2227" x="1689" y="621.6">Visual arts</contenuImg>
            <contenuImg CS="0.85" h="3975" lang="en" source="google" w="2227" x="1689" y="621.6">Pattern</contenuImg>
            <contenuImg CS="0.86" h="3975" lang="en" source="google" w="2227" x="1689" y="621.6">Yellow</contenuImg>
            <tech source="final">estampe/gravure</tech>
            <fonction source="md">papier-peint</fonction>
            <fonction source="final">papier-peint</fonction>
            <tech CS="1" source="hm">estampe/gravure</tech>
            <theme CS="1" source="md">0</theme>
            <contenuImg CS="1.0" lang="fr" source="md">Peinture et décoration murales</contenuImg>
            <contenuImg CS="1.0" lang="fr" source="md">Frises</contenuImg>
            <contenuImg CS="1.0" lang="fr" source="md">Couronnes (coiffures)</contenuImg>
            <contenuImg CS="1.0" lang="fr" source="md">Perles (nacre)</contenuImg>
            <contenuImg CS="1.0" lang="fr" source="md">Lyre</contenuImg>
            <contenuImg CS="1.0" lang="fr" source="md">Instruments de musique</contenuImg>
            <contenuImg CS="1.0" lang="fr" source="md">Volutes</contenuImg>
            <contenuImg CS="1.0" lang="fr" source="md">Étoiles</contenuImg>
            <contenuImg CS="1.0" lang="fr" source="md">Motifs de fantaisie</contenuImg>
            <contenuImg CS="1.0" lang="fr" source="md">Palmettes (ornement)</contenuImg>
            <contenuImg CS="1.0" lang="fr" source="md">Fleurons (ornement)</contenuImg>
            <contenuImg CS="1.0" lang="fr" source="md">Quadrillage</contenuImg>
            <contenuImg CS="1.0" lang="fr" source="md">Motifs décoratifs</contenuImg>
            <titraille>Papier à motif répétitif : papier peint</titraille>
          </ill>
        </ills>
      </page>
    </pages>
  </contenus>
</analyseAlto>