<analyseAlto>
  <metad>
    <type>I</type>
    <ID>btv1b6900726h</ID>
    <titre>Manufacture Jacquemart et Bénard. Bordure. Une bande de frise alternant feuilles et fleurs stylisées : papier peint</titre>
    <dateEdition>1803</dateEdition>
    <auteur>Jacquemart et Bénard (Manufacture). Fonction indéterminée</auteur>
    <lang>fre</lang>
    <source>Bibliothèque nationale de France</source>
    <sujet>Frises -- Volutes -- Végétaux stylisés -- Motifs décoratifs -- 1800-1869</sujet>
    <descr>Appartient à l’ensemble documentaire : PaPeint18 -- Papier peint</descr>
    <format>inconnu</format>
    <couverture>inconnu</couverture>
    <largeurPx>5944</largeurPx>
    <hauteurPx>3288</hauteurPx>
    <ocr>false</ocr>
    <toc>false</toc>
    <nbPage>1</nbPage>
  </metad>
  <contenus ocr="false" toc="false">
    <largeur>251</largeur>
    <hauteur>139</hauteur>
    <largeurPx>5944</largeurPx>
    <hauteurPx>3288</hauteurPx>
    <pages>
      <page ordre="1">
        <blocIll ocr="1">1</blocIll>
        <ills>
          <ill classif="CCgoogle" couleur="coul" h="3288" hash="81cfcbcbc1fb8181" n="1-1" taille="9" w="5944" x="1" y="1">
            <contenuImg CS="0.64" h="3320" lang="fr" source="google" w="1862" x="2997.4" y="328.8">ornement</contenuImg>
            <contenuImg CS="0.55" h="3320" lang="fr" source="google" w="1862" x="2997.4" y="328.8">arts visuels</contenuImg>
            <contenuImg CS="0.51" h="3320" lang="fr" source="google" w="1862" x="2997.4" y="328.8">métal</contenuImg>
            <contenuImg CS="0.50" h="3320" lang="fr" source="google" w="1862" x="2997.4" y="328.8">art</contenuImg>
            <contenuImg CS="1.04" coul="1" lang="fr" source="google">beige pâle</contenuImg>
            <contenuImg CS="0.07" coul="1" lang="fr" source="google">bleu nuit</contenuImg>
            <contenuImg CS="0.94" coul="1" lang="fr" source="google">gris foncé</contenuImg>
            <contenuImg CS="0.79" coul="1" lang="fr" source="google">noir</contenuImg>
            <contenuImg CS="0.78" coul="1" lang="fr" source="google">bois moyen</contenuImg>
            <contenuImg b="154" coul="1" g="145" r="132" source="colorific" type="bkg">#84919a</contenuImg>
            <contenuImg b="104" coul="1" g="102" ordre="3" r="103" source="colorific" type="frg">#676668</contenuImg>
            <contenuImg b="124" coul="1" g="185" ordre="2" r="198" source="colorific" type="frg">#c6b97c</contenuImg>
            <contenuImg b="34" coul="1" g="35" ordre="1" r="46" source="colorific" type="frg">#2e2322</contenuImg>
            <contenuImg CS="1.0" lang="en" source="md">decorative patterns - 1800-1869</contenuImg>
            <contenuImg CS="1.0" lang="en" source="md">stylized plants</contenuImg>
            <contenuImg CS="1.0" lang="en" source="md">swirls</contenuImg>
            <contenuImg CS="1.0" lang="en" source="md">curly</contenuImg>
            <contenuImg CS="0.78" coul="1" lang="en" source="google">mediumwood</contenuImg>
            <contenuImg CS="0.79" coul="1" lang="en" source="google">black</contenuImg>
            <contenuImg CS="0.81" coul="1" lang="en" source="google">black</contenuImg>
            <contenuImg CS="0.94" coul="1" lang="en" source="google">darkgray</contenuImg>
            <contenuImg CS="0.04" coul="1" lang="en" source="google">dimgrey</contenuImg>
            <contenuImg CS="0.07" coul="1" lang="en" source="google">midnightblue</contenuImg>
            <contenuImg CS="1.04" coul="1" lang="en" source="google">newtan</contenuImg>
            <contenuImg CS="0.50" h="3320" lang="en" source="google" w="1862" x="2997.4" y="328.8">Art</contenuImg>
            <contenuImg CS="0.51" h="3320" lang="en" source="google" w="1862" x="2997.4" y="328.8">Metal</contenuImg>
            <contenuImg CS="0.55" h="3320" lang="en" source="google" w="1862" x="2997.4" y="328.8">Visual arts</contenuImg>
            <contenuImg CS="0.64" h="3320" lang="en" source="google" w="1862" x="2997.4" y="328.8">Ornament</contenuImg>
            <tech source="final">estampe/gravure</tech>
            <fonction source="md">papier-peint</fonction>
            <fonction source="final">papier-peint</fonction>
            <tech CS="1" source="hm">estampe/gravure</tech>
            <theme CS="1" source="md">0</theme>
            <contenuImg CS="1.0" lang="fr" source="md">Frises</contenuImg>
            <contenuImg CS="1.0" lang="fr" source="md">Volutes</contenuImg>
            <contenuImg CS="1.0" lang="fr" source="md">Végétaux stylisés</contenuImg>
            <contenuImg CS="1.0" lang="fr" source="md">Motifs décoratifs -- 1800-1869</contenuImg>
            <titraille>Manufacture Jacquemart et Bénard. Bordure. Une bande de frise alternant feuilles et fleurs stylisées : papier peint</titraille>
          </ill>
        </ills>
      </page>
    </pages>
  </contenus>
</analyseAlto>