<analyseAlto>
  <metad>
    <type>I</type>
    <ID>btv1b69007431</ID>
    <titre>Manufacture Jacquemart et Bénard. Bordure. Une bande de frise centrale de cygnes se terminant en volutes alternant avec une fleur stylisée, entre un ruban suspendu à des rosettes et une frise géométrique : papier peint</titre>
    <dateEdition>1803</dateEdition>
    <auteur>Jacquemart et Bénard (Manufacture). Fonction indéterminée</auteur>
    <lang>fre</lang>
    <source>Bibliothèque nationale de France, département Estampes et photographie, EST LI-24 (A)</source>
    <sujet>Frises -- Cygnes -- Volutes -- Rubans (tissus) -- Ornements géométriques -- Fleurs stylisées (ornement) -- Rosettes (ornement) -- Décoration et ornement architecturaux -- 1800-1869 -- Motifs décoratifs -- 1800-1869</sujet>
    <descr>Appartient à l’ensemble documentaire : PaPeint18 -- Papier peint</descr>
    <format>inconnu</format>
    <couverture>inconnu</couverture>
    <largeurPx>6720</largeurPx>
    <hauteurPx>3512</hauteurPx>
    <ocr>false</ocr>
    <toc>false</toc>
    <caption>false</caption>
    <nbPage>1</nbPage>
  </metad>
  <contenus ocr="false" toc="false">
    <largeur>284</largeur>
    <hauteur>148</hauteur>
    <largeurPx>6720</largeurPx>
    <hauteurPx>3512</hauteurPx>
    <pages>
      <page ordre="1">
        <blocIll ocr="1">1</blocIll>
        <ills>
          <ill classif="CCgoogle" couleur="coul" h="3512" hash="0007fffaff9d0022" n="1-1" taille="10" w="6720" x="1" y="1">
            <contenuImg CS="0.00" coul="1" lang="fr" source="google">bronze</contenuImg>
            <contenuImg CS="0.68" h="2004" lang="fr" source="google" w="1116" x="2249" y="465.2">textile</contenuImg>
            <contenuImg CS="0.70" h="2004" lang="fr" source="google" w="1116" x="2249" y="465.2">ornement</contenuImg>
            <contenuImg CS="0.57" lang="fr" source="google">cantonnière</contenuImg>
            <contenuImg CS="0.53" lang="fr" source="google">motif</contenuImg>
            <contenuImg CS="0.52" lang="fr" source="google">moulage</contenuImg>
            <contenuImg CS="0.66" h="2004" lang="fr" source="google" w="1116" x="2249" y="465.2">modèle motif</contenuImg>
            <contenuImg CS="0.66" h="2004" lang="fr" source="google" w="1116" x="2249" y="465.2">modèle</contenuImg>
            <contenuImg CS="0.59" lang="fr" source="google">arts visuels</contenuImg>
            <contenuImg CS="0.56" lang="fr" source="google">design d'intérieur</contenuImg>
            <contenuImg CS="2.02" coul="1" lang="fr" source="google">laiton</contenuImg>
            <contenuImg CS="0.86" coul="1" lang="fr" source="google">or</contenuImg>
            <contenuImg CS="0.18" coul="1" lang="fr" source="google">beige pâle</contenuImg>
            <contenuImg b="148" coul="1" g="201" r="228" source="colorific" type="bkg">#e4c994</contenuImg>
            <contenuImg b="31" coul="1" g="35" ordre="4" r="44" source="colorific" type="frg">#2c231f</contenuImg>
            <contenuImg b="78" coul="1" g="76" ordre="3" r="95" source="colorific" type="frg">#5f4c4e</contenuImg>
            <contenuImg b="0" coul="1" g="0" ordre="2" r="0" source="colorific" type="frg">#000000</contenuImg>
            <contenuImg b="63" coul="1" g="125" ordre="1" r="169" source="colorific" type="frg">#a97d3f</contenuImg>
            <contenuImg CS="1.0" lang="en" source="md">decorative patterns - 1800-1869</contenuImg>
            <contenuImg CS="1.0" lang="en" source="md">architectural decoration and ornament - 1800-1869</contenuImg>
            <contenuImg CS="1.0" lang="en" source="md">rosettes (ornament)</contenuImg>
            <contenuImg CS="1.0" lang="en" source="md">stylized flowers (ornament)</contenuImg>
            <contenuImg CS="1.0" lang="en" source="md">geometric ornaments</contenuImg>
            <contenuImg CS="1.0" lang="en" source="md">ribbons (fabrics)</contenuImg>
            <contenuImg CS="1.0" lang="en" source="md">swirls</contenuImg>
            <contenuImg CS="1.0" lang="en" source="md">swans (birds)</contenuImg>
            <contenuImg CS="1.0" lang="en" source="md">curly</contenuImg>
            <contenuImg CS="0.18" coul="1" lang="en" source="google">newtan</contenuImg>
            <contenuImg CS="0.00" coul="1" lang="en" source="google">bronzeii</contenuImg>
            <contenuImg CS="0.46" coul="1" lang="en" source="google">newtan</contenuImg>
            <contenuImg CS="0.86" coul="1" lang="en" source="google">gold</contenuImg>
            <contenuImg CS="1.08" coul="1" lang="en" source="google">newtan</contenuImg>
            <contenuImg CS="2.02" coul="1" lang="en" source="google">brass</contenuImg>
            <contenuImg CS="0.52" lang="en" source="google">Molding</contenuImg>
            <contenuImg CS="0.53" lang="en" source="google">Motif</contenuImg>
            <contenuImg CS="0.56" lang="en" source="google">Interior design</contenuImg>
            <contenuImg CS="0.57" lang="en" source="google">Window valance</contenuImg>
            <contenuImg CS="0.59" lang="en" source="google">Visual arts</contenuImg>
            <contenuImg CS="0.66" h="2004" lang="en" source="google" w="1116" x="2249" y="465.2">Pattern</contenuImg>
            <contenuImg CS="0.68" h="2004" lang="en" source="google" w="1116" x="2249" y="465.2">Textile</contenuImg>
            <contenuImg CS="0.70" h="2004" lang="en" source="google" w="1116" x="2249" y="465.2">Ornament</contenuImg>
            <contenuImg CS="0.74" h="2004" lang="en" source="google" w="1116" x="2249" y="465.2">Interior design</contenuImg>
            <tech source="final">estampe/gravure</tech>
            <fonction source="md">papier-peint</fonction>
            <fonction source="final">papier-peint</fonction>
            <tech CS="1" source="hm">estampe/gravure</tech>
            <theme CS="1" source="md">0</theme>
            <contenuImg CS="1.0" lang="fr" source="md">Frises</contenuImg>
            <contenuImg CS="1.0" lang="fr" source="md">Cygnes</contenuImg>
            <contenuImg CS="1.0" lang="fr" source="md">Volutes</contenuImg>
            <contenuImg CS="1.0" lang="fr" source="md">Rubans (tissus)</contenuImg>
            <contenuImg CS="1.0" lang="fr" source="md">Ornements géométriques</contenuImg>
            <contenuImg CS="1.0" lang="fr" source="md">Fleurs stylisées (ornement)</contenuImg>
            <contenuImg CS="1.0" lang="fr" source="md">Rosettes (ornement)</contenuImg>
            <contenuImg CS="1.0" lang="fr" source="md">Décoration et ornement architecturaux -- 1800-1869</contenuImg>
            <contenuImg CS="1.0" lang="fr" source="md">Motifs décoratifs -- 1800-1869</contenuImg>
            <titraille>Manufacture Jacquemart et Bénard. Bordure. Une bande de frise centrale de cygnes se terminant en volutes alternant avec une fleur stylisée, entre un ruban suspendu à des rosettes et une frise géométrique : papier peint</titraille>
          </ill>
        </ills>
      </page>
    </pages>
  </contenus>
</analyseAlto>