<analyseAlto>
  <metad>
    <type>I</type>
    <ID>btv1b69012107</ID>
    <titre>Bordure : papier peint</titre>
    <dateEdition>1801</dateEdition>
    <auteur>inconnu</auteur>
    <lang>fre</lang>
    <source>Bibliothèque nationale de France</source>
    <sujet>Frises -- Rameaux -- Roses -- Fleurs -- Camaïeu, Peinture en -- Motifs décoratifs</sujet>
    <descr>Appartient à l’ensemble documentaire : PaPeint18 -- Papier peint</descr>
    <format>inconnu</format>
    <couverture>inconnu</couverture>
    <largeurPx>4144</largeurPx>
    <hauteurPx>2368</hauteurPx>
    <ocr>false</ocr>
    <toc>false</toc>
    <nbPage>2</nbPage>
  </metad>
  <contenus ocr="false" toc="false">
    <largeur>175</largeur>
    <hauteur>100</hauteur>
    <largeurPx>4144</largeurPx>
    <hauteurPx>2368</hauteurPx>
    <pages>
      <page ordre="1">
        <blocIll ocr="1">1</blocIll>
        <ills>
          <ill classif="CCgoogle" couleur="coul" h="2368" hash="00bdde96466209ff" n="1-1" taille="4" w="4144" x="1" y="1">
            <contenuImg CS="0.78" h="3320" lang="fr" source="google" w="3325" x="1658.4" y="236.8">textile</contenuImg>
            <contenuImg CS="0.72" h="3320" lang="fr" source="google" w="3325" x="1658.4" y="236.8">modèle motif</contenuImg>
            <contenuImg CS="0.77" h="3320" lang="fr" source="google" w="3325" x="1658.4" y="236.8">sculpture</contenuImg>
            <contenuImg CS="0.72" h="3320" lang="fr" source="google" w="3325" x="1658.4" y="236.8">modèle</contenuImg>
            <contenuImg CS="0.69" h="3320" lang="fr" source="google" w="3325" x="1658.4" y="236.8">plante</contenuImg>
            <contenuImg CS="0.62" lang="fr" source="google">soulagement</contenuImg>
            <contenuImg CS="0.59" lang="fr" source="google">tapisserie</contenuImg>
            <contenuImg CS="0.58" lang="fr" source="google">art</contenuImg>
            <contenuImg CS="1.60" coul="1" lang="fr" source="google">bronze</contenuImg>
            <contenuImg CS="1.49" coul="1" lang="fr" source="google">bois moyen</contenuImg>
            <contenuImg CS="0.53" coul="1" lang="fr" source="google">morceaux de chocolat</contenuImg>
            <contenuImg CS="0.51" coul="1" lang="fr" source="google">chocolat à pâtisser</contenuImg>
            <contenuImg CS="0.29" coul="1" lang="fr" source="google">feldspath</contenuImg>
            <contenuImg b="14" coul="1" g="42" ordre="5" r="44" source="colorific" type="frg">#2c2a0e</contenuImg>
            <contenuImg b="14" coul="1" g="28" ordre="4" r="58" source="colorific" type="frg">#3a1c0e</contenuImg>
            <contenuImg b="101" coul="1" g="161" ordre="3" r="171" source="colorific" type="frg">#aba165</contenuImg>
            <contenuImg b="60" coul="1" g="89" ordre="2" r="80" source="colorific" type="frg">#50593c</contenuImg>
            <contenuImg b="16" coul="1" g="55" ordre="1" r="81" source="colorific" type="frg">#513710</contenuImg>
            <contenuImg CS="1.0" lang="en" source="md">decorative patterns</contenuImg>
            <contenuImg CS="1.0" lang="en" source="md">camaïeu painting</contenuImg>
            <contenuImg CS="1.0" lang="en" source="md">flowers</contenuImg>
            <contenuImg CS="1.0" lang="en" source="md">roses (flowers)</contenuImg>
            <contenuImg CS="1.0" lang="en" source="md">palms (plants)</contenuImg>
            <contenuImg CS="1.0" lang="en" source="md">curly</contenuImg>
            <contenuImg CS="0.29" coul="1" lang="en" source="google">feldspar</contenuImg>
            <contenuImg CS="0.51" coul="1" lang="en" source="google">bakerschocolate</contenuImg>
            <contenuImg CS="0.53" coul="1" lang="en" source="google">semisweetchocolate</contenuImg>
            <contenuImg CS="1.49" coul="1" lang="en" source="google">mediumwood</contenuImg>
            <contenuImg CS="1.60" coul="1" lang="en" source="google">bronze</contenuImg>
            <contenuImg CS="0.58" lang="en" source="google">Art</contenuImg>
            <contenuImg CS="0.59" lang="en" source="google">Tapestry</contenuImg>
            <contenuImg CS="0.62" lang="en" source="google">Relief</contenuImg>
            <contenuImg CS="0.69" h="3320" lang="en" source="google" w="3325" x="1658.4" y="236.8">Plant</contenuImg>
            <contenuImg CS="0.72" h="3320" lang="en" source="google" w="3325" x="1658.4" y="236.8">Pattern</contenuImg>
            <contenuImg CS="0.77" h="3320" lang="en" source="google" w="3325" x="1658.4" y="236.8">Carving</contenuImg>
            <contenuImg CS="0.78" h="3320" lang="en" source="google" w="3325" x="1658.4" y="236.8">Textile</contenuImg>
            <tech source="final">estampe/gravure</tech>
            <fonction source="md">papier-peint</fonction>
            <fonction source="final">papier-peint</fonction>
            <tech CS="1" source="hm">estampe/gravure</tech>
            <theme CS="1" source="md">0</theme>
            <contenuImg CS="1.0" lang="fr" source="md">Frises</contenuImg>
            <contenuImg CS="1.0" lang="fr" source="md">Rameaux</contenuImg>
            <contenuImg CS="1.0" lang="fr" source="md">Roses</contenuImg>
            <contenuImg CS="1.0" lang="fr" source="md">Fleurs</contenuImg>
            <contenuImg CS="1.0" lang="fr" source="md">Peinture en camaïeu</contenuImg>
            <contenuImg CS="1.0" lang="fr" source="md">Motifs décoratifs</contenuImg>
            <titraille>Bordure : papier peint</titraille>
          </ill>
        </ills>
      </page>
      <page ordre="2">
        <blocIll ocr="1">1</blocIll>
        <ills>
          <ill classif="CCgoogle" couleur="coul" h="2416" hash="ff79bd280200137f" n="2-1" taille="4" w="3840" x="1" y="1">
            <contenuImg CS="0.66" lang="fr" source="google">textile</contenuImg>
            <contenuImg CS="0.82" h="3320" lang="fr" source="google" w="3325" x="1438" y="241.6">botanique</contenuImg>
            <contenuImg CS="0.82" h="3320" lang="fr" source="google" w="3325" x="1438" y="241.6">lilas (plante)</contenuImg>
            <contenuImg CS="0.51" lang="fr" source="google">art floral</contenuImg>
            <contenuImg CS="0.72" lang="fr" source="google">modèle motif</contenuImg>
            <contenuImg CS="0.77" h="3320" lang="fr" source="google" w="3325" x="1438" y="241.6">plante</contenuImg>
            <contenuImg CS="0.76" h="3320" lang="fr" source="google" w="3325" x="1438" y="241.6">fleur</contenuImg>
            <contenuImg CS="0.76" lang="fr" source="google">feuille</contenuImg>
            <contenuImg CS="0.72" lang="fr" source="google">modèle</contenuImg>
            <contenuImg CS="0.58" lang="fr" source="google">rectangle</contenuImg>
            <contenuImg CS="0.97" coul="1" lang="fr" source="google">vieux rose</contenuImg>
            <contenuImg CS="0.85" coul="1" lang="fr" source="google">bois foncé</contenuImg>
            <contenuImg CS="0.06" coul="1" lang="fr" source="google">saumon</contenuImg>
            <contenuImg CS="0.74" coul="1" lang="fr" source="google">rose</contenuImg>
            <contenuImg CS="0.62" coul="1" lang="fr" source="google">chocolat à pâtisser</contenuImg>
            <contenuImg CS="0.61" coul="1" lang="fr" source="google">argent</contenuImg>
            <contenuImg b="124" coul="1" g="120" r="151" source="colorific" type="bkg">#97787c</contenuImg>
            <contenuImg b="169" coul="1" g="187" ordre="5" r="211" source="colorific" type="frg">#d3bba9</contenuImg>
            <contenuImg b="68" coul="1" g="93" ordre="4" r="118" source="colorific" type="frg">#765d44</contenuImg>
            <contenuImg b="60" coul="1" g="113" ordre="3" r="134" source="colorific" type="frg">#86713c</contenuImg>
            <contenuImg b="39" coul="1" g="40" ordre="2" r="78" source="colorific" type="frg">#4e2827</contenuImg>
            <contenuImg b="139" coul="1" g="203" ordre="1" r="213" source="colorific" type="frg">#d5cb8b</contenuImg>
            <contenuImg CS="1.0" lang="en" source="md">decorative patterns</contenuImg>
            <contenuImg CS="1.0" lang="en" source="md">camaïeu painting</contenuImg>
            <contenuImg CS="1.0" lang="en" source="md">flowers</contenuImg>
            <contenuImg CS="1.0" lang="en" source="md">roses (flowers)</contenuImg>
            <contenuImg CS="1.0" lang="en" source="md">palms (plants)</contenuImg>
            <contenuImg CS="1.0" lang="en" source="md">curly</contenuImg>
            <contenuImg CS="0.61" coul="1" lang="en" source="google">silver</contenuImg>
            <contenuImg CS="0.62" coul="1" lang="en" source="google">bakerschocolate</contenuImg>
            <contenuImg CS="0.74" coul="1" lang="en" source="google">pink</contenuImg>
            <contenuImg CS="0.06" coul="1" lang="en" source="google">salmon</contenuImg>
            <contenuImg CS="0.85" coul="1" lang="en" source="google">darkwood</contenuImg>
            <contenuImg CS="0.97" coul="1" lang="en" source="google">dustyrose</contenuImg>
            <contenuImg CS="0.51" lang="en" source="google">Floral design</contenuImg>
            <contenuImg CS="0.58" lang="en" source="google">Rectangle</contenuImg>
            <contenuImg CS="0.66" lang="en" source="google">Textile</contenuImg>
            <contenuImg CS="0.72" lang="en" source="google">Pattern</contenuImg>
            <contenuImg CS="0.76" lang="en" source="google">Leaf</contenuImg>
            <contenuImg CS="0.76" h="3320" lang="en" source="google" w="3325" x="1438" y="241.6">Flower</contenuImg>
            <contenuImg CS="0.77" h="3320" lang="en" source="google" w="3325" x="1438" y="241.6">Plant</contenuImg>
            <contenuImg CS="0.82" h="3320" lang="en" source="google" w="3325" x="1438" y="241.6">Lilac</contenuImg>
            <contenuImg CS="0.82" h="3320" lang="en" source="google" w="3325" x="1438" y="241.6">Botany</contenuImg>
            <tech source="final">estampe/gravure</tech>
            <fonction source="md">papier-peint</fonction>
            <fonction source="final">papier-peint</fonction>
            <tech CS="1" source="hm">estampe/gravure</tech>
            <theme CS="1" source="md">0</theme>
            <contenuImg CS="1.0" lang="fr" source="md">Frises</contenuImg>
            <contenuImg CS="1.0" lang="fr" source="md">Rameaux</contenuImg>
            <contenuImg CS="1.0" lang="fr" source="md">Roses</contenuImg>
            <contenuImg CS="1.0" lang="fr" source="md">Fleurs</contenuImg>
            <contenuImg CS="1.0" lang="fr" source="md">Peinture en camaïeu</contenuImg>
            <contenuImg CS="1.0" lang="fr" source="md">Motifs décoratifs</contenuImg>
            <titraille>Bordure : papier peint</titraille>
          </ill>
        </ills>
      </page>
    </pages>
  </contenus>
</analyseAlto>