<analyseAlto>
  <metad>
    <type>I</type>
    <ID>btv1b6901207r</ID>
    <titre>Papier à motif répétitif : papier peint</titre>
    <dateEdition>1801</dateEdition>
    <auteur>inconnu</auteur>
    <lang>fre</lang>
    <source>Bibliothèque nationale de France, département Estampes et photographie, Lz-313 (55)-Tableau</source>
    <sujet>Amour (divinité) -- Vénus (divinité romaine) -- Animaux -- Oiseaux -- Geais -- Mouton -- Personnages -- Dans l_art -- Pervenches -- Roses -- Branchages -- Cartouches (ornement) -- Camaïeu, Peinture en -- Fleurs (ornement) -- Bleuet -- Scènes de genre -- Motifs décoratifs</sujet>
    <descr>Appartient à l’ensemble documentaire : PaPeint18 -- Papier peint</descr>
    <format>inconnu</format>
    <couverture>inconnu</couverture>
    <largeurPx>7080</largeurPx>
    <hauteurPx>14584</hauteurPx>
    <ocr>false</ocr>
    <toc>false</toc>
    <caption>false</caption>
    <nbPage>1</nbPage>
  </metad>
  <contenus ocr="false" toc="false">
    <largeur>299</largeur>
    <hauteur>617</hauteur>
    <largeurPx>7080</largeurPx>
    <hauteurPx>14584</hauteurPx>
    <pages>
      <page ordre="1">
        <blocIll ocr="1">1</blocIll>
        <ills>
          <ill classif="CCgoogle" couleur="coul" h="14584" hash="81e3e980ffe780c3" n="1-1" taille="47" w="7080" x="1" y="1">
            <contenuImg CS="0.66" h="1163" lang="fr" source="google" w="2061" x="717" y="4236.4">textile</contenuImg>
            <contenuImg CS="0.79" h="1163" lang="fr" source="google" w="2061" x="717" y="4236.4">botanique</contenuImg>
            <contenuImg CS="0.56" lang="fr" source="google">modèle motif</contenuImg>
            <contenuImg CS="0.85" h="1163" lang="fr" source="google" w="2061" x="717" y="4236.4">branche</contenuImg>
            <contenuImg CS="0.69" h="1163" lang="fr" source="google" w="2061" x="717" y="4236.4">arbre</contenuImg>
            <contenuImg CS="0.65" lang="fr" source="google">plante</contenuImg>
            <contenuImg CS="0.63" lang="fr" source="google">art</contenuImg>
            <contenuImg CS="0.56" lang="fr" source="google">modèle</contenuImg>
            <contenuImg CS="0.55" lang="fr" source="google">illustration</contenuImg>
            <contenuImg CS="0.53" lang="fr" source="google">peinture</contenuImg>
            <contenuImg CS="0.82" coul="1" lang="fr" source="google">vert cuivre foncé</contenuImg>
            <contenuImg CS="0.47" coul="1" lang="fr" source="google">argent</contenuImg>
            <contenuImg CS="0.33" coul="1" lang="fr" source="google">noir</contenuImg>
            <contenuImg CS="0.29" coul="1" lang="fr" source="google">vert foncé</contenuImg>
            <contenuImg b="191" coul="1" g="183" r="154" source="colorific" type="bkg">#9ab7bf</contenuImg>
            <contenuImg b="33" coul="1" g="45" ordre="6" r="49" source="colorific" type="frg">#312d21</contenuImg>
            <contenuImg b="98" coul="1" g="93" ordre="5" r="125" source="colorific" type="frg">#7d5d62</contenuImg>
            <contenuImg b="96" coul="1" g="115" ordre="4" r="124" source="colorific" type="frg">#7c7360</contenuImg>
            <contenuImg b="21" coul="1" g="30" ordre="3" r="20" source="colorific" type="frg">#141e15</contenuImg>
            <contenuImg b="108" coul="1" g="113" ordre="2" r="83" source="colorific" type="frg">#53716c</contenuImg>
            <contenuImg b="63" coul="1" g="67" ordre="1" r="38" source="colorific" type="frg">#26433f</contenuImg>
            <contenuImg CS="1.0" lang="en" source="md">decorative patterns</contenuImg>
            <contenuImg CS="1.0" lang="en" source="md">genre scenes</contenuImg>
            <contenuImg CS="1.0" lang="en" source="md">cornflower (flowers)</contenuImg>
            <contenuImg CS="1.0" lang="en" source="md">flowers (ornament)</contenuImg>
            <contenuImg CS="1.0" lang="en" source="md">camaïeu painting</contenuImg>
            <contenuImg CS="1.0" lang="en" source="md">cartridges (ornament)</contenuImg>
            <contenuImg CS="1.0" lang="en" source="md">boughs</contenuImg>
            <contenuImg CS="1.0" lang="en" source="md">roses (flowers)</contenuImg>
            <contenuImg CS="1.0" lang="en" source="md">periwinkles (birds)</contenuImg>
            <contenuImg CS="1.0" lang="en" source="md">characters - in art</contenuImg>
            <contenuImg CS="1.0" lang="en" source="md">sheep</contenuImg>
            <contenuImg CS="1.0" lang="en" source="md">jays (birds)</contenuImg>
            <contenuImg CS="1.0" lang="en" source="md">birds</contenuImg>
            <contenuImg CS="1.0" lang="en" source="md">animals</contenuImg>
            <contenuImg CS="1.0" lang="en" source="md">Venus (Roman deity)</contenuImg>
            <contenuImg CS="1.0" lang="en" source="md">Love (divinity)</contenuImg>
            <contenuImg CS="0.29" coul="1" lang="en" source="google">darkgreen</contenuImg>
            <contenuImg CS="0.33" coul="1" lang="en" source="google">black</contenuImg>
            <contenuImg CS="0.42" coul="1" lang="en" source="google">black</contenuImg>
            <contenuImg CS="0.47" coul="1" lang="en" source="google">silver</contenuImg>
            <contenuImg CS="0.82" coul="1" lang="en" source="google">darkgreencopper</contenuImg>
            <contenuImg CS="0.69" coul="1" lang="en" source="google">silver</contenuImg>
            <contenuImg CS="0.83" coul="1" lang="en" source="google">darkgreen</contenuImg>
            <contenuImg CS="0.53" lang="en" source="google">Painting</contenuImg>
            <contenuImg CS="0.55" lang="en" source="google">Illustration</contenuImg>
            <contenuImg CS="0.56" lang="en" source="google">Pattern</contenuImg>
            <contenuImg CS="0.63" lang="en" source="google">Art</contenuImg>
            <contenuImg CS="0.65" lang="en" source="google">Plant</contenuImg>
            <contenuImg CS="0.66" h="1163" lang="en" source="google" w="2061" x="717" y="4236.4">Textile</contenuImg>
            <contenuImg CS="0.69" h="1163" lang="en" source="google" w="2061" x="717" y="4236.4">Tree</contenuImg>
            <contenuImg CS="0.79" h="1163" lang="en" source="google" w="2061" x="717" y="4236.4">Botany</contenuImg>
            <contenuImg CS="0.85" h="1163" lang="en" source="google" w="2061" x="717" y="4236.4">Branch</contenuImg>
            <tech source="final">estampe/gravure</tech>
            <fonction source="md">papier-peint</fonction>
            <fonction source="final">papier-peint</fonction>
            <tech CS="1" source="hm">estampe/gravure</tech>
            <theme CS="1" source="md">0</theme>
            <contenuImg CS="1.0" lang="fr" source="md">Amour (divinité)</contenuImg>
            <contenuImg CS="1.0" lang="fr" source="md">Vénus (divinité romaine)</contenuImg>
            <contenuImg CS="1.0" lang="fr" source="md">Animaux</contenuImg>
            <contenuImg CS="1.0" lang="fr" source="md">Oiseaux</contenuImg>
            <contenuImg CS="1.0" lang="fr" source="md">Geais</contenuImg>
            <contenuImg CS="1.0" lang="fr" source="md">Mouton</contenuImg>
            <contenuImg CS="1.0" lang="fr" source="md">Personnages -- Dans l'art</contenuImg>
            <contenuImg CS="1.0" lang="fr" source="md">Pervenches</contenuImg>
            <contenuImg CS="1.0" lang="fr" source="md">Roses</contenuImg>
            <contenuImg CS="1.0" lang="fr" source="md">Branchages</contenuImg>
            <contenuImg CS="1.0" lang="fr" source="md">Cartouches (ornement)</contenuImg>
            <contenuImg CS="1.0" lang="fr" source="md">Peinture en camaïeu</contenuImg>
            <contenuImg CS="1.0" lang="fr" source="md">Fleurs (ornement)</contenuImg>
            <contenuImg CS="1.0" coul="1" lang="fr" source="md">Bleuet</contenuImg>
            <contenuImg CS="1.0" lang="fr" source="md">Scènes de genre</contenuImg>
            <contenuImg CS="1.0" lang="fr" source="md">Motifs décoratifs</contenuImg>
            <titraille>Papier à motif répétitif : papier peint</titraille>
          </ill>
        </ills>
      </page>
    </pages>
  </contenus>
</analyseAlto>