<analyseAlto>
  <metad>
    <type>I</type>
    <ID>btv1b6901135q</ID>
    <titre>Bordure : papier peint</titre>
    <dateEdition>1800</dateEdition>
    <auteur>inconnu</auteur>
    <lang>fre</lang>
    <source>Bibliothèque nationale de France</source>
    <sujet>Frises -- Masques -- Corniches -- Camaïeu, Peinture en -- Dentelures (ornement) -- Trompe-l_oeil (ornement) -- Arceaux -- Végétaux stylisés -- Motifs décoratifs</sujet>
    <descr>Appartient à l’ensemble documentaire : PaPeint18 -- Papier peint</descr>
    <format>inconnu</format>
    <couverture>inconnu</couverture>
    <largeurPx>4176</largeurPx>
    <hauteurPx>3320</hauteurPx>
    <ocr>false</ocr>
    <toc>false</toc>
    <nbPage>1</nbPage>
  </metad>
  <contenus ocr="false" toc="false">
    <largeur>176</largeur>
    <hauteur>140</hauteur>
    <largeurPx>4176</largeurPx>
    <hauteurPx>3320</hauteurPx>
    <pages>
      <page ordre="1">
        <blocIll ocr="1">1</blocIll>
        <ills>
          <ill classif="CCgoogle" couleur="coul" h="3320" hash="ffff00ff06060702" n="1-1" taille="6" w="4176" x="1" y="1">
            <contenuImg CS="0.55" lang="fr" source="google">moulage</contenuImg>
            <contenuImg CS="0.10" coul="1" lang="fr" source="google">marron très foncé</contenuImg>
            <contenuImg CS="0.91" h="3320" lang="fr" source="google" w="1862" x="2298.6" y="332">soulagement</contenuImg>
            <contenuImg CS="0.90" h="3320" lang="fr" source="google" w="1862" x="2298.6" y="332">sculpture sur pierre</contenuImg>
            <contenuImg CS="0.81" h="3320" lang="fr" source="google" w="1862" x="2298.6" y="332">façade</contenuImg>
            <contenuImg CS="0.77" lang="fr" source="google">art</contenuImg>
            <contenuImg CS="0.73" lang="fr" source="google">architecture</contenuImg>
            <contenuImg CS="0.70" lang="fr" source="google">sculpture</contenuImg>
            <contenuImg CS="0.55" lang="fr" source="google">arts visuels</contenuImg>
            <contenuImg CS="0.55" lang="fr" source="google">architecture classique</contenuImg>
            <contenuImg CS="2.06" coul="1" lang="fr" source="google">rose</contenuImg>
            <contenuImg CS="0.66" coul="1" lang="fr" source="google">chocolat à pâtisser</contenuImg>
            <contenuImg CS="0.60" coul="1" lang="fr" source="google">vert foncé</contenuImg>
            <contenuImg CS="0.50" coul="1" lang="fr" source="google">bois clair</contenuImg>
            <contenuImg CS="0.29" coul="1" lang="fr" source="google">gris foncé</contenuImg>
            <contenuImg CS="0.25" coul="1" lang="fr" source="google">noir</contenuImg>
            <contenuImg CS="0.24" coul="1" lang="fr" source="google">argent</contenuImg>
            <contenuImg CS="0.23" coul="1" lang="fr" source="google">vert cuivre</contenuImg>
            <contenuImg CS="0.10" coul="1" lang="fr" source="google">verydarkbrown</contenuImg>
            <contenuImg b="121" coul="1" g="131" r="138" source="colorific" type="bkg">#8a8379</contenuImg>
            <contenuImg b="0" coul="1" g="0" ordre="3" r="0" source="colorific" type="frg">#000000</contenuImg>
            <contenuImg b="26" coul="1" g="31" ordre="2" r="40" source="colorific" type="frg">#281f1a</contenuImg>
            <contenuImg b="50" coul="1" g="58" ordre="1" r="67" source="colorific" type="frg">#433a32</contenuImg>
            <contenuImg CS="1.0" lang="en" source="md">decorative patterns</contenuImg>
            <contenuImg CS="1.0" lang="en" source="md">stylized plants</contenuImg>
            <contenuImg CS="1.0" lang="en" source="md">hoops</contenuImg>
            <contenuImg CS="1.0" lang="en" source="md">trompe-l'oeil (ornament)</contenuImg>
            <contenuImg CS="1.0" lang="en" source="md">dentures (ornament)</contenuImg>
            <contenuImg CS="1.0" lang="en" source="md">camaïeu painting</contenuImg>
            <contenuImg CS="1.0" lang="en" source="md">cornices</contenuImg>
            <contenuImg CS="1.0" lang="en" source="md">masks</contenuImg>
            <contenuImg CS="1.0" lang="en" source="md">curly</contenuImg>
            <contenuImg CS="0.10" coul="1" lang="en" source="google">verydarkbrown</contenuImg>
            <contenuImg CS="0.23" coul="1" lang="en" source="google">greencopper</contenuImg>
            <contenuImg CS="0.24" coul="1" lang="en" source="google">silver</contenuImg>
            <contenuImg CS="0.25" coul="1" lang="en" source="google">black</contenuImg>
            <contenuImg CS="0.29" coul="1" lang="en" source="google">dimgrey</contenuImg>
            <contenuImg CS="0.50" coul="1" lang="en" source="google">lightwood</contenuImg>
            <contenuImg CS="0.60" coul="1" lang="en" source="google">darkgreen</contenuImg>
            <contenuImg CS="0.66" coul="1" lang="en" source="google">bakerschocolate</contenuImg>
            <contenuImg CS="2.06" coul="1" lang="en" source="google">pink</contenuImg>
            <contenuImg CS="0.55" lang="en" source="google">Molding</contenuImg>
            <contenuImg CS="0.55" lang="en" source="google">Classical architecture</contenuImg>
            <contenuImg CS="0.55" lang="en" source="google">Visual arts</contenuImg>
            <contenuImg CS="0.70" lang="en" source="google">Sculpture</contenuImg>
            <contenuImg CS="0.73" lang="en" source="google">Architecture</contenuImg>
            <contenuImg CS="0.77" lang="en" source="google">Art</contenuImg>
            <contenuImg CS="0.81" h="3320" lang="en" source="google" w="1862" x="2298.6" y="332">Facade</contenuImg>
            <contenuImg CS="0.89" h="3320" lang="en" source="google" w="1862" x="2298.6" y="332">Carving</contenuImg>
            <contenuImg CS="0.90" h="3320" lang="en" source="google" w="1862" x="2298.6" y="332">Stone carving</contenuImg>
            <contenuImg CS="0.91" h="3320" lang="en" source="google" w="1862" x="2298.6" y="332">Relief</contenuImg>
            <tech source="final">estampe/gravure</tech>
            <fonction source="md">papier-peint</fonction>
            <fonction source="final">papier-peint</fonction>
            <tech CS="1" source="hm">estampe/gravure</tech>
            <theme CS="1" source="md">0</theme>
            <contenuImg CS="1.0" lang="fr" source="md">Frises</contenuImg>
            <contenuImg CS="1.0" lang="fr" source="md">Masques</contenuImg>
            <contenuImg CS="1.0" lang="fr" source="md">Corniches</contenuImg>
            <contenuImg CS="1.0" lang="fr" source="md">Peinture en camaïeu</contenuImg>
            <contenuImg CS="1.0" lang="fr" source="md">Dentelures (ornement)</contenuImg>
            <contenuImg CS="1.0" lang="fr" source="md">Trompe-l'oeil (ornement)</contenuImg>
            <contenuImg CS="1.0" lang="fr" source="md">Arceaux</contenuImg>
            <contenuImg CS="1.0" lang="fr" source="md">Végétaux stylisés</contenuImg>
            <contenuImg CS="1.0" lang="fr" source="md">Motifs décoratifs</contenuImg>
            <titraille>Bordure : papier peint</titraille>
          </ill>
        </ills>
      </page>
    </pages>
  </contenus>
</analyseAlto>