<analyseAlto>
  <metad>
    <type>I</type>
    <ID>btv1b69011186</ID>
    <titre>Manufacture Hartmann Risler et Cie. Dessus de porte. Coupe remplie de fleurs : papier peint</titre>
    <dateEdition>1798</dateEdition>
    <auteur>inconnu</auteur>
    <lang>fre</lang>
    <source>Bibliothèque nationale de France, département Estampes et photographie, EST LZ-312 (4)</source>
    <sujet>Marbre -- Bronzes -- Masques -- Trépieds -- Lilas -- Grenadiers (plantes) -- Tulipes -- Rose trémière -- Roses -- Matthiola -- Jasmins -- Anémones -- Pavots -- Fleurs (ornement) -- Volubilis -- Altéa -- Motifs décoratifs -- 1789-1799</sujet>
    <descr>Appartient à l’ensemble documentaire : PaPeint18 -- Papier peint</descr>
    <format>inconnu</format>
    <couverture>inconnu</couverture>
    <largeurPx>9984</largeurPx>
    <hauteurPx>9120</hauteurPx>
    <ocr>false</ocr>
    <toc>false</toc>
    <caption>false</caption>
    <nbPage>1</nbPage>
  </metad>
  <contenus ocr="false" toc="false">
    <largeur>422</largeur>
    <hauteur>386</hauteur>
    <largeurPx>9984</largeurPx>
    <hauteurPx>9120</hauteurPx>
    <pages>
      <page ordre="1">
        <blocIll ocr="1">1</blocIll>
        <ills>
          <ill classif="CCgoogle" couleur="coul" h="9120" hash="f7c381c1c3f7c380" n="1-1" taille="42" w="9984" x="1" y="1">
            <contenuImg CS="0.87" h="3899" lang="fr" source="google" w="2185" x="2066.4" y="912">pot de fleur</contenuImg>
            <contenuImg CS="0.81" lang="fr" source="google">botanique</contenuImg>
            <contenuImg CS="0.81" lang="fr" source="google">art floral</contenuImg>
            <contenuImg CS="0.74" lang="fr" source="google">bouquet</contenuImg>
            <contenuImg CS="0.89" h="3899" lang="fr" source="google" w="2185" x="2066.4" y="912">fleur</contenuImg>
            <contenuImg CS="0.88" h="3899" lang="fr" source="google" w="2185" x="2066.4" y="912">nature morte</contenuImg>
            <contenuImg CS="0.84" h="3899" lang="fr" source="google" w="2185" x="2066.4" y="912">plante</contenuImg>
            <contenuImg CS="0.83" lang="fr" source="google">peinture</contenuImg>
            <contenuImg CS="0.79" lang="fr" source="google">photographie de nature morte</contenuImg>
            <contenuImg CS="0.77" lang="fr" source="google">art</contenuImg>
            <contenuImg CS="0.26" coul="1" lang="fr" source="google">bronze</contenuImg>
            <contenuImg CS="0.23" coul="1" lang="fr" source="google">vert foncé</contenuImg>
            <contenuImg CS="0.19" coul="1" lang="fr" source="google">noir</contenuImg>
            <contenuImg CS="0.09" coul="1" lang="fr" source="google">bois moyen</contenuImg>
            <contenuImg CS="0.06" coul="1" lang="fr" source="google">rose</contenuImg>
            <contenuImg CS="0.01" coul="1" lang="fr" source="google">chocolat à pâtisser</contenuImg>
            <contenuImg CS="0.24" coul="1" lang="fr" source="google">vert olive foncé</contenuImg>
            <contenuImg b="125" coul="1" g="169" r="206" source="colorific" type="bkg">#cea97d</contenuImg>
            <contenuImg b="12" coul="1" g="41" ordre="6" r="50" source="colorific" type="frg">#32290c</contenuImg>
            <contenuImg b="53" coul="1" g="64" ordre="5" r="77" source="colorific" type="frg">#4d4035</contenuImg>
            <contenuImg b="48" coul="1" g="67" ordre="4" r="124" source="colorific" type="frg">#7c4330</contenuImg>
            <contenuImg b="136" coul="1" g="137" ordre="3" r="131" source="colorific" type="frg">#838988</contenuImg>
            <contenuImg b="38" coul="1" g="79" ordre="2" r="103" source="colorific" type="frg">#674f26</contenuImg>
            <contenuImg b="62" coul="1" g="80" ordre="1" r="48" source="colorific" type="frg">#30503e</contenuImg>
            <contenuImg CS="1.0" lang="en" source="md">decorative patterns - 1789-1799</contenuImg>
            <contenuImg CS="1.0" lang="en" source="md">altéa (plantes)</contenuImg>
            <contenuImg CS="1.0" lang="en" source="md">Volubilis (flowers)</contenuImg>
            <contenuImg CS="1.0" lang="en" source="md">flowers (ornament)</contenuImg>
            <contenuImg CS="1.0" lang="en" source="md">poppies (flowers)</contenuImg>
            <contenuImg CS="1.0" lang="en" source="md">anemones (flowers)</contenuImg>
            <contenuImg CS="1.0" lang="en" source="md">jasmines (flowers)</contenuImg>
            <contenuImg CS="1.0" lang="en" source="md">Matthiola (flowers)</contenuImg>
            <contenuImg CS="1.0" lang="en" source="md">roses (flowers)</contenuImg>
            <contenuImg CS="1.0" lang="en" source="md">hollyhock (flowers)</contenuImg>
            <contenuImg CS="1.0" lang="en" source="md">tulips (flowers)</contenuImg>
            <contenuImg CS="1.0" lang="en" source="md">pomegranate tree</contenuImg>
            <contenuImg CS="1.0" lang="en" source="md">lilac (plants)</contenuImg>
            <contenuImg CS="1.0" lang="en" source="md">tripods</contenuImg>
            <contenuImg CS="1.0" lang="en" source="md">masks</contenuImg>
            <contenuImg CS="1.0" lang="en" source="md">bronzes</contenuImg>
            <contenuImg CS="1.0" lang="en" source="md">marble</contenuImg>
            <contenuImg CS="0.24" coul="1" lang="en" source="google">darkolivegreen</contenuImg>
            <contenuImg CS="0.01" coul="1" lang="en" source="google">bakerschocolate</contenuImg>
            <contenuImg CS="0.06" coul="1" lang="en" source="google">pink</contenuImg>
            <contenuImg CS="0.09" coul="1" lang="en" source="google">mediumwood</contenuImg>
            <contenuImg CS="0.19" coul="1" lang="en" source="google">black</contenuImg>
            <contenuImg CS="0.23" coul="1" lang="en" source="google">darkgreen</contenuImg>
            <contenuImg CS="0.26" coul="1" lang="en" source="google">bronze</contenuImg>
            <contenuImg CS="0.74" lang="en" source="google">Bouquet</contenuImg>
            <contenuImg CS="0.77" lang="en" source="google">Art</contenuImg>
            <contenuImg CS="0.79" lang="en" source="google">Still life photography</contenuImg>
            <contenuImg CS="0.81" lang="en" source="google">Floral design</contenuImg>
            <contenuImg CS="0.81" lang="en" source="google">Botany</contenuImg>
            <contenuImg CS="0.83" lang="en" source="google">Painting</contenuImg>
            <contenuImg CS="0.84" h="3899" lang="en" source="google" w="2185" x="2066.4" y="912">Plant</contenuImg>
            <contenuImg CS="0.87" h="3899" lang="en" source="google" w="2185" x="2066.4" y="912">Flowerpot</contenuImg>
            <contenuImg CS="0.88" h="3899" lang="en" source="google" w="2185" x="2066.4" y="912">Still life</contenuImg>
            <contenuImg CS="0.89" h="3899" lang="en" source="google" w="2185" x="2066.4" y="912">Flower</contenuImg>
            <tech source="final">estampe/gravure</tech>
            <fonction source="md">papier-peint</fonction>
            <fonction source="final">papier-peint</fonction>
            <tech CS="1" source="hm">estampe/gravure</tech>
            <theme CS="1" source="md">0</theme>
            <contenuImg CS="1.0" lang="fr" source="md">Marbre</contenuImg>
            <contenuImg CS="1.0" lang="fr" source="md">Bronzes</contenuImg>
            <contenuImg CS="1.0" lang="fr" source="md">Masques</contenuImg>
            <contenuImg CS="1.0" lang="fr" source="md">Trépieds</contenuImg>
            <contenuImg CS="1.0" lang="fr" source="md">Lilas</contenuImg>
            <contenuImg CS="1.0" lang="fr" source="md">Grenadiers (plantes)</contenuImg>
            <contenuImg CS="1.0" lang="fr" source="md">Tulipes</contenuImg>
            <contenuImg CS="1.0" lang="fr" source="md">Rose trémière</contenuImg>
            <contenuImg CS="1.0" lang="fr" source="md">Roses</contenuImg>
            <contenuImg CS="1.0" lang="fr" source="md">Matthiola</contenuImg>
            <contenuImg CS="1.0" lang="fr" source="md">Jasmins</contenuImg>
            <contenuImg CS="1.0" lang="fr" source="md">Anémones</contenuImg>
            <contenuImg CS="1.0" lang="fr" source="md">Pavots</contenuImg>
            <contenuImg CS="1.0" lang="fr" source="md">Fleurs (ornement)</contenuImg>
            <contenuImg CS="1.0" lang="fr" source="md">Volubilis</contenuImg>
            <contenuImg CS="1.0" lang="fr" source="md">Altéa</contenuImg>
            <contenuImg CS="1.0" lang="fr" source="md">Motifs décoratifs -- 1789-1799</contenuImg>
            <titraille>Manufacture Hartmann Risler et Cie. Dessus de porte. Coupe remplie de fleurs : papier peint</titraille>
          </ill>
        </ills>
      </page>
    </pages>
  </contenus>
</analyseAlto>