<analyseAlto>
  <metad>
    <type>I</type>
    <ID>btv1b6901572c</ID>
    <titre>Papier à motif répétitif : papier peint</titre>
    <dateEdition>1799</dateEdition>
    <auteur>inconnu</auteur>
    <lang>fre</lang>
    <source>Bibliothèque nationale de France, département Estampes et photographie, EST LI-19</source>
    <sujet>Rayures (ornements) -- Putti -- Bulles de savon -- Sièges (meubles) -- Femmes -- Camaïeu, Peinture en -- Figures à l_antique -- Motifs décoratifs</sujet>
    <descr>Appartient à l’ensemble documentaire : PaPeint18 -- Papier peint</descr>
    <format>inconnu</format>
    <couverture>inconnu</couverture>
    <largeurPx>3304</largeurPx>
    <hauteurPx>7040</hauteurPx>
    <ocr>false</ocr>
    <toc>false</toc>
    <caption>false</caption>
    <nbPage>1</nbPage>
  </metad>
  <contenus ocr="false" toc="false">
    <largeur>139</largeur>
    <hauteur>298</hauteur>
    <largeurPx>3304</largeurPx>
    <hauteurPx>7040</hauteurPx>
    <pages>
      <page ordre="1">
        <blocIll ocr="1">1</blocIll>
        <ills>
          <ill classif="CCgoogle" couleur="coul" h="7040" hash="ef010983efc303e7" n="1-1" taille="10" w="3304" x="1" y="1">
            <contenuImg CS="0.58" h="1776" lang="fr" source="google" w="3139" x="330.4" y="1763">art</contenuImg>
            <contenuImg CS="0.51" h="1776" lang="fr" source="google" w="3139" x="330.4" y="1763">style</contenuImg>
            <contenuImg CS="0.50" h="1776" lang="fr" source="google" w="3139" x="330.4" y="1763">illustration</contenuImg>
            <contenuImg CS="1.02" coul="1" lang="fr" source="google">bleu nuit</contenuImg>
            <contenuImg CS="0.57" coul="1" lang="fr" source="google">noir</contenuImg>
            <contenuImg CS="0.21" coul="1" lang="fr" source="google">gris</contenuImg>
            <contenuImg CS="0.09" coul="1" lang="fr" source="google">vert pâle</contenuImg>
            <contenuImg CS="0.09" coul="1" lang="fr" source="google">gris foncé</contenuImg>
            <contenuImg b="196" coul="1" g="181" r="162" source="colorific" type="bkg">#a2b5c4</contenuImg>
            <contenuImg b="49" coul="1" g="43" ordre="4" r="44" source="colorific" type="frg">#2c2b31</contenuImg>
            <contenuImg b="0" coul="1" g="0" ordre="3" r="0" source="colorific" type="frg">#000000</contenuImg>
            <contenuImg b="87" coul="1" g="83" ordre="2" r="83" source="colorific" type="frg">#535357</contenuImg>
            <contenuImg b="136" coul="1" g="137" ordre="1" r="147" source="colorific" type="frg">#938988</contenuImg>
            <contenuImg CS="1.0" lang="en" source="md">decorative patterns</contenuImg>
            <contenuImg CS="1.0" lang="en" source="md">figures in the antique</contenuImg>
            <contenuImg CS="1.0" lang="en" source="md">camaïeu painting</contenuImg>
            <contenuImg CS="1.0" lang="en" source="md">women</contenuImg>
            <contenuImg CS="1.0" lang="en" source="md">seats (furniture)</contenuImg>
            <contenuImg CS="1.0" lang="en" source="md">soap bubbles</contenuImg>
            <contenuImg CS="1.0" lang="en" source="md">putti</contenuImg>
            <contenuImg CS="1.0" lang="en" source="md">stripes (ornaments)</contenuImg>
            <contenuImg CS="0.09" coul="1" lang="en" source="google">darkgray</contenuImg>
            <contenuImg CS="0.09" coul="1" lang="en" source="google">palegreen</contenuImg>
            <contenuImg CS="0.21" coul="1" lang="en" source="google">grey</contenuImg>
            <contenuImg CS="0.57" coul="1" lang="en" source="google">black</contenuImg>
            <contenuImg CS="0.78" coul="1" lang="en" source="google">darkgray</contenuImg>
            <contenuImg CS="1.02" coul="1" lang="en" source="google">midnightblue</contenuImg>
            <contenuImg CS="0.82" coul="1" lang="en" source="google">palegreen</contenuImg>
            <contenuImg CS="1.13" coul="1" lang="en" source="google">grey</contenuImg>
            <contenuImg CS="0.50" h="1776" lang="en" source="google" w="3139" x="330.4" y="1763">Illustration</contenuImg>
            <contenuImg CS="0.51" h="1776" lang="en" source="google" w="3139" x="330.4" y="1763">Style</contenuImg>
            <contenuImg CS="0.58" h="1776" lang="en" source="google" w="3139" x="330.4" y="1763">Art</contenuImg>
            <tech source="final">estampe/gravure</tech>
            <fonction source="md">papier-peint</fonction>
            <fonction source="final">papier-peint</fonction>
            <tech CS="1" source="hm">estampe/gravure</tech>
            <theme CS="1" source="md">0</theme>
            <contenuImg CS="1.0" lang="fr" source="md">Rayures (ornements)</contenuImg>
            <contenuImg CS="1.0" lang="fr" source="md">Putti</contenuImg>
            <contenuImg CS="1.0" lang="fr" source="md">Bulles de savon</contenuImg>
            <contenuImg CS="1.0" lang="fr" source="md">Sièges (meubles)</contenuImg>
            <contenuImg CS="1.0" lang="fr" source="md">Femmes</contenuImg>
            <contenuImg CS="1.0" lang="fr" source="md">Peinture en camaïeu</contenuImg>
            <contenuImg CS="1.0" lang="fr" source="md">Figures à l'antique</contenuImg>
            <contenuImg CS="1.0" lang="fr" source="md">Motifs décoratifs</contenuImg>
            <titraille>Papier à motif répétitif : papier peint</titraille>
          </ill>
        </ills>
      </page>
    </pages>
  </contenus>
</analyseAlto>