<analyseAlto>
  <metad>
    <type>I</type>
    <ID>btv1b6900623x</ID>
    <titre>Manufacture Jacquemart et Bénard. Bordure. Une bande de frise d_ornements d'architecture : palmettes inscrites dans des rinceaux : papier peint</titre>
    <dateEdition>1800</dateEdition>
    <auteur>inconnu</auteur>
    <lang>fre</lang>
    <source>Bibliothèque nationale de France</source>
    <sujet>Frises -- Palmettes (ornement) -- Rinceaux -- Décoration et ornement architecturaux -- Motifs décoratifs -- 1800-1869</sujet>
    <descr>Appartient à l’ensemble documentaire : PaPeint18 -- Papier peint</descr>
    <format>inconnu</format>
    <couverture>inconnu</couverture>
    <largeurPx>6176</largeurPx>
    <hauteurPx>2544</hauteurPx>
    <ocr>false</ocr>
    <toc>false</toc>
    <nbPage>1</nbPage>
  </metad>
  <contenus ocr="false" toc="false">
    <largeur>261</largeur>
    <hauteur>107</hauteur>
    <largeurPx>6176</largeurPx>
    <hauteurPx>2544</hauteurPx>
    <pages>
      <page ordre="1">
        <blocIll ocr="1">1</blocIll>
        <ills>
          <ill classif="CCgoogle" couleur="coul" h="2544" hash="ffc1c181c1c1c1bf" n="1-1" taille="7" w="6176" x="1" y="1">
            <contenuImg CS="0.72" h="3320" lang="fr" source="google" w="3325" x="3034.6" y="254.4">ornement</contenuImg>
            <contenuImg CS="0.60" h="3320" lang="fr" source="google" w="3325" x="3034.6" y="254.4">motif</contenuImg>
            <contenuImg CS="0.52" lang="fr" source="google">tampon décoratif</contenuImg>
            <contenuImg CS="0.68" h="3320" lang="fr" source="google" w="3325" x="3034.6" y="254.4">modèle motif</contenuImg>
            <contenuImg CS="0.68" h="3320" lang="fr" source="google" w="3325" x="3034.6" y="254.4">modèle</contenuImg>
            <contenuImg CS="0.55" h="3320" lang="fr" source="google" w="3325" x="3034.6" y="254.4">arts visuels</contenuImg>
            <contenuImg CS="0.08" coul="1" lang="fr" source="google">beige pâle</contenuImg>
            <contenuImg CS="1.50" coul="1" lang="fr" source="google">brun foncé</contenuImg>
            <contenuImg CS="0.36" coul="1" lang="fr" source="google">bois foncé</contenuImg>
            <contenuImg CS="0.26" coul="1" lang="fr" source="google">feldspath</contenuImg>
            <contenuImg b="147" coul="1" g="200" r="227" source="colorific" type="bkg">#e3c893</contenuImg>
            <contenuImg b="124" coul="1" g="148" ordre="2" r="179" source="colorific" type="frg">#b3947c</contenuImg>
            <contenuImg b="103" coul="1" g="97" ordre="1" r="132" source="colorific" type="frg">#846167</contenuImg>
            <contenuImg CS="1.0" lang="en" source="md">decorative patterns - 1800-1869</contenuImg>
            <contenuImg CS="1.0" lang="en" source="md">architectural decoration and ornament</contenuImg>
            <contenuImg CS="1.0" lang="en" source="md">scrollwork</contenuImg>
            <contenuImg CS="1.0" lang="en" source="md">palmettes (ornament)</contenuImg>
            <contenuImg CS="1.0" lang="en" source="md">curly</contenuImg>
            <contenuImg CS="0.26" coul="1" lang="en" source="google">feldspar</contenuImg>
            <contenuImg CS="0.36" coul="1" lang="en" source="google">darkwood</contenuImg>
            <contenuImg CS="0.66" coul="1" lang="en" source="google">feldspar</contenuImg>
            <contenuImg CS="1.50" coul="1" lang="en" source="google">darktan</contenuImg>
            <contenuImg CS="0.08" coul="1" lang="en" source="google">newtan</contenuImg>
            <contenuImg CS="1.86" coul="1" lang="en" source="google">newtan</contenuImg>
            <contenuImg CS="0.52" lang="en" source="google">Decorative rubber stamp</contenuImg>
            <contenuImg CS="0.55" h="3320" lang="en" source="google" w="3325" x="3034.6" y="254.4">Visual arts</contenuImg>
            <contenuImg CS="0.60" h="3320" lang="en" source="google" w="3325" x="3034.6" y="254.4">Motif</contenuImg>
            <contenuImg CS="0.68" h="3320" lang="en" source="google" w="3325" x="3034.6" y="254.4">Pattern</contenuImg>
            <contenuImg CS="0.72" h="3320" lang="en" source="google" w="3325" x="3034.6" y="254.4">Ornament</contenuImg>
            <tech source="final">estampe/gravure</tech>
            <fonction source="md">papier-peint</fonction>
            <fonction source="final">papier-peint</fonction>
            <tech CS="1" source="hm">estampe/gravure</tech>
            <theme CS="1" source="md">0</theme>
            <contenuImg CS="1.0" lang="fr" source="md">Frises</contenuImg>
            <contenuImg CS="1.0" lang="fr" source="md">Palmettes (ornement)</contenuImg>
            <contenuImg CS="1.0" lang="fr" source="md">Rinceaux</contenuImg>
            <contenuImg CS="1.0" lang="fr" source="md">Décoration et ornement architecturaux</contenuImg>
            <contenuImg CS="1.0" lang="fr" source="md">Motifs décoratifs -- 1800-1869</contenuImg>
            <titraille>Manufacture Jacquemart et Bénard. Bordure. Une bande de frise d_ornements d'architecture : palmettes inscrites dans des rinceaux : papier peint</titraille>
          </ill>
        </ills>
      </page>
    </pages>
  </contenus>
</analyseAlto>