<analyseAlto>
  <metad>
    <type>I</type>
    <ID>btv1b69007913</ID>
    <titre>Manufacture Jacquemart et Bénard. Bordure. Une bande de frise principale de ligne végétale à fleurs stylisées et rang de perles : papier peint</titre>
    <dateEdition>1803</dateEdition>
    <auteur>Jacquemart et Bénard (Manufacture). Fonction indéterminée</auteur>
    <lang>fre</lang>
    <source>Bibliothèque nationale de France</source>
    <sujet>Frises -- Ornements géométriques -- Fleurs stylisées (ornement) -- Végétaux stylisés -- Rangs de perles (ornement) -- Motifs décoratifs -- 1800-1869</sujet>
    <descr>Appartient à l’ensemble documentaire : PaPeint18 -- Papier peint</descr>
    <format>inconnu</format>
    <couverture>inconnu</couverture>
    <largeurPx>5072</largeurPx>
    <hauteurPx>3464</hauteurPx>
    <ocr>false</ocr>
    <toc>false</toc>
    <nbPage>1</nbPage>
  </metad>
  <contenus ocr="false" toc="false">
    <largeur>214</largeur>
    <hauteur>146</hauteur>
    <largeurPx>5072</largeurPx>
    <hauteurPx>3464</hauteurPx>
    <pages>
      <page ordre="1">
        <blocIll ocr="1">1</blocIll>
        <ills>
          <ill classif="CCgoogle" couleur="coul" h="3464" hash="810101b7a3b1bfbf" n="1-1" taille="8" w="5072" x="1" y="1">
            <contenuImg CS="0.76" h="3320" lang="fr" source="google" w="3325" x="991.2" y="346.4">feuille</contenuImg>
            <contenuImg CS="0.59" h="3320" lang="fr" source="google" w="3325" x="991.2" y="346.4">plante</contenuImg>
            <contenuImg CS="0.50" h="3320" lang="fr" source="google" w="3325" x="991.2" y="346.4">rectangle</contenuImg>
            <contenuImg CS="0.41" coul="1" lang="fr" source="google">vert cuivre</contenuImg>
            <contenuImg CS="0.15" coul="1" lang="fr" source="google">vert cuivre foncé</contenuImg>
            <contenuImg CS="0.15" coul="1" lang="fr" source="google">beige pâle</contenuImg>
            <contenuImg CS="0.35" coul="1" lang="fr" source="google">chocolat à pâtisser</contenuImg>
            <contenuImg CS="0.28" coul="1" lang="fr" source="google">vieux rose</contenuImg>
            <contenuImg CS="0.25" coul="1" lang="fr" source="google">noir</contenuImg>
            <contenuImg b="124" coul="1" g="183" r="229" source="colorific" type="bkg">#e5b77c</contenuImg>
            <contenuImg b="116" coul="1" g="112" ordre="4" r="74" source="colorific" type="frg">#4a7074</contenuImg>
            <contenuImg b="0" coul="1" g="0" ordre="3" r="0" source="colorific" type="frg">#000000</contenuImg>
            <contenuImg b="111" coul="1" g="93" ordre="2" r="134" source="colorific" type="frg">#865d6f</contenuImg>
            <contenuImg b="30" coul="1" g="32" ordre="1" r="32" source="colorific" type="frg">#20201e</contenuImg>
            <contenuImg CS="1.0" lang="en" source="md">decorative patterns - 1800-1869</contenuImg>
            <contenuImg CS="1.0" lang="en" source="md">rows of pearls (ornament)</contenuImg>
            <contenuImg CS="1.0" lang="en" source="md">stylized plants</contenuImg>
            <contenuImg CS="1.0" lang="en" source="md">stylized flowers (ornament)</contenuImg>
            <contenuImg CS="1.0" lang="en" source="md">geometric ornaments</contenuImg>
            <contenuImg CS="1.0" lang="en" source="md">curly</contenuImg>
            <contenuImg CS="0.25" coul="1" lang="en" source="google">black</contenuImg>
            <contenuImg CS="0.28" coul="1" lang="en" source="google">dustyrose</contenuImg>
            <contenuImg CS="0.35" coul="1" lang="en" source="google">bakerschocolate</contenuImg>
            <contenuImg CS="0.56" coul="1" lang="en" source="google">black</contenuImg>
            <contenuImg CS="0.08" coul="1" lang="en" source="google">black</contenuImg>
            <contenuImg CS="0.15" coul="1" lang="en" source="google">newtan</contenuImg>
            <contenuImg CS="0.15" coul="1" lang="en" source="google">darkgreencopper</contenuImg>
            <contenuImg CS="0.41" coul="1" lang="en" source="google">greencopper</contenuImg>
            <contenuImg CS="1.19" coul="1" lang="en" source="google">black</contenuImg>
            <contenuImg CS="0.50" h="3320" lang="en" source="google" w="3325" x="991.2" y="346.4">Rectangle</contenuImg>
            <contenuImg CS="0.59" h="3320" lang="en" source="google" w="3325" x="991.2" y="346.4">Plant</contenuImg>
            <contenuImg CS="0.76" h="3320" lang="en" source="google" w="3325" x="991.2" y="346.4">Leaf</contenuImg>
            <tech source="final">estampe/gravure</tech>
            <fonction source="md">papier-peint</fonction>
            <fonction source="final">papier-peint</fonction>
            <tech CS="1" source="hm">estampe/gravure</tech>
            <theme CS="1" source="md">0</theme>
            <contenuImg CS="1.0" lang="fr" source="md">Frises</contenuImg>
            <contenuImg CS="1.0" lang="fr" source="md">Ornements géométriques</contenuImg>
            <contenuImg CS="1.0" lang="fr" source="md">Fleurs stylisées (ornement)</contenuImg>
            <contenuImg CS="1.0" lang="fr" source="md">Végétaux stylisés</contenuImg>
            <contenuImg CS="1.0" lang="fr" source="md">Rangs de perles (ornement)</contenuImg>
            <contenuImg CS="1.0" lang="fr" source="md">Motifs décoratifs -- 1800-1869</contenuImg>
            <titraille>Manufacture Jacquemart et Bénard. Bordure. Une bande de frise principale de ligne végétale à fleurs stylisées et rang de perles : papier peint</titraille>
          </ill>
        </ills>
      </page>
    </pages>
  </contenus>
</analyseAlto>