<analyseAlto>
  <metad>
    <type>I</type>
    <ID>btv1b6900712g</ID>
    <titre>Papier à motif répétitif : papier peint</titre>
    <dateEdition>1803</dateEdition>
    <auteur>Jacquemart et Bénard (Manufacture). Fonction indéterminée</auteur>
    <lang>fre</lang>
    <source>Bibliothèque nationale de France</source>
    <sujet>Feuilles de fantaisie -- Arceaux -- Rangs de perles (ornement) -- Végétaux stylisés -- Motifs décoratifs</sujet>
    <descr>Appartient à l’ensemble documentaire : PaPeint18 -- Papier peint</descr>
    <format>inconnu</format>
    <couverture>inconnu</couverture>
    <largeurPx>6656</largeurPx>
    <hauteurPx>4592</hauteurPx>
    <ocr>false</ocr>
    <toc>false</toc>
    <nbPage>1</nbPage>
  </metad>
  <contenus ocr="false" toc="false">
    <largeur>281</largeur>
    <hauteur>194</hauteur>
    <largeurPx>6656</largeurPx>
    <hauteurPx>4592</hauteurPx>
    <pages>
      <page ordre="1">
        <blocIll ocr="1">1</blocIll>
        <ills>
          <ill classif="CCgoogle" couleur="coul" h="4592" hash="ddd5ee80dcd4ea00" n="1-1" taille="14" w="6656" x="1" y="1">
            <contenuImg CS="0.20" coul="1" lang="fr" source="google">bronze</contenuImg>
            <contenuImg CS="0.72" h="2945" lang="fr" source="google" w="1648" x="3287.6" y="459.2">conception</contenuImg>
            <contenuImg CS="0.70" lang="fr" source="google">plante vasculaire</contenuImg>
            <contenuImg CS="0.58" lang="fr" source="google">poales (plantes)</contenuImg>
            <contenuImg CS="0.52" lang="fr" source="google">grain</contenuImg>
            <contenuImg CS="0.89" h="2945" lang="fr" source="google" w="1648" x="3287.6" y="459.2">modèle motif</contenuImg>
            <contenuImg CS="0.15" coul="1" lang="fr" source="google">rouge indien</contenuImg>
            <contenuImg CS="0.89" h="2945" lang="fr" source="google" w="1648" x="3287.6" y="459.2">modèle</contenuImg>
            <contenuImg CS="0.82" h="2945" lang="fr" source="google" w="1648" x="3287.6" y="459.2">graminées</contenuImg>
            <contenuImg CS="0.82" h="2945" lang="fr" source="google" w="1648" x="3287.6" y="459.2">plante</contenuImg>
            <contenuImg CS="0.72" h="2945" lang="fr" source="google" w="1648" x="3287.6" y="459.2">design</contenuImg>
            <contenuImg CS="0.70" lang="fr" source="google">fond d'écran</contenuImg>
            <contenuImg CS="0.55" coul="1" lang="fr" source="google">beige</contenuImg>
            <contenuImg CS="0.53" coul="1" lang="fr" source="google">beige pâle</contenuImg>
            <contenuImg CS="0.26" coul="1" lang="fr" source="google">feldspath</contenuImg>
            <contenuImg CS="0.15" coul="1" lang="fr" source="google">indianred</contenuImg>
            <contenuImg CS="0.08" coul="1" lang="fr" source="google">terre de sienne</contenuImg>
            <contenuImg b="143" coul="1" g="193" r="221" source="colorific" type="bkg">#ddc18f</contenuImg>
            <contenuImg b="32" coul="1" g="81" ordre="1" r="121" source="colorific" type="frg">#795120</contenuImg>
            <contenuImg CS="1.0" lang="en" source="md">decorative patterns</contenuImg>
            <contenuImg CS="1.0" lang="en" source="md">stylized plants</contenuImg>
            <contenuImg CS="1.0" lang="en" source="md">rows of pearls (ornament)</contenuImg>
            <contenuImg CS="1.0" lang="en" source="md">hoops</contenuImg>
            <contenuImg CS="1.0" lang="en" source="md">fancy leaves</contenuImg>
            <contenuImg CS="0.08" coul="1" lang="en" source="google">sienna</contenuImg>
            <contenuImg CS="0.15" coul="1" lang="en" source="google">indianred</contenuImg>
            <contenuImg CS="0.20" coul="1" lang="en" source="google">bronzeii</contenuImg>
            <contenuImg CS="0.26" coul="1" lang="en" source="google">feldspar</contenuImg>
            <contenuImg CS="0.53" coul="1" lang="en" source="google">newtan</contenuImg>
            <contenuImg CS="3.64" coul="1" lang="en" source="google">newtan</contenuImg>
            <contenuImg CS="0.52" lang="en" source="google">Food grain</contenuImg>
            <contenuImg CS="0.55" coul="1" lang="en" source="google">Beige</contenuImg>
            <contenuImg CS="0.58" lang="en" source="google">Poales</contenuImg>
            <contenuImg CS="0.70" lang="en" source="google">Vascular plant</contenuImg>
            <contenuImg CS="0.70" lang="en" source="google">Wallpaper</contenuImg>
            <contenuImg CS="0.72" h="2945" lang="en" source="google" w="1648" x="3287.6" y="459.2">Design</contenuImg>
            <contenuImg CS="0.82" h="2945" lang="en" source="google" w="1648" x="3287.6" y="459.2">Plant</contenuImg>
            <contenuImg CS="0.82" h="2945" lang="en" source="google" w="1648" x="3287.6" y="459.2">Grass family</contenuImg>
            <contenuImg CS="0.89" h="2945" lang="en" source="google" w="1648" x="3287.6" y="459.2">Pattern</contenuImg>
            <tech source="final">estampe/gravure</tech>
            <fonction source="md">papier-peint</fonction>
            <fonction source="final">papier-peint</fonction>
            <tech CS="1" source="hm">estampe/gravure</tech>
            <theme CS="1" source="md">0</theme>
            <contenuImg CS="1.0" lang="fr" source="md">Feuilles de fantaisie</contenuImg>
            <contenuImg CS="1.0" lang="fr" source="md">Arceaux</contenuImg>
            <contenuImg CS="1.0" lang="fr" source="md">Rangs de perles (ornement)</contenuImg>
            <contenuImg CS="1.0" lang="fr" source="md">Végétaux stylisés</contenuImg>
            <contenuImg CS="1.0" lang="fr" source="md">Motifs décoratifs</contenuImg>
            <titraille>Papier à motif répétitif : papier peint</titraille>
          </ill>
        </ills>
      </page>
    </pages>
  </contenus>
</analyseAlto>