<analyseAlto>
  <metad>
    <type>I</type>
    <ID>btv1b6901237w</ID>
    <titre>Bordure : papier peint</titre>
    <dateEdition>1802</dateEdition>
    <auteur>Zuber et Compagnie (Manufacture). Fonction indéterminée</auteur>
    <lang>fre</lang>
    <source>Bibliothèque nationale de France, département Estampes et photographie, EST LI-22</source>
    <sujet>Frises -- Corniches -- Oves (ornement) -- Peignes (ornement) -- Dentelures (ornement) -- Raie-de-coeur (ornement) -- Décoration et ornement architecturaux -- Motifs décoratifs</sujet>
    <descr>Appartient à l’ensemble documentaire : PaPeint18 -- Papier peint</descr>
    <format>inconnu</format>
    <couverture>inconnu</couverture>
    <largeurPx>5624</largeurPx>
    <hauteurPx>3216</hauteurPx>
    <ocr>false</ocr>
    <toc>false</toc>
    <caption>false</caption>
    <nbPage>1</nbPage>
  </metad>
  <contenus ocr="false" toc="false">
    <largeur>238</largeur>
    <hauteur>136</hauteur>
    <largeurPx>5624</largeurPx>
    <hauteurPx>3216</hauteurPx>
    <pages>
      <page ordre="1">
        <blocIll ocr="1">1</blocIll>
        <ills>
          <ill classif="CCgoogle" couleur="coul" h="3216" hash="ff0077661280ff92" n="1-1" taille="8" w="5624" x="1" y="1">
            <contenuImg CS="0.69" h="3320" lang="fr" source="google" w="1862" x="2305.4" y="321.6">police de caractère</contenuImg>
            <contenuImg CS="0.65" h="3320" lang="fr" source="google" w="1862" x="2305.4" y="321.6">architecture</contenuImg>
            <contenuImg CS="0.64" h="3320" lang="fr" source="google" w="1862" x="2305.4" y="321.6">façade</contenuImg>
            <contenuImg CS="0.51" h="3320" lang="fr" source="google" w="1862" x="2305.4" y="321.6">métal</contenuImg>
            <contenuImg CS="0.73" coul="1" lang="fr" source="google">bois moyen</contenuImg>
            <contenuImg CS="0.57" coul="1" lang="fr" source="google">chocolat à pâtisser</contenuImg>
            <contenuImg CS="0.54" coul="1" lang="fr" source="google">bronze</contenuImg>
            <contenuImg CS="0.27" coul="1" lang="fr" source="google">morceaux de chocolat</contenuImg>
            <contenuImg b="27" coul="1" g="61" r="79" source="colorific" type="bkg">#4f3d1b</contenuImg>
            <contenuImg b="48" coul="1" g="73" ordre="4" r="144" source="colorific" type="frg">#904930</contenuImg>
            <contenuImg b="14" coul="1" g="28" ordre="3" r="34" source="colorific" type="frg">#221c0e</contenuImg>
            <contenuImg b="90" coul="1" g="158" ordre="2" r="172" source="colorific" type="frg">#ac9e5a</contenuImg>
            <contenuImg b="57" coul="1" g="59" ordre="1" r="80" source="colorific" type="frg">#503b39</contenuImg>
            <contenuImg CS="1.0" lang="en" source="md">decorative patterns</contenuImg>
            <contenuImg CS="1.0" lang="en" source="md">architectural decoration and ornament</contenuImg>
            <contenuImg CS="1.0" lang="en" source="md">stripe-of-heart (ornament)</contenuImg>
            <contenuImg CS="1.0" lang="en" source="md">dentures (ornament)</contenuImg>
            <contenuImg CS="1.0" lang="en" source="md">cmbs (ornament)</contenuImg>
            <contenuImg CS="1.0" lang="en" source="md">egg-and-dart (ornament)</contenuImg>
            <contenuImg CS="1.0" lang="en" source="md">cornices</contenuImg>
            <contenuImg CS="1.0" lang="en" source="md">curly</contenuImg>
            <contenuImg CS="0.27" coul="1" lang="en" source="google">semisweetchocolate</contenuImg>
            <contenuImg CS="0.54" coul="1" lang="en" source="google">bronze</contenuImg>
            <contenuImg CS="0.57" coul="1" lang="en" source="google">bakerschocolate</contenuImg>
            <contenuImg CS="0.73" coul="1" lang="en" source="google">mediumwood</contenuImg>
            <contenuImg CS="0.27" coul="1" lang="en" source="google">semisweetchocolate</contenuImg>
            <contenuImg CS="0.63" coul="1" lang="en" source="google">bakerschocolate</contenuImg>
            <contenuImg CS="0.93" coul="1" lang="en" source="google">bronze</contenuImg>
            <contenuImg CS="0.51" h="3320" lang="en" source="google" w="1862" x="2305.4" y="321.6">Metal</contenuImg>
            <contenuImg CS="0.64" h="3320" lang="en" source="google" w="1862" x="2305.4" y="321.6">Facade</contenuImg>
            <contenuImg CS="0.65" h="3320" lang="en" source="google" w="1862" x="2305.4" y="321.6">Architecture</contenuImg>
            <contenuImg CS="0.69" h="3320" lang="en" source="google" w="1862" x="2305.4" y="321.6">Font</contenuImg>
            <tech source="final">estampe/gravure</tech>
            <fonction source="md">papier-peint</fonction>
            <fonction source="final">papier-peint</fonction>
            <tech CS="1" source="hm">estampe/gravure</tech>
            <theme CS="1" source="md">0</theme>
            <contenuImg CS="1.0" lang="fr" source="md">Frises</contenuImg>
            <contenuImg CS="1.0" lang="fr" source="md">Corniches</contenuImg>
            <contenuImg CS="1.0" lang="fr" source="md">Oves (ornement)</contenuImg>
            <contenuImg CS="1.0" lang="fr" source="md">Peignes (ornement)</contenuImg>
            <contenuImg CS="1.0" lang="fr" source="md">Dentelures (ornement)</contenuImg>
            <contenuImg CS="1.0" lang="fr" source="md">Raie-de-coeur (ornement)</contenuImg>
            <contenuImg CS="1.0" lang="fr" source="md">Décoration et ornement architecturaux</contenuImg>
            <contenuImg CS="1.0" lang="fr" source="md">Motifs décoratifs</contenuImg>
            <titraille>Bordure : papier peint</titraille>
          </ill>
        </ills>
      </page>
    </pages>
  </contenus>
</analyseAlto>