<analyseAlto>
  <metad>
    <type>I</type>
    <ID>btv1b6900159t</ID>
    <titre>Manufacture Chapillon. Papier à motif répétitif. Motif répétitif à deux chemins, en quinconce, de grands carrreaux ornés de rosaces et de végétaux de fantaisie : papier peint</titre>
    <dateEdition>1801</dateEdition>
    <auteur>inconnu</auteur>
    <lang>fre</lang>
    <source>Bibliothèque nationale de France, département Estampes et photographie, EST LI-23</source>
    <sujet>Carreaux -- Rosaces (architecture) -- Rayures (ornements) -- Végétaux de fantaisie -- Motifs en pointe-de-diamant -- Motifs décoratifs -- 1800-1869</sujet>
    <descr>Appartient à l’ensemble documentaire : PaPeint18 -- Papier peint</descr>
    <format>inconnu</format>
    <couverture>inconnu</couverture>
    <largeurPx>6600</largeurPx>
    <hauteurPx>6568</hauteurPx>
    <ocr>false</ocr>
    <toc>false</toc>
    <caption>false</caption>
    <nbPage>1</nbPage>
  </metad>
  <contenus ocr="false" toc="false">
    <largeur>279</largeur>
    <hauteur>278</hauteur>
    <largeurPx>6600</largeurPx>
    <hauteurPx>6568</hauteurPx>
    <pages>
      <page ordre="1">
        <blocIll ocr="1">1</blocIll>
        <ills>
          <ill classif="CCgoogle" couleur="coul" h="6568" hash="e699a66244a5b967" n="1-1" taille="20" w="6600" x="1" y="1">
            <contenuImg CS="0.87" h="4251" lang="fr" source="google" w="2379" x="1515" y="656.8">textile</contenuImg>
            <contenuImg CS="0.80" lang="fr" source="google">courtepointe</contenuImg>
            <contenuImg CS="0.79" lang="fr" source="google">botanique</contenuImg>
            <contenuImg CS="0.74" lang="fr" source="google">point de croix</contenuImg>
            <contenuImg CS="0.78" lang="fr" source="google">modèle motif</contenuImg>
            <contenuImg CS="0.97" h="4251" lang="fr" source="google" w="2379" x="1515" y="656.8">travaux d'aiguille</contenuImg>
            <contenuImg CS="0.93" h="4251" lang="fr" source="google" w="2379" x="1515" y="656.8">broderie</contenuImg>
            <contenuImg CS="0.78" lang="fr" source="google">point</contenuImg>
            <contenuImg CS="0.78" lang="fr" source="google">modèle</contenuImg>
            <contenuImg CS="0.73" lang="fr" source="google">symétrie</contenuImg>
            <contenuImg CS="0.54" coul="1" lang="fr" source="google">gris ardoise foncé</contenuImg>
            <contenuImg CS="0.24" coul="1" lang="fr" source="google">noir</contenuImg>
            <contenuImg CS="0.40" coul="1" lang="fr" source="google">vert pâle</contenuImg>
            <contenuImg CS="0.37" coul="1" lang="fr" source="google">bois moyen</contenuImg>
            <contenuImg CS="0.33" coul="1" lang="fr" source="google">gris foncé</contenuImg>
            <contenuImg CS="0.26" coul="1" lang="fr" source="google">vert foncé</contenuImg>
            <contenuImg b="173" coul="1" g="166" r="146" source="colorific" type="bkg">#92a6ad</contenuImg>
            <contenuImg b="66" coul="1" g="74" ordre="6" r="81" source="colorific" type="frg">#514a42</contenuImg>
            <contenuImg b="0" coul="1" g="0" ordre="5" r="0" source="colorific" type="frg">#000000</contenuImg>
            <contenuImg b="67" coul="1" g="92" ordre="4" r="165" source="colorific" type="frg">#a55c43</contenuImg>
            <contenuImg b="31" coul="1" g="38" ordre="3" r="38" source="colorific" type="frg">#26261f</contenuImg>
            <contenuImg b="115" coul="1" g="105" ordre="2" r="135" source="colorific" type="frg">#876973</contenuImg>
            <contenuImg b="86" coul="1" g="87" ordre="1" r="65" source="colorific" type="frg">#415756</contenuImg>
            <contenuImg CS="1.0" lang="en" source="md">decorative patterns - 1800-1869</contenuImg>
            <contenuImg CS="1.0" lang="en" source="md">diamond-point-shaped patterns</contenuImg>
            <contenuImg CS="1.0" lang="en" source="md">fancy plants</contenuImg>
            <contenuImg CS="1.0" lang="en" source="md">stripes (ornaments)</contenuImg>
            <contenuImg CS="1.0" lang="en" source="md">rosettes (architecture)</contenuImg>
            <contenuImg CS="1.0" lang="en" source="md">tiles</contenuImg>
            <contenuImg CS="0.26" coul="1" lang="en" source="google">darkgreen</contenuImg>
            <contenuImg CS="0.33" coul="1" lang="en" source="google">dimgrey</contenuImg>
            <contenuImg CS="0.37" coul="1" lang="en" source="google">mediumwood</contenuImg>
            <contenuImg CS="0.40" coul="1" lang="en" source="google">palegreen</contenuImg>
            <contenuImg CS="0.24" coul="1" lang="en" source="google">black</contenuImg>
            <contenuImg CS="0.38" coul="1" lang="en" source="google">darkgray</contenuImg>
            <contenuImg CS="0.53" coul="1" lang="en" source="google">darkgreen</contenuImg>
            <contenuImg CS="0.54" coul="1" lang="en" source="google">darkslategrey</contenuImg>
            <contenuImg CS="0.73" lang="en" source="google">Symmetry</contenuImg>
            <contenuImg CS="0.74" lang="en" source="google">Cross-stitch</contenuImg>
            <contenuImg CS="0.78" lang="en" source="google">Pattern</contenuImg>
            <contenuImg CS="0.78" lang="en" source="google">Stitch</contenuImg>
            <contenuImg CS="0.79" lang="en" source="google">Botany</contenuImg>
            <contenuImg CS="0.80" lang="en" source="google">Quilt</contenuImg>
            <contenuImg CS="0.87" h="4251" lang="en" source="google" w="2379" x="1515" y="656.8">Textile</contenuImg>
            <contenuImg CS="0.89" h="4251" lang="en" source="google" w="2379" x="1515" y="656.8">Pattern</contenuImg>
            <contenuImg CS="0.93" h="4251" lang="en" source="google" w="2379" x="1515" y="656.8">Embroidery</contenuImg>
            <contenuImg CS="0.97" h="4251" lang="en" source="google" w="2379" x="1515" y="656.8">Needlework</contenuImg>
            <tech source="final">estampe/gravure</tech>
            <fonction source="md">papier-peint</fonction>
            <fonction source="final">papier-peint</fonction>
            <tech CS="1" source="hm">estampe/gravure</tech>
            <theme CS="1" source="md">0</theme>
            <contenuImg CS="1.0" lang="fr" source="md">Carreaux</contenuImg>
            <contenuImg CS="1.0" lang="fr" source="md">Rosaces (architecture)</contenuImg>
            <contenuImg CS="1.0" lang="fr" source="md">Rayures (ornements)</contenuImg>
            <contenuImg CS="1.0" lang="fr" source="md">Végétaux de fantaisie</contenuImg>
            <contenuImg CS="1.0" lang="fr" source="md">Motifs en pointe-de-diamant</contenuImg>
            <contenuImg CS="1.0" lang="fr" source="md">Motifs décoratifs -- 1800-1869</contenuImg>
            <titraille>Manufacture Chapillon. Papier à motif répétitif. Motif répétitif à deux chemins, en quinconce, de grands carrreaux ornés de rosaces et de végétaux de fantaisie : papier peint</titraille>
          </ill>
        </ills>
      </page>
    </pages>
  </contenus>
</analyseAlto>