<analyseAlto>
  <metad>
    <type>I</type>
    <ID>btv1b6900233x</ID>
    <titre>Manufacture Dubuisson. Papier à motif répétitif à deux chemins, en camaïeu, en quinconce, alternant un bâtiment, une scène animalière et des fleurs : papier peint</titre>
    <dateEdition>1800</dateEdition>
    <auteur>inconnu</auteur>
    <lang>fre</lang>
    <source>Bibliothèque nationale de France, département Estampes et photographie, EST LZ-312 (5)</source>
    <sujet>Constructions -- Animaux -- Oiseaux -- Mouton -- Chien -- Marguerites -- Camaïeu, Peinture en -- Fleurs stylisées (ornement) -- Végétaux stylisés -- Boutons d_or -- Motifs décoratifs -- 1800-1869</sujet>
    <descr>Appartient à l’ensemble documentaire : PaPeint18 -- Papier peint</descr>
    <format>inconnu</format>
    <couverture>inconnu</couverture>
    <largeurPx>7136</largeurPx>
    <hauteurPx>11112</hauteurPx>
    <ocr>false</ocr>
    <toc>false</toc>
    <caption>false</caption>
    <nbPage>1</nbPage>
  </metad>
  <contenus ocr="false" toc="false">
    <largeur>302</largeur>
    <hauteur>470</hauteur>
    <largeurPx>7136</largeurPx>
    <hauteurPx>11112</hauteurPx>
    <pages>
      <page ordre="1">
        <blocIll ocr="1">1</blocIll>
        <ills>
          <ill classif="CCgoogle" couleur="coul" h="11112" hash="ccd54ccccdc4d54c" n="1-1" taille="36" w="7136" x="1" y="1">
            <contenuImg CS="0.75" h="2745" lang="fr" source="google" w="2740" x="713.6" y="1752.2">conception</contenuImg>
            <contenuImg CS="0.66" h="2745" lang="fr" source="google" w="2740" x="713.6" y="1752.2">textile</contenuImg>
            <contenuImg CS="0.51" lang="fr" source="google">couverture</contenuImg>
            <contenuImg CS="0.59" lang="fr" source="google">modèle motif</contenuImg>
            <contenuImg CS="0.89" coul="1" h="2745" lang="fr" source="google" w="2740" x="713.6" y="1752.2">orange</contenuImg>
            <contenuImg CS="0.75" h="2745" lang="fr" source="google" w="2740" x="713.6" y="1752.2">design</contenuImg>
            <contenuImg CS="0.59" lang="fr" source="google">modèle</contenuImg>
            <contenuImg CS="0.55" lang="fr" source="google">arts visuels</contenuImg>
            <contenuImg CS="0.49" coul="1" lang="fr" source="google">bronze</contenuImg>
            <contenuImg CS="0.20" coul="1" lang="fr" source="google">cuivre</contenuImg>
            <contenuImg CS="0.06" coul="1" lang="fr" source="google">gris foncé</contenuImg>
            <contenuImg CS="0.42" coul="1" lang="fr" source="google">rose</contenuImg>
            <contenuImg CS="0.28" coul="1" lang="fr" source="google">chocolat à pâtisser</contenuImg>
            <contenuImg CS="0.27" coul="1" lang="fr" source="google">gris</contenuImg>
            <contenuImg b="138" coul="1" g="161" r="222" source="colorific" type="bkg">#dea18a</contenuImg>
            <contenuImg b="19" coul="1" g="33" ordre="6" r="20" source="colorific" type="frg">#142113</contenuImg>
            <contenuImg b="152" coul="1" g="148" ordre="5" r="135" source="colorific" type="frg">#879498</contenuImg>
            <contenuImg b="45" coul="1" g="89" ordre="4" r="214" source="colorific" type="frg">#d6592d</contenuImg>
            <contenuImg b="83" coul="1" g="90" ordre="3" r="72" source="colorific" type="frg">#485a53</contenuImg>
            <contenuImg b="144" coul="1" g="164" ordre="2" r="194" source="colorific" type="frg">#c2a490</contenuImg>
            <contenuImg b="70" coul="1" g="80" ordre="1" r="90" source="colorific" type="frg">#5a5046</contenuImg>
            <contenuImg CS="1.0" lang="en" source="md">decorative patterns - 1800-1869</contenuImg>
            <contenuImg CS="1.0" lang="en" source="md">gold buttons (flowers)</contenuImg>
            <contenuImg CS="1.0" lang="en" source="md">stylized plants</contenuImg>
            <contenuImg CS="1.0" lang="en" source="md">stylized flowers (ornament)</contenuImg>
            <contenuImg CS="1.0" lang="en" source="md">camaïeu painting</contenuImg>
            <contenuImg CS="1.0" lang="en" source="md">daisies (flowers)</contenuImg>
            <contenuImg CS="1.0" lang="en" source="md">dog</contenuImg>
            <contenuImg CS="1.0" lang="en" source="md">sheep</contenuImg>
            <contenuImg CS="1.0" lang="en" source="md">birds</contenuImg>
            <contenuImg CS="1.0" lang="en" source="md">animals</contenuImg>
            <contenuImg CS="1.0" lang="en" source="md">constructions</contenuImg>
            <contenuImg CS="0.27" coul="1" lang="en" source="google">gray</contenuImg>
            <contenuImg CS="0.28" coul="1" lang="en" source="google">bakerschocolate</contenuImg>
            <contenuImg CS="0.42" coul="1" lang="en" source="google">pink</contenuImg>
            <contenuImg CS="0.48" coul="1" lang="en" source="google">grey</contenuImg>
            <contenuImg CS="0.06" coul="1" lang="en" source="google">darkgray</contenuImg>
            <contenuImg CS="0.20" coul="1" lang="en" source="google">copper</contenuImg>
            <contenuImg CS="0.49" coul="1" lang="en" source="google">bronze</contenuImg>
            <contenuImg CS="0.51" lang="en" source="google">Rug</contenuImg>
            <contenuImg CS="0.55" lang="en" source="google">Visual arts</contenuImg>
            <contenuImg CS="0.59" lang="en" source="google">Pattern</contenuImg>
            <contenuImg CS="0.66" h="2745" lang="en" source="google" w="2740" x="713.6" y="1752.2">Textile</contenuImg>
            <contenuImg CS="0.75" h="2745" lang="en" source="google" w="2740" x="713.6" y="1752.2">Design</contenuImg>
            <contenuImg CS="0.89" coul="1" h="2745" lang="en" source="google" w="2740" x="713.6" y="1752.2">Orange</contenuImg>
            <contenuImg CS="0.91" h="2745" lang="en" source="google" w="2740" x="713.6" y="1752.2">Pattern</contenuImg>
            <tech source="final">estampe/gravure</tech>
            <fonction source="md">papier-peint</fonction>
            <fonction source="final">papier-peint</fonction>
            <tech CS="1" source="hm">estampe/gravure</tech>
            <theme CS="1" source="md">0</theme>
            <contenuImg CS="1.0" lang="fr" source="md">Constructions</contenuImg>
            <contenuImg CS="1.0" lang="fr" source="md">Animaux</contenuImg>
            <contenuImg CS="1.0" lang="fr" source="md">Oiseaux</contenuImg>
            <contenuImg CS="1.0" lang="fr" source="md">Mouton</contenuImg>
            <contenuImg CS="1.0" lang="fr" source="md">Chien</contenuImg>
            <contenuImg CS="1.0" lang="fr" source="md">Marguerites</contenuImg>
            <contenuImg CS="1.0" lang="fr" source="md">Peinture en camaïeu</contenuImg>
            <contenuImg CS="1.0" lang="fr" source="md">Fleurs stylisées (ornement)</contenuImg>
            <contenuImg CS="1.0" lang="fr" source="md">Végétaux stylisés</contenuImg>
            <contenuImg CS="1.0" lang="fr" source="md">Boutons d'or</contenuImg>
            <contenuImg CS="1.0" lang="fr" source="md">Motifs décoratifs -- 1800-1869</contenuImg>
            <titraille>Manufacture Dubuisson. Papier à motif répétitif à deux chemins, en camaïeu, en quinconce, alternant un bâtiment, une scène animalière et des fleurs : papier peint</titraille>
          </ill>
        </ills>
      </page>
    </pages>
  </contenus>
</analyseAlto>