<analyseAlto>
  <metad>
    <type>I</type>
    <ID>btv1b6901144p</ID>
    <titre>Papier à motif répétitif : papier peint</titre>
    <dateEdition>1800</dateEdition>
    <auteur>inconnu</auteur>
    <lang>fre</lang>
    <source>Bibliothèque nationale de France</source>
    <sujet>Feuilles -- Viorne obier -- Fleurs (ornement) -- Motifs décoratifs</sujet>
    <descr>Appartient à l’ensemble documentaire : PaPeint18 -- Papier peint</descr>
    <format>inconnu</format>
    <couverture>inconnu</couverture>
    <largeurPx>7400</largeurPx>
    <hauteurPx>8632</hauteurPx>
    <ocr>false</ocr>
    <toc>false</toc>
    <nbPage>1</nbPage>
  </metad>
  <contenus ocr="false" toc="false">
    <largeur>313</largeur>
    <hauteur>365</hauteur>
    <largeurPx>7400</largeurPx>
    <hauteurPx>8632</hauteurPx>
    <pages>
      <page ordre="1">
        <blocIll ocr="1">1</blocIll>
        <ills>
          <ill classif="CCgoogle" couleur="coul" h="8632" hash="d4b1c4695ecc12ed" n="1-1" taille="29" w="7400" x="1" y="1">
            <contenuImg CS="0.68" lang="fr" source="google">textile</contenuImg>
            <contenuImg CS="0.74" lang="fr" source="google">arbuste nain (plante)</contenuImg>
            <contenuImg CS="0.58" lang="fr" source="google">chèvrefeuille (plante)</contenuImg>
            <contenuImg CS="0.75" h="2066" lang="fr" source="google" w="3652" x="740" y="863.2">modèle motif</contenuImg>
            <contenuImg CS="0.96" h="2066" lang="fr" source="google" w="3652" x="740" y="863.2">plante</contenuImg>
            <contenuImg CS="0.96" h="2066" lang="fr" source="google" w="3652" x="740" y="863.2">fleur</contenuImg>
            <contenuImg CS="0.75" h="2066" lang="fr" source="google" w="3652" x="740" y="863.2">modèle</contenuImg>
            <contenuImg CS="0.74" h="2066" lang="fr" source="google" w="3652" x="740" y="863.2">plante à fleurs</contenuImg>
            <contenuImg CS="0.69" lang="fr" source="google">arbre</contenuImg>
            <contenuImg CS="0.67" lang="fr" source="google">feuilles persistantes</contenuImg>
            <contenuImg CS="0.66" lang="fr" source="google">arbuste</contenuImg>
            <contenuImg CS="1.11" coul="1" lang="fr" source="google">vert foncé</contenuImg>
            <contenuImg CS="0.52" coul="1" lang="fr" source="google">vert cuivre foncé</contenuImg>
            <contenuImg CS="0.16" coul="1" lang="fr" source="google">noir</contenuImg>
            <contenuImg CS="0.15" coul="1" lang="fr" source="google">gris ardoise foncé</contenuImg>
            <contenuImg b="48" coul="1" g="64" r="30" source="colorific" type="bkg">#1e4030</contenuImg>
            <contenuImg b="0" coul="1" g="0" ordre="4" r="0" source="colorific" type="frg">#000000</contenuImg>
            <contenuImg b="168" coul="1" g="182" ordre="3" r="171" source="colorific" type="frg">#abb6a8</contenuImg>
            <contenuImg b="19" coul="1" g="32" ordre="2" r="9" source="colorific" type="frg">#092013</contenuImg>
            <contenuImg b="110" coul="1" g="131" ordre="1" r="94" source="colorific" type="frg">#5e836e</contenuImg>
            <contenuImg CS="1.0" lang="en" source="md">decorative patterns</contenuImg>
            <contenuImg CS="1.0" lang="en" source="md">flowers (ornament)</contenuImg>
            <contenuImg CS="1.0" lang="en" source="md">Viburnum obier</contenuImg>
            <contenuImg CS="1.0" lang="en" source="md">leaves (plants)</contenuImg>
            <contenuImg CS="0.15" coul="1" lang="en" source="google">darkslategrey</contenuImg>
            <contenuImg CS="0.16" coul="1" lang="en" source="google">black</contenuImg>
            <contenuImg CS="0.34" coul="1" lang="en" source="google">darkslategrey</contenuImg>
            <contenuImg CS="0.36" coul="1" lang="en" source="google">black</contenuImg>
            <contenuImg CS="0.52" coul="1" lang="en" source="google">darkgreencopper</contenuImg>
            <contenuImg CS="1.11" coul="1" lang="en" source="google">darkgreen</contenuImg>
            <contenuImg CS="1.47" coul="1" lang="en" source="google">darkgreen</contenuImg>
            <contenuImg CS="0.58" lang="en" source="google">Honeysuckle</contenuImg>
            <contenuImg CS="0.66" lang="en" source="google">Shrub</contenuImg>
            <contenuImg CS="0.67" lang="en" source="google">Evergreen</contenuImg>
            <contenuImg CS="0.68" lang="en" source="google">Textile</contenuImg>
            <contenuImg CS="0.69" lang="en" source="google">Tree</contenuImg>
            <contenuImg CS="0.74" lang="en" source="google">Subshrub</contenuImg>
            <contenuImg CS="0.74" h="2066" lang="en" source="google" w="3652" x="740" y="863.2">Flowering plant</contenuImg>
            <contenuImg CS="0.75" h="2066" lang="en" source="google" w="3652" x="740" y="863.2">Pattern</contenuImg>
            <contenuImg CS="0.96" h="2066" lang="en" source="google" w="3652" x="740" y="863.2">Flower</contenuImg>
            <contenuImg CS="0.96" h="2066" lang="en" source="google" w="3652" x="740" y="863.2">Plant</contenuImg>
            <tech source="final">estampe/gravure</tech>
            <fonction source="md">papier-peint</fonction>
            <fonction source="final">papier-peint</fonction>
            <tech CS="1" source="hm">estampe/gravure</tech>
            <theme CS="1" source="md">0</theme>
            <contenuImg CS="1.0" lang="fr" source="md">Feuilles</contenuImg>
            <contenuImg CS="1.0" lang="fr" source="md">Viorne obier</contenuImg>
            <contenuImg CS="1.0" lang="fr" source="md">Fleurs (ornement)</contenuImg>
            <contenuImg CS="1.0" lang="fr" source="md">Motifs décoratifs</contenuImg>
            <titraille>Papier à motif répétitif : papier peint</titraille>
          </ill>
        </ills>
      </page>
    </pages>
  </contenus>
</analyseAlto>