<analyseAlto>
  <metad>
    <type>I</type>
    <ID>btv1b6900933b</ID>
    <titre>Papier à motif répétitif : papier peint</titre>
    <dateEdition>1805</dateEdition>
    <auteur>Jacquemart et Bénard (Manufacture). Fonction indéterminée</auteur>
    <lang>fre</lang>
    <source>Bibliothèque nationale de France</source>
    <sujet>Textiles et tissus -- Tulle (textile) -- Broderie -- Frises -- Fruits -- Bandes -- Feuilles stylisées (ornement) -- Motifs décoratifs</sujet>
    <descr>Appartient à l’ensemble documentaire : PaPeint18 -- Papier peint</descr>
    <format>inconnu</format>
    <couverture>inconnu</couverture>
    <largeurPx>6720</largeurPx>
    <hauteurPx>6296</hauteurPx>
    <ocr>false</ocr>
    <toc>false</toc>
    <nbPage>1</nbPage>
  </metad>
  <contenus ocr="false" toc="false">
    <largeur>284</largeur>
    <hauteur>266</hauteur>
    <largeurPx>6720</largeurPx>
    <hauteurPx>6296</hauteurPx>
    <pages>
      <page ordre="1">
        <blocIll ocr="1">1</blocIll>
        <ills>
          <ill classif="CCgoogle" couleur="coul" h="6296" hash="9c8c9d8c9d8cdd07" n="1-1" taille="19" w="6720" x="1" y="1">
            <contenuImg CS="0.78" h="2413" lang="fr" source="google" w="4270" x="672" y="1227.6">conception</contenuImg>
            <tech source="final">estampe/gravure</tech>
            <fonction source="md">papier-peint</fonction>
            <fonction source="final">papier-peint</fonction>
            <tech CS="1" source="md">estampe/gravure</tech>
            <contenuImg CS="0.83" h="2413" lang="fr" source="google" w="4270" x="672" y="1227.6">botanique</contenuImg>
            <contenuImg CS="0.92" h="2413" lang="fr" source="google" w="4270" x="672" y="1227.6">modèle motif</contenuImg>
            <contenuImg CS="0.37" coul="1" lang="fr" source="google">rouge indien</contenuImg>
            <contenuImg CS="0.92" h="2413" lang="fr" source="google" w="4270" x="672" y="1227.6">modèle</contenuImg>
            <contenuImg CS="0.87" h="2413" lang="fr" source="google" w="4270" x="672" y="1227.6">feuille</contenuImg>
            <contenuImg CS="0.78" h="2413" lang="fr" source="google" w="4270" x="672" y="1227.6">design</contenuImg>
            <contenuImg CS="0.76" lang="fr" source="google">plante</contenuImg>
            <contenuImg CS="0.71" lang="fr" source="google">illustration</contenuImg>
            <contenuImg CS="0.66" lang="fr" source="google">fond d'écran</contenuImg>
            <contenuImg CS="0.62" lang="fr" source="google">fleur</contenuImg>
            <contenuImg CS="0.62" lang="fr" source="google">branche</contenuImg>
            <contenuImg CS="0.53" lang="fr" source="google">tige (plante)</contenuImg>
            <contenuImg CS="0.37" coul="1" lang="fr" source="google">indianred</contenuImg>
            <contenuImg CS="0.46" coul="1" lang="fr" source="google">beige pâle</contenuImg>
            <contenuImg CS="0.35" coul="1" lang="fr" source="google">bronze</contenuImg>
            <contenuImg CS="0.28" coul="1" lang="fr" source="google">gris foncé</contenuImg>
            <contenuImg CS="0.26" coul="1" lang="fr" source="google">vert cuivre foncé</contenuImg>
            <contenuImg b="183" coul="1" g="208" r="246" source="colorific" type="bkg">#f6d0b7</contenuImg>
            <contenuImg b="134" coul="1" g="139" ordre="4" r="145" source="colorific" type="frg">#918b86</contenuImg>
            <contenuImg b="92" coul="1" g="86" ordre="3" r="119" source="colorific" type="frg">#77565c</contenuImg>
            <contenuImg b="57" coul="1" g="54" ordre="2" r="41" source="colorific" type="frg">#293639</contenuImg>
            <contenuImg b="105" coul="1" g="110" ordre="1" r="81" source="colorific" type="frg">#516e69</contenuImg>
            <contenuImg CS="1.0" lang="en" source="md">decorative patterns</contenuImg>
            <contenuImg CS="1.0" lang="en" source="md">stylized leaves (ornament)</contenuImg>
            <contenuImg CS="1.0" lang="en" source="md">stripes</contenuImg>
            <contenuImg CS="1.0" lang="en" source="md">fruits</contenuImg>
            <contenuImg CS="1.0" lang="en" source="md">curly</contenuImg>
            <contenuImg CS="1.0" lang="en" source="md">embroidery</contenuImg>
            <contenuImg CS="1.0" lang="en" source="md">tulle (textile)</contenuImg>
            <contenuImg CS="1.0" lang="en" source="md">textiles and fabrics</contenuImg>
            <contenuImg CS="0.26" coul="1" lang="en" source="google">darkgreencopper</contenuImg>
            <contenuImg CS="0.28" coul="1" lang="en" source="google">darkgray</contenuImg>
            <contenuImg CS="0.35" coul="1" lang="en" source="google">bronze</contenuImg>
            <contenuImg CS="0.46" coul="1" lang="en" source="google">newtan</contenuImg>
            <contenuImg CS="0.37" coul="1" lang="en" source="google">indianred</contenuImg>
            <contenuImg CS="0.87" coul="1" lang="en" source="google">darkgreencopper</contenuImg>
            <contenuImg CS="0.53" lang="en" source="google">Plant stem</contenuImg>
            <contenuImg CS="0.62" lang="en" source="google">Branch</contenuImg>
            <contenuImg CS="0.62" lang="en" source="google">Flower</contenuImg>
            <contenuImg CS="0.66" lang="en" source="google">Wallpaper</contenuImg>
            <contenuImg CS="0.71" lang="en" source="google">Illustration</contenuImg>
            <contenuImg CS="0.76" lang="en" source="google">Plant</contenuImg>
            <contenuImg CS="0.78" h="2413" lang="en" source="google" w="4270" x="672" y="1227.6">Design</contenuImg>
            <contenuImg CS="0.83" h="2413" lang="en" source="google" w="4270" x="672" y="1227.6">Botany</contenuImg>
            <contenuImg CS="0.87" h="2413" lang="en" source="google" w="4270" x="672" y="1227.6">Leaf</contenuImg>
            <contenuImg CS="0.92" h="2413" lang="en" source="google" w="4270" x="672" y="1227.6">Pattern</contenuImg>
            <theme CS="1" source="md">0</theme>
            <contenuImg CS="1.0" lang="fr" source="md">Textiles et tissus</contenuImg>
            <contenuImg CS="1.0" lang="fr" source="md">Tulle (textile)</contenuImg>
            <contenuImg CS="1.0" lang="fr" source="md">Broderie</contenuImg>
            <contenuImg CS="1.0" lang="fr" source="md">Frises</contenuImg>
            <contenuImg CS="1.0" lang="fr" source="md">Fruits</contenuImg>
            <contenuImg CS="1.0" lang="fr" source="md">Bandes</contenuImg>
            <contenuImg CS="1.0" lang="fr" source="md">Feuilles stylisées (ornement)</contenuImg>
            <contenuImg CS="1.0" lang="fr" source="md">Motifs décoratifs</contenuImg>
            <titraille>Papier à motif répétitif : papier peint</titraille>
          </ill>
        </ills>
      </page>
    </pages>
  </contenus>
</analyseAlto>