<analyseAlto>
  <metad>
    <type>I</type>
    <ID>btv1b6901098w</ID>
    <titre>Papier à motif répétitif : papier peint</titre>
    <dateEdition>1799</dateEdition>
    <auteur>inconnu</auteur>
    <lang>fre</lang>
    <source>Bibliothèque nationale de France, département Estampes et photographie, EST LI-15</source>
    <sujet>Rayures (ornements) -- Rosaces de fantaisie -- Fleurs de fantaisie -- Motifs décoratifs</sujet>
    <descr>Appartient à l’ensemble documentaire : PaPeint18 -- Papier peint</descr>
    <format>inconnu</format>
    <couverture>inconnu</couverture>
    <largeurPx>6920</largeurPx>
    <hauteurPx>6528</hauteurPx>
    <ocr>false</ocr>
    <toc>false</toc>
    <caption>false</caption>
    <nbPage>1</nbPage>
  </metad>
  <contenus ocr="false" toc="false">
    <largeur>292</largeur>
    <hauteur>276</hauteur>
    <largeurPx>6920</largeurPx>
    <hauteurPx>6528</hauteurPx>
    <pages>
      <page ordre="1">
        <blocIll ocr="1">1</blocIll>
        <ills>
          <ill classif="CCgoogle" couleur="coul" h="6528" hash="f3ffccc60303c0cc" n="1-1" taille="20" w="6920" x="1" y="1">
            <contenuImg CS="0.79" h="4028" lang="fr" source="google" w="2256" x="1760" y="652.8">conception</contenuImg>
            <contenuImg CS="0.59" lang="fr" source="google">modèle motif</contenuImg>
            <contenuImg CS="0.79" h="4028" lang="fr" source="google" w="2256" x="1760" y="652.8">design</contenuImg>
            <contenuImg CS="0.77" h="4028" lang="fr" source="google" w="2256" x="1760" y="652.8">ligne</contenuImg>
            <contenuImg CS="0.76" h="4028" lang="fr" source="google" w="2256" x="1760" y="652.8">symétrie</contenuImg>
            <contenuImg CS="0.59" lang="fr" source="google">arts visuels</contenuImg>
            <contenuImg CS="0.59" lang="fr" source="google">modèle</contenuImg>
            <contenuImg CS="1.59" coul="1" lang="fr" source="google">terre de sienne</contenuImg>
            <contenuImg CS="0.87" coul="1" lang="fr" source="google">chocolat à pâtisser</contenuImg>
            <contenuImg CS="0.15" coul="1" lang="fr" source="google">noir</contenuImg>
            <contenuImg CS="0.14" coul="1" lang="fr" source="google">bleuet</contenuImg>
            <contenuImg CS="0.03" coul="1" lang="fr" source="google">morceaux de chocolat</contenuImg>
            <contenuImg CS="0.01" coul="1" lang="fr" source="google">vert olive foncé</contenuImg>
            <contenuImg b="78" coul="1" g="154" r="177" source="colorific" type="bkg">#b19a4e</contenuImg>
            <contenuImg b="103" coul="1" g="84" ordre="6" r="66" source="colorific" type="frg">#425467</contenuImg>
            <contenuImg b="77" coul="1" g="82" ordre="5" r="68" source="colorific" type="frg">#44524d</contenuImg>
            <contenuImg b="17" coul="1" g="29" ordre="4" r="23" source="colorific" type="frg">#171d11</contenuImg>
            <contenuImg b="91" coul="1" g="133" ordre="3" r="127" source="colorific" type="frg">#7f855b</contenuImg>
            <contenuImg b="11" coul="1" g="49" ordre="2" r="64" source="colorific" type="frg">#40310b</contenuImg>
            <contenuImg b="0" coul="1" g="0" ordre="1" r="0" source="colorific" type="frg">#000000</contenuImg>
            <contenuImg CS="1.0" lang="en" source="md">decorative patterns</contenuImg>
            <contenuImg CS="1.0" lang="en" source="md">fantasy flowers</contenuImg>
            <contenuImg CS="1.0" lang="en" source="md">fancy rosettes</contenuImg>
            <contenuImg CS="1.0" lang="en" source="md">stripes (ornaments)</contenuImg>
            <contenuImg CS="0.01" coul="1" lang="en" source="google">darkolivegreen</contenuImg>
            <contenuImg CS="0.03" coul="1" lang="en" source="google">semisweetchocolate</contenuImg>
            <contenuImg CS="0.14" coul="1" lang="en" source="google">cornflowerblue</contenuImg>
            <contenuImg CS="0.15" coul="1" lang="en" source="google">black</contenuImg>
            <contenuImg CS="0.87" coul="1" lang="en" source="google">bakerschocolate</contenuImg>
            <contenuImg CS="1.59" coul="1" lang="en" source="google">sienna</contenuImg>
            <contenuImg CS="0.59" lang="en" source="google">Pattern</contenuImg>
            <contenuImg CS="0.59" lang="en" source="google">Visual arts</contenuImg>
            <contenuImg CS="0.76" h="4028" lang="en" source="google" w="2256" x="1760" y="652.8">Symmetry</contenuImg>
            <contenuImg CS="0.77" h="4028" lang="en" source="google" w="2256" x="1760" y="652.8">Line</contenuImg>
            <contenuImg CS="0.79" h="4028" lang="en" source="google" w="2256" x="1760" y="652.8">Design</contenuImg>
            <contenuImg CS="0.96" h="4028" lang="en" source="google" w="2256" x="1760" y="652.8">Pattern</contenuImg>
            <tech source="final">estampe/gravure</tech>
            <fonction source="md">papier-peint</fonction>
            <fonction source="final">papier-peint</fonction>
            <tech CS="1" source="hm">estampe/gravure</tech>
            <theme CS="1" source="md">0</theme>
            <contenuImg CS="1.0" lang="fr" source="md">Rayures (ornements)</contenuImg>
            <contenuImg CS="1.0" lang="fr" source="md">Rosaces de fantaisie</contenuImg>
            <contenuImg CS="1.0" lang="fr" source="md">Fleurs de fantaisie</contenuImg>
            <contenuImg CS="1.0" lang="fr" source="md">Motifs décoratifs</contenuImg>
            <titraille>Papier à motif répétitif : papier peint</titraille>
          </ill>
        </ills>
      </page>
    </pages>
  </contenus>
</analyseAlto>