<analyseAlto>
  <metad>
    <type>I</type>
    <ID>btv1b69008953</ID>
    <titre>Papier à motif répétitif : papier peint</titre>
    <dateEdition>1805</dateEdition>
    <auteur>Jacquemart et Bénard (Manufacture). Fonction indéterminée</auteur>
    <lang>fre</lang>
    <source>Bibliothèque nationale de France</source>
    <sujet>Passementerie -- Frises -- Draperies (ornement) -- Glands (passementerie) -- Flots (ornement) -- Végétaux stylisés -- Rangs de perles (ornement) -- Motifs décoratifs</sujet>
    <descr>Appartient à l’ensemble documentaire : PaPeint18 -- Papier peint</descr>
    <format>inconnu</format>
    <couverture>inconnu</couverture>
    <largeurPx>6544</largeurPx>
    <hauteurPx>6752</hauteurPx>
    <ocr>false</ocr>
    <toc>false</toc>
    <nbPage>2</nbPage>
  </metad>
  <contenus ocr="false" toc="false">
    <largeur>277</largeur>
    <hauteur>285</hauteur>
    <largeurPx>6544</largeurPx>
    <hauteurPx>6752</hauteurPx>
    <pages>
      <page ordre="1">
        <blocIll ocr="1">1</blocIll>
        <ills>
          <ill classif="CCgoogle" couleur="coul" h="6752" hash="0080c4dcfeeeccdd" n="1-1" taille="20" w="6544" x="1" y="1">
            <contenuImg CS="0.93" h="2341" lang="fr" source="google" w="4142" x="654.4" y="1639.2">magenta</contenuImg>
            <contenuImg CS="0.66" lang="fr" source="google">textile</contenuImg>
            <contenuImg CS="0.50" lang="fr" source="google">modèle motif</contenuImg>
            <contenuImg CS="0.95" coul="1" h="2341" lang="fr" source="google" w="4142" x="654.4" y="1639.2">vert</contenuImg>
            <contenuImg CS="0.79" h="2341" lang="fr" source="google" w="4142" x="654.4" y="1639.2">architecture</contenuImg>
            <contenuImg CS="0.73" lang="fr" source="google">symétrie</contenuImg>
            <contenuImg CS="0.56" lang="fr" source="google">façade</contenuImg>
            <contenuImg CS="0.53" lang="fr" source="google">bâtiment</contenuImg>
            <contenuImg CS="0.50" lang="fr" source="google">modèle</contenuImg>
            <contenuImg CS="1.22" coul="1" lang="fr" source="google">bois moyen</contenuImg>
            <contenuImg CS="0.47" coul="1" lang="fr" source="google">vert cuivre foncé</contenuImg>
            <contenuImg CS="0.19" coul="1" lang="fr" source="google">rose</contenuImg>
            <contenuImg CS="0.80" coul="1" lang="fr" source="google">saumon</contenuImg>
            <contenuImg CS="0.63" coul="1" lang="fr" source="google">vieux rose</contenuImg>
            <contenuImg CS="0.31" coul="1" lang="fr" source="google">vert foncé</contenuImg>
            <contenuImg CS="0.24" coul="1" lang="fr" source="google">marron foncé</contenuImg>
            <contenuImg b="98" coul="1" g="79" r="124" source="colorific" type="bkg">#7c4f62</contenuImg>
            <contenuImg b="97" coul="1" g="94" ordre="6" r="97" source="colorific" type="frg">#615e61</contenuImg>
            <contenuImg b="50" coul="1" g="44" ordre="5" r="78" source="colorific" type="frg">#4e2c32</contenuImg>
            <contenuImg b="52" coul="1" g="71" ordre="4" r="106" source="colorific" type="frg">#6a4734</contenuImg>
            <contenuImg b="95" coul="1" g="100" ordre="3" r="69" source="colorific" type="frg">#45645f</contenuImg>
            <contenuImg b="0" coul="1" g="0" ordre="2" r="0" source="colorific" type="frg">#000000</contenuImg>
            <contenuImg b="55" coul="1" g="51" ordre="1" r="41" source="colorific" type="frg">#293337</contenuImg>
            <contenuImg CS="1.0" lang="en" source="md">decorative patterns</contenuImg>
            <contenuImg CS="1.0" lang="en" source="md">rows of pearls (ornament)</contenuImg>
            <contenuImg CS="1.0" lang="en" source="md">stylized plants</contenuImg>
            <contenuImg CS="1.0" lang="en" source="md">Flows (ornament)</contenuImg>
            <contenuImg CS="1.0" lang="en" source="md">acorns (trimmings)</contenuImg>
            <contenuImg CS="1.0" lang="en" source="md">draperies (ornament)</contenuImg>
            <contenuImg CS="1.0" lang="en" source="md">curly</contenuImg>
            <contenuImg CS="1.0" lang="en" source="md">trimmings</contenuImg>
            <contenuImg CS="0.24" coul="1" lang="en" source="google">darkbrown</contenuImg>
            <contenuImg CS="0.31" coul="1" lang="en" source="google">darkgreen</contenuImg>
            <contenuImg CS="0.63" coul="1" lang="en" source="google">dustyrose</contenuImg>
            <contenuImg CS="0.80" coul="1" lang="en" source="google">salmon</contenuImg>
            <contenuImg CS="0.19" coul="1" lang="en" source="google">pink</contenuImg>
            <contenuImg CS="0.47" coul="1" lang="en" source="google">darkgreencopper</contenuImg>
            <contenuImg CS="1.22" coul="1" lang="en" source="google">mediumwood</contenuImg>
            <contenuImg CS="0.50" lang="en" source="google">Pattern</contenuImg>
            <contenuImg CS="0.53" lang="en" source="google">Building</contenuImg>
            <contenuImg CS="0.56" lang="en" source="google">Facade</contenuImg>
            <contenuImg CS="0.66" lang="en" source="google">Textile</contenuImg>
            <contenuImg CS="0.72" lang="en" source="google">Pattern</contenuImg>
            <contenuImg CS="0.73" lang="en" source="google">Symmetry</contenuImg>
            <contenuImg CS="0.79" h="2341" lang="en" source="google" w="4142" x="654.4" y="1639.2">Architecture</contenuImg>
            <contenuImg CS="0.93" h="2341" lang="en" source="google" w="4142" x="654.4" y="1639.2">Magenta</contenuImg>
            <contenuImg CS="0.94" coul="1" h="2341" lang="en" source="google" w="4142" x="654.4" y="1639.2">Pink</contenuImg>
            <contenuImg CS="0.95" coul="1" h="2341" lang="en" source="google" w="4142" x="654.4" y="1639.2">Green</contenuImg>
            <tech source="final">estampe/gravure</tech>
            <fonction source="md">papier-peint</fonction>
            <fonction source="final">papier-peint</fonction>
            <tech CS="1" source="hm">estampe/gravure</tech>
            <theme CS="1" source="md">0</theme>
            <contenuImg CS="1.0" lang="fr" source="md">Passementerie</contenuImg>
            <contenuImg CS="1.0" lang="fr" source="md">Frises</contenuImg>
            <contenuImg CS="1.0" lang="fr" source="md">Draperies (ornement)</contenuImg>
            <contenuImg CS="1.0" lang="fr" source="md">Glands (passementerie)</contenuImg>
            <contenuImg CS="1.0" lang="fr" source="md">Flots (ornement)</contenuImg>
            <contenuImg CS="1.0" lang="fr" source="md">Végétaux stylisés</contenuImg>
            <contenuImg CS="1.0" lang="fr" source="md">Rangs de perles (ornement)</contenuImg>
            <contenuImg CS="1.0" lang="fr" source="md">Motifs décoratifs</contenuImg>
            <titraille>Papier à motif répétitif : papier peint</titraille>
          </ill>
        </ills>
      </page>
    </pages>
  </contenus>
</analyseAlto>