<analyseAlto>
  <metad>
    <type>I</type>
    <ID>btv1b6901252k</ID>
    <titre>Bordure : papier peint</titre>
    <dateEdition>1802</dateEdition>
    <auteur>Zuber et Compagnie (Manufacture). Fonction indéterminée</auteur>
    <lang>fre</lang>
    <source>Bibliothèque nationale de France, département Estampes et photographie, EST LI-22</source>
    <sujet>Frises -- Volutes -- Motifs de fantaisie -- Arceaux -- Palmettes (ornement) -- Décoration et ornement architecturaux -- Motifs décoratifs</sujet>
    <descr>Appartient à l’ensemble documentaire : PaPeint18 -- Papier peint</descr>
    <format>inconnu</format>
    <couverture>inconnu</couverture>
    <largeurPx>4760</largeurPx>
    <hauteurPx>1568</hauteurPx>
    <ocr>false</ocr>
    <toc>false</toc>
    <caption>false</caption>
    <nbPage>1</nbPage>
  </metad>
  <contenus ocr="false" toc="false">
    <largeur>201</largeur>
    <hauteur>66</hauteur>
    <largeurPx>4760</largeurPx>
    <hauteurPx>1568</hauteurPx>
    <pages>
      <page ordre="1">
        <blocIll ocr="1">1</blocIll>
        <ills>
          <ill classif="CCgoogle" couleur="coul" h="1568" hash="03ff9fb504ff8100" n="1-1" taille="3" w="4760" x="1" y="1">
            <contenuImg CS="0.66" h="2973" lang="fr" source="google" w="1667" x="5012" y="156.8">textile</contenuImg>
            <contenuImg CS="0.77" h="2973" lang="fr" source="google" w="1667" x="5012" y="156.8">modèle motif</contenuImg>
            <contenuImg CS="0.77" h="2973" lang="fr" source="google" w="1667" x="5012" y="156.8">modèle</contenuImg>
            <contenuImg CS="0.65" h="2973" lang="fr" source="google" w="1667" x="5012" y="156.8">arts visuels</contenuImg>
            <contenuImg CS="0.58" h="2973" lang="fr" source="google" w="1667" x="5012" y="156.8">art</contenuImg>
            <contenuImg CS="0.28" coul="1" lang="fr" source="google">laiton</contenuImg>
            <contenuImg CS="0.38" coul="1" lang="fr" source="google">bois moyen</contenuImg>
            <contenuImg CS="0.27" coul="1" lang="fr" source="google">noir</contenuImg>
            <contenuImg CS="0.25" coul="1" lang="fr" source="google">vert olive foncé</contenuImg>
            <contenuImg CS="0.24" coul="1" lang="fr" source="google">vert jaune</contenuImg>
            <contenuImg CS="0.22" coul="1" lang="fr" source="google">bronze</contenuImg>
            <contenuImg b="60" coul="1" g="69" ordre="6" r="63" source="colorific" type="frg">#3f453c</contenuImg>
            <contenuImg b="125" coul="1" g="98" ordre="5" r="68" source="colorific" type="frg">#44627d</contenuImg>
            <contenuImg b="35" coul="1" g="58" ordre="4" r="76" source="colorific" type="frg">#4c3a23</contenuImg>
            <contenuImg b="87" coul="1" g="163" ordre="3" r="182" source="colorific" type="frg">#b6a357</contenuImg>
            <contenuImg b="20" coul="1" g="31" ordre="2" r="19" source="colorific" type="frg">#131f14</contenuImg>
            <contenuImg b="143" coul="1" g="142" ordre="1" r="160" source="colorific" type="frg">#a08e8f</contenuImg>
            <contenuImg CS="1.0" lang="en" source="md">decorative patterns</contenuImg>
            <contenuImg CS="1.0" lang="en" source="md">architectural decoration and ornament</contenuImg>
            <contenuImg CS="1.0" lang="en" source="md">palmettes (ornament)</contenuImg>
            <contenuImg CS="1.0" lang="en" source="md">hoops</contenuImg>
            <contenuImg CS="1.0" lang="en" source="md">fantasy patterns</contenuImg>
            <contenuImg CS="1.0" lang="en" source="md">swirls</contenuImg>
            <contenuImg CS="1.0" lang="en" source="md">curly</contenuImg>
            <contenuImg CS="0.22" coul="1" lang="en" source="google">bronze</contenuImg>
            <contenuImg CS="0.24" coul="1" lang="en" source="google">greenyellow</contenuImg>
            <contenuImg CS="0.25" coul="1" lang="en" source="google">darkolivegreen</contenuImg>
            <contenuImg CS="0.27" coul="1" lang="en" source="google">black</contenuImg>
            <contenuImg CS="0.30" coul="1" lang="en" source="google">bronze</contenuImg>
            <contenuImg CS="0.38" coul="1" lang="en" source="google">mediumwood</contenuImg>
            <contenuImg CS="0.28" coul="1" lang="en" source="google">brass</contenuImg>
            <contenuImg CS="0.72" coul="1" lang="en" source="google">black</contenuImg>
            <contenuImg CS="0.58" h="2973" lang="en" source="google" w="1667" x="5012" y="156.8">Art</contenuImg>
            <contenuImg CS="0.65" h="2973" lang="en" source="google" w="1667" x="5012" y="156.8">Visual arts</contenuImg>
            <contenuImg CS="0.66" h="2973" lang="en" source="google" w="1667" x="5012" y="156.8">Textile</contenuImg>
            <contenuImg CS="0.77" h="2973" lang="en" source="google" w="1667" x="5012" y="156.8">Pattern</contenuImg>
            <tech source="final">estampe/gravure</tech>
            <fonction source="md">papier-peint</fonction>
            <fonction source="final">papier-peint</fonction>
            <tech CS="1" source="hm">estampe/gravure</tech>
            <theme CS="1" source="md">0</theme>
            <contenuImg CS="1.0" lang="fr" source="md">Frises</contenuImg>
            <contenuImg CS="1.0" lang="fr" source="md">Volutes</contenuImg>
            <contenuImg CS="1.0" lang="fr" source="md">Motifs de fantaisie</contenuImg>
            <contenuImg CS="1.0" lang="fr" source="md">Arceaux</contenuImg>
            <contenuImg CS="1.0" lang="fr" source="md">Palmettes (ornement)</contenuImg>
            <contenuImg CS="1.0" lang="fr" source="md">Décoration et ornement architecturaux</contenuImg>
            <contenuImg CS="1.0" lang="fr" source="md">Motifs décoratifs</contenuImg>
            <titraille>Bordure : papier peint</titraille>
          </ill>
        </ills>
      </page>
    </pages>
  </contenus>
</analyseAlto>