<analyseAlto>
  <metad>
    <type>I</type>
    <ID>btv1b69002098</ID>
    <titre>Manufacture Chapuy. Bordure. Une bande de frise principale de palmettes et fleurons de fantaisie : papier peint</titre>
    <dateEdition>1799</dateEdition>
    <auteur>inconnu</auteur>
    <lang>fre</lang>
    <source>Bibliothèque nationale de France, département Estampes et photographie, EST LI-15</source>
    <sujet>Frises -- Palmettes de fantaisie (ornement) -- Grecques (ornement) -- Fleurons (ornement) -- Camaïeu, Peinture en -- Motifs décoratifs -- 1789-1799</sujet>
    <descr>Appartient à l’ensemble documentaire : PaPeint18 -- Papier peint</descr>
    <format>inconnu</format>
    <couverture>inconnu</couverture>
    <largeurPx>6640</largeurPx>
    <hauteurPx>3672</hauteurPx>
    <ocr>false</ocr>
    <toc>false</toc>
    <caption>false</caption>
    <nbPage>1</nbPage>
  </metad>
  <contenus ocr="false" toc="false">
    <largeur>281</largeur>
    <hauteur>155</hauteur>
    <largeurPx>6640</largeurPx>
    <hauteurPx>3672</hauteurPx>
    <pages>
      <page ordre="1">
        <blocIll ocr="1">1</blocIll>
        <ills>
          <ill classif="CCgoogle" couleur="coul" h="3672" hash="ffdd5755080000ff" n="1-1" taille="11" w="6640" x="1" y="1">
            <contenuImg CS="0.74" h="2360" lang="fr" source="google" w="2365" x="1618" y="367.2">modèle motif</contenuImg>
            <contenuImg CS="0.74" h="2360" lang="fr" source="google" w="2365" x="1618" y="367.2">modèle</contenuImg>
            <contenuImg CS="0.69" h="2360" lang="fr" source="google" w="2365" x="1618" y="367.2">police de caractère</contenuImg>
            <contenuImg CS="0.65" h="2360" lang="fr" source="google" w="2365" x="1618" y="367.2">arts visuels</contenuImg>
            <contenuImg CS="0.50" h="2360" lang="fr" source="google" w="2365" x="1618" y="367.2">art</contenuImg>
            <contenuImg CS="0.19" coul="1" lang="fr" source="google">noir</contenuImg>
            <contenuImg CS="0.60" coul="1" lang="fr" source="google">vieil or</contenuImg>
            <contenuImg CS="0.33" coul="1" lang="fr" source="google">laiton</contenuImg>
            <contenuImg CS="0.23" coul="1" lang="fr" source="google">bronze</contenuImg>
            <contenuImg b="86" coul="1" g="182" r="205" source="colorific" type="bkg">#cdb656</contenuImg>
            <contenuImg b="107" coul="1" g="104" ordre="6" r="108" source="colorific" type="frg">#6c686b</contenuImg>
            <contenuImg b="19" coul="1" g="33" ordre="5" r="40" source="colorific" type="frg">#282113</contenuImg>
            <contenuImg b="83" coul="1" g="54" ordre="4" r="30" source="colorific" type="frg">#1e3653</contenuImg>
            <contenuImg b="65" coul="1" g="103" ordre="3" r="111" source="colorific" type="frg">#6f6741</contenuImg>
            <contenuImg b="41" coul="1" g="46" ordre="2" r="40" source="colorific" type="frg">#282e29</contenuImg>
            <contenuImg b="0" coul="1" g="0" ordre="1" r="0" source="colorific" type="frg">#000000</contenuImg>
            <contenuImg CS="1.0" lang="en" source="md">decorative patterns - 1789-1799</contenuImg>
            <contenuImg CS="1.0" lang="en" source="md">camaïeu painting</contenuImg>
            <contenuImg CS="1.0" lang="en" source="md">flowerets (ornament)</contenuImg>
            <contenuImg CS="1.0" lang="en" source="md">Greek (ornament)</contenuImg>
            <contenuImg CS="1.0" lang="en" source="md">fancy palmettes (Ornament)</contenuImg>
            <contenuImg CS="1.0" lang="en" source="md">curly</contenuImg>
            <contenuImg CS="0.23" coul="1" lang="en" source="google">bronze</contenuImg>
            <contenuImg CS="0.33" coul="1" lang="en" source="google">brass</contenuImg>
            <contenuImg CS="0.60" coul="1" lang="en" source="google">oldgold</contenuImg>
            <contenuImg CS="0.09" coul="1" lang="en" source="google">oldgold</contenuImg>
            <contenuImg CS="0.19" coul="1" lang="en" source="google">black</contenuImg>
            <contenuImg CS="0.46" coul="1" lang="en" source="google">bronze</contenuImg>
            <contenuImg CS="0.61" coul="1" lang="en" source="google">brass</contenuImg>
            <contenuImg CS="0.50" h="2360" lang="en" source="google" w="2365" x="1618" y="367.2">Art</contenuImg>
            <contenuImg CS="0.65" h="2360" lang="en" source="google" w="2365" x="1618" y="367.2">Visual arts</contenuImg>
            <contenuImg CS="0.69" h="2360" lang="en" source="google" w="2365" x="1618" y="367.2">Font</contenuImg>
            <contenuImg CS="0.74" h="2360" lang="en" source="google" w="2365" x="1618" y="367.2">Pattern</contenuImg>
            <tech source="final">estampe/gravure</tech>
            <fonction source="md">papier-peint</fonction>
            <fonction source="final">papier-peint</fonction>
            <tech CS="1" source="hm">estampe/gravure</tech>
            <theme CS="1" source="md">0</theme>
            <contenuImg CS="1.0" lang="fr" source="md">Frises</contenuImg>
            <contenuImg CS="1.0" lang="fr" source="md">Palmettes de fantaisie (ornement)</contenuImg>
            <contenuImg CS="1.0" lang="fr" source="md">Grecques (ornement)</contenuImg>
            <contenuImg CS="1.0" lang="fr" source="md">Fleurons (ornement)</contenuImg>
            <contenuImg CS="1.0" lang="fr" source="md">Peinture en camaïeu</contenuImg>
            <contenuImg CS="1.0" lang="fr" source="md">Motifs décoratifs -- 1789-1799</contenuImg>
            <titraille>Manufacture Chapuy. Bordure. Une bande de frise principale de palmettes et fleurons de fantaisie : papier peint</titraille>
          </ill>
        </ills>
      </page>
    </pages>
  </contenus>
</analyseAlto>