<analyseAlto>
  <metad>
    <type>I</type>
    <ID>btv1b6900031d</ID>
    <titre>Manufacture Bon. Papier à motif répétitif. Motif répétitif à deux chemins, en quinconce : paysage avec un temple et roses : papier peint</titre>
    <dateEdition>1799</dateEdition>
    <auteur>inconnu</auteur>
    <lang>fre</lang>
    <source>Bibliothèque nationale de France, département Estampes et photographie, EST LI-15</source>
    <sujet>Roses -- Constructions -- Carreaux -- Frises -- Fleurs (ornement) -- Camaïeu, Peinture en -- Paysages -- Motifs décoratifs -- 1789-1799</sujet>
    <descr>Appartient à l’ensemble documentaire : PaPeint18 -- Papier peint</descr>
    <format>inconnu</format>
    <couverture>inconnu</couverture>
    <largeurPx>6624</largeurPx>
    <hauteurPx>5648</hauteurPx>
    <ocr>false</ocr>
    <toc>false</toc>
    <caption>false</caption>
    <nbPage>1</nbPage>
  </metad>
  <contenus ocr="false" toc="false">
    <largeur>280</largeur>
    <hauteur>239</hauteur>
    <largeurPx>6624</largeurPx>
    <hauteurPx>5648</hauteurPx>
    <pages>
      <page ordre="1">
        <blocIll ocr="1">1</blocIll>
        <ills>
          <ill classif="CCgoogle" couleur="coul" h="5648" hash="e6ef818900eeef09" n="1-1" taille="17" w="6624" x="1" y="1">
            <contenuImg CS="0.74" h="3638" lang="fr" source="google" w="2731" x="1431.4" y="564.8">textile</contenuImg>
            <contenuImg CS="0.79" h="3638" lang="fr" source="google" w="2731" x="1431.4" y="564.8">botanique</contenuImg>
            <contenuImg CS="0.68" lang="fr" source="google">roses de jardin</contenuImg>
            <contenuImg CS="0.56" lang="fr" source="google">rose (plante)</contenuImg>
            <contenuImg CS="0.62" lang="fr" source="google">modèle motif</contenuImg>
            <contenuImg CS="0.81" h="3638" lang="fr" source="google" w="2731" x="1431.4" y="564.8">travaux d'aiguille</contenuImg>
            <contenuImg CS="0.71" h="3638" lang="fr" source="google" w="2731" x="1431.4" y="564.8">plante</contenuImg>
            <contenuImg CS="0.68" lang="fr" source="google">fleur</contenuImg>
            <contenuImg CS="0.62" lang="fr" source="google">modèle</contenuImg>
            <contenuImg CS="0.58" lang="fr" source="google">art</contenuImg>
            <contenuImg CS="0.31" coul="1" lang="fr" source="google">saumon</contenuImg>
            <contenuImg CS="0.21" coul="1" lang="fr" source="google">vert foncé</contenuImg>
            <contenuImg CS="0.15" coul="1" lang="fr" source="google">morceaux de chocolat</contenuImg>
            <contenuImg CS="0.04" coul="1" lang="fr" source="google">bleu cadet</contenuImg>
            <contenuImg CS="0.37" coul="1" lang="fr" source="google">bronze</contenuImg>
            <contenuImg b="185" coul="1" g="163" r="136" source="colorific" type="bkg">#88a3b9</contenuImg>
            <contenuImg b="24" coul="1" g="42" ordre="6" r="59" source="colorific" type="frg">#3b2a18</contenuImg>
            <contenuImg b="156" coul="1" g="147" ordre="5" r="198" source="colorific" type="frg">#c6939c</contenuImg>
            <contenuImg b="53" coul="1" g="60" ordre="4" r="36" source="colorific" type="frg">#243c35</contenuImg>
            <contenuImg b="101" coul="1" g="116" ordre="3" r="83" source="colorific" type="frg">#537465</contenuImg>
            <contenuImg b="86" coul="1" g="87" ordre="2" r="94" source="colorific" type="frg">#5e5756</contenuImg>
            <contenuImg b="26" coul="1" g="48" ordre="1" r="93" source="colorific" type="frg">#5d301a</contenuImg>
            <contenuImg CS="1.0" lang="en" source="md">decorative patterns - 1789-1799</contenuImg>
            <contenuImg CS="1.0" lang="en" source="md">landscapes</contenuImg>
            <contenuImg CS="1.0" lang="en" source="md">camaïeu painting</contenuImg>
            <contenuImg CS="1.0" lang="en" source="md">flowers (ornament)</contenuImg>
            <contenuImg CS="1.0" lang="en" source="md">curly</contenuImg>
            <contenuImg CS="1.0" lang="en" source="md">tiles</contenuImg>
            <contenuImg CS="1.0" lang="en" source="md">constructions</contenuImg>
            <contenuImg CS="1.0" lang="en" source="md">roses (flowers)</contenuImg>
            <contenuImg CS="0.37" coul="1" lang="en" source="google">bronze</contenuImg>
            <contenuImg CS="0.04" coul="1" lang="en" source="google">cadetblue</contenuImg>
            <contenuImg CS="0.15" coul="1" lang="en" source="google">semisweetchocolate</contenuImg>
            <contenuImg CS="0.21" coul="1" lang="en" source="google">darkgreen</contenuImg>
            <contenuImg CS="0.31" coul="1" lang="en" source="google">salmon</contenuImg>
            <contenuImg CS="0.76" coul="1" lang="en" source="google">cadetblue</contenuImg>
            <contenuImg CS="0.56" coul="1" lang="en" source="google">Rose</contenuImg>
            <contenuImg CS="0.58" lang="en" source="google">Art</contenuImg>
            <contenuImg CS="0.62" lang="en" source="google">Pattern</contenuImg>
            <contenuImg CS="0.68" lang="en" source="google">Garden roses</contenuImg>
            <contenuImg CS="0.68" lang="en" source="google">Flower</contenuImg>
            <contenuImg CS="0.71" h="3638" lang="en" source="google" w="2731" x="1431.4" y="564.8">Plant</contenuImg>
            <contenuImg CS="0.74" h="3638" lang="en" source="google" w="2731" x="1431.4" y="564.8">Textile</contenuImg>
            <contenuImg CS="0.79" h="3638" lang="en" source="google" w="2731" x="1431.4" y="564.8">Botany</contenuImg>
            <contenuImg CS="0.81" h="3638" lang="en" source="google" w="2731" x="1431.4" y="564.8">Needlework</contenuImg>
            <tech source="final">estampe/gravure</tech>
            <fonction source="md">papier-peint</fonction>
            <fonction source="final">papier-peint</fonction>
            <tech CS="1" source="hm">estampe/gravure</tech>
            <theme CS="1" source="md">0</theme>
            <contenuImg CS="1.0" lang="fr" source="md">Roses</contenuImg>
            <contenuImg CS="1.0" lang="fr" source="md">Constructions</contenuImg>
            <contenuImg CS="1.0" lang="fr" source="md">Carreaux</contenuImg>
            <contenuImg CS="1.0" lang="fr" source="md">Frises</contenuImg>
            <contenuImg CS="1.0" lang="fr" source="md">Fleurs (ornement)</contenuImg>
            <contenuImg CS="1.0" lang="fr" source="md">Peinture en camaïeu</contenuImg>
            <contenuImg CS="1.0" lang="fr" source="md">Paysages</contenuImg>
            <contenuImg CS="1.0" lang="fr" source="md">Motifs décoratifs -- 1789-1799</contenuImg>
            <titraille>Manufacture Bon. Papier à motif répétitif. Motif répétitif à deux chemins, en quinconce : paysage avec un temple et roses : papier peint</titraille>
          </ill>
        </ills>
      </page>
    </pages>
  </contenus>
</analyseAlto>