<analyseAlto>
  <metad>
    <type>I</type>
    <ID>btv1b6900361k</ID>
    <titre>Manufacture Jacquemart et Bénard. Papier à motif répétitif. Motif répétitif en arabesque à un chemin combinant des festons de fleurs suspendus à un culot  : papier peint</titre>
    <dateEdition>1799</dateEdition>
    <auteur>inconnu</auteur>
    <lang>fre</lang>
    <source>Bibliothèque nationale de France, département Estampes et photographie, Lz-313 (01)-Tableau</source>
    <sujet>Acanthes -- Laurus -- Bouquets de fleurs -- Roses -- Tulipes -- Primevères -- Renoncules -- Culots (architecture) -- Motifs en arabesque -- Festons -- Fleurs stylisées (ornement) -- Rinceaux -- Vases à l_antique -- Noeuds (ornement) -- Altéa -- Fleurs (ornement) -- Motifs décoratifs -- 1789-1799</sujet>
    <descr>Appartient à l’ensemble documentaire : PaPeint18 -- Papier peint</descr>
    <format>inconnu</format>
    <couverture>inconnu</couverture>
    <largeurPx>7225</largeurPx>
    <hauteurPx>15555</hauteurPx>
    <ocr>false</ocr>
    <toc>false</toc>
    <nbPage>1</nbPage>
  </metad>
  <contenus ocr="false" toc="false">
    <largeur>305</largeur>
    <hauteur>658</hauteur>
    <largeurPx>7225</largeurPx>
    <hauteurPx>15555</hauteurPx>
    <pages>
      <page ordre="1">
        <blocIll ocr="1">1</blocIll>
        <ills>
          <ill classif="CCgoogle" couleur="coul" h="15555" hash="e381c1a1c2e7e7c6" n="1-1" taille="52" w="7225" x="1" y="1">
            <contenuImg CS="0.81" h="1985" lang="fr" source="google" w="1980" x="722.5" y="1768.5">textile</contenuImg>
            <contenuImg CS="0.86" h="1985" lang="fr" source="google" w="1980" x="722.5" y="1768.5">botanique</contenuImg>
            <contenuImg CS="0.68" lang="fr" source="google">pédicelle</contenuImg>
            <contenuImg CS="0.64" lang="fr" source="google">fleurs sauvages</contenuImg>
            <contenuImg CS="0.71" lang="fr" source="google">modèle motif</contenuImg>
            <contenuImg CS="0.81" h="1985" lang="fr" source="google" w="1980" x="722.5" y="1768.5">broderie</contenuImg>
            <contenuImg CS="0.81" h="1985" lang="fr" source="google" w="1980" x="722.5" y="1768.5">plante</contenuImg>
            <contenuImg CS="0.73" lang="fr" source="google">fleur</contenuImg>
            <contenuImg CS="0.71" lang="fr" source="google">modèle</contenuImg>
            <contenuImg CS="0.68" lang="fr" source="google">travaux d'aiguille</contenuImg>
            <contenuImg CS="0.63" lang="fr" source="google">art</contenuImg>
            <contenuImg CS="0.30" coul="1" lang="fr" source="google">brique réfractaire</contenuImg>
            <contenuImg CS="0.27" coul="1" lang="fr" source="google">vert foncé</contenuImg>
            <contenuImg CS="0.27" coul="1" lang="fr" source="google">gris ardoise foncé</contenuImg>
            <contenuImg CS="0.21" coul="1" lang="fr" source="google">vert cuivre foncé</contenuImg>
            <contenuImg CS="0.21" coul="1" lang="fr" source="google">gris</contenuImg>
            <contenuImg b="182" coul="1" g="161" r="130" source="colorific" type="bkg">#82a1b6</contenuImg>
            <contenuImg b="63" coul="1" g="54" ordre="6" r="24" source="colorific" type="frg">#18363f</contenuImg>
            <contenuImg b="39" coul="1" g="48" ordre="5" r="137" source="colorific" type="frg">#893027</contenuImg>
            <contenuImg b="112" coul="1" g="108" ordre="4" r="130" source="colorific" type="frg">#826c70</contenuImg>
            <contenuImg b="117" coul="1" g="103" ordre="3" r="70" source="colorific" type="frg">#466775</contenuImg>
            <contenuImg b="46" coul="1" g="48" ordre="2" r="62" source="colorific" type="frg">#3e302e</contenuImg>
            <contenuImg b="75" coul="1" g="81" ordre="1" r="46" source="colorific" type="frg">#2e514b</contenuImg>
            <contenuImg CS="1.0" lang="en" source="md">decorative patterns - 1789-1799</contenuImg>
            <contenuImg CS="1.0" lang="en" source="md">flowers (ornament)</contenuImg>
            <contenuImg CS="1.0" lang="en" source="md">altéa (plantes)</contenuImg>
            <contenuImg CS="1.0" lang="en" source="md">knots (ornament)</contenuImg>
            <contenuImg CS="1.0" lang="en" source="md">vases in the antique</contenuImg>
            <contenuImg CS="1.0" lang="en" source="md">scrollwork</contenuImg>
            <contenuImg CS="1.0" lang="en" source="md">stylized flowers (ornament)</contenuImg>
            <contenuImg CS="1.0" lang="en" source="md">scallops</contenuImg>
            <contenuImg CS="1.0" lang="en" source="md">arabesque-shaped patterns</contenuImg>
            <contenuImg CS="1.0" lang="en" source="md">culots (architecture)</contenuImg>
            <contenuImg CS="1.0" lang="en" source="md">buttercups (flowers)</contenuImg>
            <contenuImg CS="1.0" lang="en" source="md">primroses (flowers)</contenuImg>
            <contenuImg CS="1.0" lang="en" source="md">tulips (flowers)</contenuImg>
            <contenuImg CS="1.0" lang="en" source="md">roses (flowers)</contenuImg>
            <contenuImg CS="1.0" lang="en" source="md">bouquets of flowers</contenuImg>
            <contenuImg CS="1.0" lang="en" source="md">Laurus (plants)</contenuImg>
            <contenuImg CS="1.0" lang="en" source="md">acanthus</contenuImg>
            <contenuImg CS="0.21" coul="1" lang="en" source="google">gray</contenuImg>
            <contenuImg CS="0.21" coul="1" lang="en" source="google">darkgreencopper</contenuImg>
            <contenuImg CS="0.27" coul="1" lang="en" source="google">darkslategrey</contenuImg>
            <contenuImg CS="0.27" coul="1" lang="en" source="google">darkgreen</contenuImg>
            <contenuImg CS="0.28" coul="1" lang="en" source="google">darkgreencopper</contenuImg>
            <contenuImg CS="0.30" coul="1" lang="en" source="google">firebrick</contenuImg>
            <contenuImg CS="0.76" coul="1" lang="en" source="google">darkslategrey</contenuImg>
            <contenuImg CS="0.63" lang="en" source="google">Art</contenuImg>
            <contenuImg CS="0.64" lang="en" source="google">Wildflower</contenuImg>
            <contenuImg CS="0.68" lang="en" source="google">Needlework</contenuImg>
            <contenuImg CS="0.68" lang="en" source="google">Pedicel</contenuImg>
            <contenuImg CS="0.71" lang="en" source="google">Pattern</contenuImg>
            <contenuImg CS="0.73" lang="en" source="google">Flower</contenuImg>
            <contenuImg CS="0.81" h="1985" lang="en" source="google" w="1980" x="722.5" y="1768.5">Plant</contenuImg>
            <contenuImg CS="0.81" h="1985" lang="en" source="google" w="1980" x="722.5" y="1768.5">Embroidery</contenuImg>
            <contenuImg CS="0.81" h="1985" lang="en" source="google" w="1980" x="722.5" y="1768.5">Textile</contenuImg>
            <contenuImg CS="0.86" h="1985" lang="en" source="google" w="1980" x="722.5" y="1768.5">Botany</contenuImg>
            <tech source="final">estampe/gravure</tech>
            <fonction source="md">papier-peint</fonction>
            <fonction source="final">papier-peint</fonction>
            <tech CS="1" source="hm">estampe/gravure</tech>
            <theme CS="1" source="md">0</theme>
            <contenuImg CS="1.0" lang="fr" source="md">Acanthes</contenuImg>
            <contenuImg CS="1.0" lang="fr" source="md">Laurus</contenuImg>
            <contenuImg CS="1.0" lang="fr" source="md">Bouquets de fleurs</contenuImg>
            <contenuImg CS="1.0" lang="fr" source="md">Roses</contenuImg>
            <contenuImg CS="1.0" lang="fr" source="md">Tulipes</contenuImg>
            <contenuImg CS="1.0" lang="fr" source="md">Primevères</contenuImg>
            <contenuImg CS="1.0" lang="fr" source="md">Renoncules</contenuImg>
            <contenuImg CS="1.0" lang="fr" source="md">Culots (architecture)</contenuImg>
            <contenuImg CS="1.0" lang="fr" source="md">Motifs en arabesque</contenuImg>
            <contenuImg CS="1.0" lang="fr" source="md">Festons</contenuImg>
            <contenuImg CS="1.0" lang="fr" source="md">Fleurs stylisées (ornement)</contenuImg>
            <contenuImg CS="1.0" lang="fr" source="md">Rinceaux</contenuImg>
            <contenuImg CS="1.0" lang="fr" source="md">Vases à l'antique</contenuImg>
            <contenuImg CS="1.0" lang="fr" source="md">Noeuds (ornement)</contenuImg>
            <contenuImg CS="1.0" lang="fr" source="md">Altéa</contenuImg>
            <contenuImg CS="1.0" lang="fr" source="md">Fleurs (ornement)</contenuImg>
            <contenuImg CS="1.0" lang="fr" source="md">Motifs décoratifs -- 1789-1799</contenuImg>
            <titraille>Manufacture Jacquemart et Bénard. Papier à motif répétitif. Motif répétitif en arabesque à un chemin combinant des festons de fleurs suspendus à un culot  : papier peint</titraille>
          </ill>
        </ills>
      </page>
    </pages>
  </contenus>
</analyseAlto>