<analyseAlto>
  <metad>
    <type>I</type>
    <ID>btv1b69014706</ID>
    <titre>Papier à motif répétitif : papier peint</titre>
    <dateEdition>1799</dateEdition>
    <auteur>inconnu</auteur>
    <lang>fre</lang>
    <source>Bibliothèque nationale de France, département Estampes et photographie, EST LI-19</source>
    <sujet>Rayures (ornements) -- Textiles et tissus -- Motifs décoratifs</sujet>
    <descr>Appartient à l’ensemble documentaire : PaPeint18 -- Papier peint</descr>
    <format>inconnu</format>
    <couverture>inconnu</couverture>
    <largeurPx>6496</largeurPx>
    <hauteurPx>6840</hauteurPx>
    <ocr>false</ocr>
    <toc>false</toc>
    <caption>false</caption>
    <nbPage>1</nbPage>
  </metad>
  <contenus ocr="false" toc="false">
    <largeur>274</largeur>
    <hauteur>289</hauteur>
    <largeurPx>6496</largeurPx>
    <hauteurPx>6840</hauteurPx>
    <pages>
      <page ordre="1">
        <blocIll ocr="1">1</blocIll>
        <ills>
          <ill classif="CCgoogle" couleur="coul" h="6840" hash="ffffadadad800000" n="1-1" taille="20" w="6496" x="1" y="1">
            <contenuImg CS="0.95" h="2289" lang="fr" source="google" w="4051" x="649.6" y="684">aqua</contenuImg>
            <contenuImg CS="0.88" lang="fr" source="google">bleu azur</contenuImg>
            <tech source="final">estampe/gravure</tech>
            <fonction source="md">papier-peint</fonction>
            <fonction source="final">papier-peint</fonction>
            <tech CS="1" source="md">estampe/gravure</tech>
            <contenuImg CS="0.72" lang="fr" source="google">modèle motif</contenuImg>
            <contenuImg CS="0.97" coul="1" h="2289" lang="fr" source="google" w="4051" x="649.6" y="684">bleu</contenuImg>
            <contenuImg CS="0.92" coul="1" h="2289" lang="fr" source="google" w="4051" x="649.6" y="684">turquoise</contenuImg>
            <contenuImg CS="0.92" h="2289" lang="fr" source="google" w="4051" x="649.6" y="684">ligne</contenuImg>
            <contenuImg CS="0.84" coul="1" lang="fr" source="google">bleu canard</contenuImg>
            <contenuImg CS="0.72" lang="fr" source="google">modèle</contenuImg>
            <contenuImg CS="0.63" lang="fr" source="google">parallèle</contenuImg>
            <contenuImg CS="0.26" coul="1" lang="fr" source="google">argent</contenuImg>
            <contenuImg CS="0.12" coul="1" lang="fr" source="google">gris clair</contenuImg>
            <contenuImg CS="0.01" coul="1" lang="fr" source="google">quartz</contenuImg>
            <contenuImg CS="0.01" coul="1" lang="fr" source="google">vert pâle</contenuImg>
            <contenuImg b="192" coul="1" g="182" r="166" source="colorific" type="bkg">#a6b6c0</contenuImg>
            <contenuImg b="255" coul="1" g="255" ordre="1" r="255" source="colorific" type="frg">#ffffff</contenuImg>
            <contenuImg CS="1.0" lang="en" source="md">decorative patterns</contenuImg>
            <contenuImg CS="1.0" lang="en" source="md">textiles and fabrics</contenuImg>
            <contenuImg CS="1.0" lang="en" source="md">stripes (ornaments)</contenuImg>
            <contenuImg CS="0.01" coul="1" lang="en" source="google">palegreen</contenuImg>
            <contenuImg CS="0.01" coul="1" lang="en" source="google">quartz</contenuImg>
            <contenuImg CS="0.12" coul="1" lang="en" source="google">lightgray</contenuImg>
            <contenuImg CS="0.26" coul="1" lang="en" source="google">silver</contenuImg>
            <contenuImg CS="0.35" coul="1" lang="en" source="google">silver</contenuImg>
            <contenuImg CS="1.97" coul="1" lang="en" source="google">lightgray</contenuImg>
            <contenuImg CS="2.28" coul="1" lang="en" source="google">silver</contenuImg>
            <contenuImg CS="0.63" lang="en" source="google">Parallel</contenuImg>
            <contenuImg CS="0.72" lang="en" source="google">Pattern</contenuImg>
            <contenuImg CS="0.84" coul="1" lang="en" source="google">Teal</contenuImg>
            <contenuImg CS="0.88" lang="en" source="google">Azure</contenuImg>
            <contenuImg CS="0.92" h="2289" lang="en" source="google" w="4051" x="649.6" y="684">Line</contenuImg>
            <contenuImg CS="0.92" coul="1" h="2289" lang="en" source="google" w="4051" x="649.6" y="684">Turquoise</contenuImg>
            <contenuImg CS="0.95" h="2289" lang="en" source="google" w="4051" x="649.6" y="684">Aqua</contenuImg>
            <contenuImg CS="0.97" coul="1" h="2289" lang="en" source="google" w="4051" x="649.6" y="684">Blue</contenuImg>
            <theme CS="1" source="md">0</theme>
            <contenuImg CS="1.0" lang="fr" source="md">Rayures (ornements)</contenuImg>
            <contenuImg CS="1.0" lang="fr" source="md">Textiles et tissus</contenuImg>
            <contenuImg CS="1.0" lang="fr" source="md">Motifs décoratifs</contenuImg>
            <titraille>Papier à motif répétitif : papier peint</titraille>
          </ill>
        </ills>
      </page>
    </pages>
  </contenus>
</analyseAlto>