<analyseAlto>
  <metad>
    <type>I</type>
    <ID>btv1b6901581b</ID>
    <titre>Manufacture Soury et Cie. Lambris (?) à motif de balustrade en lyre : papier peint / Vielle</titre>
    <dateEdition>1799</dateEdition>
    <auteur>Vielle (dessinateur de papiers peints). Peintre du modèle</auteur>
    <lang>fre</lang>
    <source>Bibliothèque nationale de France</source>
    <sujet>Lambris -- Balustrades -- Lyre -- Acanthes -- Fleurons (ornement) -- Palmettes (ornement) -- Décoration et ornement architecturaux -- 1789-1799 -- Motifs décoratifs -- 1789-1799</sujet>
    <descr>Appartient à l’ensemble documentaire : PaPeint18 -- Appartient à l’ensemble documentaire : Rtmgus1 -- Papier peint</descr>
    <format>inconnu</format>
    <couverture>inconnu</couverture>
    <largeurPx>3424</largeurPx>
    <hauteurPx>6888</hauteurPx>
    <ocr>false</ocr>
    <toc>false</toc>
    <nbPage>2</nbPage>
  </metad>
  <contenus ocr="false" toc="false">
    <largeur>144</largeur>
    <hauteur>291</hauteur>
    <largeurPx>3424</largeurPx>
    <hauteurPx>6888</hauteurPx>
    <pages>
      <page ordre="1">
        <blocIll ocr="1">1</blocIll>
        <ills>
          <ill classif="CCgoogle" couleur="coul" h="6888" hash="00d7d8d8f707ff00" n="1-1" taille="10" w="3424" x="1" y="1">
            <contenuImg CS="0.61" h="3325" lang="fr" source="google" w="3320" x="342.4" y="2369.8">ornement</contenuImg>
            <contenuImg CS="0.13" coul="1" lang="fr" source="google">noir</contenuImg>
            <contenuImg CS="0.03" coul="1" lang="fr" source="google">brun foncé</contenuImg>
            <contenuImg CS="0.59" coul="1" lang="fr" source="google">saumon</contenuImg>
            <contenuImg CS="0.33" coul="1" lang="fr" source="google">bronze</contenuImg>
            <contenuImg CS="0.25" coul="1" lang="fr" source="google">bois moyen</contenuImg>
            <contenuImg CS="0.11" coul="1" lang="fr" source="google">argent</contenuImg>
            <contenuImg b="84" coul="1" g="112" r="146" source="colorific" type="bkg">#927054</contenuImg>
            <contenuImg b="76" coul="1" g="87" ordre="5" r="102" source="colorific" type="frg">#66574c</contenuImg>
            <contenuImg b="29" coul="1" g="33" ordre="4" r="46" source="colorific" type="frg">#2e211d</contenuImg>
            <contenuImg b="159" coul="1" g="177" ordre="3" r="195" source="colorific" type="frg">#c3b19f</contenuImg>
            <contenuImg b="0" coul="1" g="0" ordre="2" r="0" source="colorific" type="frg">#000000</contenuImg>
            <contenuImg b="255" coul="1" g="255" ordre="1" r="255" source="colorific" type="frg">#ffffff</contenuImg>
            <contenuImg CS="1.0" lang="en" source="md">decorative patterns - 1789-1799</contenuImg>
            <contenuImg CS="1.0" lang="en" source="md">architectural decoration and ornament - 1789-1799</contenuImg>
            <contenuImg CS="1.0" lang="en" source="md">palmettes (ornament)</contenuImg>
            <contenuImg CS="1.0" lang="en" source="md">flowerets (ornament)</contenuImg>
            <contenuImg CS="1.0" lang="en" source="md">acanthus</contenuImg>
            <contenuImg CS="1.0" lang="en" source="md">lyre</contenuImg>
            <contenuImg CS="1.0" lang="en" source="md">balustrades</contenuImg>
            <contenuImg CS="1.0" lang="en" source="md">paneling</contenuImg>
            <contenuImg CS="0.11" coul="1" lang="en" source="google">silver</contenuImg>
            <contenuImg CS="0.25" coul="1" lang="en" source="google">mediumwood</contenuImg>
            <contenuImg CS="0.33" coul="1" lang="en" source="google">bronze</contenuImg>
            <contenuImg CS="0.59" coul="1" lang="en" source="google">salmon</contenuImg>
            <contenuImg CS="0.03" coul="1" lang="en" source="google">darktan</contenuImg>
            <contenuImg CS="0.13" coul="1" lang="en" source="google">black</contenuImg>
            <contenuImg CS="3.02" coul="1" lang="en" source="google">silver</contenuImg>
            <contenuImg CS="0.61" h="3325" lang="en" source="google" w="3320" x="342.4" y="2369.8">Ornament</contenuImg>
            <tech source="final">estampe/gravure</tech>
            <fonction source="md">papier-peint</fonction>
            <fonction source="final">papier-peint</fonction>
            <tech CS="1" source="hm">estampe/gravure</tech>
            <theme CS="1" source="md">0</theme>
            <contenuImg CS="1.0" lang="fr" source="md">Lambris</contenuImg>
            <contenuImg CS="1.0" lang="fr" source="md">Balustrades</contenuImg>
            <contenuImg CS="1.0" lang="fr" source="md">Lyre</contenuImg>
            <contenuImg CS="1.0" lang="fr" source="md">Acanthes</contenuImg>
            <contenuImg CS="1.0" lang="fr" source="md">Fleurons (ornement)</contenuImg>
            <contenuImg CS="1.0" lang="fr" source="md">Palmettes (ornement)</contenuImg>
            <contenuImg CS="1.0" lang="fr" source="md">Décoration et ornement architecturaux -- 1789-1799</contenuImg>
            <contenuImg CS="1.0" lang="fr" source="md">Motifs décoratifs -- 1789-1799</contenuImg>
            <titraille>Manufacture Soury et Cie. Lambris (?) à motif de balustrade en lyre : papier peint / Vielle</titraille>
          </ill>
        </ills>
      </page>
      <page ordre="2">
        <blocIll ocr="1">1</blocIll>
        <ills>
          <ill classif="CCgoogle" couleur="coul" h="6792" hash="dd7050d8fa07ff00" n="2-1" taille="10" w="3408" x="1" y="1">
            <contenuImg CS="0.55" h="3325" lang="fr" source="google" w="3320" x="340.8" y="2332.2">instrument à cordes</contenuImg>
            <contenuImg CS="0.51" h="3325" lang="fr" source="google" w="3320" x="340.8" y="2332.2">métal</contenuImg>
            <contenuImg CS="3.50" coul="1" lang="fr" source="google">argent</contenuImg>
            <contenuImg CS="0.20" coul="1" lang="fr" source="google">noir</contenuImg>
            <contenuImg CS="0.01" coul="1" lang="fr" source="google">chocolat à pâtisser</contenuImg>
            <contenuImg CS="0.37" coul="1" lang="fr" source="google">bois foncé</contenuImg>
            <contenuImg CS="0.15" coul="1" lang="fr" source="google">saumon</contenuImg>
            <contenuImg CS="0.14" coul="1" lang="fr" source="google">rose</contenuImg>
            <contenuImg b="60" coul="1" g="80" r="115" source="colorific" type="bkg">#73503c</contenuImg>
            <contenuImg b="90" coul="1" g="102" ordre="5" r="112" source="colorific" type="frg">#70665a</contenuImg>
            <contenuImg b="255" coul="1" g="255" ordre="4" r="255" source="colorific" type="frg">#ffffff</contenuImg>
            <contenuImg b="21" coul="1" g="34" ordre="3" r="39" source="colorific" type="frg">#272215</contenuImg>
            <contenuImg b="0" coul="1" g="0" ordre="2" r="0" source="colorific" type="frg">#000000</contenuImg>
            <contenuImg b="166" coul="1" g="173" ordre="1" r="179" source="colorific" type="frg">#b3ada6</contenuImg>
            <contenuImg CS="1.0" lang="en" source="md">decorative patterns - 1789-1799</contenuImg>
            <contenuImg CS="1.0" lang="en" source="md">architectural decoration and ornament - 1789-1799</contenuImg>
            <contenuImg CS="1.0" lang="en" source="md">palmettes (ornament)</contenuImg>
            <contenuImg CS="1.0" lang="en" source="md">flowerets (ornament)</contenuImg>
            <contenuImg CS="1.0" lang="en" source="md">acanthus</contenuImg>
            <contenuImg CS="1.0" lang="en" source="md">lyre</contenuImg>
            <contenuImg CS="1.0" lang="en" source="md">balustrades</contenuImg>
            <contenuImg CS="1.0" lang="en" source="md">paneling</contenuImg>
            <contenuImg CS="0.14" coul="1" lang="en" source="google">pink</contenuImg>
            <contenuImg CS="0.15" coul="1" lang="en" source="google">salmon</contenuImg>
            <contenuImg CS="0.37" coul="1" lang="en" source="google">darkwood</contenuImg>
            <contenuImg CS="0.01" coul="1" lang="en" source="google">bakerschocolate</contenuImg>
            <contenuImg CS="0.20" coul="1" lang="en" source="google">black</contenuImg>
            <contenuImg CS="3.50" coul="1" lang="en" source="google">silver</contenuImg>
            <contenuImg CS="0.51" h="3325" lang="en" source="google" w="3320" x="340.8" y="2332.2">Metal</contenuImg>
            <contenuImg CS="0.55" h="3325" lang="en" source="google" w="3320" x="340.8" y="2332.2">String instrument</contenuImg>
            <tech source="final">estampe/gravure</tech>
            <fonction source="md">papier-peint</fonction>
            <fonction source="final">papier-peint</fonction>
            <tech CS="1" source="hm">estampe/gravure</tech>
            <theme CS="1" source="md">0</theme>
            <contenuImg CS="1.0" lang="fr" source="md">Lambris</contenuImg>
            <contenuImg CS="1.0" lang="fr" source="md">Balustrades</contenuImg>
            <contenuImg CS="1.0" lang="fr" source="md">Lyre</contenuImg>
            <contenuImg CS="1.0" lang="fr" source="md">Acanthes</contenuImg>
            <contenuImg CS="1.0" lang="fr" source="md">Fleurons (ornement)</contenuImg>
            <contenuImg CS="1.0" lang="fr" source="md">Palmettes (ornement)</contenuImg>
            <contenuImg CS="1.0" lang="fr" source="md">Décoration et ornement architecturaux -- 1789-1799</contenuImg>
            <contenuImg CS="1.0" lang="fr" source="md">Motifs décoratifs -- 1789-1799</contenuImg>
            <titraille>Manufacture Soury et Cie. Lambris (?) à motif de balustrade en lyre : papier peint / Vielle</titraille>
          </ill>
        </ills>
      </page>
    </pages>
  </contenus>
</analyseAlto>