<analyseAlto>
  <metad>
    <type>I</type>
    <ID>btv1b69008404</ID>
    <titre>Bordure : papier peint</titre>
    <dateEdition>1803</dateEdition>
    <auteur>Jacquemart et Bénard (Manufacture). Fonction indéterminée</auteur>
    <lang>fre</lang>
    <source>Bibliothèque nationale de France</source>
    <sujet>Frises -- Motifs en accordéon -- Rosettes (ornement) -- Palmettes (ornement) -- Arceaux -- Motifs décoratifs</sujet>
    <descr>Appartient à l’ensemble documentaire : PaPeint18 -- Papier peint</descr>
    <format>inconnu</format>
    <couverture>inconnu</couverture>
    <largeurPx>5544</largeurPx>
    <hauteurPx>6768</hauteurPx>
    <ocr>false</ocr>
    <toc>false</toc>
    <nbPage>1</nbPage>
  </metad>
  <contenus ocr="false" toc="false">
    <largeur>234</largeur>
    <hauteur>286</hauteur>
    <largeurPx>5544</largeurPx>
    <hauteurPx>6768</hauteurPx>
    <pages>
      <page ordre="1">
        <blocIll ocr="1">1</blocIll>
        <ills>
          <ill classif="CCgoogle" couleur="coul" h="6768" hash="ff0601078f030eff" n="1-1" taille="17" w="5544" x="1" y="1">
            <contenuImg CS="0.11" coul="1" lang="fr" source="google">bronze</contenuImg>
            <contenuImg CS="0.77" h="4270" lang="fr" source="google" w="2394" x="1252.4" y="676.8">conception</contenuImg>
            <contenuImg CS="0.77" h="4270" lang="fr" source="google" w="2394" x="1252.4" y="676.8">textile</contenuImg>
            <contenuImg CS="0.61" lang="fr" source="google">magenta</contenuImg>
            <contenuImg CS="0.64" lang="fr" source="google">modèle motif</contenuImg>
            <contenuImg CS="0.06" coul="1" lang="fr" source="google">marron très foncé</contenuImg>
            <contenuImg CS="0.77" h="4270" lang="fr" source="google" w="2394" x="1252.4" y="676.8">design</contenuImg>
            <contenuImg CS="0.73" h="4270" lang="fr" source="google" w="2394" x="1252.4" y="676.8">ligne</contenuImg>
            <contenuImg CS="0.64" lang="fr" source="google">modèle</contenuImg>
            <contenuImg CS="0.60" coul="1" lang="fr" source="google">beige</contenuImg>
            <contenuImg CS="0.53" lang="fr" source="google">design d'intérieur</contenuImg>
            <contenuImg CS="1.08" coul="1" lang="fr" source="google">marron foncé</contenuImg>
            <contenuImg CS="0.12" coul="1" lang="fr" source="google">bois moyen</contenuImg>
            <contenuImg CS="0.11" coul="1" lang="fr" source="google">jaune d'or</contenuImg>
            <contenuImg CS="0.07" coul="1" lang="fr" source="google">noir</contenuImg>
            <contenuImg CS="0.06" coul="1" lang="fr" source="google">verydarkbrown</contenuImg>
            <contenuImg b="97" coul="1" g="91" ordre="6" r="123" source="colorific" type="frg">#7b5b61</contenuImg>
            <contenuImg b="255" coul="1" g="255" ordre="5" r="255" source="colorific" type="frg">#ffffff</contenuImg>
            <contenuImg b="125" coul="1" g="104" ordre="4" r="197" source="colorific" type="frg">#c5687d</contenuImg>
            <contenuImg b="33" coul="1" g="33" ordre="3" r="35" source="colorific" type="frg">#232121</contenuImg>
            <contenuImg b="59" coul="1" g="106" ordre="2" r="163" source="colorific" type="frg">#a36a3b</contenuImg>
            <contenuImg b="135" coul="1" g="188" ordre="1" r="230" source="colorific" type="frg">#e6bc87</contenuImg>
            <contenuImg CS="1.0" lang="en" source="md">decorative patterns</contenuImg>
            <contenuImg CS="1.0" lang="en" source="md">hoops</contenuImg>
            <contenuImg CS="1.0" lang="en" source="md">palmettes (ornament)</contenuImg>
            <contenuImg CS="1.0" lang="en" source="md">rosettes (ornament)</contenuImg>
            <contenuImg CS="1.0" lang="en" source="md">accordion-shaped patterns</contenuImg>
            <contenuImg CS="1.0" lang="en" source="md">curly</contenuImg>
            <contenuImg CS="0.06" coul="1" lang="en" source="google">verydarkbrown</contenuImg>
            <contenuImg CS="0.07" coul="1" lang="en" source="google">black</contenuImg>
            <contenuImg CS="0.11" coul="1" lang="en" source="google">bronzeii</contenuImg>
            <contenuImg CS="0.11" coul="1" lang="en" source="google">mediumgoldenrod</contenuImg>
            <contenuImg CS="0.12" coul="1" lang="en" source="google">mediumwood</contenuImg>
            <contenuImg CS="1.08" coul="1" lang="en" source="google">darkbrown</contenuImg>
            <contenuImg CS="0.53" lang="en" source="google">Interior design</contenuImg>
            <contenuImg CS="0.60" coul="1" lang="en" source="google">Beige</contenuImg>
            <contenuImg CS="0.61" lang="en" source="google">Magenta</contenuImg>
            <contenuImg CS="0.64" lang="en" source="google">Pattern</contenuImg>
            <contenuImg CS="0.73" h="4270" lang="en" source="google" w="2394" x="1252.4" y="676.8">Line</contenuImg>
            <contenuImg CS="0.77" h="4270" lang="en" source="google" w="2394" x="1252.4" y="676.8">Textile</contenuImg>
            <contenuImg CS="0.77" h="4270" lang="en" source="google" w="2394" x="1252.4" y="676.8">Design</contenuImg>
            <contenuImg CS="0.94" h="4270" lang="en" source="google" w="2394" x="1252.4" y="676.8">Pattern</contenuImg>
            <tech source="final">estampe/gravure</tech>
            <fonction source="md">papier-peint</fonction>
            <fonction source="final">papier-peint</fonction>
            <tech CS="1" source="hm">estampe/gravure</tech>
            <theme CS="1" source="md">0</theme>
            <contenuImg CS="1.0" lang="fr" source="md">Frises</contenuImg>
            <contenuImg CS="1.0" lang="fr" source="md">Motifs en accordéon</contenuImg>
            <contenuImg CS="1.0" lang="fr" source="md">Rosettes (ornement)</contenuImg>
            <contenuImg CS="1.0" lang="fr" source="md">Palmettes (ornement)</contenuImg>
            <contenuImg CS="1.0" lang="fr" source="md">Arceaux</contenuImg>
            <contenuImg CS="1.0" lang="fr" source="md">Motifs décoratifs</contenuImg>
            <titraille>Bordure : papier peint</titraille>
          </ill>
        </ills>
      </page>
    </pages>
  </contenus>
</analyseAlto>