<analyseAlto>
  <metad>
    <type>I</type>
    <ID>btv1b6900990c</ID>
    <titre>Manufacture Hubert et Dinan. Papier à motif répétitif. Motif répétitif à deux chemins, en quinconce, de carreaux alternant la façade d_un temple à colonnes, une chimère, une femme assise sur un lion, un putto ailé et armé et des caissons en pointe de diamant : papier peint</titre>
    <dateEdition>1799</dateEdition>
    <auteur>inconnu</auteur>
    <lang>fre</lang>
    <source>Bibliothèque nationale de France, département Estampes et photographie, EST LI-15</source>
    <sujet>Constructions -- Temples -- Putti -- Lion -- Caissons (architecture) -- Animaux -- Femmes -- Chimère (mythologie grecque) -- Motifs en pointe-de-diamant -- Figures à l_antique -- Motifs décoratifs -- 1789-1799</sujet>
    <descr>Appartient à l’ensemble documentaire : PaPeint18 -- Papier peint</descr>
    <format>inconnu</format>
    <couverture>inconnu</couverture>
    <largeurPx>6488</largeurPx>
    <hauteurPx>5888</hauteurPx>
    <ocr>false</ocr>
    <toc>false</toc>
    <caption>false</caption>
    <nbPage>1</nbPage>
  </metad>
  <contenus ocr="false" toc="false">
    <largeur>274</largeur>
    <hauteur>249</hauteur>
    <largeurPx>6488</largeurPx>
    <hauteurPx>5888</hauteurPx>
    <pages>
      <page ordre="1">
        <blocIll ocr="1">1</blocIll>
        <ills>
          <ill classif="CCgoogle" couleur="coul" h="5888" hash="22bfcacc3351eaa8" n="1-1" taille="17" w="6488" x="1" y="1">
            <contenuImg CS="0.74" h="3876" lang="fr" source="google" w="2907" x="1289.8" y="588.8">conception</contenuImg>
            <contenuImg CS="0.69" h="3876" lang="fr" source="google" w="2907" x="1289.8" y="588.8">jeux</contenuImg>
            <contenuImg CS="0.50" lang="fr" source="google">modèle motif</contenuImg>
            <contenuImg CS="1.59" coul="1" lang="fr" source="google">bleu ardoise foncé</contenuImg>
            <contenuImg CS="0.45" coul="1" lang="fr" source="google">jaune foncé</contenuImg>
            <contenuImg CS="0.85" h="3876" lang="fr" source="google" w="2907" x="1289.8" y="588.8">texte</contenuImg>
            <contenuImg CS="0.74" h="3876" lang="fr" source="google" w="2907" x="1289.8" y="588.8">design</contenuImg>
            <contenuImg CS="0.69" h="3876" lang="fr" source="google" w="2907" x="1289.8" y="588.8">police de caractère</contenuImg>
            <contenuImg CS="0.64" lang="fr" source="google">personnage fictif</contenuImg>
            <contenuImg CS="0.56" lang="fr" source="google">insecte</contenuImg>
            <contenuImg CS="0.50" lang="fr" source="google">modèle</contenuImg>
            <contenuImg CS="0.50" lang="fr" source="google">illustration</contenuImg>
            <contenuImg CS="2.19" coul="1" lang="fr" source="google">bleu nuit</contenuImg>
            <contenuImg CS="0.25" coul="1" lang="fr" source="google">violet</contenuImg>
            <contenuImg b="136" coul="1" g="158" r="194" source="colorific" type="bkg">#c29e88</contenuImg>
            <contenuImg b="61" coul="1" g="79" ordre="5" r="102" source="colorific" type="frg">#664f3d</contenuImg>
            <contenuImg b="44" coul="1" g="76" ordre="4" r="193" source="colorific" type="frg">#c14c2c</contenuImg>
            <contenuImg b="13" coul="1" g="31" ordre="3" r="69" source="colorific" type="frg">#451f0d</contenuImg>
            <contenuImg b="11" coul="1" g="26" ordre="2" r="38" source="colorific" type="frg">#261a0b</contenuImg>
            <contenuImg b="92" coul="1" g="100" ordre="1" r="134" source="colorific" type="frg">#86645c</contenuImg>
            <contenuImg CS="1.0" lang="en" source="md">decorative patterns - 1789-1799</contenuImg>
            <contenuImg CS="1.0" lang="en" source="md">figures in the antique</contenuImg>
            <contenuImg CS="1.0" lang="en" source="md">diamond-point-shaped patterns</contenuImg>
            <contenuImg CS="1.0" lang="en" source="md">Chimera (Greek mythology)</contenuImg>
            <contenuImg CS="1.0" lang="en" source="md">women</contenuImg>
            <contenuImg CS="1.0" lang="en" source="md">animals</contenuImg>
            <contenuImg CS="1.0" lang="en" source="md">coffered ceiling (architecture)</contenuImg>
            <contenuImg CS="1.0" lang="en" source="md">lion</contenuImg>
            <contenuImg CS="1.0" lang="en" source="md">putti</contenuImg>
            <contenuImg CS="1.0" lang="en" source="md">temples</contenuImg>
            <contenuImg CS="1.0" lang="en" source="md">constructions</contenuImg>
            <contenuImg CS="0.25" coul="1" lang="en" source="google">violet</contenuImg>
            <contenuImg CS="0.45" coul="1" lang="en" source="google">darkyellow</contenuImg>
            <contenuImg CS="1.59" coul="1" lang="en" source="google">darkslateblue</contenuImg>
            <contenuImg CS="2.19" coul="1" lang="en" source="google">midnightblue</contenuImg>
            <contenuImg CS="0.50" lang="en" source="google">Illustration</contenuImg>
            <contenuImg CS="0.50" lang="en" source="google">Pattern</contenuImg>
            <contenuImg CS="0.56" lang="en" source="google">Insect</contenuImg>
            <contenuImg CS="0.64" lang="en" source="google">Fictional character</contenuImg>
            <contenuImg CS="0.66" lang="en" source="google">Pattern</contenuImg>
            <contenuImg CS="0.69" h="3876" lang="en" source="google" w="2907" x="1289.8" y="588.8">Font</contenuImg>
            <contenuImg CS="0.69" h="3876" lang="en" source="google" w="2907" x="1289.8" y="588.8">Games</contenuImg>
            <contenuImg CS="0.74" h="3876" lang="en" source="google" w="2907" x="1289.8" y="588.8">Design</contenuImg>
            <contenuImg CS="0.85" h="3876" lang="en" source="google" w="2907" x="1289.8" y="588.8">Text</contenuImg>
            <tech source="final">estampe/gravure</tech>
            <fonction source="md">papier-peint</fonction>
            <fonction source="final">papier-peint</fonction>
            <tech CS="1" source="hm">estampe/gravure</tech>
            <theme CS="1" source="md">0</theme>
            <contenuImg CS="1.0" lang="fr" source="md">Constructions</contenuImg>
            <contenuImg CS="1.0" lang="fr" source="md">Temples</contenuImg>
            <contenuImg CS="1.0" lang="fr" source="md">Putti</contenuImg>
            <contenuImg CS="1.0" lang="fr" source="md">Lion</contenuImg>
            <contenuImg CS="1.0" lang="fr" source="md">Caissons (architecture)</contenuImg>
            <contenuImg CS="1.0" lang="fr" source="md">Animaux</contenuImg>
            <contenuImg CS="1.0" lang="fr" source="md">Femmes</contenuImg>
            <contenuImg CS="1.0" lang="fr" source="md">Chimère (mythologie grecque)</contenuImg>
            <contenuImg CS="1.0" lang="fr" source="md">Motifs en pointe-de-diamant</contenuImg>
            <contenuImg CS="1.0" lang="fr" source="md">Figures à l'antique</contenuImg>
            <contenuImg CS="1.0" lang="fr" source="md">Motifs décoratifs -- 1789-1799</contenuImg>
            <titraille>Manufacture Hubert et Dinan. Papier à motif répétitif. Motif répétitif à deux chemins, en quinconce, de carreaux alternant la façade d_un temple à colonnes, une chimère, une femme assise sur un lion, un putto ailé et armé et des caissons en pointe de diamant : papier peint</titraille>
          </ill>
        </ills>
      </page>
    </pages>
  </contenus>
</analyseAlto>