<analyseAlto>
  <metad>
    <type>I</type>
    <ID>btv1b6901502q</ID>
    <titre>Papier à motif répétitif : papier peint</titre>
    <dateEdition>1799</dateEdition>
    <auteur>inconnu</auteur>
    <lang>fre</lang>
    <source>Bibliothèque nationale de France, département Estampes et photographie, EST LI-19</source>
    <sujet>Oiseaux -- Rosaces (architecture) -- Volutes -- Palmettes (ornement) -- Rosettes (ornement) -- Décoration et ornement architecturaux -- Motifs décoratifs</sujet>
    <descr>Appartient à l’ensemble documentaire : PaPeint18 -- Papier peint</descr>
    <format>inconnu</format>
    <couverture>inconnu</couverture>
    <largeurPx>6720</largeurPx>
    <hauteurPx>7136</hauteurPx>
    <ocr>false</ocr>
    <toc>false</toc>
    <caption>false</caption>
    <nbPage>1</nbPage>
  </metad>
  <contenus ocr="false" toc="false">
    <largeur>284</largeur>
    <hauteur>302</hauteur>
    <largeurPx>6720</largeurPx>
    <hauteurPx>7136</hauteurPx>
    <pages>
      <page ordre="1">
        <blocIll ocr="1">1</blocIll>
        <ills>
          <ill classif="CCgoogle" couleur="coul" h="7136" hash="661999994266ef66" n="1-1" taille="22" w="6720" x="1" y="1">
            <contenuImg CS="0.77" lang="fr" source="google">conception</contenuImg>
            <contenuImg CS="0.68" lang="fr" source="google">textile</contenuImg>
            <contenuImg CS="0.64" lang="fr" source="google">ornement</contenuImg>
            <contenuImg CS="0.93" h="4270" lang="fr" source="google" w="2394" x="1489" y="713.6">modèle motif</contenuImg>
            <contenuImg CS="0.94" coul="1" h="4270" lang="fr" source="google" w="2394" x="1489" y="713.6">bleu</contenuImg>
            <contenuImg CS="0.93" h="4270" lang="fr" source="google" w="2394" x="1489" y="713.6">modèle</contenuImg>
            <contenuImg CS="0.83" coul="1" h="4270" lang="fr" source="google" w="2394" x="1489" y="713.6">turquoise</contenuImg>
            <contenuImg CS="0.81" coul="1" h="4270" lang="fr" source="google" w="2394" x="1489" y="713.6">bleu canard</contenuImg>
            <contenuImg CS="0.77" lang="fr" source="google">design</contenuImg>
            <contenuImg CS="0.65" lang="fr" source="google">arts visuels</contenuImg>
            <contenuImg CS="0.64" lang="fr" source="google">illustration</contenuImg>
            <contenuImg CS="0.62" lang="fr" source="google">fond d'écran</contenuImg>
            <contenuImg CS="0.39" coul="1" lang="fr" source="google">gris</contenuImg>
            <contenuImg CS="0.39" coul="1" lang="fr" source="google">gris foncé</contenuImg>
            <contenuImg CS="0.39" coul="1" lang="fr" source="google">vert pâle</contenuImg>
            <contenuImg CS="0.31" coul="1" lang="fr" source="google">noir</contenuImg>
            <contenuImg CS="0.23" coul="1" lang="fr" source="google">argent</contenuImg>
            <contenuImg b="0" coul="1" g="0" r="0" source="colorific" type="bkg">#000000</contenuImg>
            <contenuImg b="255" coul="1" g="255" ordre="5" r="255" source="colorific" type="frg">#ffffff</contenuImg>
            <contenuImg b="53" coul="1" g="49" ordre="4" r="41" source="colorific" type="frg">#293135</contenuImg>
            <contenuImg b="80" coul="1" g="80" ordre="3" r="53" source="colorific" type="frg">#355050</contenuImg>
            <contenuImg b="132" coul="1" g="127" ordre="2" r="121" source="colorific" type="frg">#797f84</contenuImg>
            <contenuImg b="111" coul="1" g="91" ordre="1" r="78" source="colorific" type="frg">#4e5b6f</contenuImg>
            <contenuImg CS="1.0" lang="en" source="md">decorative patterns</contenuImg>
            <contenuImg CS="1.0" lang="en" source="md">architectural decoration and ornament</contenuImg>
            <contenuImg CS="1.0" lang="en" source="md">rosettes (ornament)</contenuImg>
            <contenuImg CS="1.0" lang="en" source="md">palmettes (ornament)</contenuImg>
            <contenuImg CS="1.0" lang="en" source="md">swirls</contenuImg>
            <contenuImg CS="1.0" lang="en" source="md">rosettes (architecture)</contenuImg>
            <contenuImg CS="1.0" lang="en" source="md">birds</contenuImg>
            <contenuImg CS="0.23" coul="1" lang="en" source="google">silver</contenuImg>
            <contenuImg CS="0.31" coul="1" lang="en" source="google">black</contenuImg>
            <contenuImg CS="0.39" coul="1" lang="en" source="google">palegreen</contenuImg>
            <contenuImg CS="0.39" coul="1" lang="en" source="google">darkgray</contenuImg>
            <contenuImg CS="0.39" coul="1" lang="en" source="google">grey</contenuImg>
            <contenuImg CS="0.42" coul="1" lang="en" source="google">darkgray</contenuImg>
            <contenuImg CS="2.44" coul="1" lang="en" source="google">black</contenuImg>
            <contenuImg CS="0.62" lang="en" source="google">Wallpaper</contenuImg>
            <contenuImg CS="0.64" lang="en" source="google">Illustration</contenuImg>
            <contenuImg CS="0.64" lang="en" source="google">Ornament</contenuImg>
            <contenuImg CS="0.65" lang="en" source="google">Visual arts</contenuImg>
            <contenuImg CS="0.68" lang="en" source="google">Textile</contenuImg>
            <contenuImg CS="0.77" lang="en" source="google">Design</contenuImg>
            <contenuImg CS="0.81" coul="1" h="4270" lang="en" source="google" w="2394" x="1489" y="713.6">Teal</contenuImg>
            <contenuImg CS="0.83" coul="1" h="4270" lang="en" source="google" w="2394" x="1489" y="713.6">Turquoise</contenuImg>
            <contenuImg CS="0.93" h="4270" lang="en" source="google" w="2394" x="1489" y="713.6">Pattern</contenuImg>
            <contenuImg CS="0.94" coul="1" h="4270" lang="en" source="google" w="2394" x="1489" y="713.6">Blue</contenuImg>
            <tech source="final">estampe/gravure</tech>
            <fonction source="md">papier-peint</fonction>
            <fonction source="final">papier-peint</fonction>
            <tech CS="1" source="hm">estampe/gravure</tech>
            <theme CS="1" source="md">0</theme>
            <contenuImg CS="1.0" lang="fr" source="md">Oiseaux</contenuImg>
            <contenuImg CS="1.0" lang="fr" source="md">Rosaces (architecture)</contenuImg>
            <contenuImg CS="1.0" lang="fr" source="md">Volutes</contenuImg>
            <contenuImg CS="1.0" lang="fr" source="md">Palmettes (ornement)</contenuImg>
            <contenuImg CS="1.0" lang="fr" source="md">Rosettes (ornement)</contenuImg>
            <contenuImg CS="1.0" lang="fr" source="md">Décoration et ornement architecturaux</contenuImg>
            <contenuImg CS="1.0" lang="fr" source="md">Motifs décoratifs</contenuImg>
            <titraille>Papier à motif répétitif : papier peint</titraille>
          </ill>
        </ills>
      </page>
    </pages>
  </contenus>
</analyseAlto>