<analyseAlto>
  <metad>
    <type>I</type>
    <ID>btv1b6900028x</ID>
    <titre>Manufacture Bon. Papier à motif répétitif. Motif répétitif à deux chemins,en quinconce : combats d_animaux : papier peint</titre>
    <dateEdition>1799</dateEdition>
    <auteur>inconnu</auteur>
    <lang>fre</lang>
    <source>Bibliothèque nationale de France, département Estampes et photographie, EST LI-15</source>
    <sujet>Aigles -- Cerfs -- Cheval -- Combats d_animaux -- Animaux -- Rayures (ornements) -- Fleurs stylisées (ornement) -- Camaïeu, Peinture en -- Motifs décoratifs -- 1789-1799</sujet>
    <descr>Appartient à l’ensemble documentaire : PaPeint18 -- Papier peint</descr>
    <format>inconnu</format>
    <couverture>inconnu</couverture>
    <largeurPx>6864</largeurPx>
    <hauteurPx>5552</hauteurPx>
    <ocr>false</ocr>
    <toc>false</toc>
    <caption>false</caption>
    <nbPage>1</nbPage>
  </metad>
  <contenus ocr="false" toc="false">
    <largeur>290</largeur>
    <hauteur>235</hauteur>
    <largeurPx>6864</largeurPx>
    <hauteurPx>5552</hauteurPx>
    <pages>
      <page ordre="1">
        <blocIll ocr="1">1</blocIll>
        <ills>
          <ill classif="CCgoogle" couleur="coul" h="5552" hash="199bb5b9c21b9964" n="1-1" taille="17" w="6864" x="1" y="1">
            <contenuImg CS="0.82" h="3453" lang="fr" source="google" w="2598" x="1522.4" y="555.2">textile</contenuImg>
            <contenuImg CS="0.74" h="3453" lang="fr" source="google" w="2598" x="1522.4" y="555.2">conception</contenuImg>
            <contenuImg CS="0.86" h="3453" lang="fr" source="google" w="2598" x="1522.4" y="555.2">modèle motif</contenuImg>
            <contenuImg CS="0.86" h="3453" lang="fr" source="google" w="2598" x="1522.4" y="555.2">modèle</contenuImg>
            <contenuImg CS="0.74" h="3453" lang="fr" source="google" w="2598" x="1522.4" y="555.2">design</contenuImg>
            <contenuImg CS="0.55" h="3453" lang="fr" source="google" w="2598" x="1522.4" y="555.2">poulet</contenuImg>
            <contenuImg CS="0.55" lang="fr" source="google">arts visuels</contenuImg>
            <contenuImg CS="1.04" coul="1" lang="fr" source="google">rose</contenuImg>
            <contenuImg CS="0.30" coul="1" lang="fr" source="google">beige pâle</contenuImg>
            <contenuImg CS="0.29" coul="1" lang="fr" source="google">bois moyen</contenuImg>
            <contenuImg CS="0.26" coul="1" lang="fr" source="google">bronze</contenuImg>
            <contenuImg CS="0.22" coul="1" lang="fr" source="google">gris</contenuImg>
            <contenuImg b="27" coul="1" g="46" ordre="6" r="62" source="colorific" type="frg">#3e2e1b</contenuImg>
            <contenuImg b="169" coul="1" g="184" ordre="5" r="195" source="colorific" type="frg">#c3b8a9</contenuImg>
            <contenuImg b="108" coul="1" g="102" ordre="4" r="107" source="colorific" type="frg">#6b666c</contenuImg>
            <contenuImg b="123" coul="1" g="172" ordre="3" r="217" source="colorific" type="frg">#d9ac7b</contenuImg>
            <contenuImg b="64" coul="1" g="114" ordre="2" r="198" source="colorific" type="frg">#c67240</contenuImg>
            <contenuImg b="146" coul="1" g="206" ordre="1" r="222" source="colorific" type="frg">#dece92</contenuImg>
            <contenuImg CS="1.0" lang="en" source="md">decorative patterns - 1789-1799</contenuImg>
            <contenuImg CS="1.0" lang="en" source="md">camaïeu painting</contenuImg>
            <contenuImg CS="1.0" lang="en" source="md">stylized flowers (ornament)</contenuImg>
            <contenuImg CS="1.0" lang="en" source="md">stripes (ornaments)</contenuImg>
            <contenuImg CS="1.0" lang="en" source="md">animals</contenuImg>
            <contenuImg CS="1.0" lang="en" source="md">animal fighting</contenuImg>
            <contenuImg CS="1.0" lang="en" source="md">horse</contenuImg>
            <contenuImg CS="1.0" lang="en" source="md">deer</contenuImg>
            <contenuImg CS="1.0" lang="en" source="md">eagles (birds)</contenuImg>
            <contenuImg CS="0.22" coul="1" lang="en" source="google">gray</contenuImg>
            <contenuImg CS="0.26" coul="1" lang="en" source="google">bronze</contenuImg>
            <contenuImg CS="0.29" coul="1" lang="en" source="google">mediumwood</contenuImg>
            <contenuImg CS="0.30" coul="1" lang="en" source="google">newtan</contenuImg>
            <contenuImg CS="0.53" coul="1" lang="en" source="google">newtan</contenuImg>
            <contenuImg CS="0.74" coul="1" lang="en" source="google">bronze</contenuImg>
            <contenuImg CS="1.04" coul="1" lang="en" source="google">pink</contenuImg>
            <contenuImg CS="0.55" lang="en" source="google">Visual arts</contenuImg>
            <contenuImg CS="0.55" h="3453" lang="en" source="google" w="2598" x="1522.4" y="555.2">Chicken</contenuImg>
            <contenuImg CS="0.74" h="3453" lang="en" source="google" w="2598" x="1522.4" y="555.2">Design</contenuImg>
            <contenuImg CS="0.82" h="3453" lang="en" source="google" w="2598" x="1522.4" y="555.2">Textile</contenuImg>
            <contenuImg CS="0.86" h="3453" lang="en" source="google" w="2598" x="1522.4" y="555.2">Pattern</contenuImg>
            <tech source="final">estampe/gravure</tech>
            <fonction source="md">papier-peint</fonction>
            <fonction source="final">papier-peint</fonction>
            <tech CS="1" source="hm">estampe/gravure</tech>
            <theme CS="1" source="md">0</theme>
            <contenuImg CS="1.0" lang="fr" source="md">Aigles</contenuImg>
            <contenuImg CS="1.0" lang="fr" source="md">Cerfs</contenuImg>
            <contenuImg CS="1.0" lang="fr" source="md">Cheval</contenuImg>
            <contenuImg CS="1.0" lang="fr" source="md">Combats d'animaux</contenuImg>
            <contenuImg CS="1.0" lang="fr" source="md">Animaux</contenuImg>
            <contenuImg CS="1.0" lang="fr" source="md">Rayures (ornements)</contenuImg>
            <contenuImg CS="1.0" lang="fr" source="md">Fleurs stylisées (ornement)</contenuImg>
            <contenuImg CS="1.0" lang="fr" source="md">Peinture en camaïeu</contenuImg>
            <contenuImg CS="1.0" lang="fr" source="md">Motifs décoratifs -- 1789-1799</contenuImg>
            <titraille>Manufacture Bon. Papier à motif répétitif. Motif répétitif à deux chemins,en quinconce : combats d_animaux : papier peint</titraille>
          </ill>
        </ills>
      </page>
    </pages>
  </contenus>
</analyseAlto>