<analyseAlto>
  <metad>
    <type>I</type>
    <ID>btv1b6900355v</ID>
    <titre>Bordure : papier peint / Mugot</titre>
    <dateEdition>1800</dateEdition>
    <auteur>Mugot (17..-18..   peintre). Peintre du modèle</auteur>
    <lang>fre</lang>
    <source>Bibliothèque nationale de France, département Estampes et photographie, EST LI-20</source>
    <sujet>Frises -- Rosaces (architecture) -- Carrés -- Chevrons -- Rosettes (ornement) -- Motifs décoratifs</sujet>
    <descr>Appartient à l’ensemble documentaire : PaPeint18 -- Appartient à l’ensemble documentaire : Rtmgus1 -- Papier peint</descr>
    <format>inconnu</format>
    <couverture>inconnu</couverture>
    <largeurPx>4424</largeurPx>
    <hauteurPx>1584</hauteurPx>
    <ocr>false</ocr>
    <toc>false</toc>
    <caption>false</caption>
    <nbPage>1</nbPage>
  </metad>
  <contenus ocr="false" toc="false">
    <largeur>187</largeur>
    <hauteur>67</hauteur>
    <largeurPx>4424</largeurPx>
    <hauteurPx>1584</hauteurPx>
    <pages>
      <page ordre="1">
        <blocIll ocr="1">1</blocIll>
        <ills>
          <ill classif="CCgoogle" couleur="coul" h="1584" hash="000096efd3ff83d6" n="1-1" taille="3" w="4424" x="1" y="1">
            <contenuImg CS="0.78" h="2973" lang="fr" source="google" w="1667" x="4147.4" y="158.4">conception</contenuImg>
            <contenuImg CS="0.66" lang="fr" source="google">textile</contenuImg>
            <contenuImg CS="0.50" lang="fr" source="google">motif</contenuImg>
            <contenuImg CS="0.63" lang="fr" source="google">modèle motif</contenuImg>
            <contenuImg CS="0.92" coul="1" h="2973" lang="fr" source="google" w="1667" x="4147.4" y="158.4">vert</contenuImg>
            <contenuImg CS="0.78" h="2973" lang="fr" source="google" w="1667" x="4147.4" y="158.4">design</contenuImg>
            <contenuImg CS="0.75" h="2973" lang="fr" source="google" w="1667" x="4147.4" y="158.4">symétrie</contenuImg>
            <contenuImg CS="0.65" lang="fr" source="google">arts visuels</contenuImg>
            <contenuImg CS="0.63" lang="fr" source="google">modèle</contenuImg>
            <contenuImg CS="0.59" lang="fr" source="google">plante</contenuImg>
            <contenuImg CS="0.50" lang="fr" source="google">art</contenuImg>
            <contenuImg CS="0.67" coul="1" lang="fr" source="google">vert cuivre foncé</contenuImg>
            <contenuImg CS="0.46" coul="1" lang="fr" source="google">gris foncé</contenuImg>
            <contenuImg CS="0.39" coul="1" lang="fr" source="google">noir</contenuImg>
            <contenuImg CS="0.33" coul="1" lang="fr" source="google">vert foncé</contenuImg>
            <contenuImg CS="0.28" coul="1" lang="fr" source="google">gris</contenuImg>
            <contenuImg b="163" coul="1" g="173" ordre="6" r="164" source="colorific" type="frg">#a4ada3</contenuImg>
            <contenuImg b="125" coul="1" g="128" ordre="5" r="148" source="colorific" type="frg">#94807d</contenuImg>
            <contenuImg b="114" coul="1" g="179" ordre="4" r="187" source="colorific" type="frg">#bbb372</contenuImg>
            <contenuImg b="23" coul="1" g="34" ordre="3" r="16" source="colorific" type="frg">#102217</contenuImg>
            <contenuImg b="191" coul="1" g="177" ordre="2" r="154" source="colorific" type="frg">#9ab1bf</contenuImg>
            <contenuImg b="105" coul="1" g="123" ordre="1" r="89" source="colorific" type="frg">#597b69</contenuImg>
            <contenuImg CS="1.0" lang="en" source="md">decorative patterns</contenuImg>
            <contenuImg CS="1.0" lang="en" source="md">rosettes (ornament)</contenuImg>
            <contenuImg CS="1.0" lang="en" source="md">rafters</contenuImg>
            <contenuImg CS="1.0" lang="en" source="md">squares</contenuImg>
            <contenuImg CS="1.0" lang="en" source="md">rosettes (architecture)</contenuImg>
            <contenuImg CS="1.0" lang="en" source="md">curly</contenuImg>
            <contenuImg CS="0.28" coul="1" lang="en" source="google">gray</contenuImg>
            <contenuImg CS="0.33" coul="1" lang="en" source="google">darkgreen</contenuImg>
            <contenuImg CS="0.39" coul="1" lang="en" source="google">black</contenuImg>
            <contenuImg CS="0.46" coul="1" lang="en" source="google">dimgrey</contenuImg>
            <contenuImg CS="0.67" coul="1" lang="en" source="google">darkgreencopper</contenuImg>
            <contenuImg CS="0.35" coul="1" lang="en" source="google">black</contenuImg>
            <contenuImg CS="1.40" coul="1" lang="en" source="google">darkgreencopper</contenuImg>
            <contenuImg CS="0.50" lang="en" source="google">Motif</contenuImg>
            <contenuImg CS="0.50" lang="en" source="google">Art</contenuImg>
            <contenuImg CS="0.59" lang="en" source="google">Plant</contenuImg>
            <contenuImg CS="0.63" lang="en" source="google">Pattern</contenuImg>
            <contenuImg CS="0.65" lang="en" source="google">Visual arts</contenuImg>
            <contenuImg CS="0.66" lang="en" source="google">Textile</contenuImg>
            <contenuImg CS="0.75" h="2973" lang="en" source="google" w="1667" x="4147.4" y="158.4">Symmetry</contenuImg>
            <contenuImg CS="0.78" h="2973" lang="en" source="google" w="1667" x="4147.4" y="158.4">Design</contenuImg>
            <contenuImg CS="0.92" coul="1" h="2973" lang="en" source="google" w="1667" x="4147.4" y="158.4">Green</contenuImg>
            <contenuImg CS="0.95" h="2973" lang="en" source="google" w="1667" x="4147.4" y="158.4">Pattern</contenuImg>
            <tech source="final">estampe/gravure</tech>
            <fonction source="md">papier-peint</fonction>
            <fonction source="final">papier-peint</fonction>
            <tech CS="1" source="hm">estampe/gravure</tech>
            <theme CS="1" source="md">0</theme>
            <contenuImg CS="1.0" lang="fr" source="md">Frises</contenuImg>
            <contenuImg CS="1.0" lang="fr" source="md">Rosaces (architecture)</contenuImg>
            <contenuImg CS="1.0" lang="fr" source="md">Carrés</contenuImg>
            <contenuImg CS="1.0" lang="fr" source="md">Chevrons</contenuImg>
            <contenuImg CS="1.0" lang="fr" source="md">Rosettes (ornement)</contenuImg>
            <contenuImg CS="1.0" lang="fr" source="md">Motifs décoratifs</contenuImg>
            <titraille>Bordure : papier peint / Mugot</titraille>
          </ill>
        </ills>
      </page>
    </pages>
  </contenus>
</analyseAlto>