<analyseAlto>
  <metad>
    <type>I</type>
    <ID>btv1b69015123</ID>
    <titre>Papier à motif répétitif : papier peint</titre>
    <dateEdition>1799</dateEdition>
    <auteur>inconnu</auteur>
    <lang>fre</lang>
    <source>Bibliothèque nationale de France, département Estampes et photographie, EST LI-19</source>
    <sujet>Cercle -- Rayures (ornements) -- Bandes -- Lignes végétales (ornement) -- Motifs décoratifs</sujet>
    <descr>Appartient à l’ensemble documentaire : PaPeint18 -- Papier peint</descr>
    <format>inconnu</format>
    <couverture>inconnu</couverture>
    <largeurPx>6344</largeurPx>
    <hauteurPx>5096</hauteurPx>
    <ocr>false</ocr>
    <toc>false</toc>
    <caption>false</caption>
    <nbPage>1</nbPage>
  </metad>
  <contenus ocr="false" toc="false">
    <largeur>268</largeur>
    <hauteur>215</hauteur>
    <largeurPx>6344</largeurPx>
    <hauteurPx>5096</hauteurPx>
    <pages>
      <page ordre="1">
        <blocIll ocr="1">1</blocIll>
        <ills>
          <ill classif="CCgoogle" couleur="coul" h="5096" hash="cffbeb99898080c9" n="1-1" taille="14" w="6344" x="1" y="1">
            <contenuImg CS="0.70" h="3429" lang="fr" source="google" w="2574" x="1275.4" y="509.6">textile</contenuImg>
            <contenuImg CS="0.54" lang="fr" source="google">modèle motif</contenuImg>
            <contenuImg CS="0.15" coul="1" lang="fr" source="google">bleu ardoise foncé</contenuImg>
            <contenuImg CS="0.73" h="3429" lang="fr" source="google" w="2574" x="1275.4" y="509.6">ligne</contenuImg>
            <contenuImg CS="0.72" coul="1" h="3429" lang="fr" source="google" w="2574" x="1275.4" y="509.6">beige</contenuImg>
            <contenuImg CS="0.54" lang="fr" source="google">modèle</contenuImg>
            <contenuImg CS="0.94" coul="1" lang="fr" source="google">gris clair</contenuImg>
            <contenuImg CS="0.73" coul="1" lang="fr" source="google">bois moyen</contenuImg>
            <contenuImg CS="0.67" coul="1" lang="fr" source="google">bronze</contenuImg>
            <contenuImg CS="0.13" coul="1" lang="fr" source="google">gris</contenuImg>
            <contenuImg CS="0.67" coul="1" lang="fr" source="google">gris foncé</contenuImg>
            <contenuImg b="147" coul="1" g="189" r="212" source="colorific" type="bkg">#d4bd93</contenuImg>
            <contenuImg b="18" coul="1" g="38" ordre="4" r="52" source="colorific" type="frg">#342612</contenuImg>
            <contenuImg b="108" coul="1" g="126" ordre="3" r="149" source="colorific" type="frg">#957e6c</contenuImg>
            <contenuImg b="78" coul="1" g="113" ordre="2" r="128" source="colorific" type="frg">#80714e</contenuImg>
            <contenuImg b="0" coul="1" g="0" ordre="1" r="0" source="colorific" type="frg">#000000</contenuImg>
            <contenuImg CS="1.0" lang="en" source="md">decorative patterns</contenuImg>
            <contenuImg CS="1.0" lang="en" source="md">vegetal lines (ornament)</contenuImg>
            <contenuImg CS="1.0" lang="en" source="md">stripes</contenuImg>
            <contenuImg CS="1.0" lang="en" source="md">stripes (ornaments)</contenuImg>
            <contenuImg CS="1.0" lang="en" source="md">circle</contenuImg>
            <contenuImg CS="0.67" coul="1" lang="en" source="google">darkgray</contenuImg>
            <contenuImg CS="0.13" coul="1" lang="en" source="google">grey</contenuImg>
            <contenuImg CS="0.15" coul="1" lang="en" source="google">darkslateblue</contenuImg>
            <contenuImg CS="0.67" coul="1" lang="en" source="google">bronze</contenuImg>
            <contenuImg CS="0.73" coul="1" lang="en" source="google">mediumwood</contenuImg>
            <contenuImg CS="0.94" coul="1" lang="en" source="google">lightgrey</contenuImg>
            <contenuImg CS="0.54" lang="en" source="google">Pattern</contenuImg>
            <contenuImg CS="0.70" h="3429" lang="en" source="google" w="2574" x="1275.4" y="509.6">Textile</contenuImg>
            <contenuImg CS="0.72" coul="1" h="3429" lang="en" source="google" w="2574" x="1275.4" y="509.6">Beige</contenuImg>
            <contenuImg CS="0.73" h="3429" lang="en" source="google" w="2574" x="1275.4" y="509.6">Line</contenuImg>
            <contenuImg CS="0.85" h="3429" lang="en" source="google" w="2574" x="1275.4" y="509.6">Pattern</contenuImg>
            <tech source="final">estampe/gravure</tech>
            <fonction source="md">papier-peint</fonction>
            <fonction source="final">papier-peint</fonction>
            <tech CS="1" source="hm">estampe/gravure</tech>
            <theme CS="1" source="md">0</theme>
            <contenuImg CS="1.0" lang="fr" source="md">Cercle</contenuImg>
            <contenuImg CS="1.0" lang="fr" source="md">Rayures (ornements)</contenuImg>
            <contenuImg CS="1.0" lang="fr" source="md">Bandes</contenuImg>
            <contenuImg CS="1.0" lang="fr" source="md">Lignes végétales (ornement)</contenuImg>
            <contenuImg CS="1.0" lang="fr" source="md">Motifs décoratifs</contenuImg>
            <titraille>Papier à motif répétitif : papier peint</titraille>
          </ill>
        </ills>
      </page>
    </pages>
  </contenus>
</analyseAlto>