<analyseAlto>
  <metad>
    <type>I</type>
    <ID>btv1b6901142v</ID>
    <titre>Manufacture Hartmann Risler et Cie. Dessus de porte. Scène de pêche à la ligne : papier peint / Darmancourt ?</titre>
    <dateEdition>1799</dateEdition>
    <auteur>Darmancourt (17..-18..   peintre). Peintre du modèle</auteur>
    <lang>fre</lang>
    <source>Bibliothèque nationale de France, département Estampes et photographie, EST LZ-312 (2)</source>
    <sujet>Ports -- Pêcheurs -- Constructions -- Camaïeu, Peinture en -- Motifs décoratifs -- 1789-1799</sujet>
    <descr>Appartient à l’ensemble documentaire : PaPeint18 -- Papier peint</descr>
    <format>inconnu</format>
    <couverture>inconnu</couverture>
    <largeurPx>11416</largeurPx>
    <hauteurPx>7104</hauteurPx>
    <ocr>false</ocr>
    <toc>false</toc>
    <caption>false</caption>
    <nbPage>1</nbPage>
  </metad>
  <contenus ocr="false" toc="false">
    <largeur>483</largeur>
    <hauteur>300</hauteur>
    <largeurPx>11416</largeurPx>
    <hauteurPx>7104</hauteurPx>
    <pages>
      <page ordre="1">
        <blocIll ocr="1">1</blocIll>
        <ills>
          <ill classif="CCgoogle" couleur="coul" h="7104" hash="fffffd7170300000" n="1-1" taille="37" w="11416" x="1" y="1">
            <contenuImg CS="0.81" h="2655" lang="fr" source="google" w="2664" x="1943.6" y="710.4">illustration</contenuImg>
            <contenuImg CS="0.71" h="2655" lang="fr" source="google" w="2664" x="1943.6" y="710.4">art</contenuImg>
            <contenuImg CS="0.68" h="2655" lang="fr" source="google" w="2664" x="1943.6" y="710.4">véhicule</contenuImg>
            <contenuImg CS="0.62" h="2655" lang="fr" source="google" w="2664" x="1943.6" y="710.4">bateau</contenuImg>
            <contenuImg CS="0.55" lang="fr" source="google">arts visuels</contenuImg>
            <contenuImg CS="1.65" coul="1" lang="fr" source="google">rose</contenuImg>
            <contenuImg CS="1.42" coul="1" lang="fr" source="google">vieux rose</contenuImg>
            <contenuImg CS="0.61" coul="1" lang="fr" source="google">gris foncé</contenuImg>
            <contenuImg CS="0.13" coul="1" lang="fr" source="google">gris clair</contenuImg>
            <contenuImg CS="0.06" coul="1" lang="fr" source="google">vert foncé</contenuImg>
            <contenuImg CS="0.01" coul="1" lang="fr" source="google">argent</contenuImg>
            <contenuImg CS="0.01" coul="1" lang="fr" source="google">vert pâle</contenuImg>
            <contenuImg CS="0.00" coul="1" lang="fr" source="google">noir</contenuImg>
            <contenuImg b="166" coul="1" g="187" r="179" source="colorific" type="bkg">#b3bba6</contenuImg>
            <contenuImg b="28" coul="1" g="47" ordre="2" r="43" source="colorific" type="frg">#2b2f1c</contenuImg>
            <contenuImg b="60" coul="1" g="79" ordre="1" r="83" source="colorific" type="frg">#534f3c</contenuImg>
            <contenuImg CS="1.0" lang="en" source="md">decorative patterns - 1789-1799</contenuImg>
            <contenuImg CS="1.0" lang="en" source="md">camaïeu painting</contenuImg>
            <contenuImg CS="1.0" lang="en" source="md">constructions</contenuImg>
            <contenuImg CS="1.0" lang="en" source="md">fishermen</contenuImg>
            <contenuImg CS="1.0" lang="en" source="md">ports</contenuImg>
            <contenuImg CS="0.00" coul="1" lang="en" source="google">black</contenuImg>
            <contenuImg CS="0.01" coul="1" lang="en" source="google">palegreen</contenuImg>
            <contenuImg CS="0.01" coul="1" lang="en" source="google">silver</contenuImg>
            <contenuImg CS="0.06" coul="1" lang="en" source="google">darkgreen</contenuImg>
            <contenuImg CS="0.13" coul="1" lang="en" source="google">lightgray</contenuImg>
            <contenuImg CS="0.61" coul="1" lang="en" source="google">dimgrey</contenuImg>
            <contenuImg CS="1.10" coul="1" lang="en" source="google">silver</contenuImg>
            <contenuImg CS="1.42" coul="1" lang="en" source="google">dustyrose</contenuImg>
            <contenuImg CS="1.65" coul="1" lang="en" source="google">pink</contenuImg>
            <contenuImg CS="0.55" lang="en" source="google">Visual arts</contenuImg>
            <contenuImg CS="0.62" h="2655" lang="en" source="google" w="2664" x="1943.6" y="710.4">Boat</contenuImg>
            <contenuImg CS="0.68" h="2655" lang="en" source="google" w="2664" x="1943.6" y="710.4">Vehicle</contenuImg>
            <contenuImg CS="0.71" h="2655" lang="en" source="google" w="2664" x="1943.6" y="710.4">Art</contenuImg>
            <contenuImg CS="0.81" h="2655" lang="en" source="google" w="2664" x="1943.6" y="710.4">Illustration</contenuImg>
            <tech source="final">estampe/gravure</tech>
            <fonction source="md">papier-peint</fonction>
            <fonction source="final">papier-peint</fonction>
            <tech CS="1" source="hm">estampe/gravure</tech>
            <theme CS="1" source="md">0</theme>
            <contenuImg CS="1.0" lang="fr" source="md">Ports</contenuImg>
            <contenuImg CS="1.0" lang="fr" source="md">Pêcheurs</contenuImg>
            <contenuImg CS="1.0" lang="fr" source="md">Constructions</contenuImg>
            <contenuImg CS="1.0" lang="fr" source="md">Peinture en camaïeu</contenuImg>
            <contenuImg CS="1.0" lang="fr" source="md">Motifs décoratifs -- 1789-1799</contenuImg>
            <titraille>Manufacture Hartmann Risler et Cie. Dessus de porte. Scène de pêche à la ligne : papier peint / Darmancourt ?</titraille>
          </ill>
        </ills>
      </page>
    </pages>
  </contenus>
</analyseAlto>