<analyseAlto>
  <metad>
    <type>I</type>
    <ID>btv1b69001733</ID>
    <titre>Manufacture Chapillon. Bordure. Une bande de frise principale de végétaux de fantaisie : papier peint</titre>
    <dateEdition>1802</dateEdition>
    <auteur>inconnu</auteur>
    <lang>fre</lang>
    <source>Bibliothèque nationale de France, département Estampes et photographie, EST LI-23</source>
    <sujet>Frises -- Ornements géométriques -- Dents de scie (ornement) -- Végétaux de fantaisie -- Motifs décoratifs -- 1800-1869</sujet>
    <descr>Appartient à l’ensemble documentaire : PaPeint18 -- Papier peint</descr>
    <format>inconnu</format>
    <couverture>inconnu</couverture>
    <largeurPx>6232</largeurPx>
    <hauteurPx>1792</hauteurPx>
    <ocr>false</ocr>
    <toc>false</toc>
    <caption>false</caption>
    <nbPage>1</nbPage>
  </metad>
  <contenus ocr="false" toc="false">
    <largeur>263</largeur>
    <hauteur>75</hauteur>
    <largeurPx>6232</largeurPx>
    <hauteurPx>1792</hauteurPx>
    <pages>
      <page ordre="1">
        <blocIll ocr="1">1</blocIll>
        <ills>
          <ill classif="CCgoogle" couleur="coul" h="1792" hash="ff6718007ee700f8" n="1-1" taille="5" w="6232" x="1" y="1">
            <contenuImg CS="0.62" h="3320" lang="fr" source="google" w="5885" x="3525.2" y="179.2">modèle motif</contenuImg>
            <contenuImg CS="0.69" h="3320" lang="fr" source="google" w="5885" x="3525.2" y="179.2">police de caractère</contenuImg>
            <contenuImg CS="0.62" h="3320" lang="fr" source="google" w="5885" x="3525.2" y="179.2">modèle</contenuImg>
            <contenuImg CS="0.59" h="3320" lang="fr" source="google" w="5885" x="3525.2" y="179.2">arts visuels</contenuImg>
            <contenuImg CS="0.58" h="3320" lang="fr" source="google" w="5885" x="3525.2" y="179.2">art</contenuImg>
            <contenuImg CS="0.57" coul="1" lang="fr" source="google">gerbe d'or (Solidago)</contenuImg>
            <contenuImg CS="0.34" coul="1" lang="fr" source="google">noir</contenuImg>
            <contenuImg CS="0.33" coul="1" lang="fr" source="google">bois moyen</contenuImg>
            <contenuImg CS="0.29" coul="1" lang="fr" source="google">bronze</contenuImg>
            <contenuImg b="0" coul="1" g="0" r="0" source="colorific" type="bkg">#000000</contenuImg>
            <contenuImg b="79" coul="1" g="112" ordre="5" r="142" source="colorific" type="frg">#8e704f</contenuImg>
            <contenuImg b="34" coul="1" g="55" ordre="4" r="62" source="colorific" type="frg">#3e3722</contenuImg>
            <contenuImg b="12" coul="1" g="30" ordre="3" r="28" source="colorific" type="frg">#1c1e0c</contenuImg>
            <contenuImg b="62" coul="1" g="73" ordre="2" r="102" source="colorific" type="frg">#66493e</contenuImg>
            <contenuImg b="102" coul="1" g="187" ordre="1" r="203" source="colorific" type="frg">#cbbb66</contenuImg>
            <contenuImg CS="1.0" lang="en" source="md">decorative patterns - 1800-1869</contenuImg>
            <contenuImg CS="1.0" lang="en" source="md">fancy plants</contenuImg>
            <contenuImg CS="1.0" lang="en" source="md">sawtooth (ornament)</contenuImg>
            <contenuImg CS="1.0" lang="en" source="md">geometric ornaments</contenuImg>
            <contenuImg CS="1.0" lang="en" source="md">curly</contenuImg>
            <contenuImg CS="0.29" coul="1" lang="en" source="google">bronze</contenuImg>
            <contenuImg CS="0.33" coul="1" lang="en" source="google">mediumwood</contenuImg>
            <contenuImg CS="0.34" coul="1" lang="en" source="google">black</contenuImg>
            <contenuImg CS="0.40" coul="1" lang="en" source="google">black</contenuImg>
            <contenuImg CS="0.57" coul="1" lang="en" source="google">goldenrod</contenuImg>
            <contenuImg CS="0.57" coul="1" lang="en" source="google">mediumwood</contenuImg>
            <contenuImg CS="0.79" coul="1" lang="en" source="google">bronze</contenuImg>
            <contenuImg CS="0.58" h="3320" lang="en" source="google" w="5885" x="3525.2" y="179.2">Art</contenuImg>
            <contenuImg CS="0.59" h="3320" lang="en" source="google" w="5885" x="3525.2" y="179.2">Visual arts</contenuImg>
            <contenuImg CS="0.62" h="3320" lang="en" source="google" w="5885" x="3525.2" y="179.2">Pattern</contenuImg>
            <contenuImg CS="0.69" h="3320" lang="en" source="google" w="5885" x="3525.2" y="179.2">Font</contenuImg>
            <tech source="final">estampe/gravure</tech>
            <fonction source="md">papier-peint</fonction>
            <fonction source="final">papier-peint</fonction>
            <tech CS="1" source="hm">estampe/gravure</tech>
            <theme CS="1" source="md">0</theme>
            <contenuImg CS="1.0" lang="fr" source="md">Frises</contenuImg>
            <contenuImg CS="1.0" lang="fr" source="md">Ornements géométriques</contenuImg>
            <contenuImg CS="1.0" lang="fr" source="md">Dents de scie (ornement)</contenuImg>
            <contenuImg CS="1.0" lang="fr" source="md">Végétaux de fantaisie</contenuImg>
            <contenuImg CS="1.0" lang="fr" source="md">Motifs décoratifs -- 1800-1869</contenuImg>
            <titraille>Manufacture Chapillon. Bordure. Une bande de frise principale de végétaux de fantaisie : papier peint</titraille>
          </ill>
        </ills>
      </page>
    </pages>
  </contenus>
</analyseAlto>