<analyseAlto>
  <metad>
    <type>I</type>
    <ID>btv1b6900650t</ID>
    <titre>Papier à motif répétitif : papier peint</titre>
    <dateEdition>1801</dateEdition>
    <auteur>inconnu</auteur>
    <lang>fre</lang>
    <source>Bibliothèque nationale de France</source>
    <sujet>Ornements géométriques -- Feuilles stylisées (ornement) -- Quadrillage -- Motifs décoratifs</sujet>
    <descr>Appartient à l’ensemble documentaire : PaPeint18 -- Papier peint</descr>
    <format>inconnu</format>
    <couverture>inconnu</couverture>
    <largeurPx>6608</largeurPx>
    <hauteurPx>4704</hauteurPx>
    <ocr>false</ocr>
    <toc>false</toc>
    <nbPage>1</nbPage>
  </metad>
  <contenus ocr="false" toc="false">
    <largeur>279</largeur>
    <hauteur>199</hauteur>
    <largeurPx>6608</largeurPx>
    <hauteurPx>4704</hauteurPx>
    <pages>
      <page ordre="1">
        <blocIll ocr="1">1</blocIll>
        <ills>
          <ill classif="CCgoogle" couleur="coul" h="4704" hash="ffffbd91300000f1" n="1-1" taille="14" w="6608" x="1" y="1">
            <contenuImg CS="0.77" lang="fr" source="google">conception</contenuImg>
            <contenuImg CS="0.70" lang="fr" source="google">modèle motif</contenuImg>
            <contenuImg CS="0.95" coul="1" h="3040" lang="fr" source="google" w="1700" x="3229.8" y="470.4">vert</contenuImg>
            <contenuImg CS="0.85" h="3040" lang="fr" source="google" w="1700" x="3229.8" y="470.4">symétrie</contenuImg>
            <contenuImg CS="0.83" h="3040" lang="fr" source="google" w="1700" x="3229.8" y="470.4">ligne</contenuImg>
            <contenuImg CS="0.77" lang="fr" source="google">design</contenuImg>
            <contenuImg CS="0.70" lang="fr" source="google">modèle</contenuImg>
            <contenuImg CS="0.62" lang="fr" source="google">clôture</contenuImg>
            <contenuImg CS="0.59" lang="fr" source="google">plante</contenuImg>
            <contenuImg CS="0.57" lang="fr" source="google">parallèle</contenuImg>
            <contenuImg CS="0.55" lang="fr" source="google">maille</contenuImg>
            <contenuImg CS="0.22" coul="1" lang="fr" source="google">bleu nuit</contenuImg>
            <contenuImg CS="0.49" coul="1" lang="fr" source="google">argent</contenuImg>
            <contenuImg CS="0.46" coul="1" lang="fr" source="google">gris clair</contenuImg>
            <contenuImg CS="0.44" coul="1" lang="fr" source="google">bleu cadet</contenuImg>
            <contenuImg CS="0.43" coul="1" lang="fr" source="google">vert cuivre foncé</contenuImg>
            <contenuImg b="194" coul="1" g="181" r="155" source="colorific" type="bkg">#9bb5c2</contenuImg>
            <contenuImg b="0" coul="1" g="0" ordre="4" r="0" source="colorific" type="frg">#000000</contenuImg>
            <contenuImg b="41" coul="1" g="44" ordre="3" r="22" source="colorific" type="frg">#162c29</contenuImg>
            <contenuImg b="73" coul="1" g="80" ordre="2" r="43" source="colorific" type="frg">#2b5049</contenuImg>
            <contenuImg b="88" coul="1" g="85" ordre="1" r="92" source="colorific" type="frg">#5c5558</contenuImg>
            <contenuImg CS="1.0" lang="en" source="md">decorative patterns</contenuImg>
            <contenuImg CS="1.0" lang="en" source="md">grid</contenuImg>
            <contenuImg CS="1.0" lang="en" source="md">stylized leaves (ornament)</contenuImg>
            <contenuImg CS="1.0" lang="en" source="md">geometric ornaments</contenuImg>
            <contenuImg CS="0.43" coul="1" lang="en" source="google">darkgreencopper</contenuImg>
            <contenuImg CS="0.43" coul="1" lang="en" source="google">darkgreencopper</contenuImg>
            <contenuImg CS="0.44" coul="1" lang="en" source="google">cadetblue</contenuImg>
            <contenuImg CS="0.46" coul="1" lang="en" source="google">lightgray</contenuImg>
            <contenuImg CS="0.49" coul="1" lang="en" source="google">silver</contenuImg>
            <contenuImg CS="0.22" coul="1" lang="en" source="google">midnightblue</contenuImg>
            <contenuImg CS="0.53" coul="1" lang="en" source="google">silver</contenuImg>
            <contenuImg CS="0.55" lang="en" source="google">Mesh</contenuImg>
            <contenuImg CS="0.57" lang="en" source="google">Parallel</contenuImg>
            <contenuImg CS="0.59" lang="en" source="google">Plant</contenuImg>
            <contenuImg CS="0.62" lang="en" source="google">Fence</contenuImg>
            <contenuImg CS="0.70" lang="en" source="google">Pattern</contenuImg>
            <contenuImg CS="0.77" lang="en" source="google">Design</contenuImg>
            <contenuImg CS="0.83" h="3040" lang="en" source="google" w="1700" x="3229.8" y="470.4">Line</contenuImg>
            <contenuImg CS="0.85" h="3040" lang="en" source="google" w="1700" x="3229.8" y="470.4">Symmetry</contenuImg>
            <contenuImg CS="0.95" h="3040" lang="en" source="google" w="1700" x="3229.8" y="470.4">Pattern</contenuImg>
            <contenuImg CS="0.95" coul="1" h="3040" lang="en" source="google" w="1700" x="3229.8" y="470.4">Green</contenuImg>
            <tech source="final">estampe/gravure</tech>
            <fonction source="md">papier-peint</fonction>
            <fonction source="final">papier-peint</fonction>
            <tech CS="1" source="hm">estampe/gravure</tech>
            <theme CS="1" source="md">0</theme>
            <contenuImg CS="1.0" lang="fr" source="md">Ornements géométriques</contenuImg>
            <contenuImg CS="1.0" lang="fr" source="md">Feuilles stylisées (ornement)</contenuImg>
            <contenuImg CS="1.0" lang="fr" source="md">Quadrillage</contenuImg>
            <contenuImg CS="1.0" lang="fr" source="md">Motifs décoratifs</contenuImg>
            <titraille>Papier à motif répétitif : papier peint</titraille>
          </ill>
        </ills>
      </page>
    </pages>
  </contenus>
</analyseAlto>