<analyseAlto>
  <metad>
    <type>I</type>
    <ID>btv1b6900790p</ID>
    <titre>Papier à motif répétitif : papier peint</titre>
    <dateEdition>1803</dateEdition>
    <auteur>Jacquemart et Bénard (Manufacture). Fonction indéterminée</auteur>
    <lang>fre</lang>
    <source>Bibliothèque nationale de France</source>
    <sujet>Peinture et décoration murales -- Rosaces (architecture) -- Chapiteaux -- Colonnes -- Arcades -- Frises -- Volutes -- Végétaux stylisés -- Trompe-l_oeil (ornement) -- Chimère (mythologie grecque) -- Objets à l'antique (ornement) -- Rosettes (ornement) -- Rangs de perles (ornement) -- Motifs à l'antique -- Quadrillage -- Motifs décoratifs</sujet>
    <descr>Appartient à l’ensemble documentaire : PaPeint18 -- Papier peint</descr>
    <format>inconnu</format>
    <couverture>inconnu</couverture>
    <largeurPx>6528</largeurPx>
    <hauteurPx>6600</hauteurPx>
    <ocr>false</ocr>
    <toc>false</toc>
    <nbPage>1</nbPage>
  </metad>
  <contenus ocr="false" toc="false">
    <largeur>276</largeur>
    <hauteur>279</hauteur>
    <largeurPx>6528</largeurPx>
    <hauteurPx>6600</hauteurPx>
    <pages>
      <page ordre="1">
        <blocIll ocr="1">1</blocIll>
        <ills>
          <ill classif="CCgoogle" couleur="coul" h="6600" hash="0000c2eee0e7efef" n="1-1" taille="20" w="6528" x="1" y="1">
            <contenuImg CS="0.67" h="4270" lang="fr" source="google" w="2394" x="2343.8" y="660">motif</contenuImg>
            <contenuImg CS="0.68" h="4270" lang="fr" source="google" w="2394" x="2343.8" y="660">modèle motif</contenuImg>
            <contenuImg CS="0.45" coul="1" lang="fr" source="google">marron très foncé</contenuImg>
            <contenuImg CS="0.69" h="4270" lang="fr" source="google" w="2394" x="2343.8" y="660">police de caractère</contenuImg>
            <contenuImg CS="0.68" h="4270" lang="fr" source="google" w="2394" x="2343.8" y="660">modèle</contenuImg>
            <contenuImg CS="0.67" h="4270" lang="fr" source="google" w="2394" x="2343.8" y="660">arts visuels</contenuImg>
            <contenuImg CS="0.58" lang="fr" source="google">art</contenuImg>
            <contenuImg CS="0.55" lang="fr" source="google">illustration</contenuImg>
            <contenuImg CS="0.53" lang="fr" source="google">personnage fictif</contenuImg>
            <contenuImg CS="0.51" lang="fr" source="google">fond d'écran</contenuImg>
            <contenuImg CS="1.60" coul="1" lang="fr" source="google">cuivre</contenuImg>
            <contenuImg CS="0.50" coul="1" lang="fr" source="google">argent</contenuImg>
            <contenuImg CS="0.02" coul="1" lang="fr" source="google">brun foncé</contenuImg>
            <contenuImg CS="0.61" coul="1" lang="fr" source="google">bois foncé</contenuImg>
            <contenuImg CS="0.45" coul="1" lang="fr" source="google">chocolat à pâtisser</contenuImg>
            <contenuImg CS="0.45" coul="1" lang="fr" source="google">verydarkbrown</contenuImg>
            <contenuImg b="255" coul="1" g="255" ordre="6" r="255" source="colorific" type="frg">#ffffff</contenuImg>
            <contenuImg b="87" coul="1" g="76" ordre="5" r="111" source="colorific" type="frg">#6f4c57</contenuImg>
            <contenuImg b="75" coul="1" g="92" ordre="4" r="165" source="colorific" type="frg">#a55c4b</contenuImg>
            <contenuImg b="34" coul="1" g="35" ordre="3" r="35" source="colorific" type="frg">#232322</contenuImg>
            <contenuImg b="50" coul="1" g="60" ordre="2" r="78" source="colorific" type="frg">#4e3c32</contenuImg>
            <contenuImg b="155" coul="1" g="162" ordre="1" r="168" source="colorific" type="frg">#a8a29b</contenuImg>
            <contenuImg CS="1.0" lang="en" source="md">decorative patterns</contenuImg>
            <contenuImg CS="1.0" lang="en" source="md">grid</contenuImg>
            <contenuImg CS="1.0" lang="en" source="md">Ancient patterns</contenuImg>
            <contenuImg CS="1.0" lang="en" source="md">rows of pearls (ornament)</contenuImg>
            <contenuImg CS="1.0" lang="en" source="md">rosettes (ornament)</contenuImg>
            <contenuImg CS="1.0" lang="en" source="md">objects in the antique (ornament)</contenuImg>
            <contenuImg CS="1.0" lang="en" source="md">Chimera (Greek mythology)</contenuImg>
            <contenuImg CS="1.0" lang="en" source="md">trompe-l'oeil (ornament)</contenuImg>
            <contenuImg CS="1.0" lang="en" source="md">stylized plants</contenuImg>
            <contenuImg CS="1.0" lang="en" source="md">swirls</contenuImg>
            <contenuImg CS="1.0" lang="en" source="md">curly</contenuImg>
            <contenuImg CS="1.0" lang="en" source="md">arcades</contenuImg>
            <contenuImg CS="1.0" lang="en" source="md">columns</contenuImg>
            <contenuImg CS="1.0" lang="en" source="md">marquees</contenuImg>
            <contenuImg CS="1.0" lang="en" source="md">rosettes (architecture)</contenuImg>
            <contenuImg CS="1.0" lang="en" source="md">painting and wall decoration</contenuImg>
            <contenuImg CS="0.45" coul="1" lang="en" source="google">verydarkbrown</contenuImg>
            <contenuImg CS="0.45" coul="1" lang="en" source="google">bakerschocolate</contenuImg>
            <contenuImg CS="0.61" coul="1" lang="en" source="google">darkwood</contenuImg>
            <contenuImg CS="0.02" coul="1" lang="en" source="google">darktan</contenuImg>
            <contenuImg CS="0.50" coul="1" lang="en" source="google">silver</contenuImg>
            <contenuImg CS="1.60" coul="1" lang="en" source="google">copper</contenuImg>
            <contenuImg CS="0.51" lang="en" source="google">Wallpaper</contenuImg>
            <contenuImg CS="0.53" lang="en" source="google">Fictional character</contenuImg>
            <contenuImg CS="0.55" lang="en" source="google">Illustration</contenuImg>
            <contenuImg CS="0.58" lang="en" source="google">Art</contenuImg>
            <contenuImg CS="0.67" h="4270" lang="en" source="google" w="2394" x="2343.8" y="660">Visual arts</contenuImg>
            <contenuImg CS="0.67" h="4270" lang="en" source="google" w="2394" x="2343.8" y="660">Motif</contenuImg>
            <contenuImg CS="0.68" h="4270" lang="en" source="google" w="2394" x="2343.8" y="660">Pattern</contenuImg>
            <contenuImg CS="0.69" h="4270" lang="en" source="google" w="2394" x="2343.8" y="660">Font</contenuImg>
            <tech source="final">estampe/gravure</tech>
            <fonction source="md">papier-peint</fonction>
            <fonction source="final">papier-peint</fonction>
            <tech CS="1" source="hm">estampe/gravure</tech>
            <theme CS="1" source="md">0</theme>
            <contenuImg CS="1.0" lang="fr" source="md">Peinture et décoration murales</contenuImg>
            <contenuImg CS="1.0" lang="fr" source="md">Rosaces (architecture)</contenuImg>
            <contenuImg CS="1.0" lang="fr" source="md">Chapiteaux</contenuImg>
            <contenuImg CS="1.0" lang="fr" source="md">Colonnes</contenuImg>
            <contenuImg CS="1.0" lang="fr" source="md">Arcades</contenuImg>
            <contenuImg CS="1.0" lang="fr" source="md">Frises</contenuImg>
            <contenuImg CS="1.0" lang="fr" source="md">Volutes</contenuImg>
            <contenuImg CS="1.0" lang="fr" source="md">Végétaux stylisés</contenuImg>
            <contenuImg CS="1.0" lang="fr" source="md">Trompe-l'oeil (ornement)</contenuImg>
            <contenuImg CS="1.0" lang="fr" source="md">Chimère (mythologie grecque)</contenuImg>
            <contenuImg CS="1.0" lang="fr" source="md">Objets à l'antique (ornement)</contenuImg>
            <contenuImg CS="1.0" lang="fr" source="md">Rosettes (ornement)</contenuImg>
            <contenuImg CS="1.0" lang="fr" source="md">Rangs de perles (ornement)</contenuImg>
            <contenuImg CS="1.0" lang="fr" source="md">Motifs à l'antique</contenuImg>
            <contenuImg CS="1.0" lang="fr" source="md">Quadrillage</contenuImg>
            <contenuImg CS="1.0" lang="fr" source="md">Motifs décoratifs</contenuImg>
            <titraille>Papier à motif répétitif : papier peint</titraille>
          </ill>
        </ills>
      </page>
    </pages>
  </contenus>
</analyseAlto>