<analyseAlto>
  <metad>
    <type>I</type>
    <ID>btv1b69004200</ID>
    <titre>Manufacture Jacquemart et Bénard. Bordure. Deux bandes de frise de végétaux et fleurons sous des arceaux, entre deux petites frises : papier peint</titre>
    <dateEdition>1799</dateEdition>
    <auteur>inconnu</auteur>
    <lang>fre</lang>
    <source>Bibliothèque nationale de France</source>
    <sujet>Frises -- Végétaux de fantaisie -- Arceaux -- Dentelures (ornement) -- Fleurons (ornement) -- Rosettes (ornement) -- Motifs décoratifs -- 1789-1799</sujet>
    <descr>Appartient à l’ensemble documentaire : PaPeint18 -- Papier peint</descr>
    <format>inconnu</format>
    <couverture>inconnu</couverture>
    <largeurPx>5856</largeurPx>
    <hauteurPx>6880</hauteurPx>
    <ocr>false</ocr>
    <toc>false</toc>
    <nbPage>1</nbPage>
  </metad>
  <contenus ocr="false" toc="false">
    <largeur>247</largeur>
    <hauteur>291</hauteur>
    <largeurPx>5856</largeurPx>
    <hauteurPx>6880</hauteurPx>
    <pages>
      <page ordre="1">
        <blocIll ocr="1">1</blocIll>
        <ills>
          <ill classif="CCgoogle" couleur="coul" h="6880" hash="00bfff808000fff7" n="1-1" taille="18" w="5856" x="1" y="1">
            <contenuImg CS="0.83" lang="fr" source="google">aqua</contenuImg>
            <contenuImg CS="0.73" lang="fr" source="google">textile</contenuImg>
            <contenuImg CS="0.72" lang="fr" source="google">conception</contenuImg>
            <contenuImg CS="0.71" lang="fr" source="google">couverture</contenuImg>
            <contenuImg CS="0.63" lang="fr" source="google">motif</contenuImg>
            <contenuImg CS="0.87" h="4270" lang="fr" source="google" w="2394" x="1492.6" y="688">modèle motif</contenuImg>
            <contenuImg CS="0.88" coul="1" h="4270" lang="fr" source="google" w="2394" x="1492.6" y="688">marron</contenuImg>
            <contenuImg CS="0.87" h="4270" lang="fr" source="google" w="2394" x="1492.6" y="688">modèle</contenuImg>
            <contenuImg CS="0.86" coul="1" h="4270" lang="fr" source="google" w="2394" x="1492.6" y="688">bleu canard</contenuImg>
            <contenuImg CS="0.84" coul="1" h="4270" lang="fr" source="google" w="2394" x="1492.6" y="688">turquoise</contenuImg>
            <contenuImg CS="0.72" lang="fr" source="google">design</contenuImg>
            <contenuImg CS="0.62" lang="fr" source="google">arts visuels</contenuImg>
            <contenuImg CS="1.12" coul="1" lang="fr" source="google">chocolat à pâtisser</contenuImg>
            <contenuImg CS="0.74" coul="1" lang="fr" source="google">vert olive foncé</contenuImg>
            <contenuImg CS="0.16" coul="1" lang="fr" source="google">vert foncé</contenuImg>
            <contenuImg CS="0.11" coul="1" lang="fr" source="google">noir</contenuImg>
            <contenuImg b="22" coul="1" g="37" r="53" source="colorific" type="bkg">#352516</contenuImg>
            <contenuImg b="92" coul="1" g="108" ordre="4" r="60" source="colorific" type="frg">#3c6c5c</contenuImg>
            <contenuImg b="51" coul="1" g="65" ordre="3" r="47" source="colorific" type="frg">#2f4133</contenuImg>
            <contenuImg b="0" coul="1" g="0" ordre="2" r="0" source="colorific" type="frg">#000000</contenuImg>
            <contenuImg b="84" coul="1" g="120" ordre="1" r="128" source="colorific" type="frg">#807854</contenuImg>
            <contenuImg CS="1.0" lang="en" source="md">decorative patterns - 1789-1799</contenuImg>
            <contenuImg CS="1.0" lang="en" source="md">rosettes (ornament)</contenuImg>
            <contenuImg CS="1.0" lang="en" source="md">flowerets (ornament)</contenuImg>
            <contenuImg CS="1.0" lang="en" source="md">dentures (ornament)</contenuImg>
            <contenuImg CS="1.0" lang="en" source="md">hoops</contenuImg>
            <contenuImg CS="1.0" lang="en" source="md">fancy plants</contenuImg>
            <contenuImg CS="1.0" lang="en" source="md">curly</contenuImg>
            <contenuImg CS="0.11" coul="1" lang="en" source="google">black</contenuImg>
            <contenuImg CS="0.16" coul="1" lang="en" source="google">darkgreen</contenuImg>
            <contenuImg CS="0.19" coul="1" lang="en" source="google">black</contenuImg>
            <contenuImg CS="0.20" coul="1" lang="en" source="google">darkgreen</contenuImg>
            <contenuImg CS="0.74" coul="1" lang="en" source="google">darkolivegreen</contenuImg>
            <contenuImg CS="1.12" coul="1" lang="en" source="google">bakerschocolate</contenuImg>
            <contenuImg CS="2.21" coul="1" lang="en" source="google">bakerschocolate</contenuImg>
            <contenuImg CS="0.62" lang="en" source="google">Visual arts</contenuImg>
            <contenuImg CS="0.63" lang="en" source="google">Motif</contenuImg>
            <contenuImg CS="0.71" lang="en" source="google">Rug</contenuImg>
            <contenuImg CS="0.72" lang="en" source="google">Design</contenuImg>
            <contenuImg CS="0.73" lang="en" source="google">Textile</contenuImg>
            <contenuImg CS="0.83" lang="en" source="google">Aqua</contenuImg>
            <contenuImg CS="0.84" coul="1" h="4270" lang="en" source="google" w="2394" x="1492.6" y="688">Turquoise</contenuImg>
            <contenuImg CS="0.86" coul="1" h="4270" lang="en" source="google" w="2394" x="1492.6" y="688">Teal</contenuImg>
            <contenuImg CS="0.87" h="4270" lang="en" source="google" w="2394" x="1492.6" y="688">Pattern</contenuImg>
            <contenuImg CS="0.88" coul="1" h="4270" lang="en" source="google" w="2394" x="1492.6" y="688">Brown</contenuImg>
            <tech source="final">estampe/gravure</tech>
            <fonction source="md">papier-peint</fonction>
            <fonction source="final">papier-peint</fonction>
            <tech CS="1" source="hm">estampe/gravure</tech>
            <theme CS="1" source="md">0</theme>
            <contenuImg CS="1.0" lang="fr" source="md">Frises</contenuImg>
            <contenuImg CS="1.0" lang="fr" source="md">Végétaux de fantaisie</contenuImg>
            <contenuImg CS="1.0" lang="fr" source="md">Arceaux</contenuImg>
            <contenuImg CS="1.0" lang="fr" source="md">Dentelures (ornement)</contenuImg>
            <contenuImg CS="1.0" lang="fr" source="md">Fleurons (ornement)</contenuImg>
            <contenuImg CS="1.0" lang="fr" source="md">Rosettes (ornement)</contenuImg>
            <contenuImg CS="1.0" lang="fr" source="md">Motifs décoratifs -- 1789-1799</contenuImg>
            <titraille>Manufacture Jacquemart et Bénard. Bordure. Deux bandes de frise de végétaux et fleurons sous des arceaux, entre deux petites frises : papier peint</titraille>
          </ill>
        </ills>
      </page>
    </pages>
  </contenus>
</analyseAlto>