<analyseAlto>
  <metad>
    <type>I</type>
    <ID>btv1b6900821s</ID>
    <titre>Papier à motif répétitif : papier peint</titre>
    <dateEdition>1803</dateEdition>
    <auteur>Jacquemart et Bénard (Manufacture). Fonction indéterminée</auteur>
    <lang>fre</lang>
    <source>Bibliothèque nationale de France, département Estampes et photographie, EST LI-24 (C)</source>
    <sujet>Ornements géométriques -- Textiles et tissus -- Végétaux stylisés -- Chevrons -- Motifs décoratifs</sujet>
    <descr>Appartient à l’ensemble documentaire : PaPeint18 -- Papier peint</descr>
    <format>inconnu</format>
    <couverture>inconnu</couverture>
    <largeurPx>6728</largeurPx>
    <hauteurPx>5440</hauteurPx>
    <ocr>false</ocr>
    <toc>false</toc>
    <caption>false</caption>
    <nbPage>1</nbPage>
  </metad>
  <contenus ocr="false" toc="false">
    <largeur>284</largeur>
    <hauteur>230</hauteur>
    <largeurPx>6728</largeurPx>
    <hauteurPx>5440</hauteurPx>
    <pages>
      <page ordre="1">
        <blocIll ocr="1">1</blocIll>
        <ills>
          <ill classif="CCgoogle" couleur="coul" h="5440" hash="425eff80bd5a00de" n="1-1" taille="16" w="6728" x="1" y="1">
            <contenuImg CS="0.78" lang="fr" source="google">conception</contenuImg>
            <tech source="final">estampe/gravure</tech>
            <fonction source="md">papier-peint</fonction>
            <fonction source="final">papier-peint</fonction>
            <tech CS="1" source="md">estampe/gravure</tech>
            <contenuImg CS="0.80" h="3453" lang="fr" source="google" w="3462" x="1075.8" y="544">épinette du Colorado (arbre)</contenuImg>
            <contenuImg CS="0.79" lang="fr" source="google">botanique</contenuImg>
            <contenuImg CS="0.74" lang="fr" source="google">mélèze d'Amérique (arbre)</contenuImg>
            <contenuImg CS="0.96" h="3453" lang="fr" source="google" w="3462" x="1075.8" y="544">modèle motif</contenuImg>
            <contenuImg CS="0.75" lang="fr" source="google">pin de l'Oregon (arbre)</contenuImg>
            <contenuImg CS="0.97" coul="1" h="3453" lang="fr" source="google" w="3462" x="1075.8" y="544">vert</contenuImg>
            <contenuImg CS="0.96" h="3453" lang="fr" source="google" w="3462" x="1075.8" y="544">feuille</contenuImg>
            <contenuImg CS="0.96" h="3453" lang="fr" source="google" w="3462" x="1075.8" y="544">modèle</contenuImg>
            <contenuImg CS="0.79" lang="fr" source="google">symétrie</contenuImg>
            <contenuImg CS="0.78" lang="fr" source="google">design</contenuImg>
            <contenuImg CS="0.77" lang="fr" source="google">plante</contenuImg>
            <contenuImg CS="1.79" coul="1" lang="fr" source="google">noir</contenuImg>
            <contenuImg CS="0.08" coul="1" lang="fr" source="google">vert cuivre foncé</contenuImg>
            <contenuImg CS="0.08" coul="1" lang="fr" source="google">bois moyen</contenuImg>
            <contenuImg CS="1.21" coul="1" lang="fr" source="google">rose</contenuImg>
            <contenuImg CS="0.79" coul="1" lang="fr" source="google">vieux rose</contenuImg>
            <contenuImg CS="0.36" coul="1" lang="fr" source="google">violet</contenuImg>
            <contenuImg b="128" coul="1" g="108" r="158" source="colorific" type="bkg">#9e6c80</contenuImg>
            <contenuImg b="141" coul="1" g="152" ordre="4" r="117" source="colorific" type="frg">#75988d</contenuImg>
            <contenuImg b="95" coul="1" g="85" ordre="3" r="90" source="colorific" type="frg">#5a555f</contenuImg>
            <contenuImg b="94" coul="1" g="91" ordre="2" r="69" source="colorific" type="frg">#455b5e</contenuImg>
            <contenuImg b="34" coul="1" g="34" ordre="1" r="33" source="colorific" type="frg">#212222</contenuImg>
            <contenuImg CS="1.0" lang="en" source="md">decorative patterns</contenuImg>
            <contenuImg CS="1.0" lang="en" source="md">rafters</contenuImg>
            <contenuImg CS="1.0" lang="en" source="md">stylized plants</contenuImg>
            <contenuImg CS="1.0" lang="en" source="md">textiles and fabrics</contenuImg>
            <contenuImg CS="1.0" lang="en" source="md">geometric ornaments</contenuImg>
            <contenuImg CS="0.36" coul="1" lang="en" source="google">violet</contenuImg>
            <contenuImg CS="0.79" coul="1" lang="en" source="google">dustyrose</contenuImg>
            <contenuImg CS="1.21" coul="1" lang="en" source="google">pink</contenuImg>
            <contenuImg CS="0.08" coul="1" lang="en" source="google">mediumwood</contenuImg>
            <contenuImg CS="0.08" coul="1" lang="en" source="google">darkgreencopper</contenuImg>
            <contenuImg CS="1.79" coul="1" lang="en" source="google">black</contenuImg>
            <contenuImg CS="0.74" lang="en" source="google">American larch</contenuImg>
            <contenuImg CS="0.75" lang="en" source="google">oregon pine</contenuImg>
            <contenuImg CS="0.77" lang="en" source="google">Plant</contenuImg>
            <contenuImg CS="0.78" lang="en" source="google">Design</contenuImg>
            <contenuImg CS="0.79" lang="en" source="google">Botany</contenuImg>
            <contenuImg CS="0.79" lang="en" source="google">Symmetry</contenuImg>
            <contenuImg CS="0.80" h="3453" lang="en" source="google" w="3462" x="1075.8" y="544">Colorado spruce</contenuImg>
            <contenuImg CS="0.96" h="3453" lang="en" source="google" w="3462" x="1075.8" y="544">Pattern</contenuImg>
            <contenuImg CS="0.96" h="3453" lang="en" source="google" w="3462" x="1075.8" y="544">Leaf</contenuImg>
            <contenuImg CS="0.97" coul="1" h="3453" lang="en" source="google" w="3462" x="1075.8" y="544">Green</contenuImg>
            <theme CS="1" source="md">0</theme>
            <contenuImg CS="1.0" lang="fr" source="md">Ornements géométriques</contenuImg>
            <contenuImg CS="1.0" lang="fr" source="md">Textiles et tissus</contenuImg>
            <contenuImg CS="1.0" lang="fr" source="md">Végétaux stylisés</contenuImg>
            <contenuImg CS="1.0" lang="fr" source="md">Chevrons</contenuImg>
            <contenuImg CS="1.0" lang="fr" source="md">Motifs décoratifs</contenuImg>
            <titraille>Papier à motif répétitif : papier peint</titraille>
          </ill>
        </ills>
      </page>
    </pages>
  </contenus>
</analyseAlto>