<analyseAlto>
  <metad>
    <type>I</type>
    <ID>btv1b6949154n</ID>
    <titre>Manufacture non identifiée. Papier à motif répétitif  : papier peint</titre>
    <dateEdition>1789</dateEdition>
    <auteur>inconnu</auteur>
    <lang>Sans contenu linguistique</lang>
    <source>Bibliothèque nationale de France, département Estampes et photographie, LI-72 (3)-FOL</source>
    <sujet>Motifs décoratifs -- 1789-1799</sujet>
    <descr>Appartient à l’ensemble documentaire : PaPeint18 -- Papier peint</descr>
    <format>inconnu</format>
    <couverture>inconnu</couverture>
    <largeurPx>5034</largeurPx>
    <hauteurPx>3254</hauteurPx>
    <ocr>false</ocr>
    <toc>false</toc>
    <caption>false</caption>
    <nbPage>1</nbPage>
  </metad>
  <contenus ocr="false" toc="false">
    <largeur>213</largeur>
    <hauteur>137</hauteur>
    <largeurPx>5034</largeurPx>
    <hauteurPx>3254</hauteurPx>
    <pages>
      <page ordre="1">
        <blocIll ocr="1">1</blocIll>
        <ills>
          <ill classif="CCgoogle" couleur="coul" h="3254" hash="1afbef3b19103710" n="1-1" taille="7" w="5034" x="1" y="1">
            <contenuImg CS="0.24" coul="1" lang="fr" source="google">bronze</contenuImg>
            <contenuImg CS="0.79" lang="fr" source="google">textile</contenuImg>
            <contenuImg CS="0.79" lang="fr" source="google">conception</contenuImg>
            <contenuImg CS="0.72" lang="fr" source="google">art floral</contenuImg>
            <contenuImg CS="0.75" lang="fr" source="google">modèle motif</contenuImg>
            <contenuImg CS="0.95" coul="1" h="3320" lang="fr" source="google" w="1857" x="3785.4" y="325.4">bleu</contenuImg>
            <contenuImg CS="0.88" coul="1" h="3320" lang="fr" source="google" w="1857" x="3785.4" y="325.4">jaune</contenuImg>
            <contenuImg CS="0.82" h="3320" lang="fr" source="google" w="1857" x="3785.4" y="325.4">arts visuels</contenuImg>
            <contenuImg CS="0.79" lang="fr" source="google">design</contenuImg>
            <contenuImg CS="0.75" lang="fr" source="google">modèle</contenuImg>
            <contenuImg CS="0.72" lang="fr" source="google">symétrie</contenuImg>
            <contenuImg CS="0.70" lang="fr" source="google">plante</contenuImg>
            <contenuImg CS="0.20" coul="1" lang="fr" source="google">bleu cadet</contenuImg>
            <contenuImg CS="0.33" coul="1" lang="fr" source="google">artisanat du cuivre</contenuImg>
            <contenuImg CS="0.32" coul="1" lang="fr" source="google">laiton</contenuImg>
            <contenuImg CS="0.21" coul="1" lang="fr" source="google">vert cuivre foncé</contenuImg>
            <contenuImg b="93" coul="1" g="76" r="52" source="colorific" type="bkg">#344c5d</contenuImg>
            <contenuImg b="95" coul="1" g="130" ordre="4" r="132" source="colorific" type="frg">#84825f</contenuImg>
            <contenuImg b="44" coul="1" g="187" ordre="3" r="213" source="colorific" type="frg">#d5bb2c</contenuImg>
            <contenuImg b="52" coul="1" g="125" ordre="2" r="153" source="colorific" type="frg">#997d34</contenuImg>
            <contenuImg b="149" coul="1" g="134" ordre="1" r="105" source="colorific" type="frg">#698695</contenuImg>
            <contenuImg CS="1.0" lang="en" source="md">decorative patterns - 1789-1799</contenuImg>
            <contenuImg CS="0.21" coul="1" lang="en" source="google">darkgreencopper</contenuImg>
            <contenuImg CS="0.24" coul="1" lang="en" source="google">bronzeii</contenuImg>
            <contenuImg CS="0.32" coul="1" lang="en" source="google">brass</contenuImg>
            <contenuImg CS="0.33" coul="1" lang="en" source="google">coolcopper</contenuImg>
            <contenuImg CS="0.91" coul="1" lang="en" source="google">bronzeii</contenuImg>
            <contenuImg CS="0.20" coul="1" lang="en" source="google">cadetblue</contenuImg>
            <contenuImg CS="1.01" coul="1" lang="en" source="google">coolcopper</contenuImg>
            <contenuImg CS="0.70" lang="en" source="google">Plant</contenuImg>
            <contenuImg CS="0.72" lang="en" source="google">Symmetry</contenuImg>
            <contenuImg CS="0.72" lang="en" source="google">Floral design</contenuImg>
            <contenuImg CS="0.75" lang="en" source="google">Pattern</contenuImg>
            <contenuImg CS="0.79" lang="en" source="google">Design</contenuImg>
            <contenuImg CS="0.79" lang="en" source="google">Textile</contenuImg>
            <contenuImg CS="0.82" h="3320" lang="en" source="google" w="1857" x="3785.4" y="325.4">Visual arts</contenuImg>
            <contenuImg CS="0.88" h="3320" lang="en" source="google" w="1857" x="3785.4" y="325.4">Yellow</contenuImg>
            <contenuImg CS="0.95" coul="1" h="3320" lang="en" source="google" w="1857" x="3785.4" y="325.4">Blue</contenuImg>
            <contenuImg CS="0.96" h="3320" lang="en" source="google" w="1857" x="3785.4" y="325.4">Pattern</contenuImg>
            <tech source="final">estampe/gravure</tech>
            <fonction source="md">papier-peint</fonction>
            <fonction source="final">papier-peint</fonction>
            <tech CS="1" source="hm">estampe/gravure</tech>
            <theme CS="1" source="md">0</theme>
            <contenuImg CS="1.0" lang="fr" source="md">Motifs décoratifs -- 1789-1799</contenuImg>
            <titraille>Manufacture non identifiée. Papier à motif répétitif  : papier peint</titraille>
          </ill>
        </ills>
      </page>
    </pages>
  </contenus>
</analyseAlto>