<analyseAlto>
  <metad>
    <type>I</type>
    <ID>btv1b69002706</ID>
    <titre>Manufacture Dubuisson. Bordure. Trois bandes de frise principale de motifs floraux et végétaux : papier peint</titre>
    <dateEdition>1800</dateEdition>
    <auteur>inconnu</auteur>
    <lang>fre</lang>
    <source>Bibliothèque nationale de France, département Estampes et photographie, EST LI-20</source>
    <sujet>Frises -- Fleurs de fantaisie -- Végétaux de fantaisie -- Motifs décoratifs -- 1800-1869</sujet>
    <descr>Appartient à l’ensemble documentaire : PaPeint18 -- Papier peint</descr>
    <format>inconnu</format>
    <couverture>inconnu</couverture>
    <largeurPx>8424</largeurPx>
    <hauteurPx>3136</hauteurPx>
    <ocr>false</ocr>
    <toc>false</toc>
    <caption>false</caption>
    <nbPage>1</nbPage>
  </metad>
  <contenus ocr="false" toc="false">
    <largeur>356</largeur>
    <hauteur>132</hauteur>
    <largeurPx>8424</largeurPx>
    <hauteurPx>3136</hauteurPx>
    <pages>
      <page ordre="1">
        <blocIll ocr="1">1</blocIll>
        <ills>
          <ill classif="CCgoogle" couleur="coul" h="3136" hash="de92ff0082ff0296" n="1-1" taille="12" w="8424" x="1" y="1">
            <contenuImg CS="0.76" h="3320" lang="fr" source="google" w="2493" x="4860.4" y="313.6">conception</contenuImg>
            <contenuImg CS="0.66" h="3320" lang="fr" source="google" w="2493" x="4860.4" y="313.6">textile</contenuImg>
            <contenuImg CS="0.55" lang="fr" source="google">ornement</contenuImg>
            <contenuImg CS="0.92" h="3320" lang="fr" source="google" w="2493" x="4860.4" y="313.6">modèle motif</contenuImg>
            <contenuImg CS="0.92" h="3320" lang="fr" source="google" w="2493" x="4860.4" y="313.6">modèle</contenuImg>
            <contenuImg CS="0.80" h="3320" lang="fr" source="google" w="2493" x="4860.4" y="313.6">mur</contenuImg>
            <contenuImg CS="0.76" h="3320" lang="fr" source="google" w="2493" x="4860.4" y="313.6">design</contenuImg>
            <contenuImg CS="0.62" lang="fr" source="google">sculpture</contenuImg>
            <contenuImg CS="0.55" lang="fr" source="google">symétrie</contenuImg>
            <contenuImg CS="0.50" lang="fr" source="google">art</contenuImg>
            <contenuImg CS="0.85" coul="1" lang="fr" source="google">chocolat à pâtisser</contenuImg>
            <contenuImg CS="0.56" coul="1" lang="fr" source="google">vert foncé</contenuImg>
            <contenuImg CS="0.43" coul="1" lang="fr" source="google">bois clair</contenuImg>
            <contenuImg CS="0.37" coul="1" lang="fr" source="google">vert cuivre</contenuImg>
            <contenuImg CS="0.24" coul="1" lang="fr" source="google">vert olive foncé</contenuImg>
            <contenuImg CS="0.23" coul="1" lang="fr" source="google">noir</contenuImg>
            <contenuImg b="105" coul="1" g="88" ordre="6" r="67" source="colorific" type="frg">#435869</contenuImg>
            <contenuImg b="150" coul="1" g="153" ordre="5" r="148" source="colorific" type="frg">#949996</contenuImg>
            <contenuImg b="77" coul="1" g="89" ordre="4" r="68" source="colorific" type="frg">#44594d</contenuImg>
            <contenuImg b="26" coul="1" g="52" ordre="3" r="93" source="colorific" type="frg">#5d341a</contenuImg>
            <contenuImg b="0" coul="1" g="0" ordre="2" r="0" source="colorific" type="frg">#000000</contenuImg>
            <contenuImg b="21" coul="1" g="30" ordre="1" r="16" source="colorific" type="frg">#101e15</contenuImg>
            <contenuImg CS="1.0" lang="en" source="md">decorative patterns - 1800-1869</contenuImg>
            <contenuImg CS="1.0" lang="en" source="md">fancy plants</contenuImg>
            <contenuImg CS="1.0" lang="en" source="md">fantasy flowers</contenuImg>
            <contenuImg CS="1.0" lang="en" source="md">curly</contenuImg>
            <contenuImg CS="0.23" coul="1" lang="en" source="google">black</contenuImg>
            <contenuImg CS="0.24" coul="1" lang="en" source="google">darkolivegreen</contenuImg>
            <contenuImg CS="0.37" coul="1" lang="en" source="google">greencopper</contenuImg>
            <contenuImg CS="0.43" coul="1" lang="en" source="google">lightwood</contenuImg>
            <contenuImg CS="0.56" coul="1" lang="en" source="google">darkgreen</contenuImg>
            <contenuImg CS="0.64" coul="1" lang="en" source="google">black</contenuImg>
            <contenuImg CS="0.77" coul="1" lang="en" source="google">darkgreen</contenuImg>
            <contenuImg CS="0.85" coul="1" lang="en" source="google">bakerschocolate</contenuImg>
            <contenuImg CS="0.50" lang="en" source="google">Art</contenuImg>
            <contenuImg CS="0.55" lang="en" source="google">Symmetry</contenuImg>
            <contenuImg CS="0.55" lang="en" source="google">Ornament</contenuImg>
            <contenuImg CS="0.62" lang="en" source="google">Carving</contenuImg>
            <contenuImg CS="0.66" h="3320" lang="en" source="google" w="2493" x="4860.4" y="313.6">Textile</contenuImg>
            <contenuImg CS="0.76" h="3320" lang="en" source="google" w="2493" x="4860.4" y="313.6">Design</contenuImg>
            <contenuImg CS="0.80" h="3320" lang="en" source="google" w="2493" x="4860.4" y="313.6">Wall</contenuImg>
            <contenuImg CS="0.92" h="3320" lang="en" source="google" w="2493" x="4860.4" y="313.6">Pattern</contenuImg>
            <tech source="final">estampe/gravure</tech>
            <fonction source="md">papier-peint</fonction>
            <fonction source="final">papier-peint</fonction>
            <tech CS="1" source="hm">estampe/gravure</tech>
            <theme CS="1" source="md">0</theme>
            <contenuImg CS="1.0" lang="fr" source="md">Frises</contenuImg>
            <contenuImg CS="1.0" lang="fr" source="md">Fleurs de fantaisie</contenuImg>
            <contenuImg CS="1.0" lang="fr" source="md">Végétaux de fantaisie</contenuImg>
            <contenuImg CS="1.0" lang="fr" source="md">Motifs décoratifs -- 1800-1869</contenuImg>
            <titraille>Manufacture Dubuisson. Bordure. Trois bandes de frise principale de motifs floraux et végétaux : papier peint</titraille>
          </ill>
        </ills>
      </page>
    </pages>
  </contenus>
</analyseAlto>