<analyseAlto>
  <metad>
    <type>I</type>
    <ID>btv1b6900896h</ID>
    <titre>Papier à motif répétitif : papier peint</titre>
    <dateEdition>1805</dateEdition>
    <auteur>Jacquemart et Bénard (Manufacture). Fonction indéterminée</auteur>
    <lang>fre</lang>
    <source>Bibliothèque nationale de France</source>
    <sujet>Passementerie -- Frises -- Étoiles -- Flots (ornement) -- Végétaux stylisés -- Rangs de perles (ornement) -- Motifs décoratifs</sujet>
    <descr>Appartient à l’ensemble documentaire : PaPeint18 -- Papier peint</descr>
    <format>inconnu</format>
    <couverture>inconnu</couverture>
    <largeurPx>6520</largeurPx>
    <hauteurPx>6752</hauteurPx>
    <ocr>false</ocr>
    <toc>false</toc>
    <nbPage>2</nbPage>
  </metad>
  <contenus ocr="false" toc="false">
    <largeur>276</largeur>
    <hauteur>285</hauteur>
    <largeurPx>6520</largeurPx>
    <hauteurPx>6752</hauteurPx>
    <pages>
      <page ordre="1">
        <blocIll ocr="1">1</blocIll>
        <ills>
          <ill classif="CCgoogle" couleur="coul" h="6752" hash="ffc48cccccdce600" n="1-1" taille="20" w="6520" x="1" y="1">
            <contenuImg CS="0.73" h="2327" lang="fr" source="google" w="4123" x="652" y="1316.2">conception</contenuImg>
            <contenuImg CS="0.56" lang="fr" source="google">moulage</contenuImg>
            <contenuImg CS="0.81" h="2327" lang="fr" source="google" w="4123" x="652" y="1316.2">modèle motif</contenuImg>
            <contenuImg CS="0.84" h="2327" lang="fr" source="google" w="4123" x="652" y="1316.2">architecture</contenuImg>
            <contenuImg CS="0.81" h="2327" lang="fr" source="google" w="4123" x="652" y="1316.2">modèle</contenuImg>
            <contenuImg CS="0.77" h="2327" lang="fr" source="google" w="4123" x="652" y="1316.2">symétrie</contenuImg>
            <contenuImg CS="0.73" h="2327" lang="fr" source="google" w="4123" x="652" y="1316.2">design</contenuImg>
            <contenuImg CS="0.72" lang="fr" source="google">façade</contenuImg>
            <contenuImg CS="0.68" lang="fr" source="google">bâtiment</contenuImg>
            <contenuImg CS="0.64" lang="fr" source="google">architecture classique</contenuImg>
            <contenuImg CS="0.60" lang="fr" source="google">plafond</contenuImg>
            <contenuImg CS="0.55" lang="fr" source="google">palais</contenuImg>
            <contenuImg CS="0.70" coul="1" lang="fr" source="google">or</contenuImg>
            <contenuImg CS="0.23" coul="1" lang="fr" source="google">vieil or</contenuImg>
            <contenuImg CS="0.21" coul="1" lang="fr" source="google">jaune d'or</contenuImg>
            <contenuImg CS="0.17" coul="1" lang="fr" source="google">noir</contenuImg>
            <contenuImg CS="0.15" coul="1" lang="fr" source="google">beige</contenuImg>
            <contenuImg CS="0.06" coul="1" lang="fr" source="google">cuivre</contenuImg>
            <contenuImg b="155" coul="1" g="222" ordre="6" r="242" source="colorific" type="frg">#f2de9b</contenuImg>
            <contenuImg b="52" coul="1" g="71" ordre="5" r="106" source="colorific" type="frg">#6a4734</contenuImg>
            <contenuImg b="68" coul="1" g="71" ordre="4" r="51" source="colorific" type="frg">#334744</contenuImg>
            <contenuImg b="65" coul="1" g="161" ordre="3" r="201" source="colorific" type="frg">#c9a141</contenuImg>
            <contenuImg b="60" coul="1" g="118" ordre="2" r="181" source="colorific" type="frg">#b5763c</contenuImg>
            <contenuImg b="30" coul="1" g="33" ordre="1" r="33" source="colorific" type="frg">#21211e</contenuImg>
            <contenuImg CS="1.0" lang="en" source="md">decorative patterns</contenuImg>
            <contenuImg CS="1.0" lang="en" source="md">rows of pearls (ornament)</contenuImg>
            <contenuImg CS="1.0" lang="en" source="md">stylized plants</contenuImg>
            <contenuImg CS="1.0" lang="en" source="md">Flows (ornament)</contenuImg>
            <contenuImg CS="1.0" lang="en" source="md">stars</contenuImg>
            <contenuImg CS="1.0" lang="en" source="md">curly</contenuImg>
            <contenuImg CS="1.0" lang="en" source="md">trimmings</contenuImg>
            <contenuImg CS="0.06" coul="1" lang="en" source="google">copper</contenuImg>
            <contenuImg CS="0.15" coul="1" lang="en" source="google">tan</contenuImg>
            <contenuImg CS="0.17" coul="1" lang="en" source="google">black</contenuImg>
            <contenuImg CS="0.21" coul="1" lang="en" source="google">mediumgoldenrod</contenuImg>
            <contenuImg CS="0.23" coul="1" lang="en" source="google">oldgold</contenuImg>
            <contenuImg CS="0.70" coul="1" lang="en" source="google">gold</contenuImg>
            <contenuImg CS="0.55" lang="en" source="google">Palace</contenuImg>
            <contenuImg CS="0.56" lang="en" source="google">Molding</contenuImg>
            <contenuImg CS="0.60" lang="en" source="google">Ceiling</contenuImg>
            <contenuImg CS="0.64" lang="en" source="google">Classical architecture</contenuImg>
            <contenuImg CS="0.68" lang="en" source="google">Building</contenuImg>
            <contenuImg CS="0.72" lang="en" source="google">Facade</contenuImg>
            <contenuImg CS="0.73" h="2327" lang="en" source="google" w="4123" x="652" y="1316.2">Design</contenuImg>
            <contenuImg CS="0.77" h="2327" lang="en" source="google" w="4123" x="652" y="1316.2">Symmetry</contenuImg>
            <contenuImg CS="0.81" h="2327" lang="en" source="google" w="4123" x="652" y="1316.2">Pattern</contenuImg>
            <contenuImg CS="0.84" h="2327" lang="en" source="google" w="4123" x="652" y="1316.2">Architecture</contenuImg>
            <tech source="final">estampe/gravure</tech>
            <fonction source="md">papier-peint</fonction>
            <fonction source="final">papier-peint</fonction>
            <tech CS="1" source="hm">estampe/gravure</tech>
            <theme CS="1" source="md">0</theme>
            <contenuImg CS="1.0" lang="fr" source="md">Passementerie</contenuImg>
            <contenuImg CS="1.0" lang="fr" source="md">Frises</contenuImg>
            <contenuImg CS="1.0" lang="fr" source="md">Étoiles</contenuImg>
            <contenuImg CS="1.0" lang="fr" source="md">Flots (ornement)</contenuImg>
            <contenuImg CS="1.0" lang="fr" source="md">Végétaux stylisés</contenuImg>
            <contenuImg CS="1.0" lang="fr" source="md">Rangs de perles (ornement)</contenuImg>
            <contenuImg CS="1.0" lang="fr" source="md">Motifs décoratifs</contenuImg>
            <titraille>Papier à motif répétitif : papier peint</titraille>
          </ill>
        </ills>
      </page>
    </pages>
  </contenus>
</analyseAlto>