<analyseAlto>
  <metad>
    <type>I</type>
    <ID>btv1b6900788m</ID>
    <titre>Papier à motif répétitif : papier peint</titre>
    <dateEdition>1803</dateEdition>
    <auteur>Jacquemart et Bénard (Manufacture). Fonction indéterminée</auteur>
    <lang>fre</lang>
    <source>Bibliothèque nationale de France</source>
    <sujet>Peinture et décoration murales -- Colonnes -- Rosaces (architecture) -- Végétaux stylisés -- Trompe-l_oeil (ornement) -- Quadrillage -- Motifs décoratifs</sujet>
    <descr>Appartient à l’ensemble documentaire : PaPeint18 -- Papier peint</descr>
    <format>inconnu</format>
    <couverture>inconnu</couverture>
    <largeurPx>6656</largeurPx>
    <hauteurPx>6120</hauteurPx>
    <ocr>false</ocr>
    <toc>false</toc>
    <nbPage>1</nbPage>
  </metad>
  <contenus ocr="false" toc="false">
    <largeur>281</largeur>
    <hauteur>259</hauteur>
    <largeurPx>6656</largeurPx>
    <hauteurPx>6120</hauteurPx>
    <pages>
      <page ordre="1">
        <blocIll ocr="1">1</blocIll>
        <ills>
          <ill classif="CCgoogle" couleur="coul" h="6120" hash="333333333233b333" n="1-1" taille="18" w="6656" x="1" y="1">
            <contenuImg CS="0.77" lang="fr" source="google">textile</contenuImg>
            <contenuImg CS="0.77" lang="fr" source="google">conception</contenuImg>
            <contenuImg CS="0.77" lang="fr" source="google">motif</contenuImg>
            <contenuImg CS="0.59" lang="fr" source="google">cachemire</contenuImg>
            <contenuImg CS="0.59" lang="fr" source="google">modèle motif</contenuImg>
            <contenuImg CS="0.90" coul="1" h="3928" lang="fr" source="google" w="3937" x="831.6" y="612">marron</contenuImg>
            <contenuImg CS="0.87" coul="1" h="3928" lang="fr" source="google" w="3937" x="831.6" y="612">orange</contenuImg>
            <contenuImg CS="0.80" h="3928" lang="fr" source="google" w="3937" x="831.6" y="612">arts visuels</contenuImg>
            <contenuImg CS="0.77" lang="fr" source="google">design</contenuImg>
            <contenuImg CS="0.64" lang="fr" source="google">fond d'écran</contenuImg>
            <contenuImg CS="0.59" lang="fr" source="google">modèle</contenuImg>
            <contenuImg CS="2.06" coul="1" lang="fr" source="google">brun foncé</contenuImg>
            <contenuImg CS="1.97" coul="1" lang="fr" source="google">saumon</contenuImg>
            <contenuImg CS="0.46" coul="1" lang="fr" source="google">bois foncé</contenuImg>
            <contenuImg CS="0.05" coul="1" lang="fr" source="google">chocolat à pâtisser</contenuImg>
            <contenuImg CS="0.00" coul="1" lang="fr" source="google">bois moyen</contenuImg>
            <contenuImg CS="0.00" coul="1" lang="fr" source="google">gris foncé</contenuImg>
            <contenuImg CS="23.72" coul="1" lang="fr" source="google">noir</contenuImg>
            <contenuImg b="51" coul="1" g="73" r="108" source="colorific" type="bkg">#6c4933</contenuImg>
            <contenuImg b="112" coul="1" g="106" ordre="3" r="90" source="colorific" type="frg">#5a6a70</contenuImg>
            <contenuImg b="31" coul="1" g="34" ordre="2" r="35" source="colorific" type="frg">#23221f</contenuImg>
            <contenuImg b="88" coul="1" g="131" ordre="1" r="167" source="colorific" type="frg">#a78358</contenuImg>
            <contenuImg CS="1.0" lang="en" source="md">decorative patterns</contenuImg>
            <contenuImg CS="1.0" lang="en" source="md">grid</contenuImg>
            <contenuImg CS="1.0" lang="en" source="md">trompe-l'oeil (ornament)</contenuImg>
            <contenuImg CS="1.0" lang="en" source="md">stylized plants</contenuImg>
            <contenuImg CS="1.0" lang="en" source="md">rosettes (architecture)</contenuImg>
            <contenuImg CS="1.0" lang="en" source="md">columns</contenuImg>
            <contenuImg CS="1.0" lang="en" source="md">painting and wall decoration</contenuImg>
            <contenuImg CS="23.72" coul="1" lang="en" source="google">black</contenuImg>
            <contenuImg CS="0.00" coul="1" lang="en" source="google">darkgray</contenuImg>
            <contenuImg CS="0.00" coul="1" lang="en" source="google">mediumwood</contenuImg>
            <contenuImg CS="0.05" coul="1" lang="en" source="google">bakerschocolate</contenuImg>
            <contenuImg CS="0.46" coul="1" lang="en" source="google">darkwood</contenuImg>
            <contenuImg CS="0.46" coul="1" lang="en" source="google">mediumwood</contenuImg>
            <contenuImg CS="1.97" coul="1" lang="en" source="google">salmon</contenuImg>
            <contenuImg CS="2.06" coul="1" lang="en" source="google">darktan</contenuImg>
            <contenuImg CS="0.59" lang="en" source="google">Pattern</contenuImg>
            <contenuImg CS="0.59" lang="en" source="google">Paisley</contenuImg>
            <contenuImg CS="0.64" lang="en" source="google">Wallpaper</contenuImg>
            <contenuImg CS="0.77" lang="en" source="google">Motif</contenuImg>
            <contenuImg CS="0.77" lang="en" source="google">Design</contenuImg>
            <contenuImg CS="0.77" lang="en" source="google">Textile</contenuImg>
            <contenuImg CS="0.80" h="3928" lang="en" source="google" w="3937" x="831.6" y="612">Visual arts</contenuImg>
            <contenuImg CS="0.87" coul="1" h="3928" lang="en" source="google" w="3937" x="831.6" y="612">Orange</contenuImg>
            <contenuImg CS="0.90" coul="1" h="3928" lang="en" source="google" w="3937" x="831.6" y="612">Brown</contenuImg>
            <contenuImg CS="0.93" h="3928" lang="en" source="google" w="3937" x="831.6" y="612">Pattern</contenuImg>
            <tech source="final">estampe/gravure</tech>
            <fonction source="md">papier-peint</fonction>
            <fonction source="final">papier-peint</fonction>
            <tech CS="1" source="hm">estampe/gravure</tech>
            <theme CS="1" source="md">0</theme>
            <contenuImg CS="1.0" lang="fr" source="md">Peinture et décoration murales</contenuImg>
            <contenuImg CS="1.0" lang="fr" source="md">Colonnes</contenuImg>
            <contenuImg CS="1.0" lang="fr" source="md">Rosaces (architecture)</contenuImg>
            <contenuImg CS="1.0" lang="fr" source="md">Végétaux stylisés</contenuImg>
            <contenuImg CS="1.0" lang="fr" source="md">Trompe-l'oeil (ornement)</contenuImg>
            <contenuImg CS="1.0" lang="fr" source="md">Quadrillage</contenuImg>
            <contenuImg CS="1.0" lang="fr" source="md">Motifs décoratifs</contenuImg>
            <titraille>Papier à motif répétitif : papier peint</titraille>
          </ill>
        </ills>
      </page>
    </pages>
  </contenus>
</analyseAlto>