<analyseAlto>
  <metad>
    <type>I</type>
    <ID>btv1b6900394z</ID>
    <titre>Manufacture Jacquemart et Bénard. Papier à motif répétitif. Motif répétitif en arabesque à deux chemins : draperie encadrée par deux vases alternant avec un oiseau perché sur son nid : papier peint</titre>
    <dateEdition>1799</dateEdition>
    <auteur>inconnu</auteur>
    <lang>fre</lang>
    <source>Bibliothèque nationale de France</source>
    <sujet>Vases -- Fruits -- Plumes de paon -- Roses -- Oiseaux -- Nids -- Poires -- Raisin -- Groseilles -- Prunes -- Cerises -- Motifs en arabesque -- Rinceaux -- Fleurs (ornement) -- Draperies (ornement) -- Motifs décoratifs -- 1789-1799</sujet>
    <descr>Appartient à l’ensemble documentaire : PaPeint18 -- Papier peint</descr>
    <format>inconnu</format>
    <couverture>inconnu</couverture>
    <largeurPx>6808</largeurPx>
    <hauteurPx>5448</hauteurPx>
    <ocr>false</ocr>
    <toc>false</toc>
    <nbPage>1</nbPage>
  </metad>
  <contenus ocr="false" toc="false">
    <largeur>288</largeur>
    <hauteur>230</hauteur>
    <largeurPx>6808</largeurPx>
    <hauteurPx>5448</hauteurPx>
    <pages>
      <page ordre="1">
        <blocIll ocr="1">1</blocIll>
        <ills>
          <ill classif="CCgoogle" couleur="coul" h="5448" hash="994949b9979d9097" n="1-1" taille="17" w="6808" x="1" y="1">
            <contenuImg CS="0.75" h="3415" lang="fr" source="google" w="2569" x="1530.8" y="544.8">textile</contenuImg>
            <contenuImg CS="0.67" h="3415" lang="fr" source="google" w="2569" x="1530.8" y="544.8">art floral</contenuImg>
            <contenuImg CS="0.68" h="3415" lang="fr" source="google" w="2569" x="1530.8" y="544.8">modèle motif</contenuImg>
            <contenuImg CS="0.68" h="3415" lang="fr" source="google" w="2569" x="1530.8" y="544.8">modèle</contenuImg>
            <contenuImg CS="0.64" h="3415" lang="fr" source="google" w="2569" x="1530.8" y="544.8">nappe de table</contenuImg>
            <contenuImg CS="0.64" lang="fr" source="google">fond d'écran</contenuImg>
            <contenuImg CS="0.62" lang="fr" source="google">plante</contenuImg>
            <contenuImg CS="0.60" lang="fr" source="google">illustration</contenuImg>
            <contenuImg CS="0.58" lang="fr" source="google">art</contenuImg>
            <contenuImg CS="0.55" lang="fr" source="google">arts visuels</contenuImg>
            <contenuImg CS="0.51" lang="fr" source="google">fleur</contenuImg>
            <contenuImg CS="1.70" coul="1" lang="fr" source="google">bronze</contenuImg>
            <contenuImg CS="0.07" coul="1" lang="fr" source="google">vert pâle</contenuImg>
            <contenuImg CS="0.55" coul="1" lang="fr" source="google">vert cuivre foncé</contenuImg>
            <contenuImg CS="0.54" coul="1" lang="fr" source="google">turquoise moyen</contenuImg>
            <contenuImg CS="0.20" coul="1" lang="fr" source="google">argent</contenuImg>
            <contenuImg b="187" coul="1" g="173" r="149" source="colorific" type="bkg">#95adbb</contenuImg>
            <contenuImg b="168" coul="1" g="160" ordre="6" r="187" source="colorific" type="frg">#bba0a8</contenuImg>
            <contenuImg b="44" coul="1" g="60" ordre="5" r="136" source="colorific" type="frg">#883c2c</contenuImg>
            <contenuImg b="90" coul="1" g="147" ordre="4" r="158" source="colorific" type="frg">#9e935a</contenuImg>
            <contenuImg b="125" coul="1" g="122" ordre="3" r="116" source="colorific" type="frg">#747a7d</contenuImg>
            <contenuImg b="40" coul="1" g="72" ordre="2" r="89" source="colorific" type="frg">#594828</contenuImg>
            <contenuImg b="94" coul="1" g="92" ordre="1" r="58" source="colorific" type="frg">#3a5c5e</contenuImg>
            <contenuImg CS="1.0" lang="en" source="md">decorative patterns - 1789-1799</contenuImg>
            <contenuImg CS="1.0" lang="en" source="md">draperies (ornament)</contenuImg>
            <contenuImg CS="1.0" lang="en" source="md">flowers (ornament)</contenuImg>
            <contenuImg CS="1.0" lang="en" source="md">scrollwork</contenuImg>
            <contenuImg CS="1.0" lang="en" source="md">arabesque-shaped patterns</contenuImg>
            <contenuImg CS="1.0" lang="en" source="md">cherries (fruits)</contenuImg>
            <contenuImg CS="1.0" lang="en" source="md">plums</contenuImg>
            <contenuImg CS="1.0" lang="en" source="md">currants</contenuImg>
            <contenuImg CS="1.0" lang="en" source="md">grape (fruits)</contenuImg>
            <contenuImg CS="1.0" lang="en" source="md">pears (fruits)</contenuImg>
            <contenuImg CS="1.0" lang="en" source="md">nests</contenuImg>
            <contenuImg CS="1.0" lang="en" source="md">birds</contenuImg>
            <contenuImg CS="1.0" lang="en" source="md">roses (flowers)</contenuImg>
            <contenuImg CS="1.0" lang="en" source="md">peacock feathers</contenuImg>
            <contenuImg CS="1.0" lang="en" source="md">fruits</contenuImg>
            <contenuImg CS="1.0" lang="en" source="md">vases</contenuImg>
            <contenuImg CS="0.20" coul="1" lang="en" source="google">silver</contenuImg>
            <contenuImg CS="0.54" coul="1" lang="en" source="google">mediumturquoise</contenuImg>
            <contenuImg CS="0.55" coul="1" lang="en" source="google">darkgreencopper</contenuImg>
            <contenuImg CS="0.07" coul="1" lang="en" source="google">palegreen</contenuImg>
            <contenuImg CS="0.12" coul="1" lang="en" source="google">palegreen</contenuImg>
            <contenuImg CS="1.70" coul="1" lang="en" source="google">bronze</contenuImg>
            <contenuImg CS="0.51" lang="en" source="google">Flower</contenuImg>
            <contenuImg CS="0.55" lang="en" source="google">Visual arts</contenuImg>
            <contenuImg CS="0.58" lang="en" source="google">Art</contenuImg>
            <contenuImg CS="0.60" lang="en" source="google">Illustration</contenuImg>
            <contenuImg CS="0.62" lang="en" source="google">Plant</contenuImg>
            <contenuImg CS="0.64" lang="en" source="google">Wallpaper</contenuImg>
            <contenuImg CS="0.64" h="3415" lang="en" source="google" w="2569" x="1530.8" y="544.8">Tablecloth</contenuImg>
            <contenuImg CS="0.67" h="3415" lang="en" source="google" w="2569" x="1530.8" y="544.8">Floral design</contenuImg>
            <contenuImg CS="0.68" h="3415" lang="en" source="google" w="2569" x="1530.8" y="544.8">Pattern</contenuImg>
            <contenuImg CS="0.75" h="3415" lang="en" source="google" w="2569" x="1530.8" y="544.8">Textile</contenuImg>
            <tech source="final">estampe/gravure</tech>
            <fonction source="md">papier-peint</fonction>
            <fonction source="final">papier-peint</fonction>
            <tech CS="1" source="hm">estampe/gravure</tech>
            <theme CS="1" source="md">0</theme>
            <contenuImg CS="1.0" lang="fr" source="md">Vases</contenuImg>
            <contenuImg CS="1.0" lang="fr" source="md">Fruits</contenuImg>
            <contenuImg CS="1.0" lang="fr" source="md">Plumes de paon</contenuImg>
            <contenuImg CS="1.0" lang="fr" source="md">Roses</contenuImg>
            <contenuImg CS="1.0" lang="fr" source="md">Oiseaux</contenuImg>
            <contenuImg CS="1.0" lang="fr" source="md">Nids</contenuImg>
            <contenuImg CS="1.0" lang="fr" source="md">Poires</contenuImg>
            <contenuImg CS="1.0" lang="fr" source="md">Raisin</contenuImg>
            <contenuImg CS="1.0" lang="fr" source="md">Groseilles</contenuImg>
            <contenuImg CS="1.0" lang="fr" source="md">Prunes</contenuImg>
            <contenuImg CS="1.0" lang="fr" source="md">Cerises</contenuImg>
            <contenuImg CS="1.0" lang="fr" source="md">Motifs en arabesque</contenuImg>
            <contenuImg CS="1.0" lang="fr" source="md">Rinceaux</contenuImg>
            <contenuImg CS="1.0" lang="fr" source="md">Fleurs (ornement)</contenuImg>
            <contenuImg CS="1.0" lang="fr" source="md">Draperies (ornement)</contenuImg>
            <contenuImg CS="1.0" lang="fr" source="md">Motifs décoratifs -- 1789-1799</contenuImg>
            <titraille>Manufacture Jacquemart et Bénard. Papier à motif répétitif. Motif répétitif en arabesque à deux chemins : draperie encadrée par deux vases alternant avec un oiseau perché sur son nid : papier peint</titraille>
          </ill>
        </ills>
      </page>
    </pages>
  </contenus>
</analyseAlto>