<analyseAlto>
  <metad>
    <type>I</type>
    <ID>btv1b69014365</ID>
    <titre>Bordure : papier peint</titre>
    <dateEdition>1799</dateEdition>
    <auteur>inconnu</auteur>
    <lang>fre</lang>
    <source>Bibliothèque nationale de France, département Estampes et photographie, EST LI-19</source>
    <sujet>Frises -- Marguerites -- Fleurs (ornement) -- Volubilis -- Rangs de perles (ornement) -- Peignes (ornement) -- Motifs décoratifs</sujet>
    <descr>Appartient à l’ensemble documentaire : PaPeint18 -- Papier peint</descr>
    <format>inconnu</format>
    <couverture>inconnu</couverture>
    <largeurPx>7512</largeurPx>
    <hauteurPx>6864</hauteurPx>
    <ocr>false</ocr>
    <toc>false</toc>
    <caption>false</caption>
    <nbPage>1</nbPage>
  </metad>
  <contenus ocr="false" toc="false">
    <largeur>318</largeur>
    <hauteur>290</hauteur>
    <largeurPx>7512</largeurPx>
    <hauteurPx>6864</hauteurPx>
    <pages>
      <page ordre="1">
        <blocIll ocr="1">1</blocIll>
        <ills>
          <ill classif="CCgoogle" couleur="coul" h="6864" hash="00ff00ff00ff00ff" n="1-1" taille="23" w="7512" x="1" y="1">
            <contenuImg CS="0.87" h="3899" lang="fr" source="google" w="2185" x="1606.2" y="686.4">textile</contenuImg>
            <contenuImg CS="0.74" lang="fr" source="google">conception</contenuImg>
            <contenuImg CS="0.75" h="3899" lang="fr" source="google" w="2185" x="1606.2" y="686.4">étoffe tissée</contenuImg>
            <contenuImg CS="0.69" lang="fr" source="google">motif</contenuImg>
            <contenuImg CS="0.66" lang="fr" source="google">tapis</contenuImg>
            <contenuImg CS="0.73" lang="fr" source="google">modèle motif</contenuImg>
            <contenuImg CS="0.90" coul="1" h="3899" lang="fr" source="google" w="2185" x="1606.2" y="686.4">orange</contenuImg>
            <contenuImg CS="0.74" lang="fr" source="google">design</contenuImg>
            <contenuImg CS="0.73" lang="fr" source="google">modèle</contenuImg>
            <contenuImg CS="0.73" lang="fr" source="google">arts visuels</contenuImg>
            <contenuImg CS="0.58" lang="fr" source="google">art</contenuImg>
            <contenuImg CS="0.73" coul="1" lang="fr" source="google">bleu nuit</contenuImg>
            <contenuImg CS="0.21" coul="1" lang="fr" source="google">noir</contenuImg>
            <contenuImg CS="0.46" coul="1" lang="fr" source="google">bleu clair</contenuImg>
            <contenuImg CS="0.44" coul="1" lang="fr" source="google">gris foncé</contenuImg>
            <contenuImg CS="0.28" coul="1" lang="fr" source="google">chocolat à pâtisser</contenuImg>
            <contenuImg b="42" coul="1" g="58" ordre="6" r="84" source="colorific" type="frg">#543a2a</contenuImg>
            <contenuImg b="56" coul="1" g="47" ordre="5" r="35" source="colorific" type="frg">#232f38</contenuImg>
            <contenuImg b="139" coul="1" g="141" ordre="4" r="122" source="colorific" type="frg">#7a8d8b</contenuImg>
            <contenuImg b="122" coul="1" g="112" ordre="3" r="121" source="colorific" type="frg">#79707a</contenuImg>
            <contenuImg b="30" coul="1" g="30" ordre="2" r="61" source="colorific" type="frg">#3d1e1e</contenuImg>
            <contenuImg b="0" coul="1" g="0" ordre="1" r="0" source="colorific" type="frg">#000000</contenuImg>
            <contenuImg CS="1.0" lang="en" source="md">decorative patterns</contenuImg>
            <contenuImg CS="1.0" lang="en" source="md">cmbs (ornament)</contenuImg>
            <contenuImg CS="1.0" lang="en" source="md">rows of pearls (ornament)</contenuImg>
            <contenuImg CS="1.0" lang="en" source="md">Volubilis (flowers)</contenuImg>
            <contenuImg CS="1.0" lang="en" source="md">flowers (ornament)</contenuImg>
            <contenuImg CS="1.0" lang="en" source="md">daisies (flowers)</contenuImg>
            <contenuImg CS="1.0" lang="en" source="md">curly</contenuImg>
            <contenuImg CS="0.28" coul="1" lang="en" source="google">bakerschocolate</contenuImg>
            <contenuImg CS="0.44" coul="1" lang="en" source="google">darkgray</contenuImg>
            <contenuImg CS="0.46" coul="1" lang="en" source="google">lightsteelblue</contenuImg>
            <contenuImg CS="0.69" coul="1" lang="en" source="google">bakerschocolate</contenuImg>
            <contenuImg CS="0.21" coul="1" lang="en" source="google">black</contenuImg>
            <contenuImg CS="0.73" coul="1" lang="en" source="google">midnightblue</contenuImg>
            <contenuImg CS="0.84" coul="1" lang="en" source="google">black</contenuImg>
            <contenuImg CS="0.58" lang="en" source="google">Art</contenuImg>
            <contenuImg CS="0.66" lang="en" source="google">Carpet</contenuImg>
            <contenuImg CS="0.69" lang="en" source="google">Motif</contenuImg>
            <contenuImg CS="0.73" lang="en" source="google">Visual arts</contenuImg>
            <contenuImg CS="0.73" lang="en" source="google">Pattern</contenuImg>
            <contenuImg CS="0.74" lang="en" source="google">Design</contenuImg>
            <contenuImg CS="0.75" h="3899" lang="en" source="google" w="2185" x="1606.2" y="686.4">Woven fabric</contenuImg>
            <contenuImg CS="0.87" h="3899" lang="en" source="google" w="2185" x="1606.2" y="686.4">Textile</contenuImg>
            <contenuImg CS="0.90" coul="1" h="3899" lang="en" source="google" w="2185" x="1606.2" y="686.4">Orange</contenuImg>
            <contenuImg CS="0.91" h="3899" lang="en" source="google" w="2185" x="1606.2" y="686.4">Pattern</contenuImg>
            <tech source="final">estampe/gravure</tech>
            <fonction source="md">papier-peint</fonction>
            <fonction source="final">papier-peint</fonction>
            <tech CS="1" source="hm">estampe/gravure</tech>
            <theme CS="1" source="md">0</theme>
            <contenuImg CS="1.0" lang="fr" source="md">Frises</contenuImg>
            <contenuImg CS="1.0" lang="fr" source="md">Marguerites</contenuImg>
            <contenuImg CS="1.0" lang="fr" source="md">Fleurs (ornement)</contenuImg>
            <contenuImg CS="1.0" lang="fr" source="md">Volubilis</contenuImg>
            <contenuImg CS="1.0" lang="fr" source="md">Rangs de perles (ornement)</contenuImg>
            <contenuImg CS="1.0" lang="fr" source="md">Peignes (ornement)</contenuImg>
            <contenuImg CS="1.0" lang="fr" source="md">Motifs décoratifs</contenuImg>
            <titraille>Bordure : papier peint</titraille>
          </ill>
        </ills>
      </page>
    </pages>
  </contenus>
</analyseAlto>