<analyseAlto>
  <metad>
    <type>I</type>
    <ID>btv1b69006673</ID>
    <titre>Papier à motif répétitif : papier peint</titre>
    <dateEdition>1801</dateEdition>
    <auteur>inconnu</auteur>
    <lang>fre</lang>
    <source>Bibliothèque nationale de France</source>
    <sujet>Carreaux -- Rosettes (ornement) -- Motifs décoratifs</sujet>
    <descr>Appartient à l’ensemble documentaire : PaPeint18 -- Papier peint</descr>
    <format>inconnu</format>
    <couverture>inconnu</couverture>
    <largeurPx>6752</largeurPx>
    <hauteurPx>5016</hauteurPx>
    <ocr>false</ocr>
    <toc>false</toc>
    <nbPage>1</nbPage>
  </metad>
  <contenus ocr="false" toc="false">
    <largeur>285</largeur>
    <hauteur>212</hauteur>
    <largeurPx>6752</largeurPx>
    <hauteurPx>5016</hauteurPx>
    <pages>
      <page ordre="1">
        <blocIll ocr="1">1</blocIll>
        <ills>
          <ill classif="CCgoogle" couleur="coul" h="5016" hash="ffffa1f1b100b100" n="1-1" taille="15" w="6752" x="1" y="1">
            <contenuImg CS="0.79" h="3173" lang="fr" source="google" w="2379" x="1743.2" y="501.6">conception</contenuImg>
            <contenuImg CS="0.64" lang="fr" source="google">modèle motif</contenuImg>
            <contenuImg CS="0.90" coul="1" h="3173" lang="fr" source="google" w="2379" x="1743.2" y="501.6">jaune</contenuImg>
            <contenuImg CS="0.83" h="3173" lang="fr" source="google" w="2379" x="1743.2" y="501.6">ligne</contenuImg>
            <contenuImg CS="0.79" h="3173" lang="fr" source="google" w="2379" x="1743.2" y="501.6">design</contenuImg>
            <contenuImg CS="0.67" lang="fr" source="google">arts visuels</contenuImg>
            <contenuImg CS="0.64" lang="fr" source="google">modèle</contenuImg>
            <contenuImg CS="0.57" lang="fr" source="google">symétrie</contenuImg>
            <contenuImg CS="0.56" lang="fr" source="google">fond d'écran</contenuImg>
            <contenuImg CS="1.76" coul="1" lang="fr" source="google">beige pâle</contenuImg>
            <contenuImg CS="0.30" coul="1" lang="fr" source="google">feldspath</contenuImg>
            <contenuImg CS="0.13" coul="1" lang="fr" source="google">gerbe d'or (Solidago)</contenuImg>
            <contenuImg CS="30.18" coul="1" lang="fr" source="google">beige</contenuImg>
            <contenuImg CS="25.33" coul="1" lang="fr" source="google">chair</contenuImg>
            <contenuImg b="169" coul="1" g="219" r="242" source="colorific" type="bkg">#f2dba9</contenuImg>
            <contenuImg b="0" coul="1" g="0" ordre="2" r="0" source="colorific" type="frg">#000000</contenuImg>
            <contenuImg b="255" coul="1" g="255" ordre="1" r="255" source="colorific" type="frg">#ffffff</contenuImg>
            <contenuImg CS="1.0" lang="en" source="md">decorative patterns</contenuImg>
            <contenuImg CS="1.0" lang="en" source="md">rosettes (ornament)</contenuImg>
            <contenuImg CS="1.0" lang="en" source="md">tiles</contenuImg>
            <contenuImg CS="25.33" coul="1" lang="en" source="google">flesh</contenuImg>
            <contenuImg CS="30.18" coul="1" lang="en" source="google">tan</contenuImg>
            <contenuImg CS="0.13" coul="1" lang="en" source="google">goldenrod</contenuImg>
            <contenuImg CS="0.24" coul="1" lang="en" source="google">flesh</contenuImg>
            <contenuImg CS="0.30" coul="1" lang="en" source="google">feldspar</contenuImg>
            <contenuImg CS="1.76" coul="1" lang="en" source="google">newtan</contenuImg>
            <contenuImg CS="2.58" coul="1" lang="en" source="google">tan</contenuImg>
            <contenuImg CS="0.56" lang="en" source="google">Wallpaper</contenuImg>
            <contenuImg CS="0.57" lang="en" source="google">Symmetry</contenuImg>
            <contenuImg CS="0.64" lang="en" source="google">Pattern</contenuImg>
            <contenuImg CS="0.67" lang="en" source="google">Visual arts</contenuImg>
            <contenuImg CS="0.72" coul="1" lang="en" source="google">Beige</contenuImg>
            <contenuImg CS="0.79" h="3173" lang="en" source="google" w="2379" x="1743.2" y="501.6">Design</contenuImg>
            <contenuImg CS="0.83" h="3173" lang="en" source="google" w="2379" x="1743.2" y="501.6">Line</contenuImg>
            <contenuImg CS="0.90" h="3173" lang="en" source="google" w="2379" x="1743.2" y="501.6">Yellow</contenuImg>
            <contenuImg CS="0.96" h="3173" lang="en" source="google" w="2379" x="1743.2" y="501.6">Pattern</contenuImg>
            <tech source="final">estampe/gravure</tech>
            <fonction source="md">papier-peint</fonction>
            <fonction source="final">papier-peint</fonction>
            <tech CS="1" source="hm">estampe/gravure</tech>
            <theme CS="1" source="md">0</theme>
            <contenuImg CS="1.0" lang="fr" source="md">Carreaux</contenuImg>
            <contenuImg CS="1.0" lang="fr" source="md">Rosettes (ornement)</contenuImg>
            <contenuImg CS="1.0" lang="fr" source="md">Motifs décoratifs</contenuImg>
            <titraille>Papier à motif répétitif : papier peint</titraille>
          </ill>
        </ills>
      </page>
    </pages>
  </contenus>
</analyseAlto>