<analyseAlto>
  <metad>
    <type>I</type>
    <ID>btv1b69005900</ID>
    <titre>Papier à motif répétitif : papier peint</titre>
    <dateEdition>1800</dateEdition>
    <auteur>inconnu</auteur>
    <lang>fre</lang>
    <source>Bibliothèque nationale de France</source>
    <sujet>Ornements géométriques -- Rayures (ornements) -- Étoiles -- Branchages -- Losanges (ornement) -- Motifs décoratifs</sujet>
    <descr>Appartient à l’ensemble documentaire : PaPeint18 -- Papier peint</descr>
    <format>inconnu</format>
    <couverture>inconnu</couverture>
    <largeurPx>6824</largeurPx>
    <hauteurPx>5536</hauteurPx>
    <ocr>false</ocr>
    <toc>false</toc>
    <nbPage>1</nbPage>
  </metad>
  <contenus ocr="false" toc="false">
    <largeur>288</largeur>
    <hauteur>234</hauteur>
    <largeurPx>6824</largeurPx>
    <hauteurPx>5536</hauteurPx>
    <pages>
      <page ordre="1">
        <blocIll ocr="1">1</blocIll>
        <ills>
          <ill classif="CCgoogle" couleur="coul" h="5536" hash="5dd34c934cd34c53" n="1-1" taille="17" w="6824" x="1" y="1">
            <contenuImg CS="0.82" lang="fr" source="google">conception</contenuImg>
            <contenuImg CS="0.81" lang="fr" source="google">textile</contenuImg>
            <contenuImg CS="0.63" lang="fr" source="google">courtepointe</contenuImg>
            <contenuImg CS="0.85" h="3462" lang="fr" source="google" w="1938" x="3014.4" y="553.6">modèle motif</contenuImg>
            <contenuImg CS="0.84" coul="1" lang="fr" source="google">gris pâle</contenuImg>
            <contenuImg CS="0.95" coul="1" h="3462" lang="fr" source="google" w="1938" x="3014.4" y="553.6">vert</contenuImg>
            <contenuImg CS="0.85" h="3462" lang="fr" source="google" w="1938" x="3014.4" y="553.6">ligne</contenuImg>
            <contenuImg CS="0.85" h="3462" lang="fr" source="google" w="1938" x="3014.4" y="553.6">modèle</contenuImg>
            <contenuImg CS="0.82" lang="fr" source="google">design</contenuImg>
            <contenuImg CS="0.80" lang="fr" source="google">symétrie</contenuImg>
            <contenuImg CS="0.76" lang="fr" source="google">triangle</contenuImg>
            <contenuImg CS="0.65" lang="fr" source="google">arts visuels</contenuImg>
            <contenuImg CS="0.19" coul="1" lang="fr" source="google">vert foncé</contenuImg>
            <contenuImg CS="0.84" coul="1" lang="fr" source="google">gris très clair</contenuImg>
            <contenuImg CS="0.34" coul="1" lang="fr" source="google">argent</contenuImg>
            <contenuImg CS="0.32" coul="1" lang="fr" source="google">bleu clair</contenuImg>
            <contenuImg CS="0.21" coul="1" lang="fr" source="google">vert pâle</contenuImg>
            <contenuImg CS="0.15" coul="1" lang="fr" source="google">gris foncé</contenuImg>
            <contenuImg CS="0.11" coul="1" lang="fr" source="google">gris</contenuImg>
            <contenuImg b="255" coul="1" g="255" r="255" source="colorific" type="bkg">#ffffff</contenuImg>
            <contenuImg b="55" coul="1" g="64" ordre="6" r="54" source="colorific" type="frg">#364037</contenuImg>
            <contenuImg b="131" coul="1" g="110" ordre="5" r="188" source="colorific" type="frg">#bc6e83</contenuImg>
            <contenuImg b="29" coul="1" g="37" ordre="4" r="33" source="colorific" type="frg">#21251d</contenuImg>
            <contenuImg b="0" coul="1" g="0" ordre="3" r="0" source="colorific" type="frg">#000000</contenuImg>
            <contenuImg b="108" coul="1" g="126" ordre="2" r="78" source="colorific" type="frg">#4e7e6c</contenuImg>
            <contenuImg b="92" coul="1" g="96" ordre="1" r="101" source="colorific" type="frg">#65605c</contenuImg>
            <contenuImg CS="1.0" lang="en" source="md">decorative patterns</contenuImg>
            <contenuImg CS="1.0" lang="en" source="md">rhombuses (ornament)</contenuImg>
            <contenuImg CS="1.0" lang="en" source="md">boughs</contenuImg>
            <contenuImg CS="1.0" lang="en" source="md">stars</contenuImg>
            <contenuImg CS="1.0" lang="en" source="md">stripes (ornaments)</contenuImg>
            <contenuImg CS="1.0" lang="en" source="md">geometric ornaments</contenuImg>
            <contenuImg CS="0.11" coul="1" lang="en" source="google">gray</contenuImg>
            <contenuImg CS="0.15" coul="1" lang="en" source="google">darkgray</contenuImg>
            <contenuImg CS="0.21" coul="1" lang="en" source="google">palegreen</contenuImg>
            <contenuImg CS="0.32" coul="1" lang="en" source="google">lightblue</contenuImg>
            <contenuImg CS="0.34" coul="1" lang="en" source="google">silver</contenuImg>
            <contenuImg CS="0.84" coul="1" lang="en" source="google">verylightgrey</contenuImg>
            <contenuImg CS="0.19" coul="1" lang="en" source="google">darkgreen</contenuImg>
            <contenuImg CS="2.57" coul="1" lang="en" source="google">lightblue</contenuImg>
            <contenuImg CS="0.63" lang="en" source="google">Quilt</contenuImg>
            <contenuImg CS="0.65" lang="en" source="google">Visual arts</contenuImg>
            <contenuImg CS="0.76" lang="en" source="google">Triangle</contenuImg>
            <contenuImg CS="0.80" lang="en" source="google">Symmetry</contenuImg>
            <contenuImg CS="0.81" lang="en" source="google">Textile</contenuImg>
            <contenuImg CS="0.82" lang="en" source="google">Design</contenuImg>
            <contenuImg CS="0.85" h="3462" lang="en" source="google" w="1938" x="3014.4" y="553.6">Pattern</contenuImg>
            <contenuImg CS="0.85" h="3462" lang="en" source="google" w="1938" x="3014.4" y="553.6">Line</contenuImg>
            <contenuImg CS="0.95" coul="1" h="3462" lang="en" source="google" w="1938" x="3014.4" y="553.6">Green</contenuImg>
            <contenuImg CS="0.98" h="3462" lang="en" source="google" w="1938" x="3014.4" y="553.6">Pattern</contenuImg>
            <tech source="final">estampe/gravure</tech>
            <fonction source="md">papier-peint</fonction>
            <fonction source="final">papier-peint</fonction>
            <tech CS="1" source="hm">estampe/gravure</tech>
            <theme CS="1" source="md">0</theme>
            <contenuImg CS="1.0" lang="fr" source="md">Ornements géométriques</contenuImg>
            <contenuImg CS="1.0" lang="fr" source="md">Rayures (ornements)</contenuImg>
            <contenuImg CS="1.0" lang="fr" source="md">Étoiles</contenuImg>
            <contenuImg CS="1.0" lang="fr" source="md">Branchages</contenuImg>
            <contenuImg CS="1.0" lang="fr" source="md">Losanges (ornement)</contenuImg>
            <contenuImg CS="1.0" lang="fr" source="md">Motifs décoratifs</contenuImg>
            <titraille>Papier à motif répétitif : papier peint</titraille>
          </ill>
        </ills>
      </page>
    </pages>
  </contenus>
</analyseAlto>