<analyseAlto>
  <metad>
    <type>I</type>
    <ID>btv1b6900814n</ID>
    <titre>Manufacture Jacquemart et Bénard. Bordure. Une bande de frise de dents-de-loup : papier peint</titre>
    <dateEdition>1803</dateEdition>
    <auteur>Jacquemart et Bénard (Manufacture). Fonction indéterminée</auteur>
    <lang>fre</lang>
    <source>Bibliothèque nationale de France</source>
    <sujet>Frises -- Dents-de-loup (ornement) -- Décoration et ornement architecturaux -- 1800-1869 -- Motifs décoratifs -- 1800-1869</sujet>
    <descr>Appartient à l’ensemble documentaire : PaPeint18 -- Papier peint</descr>
    <format>inconnu</format>
    <couverture>inconnu</couverture>
    <largeurPx>5296</largeurPx>
    <hauteurPx>1144</hauteurPx>
    <ocr>false</ocr>
    <toc>false</toc>
    <nbPage>1</nbPage>
  </metad>
  <contenus ocr="false" toc="false">
    <largeur>224</largeur>
    <hauteur>48</hauteur>
    <largeurPx>5296</largeurPx>
    <hauteurPx>1144</hauteurPx>
    <pages>
      <page ordre="1">
        <blocIll ocr="1">1</blocIll>
        <ills>
          <ill classif="CCgoogle" couleur="coul" h="1144" hash="ff00000000ffffff" n="1-1" taille="2" w="5296" x="1" y="1">
            <contenuImg CS="0.62" lang="fr" source="google">modèle motif</contenuImg>
            <contenuImg CS="1.17" coul="1" lang="fr" source="google">vert de mer</contenuImg>
            <contenuImg CS="0.94" coul="1" h="3320" lang="fr" source="google" w="3325" x="9003.6" y="114.4">vert</contenuImg>
            <contenuImg CS="0.84" coul="1" h="3320" lang="fr" source="google" w="3325" x="9003.6" y="114.4">bleu canard</contenuImg>
            <contenuImg CS="0.82" h="3320" lang="fr" source="google" w="3325" x="9003.6" y="114.4">rectangle</contenuImg>
            <contenuImg CS="0.67" coul="1" lang="fr" source="google">turquoise</contenuImg>
            <contenuImg CS="0.62" lang="fr" source="google">modèle</contenuImg>
            <contenuImg CS="0.14" coul="1" lang="fr" source="google">bleu nuit</contenuImg>
            <contenuImg CS="0.60" coul="1" lang="fr" source="google">noir</contenuImg>
            <contenuImg CS="0.13" coul="1" lang="fr" source="google">gris ardoise foncé</contenuImg>
            <contenuImg b="30" coul="1" g="32" r="32" source="colorific" type="bkg">#20201e</contenuImg>
            <contenuImg b="0" coul="1" g="0" ordre="3" r="0" source="colorific" type="frg">#000000</contenuImg>
            <contenuImg b="110" coul="1" g="111" ordre="2" r="71" source="colorific" type="frg">#476f6e</contenuImg>
            <contenuImg b="255" coul="1" g="255" ordre="1" r="255" source="colorific" type="frg">#ffffff</contenuImg>
            <contenuImg CS="1.0" lang="en" source="md">decorative patterns - 1800-1869</contenuImg>
            <contenuImg CS="1.0" lang="en" source="md">architectural decoration and ornament - 1800-1869</contenuImg>
            <contenuImg CS="1.0" lang="en" source="md">wolf's teeth (ornament)</contenuImg>
            <contenuImg CS="1.0" lang="en" source="md">curly</contenuImg>
            <contenuImg CS="0.13" coul="1" lang="en" source="google">darkslategrey</contenuImg>
            <contenuImg CS="0.60" coul="1" lang="en" source="google">black</contenuImg>
            <contenuImg CS="0.93" coul="1" lang="en" source="google">black</contenuImg>
            <contenuImg CS="0.14" coul="1" lang="en" source="google">midnightblue</contenuImg>
            <contenuImg CS="0.19" coul="1" lang="en" source="google">darkslategrey</contenuImg>
            <contenuImg CS="1.17" coul="1" lang="en" source="google">seagreen</contenuImg>
            <contenuImg CS="1.52" coul="1" lang="en" source="google">black</contenuImg>
            <contenuImg CS="0.62" lang="en" source="google">Pattern</contenuImg>
            <contenuImg CS="0.67" coul="1" lang="en" source="google">Turquoise</contenuImg>
            <contenuImg CS="0.82" h="3320" lang="en" source="google" w="3325" x="9003.6" y="114.4">Rectangle</contenuImg>
            <contenuImg CS="0.84" coul="1" h="3320" lang="en" source="google" w="3325" x="9003.6" y="114.4">Teal</contenuImg>
            <contenuImg CS="0.94" coul="1" h="3320" lang="en" source="google" w="3325" x="9003.6" y="114.4">Turquoise</contenuImg>
            <contenuImg CS="0.94" coul="1" h="3320" lang="en" source="google" w="3325" x="9003.6" y="114.4">Green</contenuImg>
            <tech source="final">estampe/gravure</tech>
            <fonction source="md">papier-peint</fonction>
            <fonction source="final">papier-peint</fonction>
            <tech CS="1" source="hm">estampe/gravure</tech>
            <theme CS="1" source="md">0</theme>
            <contenuImg CS="1.0" lang="fr" source="md">Frises</contenuImg>
            <contenuImg CS="1.0" lang="fr" source="md">Dents-de-loup (ornement)</contenuImg>
            <contenuImg CS="1.0" lang="fr" source="md">Décoration et ornement architecturaux -- 1800-1869</contenuImg>
            <contenuImg CS="1.0" lang="fr" source="md">Motifs décoratifs -- 1800-1869</contenuImg>
            <titraille>Manufacture Jacquemart et Bénard. Bordure. Une bande de frise de dents-de-loup : papier peint</titraille>
          </ill>
        </ills>
      </page>
    </pages>
  </contenus>
</analyseAlto>