<analyseAlto>
  <metad>
    <type>I</type>
    <ID>btv1b6900156k</ID>
    <titre>Manufacture Chapillon. Bordure. Une bande de large frise de rubans suspendus, rangs de perles, palmettes et motifs de fantaisie : papier peint</titre>
    <dateEdition>1800</dateEdition>
    <auteur>inconnu</auteur>
    <lang>fre</lang>
    <source>Bibliothèque nationale de France</source>
    <sujet>Frises -- Rubans (tissus) -- Rayures (ornements) -- Rangs de perles (ornement) -- Motifs de fantaisie -- Motifs décoratifs -- 1800-1869</sujet>
    <descr>Appartient à l’ensemble documentaire : PaPeint18 -- Papier peint</descr>
    <format>inconnu</format>
    <couverture>inconnu</couverture>
    <largeurPx>4152</largeurPx>
    <hauteurPx>3048</hauteurPx>
    <ocr>false</ocr>
    <toc>false</toc>
    <nbPage>1</nbPage>
  </metad>
  <contenus ocr="false" toc="false">
    <largeur>175</largeur>
    <hauteur>129</hauteur>
    <largeurPx>4152</largeurPx>
    <hauteurPx>3048</hauteurPx>
    <pages>
      <page ordre="1">
        <blocIll ocr="1">1</blocIll>
        <ills>
          <ill classif="CCgoogle" couleur="coul" h="3048" hash="0000ff24ff59ff24" n="1-1" taille="5" w="4152" x="1" y="1">
            <contenuImg CS="0.84" h="3320" lang="fr" source="google" w="2493" x="1317.2" y="304.8">textile</contenuImg>
            <contenuImg CS="0.96" h="3320" lang="fr" source="google" w="2493" x="1317.2" y="304.8">habillage de fenêtre</contenuImg>
            <contenuImg CS="0.82" lang="fr" source="google">cantonnière</contenuImg>
            <contenuImg CS="0.50" lang="fr" source="google">modèle motif</contenuImg>
            <contenuImg CS="0.97" h="3320" lang="fr" source="google" w="2493" x="1317.2" y="304.8">rideau</contenuImg>
            <contenuImg CS="0.83" coul="1" lang="fr" source="google">turquoise</contenuImg>
            <contenuImg CS="0.63" lang="fr" source="google">fenêtre</contenuImg>
            <contenuImg CS="0.60" lang="fr" source="google">design d'intérieur</contenuImg>
            <contenuImg CS="0.50" lang="fr" source="google">modèle</contenuImg>
            <contenuImg CS="0.44" coul="1" lang="fr" source="google">argent</contenuImg>
            <contenuImg CS="0.43" coul="1" lang="fr" source="google">gris ardoise foncé</contenuImg>
            <contenuImg CS="0.39" coul="1" lang="fr" source="google">vert foncé</contenuImg>
            <contenuImg CS="0.22" coul="1" lang="fr" source="google">gris</contenuImg>
            <contenuImg CS="0.21" coul="1" lang="fr" source="google">beige pâle</contenuImg>
            <contenuImg CS="0.18" coul="1" lang="fr" source="google">vert cuivre</contenuImg>
            <contenuImg b="144" coul="1" g="160" r="196" source="colorific" type="bkg">#c4a090</contenuImg>
            <contenuImg b="19" coul="1" g="30" ordre="6" r="14" source="colorific" type="frg">#0e1e13</contenuImg>
            <contenuImg b="107" coul="1" g="119" ordre="5" r="131" source="colorific" type="frg">#83776b</contenuImg>
            <contenuImg b="84" coul="1" g="85" ordre="4" r="110" source="colorific" type="frg">#6e5554</contenuImg>
            <contenuImg b="255" coul="1" g="255" ordre="3" r="255" source="colorific" type="frg">#ffffff</contenuImg>
            <contenuImg b="66" coul="1" g="92" ordre="2" r="143" source="colorific" type="frg">#8f5c42</contenuImg>
            <contenuImg b="70" coul="1" g="77" ordre="1" r="55" source="colorific" type="frg">#374d46</contenuImg>
            <contenuImg CS="1.0" lang="en" source="md">decorative patterns - 1800-1869</contenuImg>
            <contenuImg CS="1.0" lang="en" source="md">fantasy patterns</contenuImg>
            <contenuImg CS="1.0" lang="en" source="md">rows of pearls (ornament)</contenuImg>
            <contenuImg CS="1.0" lang="en" source="md">stripes (ornaments)</contenuImg>
            <contenuImg CS="1.0" lang="en" source="md">ribbons (fabrics)</contenuImg>
            <contenuImg CS="1.0" lang="en" source="md">curly</contenuImg>
            <contenuImg CS="0.18" coul="1" lang="en" source="google">greencopper</contenuImg>
            <contenuImg CS="0.21" coul="1" lang="en" source="google">newtan</contenuImg>
            <contenuImg CS="0.22" coul="1" lang="en" source="google">grey</contenuImg>
            <contenuImg CS="0.39" coul="1" lang="en" source="google">darkgreen</contenuImg>
            <contenuImg CS="0.43" coul="1" lang="en" source="google">darkslategrey</contenuImg>
            <contenuImg CS="0.44" coul="1" lang="en" source="google">silver</contenuImg>
            <contenuImg CS="1.18" coul="1" lang="en" source="google">darkgreen</contenuImg>
            <contenuImg CS="0.50" lang="en" source="google">Pattern</contenuImg>
            <contenuImg CS="0.60" lang="en" source="google">Interior design</contenuImg>
            <contenuImg CS="0.63" lang="en" source="google">Window</contenuImg>
            <contenuImg CS="0.76" lang="en" source="google">Pattern</contenuImg>
            <contenuImg CS="0.82" lang="en" source="google">Window valance</contenuImg>
            <contenuImg CS="0.83" coul="1" lang="en" source="google">Turquoise</contenuImg>
            <contenuImg CS="0.84" h="3320" lang="en" source="google" w="2493" x="1317.2" y="304.8">Textile</contenuImg>
            <contenuImg CS="0.89" h="3320" lang="en" source="google" w="2493" x="1317.2" y="304.8">Interior design</contenuImg>
            <contenuImg CS="0.96" h="3320" lang="en" source="google" w="2493" x="1317.2" y="304.8">Window treatment</contenuImg>
            <contenuImg CS="0.97" h="3320" lang="en" source="google" w="2493" x="1317.2" y="304.8">Curtain</contenuImg>
            <tech source="final">estampe/gravure</tech>
            <fonction source="md">papier-peint</fonction>
            <fonction source="final">papier-peint</fonction>
            <tech CS="1" source="hm">estampe/gravure</tech>
            <theme CS="1" source="md">0</theme>
            <contenuImg CS="1.0" lang="fr" source="md">Frises</contenuImg>
            <contenuImg CS="1.0" lang="fr" source="md">Rubans (tissus)</contenuImg>
            <contenuImg CS="1.0" lang="fr" source="md">Rayures (ornements)</contenuImg>
            <contenuImg CS="1.0" lang="fr" source="md">Rangs de perles (ornement)</contenuImg>
            <contenuImg CS="1.0" lang="fr" source="md">Motifs de fantaisie</contenuImg>
            <contenuImg CS="1.0" lang="fr" source="md">Motifs décoratifs -- 1800-1869</contenuImg>
            <titraille>Manufacture Chapillon. Bordure. Une bande de large frise de rubans suspendus, rangs de perles, palmettes et motifs de fantaisie : papier peint</titraille>
          </ill>
        </ills>
      </page>
    </pages>
  </contenus>
</analyseAlto>