<analyseAlto>
  <metad>
    <type>I</type>
    <ID>btv1b6901206b</ID>
    <titre>Bordure : papier peint</titre>
    <dateEdition>1800</dateEdition>
    <auteur>inconnu</auteur>
    <lang>fre</lang>
    <source>Bibliothèque nationale de France, département Estampes et photographie, EST LI-18</source>
    <sujet>Roses -- Frises -- Camaïeu, Peinture en -- Feuilles stylisées (ornement) -- Fleurs (ornement) -- Motifs décoratifs</sujet>
    <descr>Appartient à l’ensemble documentaire : PaPeint18 -- Papier peint</descr>
    <format>inconnu</format>
    <couverture>inconnu</couverture>
    <largeurPx>5304</largeurPx>
    <hauteurPx>2336</hauteurPx>
    <ocr>false</ocr>
    <toc>false</toc>
    <caption>false</caption>
    <nbPage>1</nbPage>
  </metad>
  <contenus ocr="false" toc="false">
    <largeur>224</largeur>
    <hauteur>98</hauteur>
    <largeurPx>5304</largeurPx>
    <hauteurPx>2336</hauteurPx>
    <pages>
      <page ordre="1">
        <blocIll ocr="1">1</blocIll>
        <ills>
          <ill classif="CCgoogle" couleur="coul" h="2336" hash="ff000cedc4cd00ff" n="1-1" taille="5" w="5304" x="1" y="1">
            <contenuImg CS="0.85" h="3320" lang="fr" source="google" w="2493" x="3926.4" y="233.6">textile</contenuImg>
            <contenuImg CS="0.77" lang="fr" source="google">magenta</contenuImg>
            <contenuImg CS="0.73" lang="fr" source="google">conception</contenuImg>
            <contenuImg CS="0.79" lang="fr" source="google">botanique</contenuImg>
            <contenuImg CS="0.85" h="3320" lang="fr" source="google" w="2493" x="3926.4" y="233.6">modèle motif</contenuImg>
            <contenuImg CS="0.90" h="3320" lang="fr" source="google" w="2493" x="3926.4" y="233.6">feuille</contenuImg>
            <contenuImg CS="0.89" coul="1" h="3320" lang="fr" source="google" w="2493" x="3926.4" y="233.6">rose</contenuImg>
            <contenuImg CS="0.85" h="3320" lang="fr" source="google" w="2493" x="3926.4" y="233.6">modèle</contenuImg>
            <contenuImg CS="0.74" lang="fr" source="google">tapisserie</contenuImg>
            <contenuImg CS="0.73" lang="fr" source="google">plante</contenuImg>
            <contenuImg CS="0.73" lang="fr" source="google">design</contenuImg>
            <contenuImg CS="0.67" lang="fr" source="google">arts visuels</contenuImg>
            <contenuImg CS="0.59" coul="1" lang="fr" source="google">marron foncé</contenuImg>
            <contenuImg CS="0.52" coul="1" lang="fr" source="google">chocolat à pâtisser</contenuImg>
            <contenuImg CS="0.31" coul="1" lang="fr" source="google">noir</contenuImg>
            <contenuImg CS="0.30" coul="1" lang="fr" source="google">saumon</contenuImg>
            <contenuImg CS="0.28" coul="1" lang="fr" source="google">bois moyen</contenuImg>
            <contenuImg b="138" coul="1" g="124" ordre="5" r="181" source="colorific" type="frg">#b57c8a</contenuImg>
            <contenuImg b="0" coul="1" g="0" ordre="4" r="0" source="colorific" type="frg">#000000</contenuImg>
            <contenuImg b="74" coul="1" g="105" ordre="3" r="124" source="colorific" type="frg">#7c694a</contenuImg>
            <contenuImg b="59" coul="1" g="45" ordre="2" r="107" source="colorific" type="frg">#6b2d3b</contenuImg>
            <contenuImg b="26" coul="1" g="27" ordre="1" r="37" source="colorific" type="frg">#251b1a</contenuImg>
            <contenuImg CS="1.0" lang="en" source="md">decorative patterns</contenuImg>
            <contenuImg CS="1.0" lang="en" source="md">flowers (ornament)</contenuImg>
            <contenuImg CS="1.0" lang="en" source="md">stylized leaves (ornament)</contenuImg>
            <contenuImg CS="1.0" lang="en" source="md">camaïeu painting</contenuImg>
            <contenuImg CS="1.0" lang="en" source="md">curly</contenuImg>
            <contenuImg CS="1.0" lang="en" source="md">roses (flowers)</contenuImg>
            <contenuImg CS="0.28" coul="1" lang="en" source="google">mediumwood</contenuImg>
            <contenuImg CS="0.30" coul="1" lang="en" source="google">salmon</contenuImg>
            <contenuImg CS="0.31" coul="1" lang="en" source="google">black</contenuImg>
            <contenuImg CS="0.52" coul="1" lang="en" source="google">bakerschocolate</contenuImg>
            <contenuImg CS="0.59" coul="1" lang="en" source="google">darkbrown</contenuImg>
            <contenuImg CS="0.76" coul="1" lang="en" source="google">mediumwood</contenuImg>
            <contenuImg CS="1.24" coul="1" lang="en" source="google">black</contenuImg>
            <contenuImg CS="0.67" lang="en" source="google">Visual arts</contenuImg>
            <contenuImg CS="0.73" lang="en" source="google">Design</contenuImg>
            <contenuImg CS="0.73" lang="en" source="google">Plant</contenuImg>
            <contenuImg CS="0.74" lang="en" source="google">Tapestry</contenuImg>
            <contenuImg CS="0.77" lang="en" source="google">Magenta</contenuImg>
            <contenuImg CS="0.79" lang="en" source="google">Botany</contenuImg>
            <contenuImg CS="0.85" h="3320" lang="en" source="google" w="2493" x="3926.4" y="233.6">Textile</contenuImg>
            <contenuImg CS="0.85" h="3320" lang="en" source="google" w="2493" x="3926.4" y="233.6">Pattern</contenuImg>
            <contenuImg CS="0.89" coul="1" h="3320" lang="en" source="google" w="2493" x="3926.4" y="233.6">Pink</contenuImg>
            <contenuImg CS="0.90" h="3320" lang="en" source="google" w="2493" x="3926.4" y="233.6">Leaf</contenuImg>
            <tech source="final">estampe/gravure</tech>
            <fonction source="md">papier-peint</fonction>
            <fonction source="final">papier-peint</fonction>
            <tech CS="1" source="hm">estampe/gravure</tech>
            <theme CS="1" source="md">0</theme>
            <contenuImg CS="1.0" lang="fr" source="md">Roses</contenuImg>
            <contenuImg CS="1.0" lang="fr" source="md">Frises</contenuImg>
            <contenuImg CS="1.0" lang="fr" source="md">Peinture en camaïeu</contenuImg>
            <contenuImg CS="1.0" lang="fr" source="md">Feuilles stylisées (ornement)</contenuImg>
            <contenuImg CS="1.0" lang="fr" source="md">Fleurs (ornement)</contenuImg>
            <contenuImg CS="1.0" lang="fr" source="md">Motifs décoratifs</contenuImg>
            <titraille>Bordure : papier peint</titraille>
          </ill>
        </ills>
      </page>
    </pages>
  </contenus>
</analyseAlto>