<analyseAlto>
  <metad>
    <type>I</type>
    <ID>btv1b6901545g</ID>
    <titre>Papier à motif répétitif : papier peint</titre>
    <dateEdition>1799</dateEdition>
    <auteur>inconnu</auteur>
    <lang>fre</lang>
    <source>Bibliothèque nationale de France, département Estampes et photographie, EST LI-19</source>
    <sujet>Ornements géométriques -- Rayures (ornements) -- Losanges (ornement) -- Quadrillage -- Motifs décoratifs</sujet>
    <descr>Appartient à l’ensemble documentaire : PaPeint18 -- Papier peint</descr>
    <format>inconnu</format>
    <couverture>inconnu</couverture>
    <largeurPx>6656</largeurPx>
    <hauteurPx>6696</hauteurPx>
    <ocr>false</ocr>
    <toc>false</toc>
    <caption>false</caption>
    <nbPage>1</nbPage>
  </metad>
  <contenus ocr="false" toc="false">
    <largeur>281</largeur>
    <hauteur>283</hauteur>
    <largeurPx>6656</largeurPx>
    <hauteurPx>6696</hauteurPx>
    <pages>
      <page ordre="1">
        <blocIll ocr="1">1</blocIll>
        <ills>
          <ill classif="CCgoogle" couleur="coul" h="6696" hash="3e0f1f9f9f0d0901" n="1-1" taille="20" w="6656" x="1" y="1">
            <contenuImg CS="0.88" lang="fr" source="google">aqua</contenuImg>
            <contenuImg CS="0.72" lang="fr" source="google">conception</contenuImg>
            <contenuImg CS="0.58" lang="fr" source="google">étoffe tissée</contenuImg>
            <contenuImg CS="0.67" lang="fr" source="google">modèle motif</contenuImg>
            <contenuImg CS="1.13" coul="1" lang="fr" source="google">bleu acier</contenuImg>
            <contenuImg CS="0.97" coul="1" h="2398" lang="fr" source="google" w="4241" x="665.6" y="669.6">bleu</contenuImg>
            <contenuImg CS="0.89" coul="1" h="2398" lang="fr" source="google" w="4241" x="665.6" y="669.6">bleu canard</contenuImg>
            <contenuImg CS="0.72" lang="fr" source="google">design</contenuImg>
            <contenuImg CS="0.67" lang="fr" source="google">modèle</contenuImg>
            <contenuImg CS="0.59" coul="1" lang="fr" source="google">turquoise</contenuImg>
            <contenuImg CS="0.57" coul="1" lang="fr" source="google">bleu nuit</contenuImg>
            <contenuImg CS="0.42" coul="1" lang="fr" source="google">violet</contenuImg>
            <contenuImg b="167" coul="1" g="125" r="72" source="colorific" type="bkg">#487da7</contenuImg>
            <contenuImg b="44" coul="1" g="19" ordre="4" r="1" source="colorific" type="frg">#01132c</contenuImg>
            <contenuImg b="88" coul="1" g="59" ordre="3" r="24" source="colorific" type="frg">#183b58</contenuImg>
            <contenuImg b="0" coul="1" g="0" ordre="2" r="0" source="colorific" type="frg">#000000</contenuImg>
            <contenuImg b="117" coul="1" g="98" ordre="1" r="84" source="colorific" type="frg">#546275</contenuImg>
            <contenuImg CS="1.0" lang="en" source="md">decorative patterns</contenuImg>
            <contenuImg CS="1.0" lang="en" source="md">grid</contenuImg>
            <contenuImg CS="1.0" lang="en" source="md">rhombuses (ornament)</contenuImg>
            <contenuImg CS="1.0" lang="en" source="md">stripes (ornaments)</contenuImg>
            <contenuImg CS="1.0" lang="en" source="md">geometric ornaments</contenuImg>
            <contenuImg CS="0.42" coul="1" lang="en" source="google">violet</contenuImg>
            <contenuImg CS="0.57" coul="1" lang="en" source="google">midnightblue</contenuImg>
            <contenuImg CS="1.13" coul="1" lang="en" source="google">steelblue</contenuImg>
            <contenuImg CS="0.58" coul="1" lang="en" source="google">steelblue</contenuImg>
            <contenuImg CS="1.18" coul="1" lang="en" source="google">steelblue</contenuImg>
            <contenuImg CS="0.58" lang="en" source="google">Woven fabric</contenuImg>
            <contenuImg CS="0.59" coul="1" lang="en" source="google">Turquoise</contenuImg>
            <contenuImg CS="0.67" lang="en" source="google">Pattern</contenuImg>
            <contenuImg CS="0.72" lang="en" source="google">Design</contenuImg>
            <contenuImg CS="0.88" lang="en" source="google">Aqua</contenuImg>
            <contenuImg CS="0.89" coul="1" h="2398" lang="en" source="google" w="4241" x="665.6" y="669.6">Teal</contenuImg>
            <contenuImg CS="0.94" coul="1" h="2398" lang="en" source="google" w="4241" x="665.6" y="669.6">Turquoise</contenuImg>
            <contenuImg CS="0.94" h="2398" lang="en" source="google" w="4241" x="665.6" y="669.6">Pattern</contenuImg>
            <contenuImg CS="0.97" coul="1" h="2398" lang="en" source="google" w="4241" x="665.6" y="669.6">Blue</contenuImg>
            <tech source="final">estampe/gravure</tech>
            <fonction source="md">papier-peint</fonction>
            <fonction source="final">papier-peint</fonction>
            <tech CS="1" source="hm">estampe/gravure</tech>
            <theme CS="1" source="md">0</theme>
            <contenuImg CS="1.0" lang="fr" source="md">Ornements géométriques</contenuImg>
            <contenuImg CS="1.0" lang="fr" source="md">Rayures (ornements)</contenuImg>
            <contenuImg CS="1.0" lang="fr" source="md">Losanges (ornement)</contenuImg>
            <contenuImg CS="1.0" lang="fr" source="md">Quadrillage</contenuImg>
            <contenuImg CS="1.0" lang="fr" source="md">Motifs décoratifs</contenuImg>
            <titraille>Papier à motif répétitif : papier peint</titraille>
          </ill>
        </ills>
      </page>
    </pages>
  </contenus>
</analyseAlto>