<analyseAlto>
  <metad>
    <type>I</type>
    <ID>btv1b6901460t</ID>
    <titre>Bordure : papier peint</titre>
    <dateEdition>1799</dateEdition>
    <auteur>inconnu</auteur>
    <lang>fre</lang>
    <source>Bibliothèque nationale de France, département Estampes et photographie, EST LI-19</source>
    <sujet>Frises -- Disques (ornement) -- Grecques (ornement) -- Fleurons (ornement) -- Palmettes (ornement) -- Décoration et ornement architecturaux -- Motifs décoratifs</sujet>
    <descr>Appartient à l’ensemble documentaire : PaPeint18 -- Papier peint</descr>
    <format>inconnu</format>
    <couverture>inconnu</couverture>
    <largeurPx>6544</largeurPx>
    <hauteurPx>6960</hauteurPx>
    <ocr>false</ocr>
    <toc>false</toc>
    <caption>false</caption>
    <nbPage>1</nbPage>
  </metad>
  <contenus ocr="false" toc="false">
    <largeur>277</largeur>
    <hauteur>294</hauteur>
    <largeurPx>6544</largeurPx>
    <hauteurPx>6960</hauteurPx>
    <pages>
      <page ordre="1">
        <blocIll ocr="1">1</blocIll>
        <ills>
          <ill classif="CCgoogle" couleur="coul" h="6960" hash="e7e300e3f300e3e5" n="1-1" taille="21" w="6544" x="1" y="1">
            <contenuImg CS="0.73" lang="fr" source="google">conception</contenuImg>
            <contenuImg CS="0.90" h="4270" lang="fr" source="google" w="3206" x="1053.4" y="696">modèle motif</contenuImg>
            <contenuImg CS="0.95" coul="1" h="4270" lang="fr" source="google" w="3206" x="1053.4" y="696">vert</contenuImg>
            <contenuImg CS="0.92" h="4270" lang="fr" source="google" w="3206" x="1053.4" y="696">texte</contenuImg>
            <contenuImg CS="0.90" h="4270" lang="fr" source="google" w="3206" x="1053.4" y="696">modèle</contenuImg>
            <contenuImg CS="0.88" h="4270" lang="fr" source="google" w="3206" x="1053.4" y="696">police de caractère</contenuImg>
            <contenuImg CS="0.73" lang="fr" source="google">design</contenuImg>
            <contenuImg CS="0.35" coul="1" lang="fr" source="google">brun foncé</contenuImg>
            <contenuImg CS="0.12" coul="1" lang="fr" source="google">jaune d'or</contenuImg>
            <contenuImg CS="0.00" coul="1" lang="fr" source="google">vert foncé</contenuImg>
            <contenuImg CS="0.27" coul="1" lang="fr" source="google">noir</contenuImg>
            <contenuImg CS="0.27" coul="1" lang="fr" source="google">bleuet</contenuImg>
            <contenuImg b="13" coul="1" g="23" ordre="4" r="60" source="colorific" type="frg">#3c170d</contenuImg>
            <contenuImg b="81" coul="1" g="108" ordre="3" r="94" source="colorific" type="frg">#5e6c51</contenuImg>
            <contenuImg b="0" coul="1" g="0" ordre="2" r="0" source="colorific" type="frg">#000000</contenuImg>
            <contenuImg b="80" coul="1" g="115" ordre="1" r="189" source="colorific" type="frg">#bd7350</contenuImg>
            <contenuImg CS="1.0" lang="en" source="md">decorative patterns</contenuImg>
            <contenuImg CS="1.0" lang="en" source="md">architectural decoration and ornament</contenuImg>
            <contenuImg CS="1.0" lang="en" source="md">palmettes (ornament)</contenuImg>
            <contenuImg CS="1.0" lang="en" source="md">flowerets (ornament)</contenuImg>
            <contenuImg CS="1.0" lang="en" source="md">Greek (ornament)</contenuImg>
            <contenuImg CS="1.0" lang="en" source="md">discs (ornament)</contenuImg>
            <contenuImg CS="1.0" lang="en" source="md">curly</contenuImg>
            <contenuImg CS="0.27" coul="1" lang="en" source="google">cornflowerblue</contenuImg>
            <contenuImg CS="0.27" coul="1" lang="en" source="google">black</contenuImg>
            <contenuImg CS="0.00" coul="1" lang="en" source="google">darkgreen</contenuImg>
            <contenuImg CS="0.12" coul="1" lang="en" source="google">mediumgoldenrod</contenuImg>
            <contenuImg CS="0.26" coul="1" lang="en" source="google">darkgreen</contenuImg>
            <contenuImg CS="0.35" coul="1" lang="en" source="google">darktan</contenuImg>
            <contenuImg CS="0.51" coul="1" lang="en" source="google">black</contenuImg>
            <contenuImg CS="0.73" lang="en" source="google">Design</contenuImg>
            <contenuImg CS="0.88" h="4270" lang="en" source="google" w="3206" x="1053.4" y="696">Font</contenuImg>
            <contenuImg CS="0.90" h="4270" lang="en" source="google" w="3206" x="1053.4" y="696">Pattern</contenuImg>
            <contenuImg CS="0.92" h="4270" lang="en" source="google" w="3206" x="1053.4" y="696">Text</contenuImg>
            <contenuImg CS="0.95" coul="1" h="4270" lang="en" source="google" w="3206" x="1053.4" y="696">Green</contenuImg>
            <tech source="final">estampe/gravure</tech>
            <fonction source="md">papier-peint</fonction>
            <fonction source="final">papier-peint</fonction>
            <tech CS="1" source="hm">estampe/gravure</tech>
            <theme CS="1" source="md">0</theme>
            <contenuImg CS="1.0" lang="fr" source="md">Frises</contenuImg>
            <contenuImg CS="1.0" lang="fr" source="md">Disques (ornement)</contenuImg>
            <contenuImg CS="1.0" lang="fr" source="md">Grecques (ornement)</contenuImg>
            <contenuImg CS="1.0" lang="fr" source="md">Fleurons (ornement)</contenuImg>
            <contenuImg CS="1.0" lang="fr" source="md">Palmettes (ornement)</contenuImg>
            <contenuImg CS="1.0" lang="fr" source="md">Décoration et ornement architecturaux</contenuImg>
            <contenuImg CS="1.0" lang="fr" source="md">Motifs décoratifs</contenuImg>
            <titraille>Bordure : papier peint</titraille>
          </ill>
        </ills>
      </page>
    </pages>
  </contenus>
</analyseAlto>