<analyseAlto>
  <metad>
    <type>I</type>
    <ID>btv1b69015442</ID>
    <titre>Manufacture Simon. Papier à motif répétitif. Motif répétitif à deux chemins, en quinconce : dauphins et lyres : papier peint</titre>
    <dateEdition>1799</dateEdition>
    <auteur>inconnu</auteur>
    <lang>fre</lang>
    <source>Bibliothèque nationale de France, département Estampes et photographie, EST LZ-312 (4)</source>
    <sujet>Dauphins -- Lyre -- Oiseaux -- Plumes de paon -- Festons -- Fleurs stylisées (ornement) -- Branchages -- Motifs décoratifs -- 1789-1799</sujet>
    <descr>Appartient à l’ensemble documentaire : PaPeint18 -- Papier peint</descr>
    <format>inconnu</format>
    <couverture>inconnu</couverture>
    <largeurPx>6760</largeurPx>
    <hauteurPx>10208</hauteurPx>
    <ocr>false</ocr>
    <toc>false</toc>
    <caption>false</caption>
    <nbPage>1</nbPage>
  </metad>
  <contenus ocr="false" toc="false">
    <largeur>286</largeur>
    <hauteur>432</hauteur>
    <largeurPx>6760</largeurPx>
    <hauteurPx>10208</hauteurPx>
    <pages>
      <page ordre="1">
        <blocIll ocr="1">1</blocIll>
        <ills>
          <ill classif="CCgoogle" couleur="coul" h="10208" hash="f791895d1983e391" n="1-1" taille="32" w="6760" x="1" y="1">
            <contenuImg CS="0.74" h="4270" lang="fr" source="google" w="2394" x="813" y="1020.8">conception</contenuImg>
            <contenuImg CS="0.84" h="4270" lang="fr" source="google" w="2394" x="813" y="1020.8">botanique</contenuImg>
            <contenuImg CS="0.75" h="4270" lang="fr" source="google" w="2394" x="813" y="1020.8">modèle motif</contenuImg>
            <contenuImg CS="0.81" h="4270" lang="fr" source="google" w="2394" x="813" y="1020.8">feuille</contenuImg>
            <contenuImg CS="0.75" h="4270" lang="fr" source="google" w="2394" x="813" y="1020.8">modèle</contenuImg>
            <contenuImg CS="0.74" h="4270" lang="fr" source="google" w="2394" x="813" y="1020.8">design</contenuImg>
            <contenuImg CS="0.72" lang="fr" source="google">plante</contenuImg>
            <contenuImg CS="0.72" lang="fr" source="google">organisme</contenuImg>
            <contenuImg CS="0.69" lang="fr" source="google">arbre</contenuImg>
            <contenuImg CS="0.62" lang="fr" source="google">branche</contenuImg>
            <contenuImg CS="0.58" lang="fr" source="google">illustration</contenuImg>
            <contenuImg CS="0.53" lang="fr" source="google">tige (plante)</contenuImg>
            <contenuImg CS="0.98" coul="1" lang="fr" source="google">gris ardoise foncé</contenuImg>
            <contenuImg CS="0.08" coul="1" lang="fr" source="google">noir</contenuImg>
            <contenuImg CS="0.65" coul="1" lang="fr" source="google">bleu nuit</contenuImg>
            <contenuImg CS="0.61" coul="1" lang="fr" source="google">bleu cadet</contenuImg>
            <contenuImg CS="0.36" coul="1" lang="fr" source="google">argent</contenuImg>
            <contenuImg b="194" coul="1" g="182" r="154" source="colorific" type="bkg">#9ab6c2</contenuImg>
            <contenuImg b="42" coul="1" g="44" ordre="2" r="19" source="colorific" type="frg">#132c2a</contenuImg>
            <contenuImg b="86" coul="1" g="84" ordre="1" r="60" source="colorific" type="frg">#3c5456</contenuImg>
            <contenuImg CS="1.0" lang="en" source="md">decorative patterns - 1789-1799</contenuImg>
            <contenuImg CS="1.0" lang="en" source="md">boughs</contenuImg>
            <contenuImg CS="1.0" lang="en" source="md">stylized flowers (ornament)</contenuImg>
            <contenuImg CS="1.0" lang="en" source="md">scallops</contenuImg>
            <contenuImg CS="1.0" lang="en" source="md">peacock feathers</contenuImg>
            <contenuImg CS="1.0" lang="en" source="md">birds</contenuImg>
            <contenuImg CS="1.0" lang="en" source="md">lyre</contenuImg>
            <contenuImg CS="1.0" lang="en" source="md">dolphins</contenuImg>
            <contenuImg CS="0.36" coul="1" lang="en" source="google">silver</contenuImg>
            <contenuImg CS="0.39" coul="1" lang="en" source="google">silver</contenuImg>
            <contenuImg CS="0.61" coul="1" lang="en" source="google">cadetblue</contenuImg>
            <contenuImg CS="0.65" coul="1" lang="en" source="google">midnightblue</contenuImg>
            <contenuImg CS="0.08" coul="1" lang="en" source="google">black</contenuImg>
            <contenuImg CS="0.68" coul="1" lang="en" source="google">cadetblue</contenuImg>
            <contenuImg CS="0.98" coul="1" lang="en" source="google">darkslategrey</contenuImg>
            <contenuImg CS="0.53" lang="en" source="google">Plant stem</contenuImg>
            <contenuImg CS="0.58" lang="en" source="google">Illustration</contenuImg>
            <contenuImg CS="0.62" lang="en" source="google">Branch</contenuImg>
            <contenuImg CS="0.69" lang="en" source="google">Tree</contenuImg>
            <contenuImg CS="0.72" lang="en" source="google">Organism</contenuImg>
            <contenuImg CS="0.72" lang="en" source="google">Plant</contenuImg>
            <contenuImg CS="0.74" h="4270" lang="en" source="google" w="2394" x="813" y="1020.8">Design</contenuImg>
            <contenuImg CS="0.75" h="4270" lang="en" source="google" w="2394" x="813" y="1020.8">Pattern</contenuImg>
            <contenuImg CS="0.81" h="4270" lang="en" source="google" w="2394" x="813" y="1020.8">Leaf</contenuImg>
            <contenuImg CS="0.84" h="4270" lang="en" source="google" w="2394" x="813" y="1020.8">Botany</contenuImg>
            <tech source="final">estampe/gravure</tech>
            <fonction source="md">papier-peint</fonction>
            <fonction source="final">papier-peint</fonction>
            <tech CS="1" source="hm">estampe/gravure</tech>
            <theme CS="1" source="md">0</theme>
            <contenuImg CS="1.0" lang="fr" source="md">Dauphins</contenuImg>
            <contenuImg CS="1.0" lang="fr" source="md">Lyre</contenuImg>
            <contenuImg CS="1.0" lang="fr" source="md">Oiseaux</contenuImg>
            <contenuImg CS="1.0" lang="fr" source="md">Plumes de paon</contenuImg>
            <contenuImg CS="1.0" lang="fr" source="md">Festons</contenuImg>
            <contenuImg CS="1.0" lang="fr" source="md">Fleurs stylisées (ornement)</contenuImg>
            <contenuImg CS="1.0" lang="fr" source="md">Branchages</contenuImg>
            <contenuImg CS="1.0" lang="fr" source="md">Motifs décoratifs -- 1789-1799</contenuImg>
            <titraille>Manufacture Simon. Papier à motif répétitif. Motif répétitif à deux chemins, en quinconce : dauphins et lyres : papier peint</titraille>
          </ill>
        </ills>
      </page>
    </pages>
  </contenus>
</analyseAlto>