<analyseAlto>
  <metad>
    <type>I</type>
    <ID>btv1b6900103f</ID>
    <titre>Manufacture Bon. Papier à motif répétitif. Motif répétitif d_imitation de treillage : papier peint</titre>
    <dateEdition>1799</dateEdition>
    <auteur>inconnu</auteur>
    <lang>fre</lang>
    <source>Bibliothèque nationale de France, département Estampes et photographie, EST LI-20</source>
    <sujet>Treillages -- Trompe-l_oeil (ornement) -- Motifs décoratifs -- 1789-1799</sujet>
    <descr>Appartient à l’ensemble documentaire : PaPeint18 -- Papier peint</descr>
    <format>inconnu</format>
    <couverture>inconnu</couverture>
    <largeurPx>6552</largeurPx>
    <hauteurPx>1712</hauteurPx>
    <ocr>false</ocr>
    <toc>false</toc>
    <caption>false</caption>
    <nbPage>1</nbPage>
  </metad>
  <contenus ocr="false" toc="false">
    <largeur>277</largeur>
    <hauteur>72</hauteur>
    <largeurPx>6552</largeurPx>
    <hauteurPx>1712</hauteurPx>
    <pages>
      <page ordre="1">
        <blocIll ocr="1">1</blocIll>
        <ills>
          <ill classif="CCgoogle" couleur="coul" h="1712" hash="00ff80afef03ff00" n="1-1" taille="5" w="6552" x="1" y="1">
            <contenuImg CS="0.66" lang="fr" source="google">modèle motif</contenuImg>
            <contenuImg CS="0.92" coul="1" h="3320" lang="fr" source="google" w="1857" x="11508.2" y="171.2">vert</contenuImg>
            <contenuImg CS="0.82" coul="1" h="3320" lang="fr" source="google" w="1857" x="11508.2" y="171.2">bleu canard</contenuImg>
            <contenuImg CS="0.71" h="3320" lang="fr" source="google" w="1857" x="11508.2" y="171.2">clôture</contenuImg>
            <contenuImg CS="0.66" lang="fr" source="google">modèle</contenuImg>
            <contenuImg CS="0.65" lang="fr" source="google">architecture</contenuImg>
            <contenuImg CS="0.52" coul="1" lang="fr" source="google">turquoise</contenuImg>
            <contenuImg CS="0.51" lang="fr" source="google">métal</contenuImg>
            <contenuImg CS="0.23" coul="1" lang="fr" source="google">vert cuivre foncé</contenuImg>
            <contenuImg CS="0.59" coul="1" lang="fr" source="google">argent</contenuImg>
            <contenuImg CS="0.26" coul="1" lang="fr" source="google">bleu cadet</contenuImg>
            <contenuImg CS="0.17" coul="1" lang="fr" source="google">bleu nuit</contenuImg>
            <contenuImg b="106" coul="1" g="108" r="76" source="colorific" type="bkg">#4c6c6a</contenuImg>
            <contenuImg b="59" coul="1" g="57" ordre="4" r="52" source="colorific" type="frg">#34393b</contenuImg>
            <contenuImg b="44" coul="1" g="37" ordre="3" r="53" source="colorific" type="frg">#35252c</contenuImg>
            <contenuImg b="255" coul="1" g="255" ordre="2" r="255" source="colorific" type="frg">#ffffff</contenuImg>
            <contenuImg b="194" coul="1" g="186" ordre="1" r="166" source="colorific" type="frg">#a6bac2</contenuImg>
            <contenuImg CS="1.0" lang="en" source="md">decorative patterns - 1789-1799</contenuImg>
            <contenuImg CS="1.0" lang="en" source="md">trompe-l'oeil (ornament)</contenuImg>
            <contenuImg CS="1.0" lang="en" source="md">trellises</contenuImg>
            <contenuImg CS="0.17" coul="1" lang="en" source="google">midnightblue</contenuImg>
            <contenuImg CS="0.26" coul="1" lang="en" source="google">cadetblue</contenuImg>
            <contenuImg CS="0.59" coul="1" lang="en" source="google">silver</contenuImg>
            <contenuImg CS="0.23" coul="1" lang="en" source="google">darkgreencopper</contenuImg>
            <contenuImg CS="0.51" coul="1" lang="en" source="google">midnightblue</contenuImg>
            <contenuImg CS="2.35" coul="1" lang="en" source="google">silver</contenuImg>
            <contenuImg CS="0.51" lang="en" source="google">Metal</contenuImg>
            <contenuImg CS="0.52" coul="1" lang="en" source="google">Turquoise</contenuImg>
            <contenuImg CS="0.65" lang="en" source="google">Architecture</contenuImg>
            <contenuImg CS="0.66" lang="en" source="google">Pattern</contenuImg>
            <contenuImg CS="0.71" h="3320" lang="en" source="google" w="1857" x="11508.2" y="171.2">Fence</contenuImg>
            <contenuImg CS="0.82" coul="1" h="3320" lang="en" source="google" w="1857" x="11508.2" y="171.2">Teal</contenuImg>
            <contenuImg CS="0.84" coul="1" h="3320" lang="en" source="google" w="1857" x="11508.2" y="171.2">Turquoise</contenuImg>
            <contenuImg CS="0.92" coul="1" h="3320" lang="en" source="google" w="1857" x="11508.2" y="171.2">Green</contenuImg>
            <tech source="final">estampe/gravure</tech>
            <fonction source="md">papier-peint</fonction>
            <fonction source="final">papier-peint</fonction>
            <tech CS="1" source="hm">estampe/gravure</tech>
            <theme CS="1" source="md">0</theme>
            <contenuImg CS="1.0" lang="fr" source="md">Treillages</contenuImg>
            <contenuImg CS="1.0" lang="fr" source="md">Trompe-l'oeil (ornement)</contenuImg>
            <contenuImg CS="1.0" lang="fr" source="md">Motifs décoratifs -- 1789-1799</contenuImg>
            <titraille>Manufacture Bon. Papier à motif répétitif. Motif répétitif d_imitation de treillage : papier peint</titraille>
          </ill>
        </ills>
      </page>
    </pages>
  </contenus>
</analyseAlto>