<analyseAlto>
  <metad>
    <type>I</type>
    <ID>btv1b69015746</ID>
    <titre>Manufacture Simon. Draperie verticale plissée : papier peint</titre>
    <dateEdition>1799</dateEdition>
    <auteur>inconnu</auteur>
    <lang>fre</lang>
    <source>Bibliothèque nationale de France, département Estampes et photographie, Lz-313 (40)-Tableau</source>
    <sujet>Passementerie -- Volutes -- Griffons (créatures fabuleuses) -- Baies (fruits) -- Draperies (ornement) -- Franges -- Motifs à l_antique -- Camaïeu, Peinture en -- Rinceaux -- Végétaux stylisés -- Motifs décoratifs -- 1789-1799</sujet>
    <descr>Appartient à l’ensemble documentaire : PaPeint18 -- Papier peint</descr>
    <format>inconnu</format>
    <couverture>inconnu</couverture>
    <largeurPx>7316</largeurPx>
    <hauteurPx>32215</hauteurPx>
    <ocr>false</ocr>
    <toc>false</toc>
    <nbPage>1</nbPage>
  </metad>
  <contenus ocr="false" toc="false">
    <largeur>309</largeur>
    <hauteur>1363</hauteur>
    <largeurPx>7316</largeurPx>
    <hauteurPx>32215</hauteurPx>
    <pages>
      <page ordre="1">
        <blocIll ocr="1">1</blocIll>
        <ills>
          <ill classif="CCgoogle" couleur="coul" h="32215" hash="818181fbf6fede00" n="1-1" taille="109" w="7316" x="1" y="1">
            <contenuImg CS="0.67" lang="fr" source="google">robe de cocktail</contenuImg>
            <contenuImg CS="0.53" lang="fr" source="google">soie</contenuImg>
            <contenuImg CS="0.92" h="546" lang="fr" source="google" w="969" x="731.6" y="3862.5">vêtements</contenuImg>
            <contenuImg CS="0.80" h="546" lang="fr" source="google" w="969" x="731.6" y="3862.5">épaule</contenuImg>
            <contenuImg CS="0.72" coul="1" h="546" lang="fr" source="google" w="969" x="731.6" y="3862.5">beige</contenuImg>
            <contenuImg CS="0.71" lang="fr" source="google">robe</contenuImg>
            <contenuImg CS="0.52" lang="fr" source="google">vêtements de cérémonie</contenuImg>
            <contenuImg CS="2.74" coul="1" lang="fr" source="google">vieux rose</contenuImg>
            <contenuImg CS="0.03" coul="1" lang="fr" source="google">vert cuivre</contenuImg>
            <contenuImg CS="0.01" coul="1" lang="fr" source="google">bleu clair</contenuImg>
            <contenuImg CS="0.01" coul="1" lang="fr" source="google">bois foncé</contenuImg>
            <contenuImg CS="0.00" coul="1" lang="fr" source="google">chocolat à pâtisser</contenuImg>
            <contenuImg CS="38.97" coul="1" lang="fr" source="google">beige pâle</contenuImg>
            <contenuImg b="82" coul="1" g="99" r="108" source="colorific" type="bkg">#6c6352</contenuImg>
            <contenuImg b="42" coul="1" g="36" ordre="2" r="20" source="colorific" type="frg">#14242a</contenuImg>
            <contenuImg b="28" coul="1" g="46" ordre="1" r="52" source="colorific" type="frg">#342e1c</contenuImg>
            <contenuImg CS="1.0" lang="en" source="md">decorative patterns - 1789-1799</contenuImg>
            <contenuImg CS="1.0" lang="en" source="md">stylized plants</contenuImg>
            <contenuImg CS="1.0" lang="en" source="md">scrollwork</contenuImg>
            <contenuImg CS="1.0" lang="en" source="md">camaïeu painting</contenuImg>
            <contenuImg CS="1.0" lang="en" source="md">Ancient patterns</contenuImg>
            <contenuImg CS="1.0" lang="en" source="md">fringes</contenuImg>
            <contenuImg CS="1.0" lang="en" source="md">draperies (ornament)</contenuImg>
            <contenuImg CS="1.0" lang="en" source="md">berries (fruits)</contenuImg>
            <contenuImg CS="1.0" lang="en" source="md">griffons (fabulous creatures)</contenuImg>
            <contenuImg CS="1.0" lang="en" source="md">swirls</contenuImg>
            <contenuImg CS="1.0" lang="en" source="md">trimmings</contenuImg>
            <contenuImg CS="38.97" coul="1" lang="en" source="google">newtan</contenuImg>
            <contenuImg CS="0.00" coul="1" lang="en" source="google">bakerschocolate</contenuImg>
            <contenuImg CS="0.01" coul="1" lang="en" source="google">darkwood</contenuImg>
            <contenuImg CS="0.01" coul="1" lang="en" source="google">lightsteelblue</contenuImg>
            <contenuImg CS="0.03" coul="1" lang="en" source="google">greencopper</contenuImg>
            <contenuImg CS="2.21" coul="1" lang="en" source="google">darkwood</contenuImg>
            <contenuImg CS="2.74" coul="1" lang="en" source="google">dustyrose</contenuImg>
            <contenuImg CS="0.52" lang="en" source="google">Formal wear</contenuImg>
            <contenuImg CS="0.53" lang="en" source="google">Silk</contenuImg>
            <contenuImg CS="0.67" lang="en" source="google">Cocktail dress</contenuImg>
            <contenuImg CS="0.71" lang="en" source="google">Gown</contenuImg>
            <contenuImg CS="0.72" coul="1" h="546" lang="en" source="google" w="969" x="731.6" y="3862.5">Beige</contenuImg>
            <contenuImg CS="0.80" h="546" lang="en" source="google" w="969" x="731.6" y="3862.5">Shoulder</contenuImg>
            <contenuImg CS="0.90" h="546" lang="en" source="google" w="969" x="731.6" y="3862.5">Dress</contenuImg>
            <contenuImg CS="0.92" h="546" lang="en" source="google" w="969" x="731.6" y="3862.5">Clothing</contenuImg>
            <tech source="final">estampe/gravure</tech>
            <fonction source="md">papier-peint</fonction>
            <fonction source="final">papier-peint</fonction>
            <tech CS="1" source="hm">estampe/gravure</tech>
            <theme CS="1" source="md">0</theme>
            <contenuImg CS="1.0" lang="fr" source="md">Passementerie</contenuImg>
            <contenuImg CS="1.0" lang="fr" source="md">Volutes</contenuImg>
            <contenuImg CS="1.0" lang="fr" source="md">Griffons (créatures fabuleuses)</contenuImg>
            <contenuImg CS="1.0" lang="fr" source="md">Baies (fruits)</contenuImg>
            <contenuImg CS="1.0" lang="fr" source="md">Draperies (ornement)</contenuImg>
            <contenuImg CS="1.0" lang="fr" source="md">Franges</contenuImg>
            <contenuImg CS="1.0" lang="fr" source="md">Motifs à l'antique</contenuImg>
            <contenuImg CS="1.0" lang="fr" source="md">Peinture en camaïeu</contenuImg>
            <contenuImg CS="1.0" lang="fr" source="md">Rinceaux</contenuImg>
            <contenuImg CS="1.0" lang="fr" source="md">Végétaux stylisés</contenuImg>
            <contenuImg CS="1.0" lang="fr" source="md">Motifs décoratifs -- 1789-1799</contenuImg>
            <titraille>Manufacture Simon. Draperie verticale plissée : papier peint</titraille>
          </ill>
        </ills>
      </page>
    </pages>
  </contenus>
</analyseAlto>