<analyseAlto>
  <metad>
    <type>I</type>
    <ID>btv1b69009444</ID>
    <titre>Bordure : papier peint</titre>
    <dateEdition>1805</dateEdition>
    <auteur>Jacquemart et Bénard (Manufacture). Fonction indéterminée</auteur>
    <lang>fre</lang>
    <source>Bibliothèque nationale de France, Li-24a-Ft 4</source>
    <sujet>Frises -- Baies (fruits) -- Rosettes (ornement) -- Arceaux -- Fleurons (ornement) -- Feuilles stylisées (ornement) -- Motifs décoratifs</sujet>
    <descr>Appartient à l’ensemble documentaire : PaPeint18 -- Papier peint</descr>
    <format>inconnu</format>
    <couverture>inconnu</couverture>
    <largeurPx>6048</largeurPx>
    <hauteurPx>3440</hauteurPx>
    <ocr>false</ocr>
    <toc>false</toc>
    <nbPage>1</nbPage>
  </metad>
  <contenus ocr="false" toc="false">
    <largeur>256</largeur>
    <hauteur>145</hauteur>
    <largeurPx>6048</largeurPx>
    <hauteurPx>3440</hauteurPx>
    <pages>
      <page ordre="1">
        <blocIll ocr="1">1</blocIll>
        <ills>
          <ill classif="CCgoogle" couleur="coul" h="3440" hash="ffff02015aff0300" n="1-1" taille="9" w="6048" x="1" y="1">
            <contenuImg CS="0.77" h="3320" lang="fr" source="google" w="3325" x="1862.8" y="344">conception</contenuImg>
            <contenuImg CS="0.68" lang="fr" source="google">textile</contenuImg>
            <contenuImg CS="0.62" lang="fr" source="google">motif</contenuImg>
            <contenuImg CS="0.57" lang="fr" source="google">modèle motif</contenuImg>
            <contenuImg CS="0.42" coul="1" lang="fr" source="google">marron très foncé</contenuImg>
            <contenuImg CS="0.77" h="3320" lang="fr" source="google" w="3325" x="1862.8" y="344">design</contenuImg>
            <contenuImg CS="0.76" h="3320" lang="fr" source="google" w="3325" x="1862.8" y="344">arts visuels</contenuImg>
            <contenuImg CS="0.57" lang="fr" source="google">modèle</contenuImg>
            <contenuImg CS="0.01" coul="1" lang="fr" source="google">rose</contenuImg>
            <contenuImg CS="0.84" coul="1" lang="fr" source="google">bois moyen</contenuImg>
            <contenuImg CS="0.61" coul="1" lang="fr" source="google">noir</contenuImg>
            <contenuImg CS="0.42" coul="1" lang="fr" source="google">verydarkbrown</contenuImg>
            <contenuImg CS="0.27" coul="1" lang="fr" source="google">bleu nuit</contenuImg>
            <contenuImg b="71" coul="1" g="94" ordre="6" r="138" source="colorific" type="frg">#8a5e47</contenuImg>
            <contenuImg b="47" coul="1" g="47" ordre="5" r="67" source="colorific" type="frg">#432f2f</contenuImg>
            <contenuImg b="0" coul="1" g="0" ordre="4" r="0" source="colorific" type="frg">#000000</contenuImg>
            <contenuImg b="214" coul="1" g="196" ordre="3" r="160" source="colorific" type="frg">#a0c4d6</contenuImg>
            <contenuImg b="30" coul="1" g="32" ordre="2" r="32" source="colorific" type="frg">#20201e</contenuImg>
            <contenuImg b="138" coul="1" g="120" ordre="1" r="174" source="colorific" type="frg">#ae788a</contenuImg>
            <contenuImg CS="1.0" lang="en" source="md">decorative patterns</contenuImg>
            <contenuImg CS="1.0" lang="en" source="md">stylized leaves (ornament)</contenuImg>
            <contenuImg CS="1.0" lang="en" source="md">flowerets (ornament)</contenuImg>
            <contenuImg CS="1.0" lang="en" source="md">hoops</contenuImg>
            <contenuImg CS="1.0" lang="en" source="md">rosettes (ornament)</contenuImg>
            <contenuImg CS="1.0" lang="en" source="md">berries (fruits)</contenuImg>
            <contenuImg CS="1.0" lang="en" source="md">curly</contenuImg>
            <contenuImg CS="0.27" coul="1" lang="en" source="google">midnightblue</contenuImg>
            <contenuImg CS="0.42" coul="1" lang="en" source="google">verydarkbrown</contenuImg>
            <contenuImg CS="0.61" coul="1" lang="en" source="google">black</contenuImg>
            <contenuImg CS="0.84" coul="1" lang="en" source="google">mediumwood</contenuImg>
            <contenuImg CS="0.01" coul="1" lang="en" source="google">pink</contenuImg>
            <contenuImg CS="0.28" coul="1" lang="en" source="google">black</contenuImg>
            <contenuImg CS="1.72" coul="1" lang="en" source="google">pink</contenuImg>
            <contenuImg CS="0.57" lang="en" source="google">Pattern</contenuImg>
            <contenuImg CS="0.62" lang="en" source="google">Motif</contenuImg>
            <contenuImg CS="0.68" lang="en" source="google">Textile</contenuImg>
            <contenuImg CS="0.76" h="3320" lang="en" source="google" w="3325" x="1862.8" y="344">Visual arts</contenuImg>
            <contenuImg CS="0.77" h="3320" lang="en" source="google" w="3325" x="1862.8" y="344">Design</contenuImg>
            <contenuImg CS="0.81" coul="1" h="3320" lang="en" source="google" w="3325" x="1862.8" y="344">Pink</contenuImg>
            <contenuImg CS="0.93" h="3320" lang="en" source="google" w="3325" x="1862.8" y="344">Pattern</contenuImg>
            <tech source="final">estampe/gravure</tech>
            <fonction source="md">papier-peint</fonction>
            <fonction source="final">papier-peint</fonction>
            <tech CS="1" source="hm">estampe/gravure</tech>
            <theme CS="1" source="md">0</theme>
            <contenuImg CS="1.0" lang="fr" source="md">Frises</contenuImg>
            <contenuImg CS="1.0" lang="fr" source="md">Baies (fruits)</contenuImg>
            <contenuImg CS="1.0" lang="fr" source="md">Rosettes (ornement)</contenuImg>
            <contenuImg CS="1.0" lang="fr" source="md">Arceaux</contenuImg>
            <contenuImg CS="1.0" lang="fr" source="md">Fleurons (ornement)</contenuImg>
            <contenuImg CS="1.0" lang="fr" source="md">Feuilles stylisées (ornement)</contenuImg>
            <contenuImg CS="1.0" lang="fr" source="md">Motifs décoratifs</contenuImg>
            <titraille>Bordure : papier peint</titraille>
          </ill>
        </ills>
      </page>
    </pages>
  </contenus>
</analyseAlto>