<analyseAlto>
  <metad>
    <type>I</type>
    <ID>btv1b6901103r</ID>
    <titre>Papier à motif répétitif : papier peint</titre>
    <dateEdition>1799-1800</dateEdition>
    <auteur>inconnu</auteur>
    <lang>fre</lang>
    <source>Bibliothèque nationale de France, département Estampes et photographie, EST LZ-312 (5)</source>
    <sujet>Instruments de musique -- Personnages -- Dans l_art -- Femmes -- Pavots -- Fleurs (ornement) -- Scènes de genre -- Motifs décoratifs</sujet>
    <descr>Appartient à l’ensemble documentaire : PaPeint18 -- Papier peint</descr>
    <format>inconnu</format>
    <couverture>inconnu</couverture>
    <largeurPx>6680</largeurPx>
    <hauteurPx>10144</hauteurPx>
    <ocr>false</ocr>
    <toc>false</toc>
    <caption>false</caption>
    <nbPage>1</nbPage>
  </metad>
  <contenus ocr="false" toc="false">
    <largeur>282</largeur>
    <hauteur>429</hauteur>
    <largeurPx>6680</largeurPx>
    <hauteurPx>10144</hauteurPx>
    <pages>
      <page ordre="1">
        <blocIll ocr="1">1</blocIll>
        <ills>
          <ill classif="CCgoogle" couleur="coul" h="10144" hash="f990d99b09df9890" n="1-1" taille="31" w="6680" x="1" y="1">
            <contenuImg CS="0.80" h="4270" lang="fr" source="google" w="2389" x="1090" y="1014.4">botanique</contenuImg>
            <contenuImg CS="0.91" coul="1" h="4270" lang="fr" source="google" w="2389" x="1090" y="1014.4">vert</contenuImg>
            <contenuImg CS="0.72" h="4270" lang="fr" source="google" w="2389" x="1090" y="1014.4">illustration</contenuImg>
            <contenuImg CS="0.63" h="4270" lang="fr" source="google" w="2389" x="1090" y="1014.4">art</contenuImg>
            <contenuImg CS="0.62" lang="fr" source="google">plante</contenuImg>
            <contenuImg CS="1.90" coul="1" lang="fr" source="google">argent</contenuImg>
            <contenuImg CS="0.62" coul="1" lang="fr" source="google">gris</contenuImg>
            <contenuImg CS="0.43" coul="1" lang="fr" source="google">gris ardoise foncé</contenuImg>
            <contenuImg CS="0.25" coul="1" lang="fr" source="google">vert foncé</contenuImg>
            <contenuImg CS="0.25" coul="1" lang="fr" source="google">vert cuivre foncé</contenuImg>
            <contenuImg CS="0.22" coul="1" lang="fr" source="google">noir</contenuImg>
            <contenuImg b="255" coul="1" g="255" r="255" source="colorific" type="bkg">#ffffff</contenuImg>
            <contenuImg b="0" coul="1" g="0" ordre="4" r="0" source="colorific" type="frg">#000000</contenuImg>
            <contenuImg b="24" coul="1" g="33" ordre="3" r="21" source="colorific" type="frg">#152118</contenuImg>
            <contenuImg b="66" coul="1" g="77" ordre="2" r="57" source="colorific" type="frg">#394d42</contenuImg>
            <contenuImg b="102" coul="1" g="106" ordre="1" r="104" source="colorific" type="frg">#686a66</contenuImg>
            <contenuImg CS="1.0" lang="en" source="md">decorative patterns</contenuImg>
            <contenuImg CS="1.0" lang="en" source="md">genre scenes</contenuImg>
            <contenuImg CS="1.0" lang="en" source="md">flowers (ornament)</contenuImg>
            <contenuImg CS="1.0" lang="en" source="md">poppies (flowers)</contenuImg>
            <contenuImg CS="1.0" lang="en" source="md">women</contenuImg>
            <contenuImg CS="1.0" lang="en" source="md">characters - in art</contenuImg>
            <contenuImg CS="1.0" lang="en" source="md">musical instruments</contenuImg>
            <contenuImg CS="0.22" coul="1" lang="en" source="google">black</contenuImg>
            <contenuImg CS="0.25" coul="1" lang="en" source="google">darkgreencopper</contenuImg>
            <contenuImg CS="0.25" coul="1" lang="en" source="google">darkgreen</contenuImg>
            <contenuImg CS="0.43" coul="1" lang="en" source="google">darkslategrey</contenuImg>
            <contenuImg CS="0.62" coul="1" lang="en" source="google">grey</contenuImg>
            <contenuImg CS="0.72" coul="1" lang="en" source="google">gray</contenuImg>
            <contenuImg CS="0.31" coul="1" lang="en" source="google">darkgreen</contenuImg>
            <contenuImg CS="1.90" coul="1" lang="en" source="google">silver</contenuImg>
            <contenuImg CS="0.62" lang="en" source="google">Plant</contenuImg>
            <contenuImg CS="0.63" h="4270" lang="en" source="google" w="2389" x="1090" y="1014.4">Art</contenuImg>
            <contenuImg CS="0.72" h="4270" lang="en" source="google" w="2389" x="1090" y="1014.4">Illustration</contenuImg>
            <contenuImg CS="0.80" h="4270" lang="en" source="google" w="2389" x="1090" y="1014.4">Botany</contenuImg>
            <contenuImg CS="0.91" coul="1" h="4270" lang="en" source="google" w="2389" x="1090" y="1014.4">Green</contenuImg>
            <tech source="final">estampe/gravure</tech>
            <fonction source="md">papier-peint</fonction>
            <fonction source="final">papier-peint</fonction>
            <tech CS="1" source="hm">estampe/gravure</tech>
            <theme CS="1" source="md">0</theme>
            <contenuImg CS="1.0" lang="fr" source="md">Instruments de musique</contenuImg>
            <contenuImg CS="1.0" lang="fr" source="md">Personnages -- Dans l'art</contenuImg>
            <contenuImg CS="1.0" lang="fr" source="md">Femmes</contenuImg>
            <contenuImg CS="1.0" lang="fr" source="md">Pavots</contenuImg>
            <contenuImg CS="1.0" lang="fr" source="md">Fleurs (ornement)</contenuImg>
            <contenuImg CS="1.0" lang="fr" source="md">Scènes de genre</contenuImg>
            <contenuImg CS="1.0" lang="fr" source="md">Motifs décoratifs</contenuImg>
            <titraille>Papier à motif répétitif : papier peint</titraille>
          </ill>
        </ills>
      </page>
    </pages>
  </contenus>
</analyseAlto>