<analyseAlto>
  <metad>
    <type>I</type>
    <ID>btv1b69010465</ID>
    <titre>Manufacture Monchablon. Papier à motif répétitif. Motif répétitif à deux chemins, en quinconce, de carreaux ornés soit d_une rosace de fantaisie, soit d'objets à l'antique en camaïeu : papier peint</titre>
    <dateEdition>1799</dateEdition>
    <auteur>inconnu</auteur>
    <lang>fre</lang>
    <source>Bibliothèque nationale de France, département Estampes et photographie, EST LZ-312 (1)</source>
    <sujet>Lyre -- Vases -- Carreaux -- Urnes -- Rosaces (architecture) -- Baies (fruits) -- Frises -- Objets à l_antique (ornement) -- Camaïeu, Peinture en -- Rangs de perles (ornement) -- Végétaux stylisés -- Motifs décoratifs -- 1789-1799</sujet>
    <descr>Appartient à l’ensemble documentaire : PaPeint18 -- Papier peint</descr>
    <format>inconnu</format>
    <couverture>inconnu</couverture>
    <largeurPx>7064</largeurPx>
    <hauteurPx>10024</hauteurPx>
    <ocr>false</ocr>
    <toc>false</toc>
    <caption>false</caption>
    <nbPage>1</nbPage>
  </metad>
  <contenus ocr="false" toc="false">
    <largeur>299</largeur>
    <hauteur>424</hauteur>
    <largeurPx>7064</largeurPx>
    <hauteurPx>10024</hauteurPx>
    <pages>
      <page ordre="1">
        <blocIll ocr="1">1</blocIll>
        <ills>
          <ill classif="CCgoogle" couleur="coul" h="10024" hash="87e3a0781e0f87e9" n="1-1" taille="32" w="7064" x="1" y="1">
            <contenuImg CS="0.83" lang="fr" source="google">aqua</contenuImg>
            <contenuImg CS="0.80" lang="fr" source="google">conception</contenuImg>
            <contenuImg CS="0.96" h="2265" lang="fr" source="google" w="3006" x="706.4" y="2004.4">modèle motif</contenuImg>
            <contenuImg CS="0.67" coul="1" lang="fr" source="google">bleu acier</contenuImg>
            <contenuImg CS="0.96" h="2265" lang="fr" source="google" w="3006" x="706.4" y="2004.4">modèle</contenuImg>
            <contenuImg CS="0.94" coul="1" h="2265" lang="fr" source="google" w="3006" x="706.4" y="2004.4">bleu</contenuImg>
            <contenuImg CS="0.92" coul="1" h="2265" lang="fr" source="google" w="3006" x="706.4" y="2004.4">turquoise</contenuImg>
            <contenuImg CS="0.88" coul="1" h="2265" lang="fr" source="google" w="3006" x="706.4" y="2004.4">bleu canard</contenuImg>
            <contenuImg CS="0.85" coul="1" lang="fr" source="google">orange</contenuImg>
            <contenuImg CS="0.85" lang="fr" source="google">symétrie</contenuImg>
            <contenuImg CS="0.83" lang="fr" source="google">arts visuels</contenuImg>
            <contenuImg CS="0.82" coul="1" lang="fr" source="google">marron</contenuImg>
            <contenuImg CS="0.80" lang="fr" source="google">design</contenuImg>
            <contenuImg CS="0.36" coul="1" lang="fr" source="google">gris foncé</contenuImg>
            <contenuImg CS="0.33" coul="1" lang="fr" source="google">vert olive foncé</contenuImg>
            <contenuImg CS="0.31" coul="1" lang="fr" source="google">bois clair</contenuImg>
            <contenuImg CS="0.28" coul="1" lang="fr" source="google">vert foncé</contenuImg>
            <contenuImg b="56" coul="1" g="76" r="76" source="colorific" type="bkg">#4c4c38</contenuImg>
            <contenuImg b="22" coul="1" g="37" ordre="6" r="39" source="colorific" type="frg">#272516</contenuImg>
            <contenuImg b="33" coul="1" g="57" ordre="5" r="108" source="colorific" type="frg">#6c3921</contenuImg>
            <contenuImg b="102" coul="1" g="88" ordre="4" r="141" source="colorific" type="frg">#8d5866</contenuImg>
            <contenuImg b="149" coul="1" g="127" ordre="3" r="82" source="colorific" type="frg">#527f95</contenuImg>
            <contenuImg b="71" coul="1" g="63" ordre="2" r="35" source="colorific" type="frg">#233f47</contenuImg>
            <contenuImg b="130" coul="1" g="136" ordre="1" r="130" source="colorific" type="frg">#828882</contenuImg>
            <contenuImg CS="1.0" lang="en" source="md">decorative patterns - 1789-1799</contenuImg>
            <contenuImg CS="1.0" lang="en" source="md">stylized plants</contenuImg>
            <contenuImg CS="1.0" lang="en" source="md">rows of pearls (ornament)</contenuImg>
            <contenuImg CS="1.0" lang="en" source="md">camaïeu painting</contenuImg>
            <contenuImg CS="1.0" lang="en" source="md">objects in the antique (ornament)</contenuImg>
            <contenuImg CS="1.0" lang="en" source="md">curly</contenuImg>
            <contenuImg CS="1.0" lang="en" source="md">berries (fruits)</contenuImg>
            <contenuImg CS="1.0" lang="en" source="md">rosettes (architecture)</contenuImg>
            <contenuImg CS="1.0" lang="en" source="md">urns</contenuImg>
            <contenuImg CS="1.0" lang="en" source="md">tiles</contenuImg>
            <contenuImg CS="1.0" lang="en" source="md">vases</contenuImg>
            <contenuImg CS="1.0" lang="en" source="md">lyre</contenuImg>
            <contenuImg CS="0.28" coul="1" lang="en" source="google">darkgreen</contenuImg>
            <contenuImg CS="0.31" coul="1" lang="en" source="google">lightwood</contenuImg>
            <contenuImg CS="0.33" coul="1" lang="en" source="google">darkolivegreen</contenuImg>
            <contenuImg CS="0.41" coul="1" lang="en" source="google">darkgreen</contenuImg>
            <contenuImg CS="0.04" coul="1" lang="en" source="google">darkgreen</contenuImg>
            <contenuImg CS="0.36" coul="1" lang="en" source="google">darkgray</contenuImg>
            <contenuImg CS="0.62" coul="1" lang="en" source="google">darkgreen</contenuImg>
            <contenuImg CS="0.67" coul="1" lang="en" source="google">steelblue</contenuImg>
            <contenuImg CS="0.80" lang="en" source="google">Design</contenuImg>
            <contenuImg CS="0.82" coul="1" lang="en" source="google">Brown</contenuImg>
            <contenuImg CS="0.83" lang="en" source="google">Aqua</contenuImg>
            <contenuImg CS="0.83" lang="en" source="google">Visual arts</contenuImg>
            <contenuImg CS="0.85" lang="en" source="google">Symmetry</contenuImg>
            <contenuImg CS="0.85" coul="1" lang="en" source="google">Orange</contenuImg>
            <contenuImg CS="0.88" coul="1" h="2265" lang="en" source="google" w="3006" x="706.4" y="2004.4">Teal</contenuImg>
            <contenuImg CS="0.92" coul="1" h="2265" lang="en" source="google" w="3006" x="706.4" y="2004.4">Turquoise</contenuImg>
            <contenuImg CS="0.94" coul="1" h="2265" lang="en" source="google" w="3006" x="706.4" y="2004.4">Blue</contenuImg>
            <contenuImg CS="0.96" h="2265" lang="en" source="google" w="3006" x="706.4" y="2004.4">Pattern</contenuImg>
            <tech source="final">estampe/gravure</tech>
            <fonction source="md">papier-peint</fonction>
            <fonction source="final">papier-peint</fonction>
            <tech CS="1" source="hm">estampe/gravure</tech>
            <theme CS="1" source="md">0</theme>
            <contenuImg CS="1.0" lang="fr" source="md">Lyre</contenuImg>
            <contenuImg CS="1.0" lang="fr" source="md">Vases</contenuImg>
            <contenuImg CS="1.0" lang="fr" source="md">Carreaux</contenuImg>
            <contenuImg CS="1.0" lang="fr" source="md">Urnes</contenuImg>
            <contenuImg CS="1.0" lang="fr" source="md">Rosaces (architecture)</contenuImg>
            <contenuImg CS="1.0" lang="fr" source="md">Baies (fruits)</contenuImg>
            <contenuImg CS="1.0" lang="fr" source="md">Frises</contenuImg>
            <contenuImg CS="1.0" lang="fr" source="md">Objets à l'antique (ornement)</contenuImg>
            <contenuImg CS="1.0" lang="fr" source="md">Peinture en camaïeu</contenuImg>
            <contenuImg CS="1.0" lang="fr" source="md">Rangs de perles (ornement)</contenuImg>
            <contenuImg CS="1.0" lang="fr" source="md">Végétaux stylisés</contenuImg>
            <contenuImg CS="1.0" lang="fr" source="md">Motifs décoratifs -- 1789-1799</contenuImg>
            <titraille>Manufacture Monchablon. Papier à motif répétitif. Motif répétitif à deux chemins, en quinconce, de carreaux ornés soit d_une rosace de fantaisie, soit d'objets à l'antique en camaïeu : papier peint</titraille>
          </ill>
        </ills>
      </page>
    </pages>
  </contenus>
</analyseAlto>