<analyseAlto>
  <metad>
    <type>I</type>
    <ID>btv1b6901061v</ID>
    <titre>Papier à motif répétitif : papier peint</titre>
    <dateEdition>1799</dateEdition>
    <auteur>inconnu</auteur>
    <lang>fre</lang>
    <source>Bibliothèque nationale de France, département Estampes et photographie, EST LI-16</source>
    <sujet>Roses -- Oeillets (plantes) -- Papillons -- Aiguières -- Fontaines -- Treillages -- Camaïeu, Peinture en -- Fleurs (ornement) -- Motifs décoratifs</sujet>
    <descr>Appartient à l’ensemble documentaire : PaPeint18 -- Papier peint</descr>
    <format>inconnu</format>
    <couverture>inconnu</couverture>
    <largeurPx>3792</largeurPx>
    <hauteurPx>5632</hauteurPx>
    <ocr>false</ocr>
    <toc>false</toc>
    <caption>false</caption>
    <nbPage>1</nbPage>
  </metad>
  <contenus ocr="false" toc="false">
    <largeur>160</largeur>
    <hauteur>238</hauteur>
    <largeurPx>3792</largeurPx>
    <hauteurPx>5632</hauteurPx>
    <pages>
      <page ordre="1">
        <blocIll ocr="1">1</blocIll>
        <ills>
          <ill classif="CCgoogle" couleur="coul" h="5632" hash="bb0199f301fb19b1" n="1-1" taille="9" w="3792" x="1" y="1">
            <contenuImg CS="0.87" h="4270" lang="fr" source="google" w="2394" x="521.2" y="563.2">botanique</contenuImg>
            <contenuImg CS="0.60" lang="fr" source="google">art floral</contenuImg>
            <contenuImg CS="0.75" h="4270" lang="fr" source="google" w="2394" x="521.2" y="563.2">modèle motif</contenuImg>
            <contenuImg CS="0.75" h="4270" lang="fr" source="google" w="2394" x="521.2" y="563.2">modèle</contenuImg>
            <contenuImg CS="0.71" h="4270" lang="fr" source="google" w="2394" x="521.2" y="563.2">plante</contenuImg>
            <contenuImg CS="0.63" h="4270" lang="fr" source="google" w="2394" x="521.2" y="563.2">art</contenuImg>
            <contenuImg CS="0.60" lang="fr" source="google">fleur</contenuImg>
            <contenuImg CS="0.60" lang="fr" source="google">illustration</contenuImg>
            <contenuImg CS="0.64" coul="1" lang="fr" source="google">bronze</contenuImg>
            <contenuImg CS="0.53" coul="1" lang="fr" source="google">rose</contenuImg>
            <contenuImg CS="0.36" coul="1" lang="fr" source="google">bois moyen</contenuImg>
            <contenuImg CS="0.33" coul="1" lang="fr" source="google">chocolat à pâtisser</contenuImg>
            <contenuImg CS="0.29" coul="1" lang="fr" source="google">saumon</contenuImg>
            <contenuImg b="125" coul="1" g="168" r="185" source="colorific" type="bkg">#b9a87d</contenuImg>
            <contenuImg b="53" coul="1" g="66" ordre="6" r="127" source="colorific" type="frg">#7f4235</contenuImg>
            <contenuImg b="19" coul="1" g="29" ordre="5" r="15" source="colorific" type="frg">#0f1d13</contenuImg>
            <contenuImg b="31" coul="1" g="51" ordre="4" r="61" source="colorific" type="frg">#3d331f</contenuImg>
            <contenuImg b="112" coul="1" g="118" ordre="3" r="173" source="colorific" type="frg">#ad7670</contenuImg>
            <contenuImg b="47" coul="1" g="61" ordre="2" r="45" source="colorific" type="frg">#2d3d2f</contenuImg>
            <contenuImg b="84" coul="1" g="113" ordre="1" r="117" source="colorific" type="frg">#757154</contenuImg>
            <contenuImg CS="1.0" lang="en" source="md">decorative patterns</contenuImg>
            <contenuImg CS="1.0" lang="en" source="md">flowers (ornament)</contenuImg>
            <contenuImg CS="1.0" lang="en" source="md">camaïeu painting</contenuImg>
            <contenuImg CS="1.0" lang="en" source="md">trellises</contenuImg>
            <contenuImg CS="1.0" lang="en" source="md">fountains</contenuImg>
            <contenuImg CS="1.0" lang="en" source="md">ewers</contenuImg>
            <contenuImg CS="1.0" lang="en" source="md">butterflies</contenuImg>
            <contenuImg CS="1.0" lang="en" source="md">carnations (plants)</contenuImg>
            <contenuImg CS="1.0" lang="en" source="md">roses (flowers)</contenuImg>
            <contenuImg CS="0.29" coul="1" lang="en" source="google">salmon</contenuImg>
            <contenuImg CS="0.33" coul="1" lang="en" source="google">bakerschocolate</contenuImg>
            <contenuImg CS="0.36" coul="1" lang="en" source="google">mediumwood</contenuImg>
            <contenuImg CS="0.53" coul="1" lang="en" source="google">pink</contenuImg>
            <contenuImg CS="0.64" coul="1" lang="en" source="google">bronze</contenuImg>
            <contenuImg CS="0.96" coul="1" lang="en" source="google">pink</contenuImg>
            <contenuImg CS="0.60" lang="en" source="google">Floral design</contenuImg>
            <contenuImg CS="0.60" lang="en" source="google">Illustration</contenuImg>
            <contenuImg CS="0.60" lang="en" source="google">Flower</contenuImg>
            <contenuImg CS="0.63" h="4270" lang="en" source="google" w="2394" x="521.2" y="563.2">Art</contenuImg>
            <contenuImg CS="0.71" h="4270" lang="en" source="google" w="2394" x="521.2" y="563.2">Plant</contenuImg>
            <contenuImg CS="0.75" h="4270" lang="en" source="google" w="2394" x="521.2" y="563.2">Pattern</contenuImg>
            <contenuImg CS="0.87" h="4270" lang="en" source="google" w="2394" x="521.2" y="563.2">Botany</contenuImg>
            <tech source="final">estampe/gravure</tech>
            <fonction source="md">papier-peint</fonction>
            <fonction source="final">papier-peint</fonction>
            <tech CS="1" source="hm">estampe/gravure</tech>
            <theme CS="1" source="md">0</theme>
            <contenuImg CS="1.0" lang="fr" source="md">Roses</contenuImg>
            <contenuImg CS="1.0" lang="fr" source="md">Oeillets (plantes)</contenuImg>
            <contenuImg CS="1.0" lang="fr" source="md">Papillons</contenuImg>
            <contenuImg CS="1.0" lang="fr" source="md">Aiguières</contenuImg>
            <contenuImg CS="1.0" lang="fr" source="md">Fontaines</contenuImg>
            <contenuImg CS="1.0" lang="fr" source="md">Treillages</contenuImg>
            <contenuImg CS="1.0" lang="fr" source="md">Peinture en camaïeu</contenuImg>
            <contenuImg CS="1.0" lang="fr" source="md">Fleurs (ornement)</contenuImg>
            <contenuImg CS="1.0" lang="fr" source="md">Motifs décoratifs</contenuImg>
            <titraille>Papier à motif répétitif : papier peint</titraille>
          </ill>
        </ills>
      </page>
    </pages>
  </contenus>
</analyseAlto>