<analyseAlto>
  <metad>
    <type>I</type>
    <ID>btv1b69005685</ID>
    <titre>Papier à motif répétitif : papier peint</titre>
    <dateEdition>1800</dateEdition>
    <auteur>inconnu</auteur>
    <lang>fre</lang>
    <source>Bibliothèque nationale de France</source>
    <sujet>Rayures (ornements) -- Rosettes (ornement) -- Feuilles de fantaisie -- Losanges (ornement) -- Motifs décoratifs</sujet>
    <descr>Appartient à l’ensemble documentaire : PaPeint18 -- Papier peint</descr>
    <format>inconnu</format>
    <couverture>inconnu</couverture>
    <largeurPx>6784</largeurPx>
    <hauteurPx>4768</hauteurPx>
    <ocr>false</ocr>
    <toc>false</toc>
    <nbPage>1</nbPage>
  </metad>
  <contenus ocr="false" toc="false">
    <largeur>287</largeur>
    <hauteur>201</hauteur>
    <largeurPx>6784</largeurPx>
    <hauteurPx>4768</hauteurPx>
    <pages>
      <page ordre="1">
        <blocIll ocr="1">1</blocIll>
        <ills>
          <ill classif="CCgoogle" couleur="coul" h="4768" hash="ff99626664529991" n="1-1" taille="14" w="6784" x="1" y="1">
            <contenuImg CS="0.98" coul="1" h="4072" lang="fr" source="google" w="4075" x="1539.4" y="476.8">vert</contenuImg>
            <contenuImg CS="0.94" h="4072" lang="fr" source="google" w="4075" x="1539.4" y="476.8">feuille</contenuImg>
            <contenuImg CS="0.91" h="4072" lang="fr" source="google" w="4075" x="1539.4" y="476.8">aqua</contenuImg>
            <contenuImg CS="0.85" coul="1" lang="fr" source="google">bleu canard</contenuImg>
            <contenuImg CS="0.82" lang="fr" source="google">botanique</contenuImg>
            <contenuImg CS="0.80" lang="fr" source="google">modèle motif</contenuImg>
            <contenuImg CS="0.78" lang="fr" source="google">conception</contenuImg>
            <contenuImg CS="0.77" lang="fr" source="google">ligne</contenuImg>
            <contenuImg CS="1.24" b="197" coul="1" g="212" lang="fr" r="124" source="google">turquoise moyen</contenuImg>
            <contenuImg CS="1.19" b="155" coul="1" g="170" lang="fr" r="82" source="google">bleu cadet</contenuImg>
            <contenuImg CS="0.83" b="126" coul="1" g="140" lang="fr" r="53" source="google">vert de mer</contenuImg>
            <contenuImg CS="0.78" b="196" coul="1" g="202" lang="fr" r="151" source="google">gris clair</contenuImg>
            <contenuImg CS="0.20" b="220" coul="1" g="234" lang="fr" r="146" source="google">turquoise</contenuImg>
            <contenuImg CS="0.06" b="160" coul="1" g="157" lang="fr" r="147" source="google">vert pâle</contenuImg>
            <contenuImg CS="0.01" b="192" coul="1" g="191" lang="fr" r="177" source="google">argent</contenuImg>
            <contenuImg CS="0.01" b="192" coul="1" g="191" lang="en" r="177" source="google">silver</contenuImg>
            <contenuImg CS="0.04" b="222" coul="1" g="229" r="176" source="google">#b0e5de</contenuImg>
            <contenuImg CS="0.06" b="160" coul="1" g="157" lang="en" r="147" source="google">palegreen</contenuImg>
            <contenuImg CS="0.11" b="129" coul="1" g="137" r="77" source="google">#4d8981</contenuImg>
            <contenuImg CS="0.20" b="220" coul="1" g="234" lang="en" r="146" source="google">turquoise</contenuImg>
            <contenuImg CS="0.52" b="163" coul="1" g="170" r="114" source="google">#72aaa3</contenuImg>
            <contenuImg CS="0.78" b="196" coul="1" g="202" lang="en" r="151" source="google">lightgray</contenuImg>
            <contenuImg CS="0.83" b="126" coul="1" g="140" lang="en" r="53" source="google">seagreen</contenuImg>
            <contenuImg CS="1.19" b="155" coul="1" g="170" lang="en" r="82" source="google">cadetblue</contenuImg>
            <contenuImg CS="1.24" b="197" coul="1" g="212" lang="en" r="124" source="google">mediumturquoise</contenuImg>
            <contenuImg CS="0.77" lang="en" source="google">Line</contenuImg>
            <contenuImg CS="0.78" lang="en" source="google">Design</contenuImg>
            <contenuImg CS="0.80" lang="en" source="google">Pattern</contenuImg>
            <contenuImg CS="0.82" lang="en" source="google">Botany</contenuImg>
            <contenuImg CS="0.83" coul="1" lang="en" source="google">Turquoise</contenuImg>
            <contenuImg CS="0.85" coul="1" lang="en" source="google">Teal</contenuImg>
            <contenuImg CS="0.91" h="4072" lang="en" source="google" w="4075" x="1539.4" y="476.8">Aqua</contenuImg>
            <contenuImg CS="0.94" h="4072" lang="en" source="google" w="4075" x="1539.4" y="476.8">Leaf</contenuImg>
            <contenuImg CS="0.95" h="4072" lang="en" source="google" w="4075" x="1539.4" y="476.8">Pattern</contenuImg>
            <contenuImg CS="0.98" coul="1" h="4072" lang="en" source="google" w="4075" x="1539.4" y="476.8">Green</contenuImg>
            <contenuImg b="202" coul="1" g="213" r="169" source="colorific" type="bkg">#a9d5ca</contenuImg>
            <contenuImg b="123" coul="1" g="115" ordre="3" r="134" source="colorific" type="frg">#86737b</contenuImg>
            <contenuImg b="145" coul="1" g="144" ordre="2" r="140" source="colorific" type="frg">#8c9091</contenuImg>
            <contenuImg b="105" coul="1" g="119" ordre="1" r="64" source="colorific" type="frg">#407769</contenuImg>
            <contenuImg CS="1.0" lang="en" source="md">decorative patterns</contenuImg>
            <contenuImg CS="1.0" lang="en" source="md">rhombuses (ornament)</contenuImg>
            <contenuImg CS="1.0" lang="en" source="md">fancy leaves</contenuImg>
            <contenuImg CS="1.0" lang="en" source="md">rosettes (ornament)</contenuImg>
            <contenuImg CS="1.0" lang="en" source="md">stripes (ornaments)</contenuImg>
            <tech source="final">estampe/gravure</tech>
            <fonction source="md">papier-peint</fonction>
            <fonction source="final">papier-peint</fonction>
            <tech CS="1" source="hm">estampe/gravure</tech>
            <theme CS="1" source="md">0</theme>
            <contenuImg CS="1.0" lang="fr" source="md">Rayures (ornements)</contenuImg>
            <contenuImg CS="1.0" lang="fr" source="md">Rosettes (ornement)</contenuImg>
            <contenuImg CS="1.0" lang="fr" source="md">Feuilles de fantaisie</contenuImg>
            <contenuImg CS="1.0" lang="fr" source="md">Losanges (ornement)</contenuImg>
            <contenuImg CS="1.0" lang="fr" source="md">Motifs décoratifs</contenuImg>
            <titraille>Papier à motif répétitif : papier peint</titraille>
          </ill>
        </ills>
      </page>
    </pages>
  </contenus>
</analyseAlto>