<analyseAlto>
  <metad>
    <type>I</type>
    <ID>btv1b6901313t</ID>
    <titre>Papier à motif répétitif : papier peint</titre>
    <dateEdition>1801</dateEdition>
    <auteur>inconnu</auteur>
    <lang>fre</lang>
    <source>Bibliothèque nationale de France, département Estampes et photographie, EST LI-22</source>
    <sujet>Trompe-l_oeil (ornement) -- Quadrillage -- Effets de relief -- Motifs décoratifs</sujet>
    <descr>Appartient à l’ensemble documentaire : PaPeint18 -- Papier peint</descr>
    <format>inconnu</format>
    <couverture>inconnu</couverture>
    <largeurPx>6256</largeurPx>
    <hauteurPx>4120</hauteurPx>
    <ocr>false</ocr>
    <toc>false</toc>
    <caption>false</caption>
    <nbPage>1</nbPage>
  </metad>
  <contenus ocr="false" toc="false">
    <largeur>264</largeur>
    <hauteur>174</hauteur>
    <largeurPx>6256</largeurPx>
    <hauteurPx>4120</hauteurPx>
    <pages>
      <page ordre="1">
        <blocIll ocr="1">1</blocIll>
        <ills>
          <ill classif="CCgoogle" couleur="coul" h="4120" hash="11010120ffffffe0" n="1-1" taille="11" w="6256" x="1" y="1">
            <contenuImg CS="0.77" h="2812" lang="fr" source="google" w="1577" x="3318.6" y="412">conception</contenuImg>
            <contenuImg CS="0.70" lang="fr" source="google">textile</contenuImg>
            <contenuImg CS="0.58" lang="fr" source="google">étoffe tissée</contenuImg>
            <contenuImg CS="0.81" h="2812" lang="fr" source="google" w="1577" x="3318.6" y="412">modèle motif</contenuImg>
            <contenuImg CS="0.64" lang="fr" source="google">réseau filet</contenuImg>
            <contenuImg CS="0.86" coul="1" h="2812" lang="fr" source="google" w="1577" x="3318.6" y="412">turquoise</contenuImg>
            <contenuImg CS="0.81" h="2812" lang="fr" source="google" w="1577" x="3318.6" y="412">modèle</contenuImg>
            <contenuImg CS="0.77" h="2812" lang="fr" source="google" w="1577" x="3318.6" y="412">design</contenuImg>
            <contenuImg CS="0.64" lang="fr" source="google">réseau, filet</contenuImg>
            <contenuImg CS="0.60" coul="1" lang="fr" source="google">beige</contenuImg>
            <contenuImg CS="0.54" lang="fr" source="google">maille</contenuImg>
            <contenuImg CS="1.73" coul="1" lang="fr" source="google">gerbe d'or (Solidago)</contenuImg>
            <contenuImg CS="0.86" coul="1" lang="fr" source="google">beige pâle</contenuImg>
            <contenuImg CS="0.47" coul="1" lang="fr" source="google">bois moyen</contenuImg>
            <contenuImg CS="0.32" coul="1" lang="fr" source="google">vert olive foncé</contenuImg>
            <contenuImg CS="0.31" coul="1" lang="fr" source="google">bronze</contenuImg>
            <contenuImg b="125" coul="1" g="182" r="192" source="colorific" type="bkg">#c0b67d</contenuImg>
            <contenuImg b="83" coul="1" g="88" ordre="6" r="77" source="colorific" type="frg">#4d5853</contenuImg>
            <contenuImg b="0" coul="1" g="0" ordre="5" r="0" source="colorific" type="frg">#000000</contenuImg>
            <contenuImg b="120" coul="1" g="108" ordre="4" r="81" source="colorific" type="frg">#516c78</contenuImg>
            <contenuImg b="10" coul="1" g="39" ordre="3" r="45" source="colorific" type="frg">#2d270a</contenuImg>
            <contenuImg b="55" coul="1" g="89" ordre="2" r="98" source="colorific" type="frg">#625937</contenuImg>
            <contenuImg b="168" coul="1" g="194" ordre="1" r="210" source="colorific" type="frg">#d2c2a8</contenuImg>
            <contenuImg CS="1.0" lang="en" source="md">decorative patterns</contenuImg>
            <contenuImg CS="1.0" lang="en" source="md">embossed effects</contenuImg>
            <contenuImg CS="1.0" lang="en" source="md">grid</contenuImg>
            <contenuImg CS="1.0" lang="en" source="md">trompe-l'oeil (ornament)</contenuImg>
            <contenuImg CS="0.31" coul="1" lang="en" source="google">bronze</contenuImg>
            <contenuImg CS="0.32" coul="1" lang="en" source="google">darkolivegreen</contenuImg>
            <contenuImg CS="0.47" coul="1" lang="en" source="google">mediumwood</contenuImg>
            <contenuImg CS="0.86" coul="1" lang="en" source="google">newtan</contenuImg>
            <contenuImg CS="1.02" coul="1" lang="en" source="google">mediumwood</contenuImg>
            <contenuImg CS="1.73" coul="1" lang="en" source="google">goldenrod</contenuImg>
            <contenuImg CS="0.54" lang="en" source="google">Mesh</contenuImg>
            <contenuImg CS="0.58" lang="en" source="google">Woven fabric</contenuImg>
            <contenuImg CS="0.60" coul="1" lang="en" source="google">Beige</contenuImg>
            <contenuImg CS="0.64" lang="en" source="google">Net</contenuImg>
            <contenuImg CS="0.70" lang="en" source="google">Textile</contenuImg>
            <contenuImg CS="0.77" h="2812" lang="en" source="google" w="1577" x="3318.6" y="412">Design</contenuImg>
            <contenuImg CS="0.81" h="2812" lang="en" source="google" w="1577" x="3318.6" y="412">Pattern</contenuImg>
            <contenuImg CS="0.86" coul="1" h="2812" lang="en" source="google" w="1577" x="3318.6" y="412">Turquoise</contenuImg>
            <contenuImg CS="0.94" h="2812" lang="en" source="google" w="1577" x="3318.6" y="412">Pattern</contenuImg>
            <tech source="final">estampe/gravure</tech>
            <fonction source="md">papier-peint</fonction>
            <fonction source="final">papier-peint</fonction>
            <tech CS="1" source="hm">estampe/gravure</tech>
            <theme CS="1" source="md">0</theme>
            <contenuImg CS="1.0" lang="fr" source="md">Trompe-l'oeil (ornement)</contenuImg>
            <contenuImg CS="1.0" lang="fr" source="md">Quadrillage</contenuImg>
            <contenuImg CS="1.0" lang="fr" source="md">Effets de relief</contenuImg>
            <contenuImg CS="1.0" lang="fr" source="md">Motifs décoratifs</contenuImg>
            <titraille>Papier à motif répétitif : papier peint</titraille>
          </ill>
        </ills>
      </page>
    </pages>
  </contenus>
</analyseAlto>