<analyseAlto>
  <metad>
    <type>I</type>
    <ID>btv1b6900754t</ID>
    <titre>Manufacture Jacquemart et Bénard. Bordure. Une bande à la partie centrale de treillage garni de jasmin rythmé par des roses dans des couronnes de feuillage, entre deux petites frises : papier peint</titre>
    <dateEdition>1803</dateEdition>
    <auteur>Jacquemart et Bénard (Manufacture). Fonction indéterminée</auteur>
    <lang>fre</lang>
    <source>Bibliothèque nationale de France</source>
    <sujet>Treillages -- Roses -- Jasmins -- Feuilles -- Couronnes (coiffures) -- Frises -- Fleurs (ornement) -- Dents-de-loup (ornement) -- Décoration et ornement architecturaux -- 1800-1869 -- Motifs décoratifs -- 1800-1869</sujet>
    <descr>Appartient à l’ensemble documentaire : PaPeint18 -- Papier peint</descr>
    <format>inconnu</format>
    <couverture>inconnu</couverture>
    <largeurPx>5024</largeurPx>
    <hauteurPx>2672</hauteurPx>
    <ocr>false</ocr>
    <toc>false</toc>
    <nbPage>1</nbPage>
  </metad>
  <contenus ocr="false" toc="false">
    <largeur>212</largeur>
    <hauteur>113</hauteur>
    <largeurPx>5024</largeurPx>
    <hauteurPx>2672</hauteurPx>
    <pages>
      <page ordre="1">
        <blocIll ocr="1">1</blocIll>
        <ills>
          <ill classif="CCgoogle" couleur="coul" h="2672" hash="00ff00594308ffff" n="1-1" taille="6" w="5024" x="1" y="1">
            <contenuImg CS="0.76" lang="fr" source="google">textile</contenuImg>
            <contenuImg CS="0.72" lang="fr" source="google">conception</contenuImg>
            <contenuImg CS="0.65" lang="fr" source="google">couverture</contenuImg>
            <contenuImg CS="0.81" h="3320" lang="fr" source="google" w="4422" x="1124.4" y="267.2">modèle motif</contenuImg>
            <contenuImg CS="0.94" coul="1" h="3320" lang="fr" source="google" w="4422" x="1124.4" y="267.2">vert</contenuImg>
            <contenuImg CS="0.83" h="3320" lang="fr" source="google" w="4422" x="1124.4" y="267.2">feuille</contenuImg>
            <contenuImg CS="0.81" h="3320" lang="fr" source="google" w="4422" x="1124.4" y="267.2">modèle</contenuImg>
            <contenuImg CS="0.77" h="3320" lang="fr" source="google" w="4422" x="1124.4" y="267.2">arts visuels</contenuImg>
            <contenuImg CS="0.72" lang="fr" source="google">design</contenuImg>
            <contenuImg CS="0.71" lang="fr" source="google">rectangle</contenuImg>
            <contenuImg CS="0.69" lang="fr" source="google">art</contenuImg>
            <contenuImg CS="0.67" lang="fr" source="google">plante</contenuImg>
            <contenuImg CS="0.22" coul="1" lang="fr" source="google">saumon</contenuImg>
            <contenuImg CS="0.19" coul="1" lang="fr" source="google">bois moyen</contenuImg>
            <contenuImg CS="0.11" coul="1" lang="fr" source="google">bronze</contenuImg>
            <contenuImg CS="0.31" coul="1" lang="fr" source="google">vert olive foncé</contenuImg>
            <contenuImg CS="0.23" coul="1" lang="fr" source="google">vert foncé</contenuImg>
            <contenuImg b="18" coul="1" g="34" ordre="6" r="69" source="colorific" type="frg">#452212</contenuImg>
            <contenuImg b="21" coul="1" g="30" ordre="5" r="19" source="colorific" type="frg">#131e15</contenuImg>
            <contenuImg b="129" coul="1" g="166" ordre="4" r="173" source="colorific" type="frg">#ada681</contenuImg>
            <contenuImg b="82" coul="1" g="73" ordre="3" r="98" source="colorific" type="frg">#624952</contenuImg>
            <contenuImg b="62" coul="1" g="121" ordre="2" r="157" source="colorific" type="frg">#9d793e</contenuImg>
            <contenuImg b="70" coul="1" g="89" ordre="1" r="69" source="colorific" type="frg">#455946</contenuImg>
            <contenuImg CS="1.0" lang="en" source="md">decorative patterns - 1800-1869</contenuImg>
            <contenuImg CS="1.0" lang="en" source="md">architectural decoration and ornament - 1800-1869</contenuImg>
            <contenuImg CS="1.0" lang="en" source="md">wolf's teeth (ornament)</contenuImg>
            <contenuImg CS="1.0" lang="en" source="md">flowers (ornament)</contenuImg>
            <contenuImg CS="1.0" lang="en" source="md">curly</contenuImg>
            <contenuImg CS="1.0" lang="en" source="md">crowns (hairstyles)</contenuImg>
            <contenuImg CS="1.0" lang="en" source="md">leaves (plants)</contenuImg>
            <contenuImg CS="1.0" lang="en" source="md">jasmines (flowers)</contenuImg>
            <contenuImg CS="1.0" lang="en" source="md">roses (flowers)</contenuImg>
            <contenuImg CS="1.0" lang="en" source="md">trellises</contenuImg>
            <contenuImg CS="0.23" coul="1" lang="en" source="google">darkgreen</contenuImg>
            <contenuImg CS="0.31" coul="1" lang="en" source="google">darkolivegreen</contenuImg>
            <contenuImg CS="0.36" coul="1" lang="en" source="google">bronzeii</contenuImg>
            <contenuImg CS="0.11" coul="1" lang="en" source="google">bronze</contenuImg>
            <contenuImg CS="0.19" coul="1" lang="en" source="google">mediumwood</contenuImg>
            <contenuImg CS="0.22" coul="1" lang="en" source="google">salmon</contenuImg>
            <contenuImg CS="0.63" coul="1" lang="en" source="google">bronze</contenuImg>
            <contenuImg CS="0.65" lang="en" source="google">Rug</contenuImg>
            <contenuImg CS="0.67" lang="en" source="google">Plant</contenuImg>
            <contenuImg CS="0.69" lang="en" source="google">Art</contenuImg>
            <contenuImg CS="0.71" lang="en" source="google">Rectangle</contenuImg>
            <contenuImg CS="0.72" lang="en" source="google">Design</contenuImg>
            <contenuImg CS="0.76" lang="en" source="google">Textile</contenuImg>
            <contenuImg CS="0.77" h="3320" lang="en" source="google" w="4422" x="1124.4" y="267.2">Visual arts</contenuImg>
            <contenuImg CS="0.81" h="3320" lang="en" source="google" w="4422" x="1124.4" y="267.2">Pattern</contenuImg>
            <contenuImg CS="0.83" h="3320" lang="en" source="google" w="4422" x="1124.4" y="267.2">Leaf</contenuImg>
            <contenuImg CS="0.94" coul="1" h="3320" lang="en" source="google" w="4422" x="1124.4" y="267.2">Green</contenuImg>
            <tech source="final">estampe/gravure</tech>
            <fonction source="md">papier-peint</fonction>
            <fonction source="final">papier-peint</fonction>
            <tech CS="1" source="hm">estampe/gravure</tech>
            <theme CS="1" source="md">0</theme>
            <contenuImg CS="1.0" lang="fr" source="md">Treillages</contenuImg>
            <contenuImg CS="1.0" lang="fr" source="md">Roses</contenuImg>
            <contenuImg CS="1.0" lang="fr" source="md">Jasmins</contenuImg>
            <contenuImg CS="1.0" lang="fr" source="md">Feuilles</contenuImg>
            <contenuImg CS="1.0" lang="fr" source="md">Couronnes (coiffures)</contenuImg>
            <contenuImg CS="1.0" lang="fr" source="md">Frises</contenuImg>
            <contenuImg CS="1.0" lang="fr" source="md">Fleurs (ornement)</contenuImg>
            <contenuImg CS="1.0" lang="fr" source="md">Dents-de-loup (ornement)</contenuImg>
            <contenuImg CS="1.0" lang="fr" source="md">Décoration et ornement architecturaux -- 1800-1869</contenuImg>
            <contenuImg CS="1.0" lang="fr" source="md">Motifs décoratifs -- 1800-1869</contenuImg>
            <titraille>Manufacture Jacquemart et Bénard. Bordure. Une bande à la partie centrale de treillage garni de jasmin rythmé par des roses dans des couronnes de feuillage, entre deux petites frises : papier peint</titraille>
          </ill>
        </ills>
      </page>
    </pages>
  </contenus>
</analyseAlto>