<analyseAlto>
  <metad>
    <type>I</type>
    <ID>btv1b6901419n</ID>
    <titre>Papier à motif répétitif : papier peint</titre>
    <dateEdition>1799</dateEdition>
    <auteur>inconnu</auteur>
    <lang>fre</lang>
    <source>Bibliothèque nationale de France</source>
    <sujet>Draperies (ornement) -- Motifs décoratifs</sujet>
    <descr>Appartient à l’ensemble documentaire : PaPeint18 -- Papier peint</descr>
    <format>inconnu</format>
    <couverture>inconnu</couverture>
    <largeurPx>6736</largeurPx>
    <hauteurPx>6456</hauteurPx>
    <ocr>false</ocr>
    <toc>false</toc>
    <nbPage>1</nbPage>
  </metad>
  <contenus ocr="false" toc="false">
    <largeur>285</largeur>
    <hauteur>273</hauteur>
    <largeurPx>6736</largeurPx>
    <hauteurPx>6456</hauteurPx>
    <pages>
      <page ordre="1">
        <blocIll ocr="1">1</blocIll>
        <ills>
          <ill classif="CCgoogle" couleur="coul" h="6456" hash="3333333333333333" n="1-1" taille="20" w="6736" x="1" y="1">
            <contenuImg CS="0.92" h="4094" lang="fr" source="google" w="2294" x="2649.6" y="645.6">aqua</contenuImg>
            <contenuImg CS="0.91" lang="fr" source="google">bleu azur</contenuImg>
            <contenuImg CS="0.99" coul="1" h="4094" lang="fr" source="google" w="2294" x="2649.6" y="645.6">bleu</contenuImg>
            <contenuImg CS="0.96" coul="1" h="4094" lang="fr" source="google" w="2294" x="2649.6" y="645.6">vert</contenuImg>
            <contenuImg CS="0.90" coul="1" lang="fr" source="google">bleu canard</contenuImg>
            <contenuImg CS="0.89" lang="fr" source="google">jour</contenuImg>
            <contenuImg CS="0.86" lang="fr" source="google">ligne</contenuImg>
            <contenuImg CS="0.79" lang="fr" source="google">architecture</contenuImg>
            <contenuImg CS="0.78" coul="1" lang="fr" source="google">turquoise</contenuImg>
            <contenuImg CS="2.92" coul="1" lang="fr" source="google">bleu cadet</contenuImg>
            <contenuImg CS="0.60" coul="1" lang="fr" source="google">vert cuivre foncé</contenuImg>
            <contenuImg CS="0.40" coul="1" lang="fr" source="google">noir</contenuImg>
            <contenuImg CS="0.37" coul="1" lang="fr" source="google">vert pâle</contenuImg>
            <contenuImg b="102" coul="1" g="78" r="55" source="colorific" type="bkg">#374e66</contenuImg>
            <contenuImg b="0" coul="1" g="0" ordre="3" r="0" source="colorific" type="frg">#000000</contenuImg>
            <contenuImg b="63" coul="1" g="46" ordre="2" r="17" source="colorific" type="frg">#112e3f</contenuImg>
            <contenuImg b="146" coul="1" g="133" ordre="1" r="107" source="colorific" type="frg">#6b8592</contenuImg>
            <contenuImg CS="1.0" lang="en" source="md">decorative patterns</contenuImg>
            <contenuImg CS="1.0" lang="en" source="md">draperies (ornament)</contenuImg>
            <contenuImg CS="0.37" coul="1" lang="en" source="google">palegreen</contenuImg>
            <contenuImg CS="0.40" coul="1" lang="en" source="google">black</contenuImg>
            <contenuImg CS="0.60" coul="1" lang="en" source="google">darkgreencopper</contenuImg>
            <contenuImg CS="0.05" coul="1" lang="en" source="google">darkgreencopper</contenuImg>
            <contenuImg CS="2.92" coul="1" lang="en" source="google">cadetblue</contenuImg>
            <contenuImg CS="0.78" coul="1" lang="en" source="google">Turquoise</contenuImg>
            <contenuImg CS="0.79" lang="en" source="google">Architecture</contenuImg>
            <contenuImg CS="0.86" lang="en" source="google">Line</contenuImg>
            <contenuImg CS="0.89" lang="en" source="google">Daytime</contenuImg>
            <contenuImg CS="0.90" coul="1" lang="en" source="google">Teal</contenuImg>
            <contenuImg CS="0.91" lang="en" source="google">Azure</contenuImg>
            <contenuImg CS="0.92" h="4094" lang="en" source="google" w="2294" x="2649.6" y="645.6">Aqua</contenuImg>
            <contenuImg CS="0.94" coul="1" h="4094" lang="en" source="google" w="2294" x="2649.6" y="645.6">Turquoise</contenuImg>
            <contenuImg CS="0.96" coul="1" h="4094" lang="en" source="google" w="2294" x="2649.6" y="645.6">Green</contenuImg>
            <contenuImg CS="0.99" coul="1" h="4094" lang="en" source="google" w="2294" x="2649.6" y="645.6">Blue</contenuImg>
            <tech source="final">estampe/gravure</tech>
            <fonction source="md">papier-peint</fonction>
            <fonction source="final">papier-peint</fonction>
            <tech CS="1" source="hm">estampe/gravure</tech>
            <theme CS="1" source="md">0</theme>
            <contenuImg CS="1.0" lang="fr" source="md">Draperies (ornement)</contenuImg>
            <contenuImg CS="1.0" lang="fr" source="md">Motifs décoratifs</contenuImg>
            <titraille>Papier à motif répétitif : papier peint</titraille>
          </ill>
        </ills>
      </page>
    </pages>
  </contenus>
</analyseAlto>