<analyseAlto>
  <metad>
    <type>I</type>
    <ID>btv1b6901031q</ID>
    <titre>Bordure : papier peint</titre>
    <dateEdition>1803</dateEdition>
    <auteur>inconnu</auteur>
    <lang>fre</lang>
    <source>Bibliothèque nationale de France</source>
    <sujet>Frises -- Chênes -- Feuilles stylisées (ornement) -- Glands -- Motifs décoratifs</sujet>
    <descr>Appartient à l’ensemble documentaire : PaPeint18 -- Papier peint</descr>
    <format>inconnu</format>
    <couverture>inconnu</couverture>
    <largeurPx>6128</largeurPx>
    <hauteurPx>1936</hauteurPx>
    <ocr>false</ocr>
    <toc>false</toc>
    <nbPage>1</nbPage>
  </metad>
  <contenus ocr="false" toc="false">
    <largeur>259</largeur>
    <hauteur>81</hauteur>
    <largeurPx>6128</largeurPx>
    <hauteurPx>1936</hauteurPx>
    <pages>
      <page ordre="1">
        <blocIll ocr="1">1</blocIll>
        <ills>
          <ill classif="CCgoogle" couleur="coul" h="1936" hash="00ff5011ddbb00ff" n="1-1" taille="5" w="6128" x="1" y="1">
            <contenuImg CS="0.66" h="2978" lang="fr" source="google" w="2232" x="4763.8" y="364.6">modèle motif</contenuImg>
            <contenuImg CS="1.19" coul="1" lang="fr" source="google">bleu ciel</contenuImg>
            <contenuImg CS="0.67" h="2978" lang="fr" source="google" w="2232" x="4763.8" y="364.6">arts visuels</contenuImg>
            <contenuImg CS="0.66" h="2978" lang="fr" source="google" w="2232" x="4763.8" y="364.6">modèle</contenuImg>
            <contenuImg CS="0.63" h="2978" lang="fr" source="google" w="2232" x="4763.8" y="364.6">art</contenuImg>
            <contenuImg CS="0.23" coul="1" lang="fr" source="google">noir</contenuImg>
            <contenuImg CS="0.21" coul="1" lang="fr" source="google">chocolat à pâtisser</contenuImg>
            <contenuImg CS="0.13" coul="1" lang="fr" source="google">brique réfractaire</contenuImg>
            <contenuImg CS="0.07" coul="1" lang="fr" source="google">vieux rose</contenuImg>
            <contenuImg CS="0.05" coul="1" lang="fr" source="google">vert foncé</contenuImg>
            <contenuImg CS="0.00" coul="1" lang="fr" source="google">bleu violet</contenuImg>
            <contenuImg CS="0.00" coul="1" lang="fr" source="google">bleu cadet</contenuImg>
            <contenuImg b="192" coul="1" g="148" r="101" source="colorific" type="bkg">#6594c0</contenuImg>
            <contenuImg b="167" coul="1" g="185" ordre="6" r="157" source="colorific" type="frg">#9db9a7</contenuImg>
            <contenuImg b="51" coul="1" g="60" ordre="5" r="31" source="colorific" type="frg">#1f3c33</contenuImg>
            <contenuImg b="92" coul="1" g="104" ordre="4" r="78" source="colorific" type="frg">#4e685c</contenuImg>
            <contenuImg b="114" coul="1" g="106" ordre="3" r="128" source="colorific" type="frg">#806a72</contenuImg>
            <contenuImg b="28" coul="1" g="61" ordre="2" r="139" source="colorific" type="frg">#8b3d1c</contenuImg>
            <contenuImg b="0" coul="1" g="0" ordre="1" r="0" source="colorific" type="frg">#000000</contenuImg>
            <contenuImg CS="1.0" lang="en" source="md">decorative patterns</contenuImg>
            <contenuImg CS="1.0" lang="en" source="md">acorns</contenuImg>
            <contenuImg CS="1.0" lang="en" source="md">stylized leaves (ornament)</contenuImg>
            <contenuImg CS="1.0" lang="en" source="md">oak trees</contenuImg>
            <contenuImg CS="1.0" lang="en" source="md">curly</contenuImg>
            <contenuImg CS="0.00" coul="1" lang="en" source="google">cadetblue</contenuImg>
            <contenuImg CS="0.00" coul="1" lang="en" source="google">blueviolet</contenuImg>
            <contenuImg CS="0.05" coul="1" lang="en" source="google">darkgreen</contenuImg>
            <contenuImg CS="0.07" coul="1" lang="en" source="google">dustyrose</contenuImg>
            <contenuImg CS="0.13" coul="1" lang="en" source="google">firebrick</contenuImg>
            <contenuImg CS="0.21" coul="1" lang="en" source="google">bakerschocolate</contenuImg>
            <contenuImg CS="0.23" coul="1" lang="en" source="google">black</contenuImg>
            <contenuImg CS="1.19" coul="1" lang="en" source="google">skyblue</contenuImg>
            <contenuImg CS="0.63" h="2978" lang="en" source="google" w="2232" x="4763.8" y="364.6">Art</contenuImg>
            <contenuImg CS="0.66" h="2978" lang="en" source="google" w="2232" x="4763.8" y="364.6">Pattern</contenuImg>
            <contenuImg CS="0.67" h="2978" lang="en" source="google" w="2232" x="4763.8" y="364.6">Visual arts</contenuImg>
            <tech source="final">estampe/gravure</tech>
            <fonction source="md">papier-peint</fonction>
            <fonction source="final">papier-peint</fonction>
            <tech CS="1" source="hm">estampe/gravure</tech>
            <theme CS="1" source="md">0</theme>
            <contenuImg CS="1.0" lang="fr" source="md">Frises</contenuImg>
            <contenuImg CS="1.0" lang="fr" source="md">Chênes</contenuImg>
            <contenuImg CS="1.0" lang="fr" source="md">Feuilles stylisées (ornement)</contenuImg>
            <contenuImg CS="1.0" lang="fr" source="md">Glands</contenuImg>
            <contenuImg CS="1.0" lang="fr" source="md">Motifs décoratifs</contenuImg>
            <titraille>Bordure : papier peint</titraille>
          </ill>
        </ills>
      </page>
    </pages>
  </contenus>
</analyseAlto>