<analyseAlto>
  <metad>
    <type>I</type>
    <ID>btv1b6900931h</ID>
    <titre>Bordure : papier peint</titre>
    <dateEdition>1805</dateEdition>
    <auteur>Jacquemart et Bénard (Manufacture). Fonction indéterminée</auteur>
    <lang>fre</lang>
    <source>Bibliothèque nationale de France</source>
    <sujet>Frises -- Raisin -- Cercle -- Acanthes -- Feuilles de vigne -- Raie-de-coeur (ornement) -- Peignes (ornement) -- Camaïeu, Peinture en -- Décoration et ornement architecturaux -- Motifs décoratifs</sujet>
    <descr>Appartient à l’ensemble documentaire : PaPeint18 -- Papier peint</descr>
    <format>inconnu</format>
    <couverture>inconnu</couverture>
    <largeurPx>6696</largeurPx>
    <hauteurPx>3392</hauteurPx>
    <ocr>false</ocr>
    <toc>false</toc>
    <nbPage>1</nbPage>
  </metad>
  <contenus ocr="false" toc="false">
    <largeur>283</largeur>
    <hauteur>143</hauteur>
    <largeurPx>6696</largeurPx>
    <hauteurPx>3392</hauteurPx>
    <pages>
      <page ordre="1">
        <blocIll ocr="1">1</blocIll>
        <ills>
          <ill classif="CCgoogle" couleur="coul" h="3392" hash="ff202020ba00ffff" n="1-1" taille="10" w="6696" x="1" y="1">
            <contenuImg CS="0.75" h="3320" lang="fr" source="google" w="3325" x="2293.6" y="339.2">modèle motif</contenuImg>
            <contenuImg CS="0.98" coul="1" h="3320" lang="fr" source="google" w="3325" x="2293.6" y="339.2">vert</contenuImg>
            <contenuImg CS="0.90" h="3320" lang="fr" source="google" w="3325" x="2293.6" y="339.2">feuille</contenuImg>
            <contenuImg CS="0.75" h="3320" lang="fr" source="google" w="3325" x="2293.6" y="339.2">modèle</contenuImg>
            <contenuImg CS="0.69" h="3320" lang="fr" source="google" w="3325" x="2293.6" y="339.2">police de caractère</contenuImg>
            <contenuImg CS="0.66" lang="fr" source="google">plante</contenuImg>
            <contenuImg CS="0.57" lang="fr" source="google">timbre-poste</contenuImg>
            <contenuImg CS="0.53" lang="fr" source="google">rectangle</contenuImg>
            <contenuImg CS="1.24" coul="1" lang="fr" source="google">vert citron</contenuImg>
            <contenuImg CS="0.05" coul="1" lang="fr" source="google">gris ardoise foncé</contenuImg>
            <contenuImg CS="0.04" coul="1" lang="fr" source="google">feldspath</contenuImg>
            <contenuImg CS="0.95" coul="1" lang="fr" source="google">bois moyen</contenuImg>
            <contenuImg CS="0.57" coul="1" lang="fr" source="google">beige pâle</contenuImg>
            <contenuImg CS="0.28" coul="1" lang="fr" source="google">gris</contenuImg>
            <contenuImg b="137" coul="1" g="146" r="150" source="colorific" type="bkg">#969289</contenuImg>
            <contenuImg b="116" coul="1" g="137" ordre="4" r="198" source="colorific" type="frg">#c68974</contenuImg>
            <contenuImg b="122" coul="1" g="114" ordre="3" r="90" source="colorific" type="frg">#5a727a</contenuImg>
            <contenuImg b="57" coul="1" g="58" ordre="2" r="50" source="colorific" type="frg">#323a39</contenuImg>
            <contenuImg b="255" coul="1" g="255" ordre="1" r="255" source="colorific" type="frg">#ffffff</contenuImg>
            <contenuImg CS="1.0" lang="en" source="md">decorative patterns</contenuImg>
            <contenuImg CS="1.0" lang="en" source="md">architectural decoration and ornament</contenuImg>
            <contenuImg CS="1.0" lang="en" source="md">camaïeu painting</contenuImg>
            <contenuImg CS="1.0" lang="en" source="md">cmbs (ornament)</contenuImg>
            <contenuImg CS="1.0" lang="en" source="md">stripe-of-heart (ornament)</contenuImg>
            <contenuImg CS="1.0" lang="en" source="md">vine leaves (plants)</contenuImg>
            <contenuImg CS="1.0" lang="en" source="md">acanthus</contenuImg>
            <contenuImg CS="1.0" lang="en" source="md">circle</contenuImg>
            <contenuImg CS="1.0" lang="en" source="md">grape (fruits)</contenuImg>
            <contenuImg CS="1.0" lang="en" source="md">curly</contenuImg>
            <contenuImg CS="0.28" coul="1" lang="en" source="google">gray</contenuImg>
            <contenuImg CS="0.57" coul="1" lang="en" source="google">newtan</contenuImg>
            <contenuImg CS="0.95" coul="1" lang="en" source="google">mediumwood</contenuImg>
            <contenuImg CS="0.04" coul="1" lang="en" source="google">feldspar</contenuImg>
            <contenuImg CS="0.05" coul="1" lang="en" source="google">darkslategrey</contenuImg>
            <contenuImg CS="1.19" coul="1" lang="en" source="google">gray</contenuImg>
            <contenuImg CS="1.24" coul="1" lang="en" source="google">limegreen</contenuImg>
            <contenuImg CS="0.53" lang="en" source="google">Rectangle</contenuImg>
            <contenuImg CS="0.57" lang="en" source="google">Postage stamp</contenuImg>
            <contenuImg CS="0.66" lang="en" source="google">Plant</contenuImg>
            <contenuImg CS="0.69" h="3320" lang="en" source="google" w="3325" x="2293.6" y="339.2">Font</contenuImg>
            <contenuImg CS="0.75" h="3320" lang="en" source="google" w="3325" x="2293.6" y="339.2">Pattern</contenuImg>
            <contenuImg CS="0.90" h="3320" lang="en" source="google" w="3325" x="2293.6" y="339.2">Leaf</contenuImg>
            <contenuImg CS="0.98" coul="1" h="3320" lang="en" source="google" w="3325" x="2293.6" y="339.2">Green</contenuImg>
            <tech source="final">estampe/gravure</tech>
            <fonction source="md">papier-peint</fonction>
            <fonction source="final">papier-peint</fonction>
            <tech CS="1" source="hm">estampe/gravure</tech>
            <theme CS="1" source="md">0</theme>
            <contenuImg CS="1.0" lang="fr" source="md">Frises</contenuImg>
            <contenuImg CS="1.0" lang="fr" source="md">Raisin</contenuImg>
            <contenuImg CS="1.0" lang="fr" source="md">Cercle</contenuImg>
            <contenuImg CS="1.0" lang="fr" source="md">Acanthes</contenuImg>
            <contenuImg CS="1.0" lang="fr" source="md">Feuilles de vigne</contenuImg>
            <contenuImg CS="1.0" lang="fr" source="md">Raie-de-coeur (ornement)</contenuImg>
            <contenuImg CS="1.0" lang="fr" source="md">Peignes (ornement)</contenuImg>
            <contenuImg CS="1.0" lang="fr" source="md">Peinture en camaïeu</contenuImg>
            <contenuImg CS="1.0" lang="fr" source="md">Décoration et ornement architecturaux</contenuImg>
            <contenuImg CS="1.0" lang="fr" source="md">Motifs décoratifs</contenuImg>
            <titraille>Bordure : papier peint</titraille>
          </ill>
        </ills>
      </page>
    </pages>
  </contenus>
</analyseAlto>