<analyseAlto>
  <metad>
    <type>I</type>
    <ID>btv1b6900280k</ID>
    <titre>Papier à motif répétitif : papier peint</titre>
    <dateEdition>1802</dateEdition>
    <auteur>inconnu</auteur>
    <lang>fre</lang>
    <source>Bibliothèque nationale de France, département Estampes et photographie, EST LI-23</source>
    <sujet>Fleurs stylisées (ornement) -- Feuillages stylisés -- Quadrillage -- Motifs décoratifs</sujet>
    <descr>Appartient à l’ensemble documentaire : PaPeint18 -- Papier peint</descr>
    <format>inconnu</format>
    <couverture>inconnu</couverture>
    <largeurPx>3512</largeurPx>
    <hauteurPx>1248</hauteurPx>
    <ocr>false</ocr>
    <toc>false</toc>
    <caption>false</caption>
    <nbPage>1</nbPage>
  </metad>
  <contenus ocr="false" toc="false">
    <largeur>148</largeur>
    <hauteur>52</hauteur>
    <largeurPx>3512</largeurPx>
    <hauteurPx>1248</hauteurPx>
    <pages>
      <page ordre="1">
        <blocIll ocr="1">1</blocIll>
        <ills>
          <ill classif="CCgoogle" couleur="coul" h="1248" hash="05959191d3d185ff" n="1-1" taille="2" w="3512" x="1" y="1">
            <contenuImg CS="0.68" lang="fr" source="google">textile</contenuImg>
            <contenuImg CS="0.85" h="3320" lang="fr" source="google" w="1862" x="5965.2" y="124.8">botanique</contenuImg>
            <contenuImg CS="0.64" lang="fr" source="google">fleurs sauvages</contenuImg>
            <contenuImg CS="0.74" lang="fr" source="google">modèle motif</contenuImg>
            <contenuImg CS="0.83" h="3320" lang="fr" source="google" w="1862" x="5965.2" y="124.8">branche</contenuImg>
            <contenuImg CS="0.81" h="3320" lang="fr" source="google" w="1862" x="5965.2" y="124.8">plante</contenuImg>
            <contenuImg CS="0.81" h="3320" lang="fr" source="google" w="1862" x="5965.2" y="124.8">feuille</contenuImg>
            <contenuImg CS="0.75" lang="fr" source="google">fleur</contenuImg>
            <contenuImg CS="0.74" lang="fr" source="google">modèle</contenuImg>
            <contenuImg CS="0.66" lang="fr" source="google">fond d'écran</contenuImg>
            <contenuImg CS="0.64" lang="fr" source="google">illustration</contenuImg>
            <contenuImg CS="0.52" coul="1" lang="fr" source="google">vert citron</contenuImg>
            <contenuImg CS="0.47" coul="1" lang="fr" source="google">vert olive foncé</contenuImg>
            <contenuImg CS="0.35" coul="1" lang="fr" source="google">rose</contenuImg>
            <contenuImg CS="0.33" coul="1" lang="fr" source="google">jaune d'or</contenuImg>
            <contenuImg CS="0.20" coul="1" lang="fr" source="google">bronze</contenuImg>
            <contenuImg CS="0.16" coul="1" lang="fr" source="google">vert foncé</contenuImg>
            <contenuImg b="116" coul="1" g="164" r="188" source="colorific" type="bkg">#bca474</contenuImg>
            <contenuImg b="255" coul="1" g="255" ordre="5" r="255" source="colorific" type="frg">#ffffff</contenuImg>
            <contenuImg b="46" coul="1" g="72" ordre="4" r="97" source="colorific" type="frg">#61482e</contenuImg>
            <contenuImg b="16" coul="1" g="29" ordre="3" r="12" source="colorific" type="frg">#0c1d10</contenuImg>
            <contenuImg b="60" coul="1" g="98" ordre="2" r="174" source="colorific" type="frg">#ae623c</contenuImg>
            <contenuImg b="77" coul="1" g="87" ordre="1" r="65" source="colorific" type="frg">#41574d</contenuImg>
            <contenuImg CS="1.0" lang="en" source="md">decorative patterns</contenuImg>
            <contenuImg CS="1.0" lang="en" source="md">grid</contenuImg>
            <contenuImg CS="1.0" lang="en" source="md">stylized foliage</contenuImg>
            <contenuImg CS="1.0" lang="en" source="md">stylized flowers (ornament)</contenuImg>
            <contenuImg CS="0.16" coul="1" lang="en" source="google">darkgreen</contenuImg>
            <contenuImg CS="0.20" coul="1" lang="en" source="google">bronze</contenuImg>
            <contenuImg CS="0.33" coul="1" lang="en" source="google">mediumgoldenrod</contenuImg>
            <contenuImg CS="0.35" coul="1" lang="en" source="google">pink</contenuImg>
            <contenuImg CS="0.47" coul="1" lang="en" source="google">darkolivegreen</contenuImg>
            <contenuImg CS="0.58" coul="1" lang="en" source="google">bronze</contenuImg>
            <contenuImg CS="0.52" coul="1" lang="en" source="google">limegreen</contenuImg>
            <contenuImg CS="1.22" coul="1" lang="en" source="google">pink</contenuImg>
            <contenuImg CS="0.64" lang="en" source="google">Wildflower</contenuImg>
            <contenuImg CS="0.64" lang="en" source="google">Illustration</contenuImg>
            <contenuImg CS="0.66" lang="en" source="google">Wallpaper</contenuImg>
            <contenuImg CS="0.68" lang="en" source="google">Textile</contenuImg>
            <contenuImg CS="0.74" lang="en" source="google">Pattern</contenuImg>
            <contenuImg CS="0.75" lang="en" source="google">Flower</contenuImg>
            <contenuImg CS="0.81" h="3320" lang="en" source="google" w="1862" x="5965.2" y="124.8">Leaf</contenuImg>
            <contenuImg CS="0.81" h="3320" lang="en" source="google" w="1862" x="5965.2" y="124.8">Plant</contenuImg>
            <contenuImg CS="0.83" h="3320" lang="en" source="google" w="1862" x="5965.2" y="124.8">Branch</contenuImg>
            <contenuImg CS="0.85" h="3320" lang="en" source="google" w="1862" x="5965.2" y="124.8">Botany</contenuImg>
            <tech source="final">estampe/gravure</tech>
            <fonction source="md">papier-peint</fonction>
            <fonction source="final">papier-peint</fonction>
            <tech CS="1" source="hm">estampe/gravure</tech>
            <theme CS="1" source="md">0</theme>
            <contenuImg CS="1.0" lang="fr" source="md">Fleurs stylisées (ornement)</contenuImg>
            <contenuImg CS="1.0" lang="fr" source="md">Feuillages stylisés</contenuImg>
            <contenuImg CS="1.0" lang="fr" source="md">Quadrillage</contenuImg>
            <contenuImg CS="1.0" lang="fr" source="md">Motifs décoratifs</contenuImg>
            <titraille>Papier à motif répétitif : papier peint</titraille>
          </ill>
        </ills>
      </page>
    </pages>
  </contenus>
</analyseAlto>