<analyseAlto>
  <metad>
    <type>I</type>
    <ID>btv1b6900882g</ID>
    <titre>Papier à motif répétitif : papier peint</titre>
    <dateEdition>1805</dateEdition>
    <auteur>Jacquemart et Bénard (Manufacture). Fonction indéterminée</auteur>
    <lang>fre</lang>
    <source>Bibliothèque nationale de France</source>
    <sujet>Ornements géométriques -- Fleurs stylisées (ornement) -- Camaïeu, Peinture en -- Trompe-l_oeil (ornement) -- Quadrillage -- Effets de relief -- Motifs décoratifs</sujet>
    <descr>Appartient à l’ensemble documentaire : PaPeint18 -- Papier peint</descr>
    <format>inconnu</format>
    <couverture>inconnu</couverture>
    <largeurPx>6656</largeurPx>
    <hauteurPx>5672</hauteurPx>
    <ocr>false</ocr>
    <toc>false</toc>
    <nbPage>1</nbPage>
  </metad>
  <contenus ocr="false" toc="false">
    <largeur>281</largeur>
    <hauteur>240</hauteur>
    <largeurPx>6656</largeurPx>
    <hauteurPx>5672</hauteurPx>
    <pages>
      <page ordre="1">
        <blocIll ocr="1">1</blocIll>
        <ills>
          <ill classif="CCgoogle" couleur="coul" h="5672" hash="02855f8d0d16addf" n="1-1" taille="17" w="6656" x="1" y="1">
            <contenuImg CS="0.80" h="3643" lang="fr" source="google" w="2042" x="2892.6" y="567.2">conception</contenuImg>
            <contenuImg CS="0.64" lang="fr" source="google">modèle motif</contenuImg>
            <contenuImg CS="0.84" h="3643" lang="fr" source="google" w="2042" x="2892.6" y="567.2">ligne</contenuImg>
            <contenuImg CS="0.80" h="3643" lang="fr" source="google" w="2042" x="2892.6" y="567.2">design</contenuImg>
            <contenuImg CS="0.71" h="3643" lang="fr" source="google" w="2042" x="2892.6" y="567.2">symétrie</contenuImg>
            <contenuImg CS="0.64" lang="fr" source="google">modèle</contenuImg>
            <contenuImg CS="0.55" lang="fr" source="google">arts visuels</contenuImg>
            <contenuImg CS="2.17" coul="1" lang="fr" source="google">argent</contenuImg>
            <contenuImg CS="1.25" coul="1" lang="fr" source="google">rose</contenuImg>
            <contenuImg CS="0.71" coul="1" lang="fr" source="google">quartz</contenuImg>
            <contenuImg CS="0.60" coul="1" lang="fr" source="google">gris foncé</contenuImg>
            <contenuImg CS="0.22" coul="1" lang="fr" source="google">vert olive foncé</contenuImg>
            <contenuImg b="138" coul="1" g="143" r="143" source="colorific" type="bkg">#8f8f8a</contenuImg>
            <contenuImg b="61" coul="1" g="74" ordre="2" r="91" source="colorific" type="frg">#5b4a3d</contenuImg>
            <contenuImg b="255" coul="1" g="255" ordre="1" r="255" source="colorific" type="frg">#ffffff</contenuImg>
            <contenuImg CS="1.0" lang="en" source="md">decorative patterns</contenuImg>
            <contenuImg CS="1.0" lang="en" source="md">embossed effects</contenuImg>
            <contenuImg CS="1.0" lang="en" source="md">grid</contenuImg>
            <contenuImg CS="1.0" lang="en" source="md">trompe-l'oeil (ornament)</contenuImg>
            <contenuImg CS="1.0" lang="en" source="md">camaïeu painting</contenuImg>
            <contenuImg CS="1.0" lang="en" source="md">stylized flowers (ornament)</contenuImg>
            <contenuImg CS="1.0" lang="en" source="md">geometric ornaments</contenuImg>
            <contenuImg CS="0.22" coul="1" lang="en" source="google">darkolivegreen</contenuImg>
            <contenuImg CS="0.60" coul="1" lang="en" source="google">darkgray</contenuImg>
            <contenuImg CS="0.71" coul="1" lang="en" source="google">quartz</contenuImg>
            <contenuImg CS="1.25" coul="1" lang="en" source="google">pink</contenuImg>
            <contenuImg CS="2.17" coul="1" lang="en" source="google">silver</contenuImg>
            <contenuImg CS="0.55" lang="en" source="google">Visual arts</contenuImg>
            <contenuImg CS="0.64" lang="en" source="google">Pattern</contenuImg>
            <contenuImg CS="0.71" h="3643" lang="en" source="google" w="2042" x="2892.6" y="567.2">Symmetry</contenuImg>
            <contenuImg CS="0.80" h="3643" lang="en" source="google" w="2042" x="2892.6" y="567.2">Design</contenuImg>
            <contenuImg CS="0.84" h="3643" lang="en" source="google" w="2042" x="2892.6" y="567.2">Line</contenuImg>
            <contenuImg CS="0.95" h="3643" lang="en" source="google" w="2042" x="2892.6" y="567.2">Pattern</contenuImg>
            <tech source="final">estampe/gravure</tech>
            <fonction source="md">papier-peint</fonction>
            <fonction source="final">papier-peint</fonction>
            <tech CS="1" source="hm">estampe/gravure</tech>
            <theme CS="1" source="md">0</theme>
            <contenuImg CS="1.0" lang="fr" source="md">Ornements géométriques</contenuImg>
            <contenuImg CS="1.0" lang="fr" source="md">Fleurs stylisées (ornement)</contenuImg>
            <contenuImg CS="1.0" lang="fr" source="md">Peinture en camaïeu</contenuImg>
            <contenuImg CS="1.0" lang="fr" source="md">Trompe-l'oeil (ornement)</contenuImg>
            <contenuImg CS="1.0" lang="fr" source="md">Quadrillage</contenuImg>
            <contenuImg CS="1.0" lang="fr" source="md">Effets de relief</contenuImg>
            <contenuImg CS="1.0" lang="fr" source="md">Motifs décoratifs</contenuImg>
            <titraille>Papier à motif répétitif : papier peint</titraille>
          </ill>
        </ills>
      </page>
    </pages>
  </contenus>
</analyseAlto>