<analyseAlto>
  <metad>
    <type>I</type>
    <ID>btv1b6900363d</ID>
    <titre>Manufacture Jacquemart et Bénard. Bordure. Une bande horizontale de motifs  à l_étrusque  alternant dans des compartiments géométriques un caducée, des tritons (?) et un silène qui danse : papier peint</titre>
    <dateEdition>1799</dateEdition>
    <auteur>inconnu</auteur>
    <lang>fre</lang>
    <source>Bibliothèque nationale de France</source>
    <sujet>Silène (mythologie grecque) -- Caducée -- Motifs à l_étrusque -- Tritons (mythologie grecque) -- Motifs décoratifs -- 1789-1799</sujet>
    <descr>Appartient à l’ensemble documentaire : PaPeint18 -- Papier peint</descr>
    <format>inconnu</format>
    <couverture>inconnu</couverture>
    <largeurPx>6520</largeurPx>
    <hauteurPx>2288</hauteurPx>
    <ocr>false</ocr>
    <toc>false</toc>
    <nbPage>2</nbPage>
  </metad>
  <contenus ocr="false" toc="false">
    <largeur>276</largeur>
    <hauteur>96</hauteur>
    <largeurPx>6520</largeurPx>
    <hauteurPx>2288</hauteurPx>
    <pages>
      <page ordre="1">
        <blocIll ocr="1">1</blocIll>
        <ills>
          <ill classif="CCgoogle" couleur="coul" h="2288" hash="ff009e340c9e02ff" n="1-1" taille="6" w="6520" x="1" y="1">
            <contenuImg CS="0.62" lang="fr" source="google">modèle motif</contenuImg>
            <contenuImg CS="0.86" coul="1" h="3320" lang="fr" source="google" w="5885" x="2072" y="228.8">jaune</contenuImg>
            <contenuImg CS="0.72" h="3320" lang="fr" source="google" w="5885" x="2072" y="228.8">organisme</contenuImg>
            <contenuImg CS="0.69" h="3320" lang="fr" source="google" w="5885" x="2072" y="228.8">art</contenuImg>
            <contenuImg CS="0.69" h="3320" lang="fr" source="google" w="5885" x="2072" y="228.8">police de caractère</contenuImg>
            <contenuImg CS="0.62" lang="fr" source="google">modèle</contenuImg>
            <contenuImg CS="0.56" lang="fr" source="google">rectangle</contenuImg>
            <contenuImg CS="0.55" lang="fr" source="google">arts visuels</contenuImg>
            <contenuImg CS="0.54" lang="fr" source="google">histoire</contenuImg>
            <contenuImg CS="0.14" coul="1" lang="fr" source="google">morceaux de chocolat</contenuImg>
            <contenuImg CS="0.05" coul="1" lang="fr" source="google">laiton</contenuImg>
            <contenuImg CS="1.07" coul="1" lang="fr" source="google">vieil or</contenuImg>
            <contenuImg CS="0.61" coul="1" lang="fr" source="google">bronze</contenuImg>
            <contenuImg CS="0.51" coul="1" lang="fr" source="google">noir</contenuImg>
            <contenuImg CS="0.47" coul="1" lang="fr" source="google">beige</contenuImg>
            <contenuImg b="85" coul="1" g="170" r="194" source="colorific" type="bkg">#c2aa55</contenuImg>
            <contenuImg b="62" coul="1" g="80" ordre="3" r="91" source="colorific" type="frg">#5b503e</contenuImg>
            <contenuImg b="38" coul="1" g="42" ordre="2" r="44" source="colorific" type="frg">#2c2a26</contenuImg>
            <contenuImg b="113" coul="1" g="118" ordre="1" r="138" source="colorific" type="frg">#8a7671</contenuImg>
            <contenuImg CS="1.0" lang="en" source="md">decorative patterns - 1789-1799</contenuImg>
            <contenuImg CS="1.0" lang="en" source="md">newts (Greek mythology)</contenuImg>
            <contenuImg CS="1.0" lang="en" source="md">Etruscan patterns</contenuImg>
            <contenuImg CS="1.0" lang="en" source="md">caduceus</contenuImg>
            <contenuImg CS="1.0" lang="en" source="md">Silenus (Greek mythology)</contenuImg>
            <contenuImg CS="0.47" coul="1" lang="en" source="google">tan</contenuImg>
            <contenuImg CS="0.51" coul="1" lang="en" source="google">black</contenuImg>
            <contenuImg CS="0.61" coul="1" lang="en" source="google">bronze</contenuImg>
            <contenuImg CS="1.07" coul="1" lang="en" source="google">oldgold</contenuImg>
            <contenuImg CS="0.05" coul="1" lang="en" source="google">brass</contenuImg>
            <contenuImg CS="0.14" coul="1" lang="en" source="google">semisweetchocolate</contenuImg>
            <contenuImg CS="1.12" coul="1" lang="en" source="google">brass</contenuImg>
            <contenuImg CS="0.54" lang="en" source="google">History</contenuImg>
            <contenuImg CS="0.55" lang="en" source="google">Visual arts</contenuImg>
            <contenuImg CS="0.56" lang="en" source="google">Rectangle</contenuImg>
            <contenuImg CS="0.62" lang="en" source="google">Pattern</contenuImg>
            <contenuImg CS="0.69" h="3320" lang="en" source="google" w="5885" x="2072" y="228.8">Font</contenuImg>
            <contenuImg CS="0.69" h="3320" lang="en" source="google" w="5885" x="2072" y="228.8">Art</contenuImg>
            <contenuImg CS="0.72" h="3320" lang="en" source="google" w="5885" x="2072" y="228.8">Organism</contenuImg>
            <contenuImg CS="0.86" h="3320" lang="en" source="google" w="5885" x="2072" y="228.8">Yellow</contenuImg>
            <tech source="final">estampe/gravure</tech>
            <fonction source="md">papier-peint</fonction>
            <fonction source="final">papier-peint</fonction>
            <tech CS="1" source="hm">estampe/gravure</tech>
            <theme CS="1" source="md">0</theme>
            <contenuImg CS="1.0" lang="fr" source="md">Silène (mythologie grecque)</contenuImg>
            <contenuImg CS="1.0" lang="fr" source="md">Caducée</contenuImg>
            <contenuImg CS="1.0" lang="fr" source="md">Motifs à l'étrusque</contenuImg>
            <contenuImg CS="1.0" lang="fr" source="md">Tritons (mythologie grecque)</contenuImg>
            <contenuImg CS="1.0" lang="fr" source="md">Motifs décoratifs -- 1789-1799</contenuImg>
            <titraille>Manufacture Jacquemart et Bénard. Bordure. Une bande horizontale de motifs  à l_étrusque  alternant dans des compartiments géométriques un caducée, des tritons (?) et un silène qui danse : papier peint</titraille>
          </ill>
        </ills>
      </page>
      <page ordre="2">
        <blocIll ocr="1">1</blocIll>
        <ills>
          <ill classif="CCgoogle" couleur="coul" h="2264" hash="ff0096250d9e02ff" n="2-1" taille="6" w="6520" x="1" y="1">
            <contenuImg CS="0.52" lang="fr" source="google">jeux</contenuImg>
            <contenuImg CS="0.68" lang="fr" source="google">modèle motif</contenuImg>
            <contenuImg CS="0.62" coul="1" lang="fr" source="google">vert de mer</contenuImg>
            <contenuImg CS="0.70" coul="1" lang="fr" source="google">cyan foncé</contenuImg>
            <contenuImg CS="0.95" coul="1" h="2973" lang="fr" source="google" w="1662" x="4494" y="226.4">vert</contenuImg>
            <contenuImg CS="0.69" coul="1" h="2973" lang="fr" source="google" w="1662" x="4494" y="226.4">turquoise</contenuImg>
            <contenuImg CS="0.69" h="2973" lang="fr" source="google" w="1662" x="4494" y="226.4">police de caractère</contenuImg>
            <contenuImg CS="0.68" lang="fr" source="google">modèle</contenuImg>
            <contenuImg CS="0.58" lang="fr" source="google">art</contenuImg>
            <contenuImg CS="0.01" coul="1" lang="fr" source="google">noir</contenuImg>
            <contenuImg CS="0.40" coul="1" lang="fr" source="google">vert cuivre</contenuImg>
            <contenuImg b="158" coul="1" g="174" r="97" source="colorific" type="bkg">#61ae9e</contenuImg>
            <contenuImg b="59" coul="1" g="72" ordre="6" r="165" source="colorific" type="frg">#a5483b</contenuImg>
            <contenuImg b="45" coul="1" g="52" ordre="5" r="69" source="colorific" type="frg">#45342d</contenuImg>
            <contenuImg b="121" coul="1" g="133" ordre="4" r="103" source="colorific" type="frg">#678579</contenuImg>
            <contenuImg b="34" coul="1" g="38" ordre="3" r="36" source="colorific" type="frg">#242622</contenuImg>
            <contenuImg b="100" coul="1" g="106" ordre="2" r="122" source="colorific" type="frg">#7a6a64</contenuImg>
            <contenuImg b="68" coul="1" g="74" ordre="1" r="74" source="colorific" type="frg">#4a4a44</contenuImg>
            <contenuImg CS="1.0" lang="en" source="md">decorative patterns - 1789-1799</contenuImg>
            <contenuImg CS="1.0" lang="en" source="md">newts (Greek mythology)</contenuImg>
            <contenuImg CS="1.0" lang="en" source="md">Etruscan patterns</contenuImg>
            <contenuImg CS="1.0" lang="en" source="md">caduceus</contenuImg>
            <contenuImg CS="1.0" lang="en" source="md">Silenus (Greek mythology)</contenuImg>
            <contenuImg CS="0.40" coul="1" lang="en" source="google">greencopper</contenuImg>
            <contenuImg CS="0.62" coul="1" lang="en" source="google">seagreen</contenuImg>
            <contenuImg CS="0.70" coul="1" lang="en" source="google">darkcyan</contenuImg>
            <contenuImg CS="0.01" coul="1" lang="en" source="google">seagreen</contenuImg>
            <contenuImg CS="0.01" coul="1" lang="en" source="google">black</contenuImg>
            <contenuImg CS="0.14" coul="1" lang="en" source="google">black</contenuImg>
            <contenuImg CS="1.30" coul="1" lang="en" source="google">darkcyan</contenuImg>
            <contenuImg CS="0.52" lang="en" source="google">Games</contenuImg>
            <contenuImg CS="0.58" lang="en" source="google">Art</contenuImg>
            <contenuImg CS="0.68" lang="en" source="google">Pattern</contenuImg>
            <contenuImg CS="0.69" h="2973" lang="en" source="google" w="1662" x="4494" y="226.4">Font</contenuImg>
            <contenuImg CS="0.69" coul="1" h="2973" lang="en" source="google" w="1662" x="4494" y="226.4">Turquoise</contenuImg>
            <contenuImg CS="0.81" coul="1" h="2973" lang="en" source="google" w="1662" x="4494" y="226.4">Turquoise</contenuImg>
            <contenuImg CS="0.95" coul="1" h="2973" lang="en" source="google" w="1662" x="4494" y="226.4">Green</contenuImg>
            <tech source="final">estampe/gravure</tech>
            <fonction source="md">papier-peint</fonction>
            <fonction source="final">papier-peint</fonction>
            <tech CS="1" source="hm">estampe/gravure</tech>
            <theme CS="1" source="md">0</theme>
            <contenuImg CS="1.0" lang="fr" source="md">Silène (mythologie grecque)</contenuImg>
            <contenuImg CS="1.0" lang="fr" source="md">Caducée</contenuImg>
            <contenuImg CS="1.0" lang="fr" source="md">Motifs à l'étrusque</contenuImg>
            <contenuImg CS="1.0" lang="fr" source="md">Tritons (mythologie grecque)</contenuImg>
            <contenuImg CS="1.0" lang="fr" source="md">Motifs décoratifs -- 1789-1799</contenuImg>
            <titraille>Manufacture Jacquemart et Bénard. Bordure. Une bande horizontale de motifs  à l_étrusque  alternant dans des compartiments géométriques un caducée, des tritons (?) et un silène qui danse : papier peint</titraille>
          </ill>
        </ills>
      </page>
    </pages>
  </contenus>
</analyseAlto>