<analyseAlto>
  <metad>
    <type>I</type>
    <ID>btv1b6900095b</ID>
    <titre>Manufacture Bon. Bordure. Une bande de frise de compartiments géométriques : papier peint</titre>
    <dateEdition>1799</dateEdition>
    <auteur>inconnu</auteur>
    <lang>fre</lang>
    <source>Bibliothèque nationale de France, département Estampes et photographie, EST LI-20</source>
    <sujet>Frises -- Oiseaux -- Insectes -- Motifs à l_étrusque -- Motifs de fantaisie -- Motifs décoratifs -- 1789-1799</sujet>
    <descr>Appartient à l’ensemble documentaire : PaPeint18 -- Papier peint</descr>
    <format>inconnu</format>
    <couverture>inconnu</couverture>
    <largeurPx>5280</largeurPx>
    <hauteurPx>1296</hauteurPx>
    <ocr>false</ocr>
    <toc>false</toc>
    <caption>false</caption>
    <nbPage>1</nbPage>
  </metad>
  <contenus ocr="false" toc="false">
    <largeur>223</largeur>
    <hauteur>54</hauteur>
    <largeurPx>5280</largeurPx>
    <hauteurPx>1296</hauteurPx>
    <pages>
      <page ordre="1">
        <blocIll ocr="1">1</blocIll>
        <ills>
          <ill classif="CCgoogle" couleur="coul" h="1296" hash="ff4523aaaa23019f" n="1-1" taille="3" w="5280" x="1" y="1">
            <contenuImg CS="0.63" h="2978" lang="fr" source="google" w="2227" x="6199" y="300.6">tapis</contenuImg>
            <contenuImg CS="0.56" h="2978" lang="fr" source="google" w="2227" x="6199" y="300.6">modèle motif</contenuImg>
            <contenuImg CS="0.59" h="2978" lang="fr" source="google" w="2227" x="6199" y="300.6">table</contenuImg>
            <contenuImg CS="0.58" h="2978" lang="fr" source="google" w="2227" x="6199" y="300.6">art</contenuImg>
            <contenuImg CS="0.56" h="2978" lang="fr" source="google" w="2227" x="6199" y="300.6">modèle</contenuImg>
            <contenuImg CS="0.54" lang="fr" source="google">sol</contenuImg>
            <contenuImg CS="0.85" coul="1" lang="fr" source="google">bleu cadet</contenuImg>
            <contenuImg CS="0.24" coul="1" lang="fr" source="google">noir</contenuImg>
            <contenuImg CS="0.23" coul="1" lang="fr" source="google">morceaux de chocolat</contenuImg>
            <contenuImg CS="0.20" coul="1" lang="fr" source="google">bleu nuit</contenuImg>
            <contenuImg CS="0.15" coul="1" lang="fr" source="google">bois foncé</contenuImg>
            <contenuImg CS="0.45" coul="1" lang="fr" source="google">chocolat à pâtisser</contenuImg>
            <contenuImg CS="0.00" coul="1" lang="fr" source="google">marron</contenuImg>
            <contenuImg b="106" coul="1" g="154" ordre="6" r="169" source="colorific" type="frg">#a99a6a</contenuImg>
            <contenuImg b="180" coul="1" g="179" ordre="5" r="161" source="colorific" type="frg">#a1b3b4</contenuImg>
            <contenuImg b="0" coul="1" g="0" ordre="4" r="0" source="colorific" type="frg">#000000</contenuImg>
            <contenuImg b="29" coul="1" g="43" ordre="3" r="131" source="colorific" type="frg">#832b1d</contenuImg>
            <contenuImg b="85" coul="1" g="74" ordre="2" r="81" source="colorific" type="frg">#514a55</contenuImg>
            <contenuImg b="165" coul="1" g="142" ordre="1" r="101" source="colorific" type="frg">#658ea5</contenuImg>
            <contenuImg CS="1.0" lang="en" source="md">decorative patterns - 1789-1799</contenuImg>
            <contenuImg CS="1.0" lang="en" source="md">fantasy patterns</contenuImg>
            <contenuImg CS="1.0" lang="en" source="md">Etruscan patterns</contenuImg>
            <contenuImg CS="1.0" lang="en" source="md">insects</contenuImg>
            <contenuImg CS="1.0" lang="en" source="md">birds</contenuImg>
            <contenuImg CS="1.0" lang="en" source="md">curly</contenuImg>
            <contenuImg CS="0.00" coul="1" lang="en" source="google">brown</contenuImg>
            <contenuImg CS="0.45" coul="1" lang="en" source="google">bakerschocolate</contenuImg>
            <contenuImg CS="0.15" coul="1" lang="en" source="google">darkwood</contenuImg>
            <contenuImg CS="0.20" coul="1" lang="en" source="google">midnightblue</contenuImg>
            <contenuImg CS="0.23" coul="1" lang="en" source="google">semisweetchocolate</contenuImg>
            <contenuImg CS="0.24" coul="1" lang="en" source="google">black</contenuImg>
            <contenuImg CS="0.85" coul="1" lang="en" source="google">cadetblue</contenuImg>
            <contenuImg CS="0.54" lang="en" source="google">Flooring</contenuImg>
            <contenuImg CS="0.56" h="2978" lang="en" source="google" w="2227" x="6199" y="300.6">Pattern</contenuImg>
            <contenuImg CS="0.58" h="2978" lang="en" source="google" w="2227" x="6199" y="300.6">Art</contenuImg>
            <contenuImg CS="0.59" h="2978" lang="en" source="google" w="2227" x="6199" y="300.6">Table</contenuImg>
            <contenuImg CS="0.63" h="2978" lang="en" source="google" w="2227" x="6199" y="300.6">Carpet</contenuImg>
            <tech source="final">estampe/gravure</tech>
            <fonction source="md">papier-peint</fonction>
            <fonction source="final">papier-peint</fonction>
            <tech CS="1" source="hm">estampe/gravure</tech>
            <theme CS="1" source="md">0</theme>
            <contenuImg CS="1.0" lang="fr" source="md">Frises</contenuImg>
            <contenuImg CS="1.0" lang="fr" source="md">Oiseaux</contenuImg>
            <contenuImg CS="1.0" lang="fr" source="md">Insectes</contenuImg>
            <contenuImg CS="1.0" lang="fr" source="md">Motifs à l'étrusque</contenuImg>
            <contenuImg CS="1.0" lang="fr" source="md">Motifs de fantaisie</contenuImg>
            <contenuImg CS="1.0" lang="fr" source="md">Motifs décoratifs -- 1789-1799</contenuImg>
            <titraille>Manufacture Bon. Bordure. Une bande de frise de compartiments géométriques : papier peint</titraille>
          </ill>
        </ills>
      </page>
    </pages>
  </contenus>
</analyseAlto>