<analyseAlto>
  <metad>
    <type>I</type>
    <ID>btv1b6900924c</ID>
    <titre>Papier à motif répétitif : papier peint</titre>
    <dateEdition>1805</dateEdition>
    <auteur>Jacquemart et Bénard (Manufacture). Fonction indéterminée</auteur>
    <lang>fre</lang>
    <source>Bibliothèque nationale de France</source>
    <sujet>Ornements géométriques -- Plumes de paon -- Rosaces de fantaisie -- Trompe-l_oeil (ornement) -- Quadrillage -- Effets de relief -- Motifs décoratifs</sujet>
    <descr>Appartient à l’ensemble documentaire : PaPeint18 -- Papier peint</descr>
    <format>inconnu</format>
    <couverture>inconnu</couverture>
    <largeurPx>6696</largeurPx>
    <hauteurPx>6144</hauteurPx>
    <ocr>false</ocr>
    <toc>false</toc>
    <nbPage>1</nbPage>
  </metad>
  <contenus ocr="false" toc="false">
    <largeur>283</largeur>
    <hauteur>260</hauteur>
    <largeurPx>6696</largeurPx>
    <hauteurPx>6144</hauteurPx>
    <pages>
      <page ordre="1">
        <blocIll ocr="1">1</blocIll>
        <ills>
          <ill classif="CCgoogle" couleur="coul" h="6144" hash="9d66e68099e0e6b9" n="1-1" taille="19" w="6696" x="1" y="1">
            <contenuImg CS="0.85" lang="fr" source="google">aqua</contenuImg>
            <contenuImg CS="0.82" lang="fr" source="google">conception</contenuImg>
            <contenuImg CS="0.68" lang="fr" source="google">textile</contenuImg>
            <contenuImg CS="0.80" lang="fr" source="google">modèle motif</contenuImg>
            <contenuImg CS="0.94" coul="1" h="3918" lang="fr" source="google" w="2194" x="1951.6" y="614.4">vert</contenuImg>
            <contenuImg CS="0.91" coul="1" h="3918" lang="fr" source="google" w="2194" x="1951.6" y="614.4">turquoise</contenuImg>
            <contenuImg CS="0.91" coul="1" h="3918" lang="fr" source="google" w="2194" x="1951.6" y="614.4">bleu</contenuImg>
            <contenuImg CS="0.86" lang="fr" source="google">symétrie</contenuImg>
            <contenuImg CS="0.82" lang="fr" source="google">design</contenuImg>
            <contenuImg CS="0.80" lang="fr" source="google">modèle</contenuImg>
            <contenuImg CS="0.73" lang="fr" source="google">ligne</contenuImg>
            <contenuImg CS="2.04" coul="1" lang="fr" source="google">bois clair</contenuImg>
            <contenuImg CS="0.29" coul="1" lang="fr" source="google">gris foncé</contenuImg>
            <contenuImg CS="0.27" coul="1" lang="fr" source="google">vert foncé</contenuImg>
            <contenuImg CS="0.20" coul="1" lang="fr" source="google">gris ardoise foncé</contenuImg>
            <contenuImg CS="0.19" coul="1" lang="fr" source="google">noir</contenuImg>
            <contenuImg b="120" coul="1" g="140" r="139" source="colorific" type="bkg">#8b8c78</contenuImg>
            <contenuImg b="29" coul="1" g="36" ordre="2" r="36" source="colorific" type="frg">#24241d</contenuImg>
            <contenuImg b="63" coul="1" g="76" ordre="1" r="73" source="colorific" type="frg">#494c3f</contenuImg>
            <contenuImg CS="1.0" lang="en" source="md">decorative patterns</contenuImg>
            <contenuImg CS="1.0" lang="en" source="md">embossed effects</contenuImg>
            <contenuImg CS="1.0" lang="en" source="md">grid</contenuImg>
            <contenuImg CS="1.0" lang="en" source="md">trompe-l'oeil (ornament)</contenuImg>
            <contenuImg CS="1.0" lang="en" source="md">fancy rosettes</contenuImg>
            <contenuImg CS="1.0" lang="en" source="md">peacock feathers</contenuImg>
            <contenuImg CS="1.0" lang="en" source="md">geometric ornaments</contenuImg>
            <contenuImg CS="0.19" coul="1" lang="en" source="google">black</contenuImg>
            <contenuImg CS="0.20" coul="1" lang="en" source="google">darkslategrey</contenuImg>
            <contenuImg CS="0.27" coul="1" lang="en" source="google">darkgreen</contenuImg>
            <contenuImg CS="0.29" coul="1" lang="en" source="google">darkgray</contenuImg>
            <contenuImg CS="0.42" coul="1" lang="en" source="google">dimgrey</contenuImg>
            <contenuImg CS="1.01" coul="1" lang="en" source="google">darkgreen</contenuImg>
            <contenuImg CS="0.21" coul="1" lang="en" source="google">black</contenuImg>
            <contenuImg CS="2.04" coul="1" lang="en" source="google">lightwood</contenuImg>
            <contenuImg CS="0.68" lang="en" source="google">Textile</contenuImg>
            <contenuImg CS="0.73" lang="en" source="google">Line</contenuImg>
            <contenuImg CS="0.80" lang="en" source="google">Pattern</contenuImg>
            <contenuImg CS="0.82" lang="en" source="google">Design</contenuImg>
            <contenuImg CS="0.85" lang="en" source="google">Aqua</contenuImg>
            <contenuImg CS="0.86" lang="en" source="google">Symmetry</contenuImg>
            <contenuImg CS="0.91" coul="1" h="3918" lang="en" source="google" w="2194" x="1951.6" y="614.4">Blue</contenuImg>
            <contenuImg CS="0.91" coul="1" h="3918" lang="en" source="google" w="2194" x="1951.6" y="614.4">Turquoise</contenuImg>
            <contenuImg CS="0.94" coul="1" h="3918" lang="en" source="google" w="2194" x="1951.6" y="614.4">Green</contenuImg>
            <contenuImg CS="0.97" h="3918" lang="en" source="google" w="2194" x="1951.6" y="614.4">Pattern</contenuImg>
            <tech source="final">estampe/gravure</tech>
            <fonction source="md">papier-peint</fonction>
            <fonction source="final">papier-peint</fonction>
            <tech CS="1" source="hm">estampe/gravure</tech>
            <theme CS="1" source="md">0</theme>
            <contenuImg CS="1.0" lang="fr" source="md">Ornements géométriques</contenuImg>
            <contenuImg CS="1.0" lang="fr" source="md">Plumes de paon</contenuImg>
            <contenuImg CS="1.0" lang="fr" source="md">Rosaces de fantaisie</contenuImg>
            <contenuImg CS="1.0" lang="fr" source="md">Trompe-l'oeil (ornement)</contenuImg>
            <contenuImg CS="1.0" lang="fr" source="md">Quadrillage</contenuImg>
            <contenuImg CS="1.0" lang="fr" source="md">Effets de relief</contenuImg>
            <contenuImg CS="1.0" lang="fr" source="md">Motifs décoratifs</contenuImg>
            <titraille>Papier à motif répétitif : papier peint</titraille>
          </ill>
        </ills>
      </page>
    </pages>
  </contenus>
</analyseAlto>