<analyseAlto>
  <metad>
    <type>I</type>
    <ID>btv1b6900186q</ID>
    <titre>Manufacture Chapuy. Papier à motif répétitif. Motif répétitif alternant divers végétaux  : papier peint</titre>
    <dateEdition>1799</dateEdition>
    <auteur>inconnu</auteur>
    <lang>fre</lang>
    <source>Bibliothèque nationale de France, département Estampes et photographie, EST LI-15</source>
    <sujet>Lilas -- Végétaux de fantaisie -- Motifs décoratifs -- 1789-1799</sujet>
    <descr>Appartient à l’ensemble documentaire : PaPeint18 -- Papier peint</descr>
    <format>inconnu</format>
    <couverture>inconnu</couverture>
    <largeurPx>3408</largeurPx>
    <hauteurPx>6600</hauteurPx>
    <ocr>false</ocr>
    <toc>false</toc>
    <caption>false</caption>
    <nbPage>1</nbPage>
  </metad>
  <contenus ocr="false" toc="false">
    <largeur>144</largeur>
    <hauteur>279</hauteur>
    <largeurPx>3408</largeurPx>
    <hauteurPx>6600</hauteurPx>
    <pages>
      <page ordre="1">
        <blocIll ocr="1">1</blocIll>
        <ills>
          <ill classif="CCgoogle" couleur="coul" h="6600" hash="ede1e1c13fd90581" n="1-1" taille="10" w="3408" x="1" y="1">
            <contenuImg CS="0.75" h="2498" lang="fr" source="google" w="3320" x="340.8" y="1301">textile</contenuImg>
            <contenuImg CS="0.86" h="2498" lang="fr" source="google" w="3320" x="340.8" y="1301">botanique</contenuImg>
            <contenuImg CS="0.61" lang="fr" source="google">art floral</contenuImg>
            <contenuImg CS="0.71" lang="fr" source="google">modèle motif</contenuImg>
            <contenuImg CS="0.91" h="2498" lang="fr" source="google" w="3320" x="340.8" y="1301">fleur</contenuImg>
            <contenuImg CS="0.88" h="2498" lang="fr" source="google" w="3320" x="340.8" y="1301">plante</contenuImg>
            <contenuImg CS="0.71" lang="fr" source="google">modèle</contenuImg>
            <contenuImg CS="0.70" lang="fr" source="google">branche</contenuImg>
            <contenuImg CS="0.64" lang="fr" source="google">plante à fleurs</contenuImg>
            <contenuImg CS="0.61" lang="fr" source="google">arbuste</contenuImg>
            <contenuImg CS="0.53" lang="fr" source="google">pétale</contenuImg>
            <contenuImg CS="0.83" coul="1" lang="fr" source="google">gris</contenuImg>
            <contenuImg CS="0.49" coul="1" lang="fr" source="google">vert cuivre foncé</contenuImg>
            <contenuImg CS="0.33" coul="1" lang="fr" source="google">vert foncé</contenuImg>
            <contenuImg CS="0.31" coul="1" lang="fr" source="google">vert pâle</contenuImg>
            <contenuImg CS="0.17" coul="1" lang="fr" source="google">noir</contenuImg>
            <contenuImg b="163" coul="1" g="156" r="137" source="colorific" type="bkg">#899ca3</contenuImg>
            <contenuImg b="0" coul="1" g="0" ordre="4" r="0" source="colorific" type="frg">#000000</contenuImg>
            <contenuImg b="98" coul="1" g="110" ordre="3" r="87" source="colorific" type="frg">#576e62</contenuImg>
            <contenuImg b="95" coul="1" g="93" ordre="2" r="113" source="colorific" type="frg">#715d5f</contenuImg>
            <contenuImg b="59" coul="1" g="63" ordre="1" r="45" source="colorific" type="frg">#2d3f3b</contenuImg>
            <contenuImg CS="1.0" lang="en" source="md">decorative patterns - 1789-1799</contenuImg>
            <contenuImg CS="1.0" lang="en" source="md">fancy plants</contenuImg>
            <contenuImg CS="1.0" lang="en" source="md">lilac (plants)</contenuImg>
            <contenuImg CS="0.17" coul="1" lang="en" source="google">black</contenuImg>
            <contenuImg CS="0.31" coul="1" lang="en" source="google">palegreen</contenuImg>
            <contenuImg CS="0.33" coul="1" lang="en" source="google">darkgreen</contenuImg>
            <contenuImg CS="0.49" coul="1" lang="en" source="google">darkgreencopper</contenuImg>
            <contenuImg CS="0.83" coul="1" lang="en" source="google">gray</contenuImg>
            <contenuImg CS="0.93" coul="1" lang="en" source="google">darkgreen</contenuImg>
            <contenuImg CS="1.34" coul="1" lang="en" source="google">grey</contenuImg>
            <contenuImg CS="0.53" lang="en" source="google">Petal</contenuImg>
            <contenuImg CS="0.61" lang="en" source="google">Floral design</contenuImg>
            <contenuImg CS="0.61" lang="en" source="google">Shrub</contenuImg>
            <contenuImg CS="0.64" lang="en" source="google">Flowering plant</contenuImg>
            <contenuImg CS="0.70" lang="en" source="google">Branch</contenuImg>
            <contenuImg CS="0.71" lang="en" source="google">Pattern</contenuImg>
            <contenuImg CS="0.75" h="2498" lang="en" source="google" w="3320" x="340.8" y="1301">Textile</contenuImg>
            <contenuImg CS="0.86" h="2498" lang="en" source="google" w="3320" x="340.8" y="1301">Botany</contenuImg>
            <contenuImg CS="0.88" h="2498" lang="en" source="google" w="3320" x="340.8" y="1301">Plant</contenuImg>
            <contenuImg CS="0.91" h="2498" lang="en" source="google" w="3320" x="340.8" y="1301">Flower</contenuImg>
            <tech source="final">estampe/gravure</tech>
            <fonction source="md">papier-peint</fonction>
            <fonction source="final">papier-peint</fonction>
            <tech CS="1" source="hm">estampe/gravure</tech>
            <theme CS="1" source="md">0</theme>
            <contenuImg CS="1.0" lang="fr" source="md">Lilas</contenuImg>
            <contenuImg CS="1.0" lang="fr" source="md">Végétaux de fantaisie</contenuImg>
            <contenuImg CS="1.0" lang="fr" source="md">Motifs décoratifs -- 1789-1799</contenuImg>
            <titraille>Manufacture Chapuy. Papier à motif répétitif. Motif répétitif alternant divers végétaux  : papier peint</titraille>
          </ill>
        </ills>
      </page>
    </pages>
  </contenus>
</analyseAlto>