<analyseAlto>
  <metad>
    <type>I</type>
    <ID>btv1b6901051g</ID>
    <titre>Bordure : papier peint</titre>
    <dateEdition>1798</dateEdition>
    <auteur>inconnu</auteur>
    <lang>fre</lang>
    <source>Bibliothèque nationale de France, département Estampes et photographie, EST LI-15</source>
    <sujet>Frises -- Épis de blé -- Rosaces (architecture) -- Rayures (ornements) -- Camaïeu, Peinture en -- Rosettes (ornement) -- Grecques (ornement) -- Rangs de perles (ornement) -- Olives (ornement) -- Losanges (ornement) -- Motifs décoratifs</sujet>
    <descr>Appartient à l’ensemble documentaire : PaPeint18 -- Papier peint</descr>
    <format>inconnu</format>
    <couverture>inconnu</couverture>
    <largeurPx>6072</largeurPx>
    <hauteurPx>1752</hauteurPx>
    <ocr>false</ocr>
    <toc>false</toc>
    <caption>false</caption>
    <nbPage>1</nbPage>
  </metad>
  <contenus ocr="false" toc="false">
    <largeur>257</largeur>
    <hauteur>74</hauteur>
    <largeurPx>6072</largeurPx>
    <hauteurPx>1752</hauteurPx>
    <pages>
      <page ordre="1">
        <blocIll ocr="1">1</blocIll>
        <ills>
          <ill classif="CCgoogle" couleur="coul" h="1752" hash="5f001f058cff00ff" n="1-1" taille="4" w="6072" x="1" y="1">
            <contenuImg CS="0.85" h="2978" lang="fr" source="google" w="2973" x="4872.2" y="346.2">modèle motif</contenuImg>
            <contenuImg CS="1.26" coul="1" lang="fr" source="google">marron très foncé</contenuImg>
            <contenuImg CS="0.85" h="2978" lang="fr" source="google" w="2973" x="4872.2" y="346.2">modèle</contenuImg>
            <contenuImg CS="0.75" h="2978" lang="fr" source="google" w="2973" x="4872.2" y="346.2">police de caractère</contenuImg>
            <contenuImg CS="1.26" coul="1" lang="fr" source="google">verydarkbrown</contenuImg>
            <contenuImg CS="0.75" coul="1" lang="fr" source="google">brun foncé</contenuImg>
            <contenuImg CS="0.67" coul="1" lang="fr" source="google">bronze</contenuImg>
            <contenuImg CS="0.01" coul="1" lang="fr" source="google">chocolat à pâtisser</contenuImg>
            <contenuImg CS="0.49" coul="1" lang="fr" source="google">noir</contenuImg>
            <contenuImg CS="0.39" coul="1" lang="fr" source="google">vert foncé</contenuImg>
            <contenuImg b="0" coul="1" g="0" ordre="6" r="0" source="colorific" type="frg">#000000</contenuImg>
            <contenuImg b="32" coul="1" g="56" ordre="5" r="143" source="colorific" type="frg">#8f3820</contenuImg>
            <contenuImg b="79" coul="1" g="90" ordre="4" r="83" source="colorific" type="frg">#535a4f</contenuImg>
            <contenuImg b="82" coul="1" g="92" ordre="3" r="128" source="colorific" type="frg">#805c52</contenuImg>
            <contenuImg b="29" coul="1" g="41" ordre="2" r="58" source="colorific" type="frg">#3a291d</contenuImg>
            <contenuImg b="97" coul="1" g="129" ordre="1" r="189" source="colorific" type="frg">#bd8161</contenuImg>
            <contenuImg CS="1.0" lang="en" source="md">decorative patterns</contenuImg>
            <contenuImg CS="1.0" lang="en" source="md">rhombuses (ornament)</contenuImg>
            <contenuImg CS="1.0" lang="en" source="md">Olives (ornament)</contenuImg>
            <contenuImg CS="1.0" lang="en" source="md">rows of pearls (ornament)</contenuImg>
            <contenuImg CS="1.0" lang="en" source="md">Greek (ornament)</contenuImg>
            <contenuImg CS="1.0" lang="en" source="md">rosettes (ornament)</contenuImg>
            <contenuImg CS="1.0" lang="en" source="md">camaïeu painting</contenuImg>
            <contenuImg CS="1.0" lang="en" source="md">stripes (ornaments)</contenuImg>
            <contenuImg CS="1.0" lang="en" source="md">rosettes (architecture)</contenuImg>
            <contenuImg CS="1.0" lang="en" source="md">ears of wheat</contenuImg>
            <contenuImg CS="1.0" lang="en" source="md">curly</contenuImg>
            <contenuImg CS="0.39" coul="1" lang="en" source="google">darkgreen</contenuImg>
            <contenuImg CS="0.49" coul="1" lang="en" source="google">black</contenuImg>
            <contenuImg CS="0.01" coul="1" lang="en" source="google">bakerschocolate</contenuImg>
            <contenuImg CS="0.67" coul="1" lang="en" source="google">bronze</contenuImg>
            <contenuImg CS="0.75" coul="1" lang="en" source="google">darktan</contenuImg>
            <contenuImg CS="1.26" coul="1" lang="en" source="google">verydarkbrown</contenuImg>
            <contenuImg CS="0.75" h="2978" lang="en" source="google" w="2973" x="4872.2" y="346.2">Font</contenuImg>
            <contenuImg CS="0.85" h="2978" lang="en" source="google" w="2973" x="4872.2" y="346.2">Pattern</contenuImg>
            <tech source="final">estampe/gravure</tech>
            <fonction source="md">papier-peint</fonction>
            <fonction source="final">papier-peint</fonction>
            <tech CS="1" source="hm">estampe/gravure</tech>
            <theme CS="1" source="md">0</theme>
            <contenuImg CS="1.0" lang="fr" source="md">Frises</contenuImg>
            <contenuImg CS="1.0" lang="fr" source="md">Épis de blé</contenuImg>
            <contenuImg CS="1.0" lang="fr" source="md">Rosaces (architecture)</contenuImg>
            <contenuImg CS="1.0" lang="fr" source="md">Rayures (ornements)</contenuImg>
            <contenuImg CS="1.0" lang="fr" source="md">Peinture en camaïeu</contenuImg>
            <contenuImg CS="1.0" lang="fr" source="md">Rosettes (ornement)</contenuImg>
            <contenuImg CS="1.0" lang="fr" source="md">Grecques (ornement)</contenuImg>
            <contenuImg CS="1.0" lang="fr" source="md">Rangs de perles (ornement)</contenuImg>
            <contenuImg CS="1.0" lang="fr" source="md">Olives (ornement)</contenuImg>
            <contenuImg CS="1.0" lang="fr" source="md">Losanges (ornement)</contenuImg>
            <contenuImg CS="1.0" lang="fr" source="md">Motifs décoratifs</contenuImg>
            <titraille>Bordure : papier peint</titraille>
          </ill>
        </ills>
      </page>
    </pages>
  </contenus>
</analyseAlto>