<analyseAlto>
  <metad>
    <type>I</type>
    <ID>btv1b69011045</ID>
    <titre>Papier à motif répétitif : papier peint</titre>
    <dateEdition>1799-1800</dateEdition>
    <auteur>inconnu</auteur>
    <lang>fre</lang>
    <source>Bibliothèque nationale de France, département Estampes et photographie, EST LZ-312 (5)</source>
    <sujet>Arlequin (personnage fictif) -- Gilles (personnage fictif) -- Instruments de musique -- Théâtre -- Scène -- Trophées (ornement) -- Guirlandes (ornement) -- Fleurs stylisées (ornement) -- Motifs décoratifs</sujet>
    <descr>Appartient à l’ensemble documentaire : PaPeint18 -- Papier peint</descr>
    <format>inconnu</format>
    <couverture>inconnu</couverture>
    <largeurPx>6592</largeurPx>
    <hauteurPx>10008</hauteurPx>
    <ocr>false</ocr>
    <toc>false</toc>
    <caption>false</caption>
    <nbPage>1</nbPage>
  </metad>
  <contenus ocr="false" toc="false">
    <largeur>279</largeur>
    <hauteur>423</hauteur>
    <largeurPx>6592</largeurPx>
    <hauteurPx>10008</hauteurPx>
    <pages>
      <page ordre="1">
        <blocIll ocr="1">1</blocIll>
        <ills>
          <ill classif="CCgoogle" couleur="coul" h="10008" hash="bcd0efc104fc90f8" n="1-1" taille="30" w="6592" x="1" y="1">
            <contenuImg CS="0.62" h="4270" lang="fr" source="google" w="2394" x="796.2" y="1000.8">modèle motif</contenuImg>
            <contenuImg CS="0.69" h="4270" lang="fr" source="google" w="2394" x="796.2" y="1000.8">arbre</contenuImg>
            <contenuImg CS="0.63" h="4270" lang="fr" source="google" w="2394" x="796.2" y="1000.8">art</contenuImg>
            <contenuImg CS="0.62" h="4270" lang="fr" source="google" w="2394" x="796.2" y="1000.8">modèle</contenuImg>
            <contenuImg CS="0.60" h="4270" lang="fr" source="google" w="2394" x="796.2" y="1000.8">illustration</contenuImg>
            <contenuImg CS="0.59" lang="fr" source="google">plante</contenuImg>
            <contenuImg CS="0.60" coul="1" lang="fr" source="google">bleu cadet</contenuImg>
            <contenuImg CS="0.37" coul="1" lang="fr" source="google">gris foncé</contenuImg>
            <contenuImg CS="0.32" coul="1" lang="fr" source="google">vert pâle</contenuImg>
            <contenuImg CS="0.21" coul="1" lang="fr" source="google">vert foncé</contenuImg>
            <contenuImg CS="0.16" coul="1" lang="fr" source="google">argent</contenuImg>
            <contenuImg b="157" coul="1" g="131" r="101" source="colorific" type="bkg">#65839d</contenuImg>
            <contenuImg b="0" coul="1" g="0" ordre="6" r="0" source="colorific" type="frg">#000000</contenuImg>
            <contenuImg b="128" coul="1" g="127" ordre="5" r="141" source="colorific" type="frg">#8d7f80</contenuImg>
            <contenuImg b="70" coul="1" g="95" ordre="4" r="112" source="colorific" type="frg">#705f46</contenuImg>
            <contenuImg b="50" coul="1" g="54" ordre="3" r="47" source="colorific" type="frg">#2f3632</contenuImg>
            <contenuImg b="107" coul="1" g="111" ordre="2" r="102" source="colorific" type="frg">#666f6b</contenuImg>
            <contenuImg b="255" coul="1" g="255" ordre="1" r="255" source="colorific" type="frg">#ffffff</contenuImg>
            <contenuImg CS="1.0" lang="en" source="md">decorative patterns</contenuImg>
            <contenuImg CS="1.0" lang="en" source="md">stylized flowers (ornament)</contenuImg>
            <contenuImg CS="1.0" lang="en" source="md">garlands (ornament)</contenuImg>
            <contenuImg CS="1.0" lang="en" source="md">trophies (ornament)</contenuImg>
            <contenuImg CS="1.0" lang="en" source="md">theater - Scene</contenuImg>
            <contenuImg CS="1.0" lang="en" source="md">musical instruments</contenuImg>
            <contenuImg CS="1.0" lang="en" source="md">Gilles (fictional character)</contenuImg>
            <contenuImg CS="1.0" lang="en" source="md">Harlequin (fictional character)</contenuImg>
            <contenuImg CS="0.16" coul="1" lang="en" source="google">silver</contenuImg>
            <contenuImg CS="0.21" coul="1" lang="en" source="google">darkgreen</contenuImg>
            <contenuImg CS="0.32" coul="1" lang="en" source="google">palegreen</contenuImg>
            <contenuImg CS="0.37" coul="1" lang="en" source="google">darkgray</contenuImg>
            <contenuImg CS="0.60" coul="1" lang="en" source="google">cadetblue</contenuImg>
            <contenuImg CS="0.37" coul="1" lang="en" source="google">dimgrey</contenuImg>
            <contenuImg CS="2.07" coul="1" lang="en" source="google">cadetblue</contenuImg>
            <contenuImg CS="0.59" lang="en" source="google">Plant</contenuImg>
            <contenuImg CS="0.60" h="4270" lang="en" source="google" w="2394" x="796.2" y="1000.8">Illustration</contenuImg>
            <contenuImg CS="0.62" h="4270" lang="en" source="google" w="2394" x="796.2" y="1000.8">Pattern</contenuImg>
            <contenuImg CS="0.63" h="4270" lang="en" source="google" w="2394" x="796.2" y="1000.8">Art</contenuImg>
            <contenuImg CS="0.69" h="4270" lang="en" source="google" w="2394" x="796.2" y="1000.8">Tree</contenuImg>
            <tech source="final">estampe/gravure</tech>
            <fonction source="md">papier-peint</fonction>
            <fonction source="final">papier-peint</fonction>
            <tech CS="1" source="hm">estampe/gravure</tech>
            <theme CS="1" source="md">0</theme>
            <contenuImg CS="1.0" lang="fr" source="md">Arlequin (personnage fictif)</contenuImg>
            <contenuImg CS="1.0" lang="fr" source="md">Gilles (personnage fictif)</contenuImg>
            <contenuImg CS="1.0" lang="fr" source="md">Instruments de musique</contenuImg>
            <contenuImg CS="1.0" lang="fr" source="md">Théâtre -- Scène</contenuImg>
            <contenuImg CS="1.0" lang="fr" source="md">Trophées (ornement)</contenuImg>
            <contenuImg CS="1.0" lang="fr" source="md">Guirlandes (ornement)</contenuImg>
            <contenuImg CS="1.0" lang="fr" source="md">Fleurs stylisées (ornement)</contenuImg>
            <contenuImg CS="1.0" lang="fr" source="md">Motifs décoratifs</contenuImg>
            <titraille>Papier à motif répétitif : papier peint</titraille>
          </ill>
        </ills>
      </page>
    </pages>
  </contenus>
</analyseAlto>