<analyseAlto>
  <metad>
    <type>I</type>
    <ID>btv1b69014061</ID>
    <titre>Bordure : papier peint</titre>
    <dateEdition>1799</dateEdition>
    <auteur>inconnu</auteur>
    <lang>fre</lang>
    <source>Bibliothèque nationale de France</source>
    <sujet>Frises -- Volutes -- Rubans (tissus) -- Culots (architecture) -- Palmettes (ornement) -- Fuseaux (ornement) -- Motifs de fantaisie -- Dentelures (ornement) -- Végétaux stylisés -- Effets de relief -- Motifs décoratifs</sujet>
    <descr>Appartient à l’ensemble documentaire : PaPeint18 -- Papier peint</descr>
    <format>inconnu</format>
    <couverture>inconnu</couverture>
    <largeurPx>6848</largeurPx>
    <hauteurPx>3600</hauteurPx>
    <ocr>false</ocr>
    <toc>false</toc>
    <nbPage>1</nbPage>
  </metad>
  <contenus ocr="false" toc="false">
    <largeur>289</largeur>
    <hauteur>152</hauteur>
    <largeurPx>6848</largeurPx>
    <hauteurPx>3600</hauteurPx>
    <pages>
      <page ordre="1">
        <blocIll ocr="1">1</blocIll>
        <ills>
          <ill classif="CCgoogle" couleur="coul" h="3600" hash="000131337bb3b6ff" n="1-1" taille="11" w="6848" x="1" y="1">
            <contenuImg CS="0.76" lang="fr" source="google">conception</contenuImg>
            <contenuImg CS="0.71" lang="fr" source="google">motif</contenuImg>
            <contenuImg CS="0.59" lang="fr" source="google">ornement</contenuImg>
            <contenuImg CS="0.89" h="2242" lang="fr" source="google" w="1681" x="1966.8" y="360">modèle motif</contenuImg>
            <contenuImg CS="0.93" coul="1" h="2242" lang="fr" source="google" w="1681" x="1966.8" y="360">bleu</contenuImg>
            <contenuImg CS="0.89" h="2242" lang="fr" source="google" w="1681" x="1966.8" y="360">modèle</contenuImg>
            <contenuImg CS="0.88" coul="1" h="2242" lang="fr" source="google" w="1681" x="1966.8" y="360">turquoise</contenuImg>
            <contenuImg CS="0.84" h="2242" lang="fr" source="google" w="1681" x="1966.8" y="360">arts visuels</contenuImg>
            <contenuImg CS="0.76" lang="fr" source="google">design</contenuImg>
            <contenuImg CS="0.69" lang="fr" source="google">art</contenuImg>
            <contenuImg CS="0.65" lang="fr" source="google">architecture</contenuImg>
            <contenuImg CS="0.55" lang="fr" source="google">sculpture</contenuImg>
            <contenuImg CS="0.29" coul="1" lang="fr" source="google">vert foncé</contenuImg>
            <contenuImg CS="0.12" coul="1" lang="fr" source="google">cuivre</contenuImg>
            <contenuImg CS="0.34" coul="1" lang="fr" source="google">bleu nuit</contenuImg>
            <contenuImg CS="0.30" coul="1" lang="fr" source="google">bois foncé</contenuImg>
            <contenuImg b="56" coul="1" g="54" ordre="6" r="61" source="colorific" type="frg">#3d3638</contenuImg>
            <contenuImg b="75" coul="1" g="88" ordre="5" r="135" source="colorific" type="frg">#87584b</contenuImg>
            <contenuImg b="52" coul="1" g="79" ordre="4" r="96" source="colorific" type="frg">#604f34</contenuImg>
            <contenuImg b="51" coul="1" g="88" ordre="3" r="162" source="colorific" type="frg">#a25833</contenuImg>
            <contenuImg b="0" coul="1" g="0" ordre="2" r="0" source="colorific" type="frg">#000000</contenuImg>
            <contenuImg b="83" coul="1" g="58" ordre="1" r="32" source="colorific" type="frg">#203a53</contenuImg>
            <contenuImg CS="1.0" lang="en" source="md">decorative patterns</contenuImg>
            <contenuImg CS="1.0" lang="en" source="md">embossed effects</contenuImg>
            <contenuImg CS="1.0" lang="en" source="md">stylized plants</contenuImg>
            <contenuImg CS="1.0" lang="en" source="md">dentures (ornament)</contenuImg>
            <contenuImg CS="1.0" lang="en" source="md">fantasy patterns</contenuImg>
            <contenuImg CS="1.0" lang="en" source="md">spindles (ornament)</contenuImg>
            <contenuImg CS="1.0" lang="en" source="md">palmettes (ornament)</contenuImg>
            <contenuImg CS="1.0" lang="en" source="md">culots (architecture)</contenuImg>
            <contenuImg CS="1.0" lang="en" source="md">ribbons (fabrics)</contenuImg>
            <contenuImg CS="1.0" lang="en" source="md">swirls</contenuImg>
            <contenuImg CS="1.0" lang="en" source="md">curly</contenuImg>
            <contenuImg CS="0.30" coul="1" lang="en" source="google">darkwood</contenuImg>
            <contenuImg CS="0.34" coul="1" lang="en" source="google">midnightblue</contenuImg>
            <contenuImg CS="0.12" coul="1" lang="en" source="google">copper</contenuImg>
            <contenuImg CS="0.29" coul="1" lang="en" source="google">darkgreen</contenuImg>
            <contenuImg CS="0.49" coul="1" lang="en" source="google">midnightblue</contenuImg>
            <contenuImg CS="0.57" coul="1" lang="en" source="google">copper</contenuImg>
            <contenuImg CS="0.55" lang="en" source="google">Carving</contenuImg>
            <contenuImg CS="0.59" lang="en" source="google">Ornament</contenuImg>
            <contenuImg CS="0.65" lang="en" source="google">Architecture</contenuImg>
            <contenuImg CS="0.69" lang="en" source="google">Art</contenuImg>
            <contenuImg CS="0.71" lang="en" source="google">Motif</contenuImg>
            <contenuImg CS="0.76" lang="en" source="google">Design</contenuImg>
            <contenuImg CS="0.84" h="2242" lang="en" source="google" w="1681" x="1966.8" y="360">Visual arts</contenuImg>
            <contenuImg CS="0.88" coul="1" h="2242" lang="en" source="google" w="1681" x="1966.8" y="360">Turquoise</contenuImg>
            <contenuImg CS="0.89" h="2242" lang="en" source="google" w="1681" x="1966.8" y="360">Pattern</contenuImg>
            <contenuImg CS="0.93" coul="1" h="2242" lang="en" source="google" w="1681" x="1966.8" y="360">Blue</contenuImg>
            <tech source="final">estampe/gravure</tech>
            <fonction source="md">papier-peint</fonction>
            <fonction source="final">papier-peint</fonction>
            <tech CS="1" source="hm">estampe/gravure</tech>
            <theme CS="1" source="md">0</theme>
            <contenuImg CS="1.0" lang="fr" source="md">Frises</contenuImg>
            <contenuImg CS="1.0" lang="fr" source="md">Volutes</contenuImg>
            <contenuImg CS="1.0" lang="fr" source="md">Rubans (tissus)</contenuImg>
            <contenuImg CS="1.0" lang="fr" source="md">Culots (architecture)</contenuImg>
            <contenuImg CS="1.0" lang="fr" source="md">Palmettes (ornement)</contenuImg>
            <contenuImg CS="1.0" lang="fr" source="md">Fuseaux (ornement)</contenuImg>
            <contenuImg CS="1.0" lang="fr" source="md">Motifs de fantaisie</contenuImg>
            <contenuImg CS="1.0" lang="fr" source="md">Dentelures (ornement)</contenuImg>
            <contenuImg CS="1.0" lang="fr" source="md">Végétaux stylisés</contenuImg>
            <contenuImg CS="1.0" lang="fr" source="md">Effets de relief</contenuImg>
            <contenuImg CS="1.0" lang="fr" source="md">Motifs décoratifs</contenuImg>
            <titraille>Bordure : papier peint</titraille>
          </ill>
        </ills>
      </page>
    </pages>
  </contenus>
</analyseAlto>