<analyseAlto>
  <metad>
    <type>I</type>
    <ID>btv1b69004823</ID>
    <titre>Manufacture Jacquemart et Bénard. Bordure. Deux bandes de frise centrale de croissants et losanges : papier peint</titre>
    <dateEdition>1799</dateEdition>
    <auteur>inconnu</auteur>
    <lang>fre</lang>
    <source>Bibliothèque nationale de France</source>
    <sujet>Frises -- Ornements géométriques -- Croissants -- Losanges (ornement) -- Motifs décoratifs -- 1789-1799</sujet>
    <descr>Appartient à l’ensemble documentaire : PaPeint18 -- Papier peint</descr>
    <format>inconnu</format>
    <couverture>inconnu</couverture>
    <largeurPx>5232</largeurPx>
    <hauteurPx>4568</hauteurPx>
    <ocr>false</ocr>
    <toc>false</toc>
    <nbPage>1</nbPage>
  </metad>
  <contenus ocr="false" toc="false">
    <largeur>221</largeur>
    <hauteur>193</hauteur>
    <largeurPx>5232</largeurPx>
    <hauteurPx>4568</hauteurPx>
    <pages>
      <page ordre="1">
        <blocIll ocr="1">1</blocIll>
        <ills>
          <ill classif="CCgoogle" couleur="coul" h="4568" hash="f552ff0000ff4a87" n="1-1" taille="11" w="5232" x="1" y="1">
            <contenuImg CS="0.74" h="3728" lang="fr" source="google" w="2797" x="1164.2" y="456.8">conception</contenuImg>
            <contenuImg CS="0.88" h="3728" lang="fr" source="google" w="2797" x="1164.2" y="456.8">modèle motif</contenuImg>
            <contenuImg CS="0.10" coul="1" lang="fr" source="google">bleu acier</contenuImg>
            <contenuImg CS="0.88" h="3728" lang="fr" source="google" w="2797" x="1164.2" y="456.8">modèle</contenuImg>
            <contenuImg CS="0.74" h="3728" lang="fr" source="google" w="2797" x="1164.2" y="456.8">design</contenuImg>
            <contenuImg CS="0.02" coul="1" lang="fr" source="google">noir</contenuImg>
            <contenuImg CS="0.44" coul="1" lang="fr" source="google">chocolat à pâtisser</contenuImg>
            <contenuImg CS="0.31" coul="1" lang="fr" source="google">laiton</contenuImg>
            <contenuImg b="61" coul="1" g="87" ordre="6" r="91" source="colorific" type="frg">#5b573d</contenuImg>
            <contenuImg b="255" coul="1" g="255" ordre="5" r="255" source="colorific" type="frg">#ffffff</contenuImg>
            <contenuImg b="142" coul="1" g="106" ordre="4" r="62" source="colorific" type="frg">#3e6a8e</contenuImg>
            <contenuImg b="77" coul="1" g="149" ordre="3" r="162" source="colorific" type="frg">#a2954d</contenuImg>
            <contenuImg b="0" coul="1" g="0" ordre="2" r="0" source="colorific" type="frg">#000000</contenuImg>
            <contenuImg b="19" coul="1" g="35" ordre="1" r="52" source="colorific" type="frg">#342313</contenuImg>
            <contenuImg CS="1.0" lang="en" source="md">decorative patterns - 1789-1799</contenuImg>
            <contenuImg CS="1.0" lang="en" source="md">rhombuses (ornament)</contenuImg>
            <contenuImg CS="1.0" lang="en" source="md">croissants</contenuImg>
            <contenuImg CS="1.0" lang="en" source="md">geometric ornaments</contenuImg>
            <contenuImg CS="1.0" lang="en" source="md">curly</contenuImg>
            <contenuImg CS="0.31" coul="1" lang="en" source="google">brass</contenuImg>
            <contenuImg CS="0.44" coul="1" lang="en" source="google">bakerschocolate</contenuImg>
            <contenuImg CS="0.02" coul="1" lang="en" source="google">black</contenuImg>
            <contenuImg CS="0.03" coul="1" lang="en" source="google">bakerschocolate</contenuImg>
            <contenuImg CS="0.10" coul="1" lang="en" source="google">steelblue</contenuImg>
            <contenuImg CS="0.12" coul="1" lang="en" source="google">brass</contenuImg>
            <contenuImg CS="3.21" coul="1" lang="en" source="google">bakerschocolate</contenuImg>
            <contenuImg CS="0.74" h="3728" lang="en" source="google" w="2797" x="1164.2" y="456.8">Design</contenuImg>
            <contenuImg CS="0.88" h="3728" lang="en" source="google" w="2797" x="1164.2" y="456.8">Pattern</contenuImg>
            <tech source="final">estampe/gravure</tech>
            <fonction source="md">papier-peint</fonction>
            <fonction source="final">papier-peint</fonction>
            <tech CS="1" source="hm">estampe/gravure</tech>
            <theme CS="1" source="md">0</theme>
            <contenuImg CS="1.0" lang="fr" source="md">Frises</contenuImg>
            <contenuImg CS="1.0" lang="fr" source="md">Ornements géométriques</contenuImg>
            <contenuImg CS="1.0" lang="fr" source="md">Croissants</contenuImg>
            <contenuImg CS="1.0" lang="fr" source="md">Losanges (ornement)</contenuImg>
            <contenuImg CS="1.0" lang="fr" source="md">Motifs décoratifs -- 1789-1799</contenuImg>
            <titraille>Manufacture Jacquemart et Bénard. Bordure. Deux bandes de frise centrale de croissants et losanges : papier peint</titraille>
          </ill>
        </ills>
      </page>
    </pages>
  </contenus>
</analyseAlto>