<analyseAlto>
  <metad>
    <type>I</type>
    <ID>btv1b6901155g</ID>
    <titre>Manufacture Hartmann Risler et Cie. Dessus de porte. Groupe d_objet à l'antique : papier peint</titre>
    <dateEdition>1800</dateEdition>
    <auteur>inconnu</auteur>
    <lang>fre</lang>
    <source>Bibliothèque nationale de France, département Estampes et photographie, Lz-313 (32)-Tableau</source>
    <sujet>Vases -- Bustes (sculpture) -- Statues -- Fleurs -- Exotisme -- Camaïeu, Peinture en -- Objets à l_antique (ornement) -- Consoles (meubles) -- Motifs décoratifs -- 1800-1869</sujet>
    <descr>Appartient à l’ensemble documentaire : PaPeint18 -- Papier peint</descr>
    <format>inconnu</format>
    <couverture>inconnu</couverture>
    <largeurPx>14824</largeurPx>
    <hauteurPx>9400</hauteurPx>
    <ocr>false</ocr>
    <toc>false</toc>
    <caption>false</caption>
    <nbPage>1</nbPage>
  </metad>
  <contenus ocr="false" toc="false">
    <largeur>627</largeur>
    <hauteur>397</hauteur>
    <largeurPx>14824</largeurPx>
    <hauteurPx>9400</hauteurPx>
    <pages>
      <page ordre="1">
        <blocIll ocr="1">1</blocIll>
        <ills>
          <ill classif="CCgoogle" couleur="coul" h="9400" hash="ffe7e7f781808080" n="1-1" taille="64" w="14824" x="1" y="1">
            <contenuImg CS="0.88" h="2707" lang="fr" source="google" w="2033" x="2764.4" y="940">sculpture</contenuImg>
            <contenuImg CS="0.88" h="2707" lang="fr" source="google" w="2033" x="2764.4" y="940">statue</contenuImg>
            <contenuImg CS="0.88" h="2707" lang="fr" source="google" w="2033" x="2764.4" y="940">point de repère</contenuImg>
            <contenuImg CS="0.82" h="2707" lang="fr" source="google" w="2033" x="2764.4" y="940">art</contenuImg>
            <contenuImg CS="0.73" lang="fr" source="google">architecture</contenuImg>
            <contenuImg CS="0.69" lang="fr" source="google">arbre</contenuImg>
            <contenuImg CS="0.67" lang="fr" source="google">sculpture sur pierre</contenuImg>
            <contenuImg CS="0.63" lang="fr" source="google">mythologie</contenuImg>
            <contenuImg CS="0.59" lang="fr" source="google">plante</contenuImg>
            <contenuImg CS="0.54" lang="fr" source="google">monument</contenuImg>
            <contenuImg CS="1.15" coul="1" lang="fr" source="google">noir</contenuImg>
            <contenuImg CS="0.17" coul="1" lang="fr" source="google">vert foncé</contenuImg>
            <contenuImg CS="0.11" coul="1" lang="fr" source="google">bleu nuit</contenuImg>
            <contenuImg b="181" coul="1" g="161" r="130" source="colorific" type="bkg">#82a1b5</contenuImg>
            <contenuImg b="0" coul="1" g="0" ordre="4" r="0" source="colorific" type="frg">#000000</contenuImg>
            <contenuImg b="21" coul="1" g="30" ordre="3" r="12" source="colorific" type="frg">#0c1e15</contenuImg>
            <contenuImg b="50" coul="1" g="62" ordre="2" r="57" source="colorific" type="frg">#393e32</contenuImg>
            <contenuImg b="59" coul="1" g="56" ordre="1" r="36" source="colorific" type="frg">#24383b</contenuImg>
            <contenuImg CS="1.0" lang="en" source="md">decorative patterns - 1800-1869</contenuImg>
            <contenuImg CS="1.0" lang="en" source="md">consoles (furniture)</contenuImg>
            <contenuImg CS="1.0" lang="en" source="md">objects in the antique (ornament)</contenuImg>
            <contenuImg CS="1.0" lang="en" source="md">camaïeu painting</contenuImg>
            <contenuImg CS="1.0" lang="en" source="md">exoticism</contenuImg>
            <contenuImg CS="1.0" lang="en" source="md">flowers</contenuImg>
            <contenuImg CS="1.0" lang="en" source="md">statues</contenuImg>
            <contenuImg CS="1.0" lang="en" source="md">busts (sculpture)</contenuImg>
            <contenuImg CS="1.0" lang="en" source="md">vases</contenuImg>
            <contenuImg CS="0.11" coul="1" lang="en" source="google">midnightblue</contenuImg>
            <contenuImg CS="0.17" coul="1" lang="en" source="google">darkgreen</contenuImg>
            <contenuImg CS="0.17" coul="1" lang="en" source="google">darkgreen</contenuImg>
            <contenuImg CS="0.39" coul="1" lang="en" source="google">darkgreen</contenuImg>
            <contenuImg CS="1.15" coul="1" lang="en" source="google">black</contenuImg>
            <contenuImg CS="2.69" coul="1" lang="en" source="google">darkgreen</contenuImg>
            <contenuImg CS="0.54" lang="en" source="google">Monument</contenuImg>
            <contenuImg CS="0.59" lang="en" source="google">Plant</contenuImg>
            <contenuImg CS="0.63" lang="en" source="google">Mythology</contenuImg>
            <contenuImg CS="0.67" lang="en" source="google">Stone carving</contenuImg>
            <contenuImg CS="0.69" lang="en" source="google">Tree</contenuImg>
            <contenuImg CS="0.73" lang="en" source="google">Architecture</contenuImg>
            <contenuImg CS="0.82" h="2707" lang="en" source="google" w="2033" x="2764.4" y="940">Art</contenuImg>
            <contenuImg CS="0.88" h="2707" lang="en" source="google" w="2033" x="2764.4" y="940">Landmark</contenuImg>
            <contenuImg CS="0.88" h="2707" lang="en" source="google" w="2033" x="2764.4" y="940">Statue</contenuImg>
            <contenuImg CS="0.88" h="2707" lang="en" source="google" w="2033" x="2764.4" y="940">Sculpture</contenuImg>
            <tech source="final">estampe/gravure</tech>
            <fonction source="md">papier-peint</fonction>
            <fonction source="final">papier-peint</fonction>
            <tech CS="1" source="hm">estampe/gravure</tech>
            <theme CS="1" source="md">0</theme>
            <contenuImg CS="1.0" lang="fr" source="md">Vases</contenuImg>
            <contenuImg CS="1.0" lang="fr" source="md">Bustes (sculpture)</contenuImg>
            <contenuImg CS="1.0" lang="fr" source="md">Statues</contenuImg>
            <contenuImg CS="1.0" lang="fr" source="md">Fleurs</contenuImg>
            <contenuImg CS="1.0" lang="fr" source="md">Exotisme</contenuImg>
            <contenuImg CS="1.0" lang="fr" source="md">Peinture en camaïeu</contenuImg>
            <contenuImg CS="1.0" lang="fr" source="md">Objets à l'antique (ornement)</contenuImg>
            <contenuImg CS="1.0" lang="fr" source="md">Consoles (meubles)</contenuImg>
            <contenuImg CS="1.0" lang="fr" source="md">Motifs décoratifs -- 1800-1869</contenuImg>
            <titraille>Manufacture Hartmann Risler et Cie. Dessus de porte. Groupe d_objet à l'antique : papier peint</titraille>
          </ill>
        </ills>
      </page>
    </pages>
  </contenus>
</analyseAlto>