<analyseAlto>
  <metad>
    <type>I</type>
    <ID>btv1b6901421q</ID>
    <titre>Bordure : papier peint</titre>
    <dateEdition>1799</dateEdition>
    <auteur>inconnu</auteur>
    <lang>fre</lang>
    <source>Bibliothèque nationale de France</source>
    <sujet>Frises -- Palmettes (ornement) -- Arceaux -- Fleurons (ornement) -- Décoration et ornement architecturaux -- Motifs décoratifs</sujet>
    <descr>Appartient à l’ensemble documentaire : PaPeint18 -- Papier peint</descr>
    <format>inconnu</format>
    <couverture>inconnu</couverture>
    <largeurPx>8400</largeurPx>
    <hauteurPx>6880</hauteurPx>
    <ocr>false</ocr>
    <toc>false</toc>
    <nbPage>1</nbPage>
  </metad>
  <contenus ocr="false" toc="false">
    <largeur>355</largeur>
    <hauteur>291</hauteur>
    <largeurPx>8400</largeurPx>
    <hauteurPx>6880</hauteurPx>
    <pages>
      <page ordre="1">
        <blocIll ocr="1">1</blocIll>
        <ills>
          <ill classif="CCgoogle" couleur="coul" h="6880" hash="10ff00ff00bf00ff" n="1-1" taille="26" w="8400" x="1" y="1">
            <contenuImg CS="0.76" h="3496" lang="fr" source="google" w="1957" x="3153" y="688">conception</contenuImg>
            <contenuImg CS="0.94" h="3496" lang="fr" source="google" w="1957" x="3153" y="688">modèle motif</contenuImg>
            <contenuImg CS="0.94" coul="1" h="3496" lang="fr" source="google" w="1957" x="3153" y="688">vert</contenuImg>
            <contenuImg CS="0.94" h="3496" lang="fr" source="google" w="1957" x="3153" y="688">modèle</contenuImg>
            <contenuImg CS="0.76" h="3496" lang="fr" source="google" w="1957" x="3153" y="688">design</contenuImg>
            <contenuImg CS="0.64" h="3496" lang="fr" source="google" w="1957" x="3153" y="688">symétrie</contenuImg>
            <contenuImg CS="0.44" coul="1" lang="fr" source="google">vert foncé</contenuImg>
            <contenuImg CS="0.42" coul="1" lang="fr" source="google">gris foncé</contenuImg>
            <contenuImg CS="0.40" coul="1" lang="fr" source="google">noir</contenuImg>
            <contenuImg CS="0.39" coul="1" lang="fr" source="google">gris ardoise foncé</contenuImg>
            <contenuImg CS="0.28" coul="1" lang="fr" source="google">vert cuivre foncé</contenuImg>
            <contenuImg b="32" coul="1" g="44" r="36" source="colorific" type="bkg">#242c20</contenuImg>
            <contenuImg b="105" coul="1" g="82" ordre="4" r="61" source="colorific" type="frg">#3d5269</contenuImg>
            <contenuImg b="255" coul="1" g="255" ordre="3" r="255" source="colorific" type="frg">#ffffff</contenuImg>
            <contenuImg b="170" coul="1" g="176" ordre="2" r="169" source="colorific" type="frg">#a9b0aa</contenuImg>
            <contenuImg b="82" coul="1" g="84" ordre="1" r="57" source="colorific" type="frg">#395452</contenuImg>
            <contenuImg CS="1.0" lang="en" source="md">decorative patterns</contenuImg>
            <contenuImg CS="1.0" lang="en" source="md">architectural decoration and ornament</contenuImg>
            <contenuImg CS="1.0" lang="en" source="md">flowerets (ornament)</contenuImg>
            <contenuImg CS="1.0" lang="en" source="md">hoops</contenuImg>
            <contenuImg CS="1.0" lang="en" source="md">palmettes (ornament)</contenuImg>
            <contenuImg CS="1.0" lang="en" source="md">curly</contenuImg>
            <contenuImg CS="0.28" coul="1" lang="en" source="google">darkgreencopper</contenuImg>
            <contenuImg CS="0.39" coul="1" lang="en" source="google">darkslategrey</contenuImg>
            <contenuImg CS="0.40" coul="1" lang="en" source="google">black</contenuImg>
            <contenuImg CS="0.42" coul="1" lang="en" source="google">darkgray</contenuImg>
            <contenuImg CS="0.44" coul="1" lang="en" source="google">darkgreen</contenuImg>
            <contenuImg CS="0.51" coul="1" lang="en" source="google">darkgray</contenuImg>
            <contenuImg CS="0.56" coul="1" lang="en" source="google">dimgrey</contenuImg>
            <contenuImg CS="0.98" coul="1" lang="en" source="google">darkgreen</contenuImg>
            <contenuImg CS="0.64" h="3496" lang="en" source="google" w="1957" x="3153" y="688">Symmetry</contenuImg>
            <contenuImg CS="0.76" h="3496" lang="en" source="google" w="1957" x="3153" y="688">Design</contenuImg>
            <contenuImg CS="0.94" h="3496" lang="en" source="google" w="1957" x="3153" y="688">Pattern</contenuImg>
            <contenuImg CS="0.94" coul="1" h="3496" lang="en" source="google" w="1957" x="3153" y="688">Green</contenuImg>
            <tech source="final">estampe/gravure</tech>
            <fonction source="md">papier-peint</fonction>
            <fonction source="final">papier-peint</fonction>
            <tech CS="1" source="hm">estampe/gravure</tech>
            <theme CS="1" source="md">0</theme>
            <contenuImg CS="1.0" lang="fr" source="md">Frises</contenuImg>
            <contenuImg CS="1.0" lang="fr" source="md">Palmettes (ornement)</contenuImg>
            <contenuImg CS="1.0" lang="fr" source="md">Arceaux</contenuImg>
            <contenuImg CS="1.0" lang="fr" source="md">Fleurons (ornement)</contenuImg>
            <contenuImg CS="1.0" lang="fr" source="md">Décoration et ornement architecturaux</contenuImg>
            <contenuImg CS="1.0" lang="fr" source="md">Motifs décoratifs</contenuImg>
            <titraille>Bordure : papier peint</titraille>
          </ill>
        </ills>
      </page>
    </pages>
  </contenus>
</analyseAlto>