<analyseAlto>
  <metad>
    <type>I</type>
    <ID>btv1b6900016q</ID>
    <titre>Manufacture Boissier. Dessus de porte. Scène campagnarde : papier peint</titre>
    <dateEdition>1801</dateEdition>
    <auteur>inconnu</auteur>
    <lang>fre</lang>
    <source>Bibliothèque nationale de France, département Estampes et photographie, EST LZ-312 (7)</source>
    <sujet>Famille -- Personnages -- Dans l_art -- Enfants -- Femmes -- Animaux -- Chèvres -- Scènes de genre -- 1800-1869 -- Motifs décoratifs -- 1800-1869</sujet>
    <descr>Appartient à l’ensemble documentaire : PaPeint18 -- Papier peint</descr>
    <format>inconnu</format>
    <couverture>inconnu</couverture>
    <largeurPx>9200</largeurPx>
    <hauteurPx>6744</hauteurPx>
    <ocr>false</ocr>
    <toc>false</toc>
    <caption>false</caption>
    <nbPage>1</nbPage>
  </metad>
  <contenus ocr="false" toc="false">
    <largeur>389</largeur>
    <hauteur>285</hauteur>
    <largeurPx>9200</largeurPx>
    <hauteurPx>6744</hauteurPx>
    <pages>
      <page ordre="1">
        <blocIll ocr="1">1</blocIll>
        <ills>
          <ill classif="CCgoogle" couleur="coul" h="6744" hash="0000001cffffffc7" n="1-1" taille="28" w="9200" x="1" y="1">
            <contenuImg CS="0.53" lang="fr" source="google">faon</contenuImg>
            <contenuImg CS="0.51" lang="fr" source="google">drame</contenuImg>
            <contenuImg CS="0.63" h="3125" lang="fr" source="google" w="1752" x="2202" y="674.4">événement</contenuImg>
            <contenuImg CS="0.58" h="3125" lang="fr" source="google" w="1752" x="2202" y="674.4">art</contenuImg>
            <contenuImg CS="0.54" h="3125" lang="fr" source="google" w="1752" x="2202" y="674.4">spectacle vivant</contenuImg>
            <contenuImg CS="0.53" h="3125" lang="fr" source="google" w="1752" x="2202" y="674.4">peinture</contenuImg>
            <contenuImg CS="0.55" coul="1" lang="fr" source="google">cuivre</contenuImg>
            <contenuImg CS="0.46" coul="1" lang="fr" source="google">bronze</contenuImg>
            <contenuImg CS="0.35" coul="1" lang="fr" source="google">vert foncé</contenuImg>
            <contenuImg CS="0.13" coul="1" lang="fr" source="google">marron</contenuImg>
            <contenuImg CS="0.35" coul="1" lang="fr" source="google">chocolat à pâtisser</contenuImg>
            <contenuImg CS="0.32" coul="1" lang="fr" source="google">saumon</contenuImg>
            <contenuImg CS="0.29" coul="1" lang="fr" source="google">vert cuivre foncé</contenuImg>
            <contenuImg b="16" coul="1" g="31" r="23" source="colorific" type="bkg">#171f10</contenuImg>
            <contenuImg b="39" coul="1" g="73" ordre="6" r="162" source="colorific" type="frg">#a24927</contenuImg>
            <contenuImg b="44" coul="1" g="68" ordre="5" r="117" source="colorific" type="frg">#75442c</contenuImg>
            <contenuImg b="58" coul="1" g="90" ordre="4" r="110" source="colorific" type="frg">#6e5a3a</contenuImg>
            <contenuImg b="34" coul="1" g="52" ordre="3" r="57" source="colorific" type="frg">#393422</contenuImg>
            <contenuImg b="123" coul="1" g="129" ordre="2" r="126" source="colorific" type="frg">#7e817b</contenuImg>
            <contenuImg b="76" coul="1" g="87" ordre="1" r="61" source="colorific" type="frg">#3d574c</contenuImg>
            <contenuImg CS="1.0" lang="en" source="md">decorative patterns - 1800-1869</contenuImg>
            <contenuImg CS="1.0" lang="en" source="md">genre scenes - 1800-1869</contenuImg>
            <contenuImg CS="1.0" lang="en" source="md">goats</contenuImg>
            <contenuImg CS="1.0" lang="en" source="md">animals</contenuImg>
            <contenuImg CS="1.0" lang="en" source="md">women</contenuImg>
            <contenuImg CS="1.0" lang="en" source="md">children</contenuImg>
            <contenuImg CS="1.0" lang="en" source="md">characters - in art</contenuImg>
            <contenuImg CS="1.0" lang="en" source="md">family</contenuImg>
            <contenuImg CS="0.29" coul="1" lang="en" source="google">darkgreencopper</contenuImg>
            <contenuImg CS="0.32" coul="1" lang="en" source="google">salmon</contenuImg>
            <contenuImg CS="0.35" coul="1" lang="en" source="google">bakerschocolate</contenuImg>
            <contenuImg CS="0.13" coul="1" lang="en" source="google">brown</contenuImg>
            <contenuImg CS="0.35" coul="1" lang="en" source="google">darkgreen</contenuImg>
            <contenuImg CS="0.46" coul="1" lang="en" source="google">bronze</contenuImg>
            <contenuImg CS="0.55" coul="1" lang="en" source="google">copper</contenuImg>
            <contenuImg CS="0.51" lang="en" source="google">Drama</contenuImg>
            <contenuImg CS="0.53" lang="en" source="google">Fawn</contenuImg>
            <contenuImg CS="0.53" h="3125" lang="en" source="google" w="1752" x="2202" y="674.4">Painting</contenuImg>
            <contenuImg CS="0.54" h="3125" lang="en" source="google" w="1752" x="2202" y="674.4">Performing arts</contenuImg>
            <contenuImg CS="0.58" h="3125" lang="en" source="google" w="1752" x="2202" y="674.4">Art</contenuImg>
            <contenuImg CS="0.63" h="3125" lang="en" source="google" w="1752" x="2202" y="674.4">Event</contenuImg>
            <tech source="final">estampe/gravure</tech>
            <fonction source="md">papier-peint</fonction>
            <fonction source="final">papier-peint</fonction>
            <tech CS="1" source="hm">estampe/gravure</tech>
            <theme CS="1" source="md">0</theme>
            <contenuImg CS="1.0" lang="fr" source="md">Famille</contenuImg>
            <contenuImg CS="1.0" lang="fr" source="md">Personnages -- Dans l'art</contenuImg>
            <contenuImg CS="1.0" lang="fr" source="md">Enfants</contenuImg>
            <contenuImg CS="1.0" lang="fr" source="md">Femmes</contenuImg>
            <contenuImg CS="1.0" lang="fr" source="md">Animaux</contenuImg>
            <contenuImg CS="1.0" lang="fr" source="md">Chèvres</contenuImg>
            <contenuImg CS="1.0" lang="fr" source="md">Scènes de genre -- 1800-1869</contenuImg>
            <contenuImg CS="1.0" lang="fr" source="md">Motifs décoratifs -- 1800-1869</contenuImg>
            <titraille>Manufacture Boissier. Dessus de porte. Scène campagnarde : papier peint</titraille>
          </ill>
        </ills>
      </page>
    </pages>
  </contenus>
</analyseAlto>