<analyseAlto>
  <metad>
    <type>I</type>
    <ID>btv1b6900418x</ID>
    <titre>Papier à motif répétitif : papier peint</titre>
    <dateEdition>1799</dateEdition>
    <auteur>inconnu</auteur>
    <lang>fre</lang>
    <source>Bibliothèque nationale de France</source>
    <sujet>Textiles et tissus -- Rayures (ornements) -- Bazin (tissu) -- Végétaux de fantaisie -- Picots (ornement) -- Motifs décoratifs</sujet>
    <descr>Appartient à l’ensemble documentaire : PaPeint18 -- Papier peint</descr>
    <format>inconnu</format>
    <couverture>inconnu</couverture>
    <largeurPx>6824</largeurPx>
    <hauteurPx>6632</hauteurPx>
    <ocr>false</ocr>
    <toc>false</toc>
    <nbPage>1</nbPage>
  </metad>
  <contenus ocr="false" toc="false">
    <largeur>288</largeur>
    <hauteur>280</hauteur>
    <largeurPx>6824</largeurPx>
    <hauteurPx>6632</hauteurPx>
    <pages>
      <page ordre="1">
        <blocIll ocr="1">1</blocIll>
        <ills>
          <ill classif="CCgoogle" couleur="coul" h="6632" hash="02337733cc44fe33" n="1-1" taille="20" w="6824" x="1" y="1">
            <contenuImg CS="0.70" lang="fr" source="google">textile</contenuImg>
            <tech source="final">estampe/gravure</tech>
            <fonction source="md">papier-peint</fonction>
            <fonction source="final">papier-peint</fonction>
            <tech CS="1" source="md">estampe/gravure</tech>
            <contenuImg CS="0.76" h="2413" lang="fr" source="google" w="4270" x="682.4" y="1532.2">pédicelle</contenuImg>
            <contenuImg CS="0.64" lang="fr" source="google">modèle motif</contenuImg>
            <contenuImg CS="0.76" h="2413" lang="fr" source="google" w="4270" x="682.4" y="1532.2">symétrie</contenuImg>
            <contenuImg CS="0.75" h="2413" lang="fr" source="google" w="4270" x="682.4" y="1532.2">ligne</contenuImg>
            <contenuImg CS="0.64" lang="fr" source="google">modèle</contenuImg>
            <contenuImg CS="0.64" coul="1" lang="fr" source="google">beige</contenuImg>
            <contenuImg CS="0.62" lang="fr" source="google">broderie</contenuImg>
            <contenuImg CS="0.59" lang="fr" source="google">plante</contenuImg>
            <contenuImg CS="0.53" lang="fr" source="google">fond d'écran</contenuImg>
            <contenuImg CS="2.65" coul="1" lang="fr" source="google">chocolat à pâtisser</contenuImg>
            <contenuImg CS="0.46" coul="1" lang="fr" source="google">vert pâle</contenuImg>
            <contenuImg CS="0.38" coul="1" lang="fr" source="google">vert cuivre foncé</contenuImg>
            <contenuImg CS="0.28" coul="1" lang="fr" source="google">rose</contenuImg>
            <contenuImg CS="0.21" coul="1" lang="fr" source="google">argent</contenuImg>
            <contenuImg b="165" coul="1" g="175" r="164" source="colorific" type="bkg">#a4afa5</contenuImg>
            <contenuImg b="91" coul="1" g="125" ordre="3" r="129" source="colorific" type="frg">#817d5b</contenuImg>
            <contenuImg b="73" coul="1" g="86" ordre="2" r="62" source="colorific" type="frg">#3e5649</contenuImg>
            <contenuImg b="255" coul="1" g="255" ordre="1" r="255" source="colorific" type="frg">#ffffff</contenuImg>
            <contenuImg CS="1.0" lang="en" source="md">decorative patterns</contenuImg>
            <contenuImg CS="1.0" lang="en" source="md">pimples (ornament)</contenuImg>
            <contenuImg CS="1.0" lang="en" source="md">fancy plants</contenuImg>
            <contenuImg CS="1.0" lang="en" source="md">bazin (fabric)</contenuImg>
            <contenuImg CS="1.0" lang="en" source="md">stripes (ornaments)</contenuImg>
            <contenuImg CS="1.0" lang="en" source="md">textiles and fabrics</contenuImg>
            <contenuImg CS="0.21" coul="1" lang="en" source="google">silver</contenuImg>
            <contenuImg CS="0.28" coul="1" lang="en" source="google">pink</contenuImg>
            <contenuImg CS="0.38" coul="1" lang="en" source="google">darkgreencopper</contenuImg>
            <contenuImg CS="0.46" coul="1" lang="en" source="google">palegreen</contenuImg>
            <contenuImg CS="0.02" coul="1" lang="en" source="google">silver</contenuImg>
            <contenuImg CS="2.65" coul="1" lang="en" source="google">bakerschocolate</contenuImg>
            <contenuImg CS="0.53" lang="en" source="google">Wallpaper</contenuImg>
            <contenuImg CS="0.59" lang="en" source="google">Plant</contenuImg>
            <contenuImg CS="0.62" lang="en" source="google">Embroidery</contenuImg>
            <contenuImg CS="0.64" coul="1" lang="en" source="google">Beige</contenuImg>
            <contenuImg CS="0.64" lang="en" source="google">Pattern</contenuImg>
            <contenuImg CS="0.70" lang="en" source="google">Textile</contenuImg>
            <contenuImg CS="0.75" h="2413" lang="en" source="google" w="4270" x="682.4" y="1532.2">Line</contenuImg>
            <contenuImg CS="0.76" h="2413" lang="en" source="google" w="4270" x="682.4" y="1532.2">Symmetry</contenuImg>
            <contenuImg CS="0.76" h="2413" lang="en" source="google" w="4270" x="682.4" y="1532.2">Pedicel</contenuImg>
            <contenuImg CS="0.85" h="2413" lang="en" source="google" w="4270" x="682.4" y="1532.2">Pattern</contenuImg>
            <theme CS="1" source="md">0</theme>
            <contenuImg CS="1.0" lang="fr" source="md">Textiles et tissus</contenuImg>
            <contenuImg CS="1.0" lang="fr" source="md">Rayures (ornements)</contenuImg>
            <contenuImg CS="1.0" lang="fr" source="md">Bazin (tissu)</contenuImg>
            <contenuImg CS="1.0" lang="fr" source="md">Végétaux de fantaisie</contenuImg>
            <contenuImg CS="1.0" lang="fr" source="md">Picots (ornement)</contenuImg>
            <contenuImg CS="1.0" lang="fr" source="md">Motifs décoratifs</contenuImg>
            <titraille>Papier à motif répétitif : papier peint</titraille>
          </ill>
        </ills>
      </page>
    </pages>
  </contenus>
</analyseAlto>