<analyseAlto>
  <metad>
    <type>I</type>
    <ID>btv1b69007342</ID>
    <titre>Manufacture Jacquemart et Bénard. Bordure. Une bande superposant une frise d_arceaux à volutes et fleurons sur une bande à rosettes : papier peint</titre>
    <dateEdition>1803</dateEdition>
    <auteur>Jacquemart et Bénard (Manufacture). Fonction indéterminée</auteur>
    <lang>fre</lang>
    <source>Bibliothèque nationale de France</source>
    <sujet>Frises -- Volutes -- Rosettes (ornement) -- Arceaux -- Fleurons (ornement) -- Décoration et ornement architecturaux -- 1800-1869 -- Motifs décoratifs -- 1800-1869</sujet>
    <descr>Appartient à l’ensemble documentaire : PaPeint18 -- Papier peint</descr>
    <format>inconnu</format>
    <couverture>inconnu</couverture>
    <largeurPx>3416</largeurPx>
    <hauteurPx>5152</hauteurPx>
    <ocr>false</ocr>
    <toc>false</toc>
    <nbPage>1</nbPage>
  </metad>
  <contenus ocr="false" toc="false">
    <largeur>144</largeur>
    <hauteur>218</hauteur>
    <largeurPx>3416</largeurPx>
    <hauteurPx>5152</hauteurPx>
    <pages>
      <page ordre="1">
        <blocIll ocr="1">1</blocIll>
        <ills>
          <ill classif="CCgoogle" couleur="coul" h="5152" hash="bf17111717131795" n="1-1" taille="8" w="3416" x="1" y="1">
            <contenuImg CS="0.57" h="2498" lang="fr" source="google" w="3320" x="341.6" y="1769.2">porte de maison</contenuImg>
            <contenuImg CS="0.76" h="2498" lang="fr" source="google" w="3320" x="341.6" y="1769.2">porte</contenuImg>
            <contenuImg CS="0.60" h="2498" lang="fr" source="google" w="3320" x="341.6" y="1769.2">bois</contenuImg>
            <contenuImg CS="0.51" h="2498" lang="fr" source="google" w="3320" x="341.6" y="1769.2">métal</contenuImg>
            <contenuImg CS="1.72" coul="1" lang="fr" source="google">beige pâle</contenuImg>
            <contenuImg CS="0.46" coul="1" lang="fr" source="google">brun foncé</contenuImg>
            <contenuImg CS="0.19" coul="1" lang="fr" source="google">beige</contenuImg>
            <contenuImg CS="0.32" coul="1" lang="fr" source="google">morceaux de chocolat</contenuImg>
            <contenuImg CS="0.28" coul="1" lang="fr" source="google">chocolat à pâtisser</contenuImg>
            <contenuImg b="91" coul="1" g="116" r="136" source="colorific" type="bkg">#88745b</contenuImg>
            <contenuImg b="114" coul="1" g="175" ordre="2" r="226" source="colorific" type="frg">#e2af72</contenuImg>
            <contenuImg b="14" coul="1" g="27" ordre="1" r="60" source="colorific" type="frg">#3c1b0e</contenuImg>
            <contenuImg CS="1.0" lang="en" source="md">decorative patterns - 1800-1869</contenuImg>
            <contenuImg CS="1.0" lang="en" source="md">architectural decoration and ornament - 1800-1869</contenuImg>
            <contenuImg CS="1.0" lang="en" source="md">flowerets (ornament)</contenuImg>
            <contenuImg CS="1.0" lang="en" source="md">hoops</contenuImg>
            <contenuImg CS="1.0" lang="en" source="md">rosettes (ornament)</contenuImg>
            <contenuImg CS="1.0" lang="en" source="md">swirls</contenuImg>
            <contenuImg CS="1.0" lang="en" source="md">curly</contenuImg>
            <contenuImg CS="0.28" coul="1" lang="en" source="google">bakerschocolate</contenuImg>
            <contenuImg CS="0.32" coul="1" lang="en" source="google">semisweetchocolate</contenuImg>
            <contenuImg CS="1.19" coul="1" lang="en" source="google">bakerschocolate</contenuImg>
            <contenuImg CS="0.19" coul="1" lang="en" source="google">tan</contenuImg>
            <contenuImg CS="0.46" coul="1" lang="en" source="google">darktan</contenuImg>
            <contenuImg CS="1.72" coul="1" lang="en" source="google">newtan</contenuImg>
            <contenuImg CS="0.51" h="2498" lang="en" source="google" w="3320" x="341.6" y="1769.2">Metal</contenuImg>
            <contenuImg CS="0.57" h="2498" lang="en" source="google" w="3320" x="341.6" y="1769.2">Home door</contenuImg>
            <contenuImg CS="0.60" h="2498" lang="en" source="google" w="3320" x="341.6" y="1769.2">Wood</contenuImg>
            <contenuImg CS="0.76" h="2498" lang="en" source="google" w="3320" x="341.6" y="1769.2">Door</contenuImg>
            <tech source="final">estampe/gravure</tech>
            <fonction source="md">papier-peint</fonction>
            <fonction source="final">papier-peint</fonction>
            <tech CS="1" source="hm">estampe/gravure</tech>
            <theme CS="1" source="md">0</theme>
            <contenuImg CS="1.0" lang="fr" source="md">Frises</contenuImg>
            <contenuImg CS="1.0" lang="fr" source="md">Volutes</contenuImg>
            <contenuImg CS="1.0" lang="fr" source="md">Rosettes (ornement)</contenuImg>
            <contenuImg CS="1.0" lang="fr" source="md">Arceaux</contenuImg>
            <contenuImg CS="1.0" lang="fr" source="md">Fleurons (ornement)</contenuImg>
            <contenuImg CS="1.0" lang="fr" source="md">Décoration et ornement architecturaux -- 1800-1869</contenuImg>
            <contenuImg CS="1.0" lang="fr" source="md">Motifs décoratifs -- 1800-1869</contenuImg>
            <titraille>Manufacture Jacquemart et Bénard. Bordure. Une bande superposant une frise d_arceaux à volutes et fleurons sur une bande à rosettes : papier peint</titraille>
          </ill>
        </ills>
      </page>
    </pages>
  </contenus>
</analyseAlto>