<analyseAlto>
  <metad>
    <type>I</type>
    <ID>btv1b6900525d</ID>
    <titre>Papier à motif répétitif : papier peint</titre>
    <dateEdition>1800</dateEdition>
    <auteur>inconnu</auteur>
    <lang>fre</lang>
    <source>Bibliothèque nationale de France</source>
    <sujet>Chevrons -- Trompe-l_oeil (ornement) -- Motifs décoratifs</sujet>
    <descr>Appartient à l’ensemble documentaire : PaPeint18 -- Papier peint</descr>
    <format>inconnu</format>
    <couverture>inconnu</couverture>
    <largeurPx>4816</largeurPx>
    <hauteurPx>6768</hauteurPx>
    <ocr>false</ocr>
    <toc>false</toc>
    <nbPage>1</nbPage>
  </metad>
  <contenus ocr="false" toc="false">
    <largeur>203</largeur>
    <hauteur>286</hauteur>
    <largeurPx>4816</largeurPx>
    <hauteurPx>6768</hauteurPx>
    <pages>
      <page ordre="1">
        <blocIll ocr="1">1</blocIll>
        <ills>
          <ill classif="CCgoogle" couleur="coul" h="6768" hash="0000f7ff8303cfdb" n="1-1" taille="15" w="4816" x="1" y="1">
            <contenuImg CS="0.89" h="1714" lang="fr" source="google" w="3035" x="481.6" y="676.8">modèle motif</contenuImg>
            <contenuImg CS="0.98" coul="1" h="1714" lang="fr" source="google" w="3035" x="481.6" y="676.8">vert</contenuImg>
            <contenuImg CS="0.89" h="1714" lang="fr" source="google" w="3035" x="481.6" y="676.8">modèle</contenuImg>
            <contenuImg CS="0.85" coul="1" h="1714" lang="fr" source="google" w="3035" x="481.6" y="676.8">turquoise</contenuImg>
            <contenuImg CS="1.48" coul="1" lang="fr" source="google">turquoise moyen</contenuImg>
            <contenuImg CS="0.67" coul="1" lang="fr" source="google">vert foncé</contenuImg>
            <contenuImg CS="0.73" coul="1" lang="fr" source="google">noir</contenuImg>
            <contenuImg CS="0.67" coul="1" lang="fr" source="google">vert cuivre foncé</contenuImg>
            <contenuImg CS="0.19" coul="1" lang="fr" source="google">bleu cadet</contenuImg>
            <contenuImg b="101" coul="1" g="121" r="64" source="colorific" type="bkg">#407965</contenuImg>
            <contenuImg b="255" coul="1" g="255" ordre="4" r="255" source="colorific" type="frg">#ffffff</contenuImg>
            <contenuImg b="47" coul="1" g="61" ordre="3" r="28" source="colorific" type="frg">#1c3d2f</contenuImg>
            <contenuImg b="20" coul="1" g="30" ordre="2" r="11" source="colorific" type="frg">#0b1e14</contenuImg>
            <contenuImg b="183" coul="1" g="192" ordre="1" r="171" source="colorific" type="frg">#abc0b7</contenuImg>
            <contenuImg CS="1.0" lang="en" source="md">decorative patterns</contenuImg>
            <contenuImg CS="1.0" lang="en" source="md">trompe-l'oeil (ornament)</contenuImg>
            <contenuImg CS="1.0" lang="en" source="md">rafters</contenuImg>
            <contenuImg CS="0.19" coul="1" lang="en" source="google">cadetblue</contenuImg>
            <contenuImg CS="0.67" coul="1" lang="en" source="google">darkgreencopper</contenuImg>
            <contenuImg CS="0.73" coul="1" lang="en" source="google">black</contenuImg>
            <contenuImg CS="0.93" coul="1" lang="en" source="google">cadetblue</contenuImg>
            <contenuImg CS="0.67" coul="1" lang="en" source="google">darkgreen</contenuImg>
            <contenuImg CS="1.48" coul="1" lang="en" source="google">mediumturquoise</contenuImg>
            <contenuImg CS="0.85" coul="1" h="1714" lang="en" source="google" w="3035" x="481.6" y="676.8">Turquoise</contenuImg>
            <contenuImg CS="0.89" h="1714" lang="en" source="google" w="3035" x="481.6" y="676.8">Pattern</contenuImg>
            <contenuImg CS="0.98" coul="1" h="1714" lang="en" source="google" w="3035" x="481.6" y="676.8">Green</contenuImg>
            <tech source="final">estampe/gravure</tech>
            <fonction source="md">papier-peint</fonction>
            <fonction source="final">papier-peint</fonction>
            <tech CS="1" source="hm">estampe/gravure</tech>
            <theme CS="1" source="md">0</theme>
            <contenuImg CS="1.0" lang="fr" source="md">Chevrons</contenuImg>
            <contenuImg CS="1.0" lang="fr" source="md">Trompe-l'oeil (ornement)</contenuImg>
            <contenuImg CS="1.0" lang="fr" source="md">Motifs décoratifs</contenuImg>
            <titraille>Papier à motif répétitif : papier peint</titraille>
          </ill>
        </ills>
      </page>
    </pages>
  </contenus>
</analyseAlto>