<analyseAlto>
  <metad>
    <type>I</type>
    <ID>btv1b6901017f</ID>
    <titre>Manufacture Hubert et Dinan. Papier à motif répétitif. Motif répétitif à deux chemins, en quinconce, de réseau de branches portant des pampres, épis de blé, bleuets, oiseaux et papillons : papier peint</titre>
    <dateEdition>1801</dateEdition>
    <auteur>inconnu</auteur>
    <lang>fre</lang>
    <source>Bibliothèque nationale de France</source>
    <sujet>Raisin -- Fruits -- Oiseaux -- Insectes -- Papillons -- Épis de blé -- Pampres (ornement) -- Bleuet -- Fleurs (ornement) -- Branchages -- Motifs décoratifs -- 1800-1869</sujet>
    <descr>Appartient à l’ensemble documentaire : PaPeint18 -- Papier peint</descr>
    <format>inconnu</format>
    <couverture>inconnu</couverture>
    <largeurPx>6896</largeurPx>
    <hauteurPx>9904</hauteurPx>
    <ocr>false</ocr>
    <toc>false</toc>
    <nbPage>2</nbPage>
  </metad>
  <contenus ocr="false" toc="false">
    <largeur>291</largeur>
    <hauteur>419</hauteur>
    <largeurPx>6896</largeurPx>
    <hauteurPx>9904</hauteurPx>
    <pages>
      <page ordre="1">
        <blocIll ocr="1">1</blocIll>
        <ills>
          <ill classif="CCgoogle" couleur="coul" h="9904" hash="408ff906f90fe08f" n="1-1" taille="31" w="6896" x="1" y="1">
            <contenuImg CS="0.66" lang="fr" source="google">sorbier (plante)</contenuImg>
            <contenuImg CS="0.56" lang="fr" source="google">modèle motif</contenuImg>
            <contenuImg CS="0.91" h="1676" lang="fr" source="google" w="2968" x="689.6" y="990.4">plante</contenuImg>
            <contenuImg CS="0.89" h="1676" lang="fr" source="google" w="2968" x="689.6" y="990.4">fleur</contenuImg>
            <contenuImg CS="0.85" h="1676" lang="fr" source="google" w="2968" x="689.6" y="990.4">arbre</contenuImg>
            <contenuImg CS="0.77" h="1676" lang="fr" source="google" w="2968" x="689.6" y="990.4">plante ligneuse</contenuImg>
            <contenuImg CS="0.67" lang="fr" source="google">plante à fleurs</contenuImg>
            <contenuImg CS="0.67" lang="fr" source="google">branche</contenuImg>
            <contenuImg CS="0.59" lang="fr" source="google">arbuste</contenuImg>
            <contenuImg CS="0.56" lang="fr" source="google">modèle</contenuImg>
            <contenuImg CS="1.20" coul="1" lang="fr" source="google">gris ardoise foncé</contenuImg>
            <contenuImg CS="0.40" coul="1" lang="fr" source="google">saumon</contenuImg>
            <contenuImg CS="0.00" coul="1" lang="fr" source="google">vert cuivre foncé</contenuImg>
            <contenuImg CS="0.44" coul="1" lang="fr" source="google">vert foncé</contenuImg>
            <contenuImg CS="0.24" coul="1" lang="fr" source="google">bleu cadet</contenuImg>
            <contenuImg b="169" coul="1" g="142" r="106" source="colorific" type="bkg">#6a8ea9</contenuImg>
            <contenuImg b="121" coul="1" g="181" ordre="6" r="178" source="colorific" type="frg">#b2b579</contenuImg>
            <contenuImg b="130" coul="1" g="154" ordre="5" r="111" source="colorific" type="frg">#6f9a82</contenuImg>
            <contenuImg b="76" coul="1" g="104" ordre="4" r="141" source="colorific" type="frg">#8d684c</contenuImg>
            <contenuImg b="31" coul="1" g="43" ordre="3" r="39" source="colorific" type="frg">#272b1f</contenuImg>
            <contenuImg b="110" coul="1" g="113" ordre="2" r="127" source="colorific" type="frg">#7f716e</contenuImg>
            <contenuImg b="82" coul="1" g="87" ordre="1" r="58" source="colorific" type="frg">#3a5752</contenuImg>
            <contenuImg CS="1.0" lang="en" source="md">decorative patterns - 1800-1869</contenuImg>
            <contenuImg CS="1.0" lang="en" source="md">boughs</contenuImg>
            <contenuImg CS="1.0" lang="en" source="md">flowers (ornament)</contenuImg>
            <contenuImg CS="1.0" lang="en" source="md">cornflower (flowers)</contenuImg>
            <contenuImg CS="1.0" lang="en" source="md">vine branches (ornament)</contenuImg>
            <contenuImg CS="1.0" lang="en" source="md">ears of wheat</contenuImg>
            <contenuImg CS="1.0" lang="en" source="md">butterflies</contenuImg>
            <contenuImg CS="1.0" lang="en" source="md">insects</contenuImg>
            <contenuImg CS="1.0" lang="en" source="md">birds</contenuImg>
            <contenuImg CS="1.0" lang="en" source="md">fruits</contenuImg>
            <contenuImg CS="1.0" lang="en" source="md">grape (fruits)</contenuImg>
            <contenuImg CS="0.24" coul="1" lang="en" source="google">cadetblue</contenuImg>
            <contenuImg CS="0.44" coul="1" lang="en" source="google">darkgreen</contenuImg>
            <contenuImg CS="0.00" coul="1" lang="en" source="google">darkgreencopper</contenuImg>
            <contenuImg CS="0.95" coul="1" lang="en" source="google">cadetblue</contenuImg>
            <contenuImg CS="0.03" coul="1" lang="en" source="google">cadetblue</contenuImg>
            <contenuImg CS="0.40" coul="1" lang="en" source="google">salmon</contenuImg>
            <contenuImg CS="1.20" coul="1" lang="en" source="google">darkslategrey</contenuImg>
            <contenuImg CS="0.56" lang="en" source="google">Pattern</contenuImg>
            <contenuImg CS="0.59" lang="en" source="google">Shrub</contenuImg>
            <contenuImg CS="0.66" lang="en" source="google">Sorbus</contenuImg>
            <contenuImg CS="0.67" lang="en" source="google">Branch</contenuImg>
            <contenuImg CS="0.67" lang="en" source="google">Flowering plant</contenuImg>
            <contenuImg CS="0.77" h="1676" lang="en" source="google" w="2968" x="689.6" y="990.4">Woody plant</contenuImg>
            <contenuImg CS="0.85" h="1676" lang="en" source="google" w="2968" x="689.6" y="990.4">Tree</contenuImg>
            <contenuImg CS="0.89" h="1676" lang="en" source="google" w="2968" x="689.6" y="990.4">Flower</contenuImg>
            <contenuImg CS="0.91" h="1676" lang="en" source="google" w="2968" x="689.6" y="990.4">Plant</contenuImg>
            <tech source="final">estampe/gravure</tech>
            <fonction source="md">papier-peint</fonction>
            <fonction source="final">papier-peint</fonction>
            <tech CS="1" source="hm">estampe/gravure</tech>
            <theme CS="1" source="md">0</theme>
            <contenuImg CS="1.0" lang="fr" source="md">Raisin</contenuImg>
            <contenuImg CS="1.0" lang="fr" source="md">Fruits</contenuImg>
            <contenuImg CS="1.0" lang="fr" source="md">Oiseaux</contenuImg>
            <contenuImg CS="1.0" lang="fr" source="md">Insectes</contenuImg>
            <contenuImg CS="1.0" lang="fr" source="md">Papillons</contenuImg>
            <contenuImg CS="1.0" lang="fr" source="md">Épis de blé</contenuImg>
            <contenuImg CS="1.0" lang="fr" source="md">Pampres (ornement)</contenuImg>
            <contenuImg CS="1.0" coul="1" lang="fr" source="md">Bleuet</contenuImg>
            <contenuImg CS="1.0" lang="fr" source="md">Fleurs (ornement)</contenuImg>
            <contenuImg CS="1.0" lang="fr" source="md">Branchages</contenuImg>
            <contenuImg CS="1.0" lang="fr" source="md">Motifs décoratifs -- 1800-1869</contenuImg>
            <titraille>Manufacture Hubert et Dinan. Papier à motif répétitif. Motif répétitif à deux chemins, en quinconce, de réseau de branches portant des pampres, épis de blé, bleuets, oiseaux et papillons : papier peint</titraille>
          </ill>
        </ills>
      </page>
      <page ordre="2">
        <blocIll ocr="1">1</blocIll>
        <ills>
          <ill classif="CCgoogle" couleur="coul" h="8912" hash="db0499fc4189cf74" n="2-1" taille="31" w="6960" x="1" y="1">
            <contenuImg CS="0.72" lang="fr" source="google">textile</contenuImg>
            <contenuImg CS="0.84" h="1885" lang="fr" source="google" w="3334" x="696" y="891.2">botanique</contenuImg>
            <contenuImg CS="0.68" lang="fr" source="google">fleurs sauvages</contenuImg>
            <contenuImg CS="0.58" lang="fr" source="google">arbuste nain (plante)</contenuImg>
            <contenuImg CS="0.55" lang="fr" source="google">potentille (plante)</contenuImg>
            <contenuImg CS="0.68" lang="fr" source="google">modèle motif</contenuImg>
            <contenuImg CS="0.70" coul="1" lang="fr" source="google">vert moyen</contenuImg>
            <contenuImg CS="0.87" h="1885" lang="fr" source="google" w="3334" x="696" y="891.2">plante</contenuImg>
            <contenuImg CS="0.82" h="1885" lang="fr" source="google" w="3334" x="696" y="891.2">fleur</contenuImg>
            <contenuImg CS="0.76" h="1885" lang="fr" source="google" w="3334" x="696" y="891.2">feuille</contenuImg>
            <contenuImg CS="0.68" lang="fr" source="google">modèle</contenuImg>
            <contenuImg CS="0.55" lang="fr" source="google">illustration</contenuImg>
            <contenuImg CS="0.47" coul="1" lang="fr" source="google">bronze</contenuImg>
            <contenuImg CS="0.35" coul="1" lang="fr" source="google">rose</contenuImg>
            <contenuImg CS="0.28" coul="1" lang="fr" source="google">vert cuivre foncé</contenuImg>
            <contenuImg CS="0.24" coul="1" lang="fr" source="google">vert foncé</contenuImg>
            <contenuImg b="129" coul="1" g="150" r="222" source="colorific" type="bkg">#de9681</contenuImg>
            <contenuImg b="113" coul="1" g="116" ordre="6" r="109" source="colorific" type="frg">#6d7471</contenuImg>
            <contenuImg b="66" coul="1" g="83" ordre="5" r="139" source="colorific" type="frg">#8b5342</contenuImg>
            <contenuImg b="85" coul="1" g="98" ordre="4" r="108" source="colorific" type="frg">#6c6255</contenuImg>
            <contenuImg b="115" coul="1" g="138" ordre="3" r="112" source="colorific" type="frg">#708a73</contenuImg>
            <contenuImg b="124" coul="1" g="136" ordre="2" r="163" source="colorific" type="frg">#a3887c</contenuImg>
            <contenuImg b="56" coul="1" g="68" ordre="1" r="47" source="colorific" type="frg">#2f4438</contenuImg>
            <contenuImg CS="1.0" lang="en" source="md">decorative patterns - 1800-1869</contenuImg>
            <contenuImg CS="1.0" lang="en" source="md">boughs</contenuImg>
            <contenuImg CS="1.0" lang="en" source="md">flowers (ornament)</contenuImg>
            <contenuImg CS="1.0" lang="en" source="md">cornflower (flowers)</contenuImg>
            <contenuImg CS="1.0" lang="en" source="md">vine branches (ornament)</contenuImg>
            <contenuImg CS="1.0" lang="en" source="md">ears of wheat</contenuImg>
            <contenuImg CS="1.0" lang="en" source="md">butterflies</contenuImg>
            <contenuImg CS="1.0" lang="en" source="md">insects</contenuImg>
            <contenuImg CS="1.0" lang="en" source="md">birds</contenuImg>
            <contenuImg CS="1.0" lang="en" source="md">fruits</contenuImg>
            <contenuImg CS="1.0" lang="en" source="md">grape (fruits)</contenuImg>
            <contenuImg CS="0.24" coul="1" lang="en" source="google">darkgreen</contenuImg>
            <contenuImg CS="0.28" coul="1" lang="en" source="google">darkgreencopper</contenuImg>
            <contenuImg CS="0.35" coul="1" lang="en" source="google">pink</contenuImg>
            <contenuImg CS="0.41" coul="1" lang="en" source="google">darkgreen</contenuImg>
            <contenuImg CS="0.47" coul="1" lang="en" source="google">bronze</contenuImg>
            <contenuImg CS="0.52" coul="1" lang="en" source="google">darkgreencopper</contenuImg>
            <contenuImg CS="0.70" coul="1" lang="en" source="google">mediumseagreen</contenuImg>
            <contenuImg CS="0.55" lang="en" source="google">Illustration</contenuImg>
            <contenuImg CS="0.55" lang="en" source="google">Cinquefoil</contenuImg>
            <contenuImg CS="0.58" lang="en" source="google">Subshrub</contenuImg>
            <contenuImg CS="0.68" lang="en" source="google">Wildflower</contenuImg>
            <contenuImg CS="0.68" lang="en" source="google">Pattern</contenuImg>
            <contenuImg CS="0.72" lang="en" source="google">Textile</contenuImg>
            <contenuImg CS="0.76" h="1885" lang="en" source="google" w="3334" x="696" y="891.2">Leaf</contenuImg>
            <contenuImg CS="0.82" h="1885" lang="en" source="google" w="3334" x="696" y="891.2">Flower</contenuImg>
            <contenuImg CS="0.84" h="1885" lang="en" source="google" w="3334" x="696" y="891.2">Botany</contenuImg>
            <contenuImg CS="0.87" h="1885" lang="en" source="google" w="3334" x="696" y="891.2">Plant</contenuImg>
            <tech source="final">estampe/gravure</tech>
            <fonction source="md">papier-peint</fonction>
            <fonction source="final">papier-peint</fonction>
            <tech CS="1" source="hm">estampe/gravure</tech>
            <theme CS="1" source="md">0</theme>
            <contenuImg CS="1.0" lang="fr" source="md">Raisin</contenuImg>
            <contenuImg CS="1.0" lang="fr" source="md">Fruits</contenuImg>
            <contenuImg CS="1.0" lang="fr" source="md">Oiseaux</contenuImg>
            <contenuImg CS="1.0" lang="fr" source="md">Insectes</contenuImg>
            <contenuImg CS="1.0" lang="fr" source="md">Papillons</contenuImg>
            <contenuImg CS="1.0" lang="fr" source="md">Épis de blé</contenuImg>
            <contenuImg CS="1.0" lang="fr" source="md">Pampres (ornement)</contenuImg>
            <contenuImg CS="1.0" coul="1" lang="fr" source="md">Bleuet</contenuImg>
            <contenuImg CS="1.0" lang="fr" source="md">Fleurs (ornement)</contenuImg>
            <contenuImg CS="1.0" lang="fr" source="md">Branchages</contenuImg>
            <contenuImg CS="1.0" lang="fr" source="md">Motifs décoratifs -- 1800-1869</contenuImg>
            <titraille>Manufacture Hubert et Dinan. Papier à motif répétitif. Motif répétitif à deux chemins, en quinconce, de réseau de branches portant des pampres, épis de blé, bleuets, oiseaux et papillons : papier peint</titraille>
          </ill>
        </ills>
      </page>
    </pages>
  </contenus>
</analyseAlto>