<analyseAlto>
  <metad>
    <type>I</type>
    <ID>btv1b69014758</ID>
    <titre>Papier à motif répétitif : papier peint</titre>
    <dateEdition>1799</dateEdition>
    <auteur>inconnu</auteur>
    <lang>fre</lang>
    <source>Bibliothèque nationale de France, département Estampes et photographie, EST LI-19</source>
    <sujet>Tulipes -- Pivoines -- Branchages -- Fleurs (ornement) -- Motifs décoratifs</sujet>
    <descr>Appartient à l’ensemble documentaire : PaPeint18 -- Papier peint</descr>
    <format>inconnu</format>
    <couverture>inconnu</couverture>
    <largeurPx>6784</largeurPx>
    <hauteurPx>7864</hauteurPx>
    <ocr>false</ocr>
    <toc>false</toc>
    <caption>false</caption>
    <nbPage>1</nbPage>
  </metad>
  <contenus ocr="false" toc="false">
    <largeur>287</largeur>
    <hauteur>332</hauteur>
    <largeurPx>6784</largeurPx>
    <hauteurPx>7864</hauteurPx>
    <pages>
      <page ordre="1">
        <blocIll ocr="1">1</blocIll>
        <ills>
          <ill classif="CCgoogle" couleur="coul" h="7864" hash="fa387676150c28fa" n="1-1" taille="24" w="6784" x="1" y="1">
            <contenuImg CS="0.83" h="2080" lang="fr" source="google" w="3686" x="678.4" y="1641.4">textile</contenuImg>
            <contenuImg CS="0.76" lang="fr" source="google">conception</contenuImg>
            <contenuImg CS="0.81" lang="fr" source="google">botanique</contenuImg>
            <contenuImg CS="0.76" lang="fr" source="google">art floral</contenuImg>
            <contenuImg CS="0.90" h="2080" lang="fr" source="google" w="3686" x="678.4" y="1641.4">modèle motif</contenuImg>
            <contenuImg CS="0.92" coul="1" h="2080" lang="fr" source="google" w="3686" x="678.4" y="1641.4">rouge</contenuImg>
            <contenuImg CS="0.90" h="2080" lang="fr" source="google" w="3686" x="678.4" y="1641.4">modèle</contenuImg>
            <contenuImg CS="0.88" h="2080" lang="fr" source="google" w="3686" x="678.4" y="1641.4">fleur</contenuImg>
            <contenuImg CS="0.82" lang="fr" source="google">plante</contenuImg>
            <contenuImg CS="0.81" lang="fr" source="google">feuille</contenuImg>
            <contenuImg CS="0.76" lang="fr" source="google">design</contenuImg>
            <contenuImg CS="0.73" lang="fr" source="google">art</contenuImg>
            <contenuImg CS="0.50" coul="1" lang="fr" source="google">noir</contenuImg>
            <contenuImg CS="0.46" coul="1" lang="fr" source="google">chocolat à pâtisser</contenuImg>
            <contenuImg CS="0.28" coul="1" lang="fr" source="google">saumon</contenuImg>
            <contenuImg CS="0.19" coul="1" lang="fr" source="google">brun foncé</contenuImg>
            <contenuImg CS="0.18" coul="1" lang="fr" source="google">vert foncé</contenuImg>
            <contenuImg b="0" coul="1" g="0" r="0" source="colorific" type="bkg">#000000</contenuImg>
            <contenuImg b="97" coul="1" g="109" ordre="6" r="133" source="colorific" type="frg">#856d61</contenuImg>
            <contenuImg b="27" coul="1" g="35" ordre="5" r="55" source="colorific" type="frg">#37231b</contenuImg>
            <contenuImg b="68" coul="1" g="73" ordre="4" r="115" source="colorific" type="frg">#734944</contenuImg>
            <contenuImg b="26" coul="1" g="22" ordre="3" r="102" source="colorific" type="frg">#66161a</contenuImg>
            <contenuImg b="118" coul="1" g="121" ordre="2" r="113" source="colorific" type="frg">#717976</contenuImg>
            <contenuImg b="51" coul="1" g="53" ordre="1" r="39" source="colorific" type="frg">#273533</contenuImg>
            <contenuImg CS="1.0" lang="en" source="md">decorative patterns</contenuImg>
            <contenuImg CS="1.0" lang="en" source="md">flowers (ornament)</contenuImg>
            <contenuImg CS="1.0" lang="en" source="md">boughs</contenuImg>
            <contenuImg CS="1.0" lang="en" source="md">peonies (flowers)</contenuImg>
            <contenuImg CS="1.0" lang="en" source="md">tulips (flowers)</contenuImg>
            <contenuImg CS="0.18" coul="1" lang="en" source="google">darkgreen</contenuImg>
            <contenuImg CS="0.19" coul="1" lang="en" source="google">darktan</contenuImg>
            <contenuImg CS="0.28" coul="1" lang="en" source="google">salmon</contenuImg>
            <contenuImg CS="0.46" coul="1" lang="en" source="google">bakerschocolate</contenuImg>
            <contenuImg CS="0.50" coul="1" lang="en" source="google">black</contenuImg>
            <contenuImg CS="0.76" coul="1" lang="en" source="google">black</contenuImg>
            <contenuImg CS="1.12" coul="1" lang="en" source="google">bakerschocolate</contenuImg>
            <contenuImg CS="0.73" lang="en" source="google">Art</contenuImg>
            <contenuImg CS="0.76" lang="en" source="google">Design</contenuImg>
            <contenuImg CS="0.76" lang="en" source="google">Floral design</contenuImg>
            <contenuImg CS="0.81" lang="en" source="google">Leaf</contenuImg>
            <contenuImg CS="0.81" lang="en" source="google">Botany</contenuImg>
            <contenuImg CS="0.82" lang="en" source="google">Plant</contenuImg>
            <contenuImg CS="0.83" h="2080" lang="en" source="google" w="3686" x="678.4" y="1641.4">Textile</contenuImg>
            <contenuImg CS="0.88" h="2080" lang="en" source="google" w="3686" x="678.4" y="1641.4">Flower</contenuImg>
            <contenuImg CS="0.90" h="2080" lang="en" source="google" w="3686" x="678.4" y="1641.4">Pattern</contenuImg>
            <contenuImg CS="0.92" coul="1" h="2080" lang="en" source="google" w="3686" x="678.4" y="1641.4">Red</contenuImg>
            <tech source="final">estampe/gravure</tech>
            <fonction source="md">papier-peint</fonction>
            <fonction source="final">papier-peint</fonction>
            <tech CS="1" source="hm">estampe/gravure</tech>
            <theme CS="1" source="md">0</theme>
            <contenuImg CS="1.0" lang="fr" source="md">Tulipes</contenuImg>
            <contenuImg CS="1.0" lang="fr" source="md">Pivoines</contenuImg>
            <contenuImg CS="1.0" lang="fr" source="md">Branchages</contenuImg>
            <contenuImg CS="1.0" lang="fr" source="md">Fleurs (ornement)</contenuImg>
            <contenuImg CS="1.0" lang="fr" source="md">Motifs décoratifs</contenuImg>
            <titraille>Papier à motif répétitif : papier peint</titraille>
          </ill>
        </ills>
      </page>
    </pages>
  </contenus>
</analyseAlto>