<analyseAlto>
  <metad>
    <type>I</type>
    <ID>btv1b6901441g</ID>
    <titre>Bordure : papier peint</titre>
    <dateEdition>1799</dateEdition>
    <auteur>inconnu</auteur>
    <lang>fre</lang>
    <source>Bibliothèque nationale de France, département Estampes et photographie, EST LI-19</source>
    <sujet>Frises -- Fleurons (ornement) -- Palmettes (ornement) -- Décoration et ornement architecturaux -- Motifs décoratifs</sujet>
    <descr>Appartient à l’ensemble documentaire : PaPeint18 -- Papier peint</descr>
    <format>inconnu</format>
    <couverture>inconnu</couverture>
    <largeurPx>5000</largeurPx>
    <hauteurPx>6112</hauteurPx>
    <ocr>false</ocr>
    <toc>false</toc>
    <caption>false</caption>
    <nbPage>1</nbPage>
  </metad>
  <contenus ocr="false" toc="false">
    <largeur>211</largeur>
    <hauteur>258</hauteur>
    <largeurPx>5000</largeurPx>
    <hauteurPx>6112</hauteurPx>
    <pages>
      <page ordre="1">
        <blocIll ocr="1">1</blocIll>
        <ills>
          <ill classif="CCgoogle" couleur="coul" h="6112" hash="ff65770000f7f700" n="1-1" taille="14" w="5000" x="1" y="1">
            <contenuImg CS="0.73" h="4270" lang="fr" source="google" w="2398" x="1046" y="611.2">conception</contenuImg>
            <contenuImg CS="0.73" h="4270" lang="fr" source="google" w="2398" x="1046" y="611.2">textile</contenuImg>
            <contenuImg CS="0.52" lang="fr" source="google">couverture</contenuImg>
            <contenuImg CS="0.88" h="4270" lang="fr" source="google" w="2398" x="1046" y="611.2">modèle motif</contenuImg>
            <contenuImg CS="0.70" coul="1" lang="fr" source="google">vert moyen</contenuImg>
            <contenuImg CS="0.88" h="4270" lang="fr" source="google" w="2398" x="1046" y="611.2">modèle</contenuImg>
            <contenuImg CS="0.73" h="4270" lang="fr" source="google" w="2398" x="1046" y="611.2">design</contenuImg>
            <contenuImg CS="0.60" h="4270" lang="fr" source="google" w="2398" x="1046" y="611.2">symétrie</contenuImg>
            <contenuImg CS="0.53" lang="fr" source="google">design d'intérieur</contenuImg>
            <contenuImg CS="0.50" lang="fr" source="google">art</contenuImg>
            <contenuImg CS="0.57" coul="1" lang="fr" source="google">bleu nuit</contenuImg>
            <contenuImg CS="0.46" coul="1" lang="fr" source="google">bleuet</contenuImg>
            <contenuImg CS="0.31" coul="1" lang="fr" source="google">gris</contenuImg>
            <contenuImg CS="0.24" coul="1" lang="fr" source="google">bronze</contenuImg>
            <contenuImg b="117" coul="1" g="185" r="203" source="colorific" type="bkg">#cbb975</contenuImg>
            <contenuImg b="255" coul="1" g="255" ordre="6" r="255" source="colorific" type="frg">#ffffff</contenuImg>
            <contenuImg b="174" coul="1" g="165" ordre="5" r="155" source="colorific" type="frg">#9ba5ae</contenuImg>
            <contenuImg b="45" coul="1" g="31" ordre="4" r="28" source="colorific" type="frg">#1c1f2d</contenuImg>
            <contenuImg b="84" coul="1" g="74" ordre="3" r="59" source="colorific" type="frg">#3b4a54</contenuImg>
            <contenuImg b="75" coul="1" g="84" ordre="2" r="87" source="colorific" type="frg">#57544b</contenuImg>
            <contenuImg b="101" coul="1" g="70" ordre="1" r="45" source="colorific" type="frg">#2d4665</contenuImg>
            <contenuImg CS="1.0" lang="en" source="md">decorative patterns</contenuImg>
            <contenuImg CS="1.0" lang="en" source="md">architectural decoration and ornament</contenuImg>
            <contenuImg CS="1.0" lang="en" source="md">palmettes (ornament)</contenuImg>
            <contenuImg CS="1.0" lang="en" source="md">flowerets (ornament)</contenuImg>
            <contenuImg CS="1.0" lang="en" source="md">curly</contenuImg>
            <contenuImg CS="0.24" coul="1" lang="en" source="google">bronze</contenuImg>
            <contenuImg CS="0.31" coul="1" lang="en" source="google">gray</contenuImg>
            <contenuImg CS="0.46" coul="1" lang="en" source="google">cornflowerblue</contenuImg>
            <contenuImg CS="0.33" coul="1" lang="en" source="google">bronze</contenuImg>
            <contenuImg CS="0.57" coul="1" lang="en" source="google">midnightblue</contenuImg>
            <contenuImg CS="0.70" coul="1" lang="en" source="google">mediumforestgreen</contenuImg>
            <contenuImg CS="0.50" lang="en" source="google">Art</contenuImg>
            <contenuImg CS="0.52" lang="en" source="google">Rug</contenuImg>
            <contenuImg CS="0.53" lang="en" source="google">Interior design</contenuImg>
            <contenuImg CS="0.60" h="4270" lang="en" source="google" w="2398" x="1046" y="611.2">Symmetry</contenuImg>
            <contenuImg CS="0.73" h="4270" lang="en" source="google" w="2398" x="1046" y="611.2">Textile</contenuImg>
            <contenuImg CS="0.73" h="4270" lang="en" source="google" w="2398" x="1046" y="611.2">Design</contenuImg>
            <contenuImg CS="0.88" h="4270" lang="en" source="google" w="2398" x="1046" y="611.2">Pattern</contenuImg>
            <tech source="final">estampe/gravure</tech>
            <fonction source="md">papier-peint</fonction>
            <fonction source="final">papier-peint</fonction>
            <tech CS="1" source="hm">estampe/gravure</tech>
            <theme CS="1" source="md">0</theme>
            <contenuImg CS="1.0" lang="fr" source="md">Frises</contenuImg>
            <contenuImg CS="1.0" lang="fr" source="md">Fleurons (ornement)</contenuImg>
            <contenuImg CS="1.0" lang="fr" source="md">Palmettes (ornement)</contenuImg>
            <contenuImg CS="1.0" lang="fr" source="md">Décoration et ornement architecturaux</contenuImg>
            <contenuImg CS="1.0" lang="fr" source="md">Motifs décoratifs</contenuImg>
            <titraille>Bordure : papier peint</titraille>
          </ill>
        </ills>
      </page>
    </pages>
  </contenus>
</analyseAlto>