<analyseAlto>
  <metad>
    <type>I</type>
    <ID>btv1b69013392</ID>
    <titre>Papier à motif répétitif : papier peint</titre>
    <dateEdition>1801</dateEdition>
    <auteur>inconnu</auteur>
    <lang>fre</lang>
    <source>Bibliothèque nationale de France</source>
    <sujet>Ornements géométriques -- Carreaux -- Rosettes (ornement) -- Motifs décoratifs</sujet>
    <descr>Appartient à l’ensemble documentaire : PaPeint18 -- Papier peint</descr>
    <format>inconnu</format>
    <couverture>inconnu</couverture>
    <largeurPx>6264</largeurPx>
    <hauteurPx>3472</hauteurPx>
    <ocr>false</ocr>
    <toc>false</toc>
    <nbPage>2</nbPage>
  </metad>
  <contenus ocr="false" toc="false">
    <largeur>265</largeur>
    <hauteur>146</hauteur>
    <largeurPx>6264</largeurPx>
    <hauteurPx>3472</hauteurPx>
    <pages>
      <page ordre="1">
        <blocIll ocr="1">1</blocIll>
        <ills>
          <ill classif="CCgoogle" couleur="coul" h="3472" hash="5747515b555140fd" n="1-1" taille="10" w="6264" x="1" y="1">
            <contenuImg CS="0.82" lang="fr" source="google">conception</contenuImg>
            <contenuImg CS="0.77" lang="fr" source="google">textile</contenuImg>
            <contenuImg CS="0.76" lang="fr" source="google">motif</contenuImg>
            <contenuImg CS="0.68" lang="fr" source="google">étoffe tissée</contenuImg>
            <contenuImg CS="0.84" h="3320" lang="fr" source="google" w="1862" x="2720.4" y="347.2">modèle motif</contenuImg>
            <contenuImg CS="0.85" coul="1" h="3320" lang="fr" source="google" w="1862" x="2720.4" y="347.2">marron</contenuImg>
            <contenuImg CS="0.84" h="3320" lang="fr" source="google" w="1862" x="2720.4" y="347.2">modèle</contenuImg>
            <contenuImg CS="0.84" h="3320" lang="fr" source="google" w="1862" x="2720.4" y="347.2">symétrie</contenuImg>
            <contenuImg CS="0.82" lang="fr" source="google">design</contenuImg>
            <contenuImg CS="0.76" lang="fr" source="google">arts visuels</contenuImg>
            <contenuImg CS="0.73" lang="fr" source="google">ligne</contenuImg>
            <contenuImg CS="0.38" coul="1" lang="fr" source="google">feldspath</contenuImg>
            <contenuImg CS="0.39" coul="1" lang="fr" source="google">beige pâle</contenuImg>
            <contenuImg CS="0.29" coul="1" lang="fr" source="google">bleu nuit</contenuImg>
            <contenuImg CS="0.24" coul="1" lang="fr" source="google">vert foncé</contenuImg>
            <contenuImg CS="0.00" coul="1" lang="fr" source="google">bronze</contenuImg>
            <contenuImg b="129" coul="1" g="187" r="208" source="colorific" type="bkg">#d0bb81</contenuImg>
            <contenuImg b="7" coul="1" g="30" ordre="6" r="32" source="colorific" type="frg">#201e07</contenuImg>
            <contenuImg b="48" coul="1" g="55" ordre="5" r="37" source="colorific" type="frg">#253730</contenuImg>
            <contenuImg b="102" coul="1" g="134" ordre="4" r="141" source="colorific" type="frg">#8d8666</contenuImg>
            <contenuImg b="119" coul="1" g="96" ordre="3" r="64" source="colorific" type="frg">#406077</contenuImg>
            <contenuImg b="18" coul="1" g="28" ordre="2" r="9" source="colorific" type="frg">#091c12</contenuImg>
            <contenuImg b="83" coul="1" g="96" ordre="1" r="73" source="colorific" type="frg">#496053</contenuImg>
            <contenuImg CS="1.0" lang="en" source="md">decorative patterns</contenuImg>
            <contenuImg CS="1.0" lang="en" source="md">rosettes (ornament)</contenuImg>
            <contenuImg CS="1.0" lang="en" source="md">tiles</contenuImg>
            <contenuImg CS="1.0" lang="en" source="md">geometric ornaments</contenuImg>
            <contenuImg CS="0.00" coul="1" lang="en" source="google">bronze</contenuImg>
            <contenuImg CS="0.24" coul="1" lang="en" source="google">darkgreen</contenuImg>
            <contenuImg CS="0.29" coul="1" lang="en" source="google">midnightblue</contenuImg>
            <contenuImg CS="0.29" coul="1" lang="en" source="google">darkgreen</contenuImg>
            <contenuImg CS="0.39" coul="1" lang="en" source="google">newtan</contenuImg>
            <contenuImg CS="0.38" coul="1" lang="en" source="google">feldspar</contenuImg>
            <contenuImg CS="1.28" coul="1" lang="en" source="google">newtan</contenuImg>
            <contenuImg CS="0.68" lang="en" source="google">Woven fabric</contenuImg>
            <contenuImg CS="0.73" lang="en" source="google">Line</contenuImg>
            <contenuImg CS="0.76" lang="en" source="google">Visual arts</contenuImg>
            <contenuImg CS="0.76" lang="en" source="google">Motif</contenuImg>
            <contenuImg CS="0.77" lang="en" source="google">Textile</contenuImg>
            <contenuImg CS="0.82" lang="en" source="google">Design</contenuImg>
            <contenuImg CS="0.84" h="3320" lang="en" source="google" w="1862" x="2720.4" y="347.2">Symmetry</contenuImg>
            <contenuImg CS="0.84" h="3320" lang="en" source="google" w="1862" x="2720.4" y="347.2">Pattern</contenuImg>
            <contenuImg CS="0.85" coul="1" h="3320" lang="en" source="google" w="1862" x="2720.4" y="347.2">Brown</contenuImg>
            <contenuImg CS="0.97" h="3320" lang="en" source="google" w="1862" x="2720.4" y="347.2">Pattern</contenuImg>
            <tech source="final">estampe/gravure</tech>
            <fonction source="md">papier-peint</fonction>
            <fonction source="final">papier-peint</fonction>
            <tech CS="1" source="hm">estampe/gravure</tech>
            <theme CS="1" source="md">0</theme>
            <contenuImg CS="1.0" lang="fr" source="md">Ornements géométriques</contenuImg>
            <contenuImg CS="1.0" lang="fr" source="md">Carreaux</contenuImg>
            <contenuImg CS="1.0" lang="fr" source="md">Rosettes (ornement)</contenuImg>
            <contenuImg CS="1.0" lang="fr" source="md">Motifs décoratifs</contenuImg>
            <titraille>Papier à motif répétitif : papier peint</titraille>
          </ill>
        </ills>
      </page>
      <page ordre="2">
        <blocIll ocr="1">1</blocIll>
        <ills>
          <ill classif="CCgoogle" couleur="coul" h="2344" hash="f8fcfe00eec000fa" n="2-1" taille="10" w="6360" x="1" y="1">
            <contenuImg CS="0.91" h="2973" lang="fr" source="google" w="1662" x="3790" y="234.4">textile</contenuImg>
            <contenuImg CS="0.80" lang="fr" source="google">conception</contenuImg>
            <contenuImg CS="0.91" h="2973" lang="fr" source="google" w="1662" x="3790" y="234.4">courtepointe</contenuImg>
            <contenuImg CS="0.85" h="2973" lang="fr" source="google" w="1662" x="3790" y="234.4">quilting</contenuImg>
            <contenuImg CS="0.84" lang="fr" source="google">modèle motif</contenuImg>
            <contenuImg CS="0.84" lang="fr" source="google">modèle</contenuImg>
            <contenuImg CS="0.83" coul="1" lang="fr" source="google">turquoise</contenuImg>
            <contenuImg CS="0.81" lang="fr" source="google">symétrie</contenuImg>
            <contenuImg CS="0.80" lang="fr" source="google">design</contenuImg>
            <contenuImg CS="0.78" lang="fr" source="google">art</contenuImg>
            <contenuImg CS="0.75" lang="fr" source="google">ligne</contenuImg>
            <contenuImg CS="0.05" coul="1" lang="fr" source="google">vert pâle</contenuImg>
            <contenuImg CS="0.30" coul="1" lang="fr" source="google">gris</contenuImg>
            <contenuImg CS="0.20" coul="1" lang="fr" source="google">argent</contenuImg>
            <contenuImg CS="0.19" coul="1" lang="fr" source="google">gris foncé</contenuImg>
            <contenuImg b="170" coul="1" g="165" r="149" source="colorific" type="bkg">#95a5aa</contenuImg>
            <contenuImg b="57" coul="1" g="58" ordre="6" r="46" source="colorific" type="frg">#2e3a39</contenuImg>
            <contenuImg b="0" coul="1" g="0" ordre="5" r="0" source="colorific" type="frg">#000000</contenuImg>
            <contenuImg b="255" coul="1" g="255" ordre="4" r="255" source="colorific" type="frg">#ffffff</contenuImg>
            <contenuImg b="27" coul="1" g="35" ordre="3" r="27" source="colorific" type="frg">#1b231b</contenuImg>
            <contenuImg b="141" coul="1" g="112" ordre="2" r="80" source="colorific" type="frg">#50708d</contenuImg>
            <contenuImg b="127" coul="1" g="129" ordre="1" r="161" source="colorific" type="frg">#a1817f</contenuImg>
            <contenuImg CS="1.0" lang="en" source="md">decorative patterns</contenuImg>
            <contenuImg CS="1.0" lang="en" source="md">rosettes (ornament)</contenuImg>
            <contenuImg CS="1.0" lang="en" source="md">tiles</contenuImg>
            <contenuImg CS="1.0" lang="en" source="md">geometric ornaments</contenuImg>
            <contenuImg CS="0.19" coul="1" lang="en" source="google">darkgray</contenuImg>
            <contenuImg CS="0.20" coul="1" lang="en" source="google">silver</contenuImg>
            <contenuImg CS="0.30" coul="1" lang="en" source="google">gray</contenuImg>
            <contenuImg CS="0.38" coul="1" lang="en" source="google">dimgrey</contenuImg>
            <contenuImg CS="0.55" coul="1" lang="en" source="google">silver</contenuImg>
            <contenuImg CS="0.05" coul="1" lang="en" source="google">palegreen</contenuImg>
            <contenuImg CS="0.67" coul="1" lang="en" source="google">darkgray</contenuImg>
            <contenuImg CS="1.14" coul="1" lang="en" source="google">silver</contenuImg>
            <contenuImg CS="0.75" lang="en" source="google">Line</contenuImg>
            <contenuImg CS="0.78" lang="en" source="google">Art</contenuImg>
            <contenuImg CS="0.80" lang="en" source="google">Design</contenuImg>
            <contenuImg CS="0.81" lang="en" source="google">Symmetry</contenuImg>
            <contenuImg CS="0.83" coul="1" lang="en" source="google">Turquoise</contenuImg>
            <contenuImg CS="0.84" lang="en" source="google">Pattern</contenuImg>
            <contenuImg CS="0.85" h="2973" lang="en" source="google" w="1662" x="3790" y="234.4">Quilting</contenuImg>
            <contenuImg CS="0.91" h="2973" lang="en" source="google" w="1662" x="3790" y="234.4">Quilt</contenuImg>
            <contenuImg CS="0.91" h="2973" lang="en" source="google" w="1662" x="3790" y="234.4">Textile</contenuImg>
            <contenuImg CS="0.97" h="2973" lang="en" source="google" w="1662" x="3790" y="234.4">Pattern</contenuImg>
            <tech source="final">estampe/gravure</tech>
            <fonction source="md">papier-peint</fonction>
            <fonction source="final">papier-peint</fonction>
            <tech CS="1" source="hm">estampe/gravure</tech>
            <theme CS="1" source="md">0</theme>
            <contenuImg CS="1.0" lang="fr" source="md">Ornements géométriques</contenuImg>
            <contenuImg CS="1.0" lang="fr" source="md">Carreaux</contenuImg>
            <contenuImg CS="1.0" lang="fr" source="md">Rosettes (ornement)</contenuImg>
            <contenuImg CS="1.0" lang="fr" source="md">Motifs décoratifs</contenuImg>
            <titraille>Papier à motif répétitif : papier peint</titraille>
          </ill>
        </ills>
      </page>
    </pages>
  </contenus>
</analyseAlto>