<analyseAlto>
  <metad>
    <type>I</type>
    <ID>btv1b69009281</ID>
    <titre>Papier à motif répétitif : papier peint</titre>
    <dateEdition>1805</dateEdition>
    <auteur>Jacquemart et Bénard (Manufacture). Fonction indéterminée</auteur>
    <lang>fre</lang>
    <source>Bibliothèque nationale de France</source>
    <sujet>Frises -- Bandes -- Flots (ornement) -- Feuilles stylisées (ornement) -- Motifs décoratifs</sujet>
    <descr>Appartient à l’ensemble documentaire : PaPeint18 -- Papier peint</descr>
    <format>inconnu</format>
    <couverture>inconnu</couverture>
    <largeurPx>6744</largeurPx>
    <hauteurPx>5848</hauteurPx>
    <ocr>false</ocr>
    <toc>false</toc>
    <nbPage>1</nbPage>
  </metad>
  <contenus ocr="false" toc="false">
    <largeur>285</largeur>
    <hauteur>247</hauteur>
    <largeurPx>6744</largeurPx>
    <hauteurPx>5848</hauteurPx>
    <pages>
      <page ordre="1">
        <blocIll ocr="1">1</blocIll>
        <ills>
          <ill classif="CCgoogle" couleur="coul" h="5848" hash="cccccccccccccccc" n="1-1" taille="18" w="6744" x="1" y="1">
            <contenuImg CS="0.74" lang="fr" source="google">conception</contenuImg>
            <contenuImg CS="0.76" h="2413" lang="fr" source="google" w="4270" x="674.4" y="769.8">moulage</contenuImg>
            <contenuImg CS="0.89" h="2413" lang="fr" source="google" w="4270" x="674.4" y="769.8">modèle motif</contenuImg>
            <contenuImg CS="0.89" h="2413" lang="fr" source="google" w="4270" x="674.4" y="769.8">modèle</contenuImg>
            <contenuImg CS="0.88" h="2413" lang="fr" source="google" w="4270" x="674.4" y="769.8">plafond</contenuImg>
            <contenuImg CS="0.84" coul="1" h="2413" lang="fr" source="google" w="4270" x="674.4" y="769.8">jaune</contenuImg>
            <contenuImg CS="0.74" lang="fr" source="google">design</contenuImg>
            <contenuImg CS="0.73" lang="fr" source="google">symétrie</contenuImg>
            <contenuImg CS="0.73" lang="fr" source="google">architecture</contenuImg>
            <contenuImg CS="0.65" lang="fr" source="google">bois</contenuImg>
            <contenuImg CS="0.59" lang="fr" source="google">arts visuels</contenuImg>
            <contenuImg CS="0.55" lang="fr" source="google">sculpture</contenuImg>
            <contenuImg CS="1.55" coul="1" lang="fr" source="google">bois foncé</contenuImg>
            <contenuImg CS="0.46" coul="1" lang="fr" source="google">brun foncé</contenuImg>
            <contenuImg CS="0.44" coul="1" lang="fr" source="google">bois moyen</contenuImg>
            <contenuImg b="67" coul="1" g="90" r="122" source="colorific" type="bkg">#7a5a43</contenuImg>
            <contenuImg b="89" coul="1" g="140" ordre="1" r="172" source="colorific" type="frg">#ac8c59</contenuImg>
            <contenuImg CS="1.0" lang="en" source="md">decorative patterns</contenuImg>
            <contenuImg CS="1.0" lang="en" source="md">stylized leaves (ornament)</contenuImg>
            <contenuImg CS="1.0" lang="en" source="md">Flows (ornament)</contenuImg>
            <contenuImg CS="1.0" lang="en" source="md">stripes</contenuImg>
            <contenuImg CS="1.0" lang="en" source="md">curly</contenuImg>
            <contenuImg CS="0.44" coul="1" lang="en" source="google">mediumwood</contenuImg>
            <contenuImg CS="0.46" coul="1" lang="en" source="google">darktan</contenuImg>
            <contenuImg CS="1.55" coul="1" lang="en" source="google">darkwood</contenuImg>
            <contenuImg CS="2.26" coul="1" lang="en" source="google">darktan</contenuImg>
            <contenuImg CS="0.55" lang="en" source="google">Carving</contenuImg>
            <contenuImg CS="0.59" lang="en" source="google">Visual arts</contenuImg>
            <contenuImg CS="0.65" lang="en" source="google">Wood</contenuImg>
            <contenuImg CS="0.73" lang="en" source="google">Architecture</contenuImg>
            <contenuImg CS="0.73" lang="en" source="google">Symmetry</contenuImg>
            <contenuImg CS="0.74" lang="en" source="google">Design</contenuImg>
            <contenuImg CS="0.76" h="2413" lang="en" source="google" w="4270" x="674.4" y="769.8">Molding</contenuImg>
            <contenuImg CS="0.84" h="2413" lang="en" source="google" w="4270" x="674.4" y="769.8">Yellow</contenuImg>
            <contenuImg CS="0.88" h="2413" lang="en" source="google" w="4270" x="674.4" y="769.8">Ceiling</contenuImg>
            <contenuImg CS="0.89" h="2413" lang="en" source="google" w="4270" x="674.4" y="769.8">Pattern</contenuImg>
            <tech source="final">estampe/gravure</tech>
            <fonction source="md">papier-peint</fonction>
            <fonction source="final">papier-peint</fonction>
            <tech CS="1" source="hm">estampe/gravure</tech>
            <theme CS="1" source="md">0</theme>
            <contenuImg CS="1.0" lang="fr" source="md">Frises</contenuImg>
            <contenuImg CS="1.0" lang="fr" source="md">Bandes</contenuImg>
            <contenuImg CS="1.0" lang="fr" source="md">Flots (ornement)</contenuImg>
            <contenuImg CS="1.0" lang="fr" source="md">Feuilles stylisées (ornement)</contenuImg>
            <contenuImg CS="1.0" lang="fr" source="md">Motifs décoratifs</contenuImg>
            <titraille>Papier à motif répétitif : papier peint</titraille>
          </ill>
        </ills>
      </page>
    </pages>
  </contenus>
</analyseAlto>