<analyseAlto>
  <metad>
    <type>I</type>
    <ID>btv1b6901178g</ID>
    <titre>Papier à motif répétitif : papier peint</titre>
    <dateEdition>1800</dateEdition>
    <auteur>inconnu</auteur>
    <lang>fre</lang>
    <source>Bibliothèque nationale de France</source>
    <sujet>Motifs en écailles -- Végétaux de fantaisie -- Motifs décoratifs</sujet>
    <descr>Appartient à l’ensemble documentaire : PaPeint18 -- Papier peint</descr>
    <format>inconnu</format>
    <couverture>inconnu</couverture>
    <largeurPx>3880</largeurPx>
    <hauteurPx>6520</hauteurPx>
    <ocr>false</ocr>
    <toc>false</toc>
    <nbPage>1</nbPage>
  </metad>
  <contenus ocr="false" toc="false">
    <largeur>164</largeur>
    <hauteur>276</hauteur>
    <largeurPx>3880</largeurPx>
    <hauteurPx>6520</hauteurPx>
    <pages>
      <page ordre="1">
        <blocIll ocr="1">1</blocIll>
        <ills>
          <ill classif="CCgoogle" couleur="coul" h="6520" hash="efb9e72187a380a1" n="1-1" taille="11" w="3880" x="1" y="1">
            <contenuImg CS="0.72" lang="fr" source="google">conception</contenuImg>
            <contenuImg CS="0.70" lang="fr" source="google">textile</contenuImg>
            <contenuImg CS="0.92" h="1434" lang="fr" source="google" w="2541" x="388" y="652">modèle motif</contenuImg>
            <contenuImg CS="0.13" coul="1" lang="fr" source="google">marron très foncé</contenuImg>
            <contenuImg CS="0.96" coul="1" h="1434" lang="fr" source="google" w="2541" x="388" y="652">vert</contenuImg>
            <contenuImg CS="0.92" h="1434" lang="fr" source="google" w="2541" x="388" y="652">modèle</contenuImg>
            <contenuImg CS="0.91" coul="1" h="1434" lang="fr" source="google" w="2541" x="388" y="652">bleu canard</contenuImg>
            <contenuImg CS="0.77" lang="fr" source="google">organisme</contenuImg>
            <contenuImg CS="0.76" coul="1" lang="fr" source="google">turquoise</contenuImg>
            <contenuImg CS="0.75" lang="fr" source="google">dentelle</contenuImg>
            <contenuImg CS="0.72" lang="fr" source="google">broderie</contenuImg>
            <contenuImg CS="0.72" lang="fr" source="google">design</contenuImg>
            <contenuImg CS="2.68" coul="1" lang="fr" source="google">gris foncé</contenuImg>
            <contenuImg CS="0.22" coul="1" lang="fr" source="google">vert foncé</contenuImg>
            <contenuImg CS="0.13" coul="1" lang="fr" source="google">verydarkbrown</contenuImg>
            <contenuImg CS="0.08" coul="1" lang="fr" source="google">vert olive foncé</contenuImg>
            <contenuImg CS="0.03" coul="1" lang="fr" source="google">bois clair</contenuImg>
            <contenuImg b="65" coul="1" g="75" r="75" source="colorific" type="bkg">#4b4b41</contenuImg>
            <contenuImg b="91" coul="1" g="103" ordre="3" r="63" source="colorific" type="frg">#3f675b</contenuImg>
            <contenuImg b="48" coul="1" g="49" ordre="2" r="69" source="colorific" type="frg">#453130</contenuImg>
            <contenuImg b="116" coul="1" g="113" ordre="1" r="136" source="colorific" type="frg">#887174</contenuImg>
            <contenuImg CS="1.0" lang="en" source="md">decorative patterns</contenuImg>
            <contenuImg CS="1.0" lang="en" source="md">fancy plants</contenuImg>
            <contenuImg CS="1.0" lang="en" source="md">scale-shaped patterns</contenuImg>
            <contenuImg CS="0.03" coul="1" lang="en" source="google">lightwood</contenuImg>
            <contenuImg CS="0.08" coul="1" lang="en" source="google">darkolivegreen</contenuImg>
            <contenuImg CS="0.13" coul="1" lang="en" source="google">verydarkbrown</contenuImg>
            <contenuImg CS="0.22" coul="1" lang="en" source="google">darkgreen</contenuImg>
            <contenuImg CS="0.62" coul="1" lang="en" source="google">lightwood</contenuImg>
            <contenuImg CS="1.14" coul="1" lang="en" source="google">darkolivegreen</contenuImg>
            <contenuImg CS="2.68" coul="1" lang="en" source="google">dimgrey</contenuImg>
            <contenuImg CS="0.70" lang="en" source="google">Textile</contenuImg>
            <contenuImg CS="0.72" lang="en" source="google">Design</contenuImg>
            <contenuImg CS="0.72" lang="en" source="google">Embroidery</contenuImg>
            <contenuImg CS="0.75" lang="en" source="google">Lace</contenuImg>
            <contenuImg CS="0.76" coul="1" lang="en" source="google">Turquoise</contenuImg>
            <contenuImg CS="0.77" lang="en" source="google">Organism</contenuImg>
            <contenuImg CS="0.90" coul="1" h="1434" lang="en" source="google" w="2541" x="388" y="652">Turquoise</contenuImg>
            <contenuImg CS="0.91" coul="1" h="1434" lang="en" source="google" w="2541" x="388" y="652">Teal</contenuImg>
            <contenuImg CS="0.92" h="1434" lang="en" source="google" w="2541" x="388" y="652">Pattern</contenuImg>
            <contenuImg CS="0.96" coul="1" h="1434" lang="en" source="google" w="2541" x="388" y="652">Green</contenuImg>
            <tech source="final">estampe/gravure</tech>
            <fonction source="md">papier-peint</fonction>
            <fonction source="final">papier-peint</fonction>
            <tech CS="1" source="hm">estampe/gravure</tech>
            <theme CS="1" source="md">0</theme>
            <contenuImg CS="1.0" lang="fr" source="md">Motifs en écailles</contenuImg>
            <contenuImg CS="1.0" lang="fr" source="md">Végétaux de fantaisie</contenuImg>
            <contenuImg CS="1.0" lang="fr" source="md">Motifs décoratifs</contenuImg>
            <titraille>Papier à motif répétitif : papier peint</titraille>
          </ill>
        </ills>
      </page>
    </pages>
  </contenus>
</analyseAlto>