<analyseAlto>
  <metad>
    <type>I</type>
    <ID>btv1b6900591d</ID>
    <titre>Papier à motif répétitif : papier peint</titre>
    <dateEdition>1800</dateEdition>
    <auteur>inconnu</auteur>
    <lang>fre</lang>
    <source>Bibliothèque nationale de France</source>
    <sujet>Balustrades -- Feuilles -- Trompe-l_oeil (ornement) -- Peignes (ornement) -- Oves (ornement) -- Rangs de perles (ornement) -- Raie-de-coeur (ornement) -- Charmilles -- Décoration et ornement architecturaux -- Motifs décoratifs</sujet>
    <descr>Appartient à l’ensemble documentaire : PaPeint18 -- Papier peint</descr>
    <format>inconnu</format>
    <couverture>inconnu</couverture>
    <largeurPx>5488</largeurPx>
    <hauteurPx>6776</hauteurPx>
    <ocr>false</ocr>
    <toc>false</toc>
    <nbPage>1</nbPage>
  </metad>
  <contenus ocr="false" toc="false">
    <largeur>232</largeur>
    <hauteur>286</hauteur>
    <largeurPx>5488</largeurPx>
    <hauteurPx>6776</hauteurPx>
    <pages>
      <page ordre="1">
        <blocIll ocr="1">1</blocIll>
        <ills>
          <ill classif="CCgoogle" couleur="coul" h="6776" hash="ff4a40005e5b03ff" n="1-1" taille="17" w="5488" x="1" y="1">
            <contenuImg CS="0.91" coul="1" lang="fr" source="google">bronze</contenuImg>
            <contenuImg CS="0.86" h="2603" lang="fr" source="google" w="3458" x="548.8" y="890.6">aqua</contenuImg>
            <contenuImg CS="0.68" lang="fr" source="google">épi de faîtage</contenuImg>
            <contenuImg CS="0.75" lang="fr" source="google">modèle motif</contenuImg>
            <contenuImg CS="0.90" coul="1" h="2603" lang="fr" source="google" w="3458" x="548.8" y="890.6">bleu canard</contenuImg>
            <contenuImg CS="0.82" coul="1" h="2603" lang="fr" source="google" w="3458" x="548.8" y="890.6">turquoise</contenuImg>
            <contenuImg CS="0.75" lang="fr" source="google">modèle</contenuImg>
            <contenuImg CS="0.64" lang="fr" source="google">balustre</contenuImg>
            <contenuImg CS="0.63" lang="fr" source="google">sculpture</contenuImg>
            <contenuImg CS="0.60" lang="fr" source="google">bois</contenuImg>
            <contenuImg CS="0.50" lang="fr" source="google">art</contenuImg>
            <contenuImg CS="0.55" coul="1" lang="fr" source="google">vert cuivre foncé</contenuImg>
            <contenuImg CS="0.53" coul="1" lang="fr" source="google">gris ardoise foncé</contenuImg>
            <contenuImg CS="0.34" coul="1" lang="fr" source="google">vert foncé</contenuImg>
            <contenuImg b="255" coul="1" g="255" ordre="5" r="255" source="colorific" type="frg">#ffffff</contenuImg>
            <contenuImg b="22" coul="1" g="34" ordre="4" r="22" source="colorific" type="frg">#162216</contenuImg>
            <contenuImg b="45" coul="1" g="96" ordre="3" r="138" source="colorific" type="frg">#8a602d</contenuImg>
            <contenuImg b="118" coul="1" g="178" ordre="2" r="208" source="colorific" type="frg">#d0b276</contenuImg>
            <contenuImg b="81" coul="1" g="94" ordre="1" r="61" source="colorific" type="frg">#3d5e51</contenuImg>
            <contenuImg CS="1.0" lang="en" source="md">decorative patterns</contenuImg>
            <contenuImg CS="1.0" lang="en" source="md">architectural decoration and ornament</contenuImg>
            <contenuImg CS="1.0" lang="en" source="md">charmilles (plants)</contenuImg>
            <contenuImg CS="1.0" lang="en" source="md">stripe-of-heart (ornament)</contenuImg>
            <contenuImg CS="1.0" lang="en" source="md">rows of pearls (ornament)</contenuImg>
            <contenuImg CS="1.0" lang="en" source="md">egg-and-dart (ornament)</contenuImg>
            <contenuImg CS="1.0" lang="en" source="md">cmbs (ornament)</contenuImg>
            <contenuImg CS="1.0" lang="en" source="md">trompe-l'oeil (ornament)</contenuImg>
            <contenuImg CS="1.0" lang="en" source="md">leaves (plants)</contenuImg>
            <contenuImg CS="1.0" lang="en" source="md">balustrades</contenuImg>
            <contenuImg CS="0.34" coul="1" lang="en" source="google">darkgreen</contenuImg>
            <contenuImg CS="0.40" coul="1" lang="en" source="google">darkgreen</contenuImg>
            <contenuImg CS="0.53" coul="1" lang="en" source="google">darkslategrey</contenuImg>
            <contenuImg CS="0.55" coul="1" lang="en" source="google">darkgreencopper</contenuImg>
            <contenuImg CS="0.17" coul="1" lang="en" source="google">darkslategrey</contenuImg>
            <contenuImg CS="0.91" coul="1" lang="en" source="google">bronzeii</contenuImg>
            <contenuImg CS="0.50" lang="en" source="google">Art</contenuImg>
            <contenuImg CS="0.60" lang="en" source="google">Wood</contenuImg>
            <contenuImg CS="0.63" lang="en" source="google">Carving</contenuImg>
            <contenuImg CS="0.64" lang="en" source="google">Baluster</contenuImg>
            <contenuImg CS="0.68" lang="en" source="google">Finial</contenuImg>
            <contenuImg CS="0.75" lang="en" source="google">Pattern</contenuImg>
            <contenuImg CS="0.82" coul="1" h="2603" lang="en" source="google" w="3458" x="548.8" y="890.6">Turquoise</contenuImg>
            <contenuImg CS="0.86" h="2603" lang="en" source="google" w="3458" x="548.8" y="890.6">Aqua</contenuImg>
            <contenuImg CS="0.90" coul="1" h="2603" lang="en" source="google" w="3458" x="548.8" y="890.6">Teal</contenuImg>
            <contenuImg CS="0.93" coul="1" h="2603" lang="en" source="google" w="3458" x="548.8" y="890.6">Turquoise</contenuImg>
            <tech source="final">estampe/gravure</tech>
            <fonction source="md">papier-peint</fonction>
            <fonction source="final">papier-peint</fonction>
            <tech CS="1" source="hm">estampe/gravure</tech>
            <theme CS="1" source="md">0</theme>
            <contenuImg CS="1.0" lang="fr" source="md">Balustrades</contenuImg>
            <contenuImg CS="1.0" lang="fr" source="md">Feuilles</contenuImg>
            <contenuImg CS="1.0" lang="fr" source="md">Trompe-l'oeil (ornement)</contenuImg>
            <contenuImg CS="1.0" lang="fr" source="md">Peignes (ornement)</contenuImg>
            <contenuImg CS="1.0" lang="fr" source="md">Oves (ornement)</contenuImg>
            <contenuImg CS="1.0" lang="fr" source="md">Rangs de perles (ornement)</contenuImg>
            <contenuImg CS="1.0" lang="fr" source="md">Raie-de-coeur (ornement)</contenuImg>
            <contenuImg CS="1.0" lang="fr" source="md">Charmilles</contenuImg>
            <contenuImg CS="1.0" lang="fr" source="md">Décoration et ornement architecturaux</contenuImg>
            <contenuImg CS="1.0" lang="fr" source="md">Motifs décoratifs</contenuImg>
            <titraille>Papier à motif répétitif : papier peint</titraille>
          </ill>
        </ills>
      </page>
    </pages>
  </contenus>
</analyseAlto>