<analyseAlto>
  <metad>
    <type>I</type>
    <ID>btv1b6900729r</ID>
    <titre>Papier à motif répétitif : papier peint</titre>
    <dateEdition>1803</dateEdition>
    <auteur>Jacquemart et Bénard (Manufacture). Fonction indéterminée</auteur>
    <lang>fre</lang>
    <source>Bibliothèque nationale de France</source>
    <sujet>Branchages -- Feuilles stylisées (ornement) -- Motifs décoratifs</sujet>
    <descr>Appartient à l’ensemble documentaire : PaPeint18 -- Papier peint</descr>
    <format>inconnu</format>
    <couverture>inconnu</couverture>
    <largeurPx>6800</largeurPx>
    <hauteurPx>4864</hauteurPx>
    <ocr>false</ocr>
    <toc>false</toc>
    <nbPage>1</nbPage>
  </metad>
  <contenus ocr="false" toc="false">
    <largeur>287</largeur>
    <hauteur>205</hauteur>
    <largeurPx>6800</largeurPx>
    <hauteurPx>4864</hauteurPx>
    <pages>
      <page ordre="1">
        <blocIll ocr="1">1</blocIll>
        <ills>
          <ill classif="CCgoogle" couleur="coul" h="4864" hash="ffecf8e0e0d8e080" n="1-1" taille="15" w="6800" x="1" y="1">
            <contenuImg CS="0.76" lang="fr" source="google">conception</contenuImg>
            <contenuImg CS="0.72" lang="fr" source="google">textile</contenuImg>
            <contenuImg CS="0.73" lang="fr" source="google">modèle motif</contenuImg>
            <contenuImg CS="0.92" coul="1" h="3054" lang="fr" source="google" w="1710" x="3240" y="486.4">jaune</contenuImg>
            <contenuImg CS="0.83" coul="1" h="3054" lang="fr" source="google" w="1710" x="3240" y="486.4">violet</contenuImg>
            <contenuImg CS="0.82" h="3054" lang="fr" source="google" w="1710" x="3240" y="486.4">ligne</contenuImg>
            <contenuImg CS="0.76" lang="fr" source="google">design</contenuImg>
            <contenuImg CS="0.73" lang="fr" source="google">modèle</contenuImg>
            <contenuImg CS="0.61" lang="fr" source="google">fond d'écran</contenuImg>
            <contenuImg CS="0.55" lang="fr" source="google">symétrie</contenuImg>
            <contenuImg CS="1.26" coul="1" lang="fr" source="google">laiton</contenuImg>
            <contenuImg CS="0.34" coul="1" lang="fr" source="google">bois moyen</contenuImg>
            <contenuImg CS="0.19" coul="1" lang="fr" source="google">gerbe d'or (Solidago)</contenuImg>
            <contenuImg CS="0.07" coul="1" lang="fr" source="google">beige</contenuImg>
            <contenuImg CS="0.04" coul="1" lang="fr" source="google">rose</contenuImg>
            <contenuImg b="118" coul="1" g="184" r="219" source="colorific" type="bkg">#dbb876</contenuImg>
            <contenuImg b="119" coul="1" g="155" ordre="3" r="193" source="colorific" type="frg">#c19b77</contenuImg>
            <contenuImg b="116" coul="1" g="100" ordre="2" r="139" source="colorific" type="frg">#8b6474</contenuImg>
            <contenuImg b="120" coul="1" g="127" ordre="1" r="168" source="colorific" type="frg">#a87f78</contenuImg>
            <contenuImg CS="1.0" lang="en" source="md">decorative patterns</contenuImg>
            <contenuImg CS="1.0" lang="en" source="md">stylized leaves (ornament)</contenuImg>
            <contenuImg CS="1.0" lang="en" source="md">boughs</contenuImg>
            <contenuImg CS="0.04" coul="1" lang="en" source="google">pink</contenuImg>
            <contenuImg CS="0.07" coul="1" lang="en" source="google">tan</contenuImg>
            <contenuImg CS="0.19" coul="1" lang="en" source="google">goldenrod</contenuImg>
            <contenuImg CS="0.34" coul="1" lang="en" source="google">mediumwood</contenuImg>
            <contenuImg CS="1.26" coul="1" lang="en" source="google">brass</contenuImg>
            <contenuImg CS="0.13" coul="1" lang="en" source="google">mediumwood</contenuImg>
            <contenuImg CS="2.84" coul="1" lang="en" source="google">tan</contenuImg>
            <contenuImg CS="0.55" lang="en" source="google">Symmetry</contenuImg>
            <contenuImg CS="0.61" lang="en" source="google">Wallpaper</contenuImg>
            <contenuImg CS="0.72" lang="en" source="google">Textile</contenuImg>
            <contenuImg CS="0.73" lang="en" source="google">Pattern</contenuImg>
            <contenuImg CS="0.76" lang="en" source="google">Design</contenuImg>
            <contenuImg CS="0.82" h="3054" lang="en" source="google" w="1710" x="3240" y="486.4">Line</contenuImg>
            <contenuImg CS="0.83" coul="1" h="3054" lang="en" source="google" w="1710" x="3240" y="486.4">Purple</contenuImg>
            <contenuImg CS="0.92" h="3054" lang="en" source="google" w="1710" x="3240" y="486.4">Yellow</contenuImg>
            <contenuImg CS="0.94" h="3054" lang="en" source="google" w="1710" x="3240" y="486.4">Pattern</contenuImg>
            <tech source="final">estampe/gravure</tech>
            <fonction source="md">papier-peint</fonction>
            <fonction source="final">papier-peint</fonction>
            <tech CS="1" source="hm">estampe/gravure</tech>
            <theme CS="1" source="md">0</theme>
            <contenuImg CS="1.0" lang="fr" source="md">Branchages</contenuImg>
            <contenuImg CS="1.0" lang="fr" source="md">Feuilles stylisées (ornement)</contenuImg>
            <contenuImg CS="1.0" lang="fr" source="md">Motifs décoratifs</contenuImg>
            <titraille>Papier à motif répétitif : papier peint</titraille>
          </ill>
        </ills>
      </page>
    </pages>
  </contenus>
</analyseAlto>