<analyseAlto>
  <metad>
    <type>I</type>
    <ID>btv1b6901231d</ID>
    <titre>Papier à motif répétitif : papier peint</titre>
    <dateEdition>1802</dateEdition>
    <auteur>Zuber et Compagnie (Manufacture). Fonction indéterminée</auteur>
    <lang>fre</lang>
    <source>Bibliothèque nationale de France, département Estampes et photographie, EST LI-22</source>
    <sujet>Arts décoratifs -- Europe -- Influence chinoise -- Personnages -- Dans l_art -- Femmes -- Enfants -- Dragons -- Insectes -- Festons -- Fleurs stylisées (ornement) -- Draperies (ornement) -- Motifs décoratifs</sujet>
    <descr>Appartient à l’ensemble documentaire : PaPeint18 -- Papier peint</descr>
    <format>inconnu</format>
    <couverture>inconnu</couverture>
    <largeurPx>6880</largeurPx>
    <hauteurPx>6584</hauteurPx>
    <ocr>false</ocr>
    <toc>false</toc>
    <caption>false</caption>
    <nbPage>1</nbPage>
  </metad>
  <contenus ocr="false" toc="false">
    <largeur>291</largeur>
    <hauteur>278</hauteur>
    <largeurPx>6880</largeurPx>
    <hauteurPx>6584</hauteurPx>
    <pages>
      <page ordre="1">
        <blocIll ocr="1">1</blocIll>
        <ills>
          <ill classif="CCgoogle" couleur="coul" h="6584" hash="f9c00f99fe0f00f8" n="1-1" taille="21" w="6880" x="1" y="1">
            <contenuImg CS="0.66" h="4085" lang="fr" source="google" w="3063" x="1291" y="658.4">pièce</contenuImg>
            <contenuImg CS="0.63" h="4085" lang="fr" source="google" w="3063" x="1291" y="658.4">miniature</contenuImg>
            <contenuImg CS="0.50" h="4085" lang="fr" source="google" w="3063" x="1291" y="658.4">art</contenuImg>
            <contenuImg CS="0.81" coul="1" lang="fr" source="google">bleu cadet</contenuImg>
            <contenuImg CS="0.28" coul="1" lang="fr" source="google">vert olive foncé</contenuImg>
            <contenuImg CS="0.27" coul="1" lang="fr" source="google">noir</contenuImg>
            <contenuImg CS="0.25" coul="1" lang="fr" source="google">vert cuivre foncé</contenuImg>
            <contenuImg CS="0.10" coul="1" lang="fr" source="google">rose</contenuImg>
            <contenuImg CS="0.26" coul="1" lang="fr" source="google">gris</contenuImg>
            <contenuImg b="23" coul="1" g="30" ordre="6" r="14" source="colorific" type="frg">#0e1e17</contenuImg>
            <contenuImg b="69" coul="1" g="79" ordre="5" r="47" source="colorific" type="frg">#2f4f45</contenuImg>
            <contenuImg b="45" coul="1" g="71" ordre="4" r="91" source="colorific" type="frg">#5b472d</contenuImg>
            <contenuImg b="116" coul="1" g="114" ordre="3" r="91" source="colorific" type="frg">#5b7274</contenuImg>
            <contenuImg b="121" coul="1" g="129" ordre="2" r="138" source="colorific" type="frg">#8a8179</contenuImg>
            <contenuImg b="174" coul="1" g="155" ordre="1" r="124" source="colorific" type="frg">#7c9bae</contenuImg>
            <contenuImg CS="1.0" lang="en" source="md">decorative patterns</contenuImg>
            <contenuImg CS="1.0" lang="en" source="md">draperies (ornament)</contenuImg>
            <contenuImg CS="1.0" lang="en" source="md">stylized flowers (ornament)</contenuImg>
            <contenuImg CS="1.0" lang="en" source="md">scallops</contenuImg>
            <contenuImg CS="1.0" lang="en" source="md">insects</contenuImg>
            <contenuImg CS="1.0" lang="en" source="md">dragons</contenuImg>
            <contenuImg CS="1.0" lang="en" source="md">children</contenuImg>
            <contenuImg CS="1.0" lang="en" source="md">women</contenuImg>
            <contenuImg CS="1.0" lang="en" source="md">characters - in art</contenuImg>
            <contenuImg CS="1.0" lang="en" source="md">decorative arts - Europe - Chinese influence</contenuImg>
            <contenuImg CS="0.26" coul="1" lang="en" source="google">gray</contenuImg>
            <contenuImg CS="0.10" coul="1" lang="en" source="google">pink</contenuImg>
            <contenuImg CS="0.25" coul="1" lang="en" source="google">darkgreencopper</contenuImg>
            <contenuImg CS="0.27" coul="1" lang="en" source="google">black</contenuImg>
            <contenuImg CS="0.27" coul="1" lang="en" source="google">pink</contenuImg>
            <contenuImg CS="0.28" coul="1" lang="en" source="google">darkolivegreen</contenuImg>
            <contenuImg CS="0.81" coul="1" lang="en" source="google">cadetblue</contenuImg>
            <contenuImg CS="0.50" h="4085" lang="en" source="google" w="3063" x="1291" y="658.4">Art</contenuImg>
            <contenuImg CS="0.63" h="4085" lang="en" source="google" w="3063" x="1291" y="658.4">Miniature</contenuImg>
            <contenuImg CS="0.66" h="4085" lang="en" source="google" w="3063" x="1291" y="658.4">Room</contenuImg>
            <tech source="final">estampe/gravure</tech>
            <fonction source="md">papier-peint</fonction>
            <fonction source="final">papier-peint</fonction>
            <tech CS="1" source="hm">estampe/gravure</tech>
            <theme CS="1" source="md">0</theme>
            <contenuImg CS="1.0" lang="fr" source="md">Arts décoratifs -- Europe -- Influence chinoise</contenuImg>
            <contenuImg CS="1.0" lang="fr" source="md">Personnages -- Dans l'art</contenuImg>
            <contenuImg CS="1.0" lang="fr" source="md">Femmes</contenuImg>
            <contenuImg CS="1.0" lang="fr" source="md">Enfants</contenuImg>
            <contenuImg CS="1.0" lang="fr" source="md">Dragons</contenuImg>
            <contenuImg CS="1.0" lang="fr" source="md">Insectes</contenuImg>
            <contenuImg CS="1.0" lang="fr" source="md">Festons</contenuImg>
            <contenuImg CS="1.0" lang="fr" source="md">Fleurs stylisées (ornement)</contenuImg>
            <contenuImg CS="1.0" lang="fr" source="md">Draperies (ornement)</contenuImg>
            <contenuImg CS="1.0" lang="fr" source="md">Motifs décoratifs</contenuImg>
            <titraille>Papier à motif répétitif : papier peint</titraille>
          </ill>
        </ills>
      </page>
    </pages>
  </contenus>
</analyseAlto>