<analyseAlto>
  <metad>
    <type>I</type>
    <ID>btv1b69007327</ID>
    <titre>Papier à motif répétitif : papier peint</titre>
    <dateEdition>1803</dateEdition>
    <auteur>Jacquemart et Bénard (Manufacture). Fonction indéterminée</auteur>
    <lang>fre</lang>
    <source>Bibliothèque nationale de France</source>
    <sujet>Peinture et décoration murales -- Draperies (ornement) -- Motifs de fantaisie -- Motifs décoratifs</sujet>
    <descr>Appartient à l’ensemble documentaire : PaPeint18 -- Papier peint</descr>
    <format>inconnu</format>
    <couverture>inconnu</couverture>
    <largeurPx>6776</largeurPx>
    <hauteurPx>6096</hauteurPx>
    <ocr>false</ocr>
    <toc>false</toc>
    <nbPage>1</nbPage>
  </metad>
  <contenus ocr="false" toc="false">
    <largeur>286</largeur>
    <hauteur>258</hauteur>
    <largeurPx>6776</largeurPx>
    <hauteurPx>6096</hauteurPx>
    <pages>
      <page ordre="1">
        <blocIll ocr="1">1</blocIll>
        <ills>
          <ill classif="CCgoogle" couleur="coul" h="6096" hash="6643db66c3c362c3" n="1-1" taille="19" w="6776" x="1" y="1">
            <contenuImg CS="0.78" h="3838" lang="fr" source="google" w="2151" x="1318.6" y="609.6">conception</contenuImg>
            <contenuImg CS="0.66" h="3838" lang="fr" source="google" w="2151" x="1318.6" y="609.6">textile</contenuImg>
            <contenuImg CS="0.61" lang="fr" source="google">caramel (couleur)</contenuImg>
            <contenuImg CS="0.61" lang="fr" source="google">modèle motif</contenuImg>
            <contenuImg CS="0.92" coul="1" h="3838" lang="fr" source="google" w="2151" x="1318.6" y="609.6">marron</contenuImg>
            <contenuImg CS="0.78" h="3838" lang="fr" source="google" w="2151" x="1318.6" y="609.6">design</contenuImg>
            <contenuImg CS="0.65" lang="fr" source="google">bois</contenuImg>
            <contenuImg CS="0.62" lang="fr" source="google">arts visuels</contenuImg>
            <contenuImg CS="0.61" lang="fr" source="google">modèle</contenuImg>
            <contenuImg CS="1.54" coul="1" lang="fr" source="google">morceaux de chocolat</contenuImg>
            <contenuImg CS="1.01" coul="1" lang="fr" source="google">brun foncé</contenuImg>
            <contenuImg CS="0.55" coul="1" lang="fr" source="google">chocolat à pâtisser</contenuImg>
            <contenuImg CS="0.51" coul="1" lang="fr" source="google">feldspath</contenuImg>
            <contenuImg CS="0.42" coul="1" lang="fr" source="google">vieux rose</contenuImg>
            <contenuImg CS="0.23" coul="1" lang="fr" source="google">beige pâle</contenuImg>
            <contenuImg b="53" coul="1" g="88" r="123" source="colorific" type="bkg">#7b5835</contenuImg>
            <contenuImg b="115" coul="1" g="105" ordre="2" r="153" source="colorific" type="frg">#996973</contenuImg>
            <contenuImg b="29" coul="1" g="49" ordre="1" r="84" source="colorific" type="frg">#54311d</contenuImg>
            <contenuImg CS="1.0" lang="en" source="md">decorative patterns</contenuImg>
            <contenuImg CS="1.0" lang="en" source="md">fantasy patterns</contenuImg>
            <contenuImg CS="1.0" lang="en" source="md">draperies (ornament)</contenuImg>
            <contenuImg CS="1.0" lang="en" source="md">painting and wall decoration</contenuImg>
            <contenuImg CS="0.23" coul="1" lang="en" source="google">newtan</contenuImg>
            <contenuImg CS="0.42" coul="1" lang="en" source="google">dustyrose</contenuImg>
            <contenuImg CS="0.51" coul="1" lang="en" source="google">feldspar</contenuImg>
            <contenuImg CS="0.55" coul="1" lang="en" source="google">bakerschocolate</contenuImg>
            <contenuImg CS="0.59" coul="1" lang="en" source="google">bakerschocolate</contenuImg>
            <contenuImg CS="1.01" coul="1" lang="en" source="google">darktan</contenuImg>
            <contenuImg CS="1.54" coul="1" lang="en" source="google">semisweetchocolate</contenuImg>
            <contenuImg CS="0.61" coul="1" lang="en" source="google">Caramel color</contenuImg>
            <contenuImg CS="0.61" lang="en" source="google">Pattern</contenuImg>
            <contenuImg CS="0.62" lang="en" source="google">Visual arts</contenuImg>
            <contenuImg CS="0.65" lang="en" source="google">Wood</contenuImg>
            <contenuImg CS="0.66" h="3838" lang="en" source="google" w="2151" x="1318.6" y="609.6">Textile</contenuImg>
            <contenuImg CS="0.78" h="3838" lang="en" source="google" w="2151" x="1318.6" y="609.6">Design</contenuImg>
            <contenuImg CS="0.92" coul="1" h="3838" lang="en" source="google" w="2151" x="1318.6" y="609.6">Brown</contenuImg>
            <contenuImg CS="0.95" h="3838" lang="en" source="google" w="2151" x="1318.6" y="609.6">Pattern</contenuImg>
            <tech source="final">estampe/gravure</tech>
            <fonction source="md">papier-peint</fonction>
            <fonction source="final">papier-peint</fonction>
            <tech CS="1" source="hm">estampe/gravure</tech>
            <theme CS="1" source="md">0</theme>
            <contenuImg CS="1.0" lang="fr" source="md">Peinture et décoration murales</contenuImg>
            <contenuImg CS="1.0" lang="fr" source="md">Draperies (ornement)</contenuImg>
            <contenuImg CS="1.0" lang="fr" source="md">Motifs de fantaisie</contenuImg>
            <contenuImg CS="1.0" lang="fr" source="md">Motifs décoratifs</contenuImg>
            <titraille>Papier à motif répétitif : papier peint</titraille>
          </ill>
        </ills>
      </page>
    </pages>
  </contenus>
</analyseAlto>