<analyseAlto>
  <metad>
    <type>I</type>
    <ID>btv1b69010717</ID>
    <titre>Papier à motif répétitif : papier peint</titre>
    <dateEdition>1799</dateEdition>
    <auteur>inconnu</auteur>
    <lang>fre</lang>
    <source>Bibliothèque nationale de France, département Estampes et photographie, EST LI-16</source>
    <sujet>Papillons -- Escargots -- Lyre -- Insectes -- Arrosoirs -- Outils horticoles -- Oiseaux -- Instruments de musique -- Bêches -- Fourches -- Palettes (peinture) -- Motifs décoratifs</sujet>
    <descr>Appartient à l’ensemble documentaire : PaPeint18 -- Papier peint</descr>
    <format>inconnu</format>
    <couverture>inconnu</couverture>
    <largeurPx>3808</largeurPx>
    <hauteurPx>7128</hauteurPx>
    <ocr>false</ocr>
    <toc>false</toc>
    <caption>false</caption>
    <nbPage>1</nbPage>
  </metad>
  <contenus ocr="false" toc="false">
    <largeur>161</largeur>
    <hauteur>301</hauteur>
    <largeurPx>3808</largeurPx>
    <hauteurPx>7128</hauteurPx>
    <pages>
      <page ordre="1">
        <blocIll ocr="1">1</blocIll>
        <ills>
          <ill classif="CCgoogle" couleur="coul" h="7128" hash="01999dd939b91dd1" n="1-1" taille="12" w="3808" x="1" y="1">
            <contenuImg CS="0.72" h="1216" lang="fr" source="google" w="2156" x="380.8" y="2849.8">conception</contenuImg>
            <contenuImg CS="0.52" lang="fr" source="google">jeux</contenuImg>
            <contenuImg CS="0.72" h="1216" lang="fr" source="google" w="2156" x="380.8" y="2849.8">modèle motif</contenuImg>
            <contenuImg CS="0.93" coul="1" h="1216" lang="fr" source="google" w="2156" x="380.8" y="2849.8">vert</contenuImg>
            <contenuImg CS="0.72" h="1216" lang="fr" source="google" w="2156" x="380.8" y="2849.8">modèle</contenuImg>
            <contenuImg CS="0.72" h="1216" lang="fr" source="google" w="2156" x="380.8" y="2849.8">design</contenuImg>
            <contenuImg CS="0.65" h="1216" lang="fr" source="google" w="2156" x="380.8" y="2849.8">architecture</contenuImg>
            <contenuImg CS="0.57" lang="fr" source="google">porte</contenuImg>
            <contenuImg CS="0.55" lang="fr" source="google">arts visuels</contenuImg>
            <contenuImg CS="0.54" lang="fr" source="google">horloge</contenuImg>
            <contenuImg CS="0.53" lang="fr" source="google">façade</contenuImg>
            <contenuImg CS="0.50" lang="fr" source="google">symétrie</contenuImg>
            <contenuImg CS="1.02" coul="1" lang="fr" source="google">bois moyen</contenuImg>
            <contenuImg CS="0.62" coul="1" lang="fr" source="google">beige pâle</contenuImg>
            <contenuImg CS="0.46" coul="1" lang="fr" source="google">vert foncé</contenuImg>
            <contenuImg CS="0.25" coul="1" lang="fr" source="google">bronze</contenuImg>
            <contenuImg b="129" coul="1" g="175" r="185" source="colorific" type="bkg">#b9af81</contenuImg>
            <contenuImg b="108" coul="1" g="126" ordre="6" r="141" source="colorific" type="frg">#8d7e6c</contenuImg>
            <contenuImg b="16" coul="1" g="31" ordre="5" r="21" source="colorific" type="frg">#151f10</contenuImg>
            <contenuImg b="169" coul="1" g="187" ordre="4" r="189" source="colorific" type="frg">#bdbba9</contenuImg>
            <contenuImg b="73" coul="1" g="77" ordre="3" r="100" source="colorific" type="frg">#644d49</contenuImg>
            <contenuImg b="29" coul="1" g="52" ordre="2" r="57" source="colorific" type="frg">#39341d</contenuImg>
            <contenuImg b="51" coul="1" g="74" ordre="1" r="55" source="colorific" type="frg">#374a33</contenuImg>
            <contenuImg CS="1.0" lang="en" source="md">decorative patterns</contenuImg>
            <contenuImg CS="1.0" lang="en" source="md">pallets (painting)</contenuImg>
            <contenuImg CS="1.0" lang="en" source="md">forks</contenuImg>
            <contenuImg CS="1.0" lang="en" source="md">spades</contenuImg>
            <contenuImg CS="1.0" lang="en" source="md">musical instruments</contenuImg>
            <contenuImg CS="1.0" lang="en" source="md">birds</contenuImg>
            <contenuImg CS="1.0" lang="en" source="md">horticultural tools</contenuImg>
            <contenuImg CS="1.0" lang="en" source="md">watering cans</contenuImg>
            <contenuImg CS="1.0" lang="en" source="md">insects</contenuImg>
            <contenuImg CS="1.0" lang="en" source="md">lyre</contenuImg>
            <contenuImg CS="1.0" lang="en" source="md">snails</contenuImg>
            <contenuImg CS="1.0" lang="en" source="md">butterflies</contenuImg>
            <contenuImg CS="0.25" coul="1" lang="en" source="google">bronze</contenuImg>
            <contenuImg CS="0.46" coul="1" lang="en" source="google">darkgreen</contenuImg>
            <contenuImg CS="0.62" coul="1" lang="en" source="google">newtan</contenuImg>
            <contenuImg CS="0.73" coul="1" lang="en" source="google">newtan</contenuImg>
            <contenuImg CS="0.88" coul="1" lang="en" source="google">bronze</contenuImg>
            <contenuImg CS="1.02" coul="1" lang="en" source="google">mediumwood</contenuImg>
            <contenuImg CS="0.50" lang="en" source="google">Symmetry</contenuImg>
            <contenuImg CS="0.52" lang="en" source="google">Games</contenuImg>
            <contenuImg CS="0.53" lang="en" source="google">Facade</contenuImg>
            <contenuImg CS="0.54" lang="en" source="google">Clock</contenuImg>
            <contenuImg CS="0.55" lang="en" source="google">Visual arts</contenuImg>
            <contenuImg CS="0.57" lang="en" source="google">Door</contenuImg>
            <contenuImg CS="0.65" h="1216" lang="en" source="google" w="2156" x="380.8" y="2849.8">Architecture</contenuImg>
            <contenuImg CS="0.72" h="1216" lang="en" source="google" w="2156" x="380.8" y="2849.8">Design</contenuImg>
            <contenuImg CS="0.72" h="1216" lang="en" source="google" w="2156" x="380.8" y="2849.8">Pattern</contenuImg>
            <contenuImg CS="0.93" coul="1" h="1216" lang="en" source="google" w="2156" x="380.8" y="2849.8">Green</contenuImg>
            <tech source="final">estampe/gravure</tech>
            <fonction source="md">papier-peint</fonction>
            <fonction source="final">papier-peint</fonction>
            <tech CS="1" source="hm">estampe/gravure</tech>
            <theme CS="1" source="md">0</theme>
            <contenuImg CS="1.0" lang="fr" source="md">Papillons</contenuImg>
            <contenuImg CS="1.0" lang="fr" source="md">Escargots</contenuImg>
            <contenuImg CS="1.0" lang="fr" source="md">Lyre</contenuImg>
            <contenuImg CS="1.0" lang="fr" source="md">Insectes</contenuImg>
            <contenuImg CS="1.0" lang="fr" source="md">Arrosoirs</contenuImg>
            <contenuImg CS="1.0" lang="fr" source="md">Outils horticoles</contenuImg>
            <contenuImg CS="1.0" lang="fr" source="md">Oiseaux</contenuImg>
            <contenuImg CS="1.0" lang="fr" source="md">Instruments de musique</contenuImg>
            <contenuImg CS="1.0" lang="fr" source="md">Bêches</contenuImg>
            <contenuImg CS="1.0" lang="fr" source="md">Fourches</contenuImg>
            <contenuImg CS="1.0" lang="fr" source="md">Palettes (peinture)</contenuImg>
            <contenuImg CS="1.0" lang="fr" source="md">Motifs décoratifs</contenuImg>
            <titraille>Papier à motif répétitif : papier peint</titraille>
          </ill>
        </ills>
      </page>
    </pages>
  </contenus>
</analyseAlto>