<analyseAlto>
  <metad>
    <type>I</type>
    <ID>btv1b6900398m</ID>
    <titre>Papier à motif répétitif : papier peint</titre>
    <dateEdition>1799</dateEdition>
    <auteur>inconnu</auteur>
    <lang>fre</lang>
    <source>Bibliothèque nationale de France, département Estampes et photographie, Lz-313 (05)-Tableau</source>
    <sujet>Fleurs -- Roses -- Paniers -- Personnages -- Dans l_art -- Poules -- Textiles et tissus -- Animaux -- Bazin (tissu) -- Motifs décoratifs</sujet>
    <descr>Appartient à l’ensemble documentaire : PaPeint18 -- Papier peint</descr>
    <format>inconnu</format>
    <couverture>inconnu</couverture>
    <largeurPx>7160</largeurPx>
    <hauteurPx>14504</hauteurPx>
    <ocr>false</ocr>
    <toc>false</toc>
    <nbPage>1</nbPage>
  </metad>
  <contenus ocr="false" toc="false">
    <largeur>303</largeur>
    <hauteur>614</hauteur>
    <largeurPx>7160</largeurPx>
    <hauteurPx>14504</hauteurPx>
    <pages>
      <page ordre="1">
        <blocIll ocr="1">1</blocIll>
        <ills>
          <ill classif="CCgoogle" couleur="coul" h="14504" hash="f9c2c1b9a9c74299" n="1-1" taille="48" w="7160" x="1" y="1">
            <contenuImg CS="0.82" h="2109" lang="fr" source="google" w="2104" x="716" y="1877.4">textile</contenuImg>
            <tech source="final">estampe/gravure</tech>
            <fonction source="md">papier-peint</fonction>
            <fonction source="final">papier-peint</fonction>
            <tech CS="1" source="md">estampe/gravure</tech>
            <contenuImg CS="0.62" lang="fr" source="google">modèle motif</contenuImg>
            <contenuImg CS="0.86" h="2109" lang="fr" source="google" w="2104" x="716" y="1877.4">travaux d'aiguille</contenuImg>
            <contenuImg CS="0.76" h="2109" lang="fr" source="google" w="2104" x="716" y="1877.4">broderie</contenuImg>
            <contenuImg CS="0.74" h="2109" lang="fr" source="google" w="2104" x="716" y="1877.4">art</contenuImg>
            <contenuImg CS="0.62" lang="fr" source="google">modèle</contenuImg>
            <contenuImg CS="0.59" lang="fr" source="google">plante</contenuImg>
            <contenuImg CS="0.53" lang="fr" source="google">point</contenuImg>
            <contenuImg CS="0.27" coul="1" lang="fr" source="google">vert cuivre foncé</contenuImg>
            <contenuImg CS="0.63" coul="1" lang="fr" source="google">chocolat à pâtisser</contenuImg>
            <contenuImg CS="0.37" coul="1" lang="fr" source="google">vert olive foncé</contenuImg>
            <contenuImg CS="0.24" coul="1" lang="fr" source="google">vert foncé</contenuImg>
            <contenuImg CS="0.21" coul="1" lang="fr" source="google">gris ardoise foncé</contenuImg>
            <contenuImg b="161" coul="1" g="149" r="118" source="colorific" type="bkg">#7695a1</contenuImg>
            <contenuImg b="15" coul="1" g="26" ordre="5" r="59" source="colorific" type="frg">#3b1a0f</contenuImg>
            <contenuImg b="91" coul="1" g="85" ordre="4" r="55" source="colorific" type="frg">#37555b</contenuImg>
            <contenuImg b="15" coul="1" g="36" ordre="3" r="39" source="colorific" type="frg">#27240f</contenuImg>
            <contenuImg b="107" coul="1" g="114" ordre="2" r="104" source="colorific" type="frg">#68726b</contenuImg>
            <contenuImg b="51" coul="1" g="73" ordre="1" r="63" source="colorific" type="frg">#3f4933</contenuImg>
            <contenuImg CS="1.0" lang="en" source="md">decorative patterns</contenuImg>
            <contenuImg CS="1.0" lang="en" source="md">bazin (fabric)</contenuImg>
            <contenuImg CS="1.0" lang="en" source="md">animals</contenuImg>
            <contenuImg CS="1.0" lang="en" source="md">textiles and fabrics</contenuImg>
            <contenuImg CS="1.0" lang="en" source="md">hens (birds)</contenuImg>
            <contenuImg CS="1.0" lang="en" source="md">characters - in art</contenuImg>
            <contenuImg CS="1.0" lang="en" source="md">baskets</contenuImg>
            <contenuImg CS="1.0" lang="en" source="md">roses (flowers)</contenuImg>
            <contenuImg CS="1.0" lang="en" source="md">flowers</contenuImg>
            <contenuImg CS="0.21" coul="1" lang="en" source="google">darkslategrey</contenuImg>
            <contenuImg CS="0.24" coul="1" lang="en" source="google">darkgreen</contenuImg>
            <contenuImg CS="0.36" coul="1" lang="en" source="google">darkgreen</contenuImg>
            <contenuImg CS="0.37" coul="1" lang="en" source="google">darkolivegreen</contenuImg>
            <contenuImg CS="0.63" coul="1" lang="en" source="google">bakerschocolate</contenuImg>
            <contenuImg CS="0.27" coul="1" lang="en" source="google">darkgreencopper</contenuImg>
            <contenuImg CS="0.78" coul="1" lang="en" source="google">bakerschocolate</contenuImg>
            <contenuImg CS="0.53" lang="en" source="google">Stitch</contenuImg>
            <contenuImg CS="0.59" lang="en" source="google">Plant</contenuImg>
            <contenuImg CS="0.62" lang="en" source="google">Pattern</contenuImg>
            <contenuImg CS="0.74" h="2109" lang="en" source="google" w="2104" x="716" y="1877.4">Art</contenuImg>
            <contenuImg CS="0.76" h="2109" lang="en" source="google" w="2104" x="716" y="1877.4">Embroidery</contenuImg>
            <contenuImg CS="0.82" h="2109" lang="en" source="google" w="2104" x="716" y="1877.4">Textile</contenuImg>
            <contenuImg CS="0.86" h="2109" lang="en" source="google" w="2104" x="716" y="1877.4">Needlework</contenuImg>
            <theme CS="1" source="md">0</theme>
            <contenuImg CS="1.0" lang="fr" source="md">Fleurs</contenuImg>
            <contenuImg CS="1.0" lang="fr" source="md">Roses</contenuImg>
            <contenuImg CS="1.0" lang="fr" source="md">Paniers</contenuImg>
            <contenuImg CS="1.0" lang="fr" source="md">Personnages -- Dans l'art</contenuImg>
            <contenuImg CS="1.0" lang="fr" source="md">Poules</contenuImg>
            <contenuImg CS="1.0" lang="fr" source="md">Textiles et tissus</contenuImg>
            <contenuImg CS="1.0" lang="fr" source="md">Animaux</contenuImg>
            <contenuImg CS="1.0" lang="fr" source="md">Bazin (tissu)</contenuImg>
            <contenuImg CS="1.0" lang="fr" source="md">Motifs décoratifs</contenuImg>
            <titraille>Papier à motif répétitif : papier peint</titraille>
          </ill>
        </ills>
      </page>
    </pages>
  </contenus>
</analyseAlto>