<analyseAlto>
  <metad>
    <type>I</type>
    <ID>btv1b6900475z</ID>
    <titre>Papier à motif répétitif : papier peint</titre>
    <dateEdition>1799</dateEdition>
    <auteur>inconnu</auteur>
    <lang>fre</lang>
    <source>Bibliothèque nationale de France</source>
    <sujet>Motifs de fantaisie -- Quadrillage -- Motifs décoratifs</sujet>
    <descr>Appartient à l’ensemble documentaire : PaPeint18 -- Papier peint</descr>
    <format>inconnu</format>
    <couverture>inconnu</couverture>
    <largeurPx>6824</largeurPx>
    <hauteurPx>4696</hauteurPx>
    <ocr>false</ocr>
    <toc>false</toc>
    <nbPage>1</nbPage>
  </metad>
  <contenus ocr="false" toc="false">
    <largeur>288</largeur>
    <hauteur>198</hauteur>
    <largeurPx>6824</largeurPx>
    <hauteurPx>4696</hauteurPx>
    <pages>
      <page ordre="1">
        <blocIll ocr="1">1</blocIll>
        <ills>
          <ill classif="CCgoogle" couleur="coul" h="4696" hash="e3f3e3e7c0f100c1" n="1-1" taille="14" w="6824" x="1" y="1">
            <contenuImg CS="0.81" h="2940" lang="fr" source="google" w="1648" x="3304.4" y="469.6">conception</contenuImg>
            <contenuImg CS="0.66" lang="fr" source="google">textile</contenuImg>
            <contenuImg CS="0.81" h="2940" lang="fr" source="google" w="1648" x="3304.4" y="469.6">modèle motif</contenuImg>
            <contenuImg CS="0.84" h="2940" lang="fr" source="google" w="1648" x="3304.4" y="469.6">symétrie</contenuImg>
            <contenuImg CS="0.81" h="2940" lang="fr" source="google" w="1648" x="3304.4" y="469.6">design</contenuImg>
            <contenuImg CS="0.81" h="2940" lang="fr" source="google" w="1648" x="3304.4" y="469.6">modèle</contenuImg>
            <contenuImg CS="0.79" lang="fr" source="google">ligne</contenuImg>
            <contenuImg CS="0.69" lang="fr" source="google">arts visuels</contenuImg>
            <contenuImg CS="0.66" lang="fr" source="google">fond d'écran</contenuImg>
            <contenuImg CS="0.48" coul="1" lang="fr" source="google">rose</contenuImg>
            <contenuImg CS="0.45" coul="1" lang="fr" source="google">vert olive foncé</contenuImg>
            <contenuImg CS="0.47" coul="1" lang="fr" source="google">bronze</contenuImg>
            <contenuImg CS="0.44" coul="1" lang="fr" source="google">noir</contenuImg>
            <contenuImg CS="0.41" coul="1" lang="fr" source="google">beige pâle</contenuImg>
            <contenuImg b="139" coul="1" g="189" r="206" source="colorific" type="bkg">#cebd8b</contenuImg>
            <contenuImg b="71" coul="1" g="85" ordre="6" r="93" source="colorific" type="frg">#5d5547</contenuImg>
            <contenuImg b="115" coul="1" g="139" ordre="5" r="145" source="colorific" type="frg">#918b73</contenuImg>
            <contenuImg b="23" coul="1" g="40" ordre="4" r="40" source="colorific" type="frg">#282817</contenuImg>
            <contenuImg b="94" coul="1" g="119" ordre="3" r="83" source="colorific" type="frg">#53775e</contenuImg>
            <contenuImg b="120" coul="1" g="124" ordre="2" r="141" source="colorific" type="frg">#8d7c78</contenuImg>
            <contenuImg b="0" coul="1" g="0" ordre="1" r="0" source="colorific" type="frg">#000000</contenuImg>
            <contenuImg CS="1.0" lang="en" source="md">decorative patterns</contenuImg>
            <contenuImg CS="1.0" lang="en" source="md">grid</contenuImg>
            <contenuImg CS="1.0" lang="en" source="md">fantasy patterns</contenuImg>
            <contenuImg CS="0.41" coul="1" lang="en" source="google">newtan</contenuImg>
            <contenuImg CS="0.44" coul="1" lang="en" source="google">black</contenuImg>
            <contenuImg CS="0.47" coul="1" lang="en" source="google">bronze</contenuImg>
            <contenuImg CS="0.45" coul="1" lang="en" source="google">darkolivegreen</contenuImg>
            <contenuImg CS="0.48" coul="1" lang="en" source="google">pink</contenuImg>
            <contenuImg CS="1.32" coul="1" lang="en" source="google">bronze</contenuImg>
            <contenuImg CS="0.66" lang="en" source="google">Textile</contenuImg>
            <contenuImg CS="0.66" lang="en" source="google">Wallpaper</contenuImg>
            <contenuImg CS="0.69" lang="en" source="google">Visual arts</contenuImg>
            <contenuImg CS="0.79" lang="en" source="google">Line</contenuImg>
            <contenuImg CS="0.81" h="2940" lang="en" source="google" w="1648" x="3304.4" y="469.6">Pattern</contenuImg>
            <contenuImg CS="0.81" h="2940" lang="en" source="google" w="1648" x="3304.4" y="469.6">Design</contenuImg>
            <contenuImg CS="0.84" h="2940" lang="en" source="google" w="1648" x="3304.4" y="469.6">Symmetry</contenuImg>
            <contenuImg CS="0.97" h="2940" lang="en" source="google" w="1648" x="3304.4" y="469.6">Pattern</contenuImg>
            <tech source="final">estampe/gravure</tech>
            <fonction source="md">papier-peint</fonction>
            <fonction source="final">papier-peint</fonction>
            <tech CS="1" source="hm">estampe/gravure</tech>
            <theme CS="1" source="md">0</theme>
            <contenuImg CS="1.0" lang="fr" source="md">Motifs de fantaisie</contenuImg>
            <contenuImg CS="1.0" lang="fr" source="md">Quadrillage</contenuImg>
            <contenuImg CS="1.0" lang="fr" source="md">Motifs décoratifs</contenuImg>
            <titraille>Papier à motif répétitif : papier peint</titraille>
          </ill>
        </ills>
      </page>
    </pages>
  </contenus>
</analyseAlto>