<analyseAlto>
  <metad>
    <type>I</type>
    <ID>btv1b69012886</ID>
    <titre>Manufacture J. Zuber et Cie. Dessus de porte. Composition mêlant objets à l_antique et symboles des arts : papier peint</titre>
    <dateEdition>1802</dateEdition>
    <auteur>Zuber et Compagnie (Manufacture). Fonction indéterminée</auteur>
    <lang>fre</lang>
    <source>Bibliothèque nationale de France, département Estampes et photographie, EST LZ-312 (7)</source>
    <sujet>Chevalets de peintres -- Pinceaux d_artistes -- Statues -- Bustes (sculpture) -- Pied -- Bases (architecture) -- Marbre -- Caducée -- Arts -- Aspect symbolique -- Objets à l'antique (ornement) -- Palettes (peinture) -- Rangs de perles (ornement) -- Vases à l'antique -- Coupes à l'antique (ornement) -- Motifs décoratifs -- 1800-1869</sujet>
    <descr>Appartient à l’ensemble documentaire : PaPeint18 -- Papier peint</descr>
    <format>inconnu</format>
    <couverture>inconnu</couverture>
    <largeurPx>12776</largeurPx>
    <hauteurPx>7600</hauteurPx>
    <ocr>false</ocr>
    <toc>false</toc>
    <caption>false</caption>
    <nbPage>1</nbPage>
  </metad>
  <contenus ocr="false" toc="false">
    <largeur>540</largeur>
    <hauteur>321</hauteur>
    <largeurPx>12776</largeurPx>
    <hauteurPx>7600</hauteurPx>
    <pages>
      <page ordre="1">
        <blocIll ocr="1">1</blocIll>
        <ills>
          <ill classif="CCgoogle" couleur="coul" h="7600" hash="ffffe7e7c4010000" n="1-1" taille="45" w="12776" x="1" y="1">
            <contenuImg CS="0.52" h="2536" lang="fr" source="google" w="1420" x="2773.6" y="760">souvenir</contenuImg>
            <contenuImg CS="0.55" h="2536" lang="fr" source="google" w="1420" x="2773.6" y="760">sculpture</contenuImg>
            <contenuImg CS="0.50" h="2536" lang="fr" source="google" w="1420" x="2773.6" y="760">art</contenuImg>
            <contenuImg CS="0.24" coul="1" lang="fr" source="google">bronze</contenuImg>
            <contenuImg CS="0.17" coul="1" lang="fr" source="google">bleu nuit</contenuImg>
            <contenuImg CS="0.13" coul="1" lang="fr" source="google">chocolat à pâtisser</contenuImg>
            <contenuImg CS="0.04" coul="1" lang="fr" source="google">bleu cadet</contenuImg>
            <contenuImg CS="0.15" coul="1" lang="fr" source="google">marron foncé</contenuImg>
            <contenuImg b="183" coul="1" g="160" r="128" source="colorific" type="bkg">#80a0b7</contenuImg>
            <contenuImg b="44" coul="1" g="39" ordre="6" r="13" source="colorific" type="frg">#0d272c</contenuImg>
            <contenuImg b="166" coul="1" g="174" ordre="5" r="166" source="colorific" type="frg">#a6aea6</contenuImg>
            <contenuImg b="87" coul="1" g="81" ordre="4" r="51" source="colorific" type="frg">#335157</contenuImg>
            <contenuImg b="49" coul="1" g="92" ordre="3" r="118" source="colorific" type="frg">#765c31</contenuImg>
            <contenuImg b="93" coul="1" g="114" ordre="2" r="119" source="colorific" type="frg">#77725d</contenuImg>
            <contenuImg b="23" coul="1" g="46" ordre="1" r="82" source="colorific" type="frg">#522e17</contenuImg>
            <contenuImg CS="1.0" lang="en" source="md">decorative patterns - 1800-1869</contenuImg>
            <contenuImg CS="1.0" lang="en" source="md">cups in the antique (ornament)</contenuImg>
            <contenuImg CS="1.0" lang="en" source="md">vases in the antique</contenuImg>
            <contenuImg CS="1.0" lang="en" source="md">rows of pearls (ornament)</contenuImg>
            <contenuImg CS="1.0" lang="en" source="md">pallets (painting)</contenuImg>
            <contenuImg CS="1.0" lang="en" source="md">objects in the antique (ornament)</contenuImg>
            <contenuImg CS="1.0" lang="en" source="md">Arts - symbolic aspect</contenuImg>
            <contenuImg CS="1.0" lang="en" source="md">caduceus</contenuImg>
            <contenuImg CS="1.0" lang="en" source="md">marble</contenuImg>
            <contenuImg CS="1.0" lang="en" source="md">basements (architecture)</contenuImg>
            <contenuImg CS="1.0" lang="en" source="md">foot</contenuImg>
            <contenuImg CS="1.0" lang="en" source="md">busts (sculpture)</contenuImg>
            <contenuImg CS="1.0" lang="en" source="md">statues</contenuImg>
            <contenuImg CS="1.0" lang="en" source="md">artists brushes</contenuImg>
            <contenuImg CS="1.0" lang="en" source="md">painters' easels</contenuImg>
            <contenuImg CS="0.15" coul="1" lang="en" source="google">darkbrown</contenuImg>
            <contenuImg CS="0.04" coul="1" lang="en" source="google">cadetblue</contenuImg>
            <contenuImg CS="0.13" coul="1" lang="en" source="google">bakerschocolate</contenuImg>
            <contenuImg CS="0.17" coul="1" lang="en" source="google">midnightblue</contenuImg>
            <contenuImg CS="0.24" coul="1" lang="en" source="google">bronze</contenuImg>
            <contenuImg CS="2.43" coul="1" lang="en" source="google">cadetblue</contenuImg>
            <contenuImg CS="0.50" h="2536" lang="en" source="google" w="1420" x="2773.6" y="760">Art</contenuImg>
            <contenuImg CS="0.52" h="2536" lang="en" source="google" w="1420" x="2773.6" y="760">Souvenir</contenuImg>
            <contenuImg CS="0.55" h="2536" lang="en" source="google" w="1420" x="2773.6" y="760">Carving</contenuImg>
            <tech source="final">estampe/gravure</tech>
            <fonction source="md">papier-peint</fonction>
            <fonction source="final">papier-peint</fonction>
            <tech CS="1" source="hm">estampe/gravure</tech>
            <theme CS="1" source="md">0</theme>
            <contenuImg CS="1.0" lang="fr" source="md">Chevalets de peintres</contenuImg>
            <contenuImg CS="1.0" lang="fr" source="md">Pinceaux d'artistes</contenuImg>
            <contenuImg CS="1.0" lang="fr" source="md">Statues</contenuImg>
            <contenuImg CS="1.0" lang="fr" source="md">Bustes (sculpture)</contenuImg>
            <contenuImg CS="1.0" lang="fr" source="md">Pied</contenuImg>
            <contenuImg CS="1.0" lang="fr" source="md">Bases (architecture)</contenuImg>
            <contenuImg CS="1.0" lang="fr" source="md">Marbre</contenuImg>
            <contenuImg CS="1.0" lang="fr" source="md">Caducée</contenuImg>
            <contenuImg CS="1.0" lang="fr" source="md">Arts -- Aspect symbolique</contenuImg>
            <contenuImg CS="1.0" lang="fr" source="md">Objets à l'antique (ornement)</contenuImg>
            <contenuImg CS="1.0" lang="fr" source="md">Palettes (peinture)</contenuImg>
            <contenuImg CS="1.0" lang="fr" source="md">Rangs de perles (ornement)</contenuImg>
            <contenuImg CS="1.0" lang="fr" source="md">Vases à l'antique</contenuImg>
            <contenuImg CS="1.0" lang="fr" source="md">Coupes à l'antique (ornement)</contenuImg>
            <contenuImg CS="1.0" lang="fr" source="md">Motifs décoratifs -- 1800-1869</contenuImg>
            <titraille>Manufacture J. Zuber et Cie. Dessus de porte. Composition mêlant objets à l_antique et symboles des arts : papier peint</titraille>
          </ill>
        </ills>
      </page>
    </pages>
  </contenus>
</analyseAlto>