<analyseAlto>
  <metad>
    <type>I</type>
    <ID>btv1b6900817w</ID>
    <titre>Manufacture Jacquemart et Bénard. Bordure. Six bandes de frise de feuilles stylisées : papier peint</titre>
    <dateEdition>1803</dateEdition>
    <auteur>Jacquemart et Bénard (Manufacture). Fonction indéterminée</auteur>
    <lang>fre</lang>
    <source>Bibliothèque nationale de France</source>
    <sujet>Frises -- Feuilles stylisées (ornement) -- Motifs décoratifs -- 1800-1869</sujet>
    <descr>Appartient à l’ensemble documentaire : PaPeint18 -- Papier peint</descr>
    <format>inconnu</format>
    <couverture>inconnu</couverture>
    <largeurPx>4400</largeurPx>
    <hauteurPx>6704</hauteurPx>
    <ocr>false</ocr>
    <toc>false</toc>
    <nbPage>1</nbPage>
  </metad>
  <contenus ocr="false" toc="false">
    <largeur>186</largeur>
    <hauteur>283</hauteur>
    <largeurPx>4400</largeurPx>
    <hauteurPx>6704</hauteurPx>
    <pages>
      <page ordre="1">
        <blocIll ocr="1">1</blocIll>
        <ills>
          <ill classif="CCgoogle" couleur="coul" h="6704" hash="ff003f003f3f003f" n="1-1" taille="13" w="4400" x="1" y="1">
            <contenuImg CS="0.72" h="1581" lang="fr" source="google" w="2797" x="440" y="670.4">conception</contenuImg>
            <contenuImg CS="0.50" h="1581" lang="fr" source="google" w="2797" x="440" y="670.4">modèle motif</contenuImg>
            <contenuImg CS="0.72" h="1581" lang="fr" source="google" w="2797" x="440" y="670.4">design</contenuImg>
            <contenuImg CS="0.50" h="1581" lang="fr" source="google" w="2797" x="440" y="670.4">modèle</contenuImg>
            <contenuImg CS="0.16" coul="1" lang="fr" source="google">saumon</contenuImg>
            <contenuImg CS="0.15" coul="1" lang="fr" source="google">noir</contenuImg>
            <contenuImg CS="0.15" coul="1" lang="fr" source="google">feldspath</contenuImg>
            <contenuImg CS="0.46" coul="1" lang="fr" source="google">beige pâle</contenuImg>
            <contenuImg b="117" coul="1" g="178" r="222" source="colorific" type="bkg">#deb275</contenuImg>
            <contenuImg b="77" coul="1" g="87" ordre="6" r="98" source="colorific" type="frg">#62574d</contenuImg>
            <contenuImg b="32" coul="1" g="36" ordre="5" r="54" source="colorific" type="frg">#362420</contenuImg>
            <contenuImg b="81" coul="1" g="87" ordre="4" r="64" source="colorific" type="frg">#405751</contenuImg>
            <contenuImg b="28" coul="1" g="35" ordre="3" r="32" source="colorific" type="frg">#20231c</contenuImg>
            <contenuImg b="187" coul="1" g="212" ordre="2" r="242" source="colorific" type="frg">#f2d4bb</contenuImg>
            <contenuImg b="120" coul="1" g="101" ordre="1" r="142" source="colorific" type="frg">#8e6578</contenuImg>
            <contenuImg CS="1.0" lang="en" source="md">decorative patterns - 1800-1869</contenuImg>
            <contenuImg CS="1.0" lang="en" source="md">stylized leaves (ornament)</contenuImg>
            <contenuImg CS="1.0" lang="en" source="md">curly</contenuImg>
            <contenuImg CS="0.46" coul="1" lang="en" source="google">newtan</contenuImg>
            <contenuImg CS="0.06" coul="1" lang="en" source="google">newtan</contenuImg>
            <contenuImg CS="0.15" coul="1" lang="en" source="google">feldspar</contenuImg>
            <contenuImg CS="0.15" coul="1" lang="en" source="google">black</contenuImg>
            <contenuImg CS="0.16" coul="1" lang="en" source="google">salmon</contenuImg>
            <contenuImg CS="1.20" coul="1" lang="en" source="google">newtan</contenuImg>
            <contenuImg CS="0.50" h="1581" lang="en" source="google" w="2797" x="440" y="670.4">Pattern</contenuImg>
            <contenuImg CS="0.72" h="1581" lang="en" source="google" w="2797" x="440" y="670.4">Design</contenuImg>
            <contenuImg CS="0.91" h="1581" lang="en" source="google" w="2797" x="440" y="670.4">Pattern</contenuImg>
            <tech source="final">estampe/gravure</tech>
            <fonction source="md">papier-peint</fonction>
            <fonction source="final">papier-peint</fonction>
            <tech CS="1" source="hm">estampe/gravure</tech>
            <theme CS="1" source="md">0</theme>
            <contenuImg CS="1.0" lang="fr" source="md">Frises</contenuImg>
            <contenuImg CS="1.0" lang="fr" source="md">Feuilles stylisées (ornement)</contenuImg>
            <contenuImg CS="1.0" lang="fr" source="md">Motifs décoratifs -- 1800-1869</contenuImg>
            <titraille>Manufacture Jacquemart et Bénard. Bordure. Six bandes de frise de feuilles stylisées : papier peint</titraille>
          </ill>
        </ills>
      </page>
    </pages>
  </contenus>
</analyseAlto>