<analyseAlto>
  <metad>
    <type>I</type>
    <ID>btv1b69005722</ID>
    <titre>Papier à motif répétitif : papier peint</titre>
    <dateEdition>1800</dateEdition>
    <auteur>inconnu</auteur>
    <lang>fre</lang>
    <source>Bibliothèque nationale de France</source>
    <sujet>Textiles et tissus -- Rayures (ornements) -- Motifs décoratifs</sujet>
    <descr>Appartient à l’ensemble documentaire : PaPeint18 -- Papier peint</descr>
    <format>inconnu</format>
    <couverture>inconnu</couverture>
    <largeurPx>6816</largeurPx>
    <hauteurPx>3184</hauteurPx>
    <ocr>false</ocr>
    <toc>false</toc>
    <nbPage>1</nbPage>
  </metad>
  <contenus ocr="false" toc="false">
    <largeur>288</largeur>
    <hauteur>134</hauteur>
    <largeurPx>6816</largeurPx>
    <hauteurPx>3184</hauteurPx>
    <pages>
      <page ordre="1">
        <blocIll ocr="1">1</blocIll>
        <ills>
          <ill classif="CCgoogle" couleur="coul" h="3184" hash="c4c4c0ced5d79786" n="1-1" taille="10" w="6816" x="1" y="1">
            <contenuImg CS="0.81" lang="fr" source="google">aqua</contenuImg>
            <tech source="final">estampe/gravure</tech>
            <fonction source="md">papier-peint</fonction>
            <fonction source="final">papier-peint</fonction>
            <tech CS="1" source="md">estampe/gravure</tech>
            <contenuImg CS="0.57" lang="fr" source="google">modèle motif</contenuImg>
            <contenuImg CS="1.06" coul="1" lang="fr" source="google">vert de mer</contenuImg>
            <contenuImg CS="0.97" coul="1" h="3320" lang="fr" source="google" w="1862" x="3877.6" y="318.4">vert</contenuImg>
            <contenuImg CS="0.92" h="3320" lang="fr" source="google" w="1862" x="3877.6" y="318.4">ligne</contenuImg>
            <contenuImg CS="0.90" coul="1" h="3320" lang="fr" source="google" w="1862" x="3877.6" y="318.4">turquoise</contenuImg>
            <contenuImg CS="0.77" lang="fr" source="google">parallèle</contenuImg>
            <contenuImg CS="0.57" lang="fr" source="google">modèle</contenuImg>
            <contenuImg CS="1.52" coul="1" lang="fr" source="google">rose</contenuImg>
            <contenuImg CS="0.82" coul="1" lang="fr" source="google">bleu cadet</contenuImg>
            <contenuImg CS="0.35" coul="1" lang="fr" source="google">argent</contenuImg>
            <contenuImg CS="0.22" coul="1" lang="fr" source="google">quartz</contenuImg>
            <contenuImg CS="0.21" coul="1" lang="fr" source="google">blé</contenuImg>
            <contenuImg CS="0.17" coul="1" lang="fr" source="google">vert cuivre foncé</contenuImg>
            <contenuImg b="255" coul="1" g="255" r="255" source="colorific" type="bkg">#ffffff</contenuImg>
            <contenuImg b="144" coul="1" g="201" ordre="3" r="215" source="colorific" type="frg">#d7c990</contenuImg>
            <contenuImg b="118" coul="1" g="132" ordre="2" r="84" source="colorific" type="frg">#548476</contenuImg>
            <contenuImg b="150" coul="1" g="144" ordre="1" r="176" source="colorific" type="frg">#b09096</contenuImg>
            <contenuImg CS="1.0" lang="en" source="md">decorative patterns</contenuImg>
            <contenuImg CS="1.0" lang="en" source="md">stripes (ornaments)</contenuImg>
            <contenuImg CS="1.0" lang="en" source="md">textiles and fabrics</contenuImg>
            <contenuImg CS="0.17" coul="1" lang="en" source="google">darkgreencopper</contenuImg>
            <contenuImg CS="0.21" coul="1" lang="en" source="google">wheat</contenuImg>
            <contenuImg CS="0.22" coul="1" lang="en" source="google">quartz</contenuImg>
            <contenuImg CS="0.35" coul="1" lang="en" source="google">silver</contenuImg>
            <contenuImg CS="0.82" coul="1" lang="en" source="google">cadetblue</contenuImg>
            <contenuImg CS="1.06" coul="1" lang="en" source="google">seagreen</contenuImg>
            <contenuImg CS="1.52" coul="1" lang="en" source="google">pink</contenuImg>
            <contenuImg CS="0.57" lang="en" source="google">Pattern</contenuImg>
            <contenuImg CS="0.77" lang="en" source="google">Parallel</contenuImg>
            <contenuImg CS="0.81" lang="en" source="google">Aqua</contenuImg>
            <contenuImg CS="0.84" h="3320" lang="en" source="google" w="1862" x="3877.6" y="318.4">Pattern</contenuImg>
            <contenuImg CS="0.90" coul="1" h="3320" lang="en" source="google" w="1862" x="3877.6" y="318.4">Turquoise</contenuImg>
            <contenuImg CS="0.92" h="3320" lang="en" source="google" w="1862" x="3877.6" y="318.4">Line</contenuImg>
            <contenuImg CS="0.97" coul="1" h="3320" lang="en" source="google" w="1862" x="3877.6" y="318.4">Green</contenuImg>
            <theme CS="1" source="md">0</theme>
            <contenuImg CS="1.0" lang="fr" source="md">Textiles et tissus</contenuImg>
            <contenuImg CS="1.0" lang="fr" source="md">Rayures (ornements)</contenuImg>
            <contenuImg CS="1.0" lang="fr" source="md">Motifs décoratifs</contenuImg>
            <titraille>Papier à motif répétitif : papier peint</titraille>
          </ill>
        </ills>
      </page>
    </pages>
  </contenus>
</analyseAlto>