<analyseAlto>
  <metad>
    <type>I</type>
    <ID>btv1b6900539f</ID>
    <titre>Manufacture Jacquemart et Bénard. Bordure. Une bande de frise de dents-de-loup sur une frise de rosettes : papier peint</titre>
    <dateEdition>1800</dateEdition>
    <auteur>inconnu</auteur>
    <lang>fre</lang>
    <source>Bibliothèque nationale de France</source>
    <sujet>Frises -- Dents-de-loup (ornement) -- Rosettes (ornement) -- Motifs décoratifs -- 1800-1869</sujet>
    <descr>Appartient à l’ensemble documentaire : PaPeint18 -- Papier peint</descr>
    <format>inconnu</format>
    <couverture>inconnu</couverture>
    <largeurPx>5272</largeurPx>
    <hauteurPx>3088</hauteurPx>
    <ocr>false</ocr>
    <toc>false</toc>
    <nbPage>1</nbPage>
  </metad>
  <contenus ocr="false" toc="false">
    <largeur>223</largeur>
    <hauteur>130</hauteur>
    <largeurPx>5272</largeurPx>
    <hauteurPx>3088</hauteurPx>
    <pages>
      <page ordre="1">
        <blocIll ocr="1">1</blocIll>
        <ills>
          <ill classif="CCgoogle" couleur="coul" h="3088" hash="ffff010101010fff" n="1-1" taille="7" w="5272" x="1" y="1">
            <contenuImg CS="0.56" h="3320" lang="fr" source="google" w="3325" x="1662.2" y="308.8">modèle motif</contenuImg>
            <contenuImg CS="0.69" coul="1" lang="fr" source="google">violet moyen</contenuImg>
            <contenuImg CS="0.91" coul="1" h="3320" lang="fr" source="google" w="3325" x="1662.2" y="308.8">vert</contenuImg>
            <contenuImg CS="0.83" coul="1" h="3320" lang="fr" source="google" w="3325" x="1662.2" y="308.8">turquoise</contenuImg>
            <contenuImg CS="0.75" h="3320" lang="fr" source="google" w="3325" x="1662.2" y="308.8">police de caractère</contenuImg>
            <contenuImg CS="0.56" h="3320" lang="fr" source="google" w="3325" x="1662.2" y="308.8">modèle</contenuImg>
            <contenuImg CS="0.50" lang="fr" source="google">rectangle</contenuImg>
            <contenuImg CS="0.74" coul="1" lang="fr" source="google">rose</contenuImg>
            <contenuImg CS="0.24" coul="1" lang="fr" source="google">gris ardoise foncé</contenuImg>
            <contenuImg CS="0.01" coul="1" lang="fr" source="google">vert foncé</contenuImg>
            <contenuImg CS="0.46" coul="1" lang="fr" source="google">vert cuivre foncé</contenuImg>
            <contenuImg CS="0.32" coul="1" lang="fr" source="google">noir</contenuImg>
            <contenuImg CS="0.24" coul="1" lang="fr" source="google">bleu cadet</contenuImg>
            <contenuImg b="161" coul="1" g="170" r="180" source="colorific" type="bkg">#b4aaa1</contenuImg>
            <contenuImg b="51" coul="1" g="56" ordre="3" r="35" source="colorific" type="frg">#233833</contenuImg>
            <contenuImg b="99" coul="1" g="102" ordre="2" r="60" source="colorific" type="frg">#3c6663</contenuImg>
            <contenuImg b="0" coul="1" g="0" ordre="1" r="0" source="colorific" type="frg">#000000</contenuImg>
            <contenuImg CS="1.0" lang="en" source="md">decorative patterns - 1800-1869</contenuImg>
            <contenuImg CS="1.0" lang="en" source="md">rosettes (ornament)</contenuImg>
            <contenuImg CS="1.0" lang="en" source="md">wolf's teeth (ornament)</contenuImg>
            <contenuImg CS="1.0" lang="en" source="md">curly</contenuImg>
            <contenuImg CS="0.24" coul="1" lang="en" source="google">cadetblue</contenuImg>
            <contenuImg CS="0.32" coul="1" lang="en" source="google">black</contenuImg>
            <contenuImg CS="0.46" coul="1" lang="en" source="google">darkgreencopper</contenuImg>
            <contenuImg CS="0.01" coul="1" lang="en" source="google">darkgreen</contenuImg>
            <contenuImg CS="0.69" coul="1" lang="en" source="google">mediumvioletred</contenuImg>
            <contenuImg CS="0.24" coul="1" lang="en" source="google">darkslategrey</contenuImg>
            <contenuImg CS="0.74" coul="1" lang="en" source="google">pink</contenuImg>
            <contenuImg CS="1.25" coul="1" lang="en" source="google">black</contenuImg>
            <contenuImg CS="0.50" lang="en" source="google">Rectangle</contenuImg>
            <contenuImg CS="0.56" h="3320" lang="en" source="google" w="3325" x="1662.2" y="308.8">Pattern</contenuImg>
            <contenuImg CS="0.75" h="3320" lang="en" source="google" w="3325" x="1662.2" y="308.8">Font</contenuImg>
            <contenuImg CS="0.83" coul="1" h="3320" lang="en" source="google" w="3325" x="1662.2" y="308.8">Turquoise</contenuImg>
            <contenuImg CS="0.91" coul="1" h="3320" lang="en" source="google" w="3325" x="1662.2" y="308.8">Green</contenuImg>
            <tech source="final">estampe/gravure</tech>
            <fonction source="md">papier-peint</fonction>
            <fonction source="final">papier-peint</fonction>
            <tech CS="1" source="hm">estampe/gravure</tech>
            <theme CS="1" source="md">0</theme>
            <contenuImg CS="1.0" lang="fr" source="md">Frises</contenuImg>
            <contenuImg CS="1.0" lang="fr" source="md">Dents-de-loup (ornement)</contenuImg>
            <contenuImg CS="1.0" lang="fr" source="md">Rosettes (ornement)</contenuImg>
            <contenuImg CS="1.0" lang="fr" source="md">Motifs décoratifs -- 1800-1869</contenuImg>
            <titraille>Manufacture Jacquemart et Bénard. Bordure. Une bande de frise de dents-de-loup sur une frise de rosettes : papier peint</titraille>
          </ill>
        </ills>
      </page>
    </pages>
  </contenus>
</analyseAlto>