<analyseAlto>
  <metad>
    <type>I</type>
    <ID>btv1b6900101m</ID>
    <titre>Manufacture Bon. Bordure. Une bande de frise d_ornements d'architecture en camaïe : papier peint</titre>
    <dateEdition>1799</dateEdition>
    <auteur>inconnu</auteur>
    <lang>fre</lang>
    <source>Bibliothèque nationale de France, département Estampes et photographie, EST LI-20</source>
    <sujet>Frises -- Rosaces (architecture) -- Camaïeu, Peinture en -- Raie-de-coeur (ornement) -- Décoration et ornement architecturaux -- 1789-1799 -- Motifs décoratifs -- 1789-1799</sujet>
    <descr>Appartient à l’ensemble documentaire : PaPeint18 -- Papier peint</descr>
    <format>inconnu</format>
    <couverture>inconnu</couverture>
    <largeurPx>5248</largeurPx>
    <hauteurPx>1728</hauteurPx>
    <ocr>false</ocr>
    <toc>false</toc>
    <caption>false</caption>
    <nbPage>1</nbPage>
  </metad>
  <contenus ocr="false" toc="false">
    <largeur>222</largeur>
    <hauteur>73</hauteur>
    <largeurPx>5248</largeurPx>
    <hauteurPx>1728</hauteurPx>
    <pages>
      <page ordre="1">
        <blocIll ocr="1">1</blocIll>
        <ills>
          <ill classif="CCgoogle" couleur="coul" h="1728" hash="00ffff3080ffb300" n="1-1" taille="4" w="5248" x="1" y="1">
            <contenuImg CS="0.73" lang="fr" source="google">conception</contenuImg>
            <contenuImg CS="0.80" h="3320" lang="fr" source="google" w="3325" x="5568.8" y="172.8">modèle motif</contenuImg>
            <contenuImg CS="0.89" h="3320" lang="fr" source="google" w="3325" x="5568.8" y="172.8">fer</contenuImg>
            <contenuImg CS="0.86" h="3320" lang="fr" source="google" w="3325" x="5568.8" y="172.8">architecture</contenuImg>
            <contenuImg CS="0.82" h="3320" lang="fr" source="google" w="3325" x="5568.8" y="172.8">façade</contenuImg>
            <contenuImg CS="0.80" h="3320" lang="fr" source="google" w="3325" x="5568.8" y="172.8">modèle</contenuImg>
            <contenuImg CS="0.73" lang="fr" source="google">design</contenuImg>
            <contenuImg CS="0.70" lang="fr" source="google">symétrie</contenuImg>
            <contenuImg CS="0.69" lang="fr" source="google">métal</contenuImg>
            <contenuImg CS="0.69" lang="fr" source="google">police de caractère</contenuImg>
            <contenuImg CS="0.64" lang="fr" source="google">fenêtre</contenuImg>
            <contenuImg CS="0.54" lang="fr" source="google">arche</contenuImg>
            <contenuImg CS="1.30" coul="1" lang="fr" source="google">gris foncé</contenuImg>
            <contenuImg CS="0.74" coul="1" lang="fr" source="google">gris</contenuImg>
            <contenuImg CS="0.65" coul="1" lang="fr" source="google">bleu cadet</contenuImg>
            <contenuImg CS="0.09" coul="1" lang="fr" source="google">argent</contenuImg>
            <contenuImg CS="0.09" coul="1" lang="fr" source="google">noir</contenuImg>
            <contenuImg b="89" coul="1" g="75" r="55" source="colorific" type="bkg">#374b59</contenuImg>
            <contenuImg b="0" coul="1" g="0" ordre="4" r="0" source="colorific" type="frg">#000000</contenuImg>
            <contenuImg b="114" coul="1" g="119" ordre="3" r="89" source="colorific" type="frg">#597772</contenuImg>
            <contenuImg b="52" coul="1" g="43" ordre="2" r="35" source="colorific" type="frg">#232b34</contenuImg>
            <contenuImg b="192" coul="1" g="176" ordre="1" r="159" source="colorific" type="frg">#9fb0c0</contenuImg>
            <contenuImg CS="1.0" lang="en" source="md">decorative patterns - 1789-1799</contenuImg>
            <contenuImg CS="1.0" lang="en" source="md">architectural decoration and ornament - 1789-1799</contenuImg>
            <contenuImg CS="1.0" lang="en" source="md">stripe-of-heart (ornament)</contenuImg>
            <contenuImg CS="1.0" lang="en" source="md">camaïeu painting</contenuImg>
            <contenuImg CS="1.0" lang="en" source="md">rosettes (architecture)</contenuImg>
            <contenuImg CS="1.0" lang="en" source="md">curly</contenuImg>
            <contenuImg CS="0.09" coul="1" lang="en" source="google">black</contenuImg>
            <contenuImg CS="0.09" coul="1" lang="en" source="google">silver</contenuImg>
            <contenuImg CS="0.65" coul="1" lang="en" source="google">cadetblue</contenuImg>
            <contenuImg CS="0.74" coul="1" lang="en" source="google">gray</contenuImg>
            <contenuImg CS="0.92" coul="1" lang="en" source="google">silver</contenuImg>
            <contenuImg CS="0.80" coul="1" lang="en" source="google">cadetblue</contenuImg>
            <contenuImg CS="1.30" coul="1" lang="en" source="google">darkgray</contenuImg>
            <contenuImg CS="0.54" lang="en" source="google">Arch</contenuImg>
            <contenuImg CS="0.64" lang="en" source="google">Window</contenuImg>
            <contenuImg CS="0.69" lang="en" source="google">Font</contenuImg>
            <contenuImg CS="0.69" lang="en" source="google">Metal</contenuImg>
            <contenuImg CS="0.70" lang="en" source="google">Symmetry</contenuImg>
            <contenuImg CS="0.73" lang="en" source="google">Design</contenuImg>
            <contenuImg CS="0.80" h="3320" lang="en" source="google" w="3325" x="5568.8" y="172.8">Pattern</contenuImg>
            <contenuImg CS="0.82" h="3320" lang="en" source="google" w="3325" x="5568.8" y="172.8">Facade</contenuImg>
            <contenuImg CS="0.86" h="3320" lang="en" source="google" w="3325" x="5568.8" y="172.8">Architecture</contenuImg>
            <contenuImg CS="0.89" h="3320" lang="en" source="google" w="3325" x="5568.8" y="172.8">Iron</contenuImg>
            <tech source="final">estampe/gravure</tech>
            <fonction source="md">papier-peint</fonction>
            <fonction source="final">papier-peint</fonction>
            <tech CS="1" source="hm">estampe/gravure</tech>
            <theme CS="1" source="md">0</theme>
            <contenuImg CS="1.0" lang="fr" source="md">Frises</contenuImg>
            <contenuImg CS="1.0" lang="fr" source="md">Rosaces (architecture)</contenuImg>
            <contenuImg CS="1.0" lang="fr" source="md">Peinture en camaïeu</contenuImg>
            <contenuImg CS="1.0" lang="fr" source="md">Raie-de-coeur (ornement)</contenuImg>
            <contenuImg CS="1.0" lang="fr" source="md">Décoration et ornement architecturaux -- 1789-1799</contenuImg>
            <contenuImg CS="1.0" lang="fr" source="md">Motifs décoratifs -- 1789-1799</contenuImg>
            <titraille>Manufacture Bon. Bordure. Une bande de frise d_ornements d'architecture en camaïe : papier peint</titraille>
          </ill>
        </ills>
      </page>
    </pages>
  </contenus>
</analyseAlto>