<analyseAlto>
  <metad>
    <type>I</type>
    <ID>btv1b6900046v</ID>
    <titre>Manufacture Bon. Bordure. Une bande de frise principale de motifs en pyramide : papier peint</titre>
    <dateEdition>1799</dateEdition>
    <auteur>inconnu</auteur>
    <lang>fre</lang>
    <source>Bibliothèque nationale de France, département Estampes et photographie, EST LI-15</source>
    <sujet>Frises -- Ornements géométriques -- Fleurs de fantaisie -- Motifs en pyramide -- Dents de scie (ornement) -- Motifs décoratifs -- 1789-1799</sujet>
    <descr>Appartient à l’ensemble documentaire : PaPeint18 -- Papier peint</descr>
    <format>inconnu</format>
    <couverture>inconnu</couverture>
    <largeurPx>5128</largeurPx>
    <hauteurPx>1448</hauteurPx>
    <ocr>false</ocr>
    <toc>false</toc>
    <caption>false</caption>
    <nbPage>1</nbPage>
  </metad>
  <contenus ocr="false" toc="false">
    <largeur>217</largeur>
    <hauteur>61</hauteur>
    <largeurPx>5128</largeurPx>
    <hauteurPx>1448</hauteurPx>
    <pages>
      <page ordre="1">
        <blocIll ocr="1">1</blocIll>
        <ills>
          <ill classif="CCgoogle" couleur="coul" h="1448" hash="ffef00000e87f7e0" n="1-1" taille="3" w="5128" x="1" y="1">
            <contenuImg CS="0.72" h="3320" lang="fr" source="google" w="1857" x="10420.8" y="144.8">conception</contenuImg>
            <contenuImg CS="0.72" h="3320" lang="fr" source="google" w="1857" x="10420.8" y="144.8">modèle motif</contenuImg>
            <contenuImg CS="0.89" coul="1" h="3320" lang="fr" source="google" w="1857" x="10420.8" y="144.8">orange</contenuImg>
            <contenuImg CS="0.72" h="3320" lang="fr" source="google" w="1857" x="10420.8" y="144.8">modèle</contenuImg>
            <contenuImg CS="0.72" h="3320" lang="fr" source="google" w="1857" x="10420.8" y="144.8">design</contenuImg>
            <contenuImg CS="0.69" h="3320" lang="fr" source="google" w="1857" x="10420.8" y="144.8">police de caractère</contenuImg>
            <contenuImg CS="0.18" coul="1" lang="fr" source="google">rouge-orange</contenuImg>
            <contenuImg CS="0.15" coul="1" lang="fr" source="google">vert foncé</contenuImg>
            <contenuImg CS="0.43" coul="1" lang="fr" source="google">orange mandarine</contenuImg>
            <contenuImg CS="0.40" coul="1" lang="fr" source="google">chocolat à pâtisser</contenuImg>
            <contenuImg CS="0.28" coul="1" lang="fr" source="google">saumon</contenuImg>
            <contenuImg b="68" coul="1" g="77" ordre="6" r="69" source="colorific" type="frg">#454d44</contenuImg>
            <contenuImg b="255" coul="1" g="255" ordre="5" r="255" source="colorific" type="frg">#ffffff</contenuImg>
            <contenuImg b="25" coul="1" g="33" ordre="4" r="28" source="colorific" type="frg">#1c2119</contenuImg>
            <contenuImg b="117" coul="1" g="125" ordre="3" r="139" source="colorific" type="frg">#8b7d75</contenuImg>
            <contenuImg b="0" coul="1" g="0" ordre="2" r="0" source="colorific" type="frg">#000000</contenuImg>
            <contenuImg b="29" coul="1" g="52" ordre="1" r="138" source="colorific" type="frg">#8a341d</contenuImg>
            <contenuImg CS="1.0" lang="en" source="md">decorative patterns - 1789-1799</contenuImg>
            <contenuImg CS="1.0" lang="en" source="md">sawtooth (ornament)</contenuImg>
            <contenuImg CS="1.0" lang="en" source="md">pyramid-shaped patterns</contenuImg>
            <contenuImg CS="1.0" lang="en" source="md">fantasy flowers</contenuImg>
            <contenuImg CS="1.0" lang="en" source="md">geometric ornaments</contenuImg>
            <contenuImg CS="1.0" lang="en" source="md">curly</contenuImg>
            <contenuImg CS="0.28" coul="1" lang="en" source="google">salmon</contenuImg>
            <contenuImg CS="0.40" coul="1" lang="en" source="google">bakerschocolate</contenuImg>
            <contenuImg CS="0.43" coul="1" lang="en" source="google">mandarianorange</contenuImg>
            <contenuImg CS="0.07" coul="1" lang="en" source="google">bakerschocolate</contenuImg>
            <contenuImg CS="0.15" coul="1" lang="en" source="google">darkgreen</contenuImg>
            <contenuImg CS="0.18" coul="1" lang="en" source="google">orangered</contenuImg>
            <contenuImg CS="0.73" coul="1" lang="en" source="google">bakerschocolate</contenuImg>
            <contenuImg CS="0.69" h="3320" lang="en" source="google" w="1857" x="10420.8" y="144.8">Font</contenuImg>
            <contenuImg CS="0.72" h="3320" lang="en" source="google" w="1857" x="10420.8" y="144.8">Design</contenuImg>
            <contenuImg CS="0.72" h="3320" lang="en" source="google" w="1857" x="10420.8" y="144.8">Pattern</contenuImg>
            <contenuImg CS="0.89" coul="1" h="3320" lang="en" source="google" w="1857" x="10420.8" y="144.8">Orange</contenuImg>
            <tech source="final">estampe/gravure</tech>
            <fonction source="md">papier-peint</fonction>
            <fonction source="final">papier-peint</fonction>
            <tech CS="1" source="hm">estampe/gravure</tech>
            <theme CS="1" source="md">0</theme>
            <contenuImg CS="1.0" lang="fr" source="md">Frises</contenuImg>
            <contenuImg CS="1.0" lang="fr" source="md">Ornements géométriques</contenuImg>
            <contenuImg CS="1.0" lang="fr" source="md">Fleurs de fantaisie</contenuImg>
            <contenuImg CS="1.0" lang="fr" source="md">Motifs en pyramide</contenuImg>
            <contenuImg CS="1.0" lang="fr" source="md">Dents de scie (ornement)</contenuImg>
            <contenuImg CS="1.0" lang="fr" source="md">Motifs décoratifs -- 1789-1799</contenuImg>
            <titraille>Manufacture Bon. Bordure. Une bande de frise principale de motifs en pyramide : papier peint</titraille>
          </ill>
        </ills>
      </page>
    </pages>
  </contenus>
</analyseAlto>