<analyseAlto>
  <metad>
    <type>I</type>
    <ID>btv1b69003034</ID>
    <titre>Manufacture Duserre et Cie. Bordure. Une bande de frise centrale de roses au naturel, entre deux petites frises : papier peint</titre>
    <dateEdition>1799</dateEdition>
    <auteur>inconnu</auteur>
    <lang>fre</lang>
    <source>Bibliothèque nationale de France, département Estampes et photographie, EST LZ-312 (3)</source>
    <sujet>Frises -- Roses -- Fleurs (ornement) -- Végétaux stylisés -- Galons (ornement) -- Motifs décoratifs -- 1789-1799</sujet>
    <descr>Appartient à l’ensemble documentaire : PaPeint18 -- Papier peint</descr>
    <format>inconnu</format>
    <couverture>inconnu</couverture>
    <largeurPx>9264</largeurPx>
    <hauteurPx>3168</hauteurPx>
    <ocr>false</ocr>
    <toc>false</toc>
    <caption>false</caption>
    <nbPage>1</nbPage>
  </metad>
  <contenus ocr="false" toc="false">
    <largeur>392</largeur>
    <hauteur>134</hauteur>
    <largeurPx>9264</largeurPx>
    <hauteurPx>3168</hauteurPx>
    <pages>
      <page ordre="1">
        <blocIll ocr="1">1</blocIll>
        <ills>
          <ill classif="CCgoogle" couleur="coul" h="3168" hash="0000ff007f3567ff" n="1-1" taille="13" w="9264" x="1" y="1">
            <contenuImg CS="0.77" h="2978" lang="fr" source="google" w="2973" x="4293.4" y="487.8">textile</contenuImg>
            <contenuImg CS="0.65" lang="fr" source="google">roses de jardin</contenuImg>
            <contenuImg CS="0.57" lang="fr" source="google">rose (plante)</contenuImg>
            <contenuImg CS="0.62" lang="fr" source="google">modèle motif</contenuImg>
            <contenuImg CS="0.74" h="2978" lang="fr" source="google" w="2973" x="4293.4" y="487.8">fleur</contenuImg>
            <contenuImg CS="0.72" h="2978" lang="fr" source="google" w="2973" x="4293.4" y="487.8">rectangle</contenuImg>
            <contenuImg CS="0.69" lang="fr" source="google">plante</contenuImg>
            <contenuImg CS="0.66" lang="fr" source="google">tapisserie</contenuImg>
            <contenuImg CS="0.62" lang="fr" source="google">modèle</contenuImg>
            <contenuImg CS="0.31" coul="1" lang="fr" source="google">vert foncé</contenuImg>
            <contenuImg CS="0.64" coul="1" lang="fr" source="google">bois moyen</contenuImg>
            <contenuImg CS="0.48" coul="1" lang="fr" source="google">bronze</contenuImg>
            <contenuImg CS="0.25" coul="1" lang="fr" source="google">gris foncé</contenuImg>
            <contenuImg b="61" coul="1" g="76" r="62" source="colorific" type="bkg">#3e4c3d</contenuImg>
            <contenuImg b="121" coul="1" g="124" ordre="6" r="112" source="colorific" type="frg">#707c79</contenuImg>
            <contenuImg b="116" coul="1" g="104" ordre="5" r="155" source="colorific" type="frg">#9b6874</contenuImg>
            <contenuImg b="36" coul="1" g="52" ordre="4" r="13" source="colorific" type="frg">#0d3424</contenuImg>
            <contenuImg b="156" coul="1" g="173" ordre="3" r="179" source="colorific" type="frg">#b3ad9c</contenuImg>
            <contenuImg b="138" coul="1" g="138" ordre="2" r="161" source="colorific" type="frg">#a18a8a</contenuImg>
            <contenuImg b="79" coul="1" g="126" ordre="1" r="127" source="colorific" type="frg">#7f7e4f</contenuImg>
            <contenuImg CS="1.0" lang="en" source="md">decorative patterns - 1789-1799</contenuImg>
            <contenuImg CS="1.0" lang="en" source="md">galons (ornament)</contenuImg>
            <contenuImg CS="1.0" lang="en" source="md">stylized plants</contenuImg>
            <contenuImg CS="1.0" lang="en" source="md">flowers (ornament)</contenuImg>
            <contenuImg CS="1.0" lang="en" source="md">roses (flowers)</contenuImg>
            <contenuImg CS="1.0" lang="en" source="md">curly</contenuImg>
            <contenuImg CS="0.25" coul="1" lang="en" source="google">darkgray</contenuImg>
            <contenuImg CS="0.48" coul="1" lang="en" source="google">bronze</contenuImg>
            <contenuImg CS="0.64" coul="1" lang="en" source="google">mediumwood</contenuImg>
            <contenuImg CS="0.31" coul="1" lang="en" source="google">darkgreen</contenuImg>
            <contenuImg CS="0.38" coul="1" lang="en" source="google">mediumwood</contenuImg>
            <contenuImg CS="0.51" coul="1" lang="en" source="google">bronze</contenuImg>
            <contenuImg CS="0.80" coul="1" lang="en" source="google">darkgreen</contenuImg>
            <contenuImg CS="0.57" lang="en" source="google">Rose order</contenuImg>
            <contenuImg CS="0.62" lang="en" source="google">Pattern</contenuImg>
            <contenuImg CS="0.65" lang="en" source="google">Garden roses</contenuImg>
            <contenuImg CS="0.66" lang="en" source="google">Tapestry</contenuImg>
            <contenuImg CS="0.68" lang="en" source="google">Rose family</contenuImg>
            <contenuImg CS="0.69" lang="en" source="google">Plant</contenuImg>
            <contenuImg CS="0.72" h="2978" lang="en" source="google" w="2973" x="4293.4" y="487.8">Rectangle</contenuImg>
            <contenuImg CS="0.74" h="2978" lang="en" source="google" w="2973" x="4293.4" y="487.8">Flower</contenuImg>
            <contenuImg CS="0.77" h="2978" lang="en" source="google" w="2973" x="4293.4" y="487.8">Textile</contenuImg>
            <contenuImg CS="0.80" coul="1" h="2978" lang="en" source="google" w="2973" x="4293.4" y="487.8">Rose</contenuImg>
            <tech source="final">estampe/gravure</tech>
            <fonction source="md">papier-peint</fonction>
            <fonction source="final">papier-peint</fonction>
            <tech CS="1" source="hm">estampe/gravure</tech>
            <theme CS="1" source="md">0</theme>
            <contenuImg CS="1.0" lang="fr" source="md">Frises</contenuImg>
            <contenuImg CS="1.0" lang="fr" source="md">Roses</contenuImg>
            <contenuImg CS="1.0" lang="fr" source="md">Fleurs (ornement)</contenuImg>
            <contenuImg CS="1.0" lang="fr" source="md">Végétaux stylisés</contenuImg>
            <contenuImg CS="1.0" lang="fr" source="md">Galons (ornement)</contenuImg>
            <contenuImg CS="1.0" lang="fr" source="md">Motifs décoratifs -- 1789-1799</contenuImg>
            <titraille>Manufacture Duserre et Cie. Bordure. Une bande de frise centrale de roses au naturel, entre deux petites frises : papier peint</titraille>
          </ill>
        </ills>
      </page>
    </pages>
  </contenus>
</analyseAlto>