<analyseAlto>
  <metad>
    <type>I</type>
    <ID>btv1b6900118w</ID>
    <titre>Manufacture Bon. Bordure. Une bande de branches de pommier (?) en fleurs dans une dentelure : papier peint</titre>
    <dateEdition>1799</dateEdition>
    <auteur>inconnu</auteur>
    <lang>fre</lang>
    <source>Bibliothèque nationale de France, département Estampes et photographie, EST LI-20</source>
    <sujet>Frises -- Pommiers -- Dentelures (ornement) -- Fleurs (ornement) -- Arceaux -- Peignes (ornement) -- Motifs décoratifs -- 1789-1799</sujet>
    <descr>Appartient à l’ensemble documentaire : PaPeint18 -- Papier peint</descr>
    <format>inconnu</format>
    <couverture>inconnu</couverture>
    <largeurPx>5240</largeurPx>
    <hauteurPx>2424</hauteurPx>
    <ocr>false</ocr>
    <toc>false</toc>
    <caption>false</caption>
    <nbPage>1</nbPage>
  </metad>
  <contenus ocr="false" toc="false">
    <largeur>221</largeur>
    <hauteur>102</hauteur>
    <largeurPx>5240</largeurPx>
    <hauteurPx>2424</hauteurPx>
    <pages>
      <page ordre="1">
        <blocIll ocr="1">1</blocIll>
        <ills>
          <ill classif="CCgoogle" couleur="coul" h="2424" hash="00dffb188acb439e" n="1-1" taille="5" w="5240" x="1" y="1">
            <contenuImg CS="0.73" lang="fr" source="google">conception</contenuImg>
            <contenuImg CS="0.80" lang="fr" source="google">botanique</contenuImg>
            <contenuImg CS="0.80" h="3320" lang="fr" source="google" w="3325" x="2457" y="242.4">modèle motif</contenuImg>
            <contenuImg CS="0.39" coul="1" lang="fr" source="google">marron très foncé</contenuImg>
            <contenuImg CS="0.89" h="3320" lang="fr" source="google" w="3325" x="2457" y="242.4">mur</contenuImg>
            <contenuImg CS="0.85" h="3320" lang="fr" source="google" w="3325" x="2457" y="242.4">feuille</contenuImg>
            <contenuImg CS="0.81" coul="1" h="3320" lang="fr" source="google" w="3325" x="2457" y="242.4">rose</contenuImg>
            <contenuImg CS="0.80" h="3320" lang="fr" source="google" w="3325" x="2457" y="242.4">modèle</contenuImg>
            <contenuImg CS="0.76" lang="fr" source="google">plante</contenuImg>
            <contenuImg CS="0.73" lang="fr" source="google">design</contenuImg>
            <contenuImg CS="0.71" lang="fr" source="google">fleur</contenuImg>
            <contenuImg CS="0.69" lang="fr" source="google">cadre</contenuImg>
            <contenuImg CS="0.68" lang="fr" source="google">rectangle</contenuImg>
            <contenuImg CS="0.57" coul="1" lang="fr" source="google">gris</contenuImg>
            <contenuImg CS="0.40" coul="1" lang="fr" source="google">bronze</contenuImg>
            <contenuImg CS="0.46" coul="1" lang="fr" source="google">vert cuivre</contenuImg>
            <contenuImg CS="0.39" coul="1" lang="fr" source="google">verydarkbrown</contenuImg>
            <contenuImg CS="0.33" coul="1" lang="fr" source="google">gris foncé</contenuImg>
            <contenuImg CS="0.19" coul="1" lang="fr" source="google">argent</contenuImg>
            <contenuImg b="133" coul="1" g="150" r="229" source="colorific" type="bkg">#e59685</contenuImg>
            <contenuImg b="136" coul="1" g="160" ordre="6" r="159" source="colorific" type="frg">#9fa088</contenuImg>
            <contenuImg b="26" coul="1" g="23" ordre="5" r="39" source="colorific" type="frg">#27171a</contenuImg>
            <contenuImg b="130" coul="1" g="146" ordre="4" r="118" source="colorific" type="frg">#769282</contenuImg>
            <contenuImg b="0" coul="1" g="0" ordre="3" r="0" source="colorific" type="frg">#000000</contenuImg>
            <contenuImg b="165" coul="1" g="167" ordre="2" r="179" source="colorific" type="frg">#b3a7a5</contenuImg>
            <contenuImg b="95" coul="1" g="90" ordre="1" r="106" source="colorific" type="frg">#6a5a5f</contenuImg>
            <contenuImg CS="1.0" lang="en" source="md">decorative patterns - 1789-1799</contenuImg>
            <contenuImg CS="1.0" lang="en" source="md">cmbs (ornament)</contenuImg>
            <contenuImg CS="1.0" lang="en" source="md">hoops</contenuImg>
            <contenuImg CS="1.0" lang="en" source="md">flowers (ornament)</contenuImg>
            <contenuImg CS="1.0" lang="en" source="md">dentures (ornament)</contenuImg>
            <contenuImg CS="1.0" lang="en" source="md">apple trees</contenuImg>
            <contenuImg CS="1.0" lang="en" source="md">curly</contenuImg>
            <contenuImg CS="0.19" coul="1" lang="en" source="google">silver</contenuImg>
            <contenuImg CS="0.33" coul="1" lang="en" source="google">darkgray</contenuImg>
            <contenuImg CS="0.39" coul="1" lang="en" source="google">verydarkbrown</contenuImg>
            <contenuImg CS="0.46" coul="1" lang="en" source="google">greencopper</contenuImg>
            <contenuImg CS="0.56" coul="1" lang="en" source="google">darkgray</contenuImg>
            <contenuImg CS="0.40" coul="1" lang="en" source="google">bronze</contenuImg>
            <contenuImg CS="0.57" coul="1" lang="en" source="google">grey</contenuImg>
            <contenuImg CS="0.68" lang="en" source="google">Rectangle</contenuImg>
            <contenuImg CS="0.69" lang="en" source="google">Picture frame</contenuImg>
            <contenuImg CS="0.71" lang="en" source="google">Flower</contenuImg>
            <contenuImg CS="0.73" lang="en" source="google">Design</contenuImg>
            <contenuImg CS="0.76" lang="en" source="google">Plant</contenuImg>
            <contenuImg CS="0.80" lang="en" source="google">Botany</contenuImg>
            <contenuImg CS="0.80" h="3320" lang="en" source="google" w="3325" x="2457" y="242.4">Pattern</contenuImg>
            <contenuImg CS="0.81" coul="1" h="3320" lang="en" source="google" w="3325" x="2457" y="242.4">Pink</contenuImg>
            <contenuImg CS="0.85" h="3320" lang="en" source="google" w="3325" x="2457" y="242.4">Leaf</contenuImg>
            <contenuImg CS="0.89" h="3320" lang="en" source="google" w="3325" x="2457" y="242.4">Wall</contenuImg>
            <tech source="final">estampe/gravure</tech>
            <fonction source="md">papier-peint</fonction>
            <fonction source="final">papier-peint</fonction>
            <tech CS="1" source="hm">estampe/gravure</tech>
            <theme CS="1" source="md">0</theme>
            <contenuImg CS="1.0" lang="fr" source="md">Frises</contenuImg>
            <contenuImg CS="1.0" lang="fr" source="md">Pommiers</contenuImg>
            <contenuImg CS="1.0" lang="fr" source="md">Dentelures (ornement)</contenuImg>
            <contenuImg CS="1.0" lang="fr" source="md">Fleurs (ornement)</contenuImg>
            <contenuImg CS="1.0" lang="fr" source="md">Arceaux</contenuImg>
            <contenuImg CS="1.0" lang="fr" source="md">Peignes (ornement)</contenuImg>
            <contenuImg CS="1.0" lang="fr" source="md">Motifs décoratifs -- 1789-1799</contenuImg>
            <titraille>Manufacture Bon. Bordure. Une bande de branches de pommier (?) en fleurs dans une dentelure : papier peint</titraille>
          </ill>
        </ills>
      </page>
    </pages>
  </contenus>
</analyseAlto>