<analyseAlto>
  <metad>
    <type>I</type>
    <ID>btv1b6900553q</ID>
    <titre>Manufacture Jacquemart et Bénard. Bordure. Une bande de frise principale d_arceaux à  ifs  et végétaux de fantaisie et frise de dentelure : papier peint</titre>
    <dateEdition>1800</dateEdition>
    <auteur>inconnu</auteur>
    <lang>fre</lang>
    <source>Bibliothèque nationale de France</source>
    <sujet>Frises -- Végétaux de fantaisie -- Arceaux -- Dentelures (ornement) -- Motifs en ifs -- Motifs décoratifs -- 1800-1869</sujet>
    <descr>Appartient à l’ensemble documentaire : PaPeint18 -- Papier peint</descr>
    <format>inconnu</format>
    <couverture>inconnu</couverture>
    <largeurPx>4592</largeurPx>
    <hauteurPx>1760</hauteurPx>
    <ocr>false</ocr>
    <toc>false</toc>
    <nbPage>1</nbPage>
  </metad>
  <contenus ocr="false" toc="false">
    <largeur>194</largeur>
    <hauteur>74</hauteur>
    <largeurPx>4592</largeurPx>
    <hauteurPx>1760</hauteurPx>
    <pages>
      <page ordre="1">
        <blocIll ocr="1">1</blocIll>
        <ills>
          <ill classif="CCgoogle" couleur="coul" h="1760" hash="ffff00fe080000ff" n="1-1" taille="3" w="4592" x="1" y="1">
            <contenuImg CS="0.62" h="3320" lang="fr" source="google" w="2493" x="3546.2" y="176">modèle motif</contenuImg>
            <contenuImg CS="2.07" coul="1" lang="fr" source="google">bleu acier</contenuImg>
            <contenuImg CS="0.82" h="3320" lang="fr" source="google" w="2493" x="3546.2" y="176">fer</contenuImg>
            <contenuImg CS="0.80" h="3320" lang="fr" source="google" w="2493" x="3546.2" y="176">police de caractère</contenuImg>
            <contenuImg CS="0.62" h="3320" lang="fr" source="google" w="2493" x="3546.2" y="176">modèle</contenuImg>
            <contenuImg CS="0.51" h="3320" lang="fr" source="google" w="2493" x="3546.2" y="176">métal</contenuImg>
            <contenuImg CS="0.38" coul="1" lang="fr" source="google">gris foncé</contenuImg>
            <contenuImg CS="0.35" coul="1" lang="fr" source="google">bleu nuit</contenuImg>
            <contenuImg CS="0.30" coul="1" lang="fr" source="google">noir</contenuImg>
            <contenuImg b="200" coul="1" g="177" r="132" source="colorific" type="bkg">#84b1c8</contenuImg>
            <contenuImg b="99" coul="1" g="92" ordre="2" r="64" source="colorific" type="frg">#405c63</contenuImg>
            <contenuImg b="23" coul="1" g="34" ordre="1" r="19" source="colorific" type="frg">#132217</contenuImg>
            <contenuImg CS="1.0" lang="en" source="md">decorative patterns - 1800-1869</contenuImg>
            <contenuImg CS="1.0" lang="en" source="md">yew-shaped patterns</contenuImg>
            <contenuImg CS="1.0" lang="en" source="md">dentures (ornament)</contenuImg>
            <contenuImg CS="1.0" lang="en" source="md">hoops</contenuImg>
            <contenuImg CS="1.0" lang="en" source="md">fancy plants</contenuImg>
            <contenuImg CS="1.0" lang="en" source="md">curly</contenuImg>
            <contenuImg CS="0.30" coul="1" lang="en" source="google">black</contenuImg>
            <contenuImg CS="0.35" coul="1" lang="en" source="google">midnightblue</contenuImg>
            <contenuImg CS="0.38" coul="1" lang="en" source="google">darkgray</contenuImg>
            <contenuImg CS="0.47" coul="1" lang="en" source="google">dimgrey</contenuImg>
            <contenuImg CS="0.81" coul="1" lang="en" source="google">midnightblue</contenuImg>
            <contenuImg CS="0.14" coul="1" lang="en" source="google">black</contenuImg>
            <contenuImg CS="2.07" coul="1" lang="en" source="google">steelblue</contenuImg>
            <contenuImg CS="0.51" h="3320" lang="en" source="google" w="2493" x="3546.2" y="176">Metal</contenuImg>
            <contenuImg CS="0.62" h="3320" lang="en" source="google" w="2493" x="3546.2" y="176">Pattern</contenuImg>
            <contenuImg CS="0.80" h="3320" lang="en" source="google" w="2493" x="3546.2" y="176">Font</contenuImg>
            <contenuImg CS="0.82" h="3320" lang="en" source="google" w="2493" x="3546.2" y="176">Iron</contenuImg>
            <tech source="final">estampe/gravure</tech>
            <fonction source="md">papier-peint</fonction>
            <fonction source="final">papier-peint</fonction>
            <tech CS="1" source="hm">estampe/gravure</tech>
            <theme CS="1" source="md">0</theme>
            <contenuImg CS="1.0" lang="fr" source="md">Frises</contenuImg>
            <contenuImg CS="1.0" lang="fr" source="md">Végétaux de fantaisie</contenuImg>
            <contenuImg CS="1.0" lang="fr" source="md">Arceaux</contenuImg>
            <contenuImg CS="1.0" lang="fr" source="md">Dentelures (ornement)</contenuImg>
            <contenuImg CS="1.0" lang="fr" source="md">Motifs en ifs</contenuImg>
            <contenuImg CS="1.0" lang="fr" source="md">Motifs décoratifs -- 1800-1869</contenuImg>
            <titraille>Manufacture Jacquemart et Bénard. Bordure. Une bande de frise principale d_arceaux à  ifs  et végétaux de fantaisie et frise de dentelure : papier peint</titraille>
          </ill>
        </ills>
      </page>
    </pages>
  </contenus>
</analyseAlto>