<analyseAlto>
  <metad>
    <type>I</type>
    <ID>btv1b6900211b</ID>
    <titre>Manufacture Chauveau et Cie. Papier à motif répétitif de draperie (?) plissée : papier peint</titre>
    <dateEdition>1801</dateEdition>
    <auteur>inconnu</auteur>
    <lang>fre</lang>
    <source>Bibliothèque nationale de France, département Estampes et photographie, EST LI-23</source>
    <sujet>Draperies (ornement) -- Motifs décoratifs -- 1800-1869</sujet>
    <descr>Appartient à l’ensemble documentaire : PaPeint18 -- Papier peint</descr>
    <format>inconnu</format>
    <couverture>inconnu</couverture>
    <largeurPx>3384</largeurPx>
    <hauteurPx>4224</hauteurPx>
    <ocr>false</ocr>
    <toc>false</toc>
    <caption>false</caption>
    <nbPage>1</nbPage>
  </metad>
  <contenus ocr="false" toc="false">
    <largeur>143</largeur>
    <hauteur>178</hauteur>
    <largeurPx>3384</largeurPx>
    <hauteurPx>4224</hauteurPx>
    <pages>
      <page ordre="1">
        <blocIll ocr="1">1</blocIll>
        <ills>
          <ill classif="CCgoogle" couleur="coul" h="4224" hash="5b525a5a5a52da5a" n="1-1" taille="6" w="3384" x="1" y="1">
            <contenuImg CS="0.66" h="1866" lang="fr" source="google" w="3306" x="338.4" y="422.4">textile</contenuImg>
            <contenuImg CS="0.80" h="1866" lang="fr" source="google" w="3306" x="338.4" y="422.4">modèle motif</contenuImg>
            <contenuImg CS="0.80" h="1866" lang="fr" source="google" w="3306" x="338.4" y="422.4">modèle</contenuImg>
            <contenuImg CS="0.74" h="1866" lang="fr" source="google" w="3306" x="338.4" y="422.4">métal</contenuImg>
            <contenuImg CS="0.67" h="1866" lang="fr" source="google" w="3306" x="338.4" y="422.4">symétrie</contenuImg>
            <contenuImg CS="0.55" lang="fr" source="google">argent</contenuImg>
            <contenuImg CS="2.07" coul="1" lang="fr" source="google">gris</contenuImg>
            <contenuImg CS="1.13" coul="1" lang="fr" source="google">vert foncé</contenuImg>
            <contenuImg CS="0.63" coul="1" lang="fr" source="google">gris foncé</contenuImg>
            <contenuImg CS="0.14" coul="1" lang="fr" source="google">noir</contenuImg>
            <contenuImg b="133" coul="1" g="138" r="136" source="colorific" type="bkg">#888a85</contenuImg>
            <contenuImg b="255" coul="1" g="255" ordre="2" r="255" source="colorific" type="frg">#ffffff</contenuImg>
            <contenuImg b="40" coul="1" g="49" ordre="1" r="42" source="colorific" type="frg">#2a3128</contenuImg>
            <contenuImg CS="1.0" lang="en" source="md">decorative patterns - 1800-1869</contenuImg>
            <contenuImg CS="1.0" lang="en" source="md">draperies (ornament)</contenuImg>
            <contenuImg CS="0.14" coul="1" lang="en" source="google">black</contenuImg>
            <contenuImg CS="0.63" coul="1" lang="en" source="google">darkgray</contenuImg>
            <contenuImg CS="0.99" coul="1" lang="en" source="google">dimgrey</contenuImg>
            <contenuImg CS="1.13" coul="1" lang="en" source="google">darkgreen</contenuImg>
            <contenuImg CS="2.07" coul="1" lang="en" source="google">gray</contenuImg>
            <contenuImg CS="0.55" lang="en" source="google">Silver</contenuImg>
            <contenuImg CS="0.66" h="1866" lang="en" source="google" w="3306" x="338.4" y="422.4">Textile</contenuImg>
            <contenuImg CS="0.67" h="1866" lang="en" source="google" w="3306" x="338.4" y="422.4">Symmetry</contenuImg>
            <contenuImg CS="0.74" h="1866" lang="en" source="google" w="3306" x="338.4" y="422.4">Metal</contenuImg>
            <contenuImg CS="0.80" h="1866" lang="en" source="google" w="3306" x="338.4" y="422.4">Pattern</contenuImg>
            <tech source="final">estampe/gravure</tech>
            <fonction source="md">papier-peint</fonction>
            <fonction source="final">papier-peint</fonction>
            <tech CS="1" source="hm">estampe/gravure</tech>
            <theme CS="1" source="md">0</theme>
            <contenuImg CS="1.0" lang="fr" source="md">Draperies (ornement)</contenuImg>
            <contenuImg CS="1.0" lang="fr" source="md">Motifs décoratifs -- 1800-1869</contenuImg>
            <titraille>Manufacture Chauveau et Cie. Papier à motif répétitif de draperie (?) plissée : papier peint</titraille>
          </ill>
        </ills>
      </page>
    </pages>
  </contenus>
</analyseAlto>