<analyseAlto>
  <metad>
    <type>I</type>
    <ID>btv1b6901174t</ID>
    <titre>Bordure : papier peint</titre>
    <dateEdition>1800</dateEdition>
    <auteur>inconnu</auteur>
    <lang>fre</lang>
    <source>Bibliothèque nationale de France</source>
    <sujet>Frises -- Muguet -- Feuilles stylisées (ornement) -- Arceaux -- Fleurs stylisées (ornement) -- Motifs décoratifs</sujet>
    <descr>Appartient à l’ensemble documentaire : PaPeint18 -- Papier peint</descr>
    <format>inconnu</format>
    <couverture>inconnu</couverture>
    <largeurPx>3496</largeurPx>
    <hauteurPx>1896</hauteurPx>
    <ocr>false</ocr>
    <toc>false</toc>
    <nbPage>2</nbPage>
  </metad>
  <contenus ocr="false" toc="false">
    <largeur>147</largeur>
    <hauteur>80</hauteur>
    <largeurPx>3496</largeurPx>
    <hauteurPx>1896</hauteurPx>
    <pages>
      <page ordre="1">
        <blocIll ocr="1">1</blocIll>
        <ills>
          <ill classif="CCgoogle" couleur="coul" h="1896" hash="fffd7f04040000ff" n="1-1" taille="3" w="3496" x="1" y="1">
            <contenuImg CS="0.68" h="3320" lang="fr" source="google" w="1862" x="2800.6" y="189.6">textile</contenuImg>
            <contenuImg CS="0.85" h="3320" lang="fr" source="google" w="1862" x="2800.6" y="189.6">botanique</contenuImg>
            <contenuImg CS="0.56" lang="fr" source="google">art floral</contenuImg>
            <contenuImg CS="0.50" lang="fr" source="google">plante vivace</contenuImg>
            <contenuImg CS="0.56" lang="fr" source="google">modèle motif</contenuImg>
            <contenuImg CS="0.81" h="3320" lang="fr" source="google" w="1862" x="2800.6" y="189.6">feuille</contenuImg>
            <contenuImg CS="0.79" h="3320" lang="fr" source="google" w="1862" x="2800.6" y="189.6">plante</contenuImg>
            <contenuImg CS="0.67" lang="fr" source="google">fleur</contenuImg>
            <contenuImg CS="0.56" lang="fr" source="google">modèle</contenuImg>
            <contenuImg CS="0.50" lang="fr" source="google">art</contenuImg>
            <contenuImg CS="0.48" coul="1" lang="fr" source="google">noir</contenuImg>
            <contenuImg CS="0.02" coul="1" lang="fr" source="google">morceaux de chocolat</contenuImg>
            <contenuImg CS="0.64" coul="1" lang="fr" source="google">brun foncé</contenuImg>
            <contenuImg CS="0.36" coul="1" lang="fr" source="google">chocolat à pâtisser</contenuImg>
            <contenuImg CS="0.34" coul="1" lang="fr" source="google">bois foncé</contenuImg>
            <contenuImg CS="0.33" coul="1" lang="fr" source="google">bronze</contenuImg>
            <contenuImg b="23" coul="1" g="29" ordre="6" r="71" source="colorific" type="frg">#471d17</contenuImg>
            <contenuImg b="57" coul="1" g="70" ordre="5" r="78" source="colorific" type="frg">#4e4639</contenuImg>
            <contenuImg b="110" coul="1" g="131" ordre="4" r="107" source="colorific" type="frg">#6b836e</contenuImg>
            <contenuImg b="48" coul="1" g="85" ordre="3" r="110" source="colorific" type="frg">#6e5530</contenuImg>
            <contenuImg b="49" coul="1" g="51" ordre="2" r="34" source="colorific" type="frg">#223331</contenuImg>
            <contenuImg b="146" coul="1" g="141" ordre="1" r="162" source="colorific" type="frg">#a28d92</contenuImg>
            <contenuImg CS="1.0" lang="en" source="md">decorative patterns</contenuImg>
            <contenuImg CS="1.0" lang="en" source="md">stylized flowers (ornament)</contenuImg>
            <contenuImg CS="1.0" lang="en" source="md">hoops</contenuImg>
            <contenuImg CS="1.0" lang="en" source="md">stylized leaves (ornament)</contenuImg>
            <contenuImg CS="1.0" lang="en" source="md">lily of the valley (flowers)</contenuImg>
            <contenuImg CS="1.0" lang="en" source="md">curly</contenuImg>
            <contenuImg CS="0.33" coul="1" lang="en" source="google">bronze</contenuImg>
            <contenuImg CS="0.34" coul="1" lang="en" source="google">darkwood</contenuImg>
            <contenuImg CS="0.36" coul="1" lang="en" source="google">bakerschocolate</contenuImg>
            <contenuImg CS="0.64" coul="1" lang="en" source="google">darktan</contenuImg>
            <contenuImg CS="0.02" coul="1" lang="en" source="google">semisweetchocolate</contenuImg>
            <contenuImg CS="0.48" coul="1" lang="en" source="google">black</contenuImg>
            <contenuImg CS="0.98" coul="1" lang="en" source="google">semisweetchocolate</contenuImg>
            <contenuImg CS="0.50" lang="en" source="google">Art</contenuImg>
            <contenuImg CS="0.50" lang="en" source="google">Perennial plant</contenuImg>
            <contenuImg CS="0.56" lang="en" source="google">Floral design</contenuImg>
            <contenuImg CS="0.56" lang="en" source="google">Pattern</contenuImg>
            <contenuImg CS="0.67" lang="en" source="google">Flower</contenuImg>
            <contenuImg CS="0.68" h="3320" lang="en" source="google" w="1862" x="2800.6" y="189.6">Textile</contenuImg>
            <contenuImg CS="0.79" h="3320" lang="en" source="google" w="1862" x="2800.6" y="189.6">Plant</contenuImg>
            <contenuImg CS="0.81" h="3320" lang="en" source="google" w="1862" x="2800.6" y="189.6">Leaf</contenuImg>
            <contenuImg CS="0.85" h="3320" lang="en" source="google" w="1862" x="2800.6" y="189.6">Botany</contenuImg>
            <tech source="final">estampe/gravure</tech>
            <fonction source="md">papier-peint</fonction>
            <fonction source="final">papier-peint</fonction>
            <tech CS="1" source="hm">estampe/gravure</tech>
            <theme CS="1" source="md">0</theme>
            <contenuImg CS="1.0" lang="fr" source="md">Frises</contenuImg>
            <contenuImg CS="1.0" lang="fr" source="md">Muguet</contenuImg>
            <contenuImg CS="1.0" lang="fr" source="md">Feuilles stylisées (ornement)</contenuImg>
            <contenuImg CS="1.0" lang="fr" source="md">Arceaux</contenuImg>
            <contenuImg CS="1.0" lang="fr" source="md">Fleurs stylisées (ornement)</contenuImg>
            <contenuImg CS="1.0" lang="fr" source="md">Motifs décoratifs</contenuImg>
            <titraille>Bordure : papier peint</titraille>
          </ill>
        </ills>
      </page>
      <page ordre="2">
        <blocIll ocr="1">1</blocIll>
        <ills>
          <ill classif="CCgoogle" couleur="coul" h="1840" hash="fff7f7c1c1c10040" n="2-1" taille="3" w="3408" x="1" y="1">
            <contenuImg CS="0.70" lang="fr" source="google">textile</contenuImg>
            <contenuImg CS="0.84" h="3320" lang="fr" source="google" w="3325" x="1879.8" y="184">botanique</contenuImg>
            <contenuImg CS="0.64" lang="fr" source="google">fleurs sauvages</contenuImg>
            <contenuImg CS="0.52" lang="fr" source="google">plante vivace</contenuImg>
            <contenuImg CS="0.56" lang="fr" source="google">modèle motif</contenuImg>
            <contenuImg CS="0.96" coul="1" h="3320" lang="fr" source="google" w="3325" x="1879.8" y="184">vert</contenuImg>
            <contenuImg CS="0.85" h="3320" lang="fr" source="google" w="3325" x="1879.8" y="184">feuille</contenuImg>
            <contenuImg CS="0.81" h="3320" lang="fr" source="google" w="3325" x="1879.8" y="184">plante</contenuImg>
            <contenuImg CS="0.70" lang="fr" source="google">fleur</contenuImg>
            <contenuImg CS="0.59" lang="fr" source="google">arts visuels</contenuImg>
            <contenuImg CS="0.56" lang="fr" source="google">modèle</contenuImg>
            <contenuImg CS="0.10" coul="1" lang="fr" source="google">rose</contenuImg>
            <contenuImg CS="0.19" coul="1" lang="fr" source="google">vert cuivre foncé</contenuImg>
            <contenuImg CS="0.17" coul="1" lang="fr" source="google">noir</contenuImg>
            <contenuImg CS="0.16" coul="1" lang="fr" source="google">gris ardoise foncé</contenuImg>
            <contenuImg CS="0.14" coul="1" lang="fr" source="google">vert foncé</contenuImg>
            <contenuImg b="112" coul="1" g="157" ordre="6" r="170" source="colorific" type="frg">#aa9d70</contenuImg>
            <contenuImg b="106" coul="1" g="133" ordre="5" r="98" source="colorific" type="frg">#62856a</contenuImg>
            <contenuImg b="19" coul="1" g="33" ordre="4" r="32" source="colorific" type="frg">#202113</contenuImg>
            <contenuImg b="74" coul="1" g="75" ordre="3" r="46" source="colorific" type="frg">#2e4b4a</contenuImg>
            <contenuImg b="120" coul="1" g="133" ordre="2" r="136" source="colorific" type="frg">#888578</contenuImg>
            <contenuImg b="135" coul="1" g="126" ordre="1" r="187" source="colorific" type="frg">#bb7e87</contenuImg>
            <contenuImg CS="1.0" lang="en" source="md">decorative patterns</contenuImg>
            <contenuImg CS="1.0" lang="en" source="md">stylized flowers (ornament)</contenuImg>
            <contenuImg CS="1.0" lang="en" source="md">hoops</contenuImg>
            <contenuImg CS="1.0" lang="en" source="md">stylized leaves (ornament)</contenuImg>
            <contenuImg CS="1.0" lang="en" source="md">lily of the valley (flowers)</contenuImg>
            <contenuImg CS="1.0" lang="en" source="md">curly</contenuImg>
            <contenuImg CS="0.14" coul="1" lang="en" source="google">darkgreen</contenuImg>
            <contenuImg CS="0.16" coul="1" lang="en" source="google">darkslategrey</contenuImg>
            <contenuImg CS="0.17" coul="1" lang="en" source="google">black</contenuImg>
            <contenuImg CS="0.19" coul="1" lang="en" source="google">darkgreencopper</contenuImg>
            <contenuImg CS="1.40" coul="1" lang="en" source="google">darkgreen</contenuImg>
            <contenuImg CS="0.06" coul="1" lang="en" source="google">darkslategrey</contenuImg>
            <contenuImg CS="0.10" coul="1" lang="en" source="google">pink</contenuImg>
            <contenuImg CS="1.74" coul="1" lang="en" source="google">darkgreen</contenuImg>
            <contenuImg CS="0.52" lang="en" source="google">Perennial plant</contenuImg>
            <contenuImg CS="0.56" lang="en" source="google">Pattern</contenuImg>
            <contenuImg CS="0.59" lang="en" source="google">Visual arts</contenuImg>
            <contenuImg CS="0.64" lang="en" source="google">Wildflower</contenuImg>
            <contenuImg CS="0.70" lang="en" source="google">Flower</contenuImg>
            <contenuImg CS="0.70" lang="en" source="google">Textile</contenuImg>
            <contenuImg CS="0.81" h="3320" lang="en" source="google" w="3325" x="1879.8" y="184">Plant</contenuImg>
            <contenuImg CS="0.84" h="3320" lang="en" source="google" w="3325" x="1879.8" y="184">Botany</contenuImg>
            <contenuImg CS="0.85" h="3320" lang="en" source="google" w="3325" x="1879.8" y="184">Leaf</contenuImg>
            <contenuImg CS="0.96" coul="1" h="3320" lang="en" source="google" w="3325" x="1879.8" y="184">Green</contenuImg>
            <tech source="final">estampe/gravure</tech>
            <fonction source="md">papier-peint</fonction>
            <fonction source="final">papier-peint</fonction>
            <tech CS="1" source="hm">estampe/gravure</tech>
            <theme CS="1" source="md">0</theme>
            <contenuImg CS="1.0" lang="fr" source="md">Frises</contenuImg>
            <contenuImg CS="1.0" lang="fr" source="md">Muguet</contenuImg>
            <contenuImg CS="1.0" lang="fr" source="md">Feuilles stylisées (ornement)</contenuImg>
            <contenuImg CS="1.0" lang="fr" source="md">Arceaux</contenuImg>
            <contenuImg CS="1.0" lang="fr" source="md">Fleurs stylisées (ornement)</contenuImg>
            <contenuImg CS="1.0" lang="fr" source="md">Motifs décoratifs</contenuImg>
            <titraille>Bordure : papier peint</titraille>
          </ill>
        </ills>
      </page>
    </pages>
  </contenus>
</analyseAlto>