<analyseAlto>
  <metad>
    <type>I</type>
    <ID>btv1b69005151</ID>
    <titre>Manufacture Jacquemart et Bénard. Papier à motif répétitif. Lambris à arcades : papier peint</titre>
    <dateEdition>1799</dateEdition>
    <auteur>inconnu</auteur>
    <lang>fre</lang>
    <source>Bibliothèque nationale de France</source>
    <sujet>Arcades -- Jardins -- Fontaines -- Ruines -- Treillages -- Draperies (ornement) -- Trompe-l_oeil (ornement) -- Paysages -- 1789-1799 -- Motifs décoratifs -- 1789-1799</sujet>
    <descr>Appartient à l’ensemble documentaire : PaPeint18 -- Papier peint</descr>
    <format>inconnu</format>
    <couverture>inconnu</couverture>
    <largeurPx>6624</largeurPx>
    <hauteurPx>6776</hauteurPx>
    <ocr>false</ocr>
    <toc>false</toc>
    <nbPage>1</nbPage>
  </metad>
  <contenus ocr="false" toc="false">
    <largeur>280</largeur>
    <hauteur>286</hauteur>
    <largeurPx>6624</largeurPx>
    <hauteurPx>6776</hauteurPx>
    <pages>
      <page ordre="1">
        <blocIll ocr="1">1</blocIll>
        <ills>
          <ill classif="CCgoogle" couleur="coul" h="6776" hash="990219ffffff0000" n="1-1" taille="20" w="6624" x="1" y="1">
            <contenuImg CS="0.76" h="2360" lang="fr" source="google" w="4175" x="662.4" y="1104.6">textile</contenuImg>
            <contenuImg CS="0.72" lang="fr" source="google">conception</contenuImg>
            <contenuImg CS="0.71" lang="fr" source="google">magenta</contenuImg>
            <contenuImg CS="0.72" lang="fr" source="google">habillage de fenêtre</contenuImg>
            <contenuImg CS="0.75" lang="fr" source="google">modèle motif</contenuImg>
            <contenuImg CS="0.95" coul="1" h="2360" lang="fr" source="google" w="4175" x="662.4" y="1104.6">vert</contenuImg>
            <contenuImg CS="0.94" h="2360" lang="fr" source="google" w="4175" x="662.4" y="1104.6">rideau</contenuImg>
            <contenuImg CS="0.75" lang="fr" source="google">modèle</contenuImg>
            <contenuImg CS="0.74" lang="fr" source="google">design d'intérieur</contenuImg>
            <contenuImg CS="0.72" lang="fr" source="google">design</contenuImg>
            <contenuImg CS="0.67" lang="fr" source="google">arts visuels</contenuImg>
            <contenuImg CS="0.52" coul="1" lang="fr" source="google">rose</contenuImg>
            <contenuImg CS="0.51" coul="1" lang="fr" source="google">bleu cadet</contenuImg>
            <contenuImg CS="0.14" coul="1" lang="fr" source="google">bronze</contenuImg>
            <contenuImg CS="0.82" coul="1" lang="fr" source="google">vert cuivre</contenuImg>
            <contenuImg CS="0.41" coul="1" lang="fr" source="google">argent</contenuImg>
            <contenuImg CS="0.28" coul="1" lang="fr" source="google">gris clair</contenuImg>
            <contenuImg b="45" coul="1" g="66" ordre="6" r="78" source="colorific" type="frg">#4e422d</contenuImg>
            <contenuImg b="88" coul="1" g="92" ordre="5" r="54" source="colorific" type="frg">#365c58</contenuImg>
            <contenuImg b="130" coul="1" g="149" ordre="4" r="101" source="colorific" type="frg">#659582</contenuImg>
            <contenuImg b="200" coul="1" g="185" ordre="3" r="162" source="colorific" type="frg">#a2b9c8</contenuImg>
            <contenuImg b="132" coul="1" g="126" ordre="2" r="162" source="colorific" type="frg">#a27e84</contenuImg>
            <contenuImg b="160" coul="1" g="179" ordre="1" r="178" source="colorific" type="frg">#b2b3a0</contenuImg>
            <contenuImg CS="1.0" lang="en" source="md">decorative patterns - 1789-1799</contenuImg>
            <contenuImg CS="1.0" lang="en" source="md">landscapes - 1789-1799</contenuImg>
            <contenuImg CS="1.0" lang="en" source="md">trompe-l'oeil (ornament)</contenuImg>
            <contenuImg CS="1.0" lang="en" source="md">draperies (ornament)</contenuImg>
            <contenuImg CS="1.0" lang="en" source="md">trellises</contenuImg>
            <contenuImg CS="1.0" lang="en" source="md">ruins</contenuImg>
            <contenuImg CS="1.0" lang="en" source="md">fountains</contenuImg>
            <contenuImg CS="1.0" lang="en" source="md">gardens</contenuImg>
            <contenuImg CS="1.0" lang="en" source="md">arcades</contenuImg>
            <contenuImg CS="0.28" coul="1" lang="en" source="google">lightgray</contenuImg>
            <contenuImg CS="0.41" coul="1" lang="en" source="google">silver</contenuImg>
            <contenuImg CS="0.82" coul="1" lang="en" source="google">greencopper</contenuImg>
            <contenuImg CS="0.06" coul="1" lang="en" source="google">silver</contenuImg>
            <contenuImg CS="0.14" coul="1" lang="en" source="google">bronze</contenuImg>
            <contenuImg CS="0.51" coul="1" lang="en" source="google">cadetblue</contenuImg>
            <contenuImg CS="0.52" coul="1" lang="en" source="google">pink</contenuImg>
            <contenuImg CS="1.02" coul="1" lang="en" source="google">silver</contenuImg>
            <contenuImg CS="0.67" lang="en" source="google">Visual arts</contenuImg>
            <contenuImg CS="0.71" lang="en" source="google">Magenta</contenuImg>
            <contenuImg CS="0.72" lang="en" source="google">Design</contenuImg>
            <contenuImg CS="0.72" lang="en" source="google">Window treatment</contenuImg>
            <contenuImg CS="0.74" lang="en" source="google">Interior design</contenuImg>
            <contenuImg CS="0.75" lang="en" source="google">Pattern</contenuImg>
            <contenuImg CS="0.76" h="2360" lang="en" source="google" w="4175" x="662.4" y="1104.6">Textile</contenuImg>
            <contenuImg CS="0.92" coul="1" h="2360" lang="en" source="google" w="4175" x="662.4" y="1104.6">Pink</contenuImg>
            <contenuImg CS="0.94" h="2360" lang="en" source="google" w="4175" x="662.4" y="1104.6">Curtain</contenuImg>
            <contenuImg CS="0.95" coul="1" h="2360" lang="en" source="google" w="4175" x="662.4" y="1104.6">Green</contenuImg>
            <tech source="final">estampe/gravure</tech>
            <fonction source="md">papier-peint</fonction>
            <fonction source="final">papier-peint</fonction>
            <tech CS="1" source="hm">estampe/gravure</tech>
            <theme CS="1" source="md">0</theme>
            <contenuImg CS="1.0" lang="fr" source="md">Arcades</contenuImg>
            <contenuImg CS="1.0" lang="fr" source="md">Jardins</contenuImg>
            <contenuImg CS="1.0" lang="fr" source="md">Fontaines</contenuImg>
            <contenuImg CS="1.0" lang="fr" source="md">Ruines</contenuImg>
            <contenuImg CS="1.0" lang="fr" source="md">Treillages</contenuImg>
            <contenuImg CS="1.0" lang="fr" source="md">Draperies (ornement)</contenuImg>
            <contenuImg CS="1.0" lang="fr" source="md">Trompe-l'oeil (ornement)</contenuImg>
            <contenuImg CS="1.0" lang="fr" source="md">Paysages -- 1789-1799</contenuImg>
            <contenuImg CS="1.0" lang="fr" source="md">Motifs décoratifs -- 1789-1799</contenuImg>
            <titraille>Manufacture Jacquemart et Bénard. Papier à motif répétitif. Lambris à arcades : papier peint</titraille>
          </ill>
        </ills>
      </page>
    </pages>
  </contenus>
</analyseAlto>