<analyseAlto>
  <metad>
    <type>I</type>
    <ID>btv1b6900226s</ID>
    <titre>Manufacture Dubuisson. Papier à motif répétitif à un chemin de compartiments losangés ornés de différentes scènes en camaïeu : scène à l_antique (Vénus face à l'amour armé d'un arc et carquois et aux yeux bandés guidé par un chien)   scènes animalières (vaches couchées dans un pré   paon avec bâtiment ou arcade) : papier peint</titre>
    <dateEdition>1800</dateEdition>
    <auteur>inconnu</auteur>
    <lang>fre</lang>
    <source>Bibliothèque nationale de France, département Estampes et photographie, EST LZ-312 (5)</source>
    <sujet>Vénus (divinité romaine) -- Amour (divinité) -- Chien -- Carquois -- Animaux -- Vaches -- Oiseaux -- Paon bleu -- Constructions -- Arcades -- Jardins -- Prairies -- Losanges (ornement) -- Camaïeu, Peinture en -- Galons (ornement) -- Fleurs stylisées (ornement) -- Scènes à l_antique -- Arc et flèches -- Motifs décoratifs -- 1800-1869</sujet>
    <descr>Appartient à l’ensemble documentaire : PaPeint18 -- Papier peint</descr>
    <format>inconnu</format>
    <couverture>inconnu</couverture>
    <largeurPx>7136</largeurPx>
    <hauteurPx>11536</hauteurPx>
    <ocr>false</ocr>
    <toc>false</toc>
    <caption>false</caption>
    <nbPage>1</nbPage>
  </metad>
  <contenus ocr="false" toc="false">
    <largeur>302</largeur>
    <hauteur>488</hauteur>
    <largeurPx>7136</largeurPx>
    <hauteurPx>11536</hauteurPx>
    <pages>
      <page ordre="1">
        <blocIll ocr="1">1</blocIll>
        <ills>
          <ill classif="CCgoogle" couleur="coul" h="11536" hash="3ce4e23cc33ce562" n="1-1" taille="38" w="7136" x="1" y="1">
            <contenuImg CS="0.79" h="2645" lang="fr" source="google" w="2641" x="713.6" y="1580.6">conception</contenuImg>
            <contenuImg CS="0.66" lang="fr" source="google">textile</contenuImg>
            <contenuImg CS="0.57" lang="fr" source="google">kaléidoscope</contenuImg>
            <contenuImg CS="0.55" lang="fr" source="google">art psychédélique</contenuImg>
            <contenuImg CS="0.54" lang="fr" source="google">modèle motif</contenuImg>
            <contenuImg CS="0.91" h="2645" lang="fr" source="google" w="2641" x="713.6" y="1580.6">symétrie</contenuImg>
            <contenuImg CS="0.79" h="2645" lang="fr" source="google" w="2641" x="713.6" y="1580.6">design</contenuImg>
            <contenuImg CS="0.70" h="2645" lang="fr" source="google" w="2641" x="713.6" y="1580.6">arts visuels</contenuImg>
            <contenuImg CS="0.65" lang="fr" source="google">architecture</contenuImg>
            <contenuImg CS="0.54" lang="fr" source="google">plafond</contenuImg>
            <contenuImg CS="0.54" lang="fr" source="google">modèle</contenuImg>
            <contenuImg CS="0.24" coul="1" lang="fr" source="google">vert olive foncé</contenuImg>
            <contenuImg CS="0.43" coul="1" lang="fr" source="google">bronze</contenuImg>
            <contenuImg CS="0.35" coul="1" lang="fr" source="google">vert foncé</contenuImg>
            <contenuImg CS="0.27" coul="1" lang="fr" source="google">noir</contenuImg>
            <contenuImg CS="0.23" coul="1" lang="fr" source="google">rose</contenuImg>
            <contenuImg CS="0.22" coul="1" lang="fr" source="google">gris foncé</contenuImg>
            <contenuImg b="81" coul="1" g="84" ordre="6" r="93" source="colorific" type="frg">#5d5451</contenuImg>
            <contenuImg b="67" coul="1" g="75" ordre="5" r="46" source="colorific" type="frg">#2e4b43</contenuImg>
            <contenuImg b="52" coul="1" g="66" ordre="4" r="90" source="colorific" type="frg">#5a4234</contenuImg>
            <contenuImg b="26" coul="1" g="32" ordre="3" r="17" source="colorific" type="frg">#11201a</contenuImg>
            <contenuImg b="141" coul="1" g="145" ordre="2" r="151" source="colorific" type="frg">#97918d</contenuImg>
            <contenuImg b="142" coul="1" g="159" ordre="1" r="218" source="colorific" type="frg">#da9f8e</contenuImg>
            <contenuImg CS="1.0" lang="en" source="md">decorative patterns - 1800-1869</contenuImg>
            <contenuImg CS="1.0" lang="en" source="md">bow and arrows</contenuImg>
            <contenuImg CS="1.0" lang="en" source="md">Ancient scenes</contenuImg>
            <contenuImg CS="1.0" lang="en" source="md">stylized flowers (ornament)</contenuImg>
            <contenuImg CS="1.0" lang="en" source="md">galons (ornament)</contenuImg>
            <contenuImg CS="1.0" lang="en" source="md">camaïeu painting</contenuImg>
            <contenuImg CS="1.0" lang="en" source="md">rhombuses (ornament)</contenuImg>
            <contenuImg CS="1.0" lang="en" source="md">Prairie</contenuImg>
            <contenuImg CS="1.0" lang="en" source="md">gardens</contenuImg>
            <contenuImg CS="1.0" lang="en" source="md">arcades</contenuImg>
            <contenuImg CS="1.0" lang="en" source="md">constructions</contenuImg>
            <contenuImg CS="1.0" lang="en" source="md">blue peacock (birds)</contenuImg>
            <contenuImg CS="1.0" lang="en" source="md">birds</contenuImg>
            <contenuImg CS="1.0" lang="en" source="md">cows</contenuImg>
            <contenuImg CS="1.0" lang="en" source="md">animals</contenuImg>
            <contenuImg CS="1.0" lang="en" source="md">quiver</contenuImg>
            <contenuImg CS="1.0" lang="en" source="md">dog</contenuImg>
            <contenuImg CS="1.0" lang="en" source="md">Love (divinity)</contenuImg>
            <contenuImg CS="1.0" lang="en" source="md">Venus (Roman deity)</contenuImg>
            <contenuImg CS="0.22" coul="1" lang="en" source="google">darkgray</contenuImg>
            <contenuImg CS="0.23" coul="1" lang="en" source="google">pink</contenuImg>
            <contenuImg CS="0.27" coul="1" lang="en" source="google">black</contenuImg>
            <contenuImg CS="0.35" coul="1" lang="en" source="google">darkgreen</contenuImg>
            <contenuImg CS="0.43" coul="1" lang="en" source="google">bronze</contenuImg>
            <contenuImg CS="0.24" coul="1" lang="en" source="google">darkolivegreen</contenuImg>
            <contenuImg CS="0.50" coul="1" lang="en" source="google">black</contenuImg>
            <contenuImg CS="0.54" lang="en" source="google">Pattern</contenuImg>
            <contenuImg CS="0.54" lang="en" source="google">Ceiling</contenuImg>
            <contenuImg CS="0.55" lang="en" source="google">Psychedelic art</contenuImg>
            <contenuImg CS="0.57" lang="en" source="google">Kaleidoscope</contenuImg>
            <contenuImg CS="0.65" lang="en" source="google">Architecture</contenuImg>
            <contenuImg CS="0.66" lang="en" source="google">Textile</contenuImg>
            <contenuImg CS="0.70" h="2645" lang="en" source="google" w="2641" x="713.6" y="1580.6">Visual arts</contenuImg>
            <contenuImg CS="0.79" h="2645" lang="en" source="google" w="2641" x="713.6" y="1580.6">Design</contenuImg>
            <contenuImg CS="0.91" h="2645" lang="en" source="google" w="2641" x="713.6" y="1580.6">Symmetry</contenuImg>
            <contenuImg CS="0.94" h="2645" lang="en" source="google" w="2641" x="713.6" y="1580.6">Pattern</contenuImg>
            <tech source="final">estampe/gravure</tech>
            <fonction source="md">papier-peint</fonction>
            <fonction source="final">papier-peint</fonction>
            <tech CS="1" source="hm">estampe/gravure</tech>
            <theme CS="1" source="md">0</theme>
            <contenuImg CS="1.0" lang="fr" source="md">Vénus (divinité romaine)</contenuImg>
            <contenuImg CS="1.0" lang="fr" source="md">Amour (divinité)</contenuImg>
            <contenuImg CS="1.0" lang="fr" source="md">Chien</contenuImg>
            <contenuImg CS="1.0" lang="fr" source="md">Carquois</contenuImg>
            <contenuImg CS="1.0" lang="fr" source="md">Animaux</contenuImg>
            <contenuImg CS="1.0" lang="fr" source="md">Vaches</contenuImg>
            <contenuImg CS="1.0" lang="fr" source="md">Oiseaux</contenuImg>
            <contenuImg CS="1.0" lang="fr" source="md">Paon bleu</contenuImg>
            <contenuImg CS="1.0" lang="fr" source="md">Constructions</contenuImg>
            <contenuImg CS="1.0" lang="fr" source="md">Arcades</contenuImg>
            <contenuImg CS="1.0" lang="fr" source="md">Jardins</contenuImg>
            <contenuImg CS="1.0" lang="fr" source="md">Prairies</contenuImg>
            <contenuImg CS="1.0" lang="fr" source="md">Losanges (ornement)</contenuImg>
            <contenuImg CS="1.0" lang="fr" source="md">Peinture en camaïeu</contenuImg>
            <contenuImg CS="1.0" lang="fr" source="md">Galons (ornement)</contenuImg>
            <contenuImg CS="1.0" lang="fr" source="md">Fleurs stylisées (ornement)</contenuImg>
            <contenuImg CS="1.0" lang="fr" source="md">Scènes à l'antique</contenuImg>
            <contenuImg CS="1.0" lang="fr" source="md">Arc et flèches</contenuImg>
            <contenuImg CS="1.0" lang="fr" source="md">Motifs décoratifs -- 1800-1869</contenuImg>
            <titraille>Manufacture Dubuisson. Papier à motif répétitif à un chemin de compartiments losangés ornés de différentes scènes en camaïeu : scène à l_antique (Vénus face à l'amour armé d'un arc et carquois et aux yeux bandés guidé par un chien)   scènes animalières (vaches couchées dans un pré   paon avec bâtiment ou arcade) : papier peint</titraille>
          </ill>
        </ills>
      </page>
    </pages>
  </contenus>
</analyseAlto>