<analyseAlto>
  <metad>
    <type>I</type>
    <ID>btv1b6901335d</ID>
    <titre>Papier à motif répétitif : papier peint</titre>
    <dateEdition>1801</dateEdition>
    <auteur>inconnu</auteur>
    <lang>fre</lang>
    <source>Bibliothèque nationale de France</source>
    <sujet>Papier peint -- Rubans (tissus) -- Frises -- Ornements géométriques -- Feuilles -- Fleurs de fantaisie -- Motifs décoratifs</sujet>
    <descr>Appartient à l’ensemble documentaire : PaPeint18 -- Papier peint</descr>
    <format>inconnu</format>
    <couverture>inconnu</couverture>
    <largeurPx>6848</largeurPx>
    <hauteurPx>3736</hauteurPx>
    <ocr>false</ocr>
    <toc>false</toc>
    <nbPage>1</nbPage>
  </metad>
  <contenus ocr="false" toc="false">
    <largeur>289</largeur>
    <hauteur>158</hauteur>
    <largeurPx>6848</largeurPx>
    <hauteurPx>3736</hauteurPx>
    <pages>
      <page ordre="1">
        <blocIll ocr="1">1</blocIll>
        <ills>
          <ill classif="CCgoogle" couleur="coul" h="3736" hash="dd80f00103efe3e7" n="1-1" taille="11" w="6848" x="1" y="1">
            <contenuImg CS="0.05" coul="1" lang="fr" source="google">bronze</contenuImg>
            <contenuImg CS="0.91" coul="1" h="2327" lang="fr" source="google" w="2327" x="1539.8" y="373.6">vert</contenuImg>
            <contenuImg CS="0.75" h="2327" lang="fr" source="google" w="2327" x="1539.8" y="373.6">police de caractère</contenuImg>
            <contenuImg CS="0.50" h="2327" lang="fr" source="google" w="2327" x="1539.8" y="373.6">illustration</contenuImg>
            <contenuImg CS="0.84" coul="1" lang="fr" source="google">vert cuivre foncé</contenuImg>
            <contenuImg CS="0.75" coul="1" lang="fr" source="google">vert foncé</contenuImg>
            <contenuImg CS="0.13" coul="1" lang="fr" source="google">orange mandarine</contenuImg>
            <contenuImg CS="0.11" coul="1" lang="fr" source="google">chocolat à pâtisser</contenuImg>
            <contenuImg CS="0.06" coul="1" lang="fr" source="google">bois moyen</contenuImg>
            <contenuImg CS="0.51" coul="1" lang="fr" source="google">noir</contenuImg>
            <contenuImg b="118" coul="1" g="123" r="91" source="colorific" type="bkg">#5b7b76</contenuImg>
            <contenuImg b="23" coul="1" g="31" ordre="6" r="13" source="colorific" type="frg">#0d1f17</contenuImg>
            <contenuImg b="31" coul="1" g="73" ordre="5" r="178" source="colorific" type="frg">#b2491f</contenuImg>
            <contenuImg b="102" coul="1" g="172" ordre="4" r="185" source="colorific" type="frg">#b9ac66</contenuImg>
            <contenuImg b="72" coul="1" g="110" ordre="3" r="147" source="colorific" type="frg">#936e48</contenuImg>
            <contenuImg b="0" coul="1" g="0" ordre="2" r="0" source="colorific" type="frg">#000000</contenuImg>
            <contenuImg b="53" coul="1" g="57" ordre="1" r="20" source="colorific" type="frg">#143935</contenuImg>
            <contenuImg CS="1.0" lang="en" source="md">decorative patterns</contenuImg>
            <contenuImg CS="1.0" lang="en" source="md">fantasy flowers</contenuImg>
            <contenuImg CS="1.0" lang="en" source="md">leaves (plants)</contenuImg>
            <contenuImg CS="1.0" lang="en" source="md">geometric ornaments</contenuImg>
            <contenuImg CS="1.0" lang="en" source="md">curly</contenuImg>
            <contenuImg CS="1.0" lang="en" source="md">ribbons (fabrics)</contenuImg>
            <contenuImg CS="1.0" lang="en" source="md">wallpaper</contenuImg>
            <contenuImg CS="0.51" coul="1" lang="en" source="google">black</contenuImg>
            <contenuImg CS="0.05" coul="1" lang="en" source="google">black</contenuImg>
            <contenuImg CS="0.05" coul="1" lang="en" source="google">bronzeii</contenuImg>
            <contenuImg CS="0.06" coul="1" lang="en" source="google">mediumwood</contenuImg>
            <contenuImg CS="0.11" coul="1" lang="en" source="google">bakerschocolate</contenuImg>
            <contenuImg CS="0.13" coul="1" lang="en" source="google">mandarianorange</contenuImg>
            <contenuImg CS="0.75" coul="1" lang="en" source="google">darkgreen</contenuImg>
            <contenuImg CS="0.84" coul="1" lang="en" source="google">darkgreencopper</contenuImg>
            <contenuImg CS="0.50" h="2327" lang="en" source="google" w="2327" x="1539.8" y="373.6">Illustration</contenuImg>
            <contenuImg CS="0.75" h="2327" lang="en" source="google" w="2327" x="1539.8" y="373.6">Font</contenuImg>
            <contenuImg CS="0.91" coul="1" h="2327" lang="en" source="google" w="2327" x="1539.8" y="373.6">Green</contenuImg>
            <tech source="final">estampe/gravure</tech>
            <fonction source="md">papier-peint</fonction>
            <fonction source="final">papier-peint</fonction>
            <tech CS="1" source="hm">estampe/gravure</tech>
            <theme CS="1" source="md">0</theme>
            <contenuImg CS="1.0" lang="fr" source="md">Papier peint</contenuImg>
            <contenuImg CS="1.0" lang="fr" source="md">Rubans (tissus)</contenuImg>
            <contenuImg CS="1.0" lang="fr" source="md">Frises</contenuImg>
            <contenuImg CS="1.0" lang="fr" source="md">Ornements géométriques</contenuImg>
            <contenuImg CS="1.0" lang="fr" source="md">Feuilles</contenuImg>
            <contenuImg CS="1.0" lang="fr" source="md">Fleurs de fantaisie</contenuImg>
            <contenuImg CS="1.0" lang="fr" source="md">Motifs décoratifs</contenuImg>
            <titraille>Papier à motif répétitif : papier peint</titraille>
          </ill>
        </ills>
      </page>
    </pages>
  </contenus>
</analyseAlto>