<analyseAlto>
  <metad>
    <type>I</type>
    <ID>btv1b6900543b</ID>
    <titre>Papier à motif répétitif : papier peint</titre>
    <dateEdition>1800</dateEdition>
    <auteur>inconnu</auteur>
    <lang>fre</lang>
    <source>Bibliothèque nationale de France</source>
    <sujet>Étoiles -- Motifs décoratifs</sujet>
    <descr>Appartient à l’ensemble documentaire : PaPeint18 -- Papier peint</descr>
    <format>inconnu</format>
    <couverture>inconnu</couverture>
    <largeurPx>4592</largeurPx>
    <hauteurPx>6776</hauteurPx>
    <ocr>false</ocr>
    <toc>false</toc>
    <nbPage>1</nbPage>
  </metad>
  <contenus ocr="false" toc="false">
    <largeur>194</largeur>
    <hauteur>286</hauteur>
    <largeurPx>4592</largeurPx>
    <hauteurPx>6776</hauteurPx>
    <pages>
      <page ordre="1">
        <blocIll ocr="1">1</blocIll>
        <ills>
          <ill classif="CCgoogle" couleur="coul" h="6776" hash="ffefcba5cb810100" n="1-1" taille="14" w="4592" x="1" y="1">
            <contenuImg CS="0.77" h="1634" lang="fr" source="google" w="2892" x="459.2" y="677.6">conception</contenuImg>
            <contenuImg CS="0.66" lang="fr" source="google">textile</contenuImg>
            <contenuImg CS="0.83" h="1634" lang="fr" source="google" w="2892" x="459.2" y="677.6">papier cadeau</contenuImg>
            <contenuImg CS="0.93" h="1634" lang="fr" source="google" w="2892" x="459.2" y="677.6">modèle motif</contenuImg>
            <contenuImg CS="0.93" h="1634" lang="fr" source="google" w="2892" x="459.2" y="677.6">modèle</contenuImg>
            <contenuImg CS="0.93" coul="1" h="1634" lang="fr" source="google" w="2892" x="459.2" y="677.6">bleu</contenuImg>
            <contenuImg CS="0.77" h="1634" lang="fr" source="google" w="2892" x="459.2" y="677.6">design</contenuImg>
            <contenuImg CS="0.54" lang="fr" source="google">symétrie</contenuImg>
            <contenuImg CS="0.04" coul="1" lang="fr" source="google">turquoise moyen</contenuImg>
            <contenuImg CS="1.87" coul="1" lang="fr" source="google">turquoise</contenuImg>
            <contenuImg CS="0.04" coul="1" lang="fr" source="google">quartz</contenuImg>
            <contenuImg CS="0.03" coul="1" lang="fr" source="google">argent</contenuImg>
            <contenuImg CS="0.01" coul="1" lang="fr" source="google">vert pâle</contenuImg>
            <contenuImg CS="0.01" coul="1" lang="fr" source="google">vert cuivre foncé</contenuImg>
            <contenuImg b="208" coul="1" g="184" r="138" source="colorific" type="bkg">#8ab8d0</contenuImg>
            <contenuImg b="102" coul="1" g="99" ordre="3" r="76" source="colorific" type="frg">#4c6366</contenuImg>
            <contenuImg b="30" coul="1" g="33" ordre="2" r="14" source="colorific" type="frg">#0e211e</contenuImg>
            <contenuImg b="255" coul="1" g="255" ordre="1" r="255" source="colorific" type="frg">#ffffff</contenuImg>
            <contenuImg CS="1.0" lang="en" source="md">decorative patterns</contenuImg>
            <contenuImg CS="1.0" lang="en" source="md">stars</contenuImg>
            <contenuImg CS="0.01" coul="1" lang="en" source="google">darkgreencopper</contenuImg>
            <contenuImg CS="0.01" coul="1" lang="en" source="google">palegreen</contenuImg>
            <contenuImg CS="0.03" coul="1" lang="en" source="google">silver</contenuImg>
            <contenuImg CS="0.04" coul="1" lang="en" source="google">quartz</contenuImg>
            <contenuImg CS="1.87" coul="1" lang="en" source="google">turquoise</contenuImg>
            <contenuImg CS="0.04" coul="1" lang="en" source="google">mediumturquoise</contenuImg>
            <contenuImg CS="2.97" coul="1" lang="en" source="google">quartz</contenuImg>
            <contenuImg CS="0.54" lang="en" source="google">Symmetry</contenuImg>
            <contenuImg CS="0.66" lang="en" source="google">Textile</contenuImg>
            <contenuImg CS="0.77" h="1634" lang="en" source="google" w="2892" x="459.2" y="677.6">Design</contenuImg>
            <contenuImg CS="0.83" h="1634" lang="en" source="google" w="2892" x="459.2" y="677.6">Wrapping paper</contenuImg>
            <contenuImg CS="0.93" coul="1" h="1634" lang="en" source="google" w="2892" x="459.2" y="677.6">Blue</contenuImg>
            <contenuImg CS="0.93" h="1634" lang="en" source="google" w="2892" x="459.2" y="677.6">Pattern</contenuImg>
            <tech source="final">estampe/gravure</tech>
            <fonction source="md">papier-peint</fonction>
            <fonction source="final">papier-peint</fonction>
            <tech CS="1" source="hm">estampe/gravure</tech>
            <theme CS="1" source="md">0</theme>
            <contenuImg CS="1.0" lang="fr" source="md">Étoiles</contenuImg>
            <contenuImg CS="1.0" lang="fr" source="md">Motifs décoratifs</contenuImg>
            <titraille>Papier à motif répétitif : papier peint</titraille>
          </ill>
        </ills>
      </page>
    </pages>
  </contenus>
</analyseAlto>