<analyseAlto>
  <metad>
    <type>I</type>
    <ID>btv1b69005136</ID>
    <titre>Manufacture Jacquemart et Bénard. Bordure. Une bande sur un fond de linon batiste : papier peint</titre>
    <dateEdition>1799</dateEdition>
    <auteur>inconnu</auteur>
    <lang>fre</lang>
    <source>Bibliothèque nationale de France</source>
    <sujet>Textiles et tissus -- Frises -- Linons batistes (textile) -- Végétaux de fantaisie -- Grecques (ornement) -- Rangs de perles (ornement) -- Motifs décoratifs -- 1789-1799</sujet>
    <descr>Appartient à l’ensemble documentaire : PaPeint18 -- Papier peint</descr>
    <format>inconnu</format>
    <couverture>inconnu</couverture>
    <largeurPx>5720</largeurPx>
    <hauteurPx>2912</hauteurPx>
    <ocr>false</ocr>
    <toc>false</toc>
    <nbPage>1</nbPage>
  </metad>
  <contenus ocr="false" toc="false">
    <largeur>242</largeur>
    <hauteur>123</hauteur>
    <largeurPx>5720</largeurPx>
    <hauteurPx>2912</hauteurPx>
    <pages>
      <page ordre="1">
        <blocIll ocr="1">1</blocIll>
        <ills>
          <ill classif="CCgoogle" couleur="coul" h="2912" hash="ffdddd990000ff00" n="1-1" taille="7" w="5720" x="1" y="1">
            <tech source="final">estampe/gravure</tech>
            <fonction source="md">papier-peint</fonction>
            <fonction source="final">papier-peint</fonction>
            <tech CS="1" source="md">estampe/gravure</tech>
            <contenuImg CS="0.66" h="2978" lang="fr" source="google" w="1662" x="3004" y="462.2">modèle motif</contenuImg>
            <contenuImg CS="0.97" coul="1" h="2978" lang="fr" source="google" w="1662" x="3004" y="462.2">vert</contenuImg>
            <contenuImg CS="0.85" h="2978" lang="fr" source="google" w="1662" x="3004" y="462.2">feuille</contenuImg>
            <contenuImg CS="0.69" h="2978" lang="fr" source="google" w="1662" x="3004" y="462.2">plante</contenuImg>
            <contenuImg CS="0.66" h="2978" lang="fr" source="google" w="1662" x="3004" y="462.2">modèle</contenuImg>
            <contenuImg CS="0.61" lang="fr" source="google">rectangle</contenuImg>
            <contenuImg CS="0.37" coul="1" lang="fr" source="google">argent</contenuImg>
            <contenuImg CS="0.21" coul="1" lang="fr" source="google">gris ardoise foncé</contenuImg>
            <contenuImg CS="1.03" coul="1" lang="fr" source="google">vert cuivre foncé</contenuImg>
            <contenuImg CS="0.90" coul="1" lang="fr" source="google">vert foncé</contenuImg>
            <contenuImg CS="0.00" coul="1" lang="fr" source="google">bleu cadet</contenuImg>
            <contenuImg CS="0.31" coul="1" lang="fr" source="google">bois foncé</contenuImg>
            <contenuImg b="163" coul="1" g="162" r="195" source="colorific" type="bkg">#c3a2a3</contenuImg>
            <contenuImg b="147" coul="1" g="153" ordre="4" r="157" source="colorific" type="frg">#9d9993</contenuImg>
            <contenuImg b="255" coul="1" g="255" ordre="3" r="255" source="colorific" type="frg">#ffffff</contenuImg>
            <contenuImg b="25" coul="1" g="33" ordre="2" r="16" source="colorific" type="frg">#102119</contenuImg>
            <contenuImg b="95" coul="1" g="98" ordre="1" r="56" source="colorific" type="frg">#38625f</contenuImg>
            <contenuImg CS="1.0" lang="en" source="md">decorative patterns - 1789-1799</contenuImg>
            <contenuImg CS="1.0" lang="en" source="md">rows of pearls (ornament)</contenuImg>
            <contenuImg CS="1.0" lang="en" source="md">Greek (ornament)</contenuImg>
            <contenuImg CS="1.0" lang="en" source="md">fancy plants</contenuImg>
            <contenuImg CS="1.0" lang="en" source="md">linons batistes (textile)</contenuImg>
            <contenuImg CS="1.0" lang="en" source="md">curly</contenuImg>
            <contenuImg CS="1.0" lang="en" source="md">textiles and fabrics</contenuImg>
            <contenuImg CS="0.31" coul="1" lang="en" source="google">darkwood</contenuImg>
            <contenuImg CS="0.00" coul="1" lang="en" source="google">cadetblue</contenuImg>
            <contenuImg CS="0.90" coul="1" lang="en" source="google">darkgreen</contenuImg>
            <contenuImg CS="1.03" coul="1" lang="en" source="google">darkgreencopper</contenuImg>
            <contenuImg CS="0.21" coul="1" lang="en" source="google">darkslategrey</contenuImg>
            <contenuImg CS="0.37" coul="1" lang="en" source="google">silver</contenuImg>
            <contenuImg CS="1.05" coul="1" lang="en" source="google">darkgreen</contenuImg>
            <contenuImg CS="0.61" lang="en" source="google">Rectangle</contenuImg>
            <contenuImg CS="0.66" h="2978" lang="en" source="google" w="1662" x="3004" y="462.2">Pattern</contenuImg>
            <contenuImg CS="0.69" h="2978" lang="en" source="google" w="1662" x="3004" y="462.2">Plant</contenuImg>
            <contenuImg CS="0.85" h="2978" lang="en" source="google" w="1662" x="3004" y="462.2">Leaf</contenuImg>
            <contenuImg CS="0.97" coul="1" h="2978" lang="en" source="google" w="1662" x="3004" y="462.2">Green</contenuImg>
            <theme CS="1" source="md">0</theme>
            <contenuImg CS="1.0" lang="fr" source="md">Textiles et tissus</contenuImg>
            <contenuImg CS="1.0" lang="fr" source="md">Frises</contenuImg>
            <contenuImg CS="1.0" lang="fr" source="md">Linons batistes (textile)</contenuImg>
            <contenuImg CS="1.0" lang="fr" source="md">Végétaux de fantaisie</contenuImg>
            <contenuImg CS="1.0" lang="fr" source="md">Grecques (ornement)</contenuImg>
            <contenuImg CS="1.0" lang="fr" source="md">Rangs de perles (ornement)</contenuImg>
            <contenuImg CS="1.0" lang="fr" source="md">Motifs décoratifs -- 1789-1799</contenuImg>
            <titraille>Manufacture Jacquemart et Bénard. Bordure. Une bande sur un fond de linon batiste : papier peint</titraille>
          </ill>
        </ills>
      </page>
    </pages>
  </contenus>
</analyseAlto>