<analyseAlto>
  <metad>
    <type>I</type>
    <ID>btv1b6900339r</ID>
    <titre>Papier à motif répétitif : papier peint</titre>
    <dateEdition>1800</dateEdition>
    <auteur>inconnu</auteur>
    <lang>fre</lang>
    <source>Bibliothèque nationale de France, département Estampes et photographie, EST LI-20</source>
    <sujet>Ornements géométriques -- Fuseaux (ornement) -- Feuilles stylisées (ornement) -- Motifs décoratifs</sujet>
    <descr>Appartient à l’ensemble documentaire : PaPeint18 -- Papier peint</descr>
    <format>inconnu</format>
    <couverture>inconnu</couverture>
    <largeurPx>6160</largeurPx>
    <hauteurPx>5280</hauteurPx>
    <ocr>false</ocr>
    <toc>false</toc>
    <caption>false</caption>
    <nbPage>1</nbPage>
  </metad>
  <contenus ocr="false" toc="false">
    <largeur>260</largeur>
    <hauteur>223</hauteur>
    <largeurPx>6160</largeurPx>
    <hauteurPx>5280</hauteurPx>
    <pages>
      <page ordre="1">
        <blocIll ocr="1">1</blocIll>
        <ills>
          <ill classif="CCgoogle" couleur="coul" h="5280" hash="0f0001eeffff0217" n="1-1" taille="15" w="6160" x="1" y="1">
            <contenuImg CS="0.74" h="3657" lang="fr" source="google" w="2047" x="2839" y="528">modèle motif</contenuImg>
            <contenuImg CS="0.52" h="3657" lang="fr" source="google" w="2047" x="2839" y="528">papillons empereur</contenuImg>
            <contenuImg CS="0.74" h="3657" lang="fr" source="google" w="2047" x="2839" y="528">modèle</contenuImg>
            <contenuImg CS="0.72" h="3657" lang="fr" source="google" w="2047" x="2839" y="528">organisme</contenuImg>
            <contenuImg CS="0.15" coul="1" lang="fr" source="google">bleu nuit</contenuImg>
            <contenuImg CS="0.11" coul="1" lang="fr" source="google">gris ardoise foncé</contenuImg>
            <contenuImg CS="0.09" coul="1" lang="fr" source="google">bleu clair</contenuImg>
            <contenuImg CS="0.08" coul="1" lang="fr" source="google">bleu cadet</contenuImg>
            <contenuImg CS="0.08" coul="1" lang="fr" source="google">vert cuivre foncé</contenuImg>
            <contenuImg b="171" coul="1" g="151" r="133" source="colorific" type="bkg">#8597ab</contenuImg>
            <contenuImg b="116" coul="1" g="137" ordre="6" r="143" source="colorific" type="frg">#8f8974</contenuImg>
            <contenuImg b="103" coul="1" g="84" ordre="5" r="76" source="colorific" type="frg">#4c5467</contenuImg>
            <contenuImg b="55" coul="1" g="54" ordre="4" r="51" source="colorific" type="frg">#333637</contenuImg>
            <contenuImg b="120" coul="1" g="122" ordre="3" r="93" source="colorific" type="frg">#5d7a78</contenuImg>
            <contenuImg b="41" coul="1" g="49" ordre="2" r="22" source="colorific" type="frg">#163129</contenuImg>
            <contenuImg b="0" coul="1" g="0" ordre="1" r="0" source="colorific" type="frg">#000000</contenuImg>
            <contenuImg CS="1.0" lang="en" source="md">decorative patterns</contenuImg>
            <contenuImg CS="1.0" lang="en" source="md">stylized leaves (ornament)</contenuImg>
            <contenuImg CS="1.0" lang="en" source="md">spindles (ornament)</contenuImg>
            <contenuImg CS="1.0" lang="en" source="md">geometric ornaments</contenuImg>
            <contenuImg CS="0.08" coul="1" lang="en" source="google">darkgreencopper</contenuImg>
            <contenuImg CS="0.08" coul="1" lang="en" source="google">cadetblue</contenuImg>
            <contenuImg CS="0.09" coul="1" lang="en" source="google">lightsteelblue</contenuImg>
            <contenuImg CS="0.11" coul="1" lang="en" source="google">darkslategrey</contenuImg>
            <contenuImg CS="0.15" coul="1" lang="en" source="google">midnightblue</contenuImg>
            <contenuImg CS="0.19" coul="1" lang="en" source="google">cadetblue</contenuImg>
            <contenuImg CS="0.11" coul="1" lang="en" source="google">midnightblue</contenuImg>
            <contenuImg CS="3.54" coul="1" lang="en" source="google">cadetblue</contenuImg>
            <contenuImg CS="0.52" h="3657" lang="en" source="google" w="2047" x="2839" y="528">emperor moths</contenuImg>
            <contenuImg CS="0.72" h="3657" lang="en" source="google" w="2047" x="2839" y="528">Organism</contenuImg>
            <contenuImg CS="0.74" h="3657" lang="en" source="google" w="2047" x="2839" y="528">Pattern</contenuImg>
            <tech source="final">estampe/gravure</tech>
            <fonction source="md">papier-peint</fonction>
            <fonction source="final">papier-peint</fonction>
            <tech CS="1" source="hm">estampe/gravure</tech>
            <theme CS="1" source="md">0</theme>
            <contenuImg CS="1.0" lang="fr" source="md">Ornements géométriques</contenuImg>
            <contenuImg CS="1.0" lang="fr" source="md">Fuseaux (ornement)</contenuImg>
            <contenuImg CS="1.0" lang="fr" source="md">Feuilles stylisées (ornement)</contenuImg>
            <contenuImg CS="1.0" lang="fr" source="md">Motifs décoratifs</contenuImg>
            <titraille>Papier à motif répétitif : papier peint</titraille>
          </ill>
        </ills>
      </page>
    </pages>
  </contenus>
</analyseAlto>