<analyseAlto>
  <metad>
    <type>I</type>
    <ID>btv1b6900322g</ID>
    <titre>Manufacture Duserre et Cie. Bordure. Deux bandes sur un fond imitant le marbre, de frise principale alternant palmette et culot de fantaisie : papier peint</titre>
    <dateEdition>1799</dateEdition>
    <auteur>inconnu</auteur>
    <lang>fre</lang>
    <source>Bibliothèque nationale de France, département Estampes et photographie, EST LZ-312 (3)</source>
    <sujet>Frises -- Acanthes -- Volutes -- Culots (architecture) -- Camaïeu, Peinture en -- Flots (ornement) -- Rangs de perles (ornement) -- Olives (ornement) -- Palmettes (ornement) -- Trompe-l_oeil (ornement) -- Décoration et ornement architecturaux -- 1789-1799 -- Motifs décoratifs -- 1789-1799</sujet>
    <descr>Appartient à l’ensemble documentaire : PaPeint18 -- Papier peint</descr>
    <format>inconnu</format>
    <couverture>inconnu</couverture>
    <largeurPx>9200</largeurPx>
    <hauteurPx>5368</hauteurPx>
    <ocr>false</ocr>
    <toc>false</toc>
    <caption>false</caption>
    <nbPage>1</nbPage>
  </metad>
  <contenus ocr="false" toc="false">
    <largeur>389</largeur>
    <hauteur>227</hauteur>
    <largeurPx>9200</largeurPx>
    <hauteurPx>5368</hauteurPx>
    <pages>
      <page ordre="1">
        <blocIll ocr="1">1</blocIll>
        <ills>
          <ill classif="CCgoogle" couleur="coul" h="5368" hash="ff00f700ff0001ff" n="1-1" taille="22" w="9200" x="1" y="1">
            <contenuImg CS="0.65" h="2489" lang="fr" source="google" w="2493" x="1988" y="536.8">ornement</contenuImg>
            <contenuImg CS="0.81" h="2489" lang="fr" source="google" w="2493" x="1988" y="536.8">modèle motif</contenuImg>
            <contenuImg CS="0.18" coul="1" lang="fr" source="google">bleu acier</contenuImg>
            <contenuImg CS="0.81" h="2489" lang="fr" source="google" w="2493" x="1988" y="536.8">modèle</contenuImg>
            <contenuImg CS="0.65" h="2489" lang="fr" source="google" w="2493" x="1988" y="536.8">architecture</contenuImg>
            <contenuImg CS="0.53" h="2489" lang="fr" source="google" w="2493" x="1988" y="536.8">façade</contenuImg>
            <contenuImg CS="1.23" coul="1" lang="fr" source="google">vert foncé</contenuImg>
            <contenuImg CS="0.10" coul="1" lang="fr" source="google">vert cuivre foncé</contenuImg>
            <contenuImg CS="0.09" coul="1" lang="fr" source="google">bleu nuit</contenuImg>
            <contenuImg b="156" coul="1" g="162" r="143" source="colorific" type="bkg">#8fa29c</contenuImg>
            <contenuImg b="99" coul="1" g="84" ordre="5" r="52" source="colorific" type="frg">#345463</contenuImg>
            <contenuImg b="30" coul="1" g="55" ordre="4" r="50" source="colorific" type="frg">#32371e</contenuImg>
            <contenuImg b="81" coul="1" g="90" ordre="3" r="70" source="colorific" type="frg">#465a51</contenuImg>
            <contenuImg b="53" coul="1" g="36" ordre="2" r="7" source="colorific" type="frg">#072435</contenuImg>
            <contenuImg b="138" coul="1" g="101" ordre="1" r="64" source="colorific" type="frg">#40658a</contenuImg>
            <contenuImg CS="1.0" lang="en" source="md">decorative patterns - 1789-1799</contenuImg>
            <contenuImg CS="1.0" lang="en" source="md">architectural decoration and ornament - 1789-1799</contenuImg>
            <contenuImg CS="1.0" lang="en" source="md">trompe-l'oeil (ornament)</contenuImg>
            <contenuImg CS="1.0" lang="en" source="md">palmettes (ornament)</contenuImg>
            <contenuImg CS="1.0" lang="en" source="md">Olives (ornament)</contenuImg>
            <contenuImg CS="1.0" lang="en" source="md">rows of pearls (ornament)</contenuImg>
            <contenuImg CS="1.0" lang="en" source="md">Flows (ornament)</contenuImg>
            <contenuImg CS="1.0" lang="en" source="md">camaïeu painting</contenuImg>
            <contenuImg CS="1.0" lang="en" source="md">culots (architecture)</contenuImg>
            <contenuImg CS="1.0" lang="en" source="md">swirls</contenuImg>
            <contenuImg CS="1.0" lang="en" source="md">acanthus</contenuImg>
            <contenuImg CS="1.0" lang="en" source="md">curly</contenuImg>
            <contenuImg CS="0.09" coul="1" lang="en" source="google">midnightblue</contenuImg>
            <contenuImg CS="0.10" coul="1" lang="en" source="google">darkgreencopper</contenuImg>
            <contenuImg CS="0.80" coul="1" lang="en" source="google">midnightblue</contenuImg>
            <contenuImg CS="0.15" coul="1" lang="en" source="google">darkgreencopper</contenuImg>
            <contenuImg CS="0.18" coul="1" lang="en" source="google">steelblue</contenuImg>
            <contenuImg CS="1.23" coul="1" lang="en" source="google">darkgreen</contenuImg>
            <contenuImg CS="2.03" coul="1" lang="en" source="google">steelblue</contenuImg>
            <contenuImg CS="0.53" h="2489" lang="en" source="google" w="2493" x="1988" y="536.8">Facade</contenuImg>
            <contenuImg CS="0.65" h="2489" lang="en" source="google" w="2493" x="1988" y="536.8">Ornament</contenuImg>
            <contenuImg CS="0.65" h="2489" lang="en" source="google" w="2493" x="1988" y="536.8">Architecture</contenuImg>
            <contenuImg CS="0.81" h="2489" lang="en" source="google" w="2493" x="1988" y="536.8">Pattern</contenuImg>
            <tech source="final">estampe/gravure</tech>
            <fonction source="md">papier-peint</fonction>
            <fonction source="final">papier-peint</fonction>
            <tech CS="1" source="hm">estampe/gravure</tech>
            <theme CS="1" source="md">0</theme>
            <contenuImg CS="1.0" lang="fr" source="md">Frises</contenuImg>
            <contenuImg CS="1.0" lang="fr" source="md">Acanthes</contenuImg>
            <contenuImg CS="1.0" lang="fr" source="md">Volutes</contenuImg>
            <contenuImg CS="1.0" lang="fr" source="md">Culots (architecture)</contenuImg>
            <contenuImg CS="1.0" lang="fr" source="md">Peinture en camaïeu</contenuImg>
            <contenuImg CS="1.0" lang="fr" source="md">Flots (ornement)</contenuImg>
            <contenuImg CS="1.0" lang="fr" source="md">Rangs de perles (ornement)</contenuImg>
            <contenuImg CS="1.0" lang="fr" source="md">Olives (ornement)</contenuImg>
            <contenuImg CS="1.0" lang="fr" source="md">Palmettes (ornement)</contenuImg>
            <contenuImg CS="1.0" lang="fr" source="md">Trompe-l'oeil (ornement)</contenuImg>
            <contenuImg CS="1.0" lang="fr" source="md">Décoration et ornement architecturaux -- 1789-1799</contenuImg>
            <contenuImg CS="1.0" lang="fr" source="md">Motifs décoratifs -- 1789-1799</contenuImg>
            <titraille>Manufacture Duserre et Cie. Bordure. Deux bandes sur un fond imitant le marbre, de frise principale alternant palmette et culot de fantaisie : papier peint</titraille>
          </ill>
        </ills>
      </page>
    </pages>
  </contenus>
</analyseAlto>