<analyseAlto>
  <metad>
    <type>I</type>
    <ID>btv1b69009622</ID>
    <titre>Manufacture Legrand père et fils. Dessus de porte. Scène à l_antique avec femmes et enfants : papier peint</titre>
    <dateEdition>1799</dateEdition>
    <auteur>inconnu</auteur>
    <lang>fre</lang>
    <source>Bibliothèque nationale de France, département Estampes et photographie, EST LZ-312 (2)</source>
    <sujet>Bijoux -- Personnages -- Dans l_art -- Femmes -- Enfants -- Paniers -- Fruits -- Perles (nacre) -- Colliers (bijoux) -- Figures à l'antique -- Objets à l'antique (ornement) -- Consoles (meubles) -- Motifs décoratifs -- 1789-1799</sujet>
    <descr>Appartient à l’ensemble documentaire : PaPeint18 -- Papier peint</descr>
    <format>inconnu</format>
    <couverture>inconnu</couverture>
    <largeurPx>12120</largeurPx>
    <hauteurPx>7120</hauteurPx>
    <ocr>false</ocr>
    <toc>false</toc>
    <caption>false</caption>
    <nbPage>1</nbPage>
  </metad>
  <contenus ocr="false" toc="false">
    <largeur>513</largeur>
    <hauteur>301</hauteur>
    <largeurPx>12120</largeurPx>
    <hauteurPx>7120</hauteurPx>
    <pages>
      <page ordre="1">
        <blocIll ocr="1">1</blocIll>
        <ills>
          <ill classif="CCgoogle" couleur="coul" h="7120" hash="00000042f6ffffff" n="1-1" taille="40" w="12120" x="1" y="1">
            <contenuImg CS="0.67" h="2508" lang="fr" source="google" w="2512" x="2280" y="712">danse</contenuImg>
            <contenuImg CS="0.65" lang="fr" source="google">scène</contenuImg>
            <contenuImg CS="0.58" lang="fr" source="google">comédie musicale</contenuImg>
            <contenuImg CS="0.57" lang="fr" source="google">opéra</contenuImg>
            <contenuImg CS="0.55" lang="fr" source="google">chauffe-eau</contenuImg>
            <contenuImg CS="0.92" h="2508" lang="fr" source="google" w="2512" x="2280" y="712">spectacle vivant</contenuImg>
            <contenuImg CS="0.83" h="2508" lang="fr" source="google" w="2512" x="2280" y="712">événement</contenuImg>
            <contenuImg CS="0.78" h="2508" lang="fr" source="google" w="2512" x="2280" y="712">performance</contenuImg>
            <contenuImg CS="0.66" lang="fr" source="google">art</contenuImg>
            <contenuImg CS="0.59" lang="fr" source="google">conception de costumes</contenuImg>
            <contenuImg CS="1.08" coul="1" lang="fr" source="google">bronze</contenuImg>
            <contenuImg CS="0.15" coul="1" lang="fr" source="google">noir</contenuImg>
            <contenuImg CS="0.05" coul="1" lang="fr" source="google">écarlate</contenuImg>
            <contenuImg CS="0.71" coul="1" lang="fr" source="google">morceaux de chocolat</contenuImg>
            <contenuImg CS="0.36" coul="1" lang="fr" source="google">saumon</contenuImg>
            <contenuImg CS="0.30" coul="1" lang="fr" source="google">brun foncé</contenuImg>
            <contenuImg b="0" coul="1" g="0" r="0" source="colorific" type="bkg">#000000</contenuImg>
            <contenuImg b="38" coul="1" g="66" ordre="6" r="124" source="colorific" type="frg">#7c4226</contenuImg>
            <contenuImg b="124" coul="1" g="139" ordre="5" r="132" source="colorific" type="frg">#848b7c</contenuImg>
            <contenuImg b="30" coul="1" g="51" ordre="4" r="75" source="colorific" type="frg">#4b331e</contenuImg>
            <contenuImg b="122" coul="1" g="136" ordre="3" r="158" source="colorific" type="frg">#9e887a</contenuImg>
            <contenuImg b="89" coul="1" g="94" ordre="2" r="70" source="colorific" type="frg">#465e59</contenuImg>
            <contenuImg b="15" coul="1" g="28" ordre="1" r="14" source="colorific" type="frg">#0e1c0f</contenuImg>
            <contenuImg CS="1.0" lang="en" source="md">decorative patterns - 1789-1799</contenuImg>
            <contenuImg CS="1.0" lang="en" source="md">consoles (furniture)</contenuImg>
            <contenuImg CS="1.0" lang="en" source="md">objects in the antique (ornament)</contenuImg>
            <contenuImg CS="1.0" lang="en" source="md">figures in the antique</contenuImg>
            <contenuImg CS="1.0" lang="en" source="md">necklaces (jewelry)</contenuImg>
            <contenuImg CS="1.0" lang="en" source="md">pearls (mother of pearl)</contenuImg>
            <contenuImg CS="1.0" lang="en" source="md">fruits</contenuImg>
            <contenuImg CS="1.0" lang="en" source="md">baskets</contenuImg>
            <contenuImg CS="1.0" lang="en" source="md">children</contenuImg>
            <contenuImg CS="1.0" lang="en" source="md">women</contenuImg>
            <contenuImg CS="1.0" lang="en" source="md">characters - in art</contenuImg>
            <contenuImg CS="1.0" lang="en" source="md">jewelry</contenuImg>
            <contenuImg CS="0.30" coul="1" lang="en" source="google">darktan</contenuImg>
            <contenuImg CS="0.36" coul="1" lang="en" source="google">salmon</contenuImg>
            <contenuImg CS="0.71" coul="1" lang="en" source="google">semisweetchocolate</contenuImg>
            <contenuImg CS="0.05" coul="1" lang="en" source="google">scarlet</contenuImg>
            <contenuImg CS="0.15" coul="1" lang="en" source="google">black</contenuImg>
            <contenuImg CS="1.08" coul="1" lang="en" source="google">bronze</contenuImg>
            <contenuImg CS="0.55" lang="en" source="google">heater</contenuImg>
            <contenuImg CS="0.57" lang="en" source="google">Opera</contenuImg>
            <contenuImg CS="0.58" lang="en" source="google">Musical theatre</contenuImg>
            <contenuImg CS="0.59" lang="en" source="google">Costume design</contenuImg>
            <contenuImg CS="0.65" lang="en" source="google">Scene</contenuImg>
            <contenuImg CS="0.66" lang="en" source="google">Art</contenuImg>
            <contenuImg CS="0.67" h="2508" lang="en" source="google" w="2512" x="2280" y="712">Dance</contenuImg>
            <contenuImg CS="0.78" h="2508" lang="en" source="google" w="2512" x="2280" y="712">Performance</contenuImg>
            <contenuImg CS="0.83" h="2508" lang="en" source="google" w="2512" x="2280" y="712">Event</contenuImg>
            <contenuImg CS="0.92" h="2508" lang="en" source="google" w="2512" x="2280" y="712">Performing arts</contenuImg>
            <tech source="final">estampe/gravure</tech>
            <fonction source="md">papier-peint</fonction>
            <fonction source="final">papier-peint</fonction>
            <tech CS="1" source="hm">estampe/gravure</tech>
            <theme CS="1" source="md">0</theme>
            <contenuImg CS="1.0" lang="fr" source="md">Bijoux</contenuImg>
            <contenuImg CS="1.0" lang="fr" source="md">Personnages -- Dans l'art</contenuImg>
            <contenuImg CS="1.0" lang="fr" source="md">Femmes</contenuImg>
            <contenuImg CS="1.0" lang="fr" source="md">Enfants</contenuImg>
            <contenuImg CS="1.0" lang="fr" source="md">Paniers</contenuImg>
            <contenuImg CS="1.0" lang="fr" source="md">Fruits</contenuImg>
            <contenuImg CS="1.0" lang="fr" source="md">Perles (nacre)</contenuImg>
            <contenuImg CS="1.0" lang="fr" source="md">Colliers (bijoux)</contenuImg>
            <contenuImg CS="1.0" lang="fr" source="md">Figures à l'antique</contenuImg>
            <contenuImg CS="1.0" lang="fr" source="md">Objets à l'antique (ornement)</contenuImg>
            <contenuImg CS="1.0" lang="fr" source="md">Consoles (meubles)</contenuImg>
            <contenuImg CS="1.0" lang="fr" source="md">Motifs décoratifs -- 1789-1799</contenuImg>
            <titraille>Manufacture Legrand père et fils. Dessus de porte. Scène à l_antique avec femmes et enfants : papier peint</titraille>
          </ill>
        </ills>
      </page>
    </pages>
  </contenus>
</analyseAlto>