<analyseAlto>
  <metad>
    <type>I</type>
    <ID>btv1b69000834</ID>
    <titre>Manufactur Bon. Papier à motif répétitif. Motif répétitif imitant un tissu moiré : papier peint</titre>
    <dateEdition>1799</dateEdition>
    <auteur>inconnu</auteur>
    <lang>fre</lang>
    <source>Bibliothèque nationale de France, département Estampes et photographie, EST LI-20</source>
    <sujet>Textiles et tissus -- Moires -- Trompe-l_oeil (ornement) -- Motifs décoratifs -- 1789-1799</sujet>
    <descr>Appartient à l’ensemble documentaire : PaPeint18 -- Papier peint</descr>
    <format>inconnu</format>
    <couverture>inconnu</couverture>
    <largeurPx>3880</largeurPx>
    <hauteurPx>6616</hauteurPx>
    <ocr>false</ocr>
    <toc>false</toc>
    <caption>false</caption>
    <nbPage>1</nbPage>
  </metad>
  <contenus ocr="false" toc="false">
    <largeur>164</largeur>
    <hauteur>280</hauteur>
    <largeurPx>3880</largeurPx>
    <hauteurPx>6616</hauteurPx>
    <pages>
      <page ordre="1">
        <blocIll ocr="1">1</blocIll>
        <ills>
          <ill classif="CCgoogle" couleur="coul" h="6616" hash="f7c3c1c080c1c3ff" n="1-1" taille="11" w="3880" x="1" y="1">
            <contenuImg CS="0.95" h="1415" lang="fr" source="google" w="2503" x="388" y="661.6">aqua</contenuImg>
            <contenuImg CS="0.66" lang="fr" source="google">textile</contenuImg>
            <tech source="final">estampe/gravure</tech>
            <fonction source="md">papier-peint</fonction>
            <fonction source="final">papier-peint</fonction>
            <tech CS="1" source="md">estampe/gravure</tech>
            <contenuImg CS="0.80" lang="fr" source="google">modèle motif</contenuImg>
            <contenuImg CS="1.99" coul="1" lang="fr" source="google">vert de mer</contenuImg>
            <contenuImg CS="0.98" coul="1" h="1415" lang="fr" source="google" w="2503" x="388" y="661.6">vert</contenuImg>
            <contenuImg CS="0.97" coul="1" h="1415" lang="fr" source="google" w="2503" x="388" y="661.6">bleu</contenuImg>
            <contenuImg CS="0.92" coul="1" lang="fr" source="google">bleu canard</contenuImg>
            <contenuImg CS="0.80" lang="fr" source="google">modèle</contenuImg>
            <contenuImg CS="0.68" coul="1" lang="fr" source="google">turquoise</contenuImg>
            <contenuImg CS="3.00" coul="1" lang="fr" source="google">gris ardoise foncé</contenuImg>
            <contenuImg CS="0.01" coul="1" lang="fr" source="google">vert foncé</contenuImg>
            <contenuImg CS="0.00" coul="1" lang="fr" source="google">bleu cadet</contenuImg>
            <contenuImg CS="0.00" coul="1" lang="fr" source="google">vert cuivre foncé</contenuImg>
            <contenuImg b="91" coul="1" g="109" r="69" source="colorific" type="bkg">#456d5b</contenuImg>
            <contenuImg b="61" coul="1" g="58" ordre="1" r="24" source="colorific" type="frg">#183a3d</contenuImg>
            <contenuImg CS="1.0" lang="en" source="md">decorative patterns - 1789-1799</contenuImg>
            <contenuImg CS="1.0" lang="en" source="md">trompe-l'oeil (ornament)</contenuImg>
            <contenuImg CS="1.0" lang="en" source="md">Fates (Moira)</contenuImg>
            <contenuImg CS="1.0" lang="en" source="md">textiles and fabrics</contenuImg>
            <contenuImg CS="0.00" coul="1" lang="en" source="google">darkgreencopper</contenuImg>
            <contenuImg CS="0.00" coul="1" lang="en" source="google">cadetblue</contenuImg>
            <contenuImg CS="0.00" coul="1" lang="en" source="google">darkgreencopper</contenuImg>
            <contenuImg CS="0.01" coul="1" lang="en" source="google">darkgreen</contenuImg>
            <contenuImg CS="1.99" coul="1" lang="en" source="google">seagreen</contenuImg>
            <contenuImg CS="3.00" coul="1" lang="en" source="google">darkslategrey</contenuImg>
            <contenuImg CS="0.66" lang="en" source="google">Textile</contenuImg>
            <contenuImg CS="0.68" coul="1" lang="en" source="google">Turquoise</contenuImg>
            <contenuImg CS="0.80" lang="en" source="google">Pattern</contenuImg>
            <contenuImg CS="0.92" coul="1" lang="en" source="google">Teal</contenuImg>
            <contenuImg CS="0.94" coul="1" h="1415" lang="en" source="google" w="2503" x="388" y="661.6">Turquoise</contenuImg>
            <contenuImg CS="0.95" h="1415" lang="en" source="google" w="2503" x="388" y="661.6">Aqua</contenuImg>
            <contenuImg CS="0.97" coul="1" h="1415" lang="en" source="google" w="2503" x="388" y="661.6">Blue</contenuImg>
            <contenuImg CS="0.98" coul="1" h="1415" lang="en" source="google" w="2503" x="388" y="661.6">Green</contenuImg>
            <theme CS="1" source="md">0</theme>
            <contenuImg CS="1.0" lang="fr" source="md">Textiles et tissus</contenuImg>
            <contenuImg CS="1.0" lang="fr" source="md">Moires</contenuImg>
            <contenuImg CS="1.0" lang="fr" source="md">Trompe-l'oeil (ornement)</contenuImg>
            <contenuImg CS="1.0" lang="fr" source="md">Motifs décoratifs -- 1789-1799</contenuImg>
            <titraille>Manufactur Bon. Papier à motif répétitif. Motif répétitif imitant un tissu moiré : papier peint</titraille>
          </ill>
        </ills>
      </page>
    </pages>
  </contenus>
</analyseAlto>