<analyseAlto>
  <metad>
    <type>I</type>
    <ID>btv1b69008367</ID>
    <titre>Papier à motif répétitif : papier peint</titre>
    <dateEdition>1803</dateEdition>
    <auteur>Jacquemart et Bénard (Manufacture). Fonction indéterminée</auteur>
    <lang>fre</lang>
    <source>Bibliothèque nationale de France</source>
    <sujet>Peinture et décoration murales -- Frises -- Volutes -- Colonnes -- Pierres précieuses -- Instruments de musique -- Fûts (architecture) -- Feuilles stylisées (ornement) -- Fleurons (ornement) -- Rosettes (ornement) -- Draperies (ornement) -- Oiseaux fabuleux -- Sistre -- Motifs décoratifs</sujet>
    <descr>Appartient à l’ensemble documentaire : PaPeint18 -- Papier peint</descr>
    <format>inconnu</format>
    <couverture>inconnu</couverture>
    <largeurPx>6520</largeurPx>
    <hauteurPx>6568</hauteurPx>
    <ocr>false</ocr>
    <toc>false</toc>
    <nbPage>2</nbPage>
  </metad>
  <contenus ocr="false" toc="false">
    <largeur>276</largeur>
    <hauteur>278</hauteur>
    <largeurPx>6520</largeurPx>
    <hauteurPx>6568</hauteurPx>
    <pages>
      <page ordre="1">
        <blocIll ocr="1">1</blocIll>
        <ills>
          <ill classif="CCgoogle" couleur="coul" h="6568" hash="003c3cbd3cfebc28" n="1-1" taille="19" w="6520" x="1" y="1">
            <contenuImg CS="0.94" h="4270" lang="fr" source="google" w="2394" x="1573" y="656.8">aqua</contenuImg>
            <contenuImg CS="0.82" lang="fr" source="google">textile</contenuImg>
            <contenuImg CS="0.80" lang="fr" source="google">bleu azur</contenuImg>
            <contenuImg CS="0.71" lang="fr" source="google">magenta</contenuImg>
            <contenuImg CS="0.76" lang="fr" source="google">modèle motif</contenuImg>
            <contenuImg CS="0.10" coul="1" lang="fr" source="google">violet moyen</contenuImg>
            <contenuImg CS="0.32" coul="1" lang="fr" source="google">bleu acier</contenuImg>
            <contenuImg CS="0.96" coul="1" h="4270" lang="fr" source="google" w="2394" x="1573" y="656.8">bleu</contenuImg>
            <contenuImg CS="0.91" coul="1" h="4270" lang="fr" source="google" w="2394" x="1573" y="656.8">turquoise</contenuImg>
            <contenuImg CS="0.88" coul="1" h="4270" lang="fr" source="google" w="2394" x="1573" y="656.8">bleu canard</contenuImg>
            <contenuImg CS="0.77" lang="fr" source="google">arts visuels</contenuImg>
            <contenuImg CS="0.76" lang="fr" source="google">modèle</contenuImg>
            <contenuImg CS="0.76" lang="fr" source="google">art</contenuImg>
            <contenuImg CS="0.49" coul="1" lang="fr" source="google">rose</contenuImg>
            <contenuImg CS="0.40" coul="1" lang="fr" source="google">vert cuivre foncé</contenuImg>
            <contenuImg CS="0.30" coul="1" lang="fr" source="google">argent</contenuImg>
            <contenuImg CS="0.29" coul="1" lang="fr" source="google">gris foncé</contenuImg>
            <contenuImg CS="0.26" coul="1" lang="fr" source="google">bleu cadet</contenuImg>
            <contenuImg b="117" coul="1" g="106" ordre="6" r="102" source="colorific" type="frg">#666a75</contenuImg>
            <contenuImg b="162" coul="1" g="170" ordre="5" r="174" source="colorific" type="frg">#aeaaa2</contenuImg>
            <contenuImg b="144" coul="1" g="126" ordre="4" r="182" source="colorific" type="frg">#b67e90</contenuImg>
            <contenuImg b="74" coul="1" g="63" ordre="3" r="101" source="colorific" type="frg">#653f4a</contenuImg>
            <contenuImg b="35" coul="1" g="36" ordre="2" r="32" source="colorific" type="frg">#202423</contenuImg>
            <contenuImg b="169" coul="1" g="118" ordre="1" r="75" source="colorific" type="frg">#4b76a9</contenuImg>
            <contenuImg CS="1.0" lang="en" source="md">decorative patterns</contenuImg>
            <contenuImg CS="1.0" lang="en" source="md">sistre</contenuImg>
            <contenuImg CS="1.0" lang="en" source="md">fabulous birds</contenuImg>
            <contenuImg CS="1.0" lang="en" source="md">draperies (ornament)</contenuImg>
            <contenuImg CS="1.0" lang="en" source="md">rosettes (ornament)</contenuImg>
            <contenuImg CS="1.0" lang="en" source="md">flowerets (ornament)</contenuImg>
            <contenuImg CS="1.0" lang="en" source="md">stylized leaves (ornament)</contenuImg>
            <contenuImg CS="1.0" lang="en" source="md">drums (architecture)</contenuImg>
            <contenuImg CS="1.0" lang="en" source="md">musical instruments</contenuImg>
            <contenuImg CS="1.0" lang="en" source="md">precious stones</contenuImg>
            <contenuImg CS="1.0" lang="en" source="md">columns</contenuImg>
            <contenuImg CS="1.0" lang="en" source="md">swirls</contenuImg>
            <contenuImg CS="1.0" lang="en" source="md">curly</contenuImg>
            <contenuImg CS="1.0" lang="en" source="md">painting and wall decoration</contenuImg>
            <contenuImg CS="0.26" coul="1" lang="en" source="google">cadetblue</contenuImg>
            <contenuImg CS="0.29" coul="1" lang="en" source="google">darkgray</contenuImg>
            <contenuImg CS="0.30" coul="1" lang="en" source="google">silver</contenuImg>
            <contenuImg CS="0.32" coul="1" lang="en" source="google">steelblue</contenuImg>
            <contenuImg CS="0.40" coul="1" lang="en" source="google">darkgreencopper</contenuImg>
            <contenuImg CS="0.10" coul="1" lang="en" source="google">mediumvioletred</contenuImg>
            <contenuImg CS="0.49" coul="1" lang="en" source="google">pink</contenuImg>
            <contenuImg CS="1.51" coul="1" lang="en" source="google">steelblue</contenuImg>
            <contenuImg CS="0.71" lang="en" source="google">Magenta</contenuImg>
            <contenuImg CS="0.76" lang="en" source="google">Art</contenuImg>
            <contenuImg CS="0.76" lang="en" source="google">Pattern</contenuImg>
            <contenuImg CS="0.77" lang="en" source="google">Visual arts</contenuImg>
            <contenuImg CS="0.80" lang="en" source="google">Azure</contenuImg>
            <contenuImg CS="0.82" lang="en" source="google">Textile</contenuImg>
            <contenuImg CS="0.88" coul="1" h="4270" lang="en" source="google" w="2394" x="1573" y="656.8">Teal</contenuImg>
            <contenuImg CS="0.91" coul="1" h="4270" lang="en" source="google" w="2394" x="1573" y="656.8">Turquoise</contenuImg>
            <contenuImg CS="0.94" h="4270" lang="en" source="google" w="2394" x="1573" y="656.8">Aqua</contenuImg>
            <contenuImg CS="0.96" coul="1" h="4270" lang="en" source="google" w="2394" x="1573" y="656.8">Blue</contenuImg>
            <tech source="final">estampe/gravure</tech>
            <fonction source="md">papier-peint</fonction>
            <fonction source="final">papier-peint</fonction>
            <tech CS="1" source="hm">estampe/gravure</tech>
            <theme CS="1" source="md">0</theme>
            <contenuImg CS="1.0" lang="fr" source="md">Peinture et décoration murales</contenuImg>
            <contenuImg CS="1.0" lang="fr" source="md">Frises</contenuImg>
            <contenuImg CS="1.0" lang="fr" source="md">Volutes</contenuImg>
            <contenuImg CS="1.0" lang="fr" source="md">Colonnes</contenuImg>
            <contenuImg CS="1.0" lang="fr" source="md">Pierres précieuses</contenuImg>
            <contenuImg CS="1.0" lang="fr" source="md">Instruments de musique</contenuImg>
            <contenuImg CS="1.0" lang="fr" source="md">Fûts (architecture)</contenuImg>
            <contenuImg CS="1.0" lang="fr" source="md">Feuilles stylisées (ornement)</contenuImg>
            <contenuImg CS="1.0" lang="fr" source="md">Fleurons (ornement)</contenuImg>
            <contenuImg CS="1.0" lang="fr" source="md">Rosettes (ornement)</contenuImg>
            <contenuImg CS="1.0" lang="fr" source="md">Draperies (ornement)</contenuImg>
            <contenuImg CS="1.0" lang="fr" source="md">Oiseaux fabuleux</contenuImg>
            <contenuImg CS="1.0" lang="fr" source="md">Sistre</contenuImg>
            <contenuImg CS="1.0" lang="fr" source="md">Motifs décoratifs</contenuImg>
            <titraille>Papier à motif répétitif : papier peint</titraille>
          </ill>
        </ills>
      </page>
      <page ordre="2">
        <blocIll ocr="1">1</blocIll>
        <ills>
          <ill classif="CCgoogle" couleur="coul" h="6680" hash="0004bcbdbcbcbcbc" n="2-1" taille="19" w="6616" x="1" y="1">
            <contenuImg CS="0.81" lang="fr" source="google">textile</contenuImg>
            <contenuImg CS="0.76" lang="fr" source="google">conception</contenuImg>
            <contenuImg CS="0.68" lang="fr" source="google">coussin</contenuImg>
            <contenuImg CS="0.90" h="4270" lang="fr" source="google" w="2394" x="1582.6" y="668">modèle motif</contenuImg>
            <contenuImg CS="1.25" coul="1" lang="fr" source="google">violet moyen</contenuImg>
            <contenuImg CS="0.92" coul="1" h="4270" lang="fr" source="google" w="2394" x="1582.6" y="668">vert</contenuImg>
            <contenuImg CS="0.90" h="4270" lang="fr" source="google" w="2394" x="1582.6" y="668">modèle</contenuImg>
            <contenuImg CS="0.88" coul="1" h="4270" lang="fr" source="google" w="2394" x="1582.6" y="668">bleu canard</contenuImg>
            <contenuImg CS="0.84" coul="1" h="4270" lang="fr" source="google" w="2394" x="1582.6" y="668">violet</contenuImg>
            <contenuImg CS="0.76" lang="fr" source="google">design</contenuImg>
            <contenuImg CS="0.72" lang="fr" source="google">arts visuels</contenuImg>
            <contenuImg CS="0.69" lang="fr" source="google">art</contenuImg>
            <contenuImg CS="0.68" lang="fr" source="google">illustration</contenuImg>
            <contenuImg CS="0.06" coul="1" lang="fr" source="google">beige pâle</contenuImg>
            <contenuImg CS="0.98" coul="1" lang="fr" source="google">vert foncé</contenuImg>
            <contenuImg CS="0.01" coul="1" lang="fr" source="google">rose</contenuImg>
            <contenuImg CS="0.55" coul="1" lang="fr" source="google">feldspath</contenuImg>
            <contenuImg CS="0.47" coul="1" lang="fr" source="google">vert jaune</contenuImg>
            <contenuImg CS="0.23" coul="1" lang="fr" source="google">bronze</contenuImg>
            <contenuImg b="100" coul="1" g="106" ordre="6" r="64" source="colorific" type="frg">#406a64</contenuImg>
            <contenuImg b="82" coul="1" g="73" ordre="5" r="104" source="colorific" type="frg">#684952</contenuImg>
            <contenuImg b="0" coul="1" g="0" ordre="4" r="0" source="colorific" type="frg">#000000</contenuImg>
            <contenuImg b="146" coul="1" g="134" ordre="3" r="183" source="colorific" type="frg">#b78692</contenuImg>
            <contenuImg b="165" coul="1" g="179" ordre="2" r="182" source="colorific" type="frg">#b6b3a5</contenuImg>
            <contenuImg b="61" coul="1" g="119" ordre="1" r="160" source="colorific" type="frg">#a0773d</contenuImg>
            <contenuImg CS="1.0" lang="en" source="md">decorative patterns</contenuImg>
            <contenuImg CS="1.0" lang="en" source="md">sistre</contenuImg>
            <contenuImg CS="1.0" lang="en" source="md">fabulous birds</contenuImg>
            <contenuImg CS="1.0" lang="en" source="md">draperies (ornament)</contenuImg>
            <contenuImg CS="1.0" lang="en" source="md">rosettes (ornament)</contenuImg>
            <contenuImg CS="1.0" lang="en" source="md">flowerets (ornament)</contenuImg>
            <contenuImg CS="1.0" lang="en" source="md">stylized leaves (ornament)</contenuImg>
            <contenuImg CS="1.0" lang="en" source="md">drums (architecture)</contenuImg>
            <contenuImg CS="1.0" lang="en" source="md">musical instruments</contenuImg>
            <contenuImg CS="1.0" lang="en" source="md">precious stones</contenuImg>
            <contenuImg CS="1.0" lang="en" source="md">columns</contenuImg>
            <contenuImg CS="1.0" lang="en" source="md">swirls</contenuImg>
            <contenuImg CS="1.0" lang="en" source="md">curly</contenuImg>
            <contenuImg CS="1.0" lang="en" source="md">painting and wall decoration</contenuImg>
            <contenuImg CS="0.23" coul="1" lang="en" source="google">bronze</contenuImg>
            <contenuImg CS="0.47" coul="1" lang="en" source="google">greenyellow</contenuImg>
            <contenuImg CS="0.55" coul="1" lang="en" source="google">feldspar</contenuImg>
            <contenuImg CS="0.01" coul="1" lang="en" source="google">pink</contenuImg>
            <contenuImg CS="0.98" coul="1" lang="en" source="google">darkgreen</contenuImg>
            <contenuImg CS="0.06" coul="1" lang="en" source="google">newtan</contenuImg>
            <contenuImg CS="1.25" coul="1" lang="en" source="google">mediumvioletred</contenuImg>
            <contenuImg CS="0.68" lang="en" source="google">Illustration</contenuImg>
            <contenuImg CS="0.68" lang="en" source="google">Cushion</contenuImg>
            <contenuImg CS="0.69" lang="en" source="google">Art</contenuImg>
            <contenuImg CS="0.72" lang="en" source="google">Visual arts</contenuImg>
            <contenuImg CS="0.76" lang="en" source="google">Design</contenuImg>
            <contenuImg CS="0.81" lang="en" source="google">Textile</contenuImg>
            <contenuImg CS="0.84" coul="1" h="4270" lang="en" source="google" w="2394" x="1582.6" y="668">Purple</contenuImg>
            <contenuImg CS="0.88" coul="1" h="4270" lang="en" source="google" w="2394" x="1582.6" y="668">Teal</contenuImg>
            <contenuImg CS="0.90" h="4270" lang="en" source="google" w="2394" x="1582.6" y="668">Pattern</contenuImg>
            <contenuImg CS="0.92" coul="1" h="4270" lang="en" source="google" w="2394" x="1582.6" y="668">Green</contenuImg>
            <tech source="final">estampe/gravure</tech>
            <fonction source="md">papier-peint</fonction>
            <fonction source="final">papier-peint</fonction>
            <tech CS="1" source="hm">estampe/gravure</tech>
            <theme CS="1" source="md">0</theme>
            <contenuImg CS="1.0" lang="fr" source="md">Peinture et décoration murales</contenuImg>
            <contenuImg CS="1.0" lang="fr" source="md">Frises</contenuImg>
            <contenuImg CS="1.0" lang="fr" source="md">Volutes</contenuImg>
            <contenuImg CS="1.0" lang="fr" source="md">Colonnes</contenuImg>
            <contenuImg CS="1.0" lang="fr" source="md">Pierres précieuses</contenuImg>
            <contenuImg CS="1.0" lang="fr" source="md">Instruments de musique</contenuImg>
            <contenuImg CS="1.0" lang="fr" source="md">Fûts (architecture)</contenuImg>
            <contenuImg CS="1.0" lang="fr" source="md">Feuilles stylisées (ornement)</contenuImg>
            <contenuImg CS="1.0" lang="fr" source="md">Fleurons (ornement)</contenuImg>
            <contenuImg CS="1.0" lang="fr" source="md">Rosettes (ornement)</contenuImg>
            <contenuImg CS="1.0" lang="fr" source="md">Draperies (ornement)</contenuImg>
            <contenuImg CS="1.0" lang="fr" source="md">Oiseaux fabuleux</contenuImg>
            <contenuImg CS="1.0" lang="fr" source="md">Sistre</contenuImg>
            <contenuImg CS="1.0" lang="fr" source="md">Motifs décoratifs</contenuImg>
            <titraille>Papier à motif répétitif : papier peint</titraille>
          </ill>
        </ills>
      </page>
    </pages>
  </contenus>
</analyseAlto>