<analyseAlto>
  <metad>
    <type>I</type>
    <ID>btv1b6900113t</ID>
    <titre>Manufacture Bon. Papier à motif répétitif. Motif répétitif de petits carreaux formés par des lignes sinueuses de branchages stylisés : papier peint</titre>
    <dateEdition>1799</dateEdition>
    <auteur>inconnu</auteur>
    <lang>fre</lang>
    <source>Bibliothèque nationale de France, département Estampes et photographie, EST LI-20</source>
    <sujet>Carreaux -- Couronnes (coiffures) -- Convolvulus -- Branchages -- Fleurs (ornement) -- Noeuds (ornement) -- Bleuet -- Volubilis -- Motifs décoratifs -- 1789-1799</sujet>
    <descr>Appartient à l’ensemble documentaire : PaPeint18 -- Papier peint</descr>
    <format>inconnu</format>
    <couverture>inconnu</couverture>
    <largeurPx>6448</largeurPx>
    <hauteurPx>2576</hauteurPx>
    <ocr>false</ocr>
    <toc>false</toc>
    <caption>false</caption>
    <nbPage>1</nbPage>
  </metad>
  <contenus ocr="false" toc="false">
    <largeur>272</largeur>
    <hauteur>109</hauteur>
    <largeurPx>6448</largeurPx>
    <hauteurPx>2576</hauteurPx>
    <pages>
      <page ordre="1">
        <blocIll ocr="1">1</blocIll>
        <ills>
          <ill classif="CCgoogle" couleur="coul" h="2576" hash="999dff004abd81a9" n="1-1" taille="7" w="6448" x="1" y="1">
            <contenuImg CS="0.83" h="3320" lang="fr" source="google" w="1857" x="7123.8" y="257.6">textile</contenuImg>
            <contenuImg CS="0.82" lang="fr" source="google">botanique</contenuImg>
            <contenuImg CS="0.82" lang="fr" source="google">art floral</contenuImg>
            <contenuImg CS="0.79" lang="fr" source="google">pédicelle</contenuImg>
            <contenuImg CS="0.92" h="3320" lang="fr" source="google" w="1857" x="7123.8" y="257.6">modèle motif</contenuImg>
            <contenuImg CS="0.21" coul="1" lang="fr" source="google">vert chasseur</contenuImg>
            <contenuImg CS="0.92" h="3320" lang="fr" source="google" w="1857" x="7123.8" y="257.6">modèle</contenuImg>
            <contenuImg CS="0.87" h="3320" lang="fr" source="google" w="1857" x="7123.8" y="257.6">broderie</contenuImg>
            <contenuImg CS="0.87" h="3320" lang="fr" source="google" w="1857" x="7123.8" y="257.6">travaux d'aiguille</contenuImg>
            <contenuImg CS="0.83" coul="1" lang="fr" source="google">turquoise</contenuImg>
            <contenuImg CS="0.81" coul="1" lang="fr" source="google">bleu canard</contenuImg>
            <contenuImg CS="0.78" lang="fr" source="google">arts visuels</contenuImg>
            <contenuImg CS="0.59" coul="1" lang="fr" source="google">bronze</contenuImg>
            <contenuImg CS="0.52" coul="1" lang="fr" source="google">feldspath</contenuImg>
            <contenuImg CS="0.11" coul="1" lang="fr" source="google">vert cuivre foncé</contenuImg>
            <contenuImg CS="0.04" coul="1" lang="fr" source="google">gris</contenuImg>
            <contenuImg CS="0.39" coul="1" lang="fr" source="google">brun foncé</contenuImg>
            <contenuImg CS="0.23" coul="1" lang="fr" source="google">vert pâle</contenuImg>
            <contenuImg b="255" coul="1" g="255" r="255" source="colorific" type="bkg">#ffffff</contenuImg>
            <contenuImg b="51" coul="1" g="55" ordre="4" r="156" source="colorific" type="frg">#9c3733</contenuImg>
            <contenuImg b="171" coul="1" g="179" ordre="3" r="164" source="colorific" type="frg">#a4b3ab</contenuImg>
            <contenuImg b="43" coul="1" g="48" ordre="2" r="26" source="colorific" type="frg">#1a302b</contenuImg>
            <contenuImg b="114" coul="1" g="119" ordre="1" r="83" source="colorific" type="frg">#537772</contenuImg>
            <contenuImg CS="1.0" lang="en" source="md">decorative patterns - 1789-1799</contenuImg>
            <contenuImg CS="1.0" lang="en" source="md">Volubilis (flowers)</contenuImg>
            <contenuImg CS="1.0" lang="en" source="md">cornflower (flowers)</contenuImg>
            <contenuImg CS="1.0" lang="en" source="md">knots (ornament)</contenuImg>
            <contenuImg CS="1.0" lang="en" source="md">flowers (ornament)</contenuImg>
            <contenuImg CS="1.0" lang="en" source="md">boughs</contenuImg>
            <contenuImg CS="1.0" lang="en" source="md">convolvulus (flowers)</contenuImg>
            <contenuImg CS="1.0" lang="en" source="md">crowns (hairstyles)</contenuImg>
            <contenuImg CS="1.0" lang="en" source="md">tiles</contenuImg>
            <contenuImg CS="0.23" coul="1" lang="en" source="google">palegreen</contenuImg>
            <contenuImg CS="0.39" coul="1" lang="en" source="google">darktan</contenuImg>
            <contenuImg CS="0.04" coul="1" lang="en" source="google">gray</contenuImg>
            <contenuImg CS="0.11" coul="1" lang="en" source="google">darkgreencopper</contenuImg>
            <contenuImg CS="0.21" coul="1" lang="en" source="google">huntergreen</contenuImg>
            <contenuImg CS="0.52" coul="1" lang="en" source="google">feldspar</contenuImg>
            <contenuImg CS="0.59" coul="1" lang="en" source="google">bronze</contenuImg>
            <contenuImg CS="0.78" lang="en" source="google">Visual arts</contenuImg>
            <contenuImg CS="0.79" lang="en" source="google">Pedicel</contenuImg>
            <contenuImg CS="0.81" coul="1" lang="en" source="google">Teal</contenuImg>
            <contenuImg CS="0.82" lang="en" source="google">Floral design</contenuImg>
            <contenuImg CS="0.82" lang="en" source="google">Botany</contenuImg>
            <contenuImg CS="0.83" coul="1" lang="en" source="google">Turquoise</contenuImg>
            <contenuImg CS="0.83" h="3320" lang="en" source="google" w="1857" x="7123.8" y="257.6">Textile</contenuImg>
            <contenuImg CS="0.87" h="3320" lang="en" source="google" w="1857" x="7123.8" y="257.6">Needlework</contenuImg>
            <contenuImg CS="0.87" h="3320" lang="en" source="google" w="1857" x="7123.8" y="257.6">Embroidery</contenuImg>
            <contenuImg CS="0.92" h="3320" lang="en" source="google" w="1857" x="7123.8" y="257.6">Pattern</contenuImg>
            <tech source="final">estampe/gravure</tech>
            <fonction source="md">papier-peint</fonction>
            <fonction source="final">papier-peint</fonction>
            <tech CS="1" source="hm">estampe/gravure</tech>
            <theme CS="1" source="md">0</theme>
            <contenuImg CS="1.0" lang="fr" source="md">Carreaux</contenuImg>
            <contenuImg CS="1.0" lang="fr" source="md">Couronnes (coiffures)</contenuImg>
            <contenuImg CS="1.0" lang="fr" source="md">Convolvulus</contenuImg>
            <contenuImg CS="1.0" lang="fr" source="md">Branchages</contenuImg>
            <contenuImg CS="1.0" lang="fr" source="md">Fleurs (ornement)</contenuImg>
            <contenuImg CS="1.0" lang="fr" source="md">Noeuds (ornement)</contenuImg>
            <contenuImg CS="1.0" coul="1" lang="fr" source="md">Bleuet</contenuImg>
            <contenuImg CS="1.0" lang="fr" source="md">Volubilis</contenuImg>
            <contenuImg CS="1.0" lang="fr" source="md">Motifs décoratifs -- 1789-1799</contenuImg>
            <titraille>Manufacture Bon. Papier à motif répétitif. Motif répétitif de petits carreaux formés par des lignes sinueuses de branchages stylisés : papier peint</titraille>
          </ill>
        </ills>
      </page>
    </pages>
  </contenus>
</analyseAlto>