<analyseAlto>
  <metad>
    <type>I</type>
    <ID>btv1b6901568g</ID>
    <titre>Papier à motif répétitif : papier peint</titre>
    <dateEdition>1799</dateEdition>
    <auteur>inconnu</auteur>
    <lang>fre</lang>
    <source>Bibliothèque nationale de France, département Estampes et photographie, EST LI-19</source>
    <sujet>Jasmins -- Roses -- Femmes -- Personnages -- Dans l_art -- Enfants -- Jeux -- Camaïeu, Peinture en -- Fleurs stylisées (ornement) -- Scènes de genre -- Motifs décoratifs</sujet>
    <descr>Appartient à l’ensemble documentaire : PaPeint18 -- Papier peint</descr>
    <format>inconnu</format>
    <couverture>inconnu</couverture>
    <largeurPx>3864</largeurPx>
    <hauteurPx>6760</hauteurPx>
    <ocr>false</ocr>
    <toc>false</toc>
    <caption>false</caption>
    <nbPage>1</nbPage>
  </metad>
  <contenus ocr="false" toc="false">
    <largeur>163</largeur>
    <hauteur>286</hauteur>
    <largeurPx>3864</largeurPx>
    <hauteurPx>6760</hauteurPx>
    <pages>
      <page ordre="1">
        <blocIll ocr="1">1</blocIll>
        <ills>
          <ill classif="CCgoogle" couleur="coul" h="6760" hash="a143a7eff1f13101" n="1-1" taille="12" w="3864" x="1" y="1">
            <contenuImg CS="0.82" lang="fr" source="google">textile</contenuImg>
            <contenuImg CS="0.85" h="1301" lang="fr" source="google" w="2303" x="519.4" y="3241">botanique</contenuImg>
            <contenuImg CS="0.77" lang="fr" source="google">roses de jardin</contenuImg>
            <contenuImg CS="0.70" lang="fr" source="google">rose (plante)</contenuImg>
            <contenuImg CS="0.70" lang="fr" source="google">pivoine (plante)</contenuImg>
            <contenuImg CS="2.45" coul="1" lang="fr" source="google">turquoise foncé</contenuImg>
            <contenuImg CS="0.92" coul="1" h="1301" lang="fr" source="google" w="2303" x="519.4" y="3241">rouge</contenuImg>
            <contenuImg CS="0.92" h="1301" lang="fr" source="google" w="2303" x="519.4" y="3241">fleur</contenuImg>
            <contenuImg CS="0.87" h="1301" lang="fr" source="google" w="2303" x="519.4" y="3241">plante</contenuImg>
            <contenuImg CS="0.81" coul="1" lang="fr" source="google">rose</contenuImg>
            <contenuImg CS="0.72" lang="fr" source="google">art</contenuImg>
            <contenuImg CS="0.03" coul="1" lang="fr" source="google">bois moyen</contenuImg>
            <contenuImg CS="0.63" coul="1" lang="fr" source="google">gris</contenuImg>
            <contenuImg CS="0.27" coul="1" lang="fr" source="google">argent</contenuImg>
            <contenuImg CS="0.22" coul="1" lang="fr" source="google">vert cuivre foncé</contenuImg>
            <contenuImg CS="0.19" coul="1" lang="fr" source="google">bleu nuit</contenuImg>
            <contenuImg CS="0.13" coul="1" lang="fr" source="google">gris ardoise foncé</contenuImg>
            <contenuImg b="193" coul="1" g="171" r="146" source="colorific" type="bkg">#92abc1</contenuImg>
            <contenuImg b="69" coul="1" g="64" ordre="6" r="103" source="colorific" type="frg">#674045</contenuImg>
            <contenuImg b="170" coul="1" g="154" ordre="5" r="157" source="colorific" type="frg">#9d9aaa</contenuImg>
            <contenuImg b="143" coul="1" g="149" ordre="4" r="111" source="colorific" type="frg">#6f958f</contenuImg>
            <contenuImg b="67" coul="1" g="55" ordre="3" r="150" source="colorific" type="frg">#963743</contenuImg>
            <contenuImg b="119" coul="1" g="96" ordre="2" r="162" source="colorific" type="frg">#a26077</contenuImg>
            <contenuImg b="52" coul="1" g="48" ordre="1" r="29" source="colorific" type="frg">#1d3034</contenuImg>
            <contenuImg CS="1.0" lang="en" source="md">decorative patterns</contenuImg>
            <contenuImg CS="1.0" lang="en" source="md">genre scenes</contenuImg>
            <contenuImg CS="1.0" lang="en" source="md">stylized flowers (ornament)</contenuImg>
            <contenuImg CS="1.0" lang="en" source="md">camaïeu painting</contenuImg>
            <contenuImg CS="1.0" lang="en" source="md">games</contenuImg>
            <contenuImg CS="1.0" lang="en" source="md">children</contenuImg>
            <contenuImg CS="1.0" lang="en" source="md">characters - in art</contenuImg>
            <contenuImg CS="1.0" lang="en" source="md">women</contenuImg>
            <contenuImg CS="1.0" lang="en" source="md">roses (flowers)</contenuImg>
            <contenuImg CS="1.0" lang="en" source="md">jasmines (flowers)</contenuImg>
            <contenuImg CS="0.13" coul="1" lang="en" source="google">darkslategrey</contenuImg>
            <contenuImg CS="0.19" coul="1" lang="en" source="google">midnightblue</contenuImg>
            <contenuImg CS="0.22" coul="1" lang="en" source="google">darkgreencopper</contenuImg>
            <contenuImg CS="0.27" coul="1" lang="en" source="google">silver</contenuImg>
            <contenuImg CS="0.63" coul="1" lang="en" source="google">gray</contenuImg>
            <contenuImg CS="0.03" coul="1" lang="en" source="google">mediumwood</contenuImg>
            <contenuImg CS="2.45" coul="1" lang="en" source="google">darkturquoise</contenuImg>
            <contenuImg CS="0.70" lang="en" source="google">Peony</contenuImg>
            <contenuImg CS="0.70" coul="1" lang="en" source="google">Rose</contenuImg>
            <contenuImg CS="0.72" lang="en" source="google">Art</contenuImg>
            <contenuImg CS="0.77" lang="en" source="google">Garden roses</contenuImg>
            <contenuImg CS="0.81" coul="1" lang="en" source="google">Pink</contenuImg>
            <contenuImg CS="0.82" lang="en" source="google">Textile</contenuImg>
            <contenuImg CS="0.85" h="1301" lang="en" source="google" w="2303" x="519.4" y="3241">Botany</contenuImg>
            <contenuImg CS="0.87" h="1301" lang="en" source="google" w="2303" x="519.4" y="3241">Plant</contenuImg>
            <contenuImg CS="0.92" h="1301" lang="en" source="google" w="2303" x="519.4" y="3241">Flower</contenuImg>
            <contenuImg CS="0.92" coul="1" h="1301" lang="en" source="google" w="2303" x="519.4" y="3241">Red</contenuImg>
            <tech source="final">estampe/gravure</tech>
            <fonction source="md">papier-peint</fonction>
            <fonction source="final">papier-peint</fonction>
            <tech CS="1" source="hm">estampe/gravure</tech>
            <theme CS="1" source="md">0</theme>
            <contenuImg CS="1.0" lang="fr" source="md">Jasmins</contenuImg>
            <contenuImg CS="1.0" lang="fr" source="md">Roses</contenuImg>
            <contenuImg CS="1.0" lang="fr" source="md">Femmes</contenuImg>
            <contenuImg CS="1.0" lang="fr" source="md">Personnages -- Dans l'art</contenuImg>
            <contenuImg CS="1.0" lang="fr" source="md">Enfants</contenuImg>
            <contenuImg CS="1.0" lang="fr" source="md">Jeux</contenuImg>
            <contenuImg CS="1.0" lang="fr" source="md">Peinture en camaïeu</contenuImg>
            <contenuImg CS="1.0" lang="fr" source="md">Fleurs stylisées (ornement)</contenuImg>
            <contenuImg CS="1.0" lang="fr" source="md">Scènes de genre</contenuImg>
            <contenuImg CS="1.0" lang="fr" source="md">Motifs décoratifs</contenuImg>
            <titraille>Papier à motif répétitif : papier peint</titraille>
          </ill>
        </ills>
      </page>
    </pages>
  </contenus>
</analyseAlto>