<analyseAlto>
  <metad>
    <type>I</type>
    <ID>btv1b6901573s</ID>
    <titre>Manufacture Simon. Cantonnière (?) en draperie à frange : papier peint</titre>
    <dateEdition>1799</dateEdition>
    <auteur>inconnu</auteur>
    <lang>fre</lang>
    <source>Bibliothèque nationale de France</source>
    <sujet>Passementerie -- Frises -- Griffons (créatures fabuleuses) -- Masques -- Draperies (ornement) -- Franges -- Camaïeu, Peinture en -- Rinceaux -- Rangs de perles (ornement) -- Végétaux stylisés -- Peignes (ornement) -- Motifs décoratifs -- 1789-1799</sujet>
    <descr>Appartient à l’ensemble documentaire : PaPeint18 -- Papier peint</descr>
    <format>inconnu</format>
    <couverture>inconnu</couverture>
    <largeurPx>8696</largeurPx>
    <hauteurPx>6976</hauteurPx>
    <ocr>false</ocr>
    <toc>false</toc>
    <nbPage>1</nbPage>
  </metad>
  <contenus ocr="false" toc="false">
    <largeur>368</largeur>
    <hauteur>295</hauteur>
    <largeurPx>8696</largeurPx>
    <hauteurPx>6976</hauteurPx>
    <pages>
      <page ordre="1">
        <blocIll ocr="1">1</blocIll>
        <ills>
          <ill classif="CCgoogle" couleur="coul" h="6976" hash="c0c1dbbfdc80e0e3" n="1-1" taille="28" w="8696" x="1" y="1">
            <contenuImg CS="0.79" h="3424" lang="fr" source="google" w="1919" x="2151.6" y="697.6">textile</contenuImg>
            <contenuImg CS="0.54" h="3424" lang="fr" source="google" w="1919" x="2151.6" y="697.6">design d'intérieur</contenuImg>
            <contenuImg CS="0.93" coul="1" lang="fr" source="google">vieux rose</contenuImg>
            <contenuImg CS="0.27" coul="1" lang="fr" source="google">vert foncé</contenuImg>
            <contenuImg CS="0.17" coul="1" lang="fr" source="google">gris</contenuImg>
            <contenuImg CS="0.59" coul="1" lang="fr" source="google">marron</contenuImg>
            <contenuImg CS="0.24" coul="1" lang="fr" source="google">gris foncé</contenuImg>
            <contenuImg CS="0.20" coul="1" lang="fr" source="google">saumon</contenuImg>
            <contenuImg CS="0.17" coul="1" lang="fr" source="google">noir</contenuImg>
            <contenuImg b="113" coul="1" g="139" ordre="6" r="172" source="colorific" type="frg">#ac8b71</contenuImg>
            <contenuImg b="255" coul="1" g="255" ordre="5" r="255" source="colorific" type="frg">#ffffff</contenuImg>
            <contenuImg b="107" coul="1" g="102" ordre="4" r="90" source="colorific" type="frg">#5a666b</contenuImg>
            <contenuImg b="45" coul="1" g="70" ordre="3" r="76" source="colorific" type="frg">#4c462d</contenuImg>
            <contenuImg b="44" coul="1" g="61" ordre="2" r="125" source="colorific" type="frg">#7d3d2c</contenuImg>
            <contenuImg b="104" coul="1" g="123" ordre="1" r="130" source="colorific" type="frg">#827b68</contenuImg>
            <contenuImg CS="1.0" lang="en" source="md">decorative patterns - 1789-1799</contenuImg>
            <contenuImg CS="1.0" lang="en" source="md">cmbs (ornament)</contenuImg>
            <contenuImg CS="1.0" lang="en" source="md">stylized plants</contenuImg>
            <contenuImg CS="1.0" lang="en" source="md">rows of pearls (ornament)</contenuImg>
            <contenuImg CS="1.0" lang="en" source="md">scrollwork</contenuImg>
            <contenuImg CS="1.0" lang="en" source="md">camaïeu painting</contenuImg>
            <contenuImg CS="1.0" lang="en" source="md">fringes</contenuImg>
            <contenuImg CS="1.0" lang="en" source="md">draperies (ornament)</contenuImg>
            <contenuImg CS="1.0" lang="en" source="md">masks</contenuImg>
            <contenuImg CS="1.0" lang="en" source="md">griffons (fabulous creatures)</contenuImg>
            <contenuImg CS="1.0" lang="en" source="md">curly</contenuImg>
            <contenuImg CS="1.0" lang="en" source="md">trimmings</contenuImg>
            <contenuImg CS="0.17" coul="1" lang="en" source="google">black</contenuImg>
            <contenuImg CS="0.20" coul="1" lang="en" source="google">salmon</contenuImg>
            <contenuImg CS="0.24" coul="1" lang="en" source="google">dimgrey</contenuImg>
            <contenuImg CS="0.59" coul="1" lang="en" source="google">brown</contenuImg>
            <contenuImg CS="0.17" coul="1" lang="en" source="google">grey</contenuImg>
            <contenuImg CS="0.27" coul="1" lang="en" source="google">darkgreen</contenuImg>
            <contenuImg CS="0.57" coul="1" lang="en" source="google">brown</contenuImg>
            <contenuImg CS="0.93" coul="1" lang="en" source="google">dustyrose</contenuImg>
            <contenuImg CS="0.54" h="3424" lang="en" source="google" w="1919" x="2151.6" y="697.6">Interior design</contenuImg>
            <contenuImg CS="0.79" h="3424" lang="en" source="google" w="1919" x="2151.6" y="697.6">Textile</contenuImg>
            <tech source="final">estampe/gravure</tech>
            <fonction source="md">papier-peint</fonction>
            <fonction source="final">papier-peint</fonction>
            <tech CS="1" source="hm">estampe/gravure</tech>
            <theme CS="1" source="md">0</theme>
            <contenuImg CS="1.0" lang="fr" source="md">Passementerie</contenuImg>
            <contenuImg CS="1.0" lang="fr" source="md">Frises</contenuImg>
            <contenuImg CS="1.0" lang="fr" source="md">Griffons (créatures fabuleuses)</contenuImg>
            <contenuImg CS="1.0" lang="fr" source="md">Masques</contenuImg>
            <contenuImg CS="1.0" lang="fr" source="md">Draperies (ornement)</contenuImg>
            <contenuImg CS="1.0" lang="fr" source="md">Franges</contenuImg>
            <contenuImg CS="1.0" lang="fr" source="md">Peinture en camaïeu</contenuImg>
            <contenuImg CS="1.0" lang="fr" source="md">Rinceaux</contenuImg>
            <contenuImg CS="1.0" lang="fr" source="md">Rangs de perles (ornement)</contenuImg>
            <contenuImg CS="1.0" lang="fr" source="md">Végétaux stylisés</contenuImg>
            <contenuImg CS="1.0" lang="fr" source="md">Peignes (ornement)</contenuImg>
            <contenuImg CS="1.0" lang="fr" source="md">Motifs décoratifs -- 1789-1799</contenuImg>
            <titraille>Manufacture Simon. Cantonnière (?) en draperie à frange : papier peint</titraille>
          </ill>
        </ills>
      </page>
    </pages>
  </contenus>
</analyseAlto>