<analyseAlto>
  <metad>
    <type>I</type>
    <ID>btv1b6901534p</ID>
    <titre>Bordure : papier peint</titre>
    <dateEdition>1799</dateEdition>
    <auteur>inconnu</auteur>
    <lang>fre</lang>
    <source>Bibliothèque nationale de France</source>
    <sujet>Frises -- Arceaux -- Palmettes (ornement) -- Motifs de fantaisie -- Végétaux stylisés -- Rangs de perles (ornement) -- Motifs décoratifs</sujet>
    <descr>Appartient à l’ensemble documentaire : PaPeint18 -- Papier peint</descr>
    <format>inconnu</format>
    <couverture>inconnu</couverture>
    <largeurPx>7240</largeurPx>
    <hauteurPx>6472</hauteurPx>
    <ocr>false</ocr>
    <toc>false</toc>
    <nbPage>2</nbPage>
  </metad>
  <contenus ocr="false" toc="false">
    <largeur>306</largeur>
    <hauteur>273</hauteur>
    <largeurPx>7240</largeurPx>
    <hauteurPx>6472</hauteurPx>
    <pages>
      <page ordre="1">
        <blocIll ocr="1">1</blocIll>
        <ills>
          <ill classif="CCgoogle" couleur="coul" h="6472" hash="bfb72000ffb5b500" n="1-1" taille="21" w="7240" x="1" y="1">
            <contenuImg CS="0.77" h="2413" lang="fr" source="google" w="4270" x="724" y="1601.2">conception</contenuImg>
            <contenuImg CS="0.56" coul="1" lang="fr" source="google">noir et blanc</contenuImg>
            <contenuImg CS="0.91" h="2413" lang="fr" source="google" w="4270" x="724" y="1601.2">modèle motif</contenuImg>
            <contenuImg CS="0.91" h="2413" lang="fr" source="google" w="4270" x="724" y="1601.2">modèle</contenuImg>
            <contenuImg CS="0.77" h="2413" lang="fr" source="google" w="4270" x="724" y="1601.2">design</contenuImg>
            <contenuImg CS="0.69" h="2413" lang="fr" source="google" w="4270" x="724" y="1601.2">police de caractère</contenuImg>
            <contenuImg CS="0.61" h="2413" lang="fr" source="google" w="4270" x="724" y="1601.2">métal</contenuImg>
            <contenuImg CS="0.54" lang="fr" source="google">symétrie</contenuImg>
            <contenuImg CS="0.51" lang="fr" source="google">style</contenuImg>
            <contenuImg CS="0.50" lang="fr" source="google">art</contenuImg>
            <contenuImg CS="0.60" coul="1" lang="fr" source="google">bleu nuit</contenuImg>
            <contenuImg CS="0.39" coul="1" lang="fr" source="google">gris</contenuImg>
            <contenuImg CS="0.21" coul="1" lang="fr" source="google">argent</contenuImg>
            <contenuImg CS="0.17" coul="1" lang="fr" source="google">gris foncé</contenuImg>
            <contenuImg CS="0.12" coul="1" lang="fr" source="google">noir</contenuImg>
            <contenuImg b="137" coul="1" g="122" r="118" source="colorific" type="bkg">#767a89</contenuImg>
            <contenuImg b="38" coul="1" g="29" ordre="3" r="28" source="colorific" type="frg">#1c1d26</contenuImg>
            <contenuImg b="255" coul="1" g="255" ordre="2" r="255" source="colorific" type="frg">#ffffff</contenuImg>
            <contenuImg b="0" coul="1" g="0" ordre="1" r="0" source="colorific" type="frg">#000000</contenuImg>
            <contenuImg CS="1.0" lang="en" source="md">decorative patterns</contenuImg>
            <contenuImg CS="1.0" lang="en" source="md">rows of pearls (ornament)</contenuImg>
            <contenuImg CS="1.0" lang="en" source="md">stylized plants</contenuImg>
            <contenuImg CS="1.0" lang="en" source="md">fantasy patterns</contenuImg>
            <contenuImg CS="1.0" lang="en" source="md">palmettes (ornament)</contenuImg>
            <contenuImg CS="1.0" lang="en" source="md">hoops</contenuImg>
            <contenuImg CS="1.0" lang="en" source="md">curly</contenuImg>
            <contenuImg CS="0.12" coul="1" lang="en" source="google">black</contenuImg>
            <contenuImg CS="0.17" coul="1" lang="en" source="google">dimgrey</contenuImg>
            <contenuImg CS="0.21" coul="1" lang="en" source="google">silver</contenuImg>
            <contenuImg CS="0.39" coul="1" lang="en" source="google">gray</contenuImg>
            <contenuImg CS="0.60" coul="1" lang="en" source="google">midnightblue</contenuImg>
            <contenuImg CS="0.71" coul="1" lang="en" source="google">grey</contenuImg>
            <contenuImg CS="0.71" coul="1" lang="en" source="google">black</contenuImg>
            <contenuImg CS="1.90" coul="1" lang="en" source="google">gray</contenuImg>
            <contenuImg CS="0.50" lang="en" source="google">Art</contenuImg>
            <contenuImg CS="0.51" lang="en" source="google">Style</contenuImg>
            <contenuImg CS="0.54" lang="en" source="google">Symmetry</contenuImg>
            <contenuImg CS="0.56" lang="en" source="google">Black-and-white</contenuImg>
            <contenuImg CS="0.61" h="2413" lang="en" source="google" w="4270" x="724" y="1601.2">Metal</contenuImg>
            <contenuImg CS="0.69" h="2413" lang="en" source="google" w="4270" x="724" y="1601.2">Font</contenuImg>
            <contenuImg CS="0.77" h="2413" lang="en" source="google" w="4270" x="724" y="1601.2">Design</contenuImg>
            <contenuImg CS="0.91" h="2413" lang="en" source="google" w="4270" x="724" y="1601.2">Pattern</contenuImg>
            <tech source="final">estampe/gravure</tech>
            <fonction source="md">papier-peint</fonction>
            <fonction source="final">papier-peint</fonction>
            <tech CS="1" source="hm">estampe/gravure</tech>
            <theme CS="1" source="md">0</theme>
            <contenuImg CS="1.0" lang="fr" source="md">Frises</contenuImg>
            <contenuImg CS="1.0" lang="fr" source="md">Arceaux</contenuImg>
            <contenuImg CS="1.0" lang="fr" source="md">Palmettes (ornement)</contenuImg>
            <contenuImg CS="1.0" lang="fr" source="md">Motifs de fantaisie</contenuImg>
            <contenuImg CS="1.0" lang="fr" source="md">Végétaux stylisés</contenuImg>
            <contenuImg CS="1.0" lang="fr" source="md">Rangs de perles (ornement)</contenuImg>
            <contenuImg CS="1.0" lang="fr" source="md">Motifs décoratifs</contenuImg>
            <titraille>Bordure : papier peint</titraille>
          </ill>
        </ills>
      </page>
      <page ordre="2">
        <blocIll ocr="1">1</blocIll>
        <ills>
          <ill classif="CCgoogle" couleur="coul" h="6400" hash="bfb38180ffb38980" n="2-1" taille="21" w="5296" x="1" y="1">
            <contenuImg CS="0.73" h="4270" lang="fr" source="google" w="2394" x="1056.6" y="640">conception</contenuImg>
            <contenuImg CS="0.80" h="4270" lang="fr" source="google" w="2394" x="1056.6" y="640">modèle motif</contenuImg>
            <contenuImg CS="0.31" coul="1" lang="fr" source="google">violet moyen</contenuImg>
            <contenuImg CS="0.84" h="4270" lang="fr" source="google" w="2394" x="1056.6" y="640">police de caractère</contenuImg>
            <contenuImg CS="0.80" h="4270" lang="fr" source="google" w="2394" x="1056.6" y="640">modèle</contenuImg>
            <contenuImg CS="0.73" h="4270" lang="fr" source="google" w="2394" x="1056.6" y="640">design</contenuImg>
            <contenuImg CS="0.73" h="4270" lang="fr" source="google" w="2394" x="1056.6" y="640">ligne</contenuImg>
            <contenuImg CS="0.64" lang="fr" source="google">pêche</contenuImg>
            <contenuImg CS="0.62" lang="fr" source="google">arts visuels</contenuImg>
            <contenuImg CS="0.50" lang="fr" source="google">art</contenuImg>
            <contenuImg CS="0.20" coul="1" lang="fr" source="google">beige pâle</contenuImg>
            <contenuImg CS="0.08" coul="1" lang="fr" source="google">noir</contenuImg>
            <contenuImg CS="0.07" coul="1" lang="fr" source="google">beige</contenuImg>
            <contenuImg CS="0.59" coul="1" lang="fr" source="google">cuivre</contenuImg>
            <contenuImg CS="0.27" coul="1" lang="fr" source="google">brun foncé</contenuImg>
            <contenuImg b="97" coul="1" g="122" r="225" source="colorific" type="bkg">#e17a61</contenuImg>
            <contenuImg b="10" coul="1" g="14" ordre="5" r="53" source="colorific" type="frg">#350e0a</contenuImg>
            <contenuImg b="155" coul="1" g="172" ordre="4" r="232" source="colorific" type="frg">#e8ac9b</contenuImg>
            <contenuImg b="63" coul="1" g="76" ordre="3" r="139" source="colorific" type="frg">#8b4c3f</contenuImg>
            <contenuImg b="255" coul="1" g="255" ordre="2" r="255" source="colorific" type="frg">#ffffff</contenuImg>
            <contenuImg b="0" coul="1" g="0" ordre="1" r="0" source="colorific" type="frg">#000000</contenuImg>
            <contenuImg CS="1.0" lang="en" source="md">decorative patterns</contenuImg>
            <contenuImg CS="1.0" lang="en" source="md">rows of pearls (ornament)</contenuImg>
            <contenuImg CS="1.0" lang="en" source="md">stylized plants</contenuImg>
            <contenuImg CS="1.0" lang="en" source="md">fantasy patterns</contenuImg>
            <contenuImg CS="1.0" lang="en" source="md">palmettes (ornament)</contenuImg>
            <contenuImg CS="1.0" lang="en" source="md">hoops</contenuImg>
            <contenuImg CS="1.0" lang="en" source="md">curly</contenuImg>
            <contenuImg CS="0.27" coul="1" lang="en" source="google">darktan</contenuImg>
            <contenuImg CS="0.31" coul="1" lang="en" source="google">mediumvioletred</contenuImg>
            <contenuImg CS="0.59" coul="1" lang="en" source="google">copper</contenuImg>
            <contenuImg CS="0.07" coul="1" lang="en" source="google">tan</contenuImg>
            <contenuImg CS="0.08" coul="1" lang="en" source="google">black</contenuImg>
            <contenuImg CS="0.20" coul="1" lang="en" source="google">newtan</contenuImg>
            <contenuImg CS="1.17" coul="1" lang="en" source="google">tan</contenuImg>
            <contenuImg CS="0.50" lang="en" source="google">Art</contenuImg>
            <contenuImg CS="0.62" lang="en" source="google">Visual arts</contenuImg>
            <contenuImg CS="0.64" lang="en" source="google">Peach</contenuImg>
            <contenuImg CS="0.73" h="4270" lang="en" source="google" w="2394" x="1056.6" y="640">Line</contenuImg>
            <contenuImg CS="0.73" h="4270" lang="en" source="google" w="2394" x="1056.6" y="640">Design</contenuImg>
            <contenuImg CS="0.80" h="4270" lang="en" source="google" w="2394" x="1056.6" y="640">Pattern</contenuImg>
            <contenuImg CS="0.84" h="4270" lang="en" source="google" w="2394" x="1056.6" y="640">Font</contenuImg>
            <tech source="final">estampe/gravure</tech>
            <fonction source="md">papier-peint</fonction>
            <fonction source="final">papier-peint</fonction>
            <tech CS="1" source="hm">estampe/gravure</tech>
            <theme CS="1" source="md">0</theme>
            <contenuImg CS="1.0" lang="fr" source="md">Frises</contenuImg>
            <contenuImg CS="1.0" lang="fr" source="md">Arceaux</contenuImg>
            <contenuImg CS="1.0" lang="fr" source="md">Palmettes (ornement)</contenuImg>
            <contenuImg CS="1.0" lang="fr" source="md">Motifs de fantaisie</contenuImg>
            <contenuImg CS="1.0" lang="fr" source="md">Végétaux stylisés</contenuImg>
            <contenuImg CS="1.0" lang="fr" source="md">Rangs de perles (ornement)</contenuImg>
            <contenuImg CS="1.0" lang="fr" source="md">Motifs décoratifs</contenuImg>
            <titraille>Bordure : papier peint</titraille>
          </ill>
        </ills>
      </page>
    </pages>
  </contenus>
</analyseAlto>