<analyseAlto>
  <metad>
    <type>I</type>
    <ID>btv1b6900198x</ID>
    <titre>Manufacture Chapuy. Papier à motif répétitif. Motif répétitif de grands carreaux, ornés, soit d_une scène à l'antique, soit d'une rosace dans un carré à la réserve : papier peint</titre>
    <dateEdition>1799</dateEdition>
    <auteur>inconnu</auteur>
    <lang>fre</lang>
    <source>Bibliothèque nationale de France, département Estampes et photographie, EST LI-15</source>
    <sujet>Femmes -- Vases -- Cithare -- Instruments de musique -- Rosaces (architecture) -- Cygnes -- Rayures (ornements) -- Figures à l_antique -- Objets à l'antique (ornement) -- Camaïeu, Peinture en -- Thyrses -- Palmettes (ornement) -- Motifs décoratifs -- 1789-1799</sujet>
    <descr>Appartient à l’ensemble documentaire : PaPeint18 -- Papier peint</descr>
    <format>inconnu</format>
    <couverture>inconnu</couverture>
    <largeurPx>3376</largeurPx>
    <hauteurPx>6608</hauteurPx>
    <ocr>false</ocr>
    <toc>false</toc>
    <caption>false</caption>
    <nbPage>1</nbPage>
  </metad>
  <contenus ocr="false" toc="false">
    <largeur>142</largeur>
    <hauteur>279</hauteur>
    <largeurPx>3376</largeurPx>
    <hauteurPx>6608</hauteurPx>
    <pages>
      <page ordre="1">
        <blocIll ocr="1">1</blocIll>
        <ills>
          <ill classif="CCgoogle" couleur="coul" h="6608" hash="3f7fe9310d0c530c" n="1-1" taille="10" w="3376" x="1" y="1">
            <contenuImg CS="2.73" coul="1" lang="fr" source="google">vert moyen</contenuImg>
            <contenuImg CS="0.69" h="3325" lang="fr" source="google" w="3320" x="337.6" y="2289.8">police de caractère</contenuImg>
            <contenuImg CS="0.63" h="3325" lang="fr" source="google" w="3320" x="337.6" y="2289.8">art</contenuImg>
            <contenuImg CS="0.59" h="3325" lang="fr" source="google" w="3320" x="337.6" y="2289.8">plante</contenuImg>
            <contenuImg CS="0.55" h="3325" lang="fr" source="google" w="3320" x="337.6" y="2289.8">calligraphie</contenuImg>
            <contenuImg CS="0.10" coul="1" lang="fr" source="google">vert foncé</contenuImg>
            <contenuImg CS="0.09" coul="1" lang="fr" source="google">noir</contenuImg>
            <contenuImg CS="0.43" coul="1" lang="fr" source="google">bois moyen</contenuImg>
            <contenuImg CS="0.28" coul="1" lang="fr" source="google">beige pâle</contenuImg>
            <contenuImg CS="0.22" coul="1" lang="fr" source="google">bronze</contenuImg>
            <contenuImg b="124" coul="1" g="183" r="202" source="colorific" type="bkg">#cab77c</contenuImg>
            <contenuImg b="0" coul="1" g="0" ordre="5" r="0" source="colorific" type="frg">#000000</contenuImg>
            <contenuImg b="68" coul="1" g="69" ordre="4" r="47" source="colorific" type="frg">#2f4544</contenuImg>
            <contenuImg b="30" coul="1" g="45" ordre="3" r="45" source="colorific" type="frg">#2d2d1e</contenuImg>
            <contenuImg b="94" coul="1" g="99" ordre="2" r="118" source="colorific" type="frg">#76635e</contenuImg>
            <contenuImg b="93" coul="1" g="120" ordre="1" r="130" source="colorific" type="frg">#82785d</contenuImg>
            <contenuImg CS="1.0" lang="en" source="md">decorative patterns - 1789-1799</contenuImg>
            <contenuImg CS="1.0" lang="en" source="md">palmettes (ornament)</contenuImg>
            <contenuImg CS="1.0" lang="en" source="md">Thyrsuses</contenuImg>
            <contenuImg CS="1.0" lang="en" source="md">camaïeu painting</contenuImg>
            <contenuImg CS="1.0" lang="en" source="md">objects in the antique (ornament)</contenuImg>
            <contenuImg CS="1.0" lang="en" source="md">figures in the antique</contenuImg>
            <contenuImg CS="1.0" lang="en" source="md">stripes (ornaments)</contenuImg>
            <contenuImg CS="1.0" lang="en" source="md">swans (birds)</contenuImg>
            <contenuImg CS="1.0" lang="en" source="md">rosettes (architecture)</contenuImg>
            <contenuImg CS="1.0" lang="en" source="md">musical instruments</contenuImg>
            <contenuImg CS="1.0" lang="en" source="md">zither</contenuImg>
            <contenuImg CS="1.0" lang="en" source="md">vases</contenuImg>
            <contenuImg CS="1.0" lang="en" source="md">women</contenuImg>
            <contenuImg CS="0.22" coul="1" lang="en" source="google">bronze</contenuImg>
            <contenuImg CS="0.28" coul="1" lang="en" source="google">newtan</contenuImg>
            <contenuImg CS="0.43" coul="1" lang="en" source="google">mediumwood</contenuImg>
            <contenuImg CS="0.09" coul="1" lang="en" source="google">black</contenuImg>
            <contenuImg CS="0.10" coul="1" lang="en" source="google">darkgreen</contenuImg>
            <contenuImg CS="0.14" coul="1" lang="en" source="google">darkgreen</contenuImg>
            <contenuImg CS="2.73" coul="1" lang="en" source="google">mediumforestgreen</contenuImg>
            <contenuImg CS="0.55" h="3325" lang="en" source="google" w="3320" x="337.6" y="2289.8">Calligraphy</contenuImg>
            <contenuImg CS="0.59" h="3325" lang="en" source="google" w="3320" x="337.6" y="2289.8">Plant</contenuImg>
            <contenuImg CS="0.63" h="3325" lang="en" source="google" w="3320" x="337.6" y="2289.8">Art</contenuImg>
            <contenuImg CS="0.69" h="3325" lang="en" source="google" w="3320" x="337.6" y="2289.8">Font</contenuImg>
            <tech source="final">estampe/gravure</tech>
            <fonction source="md">papier-peint</fonction>
            <fonction source="final">papier-peint</fonction>
            <tech CS="1" source="hm">estampe/gravure</tech>
            <theme CS="1" source="md">0</theme>
            <contenuImg CS="1.0" lang="fr" source="md">Femmes</contenuImg>
            <contenuImg CS="1.0" lang="fr" source="md">Vases</contenuImg>
            <contenuImg CS="1.0" lang="fr" source="md">Cithare</contenuImg>
            <contenuImg CS="1.0" lang="fr" source="md">Instruments de musique</contenuImg>
            <contenuImg CS="1.0" lang="fr" source="md">Rosaces (architecture)</contenuImg>
            <contenuImg CS="1.0" lang="fr" source="md">Cygnes</contenuImg>
            <contenuImg CS="1.0" lang="fr" source="md">Rayures (ornements)</contenuImg>
            <contenuImg CS="1.0" lang="fr" source="md">Figures à l'antique</contenuImg>
            <contenuImg CS="1.0" lang="fr" source="md">Objets à l'antique (ornement)</contenuImg>
            <contenuImg CS="1.0" lang="fr" source="md">Peinture en camaïeu</contenuImg>
            <contenuImg CS="1.0" lang="fr" source="md">Thyrses</contenuImg>
            <contenuImg CS="1.0" lang="fr" source="md">Palmettes (ornement)</contenuImg>
            <contenuImg CS="1.0" lang="fr" source="md">Motifs décoratifs -- 1789-1799</contenuImg>
            <titraille>Manufacture Chapuy. Papier à motif répétitif. Motif répétitif de grands carreaux, ornés, soit d_une scène à l'antique, soit d'une rosace dans un carré à la réserve : papier peint</titraille>
          </ill>
        </ills>
      </page>
    </pages>
  </contenus>
</analyseAlto>