<analyseAlto>
  <metad>
    <type>I</type>
    <ID>btv1b6900952p</ID>
    <titre>Papier à motif répétitif : papier peint / Langlois</titre>
    <dateEdition>1800</dateEdition>
    <auteur>Langlois (17..-18..   dessinateur de papier peint). Dessinateur</auteur>
    <lang>fre</lang>
    <source>Bibliothèque nationale de France, département Estampes et photographie, EST LI-20</source>
    <sujet>Ornements géométriques -- Fleurs stylisées (ornement) -- Quadrillage -- Motifs décoratifs</sujet>
    <descr>Appartient à l’ensemble documentaire : PaPeint18 -- Papier peint</descr>
    <format>inconnu</format>
    <couverture>inconnu</couverture>
    <largeurPx>3088</largeurPx>
    <hauteurPx>5456</hauteurPx>
    <ocr>false</ocr>
    <toc>false</toc>
    <caption>false</caption>
    <nbPage>1</nbPage>
  </metad>
  <contenus ocr="false" toc="false">
    <largeur>130</largeur>
    <hauteur>230</hauteur>
    <largeurPx>3088</largeurPx>
    <hauteurPx>5456</hauteurPx>
    <pages>
      <page ordre="1">
        <blocIll ocr="1">1</blocIll>
        <ills>
          <ill classif="CCgoogle" couleur="coul" h="5456" hash="0b7fff3f01005703" n="1-1" taille="7" w="3088" x="1" y="1">
            <contenuImg CS="0.79" h="1676" lang="fr" source="google" w="2973" x="654.8" y="545.6">conception</contenuImg>
            <contenuImg CS="0.76" lang="fr" source="google">textile</contenuImg>
            <contenuImg CS="0.58" coul="1" lang="fr" source="google">bleu électrique</contenuImg>
            <contenuImg CS="0.67" lang="fr" source="google">modèle motif</contenuImg>
            <contenuImg CS="0.97" coul="1" h="1676" lang="fr" source="google" w="2973" x="654.8" y="545.6">bleu</contenuImg>
            <contenuImg CS="0.85" h="1676" lang="fr" source="google" w="2973" x="654.8" y="545.6">ligne</contenuImg>
            <contenuImg CS="0.79" h="1676" lang="fr" source="google" w="2973" x="654.8" y="545.6">design</contenuImg>
            <contenuImg CS="0.78" lang="fr" source="google">symétrie</contenuImg>
            <contenuImg CS="0.69" lang="fr" source="google">police de caractère</contenuImg>
            <contenuImg CS="0.67" lang="fr" source="google">modèle</contenuImg>
            <contenuImg CS="0.46" coul="1" lang="fr" source="google">argent</contenuImg>
            <contenuImg CS="0.39" coul="1" lang="fr" source="google">bleu nuit</contenuImg>
            <contenuImg CS="0.36" coul="1" lang="fr" source="google">vert pâle</contenuImg>
            <contenuImg CS="0.30" coul="1" lang="fr" source="google">bleu clair</contenuImg>
            <contenuImg CS="0.23" coul="1" lang="fr" source="google">noir</contenuImg>
            <contenuImg b="155" coul="1" g="154" r="137" source="colorific" type="bkg">#899a9b</contenuImg>
            <contenuImg b="0" coul="1" g="0" ordre="5" r="0" source="colorific" type="frg">#000000</contenuImg>
            <contenuImg b="83" coul="1" g="85" ordre="4" r="69" source="colorific" type="frg">#455553</contenuImg>
            <contenuImg b="255" coul="1" g="255" ordre="3" r="255" source="colorific" type="frg">#ffffff</contenuImg>
            <contenuImg b="129" coul="1" g="99" ordre="2" r="64" source="colorific" type="frg">#406381</contenuImg>
            <contenuImg b="26" coul="1" g="34" ordre="1" r="20" source="colorific" type="frg">#14221a</contenuImg>
            <contenuImg CS="1.0" lang="en" source="md">decorative patterns</contenuImg>
            <contenuImg CS="1.0" lang="en" source="md">grid</contenuImg>
            <contenuImg CS="1.0" lang="en" source="md">stylized flowers (ornament)</contenuImg>
            <contenuImg CS="1.0" lang="en" source="md">geometric ornaments</contenuImg>
            <contenuImg CS="0.23" coul="1" lang="en" source="google">black</contenuImg>
            <contenuImg CS="0.30" coul="1" lang="en" source="google">lightblue</contenuImg>
            <contenuImg CS="0.36" coul="1" lang="en" source="google">palegreen</contenuImg>
            <contenuImg CS="0.39" coul="1" lang="en" source="google">midnightblue</contenuImg>
            <contenuImg CS="1.04" coul="1" lang="en" source="google">palegreen</contenuImg>
            <contenuImg CS="0.46" coul="1" lang="en" source="google">silver</contenuImg>
            <contenuImg CS="1.49" coul="1" lang="en" source="google">silver</contenuImg>
            <contenuImg CS="0.58" coul="1" lang="en" source="google">Electric blue</contenuImg>
            <contenuImg CS="0.67" lang="en" source="google">Pattern</contenuImg>
            <contenuImg CS="0.69" lang="en" source="google">Font</contenuImg>
            <contenuImg CS="0.76" lang="en" source="google">Textile</contenuImg>
            <contenuImg CS="0.78" lang="en" source="google">Symmetry</contenuImg>
            <contenuImg CS="0.79" h="1676" lang="en" source="google" w="2973" x="654.8" y="545.6">Design</contenuImg>
            <contenuImg CS="0.85" h="1676" lang="en" source="google" w="2973" x="654.8" y="545.6">Line</contenuImg>
            <contenuImg CS="0.95" h="1676" lang="en" source="google" w="2973" x="654.8" y="545.6">Pattern</contenuImg>
            <contenuImg CS="0.97" coul="1" h="1676" lang="en" source="google" w="2973" x="654.8" y="545.6">Blue</contenuImg>
            <tech source="final">estampe/gravure</tech>
            <fonction source="md">papier-peint</fonction>
            <fonction source="final">papier-peint</fonction>
            <tech CS="1" source="hm">estampe/gravure</tech>
            <theme CS="1" source="md">0</theme>
            <contenuImg CS="1.0" lang="fr" source="md">Ornements géométriques</contenuImg>
            <contenuImg CS="1.0" lang="fr" source="md">Fleurs stylisées (ornement)</contenuImg>
            <contenuImg CS="1.0" lang="fr" source="md">Quadrillage</contenuImg>
            <contenuImg CS="1.0" lang="fr" source="md">Motifs décoratifs</contenuImg>
            <titraille>Papier à motif répétitif : papier peint / Langlois</titraille>
          </ill>
        </ills>
      </page>
    </pages>
  </contenus>
</analyseAlto>