<analyseAlto>
  <metad>
    <type>I</type>
    <ID>btv1b69009192</ID>
    <titre>Papier à motif répétitif : papier peint</titre>
    <dateEdition>1805</dateEdition>
    <auteur>Jacquemart et Bénard (Manufacture). Fonction indéterminée</auteur>
    <lang>fre</lang>
    <source>Bibliothèque nationale de France, département Estampes et photographie, EST LI-24 (A)</source>
    <sujet>Clôtures -- Feuilles -- Frises -- Rayures (ornements) -- Arceaux -- Festons -- Fleurs stylisées (ornement) -- Draperies (ornement) -- Cordes (ornement) -- Rosettes (ornement) -- Motifs décoratifs</sujet>
    <descr>Appartient à l’ensemble documentaire : PaPeint18 -- Papier peint</descr>
    <format>inconnu</format>
    <couverture>inconnu</couverture>
    <largeurPx>6576</largeurPx>
    <hauteurPx>6272</hauteurPx>
    <ocr>false</ocr>
    <toc>false</toc>
    <caption>false</caption>
    <nbPage>1</nbPage>
  </metad>
  <contenus ocr="false" toc="false">
    <largeur>278</largeur>
    <hauteur>265</hauteur>
    <largeurPx>6576</largeurPx>
    <hauteurPx>6272</hauteurPx>
    <pages>
      <page ordre="1">
        <blocIll ocr="1">1</blocIll>
        <ills>
          <ill classif="CCgoogle" couleur="coul" h="6272" hash="98e6fb490109faf2" n="1-1" taille="19" w="6576" x="1" y="1">
            <contenuImg CS="0.53" lang="fr" source="google">fleurs sauvages</contenuImg>
            <contenuImg CS="0.71" lang="fr" source="google">modèle motif</contenuImg>
            <contenuImg CS="0.94" coul="1" h="2417" lang="fr" source="google" w="4270" x="657.6" y="1643.2">vert</contenuImg>
            <contenuImg CS="0.78" h="2417" lang="fr" source="google" w="4270" x="657.6" y="1643.2">plante</contenuImg>
            <contenuImg CS="0.76" h="2417" lang="fr" source="google" w="4270" x="657.6" y="1643.2">feuille</contenuImg>
            <contenuImg CS="0.74" h="2417" lang="fr" source="google" w="4270" x="657.6" y="1643.2">fleur</contenuImg>
            <contenuImg CS="0.71" lang="fr" source="google">modèle</contenuImg>
            <contenuImg CS="0.37" coul="1" lang="fr" source="google">gris ardoise foncé</contenuImg>
            <contenuImg CS="0.30" coul="1" lang="fr" source="google">bleu nuit</contenuImg>
            <contenuImg CS="0.17" coul="1" lang="fr" source="google">vert cuivre</contenuImg>
            <contenuImg CS="0.82" coul="1" lang="fr" source="google">vieux rose</contenuImg>
            <contenuImg CS="0.45" coul="1" lang="fr" source="google">vert foncé</contenuImg>
            <contenuImg CS="0.26" coul="1" lang="fr" source="google">gris foncé</contenuImg>
            <contenuImg CS="0.20" coul="1" lang="fr" source="google">vert cuivre foncé</contenuImg>
            <contenuImg b="135" coul="1" g="179" ordre="6" r="138" source="colorific" type="frg">#8ab387</contenuImg>
            <contenuImg b="39" coul="1" g="39" ordre="5" r="53" source="colorific" type="frg">#352727</contenuImg>
            <contenuImg b="57" coul="1" g="72" ordre="4" r="84" source="colorific" type="frg">#544839</contenuImg>
            <contenuImg b="118" coul="1" g="125" ordre="3" r="89" source="colorific" type="frg">#597d76</contenuImg>
            <contenuImg b="111" coul="1" g="92" ordre="2" r="134" source="colorific" type="frg">#865c6f</contenuImg>
            <contenuImg b="67" coul="1" g="62" ordre="1" r="47" source="colorific" type="frg">#2f3e43</contenuImg>
            <contenuImg CS="1.0" lang="en" source="md">decorative patterns</contenuImg>
            <contenuImg CS="1.0" lang="en" source="md">rosettes (ornament)</contenuImg>
            <contenuImg CS="1.0" lang="en" source="md">ropes (ornament)</contenuImg>
            <contenuImg CS="1.0" lang="en" source="md">draperies (ornament)</contenuImg>
            <contenuImg CS="1.0" lang="en" source="md">stylized flowers (ornament)</contenuImg>
            <contenuImg CS="1.0" lang="en" source="md">scallops</contenuImg>
            <contenuImg CS="1.0" lang="en" source="md">hoops</contenuImg>
            <contenuImg CS="1.0" lang="en" source="md">stripes (ornaments)</contenuImg>
            <contenuImg CS="1.0" lang="en" source="md">curly</contenuImg>
            <contenuImg CS="1.0" lang="en" source="md">leaves (plants)</contenuImg>
            <contenuImg CS="1.0" lang="en" source="md">fences</contenuImg>
            <contenuImg CS="0.20" coul="1" lang="en" source="google">darkgreencopper</contenuImg>
            <contenuImg CS="0.26" coul="1" lang="en" source="google">dimgrey</contenuImg>
            <contenuImg CS="0.45" coul="1" lang="en" source="google">darkgreen</contenuImg>
            <contenuImg CS="0.82" coul="1" lang="en" source="google">dustyrose</contenuImg>
            <contenuImg CS="0.17" coul="1" lang="en" source="google">greencopper</contenuImg>
            <contenuImg CS="0.30" coul="1" lang="en" source="google">midnightblue</contenuImg>
            <contenuImg CS="0.37" coul="1" lang="en" source="google">darkslategrey</contenuImg>
            <contenuImg CS="0.95" coul="1" lang="en" source="google">greencopper</contenuImg>
            <contenuImg CS="0.53" lang="en" source="google">Wildflower</contenuImg>
            <contenuImg CS="0.71" lang="en" source="google">Pattern</contenuImg>
            <contenuImg CS="0.74" h="2417" lang="en" source="google" w="4270" x="657.6" y="1643.2">Flower</contenuImg>
            <contenuImg CS="0.76" h="2417" lang="en" source="google" w="4270" x="657.6" y="1643.2">Leaf</contenuImg>
            <contenuImg CS="0.78" h="2417" lang="en" source="google" w="4270" x="657.6" y="1643.2">Plant</contenuImg>
            <contenuImg CS="0.94" coul="1" h="2417" lang="en" source="google" w="4270" x="657.6" y="1643.2">Green</contenuImg>
            <tech source="final">estampe/gravure</tech>
            <fonction source="md">papier-peint</fonction>
            <fonction source="final">papier-peint</fonction>
            <tech CS="1" source="hm">estampe/gravure</tech>
            <theme CS="1" source="md">0</theme>
            <contenuImg CS="1.0" lang="fr" source="md">Clôtures</contenuImg>
            <contenuImg CS="1.0" lang="fr" source="md">Feuilles</contenuImg>
            <contenuImg CS="1.0" lang="fr" source="md">Frises</contenuImg>
            <contenuImg CS="1.0" lang="fr" source="md">Rayures (ornements)</contenuImg>
            <contenuImg CS="1.0" lang="fr" source="md">Arceaux</contenuImg>
            <contenuImg CS="1.0" lang="fr" source="md">Festons</contenuImg>
            <contenuImg CS="1.0" lang="fr" source="md">Fleurs stylisées (ornement)</contenuImg>
            <contenuImg CS="1.0" lang="fr" source="md">Draperies (ornement)</contenuImg>
            <contenuImg CS="1.0" lang="fr" source="md">Cordes (ornement)</contenuImg>
            <contenuImg CS="1.0" lang="fr" source="md">Rosettes (ornement)</contenuImg>
            <contenuImg CS="1.0" lang="fr" source="md">Motifs décoratifs</contenuImg>
            <titraille>Papier à motif répétitif : papier peint</titraille>
          </ill>
        </ills>
      </page>
    </pages>
  </contenus>
</analyseAlto>