<analyseAlto>
  <metad>
    <type>I</type>
    <ID>btv1b69002528</ID>
    <titre>Manufacture Dubuisson. Bordure. Une bande de frise principale de palmettes, rameaux et fleurons : papier peint</titre>
    <dateEdition>1800</dateEdition>
    <auteur>inconnu</auteur>
    <lang>fre</lang>
    <source>Bibliothèque nationale de France, département Estampes et photographie, EST LI-20</source>
    <sujet>Frises -- Rameaux -- Palmettes (ornement) -- Motifs de fantaisie -- Fleurons (ornement) -- Motifs décoratifs -- 1800-1869</sujet>
    <descr>Appartient à l’ensemble documentaire : PaPeint18 -- Papier peint</descr>
    <format>inconnu</format>
    <couverture>inconnu</couverture>
    <largeurPx>7184</largeurPx>
    <hauteurPx>2408</hauteurPx>
    <ocr>false</ocr>
    <toc>false</toc>
    <caption>false</caption>
    <nbPage>1</nbPage>
  </metad>
  <contenus ocr="false" toc="false">
    <largeur>304</largeur>
    <hauteur>101</hauteur>
    <largeurPx>7184</largeurPx>
    <hauteurPx>2408</hauteurPx>
    <pages>
      <page ordre="1">
        <blocIll ocr="1">1</blocIll>
        <ills>
          <ill classif="CCgoogle" couleur="coul" h="2408" hash="01db56765e89ff00" n="1-1" taille="7" w="7184" x="1" y="1">
            <contenuImg CS="0.72" h="3320" lang="fr" source="google" w="2493" x="4689.4" y="240.8">conception</contenuImg>
            <contenuImg CS="0.80" h="3320" lang="fr" source="google" w="2493" x="4689.4" y="240.8">modèle motif</contenuImg>
            <contenuImg CS="0.80" h="3320" lang="fr" source="google" w="2493" x="4689.4" y="240.8">modèle</contenuImg>
            <contenuImg CS="0.72" h="3320" lang="fr" source="google" w="2493" x="4689.4" y="240.8">design</contenuImg>
            <contenuImg CS="0.58" h="3320" lang="fr" source="google" w="2493" x="4689.4" y="240.8">art</contenuImg>
            <contenuImg CS="0.55" h="3320" lang="fr" source="google" w="2493" x="4689.4" y="240.8">arts visuels</contenuImg>
            <contenuImg CS="0.51" lang="fr" source="google">métal</contenuImg>
            <contenuImg CS="1.03" coul="1" lang="fr" source="google">gris</contenuImg>
            <contenuImg CS="0.46" coul="1" lang="fr" source="google">argent</contenuImg>
            <contenuImg CS="0.37" coul="1" lang="fr" source="google">vert foncé</contenuImg>
            <contenuImg CS="0.34" coul="1" lang="fr" source="google">noir</contenuImg>
            <contenuImg CS="0.31" coul="1" lang="fr" source="google">bleu clair</contenuImg>
            <contenuImg b="60" coul="1" g="71" r="63" source="colorific" type="bkg">#3f473c</contenuImg>
            <contenuImg b="0" coul="1" g="0" ordre="4" r="0" source="colorific" type="frg">#000000</contenuImg>
            <contenuImg b="255" coul="1" g="255" ordre="3" r="255" source="colorific" type="frg">#ffffff</contenuImg>
            <contenuImg b="151" coul="1" g="159" ordre="2" r="154" source="colorific" type="frg">#9a9f97</contenuImg>
            <contenuImg b="20" coul="1" g="30" ordre="1" r="14" source="colorific" type="frg">#0e1e14</contenuImg>
            <contenuImg CS="1.0" lang="en" source="md">decorative patterns - 1800-1869</contenuImg>
            <contenuImg CS="1.0" lang="en" source="md">flowerets (ornament)</contenuImg>
            <contenuImg CS="1.0" lang="en" source="md">fantasy patterns</contenuImg>
            <contenuImg CS="1.0" lang="en" source="md">palmettes (ornament)</contenuImg>
            <contenuImg CS="1.0" lang="en" source="md">palms (plants)</contenuImg>
            <contenuImg CS="1.0" lang="en" source="md">curly</contenuImg>
            <contenuImg CS="0.31" coul="1" lang="en" source="google">lightblue</contenuImg>
            <contenuImg CS="0.34" coul="1" lang="en" source="google">black</contenuImg>
            <contenuImg CS="0.37" coul="1" lang="en" source="google">darkgreen</contenuImg>
            <contenuImg CS="0.46" coul="1" lang="en" source="google">silver</contenuImg>
            <contenuImg CS="1.03" coul="1" lang="en" source="google">gray</contenuImg>
            <contenuImg CS="0.70" coul="1" lang="en" source="google">darkgreen</contenuImg>
            <contenuImg CS="1.17" coul="1" lang="en" source="google">darkgreen</contenuImg>
            <contenuImg CS="0.51" lang="en" source="google">Metal</contenuImg>
            <contenuImg CS="0.55" h="3320" lang="en" source="google" w="2493" x="4689.4" y="240.8">Visual arts</contenuImg>
            <contenuImg CS="0.58" h="3320" lang="en" source="google" w="2493" x="4689.4" y="240.8">Art</contenuImg>
            <contenuImg CS="0.72" h="3320" lang="en" source="google" w="2493" x="4689.4" y="240.8">Design</contenuImg>
            <contenuImg CS="0.80" h="3320" lang="en" source="google" w="2493" x="4689.4" y="240.8">Pattern</contenuImg>
            <tech source="final">estampe/gravure</tech>
            <fonction source="md">papier-peint</fonction>
            <fonction source="final">papier-peint</fonction>
            <tech CS="1" source="hm">estampe/gravure</tech>
            <theme CS="1" source="md">0</theme>
            <contenuImg CS="1.0" lang="fr" source="md">Frises</contenuImg>
            <contenuImg CS="1.0" lang="fr" source="md">Rameaux</contenuImg>
            <contenuImg CS="1.0" lang="fr" source="md">Palmettes (ornement)</contenuImg>
            <contenuImg CS="1.0" lang="fr" source="md">Motifs de fantaisie</contenuImg>
            <contenuImg CS="1.0" lang="fr" source="md">Fleurons (ornement)</contenuImg>
            <contenuImg CS="1.0" lang="fr" source="md">Motifs décoratifs -- 1800-1869</contenuImg>
            <titraille>Manufacture Dubuisson. Bordure. Une bande de frise principale de palmettes, rameaux et fleurons : papier peint</titraille>
          </ill>
        </ills>
      </page>
    </pages>
  </contenus>
</analyseAlto>