<analyseAlto>
  <metad>
    <type>I</type>
    <ID>btv1b69004163</ID>
    <titre>Manufacture Jacquemart et Bénard. Bordure. Deux bandes de frise centrale de végétaux entre deux petites frises en arceaux : papier peint</titre>
    <dateEdition>1799</dateEdition>
    <auteur>inconnu</auteur>
    <lang>fre</lang>
    <source>Bibliothèque nationale de France</source>
    <sujet>Frises -- Végétaux de fantaisie -- Arceaux -- Motifs décoratifs -- 1789-1799</sujet>
    <descr>Appartient à l’ensemble documentaire : PaPeint18 -- Papier peint</descr>
    <format>inconnu</format>
    <couverture>inconnu</couverture>
    <largeurPx>6872</largeurPx>
    <hauteurPx>6640</hauteurPx>
    <ocr>false</ocr>
    <toc>false</toc>
    <nbPage>1</nbPage>
  </metad>
  <contenus ocr="false" toc="false">
    <largeur>290</largeur>
    <hauteur>281</hauteur>
    <largeurPx>6872</largeurPx>
    <hauteurPx>6640</hauteurPx>
    <pages>
      <page ordre="1">
        <blocIll ocr="1">1</blocIll>
        <ills>
          <ill classif="CCgoogle" couleur="coul" h="6640" hash="48ffcc0000ccfffc" n="1-1" taille="21" w="6872" x="1" y="1">
            <contenuImg CS="0.72" lang="fr" source="google">conception</contenuImg>
            <contenuImg CS="0.66" lang="fr" source="google">textile</contenuImg>
            <contenuImg CS="0.75" h="4123" lang="fr" source="google" w="2313" x="1665.2" y="664">motif</contenuImg>
            <contenuImg CS="0.67" lang="fr" source="google">couverture</contenuImg>
            <contenuImg CS="0.83" h="4123" lang="fr" source="google" w="2313" x="1665.2" y="664">modèle motif</contenuImg>
            <contenuImg CS="0.58" coul="1" lang="fr" source="google">marron très foncé</contenuImg>
            <contenuImg CS="0.85" coul="1" h="4123" lang="fr" source="google" w="2313" x="1665.2" y="664">marron</contenuImg>
            <contenuImg CS="0.83" h="4123" lang="fr" source="google" w="2313" x="1665.2" y="664">modèle</contenuImg>
            <contenuImg CS="0.74" coul="1" h="4123" lang="fr" source="google" w="2313" x="1665.2" y="664">beige</contenuImg>
            <contenuImg CS="0.72" lang="fr" source="google">design</contenuImg>
            <contenuImg CS="0.59" lang="fr" source="google">arts visuels</contenuImg>
            <contenuImg CS="0.55" lang="fr" source="google">dentelle</contenuImg>
            <contenuImg CS="3.54" coul="1" lang="fr" source="google">argent</contenuImg>
            <contenuImg CS="0.58" coul="1" lang="fr" source="google">verydarkbrown</contenuImg>
            <contenuImg CS="0.21" coul="1" lang="fr" source="google">bronze</contenuImg>
            <contenuImg CS="0.12" coul="1" lang="fr" source="google">vert foncé</contenuImg>
            <contenuImg CS="0.10" coul="1" lang="fr" source="google">gris ardoise foncé</contenuImg>
            <contenuImg CS="0.10" coul="1" lang="fr" source="google">chocolat à pâtisser</contenuImg>
            <contenuImg b="20" coul="1" g="39" r="60" source="colorific" type="bkg">#3c2714</contenuImg>
            <contenuImg b="36" coul="1" g="53" ordre="6" r="49" source="colorific" type="frg">#313524</contenuImg>
            <contenuImg b="148" coul="1" g="167" ordre="5" r="164" source="colorific" type="frg">#a4a794</contenuImg>
            <contenuImg b="121" coul="1" g="124" ordre="4" r="145" source="colorific" type="frg">#917c79</contenuImg>
            <contenuImg b="255" coul="1" g="255" ordre="3" r="255" source="colorific" type="frg">#ffffff</contenuImg>
            <contenuImg b="80" coul="1" g="94" ordre="2" r="51" source="colorific" type="frg">#335e50</contenuImg>
            <contenuImg b="76" coul="1" g="106" ordre="1" r="114" source="colorific" type="frg">#726a4c</contenuImg>
            <contenuImg CS="1.0" lang="en" source="md">decorative patterns - 1789-1799</contenuImg>
            <contenuImg CS="1.0" lang="en" source="md">hoops</contenuImg>
            <contenuImg CS="1.0" lang="en" source="md">fancy plants</contenuImg>
            <contenuImg CS="1.0" lang="en" source="md">curly</contenuImg>
            <contenuImg CS="0.10" coul="1" lang="en" source="google">bakerschocolate</contenuImg>
            <contenuImg CS="0.10" coul="1" lang="en" source="google">darkslategrey</contenuImg>
            <contenuImg CS="0.12" coul="1" lang="en" source="google">darkgreen</contenuImg>
            <contenuImg CS="0.21" coul="1" lang="en" source="google">bronze</contenuImg>
            <contenuImg CS="0.58" coul="1" lang="en" source="google">verydarkbrown</contenuImg>
            <contenuImg CS="0.02" coul="1" lang="en" source="google">bakerschocolate</contenuImg>
            <contenuImg CS="3.54" coul="1" lang="en" source="google">silver</contenuImg>
            <contenuImg CS="0.55" lang="en" source="google">Lace</contenuImg>
            <contenuImg CS="0.59" lang="en" source="google">Visual arts</contenuImg>
            <contenuImg CS="0.66" lang="en" source="google">Textile</contenuImg>
            <contenuImg CS="0.67" lang="en" source="google">Rug</contenuImg>
            <contenuImg CS="0.72" lang="en" source="google">Design</contenuImg>
            <contenuImg CS="0.74" coul="1" h="4123" lang="en" source="google" w="2313" x="1665.2" y="664">Beige</contenuImg>
            <contenuImg CS="0.75" h="4123" lang="en" source="google" w="2313" x="1665.2" y="664">Motif</contenuImg>
            <contenuImg CS="0.83" h="4123" lang="en" source="google" w="2313" x="1665.2" y="664">Pattern</contenuImg>
            <contenuImg CS="0.85" coul="1" h="4123" lang="en" source="google" w="2313" x="1665.2" y="664">Brown</contenuImg>
            <tech source="final">estampe/gravure</tech>
            <fonction source="md">papier-peint</fonction>
            <fonction source="final">papier-peint</fonction>
            <tech CS="1" source="hm">estampe/gravure</tech>
            <theme CS="1" source="md">0</theme>
            <contenuImg CS="1.0" lang="fr" source="md">Frises</contenuImg>
            <contenuImg CS="1.0" lang="fr" source="md">Végétaux de fantaisie</contenuImg>
            <contenuImg CS="1.0" lang="fr" source="md">Arceaux</contenuImg>
            <contenuImg CS="1.0" lang="fr" source="md">Motifs décoratifs -- 1789-1799</contenuImg>
            <titraille>Manufacture Jacquemart et Bénard. Bordure. Deux bandes de frise centrale de végétaux entre deux petites frises en arceaux : papier peint</titraille>
          </ill>
        </ills>
      </page>
    </pages>
  </contenus>
</analyseAlto>