<analyseAlto>
  <metad>
    <type>I</type>
    <ID>btv1b6901158q</ID>
    <titre>Manufacture Hartmann Risler et Cie. Dessus de porte. Buste en grisaille de Cicéron : papier peint / Darmancourt</titre>
    <dateEdition>1800</dateEdition>
    <auteur>Darmancourt (17..-18..   peintre). Peintre du modèle</auteur>
    <lang>fre</lang>
    <source>Bibliothèque nationale de France, département Estampes et photographie, EST LI-18</source>
    <sujet>Cicéron (0106-0043 av. J.-C.) -- Bustes (sculpture) -- Camaïeu, Peinture en -- Motifs décoratifs -- 1800-1869</sujet>
    <descr>Appartient à l’ensemble documentaire : PaPeint18 -- Papier peint</descr>
    <format>inconnu</format>
    <couverture>inconnu</couverture>
    <largeurPx>6448</largeurPx>
    <hauteurPx>7584</hauteurPx>
    <ocr>false</ocr>
    <toc>false</toc>
    <caption>false</caption>
    <nbPage>1</nbPage>
  </metad>
  <contenus ocr="false" toc="false">
    <largeur>272</largeur>
    <hauteur>321</hauteur>
    <largeurPx>6448</largeurPx>
    <hauteurPx>7584</hauteurPx>
    <pages>
      <page ordre="1">
        <blocIll ocr="1">1</blocIll>
        <ills>
          <ill classif="CCgoogle" couleur="coul" h="7584" hash="1c1e1e1c3e3e1c5e" n="1-1" taille="22" w="6448" x="1" y="1">
            <contenuImg CS="0.75" lang="fr" source="google">structure</contenuImg>
            <contenuImg CS="0.99" h="2052" lang="fr" source="google" w="3629" x="644.8" y="1399.4">sculpture</contenuImg>
            <contenuImg CS="0.98" h="2052" lang="fr" source="google" w="3629" x="644.8" y="1399.4">sculpture classique</contenuImg>
            <contenuImg CS="0.95" h="2052" lang="fr" source="google" w="3629" x="644.8" y="1399.4">art</contenuImg>
            <contenuImg CS="0.93" h="2052" lang="fr" source="google" w="3629" x="644.8" y="1399.4">statue</contenuImg>
            <contenuImg CS="0.88" lang="fr" source="google">menton</contenuImg>
            <contenuImg CS="0.86" lang="fr" source="google">sculpture sur pierre</contenuImg>
            <contenuImg CS="0.85" lang="fr" source="google">front</contenuImg>
            <contenuImg CS="0.74" lang="fr" source="google">figurine</contenuImg>
            <contenuImg CS="0.61" lang="fr" source="google">marbre</contenuImg>
            <contenuImg CS="0.91" coul="1" lang="fr" source="google">gris</contenuImg>
            <contenuImg CS="0.23" coul="1" lang="fr" source="google">gris foncé</contenuImg>
            <contenuImg CS="0.14" coul="1" lang="fr" source="google">vert foncé</contenuImg>
            <contenuImg CS="0.03" coul="1" lang="fr" source="google">bois clair</contenuImg>
            <contenuImg CS="0.01" coul="1" lang="fr" source="google">argent</contenuImg>
            <contenuImg CS="0.01" coul="1" lang="fr" source="google">noir</contenuImg>
            <contenuImg b="0" coul="1" g="0" r="0" source="colorific" type="bkg">#000000</contenuImg>
            <contenuImg b="34" coul="1" g="34" ordre="3" r="34" source="colorific" type="frg">#222222</contenuImg>
            <contenuImg b="79" coul="1" g="88" ordre="2" r="95" source="colorific" type="frg">#5f584f</contenuImg>
            <contenuImg b="143" coul="1" g="147" ordre="1" r="154" source="colorific" type="frg">#9a938f</contenuImg>
            <contenuImg CS="1.0" lang="en" source="md">decorative patterns - 1800-1869</contenuImg>
            <contenuImg CS="1.0" lang="en" source="md">camaïeu painting</contenuImg>
            <contenuImg CS="1.0" lang="en" source="md">busts (sculpture)</contenuImg>
            <contenuImg CS="1.0" lang="en" source="md">Cicero (0106-0043 BC)</contenuImg>
            <contenuImg CS="0.01" coul="1" lang="en" source="google">black</contenuImg>
            <contenuImg CS="0.01" coul="1" lang="en" source="google">silver</contenuImg>
            <contenuImg CS="0.03" coul="1" lang="en" source="google">lightwood</contenuImg>
            <contenuImg CS="0.14" coul="1" lang="en" source="google">darkgreen</contenuImg>
            <contenuImg CS="0.17" coul="1" lang="en" source="google">darkgreen</contenuImg>
            <contenuImg CS="0.23" coul="1" lang="en" source="google">darkgray</contenuImg>
            <contenuImg CS="0.91" coul="1" lang="en" source="google">grey</contenuImg>
            <contenuImg CS="3.51" coul="1" lang="en" source="google">black</contenuImg>
            <contenuImg CS="0.61" lang="en" source="google">Marble</contenuImg>
            <contenuImg CS="0.74" lang="en" source="google">Figurine</contenuImg>
            <contenuImg CS="0.75" lang="en" source="google">Nonbuilding structure</contenuImg>
            <contenuImg CS="0.85" lang="en" source="google">Forehead</contenuImg>
            <contenuImg CS="0.86" lang="en" source="google">Stone carving</contenuImg>
            <contenuImg CS="0.88" lang="en" source="google">Chin</contenuImg>
            <contenuImg CS="0.93" h="2052" lang="en" source="google" w="3629" x="644.8" y="1399.4">Statue</contenuImg>
            <contenuImg CS="0.95" h="2052" lang="en" source="google" w="3629" x="644.8" y="1399.4">Art</contenuImg>
            <contenuImg CS="0.98" h="2052" lang="en" source="google" w="3629" x="644.8" y="1399.4">Classical sculpture</contenuImg>
            <contenuImg CS="0.99" h="2052" lang="en" source="google" w="3629" x="644.8" y="1399.4">Sculpture</contenuImg>
            <tech source="final">estampe/gravure</tech>
            <fonction source="md">papier-peint</fonction>
            <fonction source="final">papier-peint</fonction>
            <tech CS="1" source="hm">estampe/gravure</tech>
            <theme CS="1" source="md">0</theme>
            <contenuImg CS="1.0" lang="fr" source="md">Cicéron (0106-0043 av. J.-C.)</contenuImg>
            <contenuImg CS="1.0" lang="fr" source="md">Bustes (sculpture)</contenuImg>
            <contenuImg CS="1.0" lang="fr" source="md">Peinture en camaïeu</contenuImg>
            <contenuImg CS="1.0" lang="fr" source="md">Motifs décoratifs -- 1800-1869</contenuImg>
            <titraille>Manufacture Hartmann Risler et Cie. Dessus de porte. Buste en grisaille de Cicéron : papier peint / Darmancourt</titraille>
          </ill>
        </ills>
      </page>
    </pages>
  </contenus>
</analyseAlto>