<analyseAlto>
  <metad>
    <type>I</type>
    <ID>btv1b6900885q</ID>
    <titre>Bordure : papier peint</titre>
    <dateEdition>1805</dateEdition>
    <auteur>Jacquemart et Bénard (Manufacture). Fonction indéterminée</auteur>
    <lang>fre</lang>
    <source>Bibliothèque nationale de France</source>
    <sujet>Frises -- Fleurs stylisées (ornement) -- Rosettes (ornement) -- Rangs de perles (ornement) -- Motifs décoratifs</sujet>
    <descr>Appartient à l’ensemble documentaire : PaPeint18 -- Papier peint</descr>
    <format>inconnu</format>
    <couverture>inconnu</couverture>
    <largeurPx>6728</largeurPx>
    <hauteurPx>3512</hauteurPx>
    <ocr>false</ocr>
    <toc>false</toc>
    <nbPage>1</nbPage>
  </metad>
  <contenus ocr="false" toc="false">
    <largeur>284</largeur>
    <hauteur>148</hauteur>
    <largeurPx>6728</largeurPx>
    <hauteurPx>3512</hauteurPx>
    <pages>
      <page ordre="1">
        <blocIll ocr="1">1</blocIll>
        <ills>
          <ill classif="CCgoogle" couleur="coul" h="3512" hash="00e5ffffff820200" n="1-1" taille="10" w="6728" x="1" y="1">
            <contenuImg CS="0.74" h="2227" lang="fr" source="google" w="2232" x="1954.8" y="351.2">conception</contenuImg>
            <contenuImg CS="0.85" h="2227" lang="fr" source="google" w="2232" x="1954.8" y="351.2">modèle motif</contenuImg>
            <contenuImg CS="0.91" coul="1" h="2227" lang="fr" source="google" w="2232" x="1954.8" y="351.2">vert</contenuImg>
            <contenuImg CS="0.85" h="2227" lang="fr" source="google" w="2232" x="1954.8" y="351.2">modèle</contenuImg>
            <contenuImg CS="0.74" h="2227" lang="fr" source="google" w="2232" x="1954.8" y="351.2">design</contenuImg>
            <contenuImg CS="0.55" h="2227" lang="fr" source="google" w="2232" x="1954.8" y="351.2">arts visuels</contenuImg>
            <contenuImg CS="0.08" coul="1" lang="fr" source="google">bois moyen</contenuImg>
            <contenuImg CS="0.07" coul="1" lang="fr" source="google">noir</contenuImg>
            <contenuImg CS="1.12" coul="1" lang="fr" source="google">violet</contenuImg>
            <contenuImg CS="0.33" coul="1" lang="fr" source="google">gris foncé</contenuImg>
            <contenuImg CS="0.27" coul="1" lang="fr" source="google">bleu nuit</contenuImg>
            <contenuImg b="30" coul="1" g="32" r="32" source="colorific" type="bkg">#20201e</contenuImg>
            <contenuImg b="76" coul="1" g="73" ordre="5" r="94" source="colorific" type="frg">#5e494c</contenuImg>
            <contenuImg b="86" coul="1" g="144" ordre="4" r="183" source="colorific" type="frg">#b79056</contenuImg>
            <contenuImg b="0" coul="1" g="0" ordre="3" r="0" source="colorific" type="frg">#000000</contenuImg>
            <contenuImg b="144" coul="1" g="145" ordre="2" r="101" source="colorific" type="frg">#659190</contenuImg>
            <contenuImg b="139" coul="1" g="123" ordre="1" r="161" source="colorific" type="frg">#a17b8b</contenuImg>
            <contenuImg CS="1.0" lang="en" source="md">decorative patterns</contenuImg>
            <contenuImg CS="1.0" lang="en" source="md">rows of pearls (ornament)</contenuImg>
            <contenuImg CS="1.0" lang="en" source="md">rosettes (ornament)</contenuImg>
            <contenuImg CS="1.0" lang="en" source="md">stylized flowers (ornament)</contenuImg>
            <contenuImg CS="1.0" lang="en" source="md">curly</contenuImg>
            <contenuImg CS="0.27" coul="1" lang="en" source="google">midnightblue</contenuImg>
            <contenuImg CS="0.33" coul="1" lang="en" source="google">dimgrey</contenuImg>
            <contenuImg CS="1.12" coul="1" lang="en" source="google">violet</contenuImg>
            <contenuImg CS="0.07" coul="1" lang="en" source="google">black</contenuImg>
            <contenuImg CS="0.08" coul="1" lang="en" source="google">mediumwood</contenuImg>
            <contenuImg CS="0.34" coul="1" lang="en" source="google">black</contenuImg>
            <contenuImg CS="1.77" coul="1" lang="en" source="google">mediumwood</contenuImg>
            <contenuImg CS="0.55" h="2227" lang="en" source="google" w="2232" x="1954.8" y="351.2">Visual arts</contenuImg>
            <contenuImg CS="0.74" h="2227" lang="en" source="google" w="2232" x="1954.8" y="351.2">Design</contenuImg>
            <contenuImg CS="0.85" h="2227" lang="en" source="google" w="2232" x="1954.8" y="351.2">Pattern</contenuImg>
            <contenuImg CS="0.91" coul="1" h="2227" lang="en" source="google" w="2232" x="1954.8" y="351.2">Green</contenuImg>
            <tech source="final">estampe/gravure</tech>
            <fonction source="md">papier-peint</fonction>
            <fonction source="final">papier-peint</fonction>
            <tech CS="1" source="hm">estampe/gravure</tech>
            <theme CS="1" source="md">0</theme>
            <contenuImg CS="1.0" lang="fr" source="md">Frises</contenuImg>
            <contenuImg CS="1.0" lang="fr" source="md">Fleurs stylisées (ornement)</contenuImg>
            <contenuImg CS="1.0" lang="fr" source="md">Rosettes (ornement)</contenuImg>
            <contenuImg CS="1.0" lang="fr" source="md">Rangs de perles (ornement)</contenuImg>
            <contenuImg CS="1.0" lang="fr" source="md">Motifs décoratifs</contenuImg>
            <titraille>Bordure : papier peint</titraille>
          </ill>
        </ills>
      </page>
    </pages>
  </contenus>
</analyseAlto>