<analyseAlto>
  <metad>
    <type>I</type>
    <ID>btv1b6900232h</ID>
    <titre>Manufacture Dubuisson. Papier à motif répétitif à deux chemins, en quinconce, de carreaux ornés soit d_instruments de musique, soit d'un bouquet de fleurs au naturel, alternant avec deux vases à l'antique : papier peint</titre>
    <dateEdition>1800</dateEdition>
    <auteur>inconnu</auteur>
    <lang>fre</lang>
    <source>Bibliothèque nationale de France, département Estampes et photographie, EST LZ-312 (5)</source>
    <sujet>Instruments de musique -- Lyre -- Trompette -- Flûte -- Jacinthes -- Oeillets (plantes) -- Roses -- Carreaux -- Fleurs (ornement) -- Bleuet -- Vases à l_antique -- Motifs décoratifs -- 1800-1869</sujet>
    <descr>Appartient à l’ensemble documentaire : PaPeint18 -- Papier peint</descr>
    <format>inconnu</format>
    <couverture>inconnu</couverture>
    <largeurPx>7024</largeurPx>
    <hauteurPx>11032</hauteurPx>
    <ocr>false</ocr>
    <toc>false</toc>
    <caption>false</caption>
    <nbPage>1</nbPage>
  </metad>
  <contenus ocr="false" toc="false">
    <largeur>297</largeur>
    <hauteur>467</hauteur>
    <largeurPx>7024</largeurPx>
    <hauteurPx>11032</hauteurPx>
    <pages>
      <page ordre="1">
        <blocIll ocr="1">1</blocIll>
        <ills>
          <ill classif="CCgoogle" couleur="coul" h="11032" hash="37cc73c413370c73" n="1-1" taille="36" w="7024" x="1" y="1">
            <contenuImg CS="0.80" lang="fr" source="google">conception</contenuImg>
            <contenuImg CS="0.66" lang="fr" source="google">textile</contenuImg>
            <contenuImg CS="0.65" lang="fr" source="google">art floral</contenuImg>
            <contenuImg CS="0.60" lang="fr" source="google">ornement</contenuImg>
            <contenuImg CS="0.65" lang="fr" source="google">modèle motif</contenuImg>
            <contenuImg CS="0.59" coul="1" lang="fr" source="google">marron très foncé</contenuImg>
            <contenuImg CS="0.90" coul="1" h="2047" lang="fr" source="google" w="2717" x="702.4" y="2214.2">turquoise</contenuImg>
            <contenuImg CS="0.89" coul="1" h="2047" lang="fr" source="google" w="2717" x="702.4" y="2214.2">bleu canard</contenuImg>
            <contenuImg CS="0.85" coul="1" h="2047" lang="fr" source="google" w="2717" x="702.4" y="2214.2">marron</contenuImg>
            <contenuImg CS="0.80" lang="fr" source="google">design</contenuImg>
            <contenuImg CS="0.69" lang="fr" source="google">arts visuels</contenuImg>
            <contenuImg CS="0.65" lang="fr" source="google">modèle</contenuImg>
            <contenuImg CS="0.59" coul="1" lang="fr" source="google">verydarkbrown</contenuImg>
            <contenuImg CS="0.40" coul="1" lang="fr" source="google">morceaux de chocolat</contenuImg>
            <contenuImg CS="0.20" coul="1" lang="fr" source="google">gris</contenuImg>
            <contenuImg CS="0.18" coul="1" lang="fr" source="google">chocolat à pâtisser</contenuImg>
            <contenuImg b="47" coul="1" g="69" r="111" source="colorific" type="bkg">#6f452f</contenuImg>
            <contenuImg b="129" coul="1" g="132" ordre="6" r="100" source="colorific" type="frg">#648481</contenuImg>
            <contenuImg b="15" coul="1" g="32" ordre="5" r="53" source="colorific" type="frg">#35200f</contenuImg>
            <contenuImg b="16" coul="1" g="31" ordre="4" r="32" source="colorific" type="frg">#201f10</contenuImg>
            <contenuImg b="139" coul="1" g="149" ordre="3" r="145" source="colorific" type="frg">#91958b</contenuImg>
            <contenuImg b="61" coul="1" g="72" ordre="2" r="72" source="colorific" type="frg">#48483d</contenuImg>
            <contenuImg b="68" coul="1" g="60" ordre="1" r="31" source="colorific" type="frg">#1f3c44</contenuImg>
            <contenuImg CS="1.0" lang="en" source="md">decorative patterns - 1800-1869</contenuImg>
            <contenuImg CS="1.0" lang="en" source="md">vases in the antique</contenuImg>
            <contenuImg CS="1.0" lang="en" source="md">cornflower (flowers)</contenuImg>
            <contenuImg CS="1.0" lang="en" source="md">flowers (ornament)</contenuImg>
            <contenuImg CS="1.0" lang="en" source="md">tiles</contenuImg>
            <contenuImg CS="1.0" lang="en" source="md">roses (flowers)</contenuImg>
            <contenuImg CS="1.0" lang="en" source="md">carnations (plants)</contenuImg>
            <contenuImg CS="1.0" lang="en" source="md">hyacinths (flowers)</contenuImg>
            <contenuImg CS="1.0" lang="en" source="md">flute</contenuImg>
            <contenuImg CS="1.0" lang="en" source="md">trumpet</contenuImg>
            <contenuImg CS="1.0" lang="en" source="md">lyre</contenuImg>
            <contenuImg CS="1.0" lang="en" source="md">musical instruments</contenuImg>
            <contenuImg CS="0.18" coul="1" lang="en" source="google">bakerschocolate</contenuImg>
            <contenuImg CS="0.20" coul="1" lang="en" source="google">grey</contenuImg>
            <contenuImg CS="0.40" coul="1" lang="en" source="google">semisweetchocolate</contenuImg>
            <contenuImg CS="0.55" coul="1" lang="en" source="google">bakerschocolate</contenuImg>
            <contenuImg CS="0.59" coul="1" lang="en" source="google">verydarkbrown</contenuImg>
            <contenuImg CS="1.91" coul="1" lang="en" source="google">semisweetchocolate</contenuImg>
            <contenuImg CS="0.60" lang="en" source="google">Ornament</contenuImg>
            <contenuImg CS="0.65" lang="en" source="google">Pattern</contenuImg>
            <contenuImg CS="0.65" lang="en" source="google">Floral design</contenuImg>
            <contenuImg CS="0.66" lang="en" source="google">Textile</contenuImg>
            <contenuImg CS="0.69" lang="en" source="google">Visual arts</contenuImg>
            <contenuImg CS="0.80" lang="en" source="google">Design</contenuImg>
            <contenuImg CS="0.85" coul="1" h="2047" lang="en" source="google" w="2717" x="702.4" y="2214.2">Brown</contenuImg>
            <contenuImg CS="0.89" coul="1" h="2047" lang="en" source="google" w="2717" x="702.4" y="2214.2">Teal</contenuImg>
            <contenuImg CS="0.90" coul="1" h="2047" lang="en" source="google" w="2717" x="702.4" y="2214.2">Turquoise</contenuImg>
            <contenuImg CS="0.95" h="2047" lang="en" source="google" w="2717" x="702.4" y="2214.2">Pattern</contenuImg>
            <tech source="final">estampe/gravure</tech>
            <fonction source="md">papier-peint</fonction>
            <fonction source="final">papier-peint</fonction>
            <tech CS="1" source="hm">estampe/gravure</tech>
            <theme CS="1" source="md">0</theme>
            <contenuImg CS="1.0" lang="fr" source="md">Instruments de musique</contenuImg>
            <contenuImg CS="1.0" lang="fr" source="md">Lyre</contenuImg>
            <contenuImg CS="1.0" lang="fr" source="md">Trompette</contenuImg>
            <contenuImg CS="1.0" lang="fr" source="md">Flûte</contenuImg>
            <contenuImg CS="1.0" lang="fr" source="md">Jacinthes</contenuImg>
            <contenuImg CS="1.0" lang="fr" source="md">Oeillets (plantes)</contenuImg>
            <contenuImg CS="1.0" lang="fr" source="md">Roses</contenuImg>
            <contenuImg CS="1.0" lang="fr" source="md">Carreaux</contenuImg>
            <contenuImg CS="1.0" lang="fr" source="md">Fleurs (ornement)</contenuImg>
            <contenuImg CS="1.0" coul="1" lang="fr" source="md">Bleuet</contenuImg>
            <contenuImg CS="1.0" lang="fr" source="md">Vases à l'antique</contenuImg>
            <contenuImg CS="1.0" lang="fr" source="md">Motifs décoratifs -- 1800-1869</contenuImg>
            <titraille>Manufacture Dubuisson. Papier à motif répétitif à deux chemins, en quinconce, de carreaux ornés soit d_instruments de musique, soit d'un bouquet de fleurs au naturel, alternant avec deux vases à l'antique : papier peint</titraille>
          </ill>
        </ills>
      </page>
    </pages>
  </contenus>
</analyseAlto>