<analyseAlto>
  <metad>
    <type>I</type>
    <ID>btv1b69015427</ID>
    <titre>Papier à motif répétitif : papier peint</titre>
    <dateEdition>1799</dateEdition>
    <auteur>inconnu</auteur>
    <lang>fre</lang>
    <source>Bibliothèque nationale de France, département Estampes et photographie, EST LI-19</source>
    <sujet>Instruments de musique -- Animaux -- Lyre -- Trompette -- Caducée -- Chèvres -- Sièges (meubles) -- Vases -- Monstres marins -- Losanges (ornement) -- Objets à l_antique (ornement) -- Sistre -- Tridents -- Motifs décoratifs</sujet>
    <descr>Appartient à l’ensemble documentaire : PaPeint18 -- Papier peint</descr>
    <format>inconnu</format>
    <couverture>inconnu</couverture>
    <largeurPx>6312</largeurPx>
    <hauteurPx>8136</hauteurPx>
    <ocr>false</ocr>
    <toc>false</toc>
    <caption>false</caption>
    <nbPage>1</nbPage>
  </metad>
  <contenus ocr="false" toc="false">
    <largeur>267</largeur>
    <hauteur>344</hauteur>
    <largeurPx>6312</largeurPx>
    <hauteurPx>8136</hauteurPx>
    <pages>
      <page ordre="1">
        <blocIll ocr="1">1</blocIll>
        <ills>
          <ill classif="CCgoogle" couleur="coul" h="8136" hash="22d7ce3310ce3f23" n="1-1" taille="23" w="6312" x="1" y="1">
            <contenuImg CS="0.79" h="4270" lang="fr" source="google" w="2394" x="958.2" y="813.6">conception</contenuImg>
            <contenuImg CS="0.54" lang="fr" source="google">modèle motif</contenuImg>
            <contenuImg CS="0.05" coul="1" lang="fr" source="google">marron très foncé</contenuImg>
            <contenuImg CS="0.84" h="4270" lang="fr" source="google" w="2394" x="958.2" y="813.6">ligne</contenuImg>
            <contenuImg CS="0.79" h="4270" lang="fr" source="google" w="2394" x="958.2" y="813.6">design</contenuImg>
            <contenuImg CS="0.72" h="4270" lang="fr" source="google" w="2394" x="958.2" y="813.6">organisme</contenuImg>
            <contenuImg CS="0.64" lang="fr" source="google">illustration</contenuImg>
            <contenuImg CS="0.62" lang="fr" source="google">arts visuels</contenuImg>
            <contenuImg CS="0.59" lang="fr" source="google">plante</contenuImg>
            <contenuImg CS="0.54" lang="fr" source="google">modèle</contenuImg>
            <contenuImg CS="0.53" lang="fr" source="google">fond d'écran</contenuImg>
            <contenuImg CS="2.84" coul="1" lang="fr" source="google">rose</contenuImg>
            <contenuImg CS="0.66" coul="1" lang="fr" source="google">gris foncé</contenuImg>
            <contenuImg CS="0.43" coul="1" lang="fr" source="google">noir</contenuImg>
            <contenuImg CS="0.15" coul="1" lang="fr" source="google">bois clair</contenuImg>
            <contenuImg CS="0.05" coul="1" lang="fr" source="google">verydarkbrown</contenuImg>
            <contenuImg CS="0.00" coul="1" lang="fr" source="google">gris</contenuImg>
            <contenuImg CS="29.83" coul="1" lang="fr" source="google">saumon</contenuImg>
            <contenuImg b="167" coul="1" g="168" r="172" source="colorific" type="bkg">#aca8a7</contenuImg>
            <contenuImg b="0" coul="1" g="0" ordre="3" r="0" source="colorific" type="frg">#000000</contenuImg>
            <contenuImg b="33" coul="1" g="31" ordre="2" r="36" source="colorific" type="frg">#241f21</contenuImg>
            <contenuImg b="85" coul="1" g="84" ordre="1" r="70" source="colorific" type="frg">#465455</contenuImg>
            <contenuImg CS="1.0" lang="en" source="md">decorative patterns</contenuImg>
            <contenuImg CS="1.0" lang="en" source="md">trident</contenuImg>
            <contenuImg CS="1.0" lang="en" source="md">sistre</contenuImg>
            <contenuImg CS="1.0" lang="en" source="md">objects in the antique (ornament)</contenuImg>
            <contenuImg CS="1.0" lang="en" source="md">rhombuses (ornament)</contenuImg>
            <contenuImg CS="1.0" lang="en" source="md">sea monsters</contenuImg>
            <contenuImg CS="1.0" lang="en" source="md">vases</contenuImg>
            <contenuImg CS="1.0" lang="en" source="md">seats (furniture)</contenuImg>
            <contenuImg CS="1.0" lang="en" source="md">goats</contenuImg>
            <contenuImg CS="1.0" lang="en" source="md">caduceus</contenuImg>
            <contenuImg CS="1.0" lang="en" source="md">trumpet</contenuImg>
            <contenuImg CS="1.0" lang="en" source="md">lyre</contenuImg>
            <contenuImg CS="1.0" lang="en" source="md">animals</contenuImg>
            <contenuImg CS="1.0" lang="en" source="md">musical instruments</contenuImg>
            <contenuImg CS="29.83" coul="1" lang="en" source="google">salmon</contenuImg>
            <contenuImg CS="0.00" coul="1" lang="en" source="google">grey</contenuImg>
            <contenuImg CS="0.05" coul="1" lang="en" source="google">verydarkbrown</contenuImg>
            <contenuImg CS="0.15" coul="1" lang="en" source="google">lightwood</contenuImg>
            <contenuImg CS="0.43" coul="1" lang="en" source="google">black</contenuImg>
            <contenuImg CS="0.66" coul="1" lang="en" source="google">dimgrey</contenuImg>
            <contenuImg CS="0.86" coul="1" lang="en" source="google">darkgray</contenuImg>
            <contenuImg CS="2.84" coul="1" lang="en" source="google">pink</contenuImg>
            <contenuImg CS="0.53" lang="en" source="google">Wallpaper</contenuImg>
            <contenuImg CS="0.54" lang="en" source="google">Pattern</contenuImg>
            <contenuImg CS="0.59" lang="en" source="google">Plant</contenuImg>
            <contenuImg CS="0.62" lang="en" source="google">Visual arts</contenuImg>
            <contenuImg CS="0.64" lang="en" source="google">Illustration</contenuImg>
            <contenuImg CS="0.72" h="4270" lang="en" source="google" w="2394" x="958.2" y="813.6">Organism</contenuImg>
            <contenuImg CS="0.79" h="4270" lang="en" source="google" w="2394" x="958.2" y="813.6">Design</contenuImg>
            <contenuImg CS="0.84" h="4270" lang="en" source="google" w="2394" x="958.2" y="813.6">Line</contenuImg>
            <contenuImg CS="0.92" h="4270" lang="en" source="google" w="2394" x="958.2" y="813.6">Pattern</contenuImg>
            <tech source="final">estampe/gravure</tech>
            <fonction source="md">papier-peint</fonction>
            <fonction source="final">papier-peint</fonction>
            <tech CS="1" source="hm">estampe/gravure</tech>
            <theme CS="1" source="md">0</theme>
            <contenuImg CS="1.0" lang="fr" source="md">Instruments de musique</contenuImg>
            <contenuImg CS="1.0" lang="fr" source="md">Animaux</contenuImg>
            <contenuImg CS="1.0" lang="fr" source="md">Lyre</contenuImg>
            <contenuImg CS="1.0" lang="fr" source="md">Trompette</contenuImg>
            <contenuImg CS="1.0" lang="fr" source="md">Caducée</contenuImg>
            <contenuImg CS="1.0" lang="fr" source="md">Chèvres</contenuImg>
            <contenuImg CS="1.0" lang="fr" source="md">Sièges (meubles)</contenuImg>
            <contenuImg CS="1.0" lang="fr" source="md">Vases</contenuImg>
            <contenuImg CS="1.0" lang="fr" source="md">Monstres marins</contenuImg>
            <contenuImg CS="1.0" lang="fr" source="md">Losanges (ornement)</contenuImg>
            <contenuImg CS="1.0" lang="fr" source="md">Objets à l'antique (ornement)</contenuImg>
            <contenuImg CS="1.0" lang="fr" source="md">Sistre</contenuImg>
            <contenuImg CS="1.0" lang="fr" source="md">Tridents</contenuImg>
            <contenuImg CS="1.0" lang="fr" source="md">Motifs décoratifs</contenuImg>
            <titraille>Papier à motif répétitif : papier peint</titraille>
          </ill>
        </ills>
      </page>
    </pages>
  </contenus>
</analyseAlto>