<analyseAlto>
  <metad>
    <type>I</type>
    <ID>btv1b6900618m</ID>
    <titre>Papier à motif répétitif : papier peint</titre>
    <dateEdition>1801</dateEdition>
    <auteur>inconnu</auteur>
    <lang>fre</lang>
    <source>Bibliothèque nationale de France</source>
    <sujet>Textiles et tissus -- Linons batistes (textile) -- Végétaux de fantaisie -- Motifs décoratifs</sujet>
    <descr>Appartient à l’ensemble documentaire : PaPeint18 -- Papier peint</descr>
    <format>inconnu</format>
    <couverture>inconnu</couverture>
    <largeurPx>6728</largeurPx>
    <hauteurPx>7824</hauteurPx>
    <ocr>false</ocr>
    <toc>false</toc>
    <nbPage>1</nbPage>
  </metad>
  <contenus ocr="false" toc="false">
    <largeur>284</largeur>
    <hauteur>331</hauteur>
    <largeurPx>6728</largeurPx>
    <hauteurPx>7824</hauteurPx>
    <pages>
      <page ordre="1">
        <blocIll ocr="1">1</blocIll>
        <ills>
          <ill classif="CCgoogle" couleur="coul" h="7824" hash="3f1f2f060e1f3f00" n="1-1" taille="24" w="6728" x="1" y="1">
            <contenuImg CS="0.73" lang="fr" source="google">conception</contenuImg>
            <tech source="final">estampe/gravure</tech>
            <fonction source="md">papier-peint</fonction>
            <fonction source="final">papier-peint</fonction>
            <tech CS="1" source="md">estampe/gravure</tech>
            <contenuImg CS="0.78" h="2075" lang="fr" source="google" w="3671" x="672.8" y="782.4">papier cadeau</contenuImg>
            <contenuImg CS="0.50" lang="fr" source="google">modèle motif</contenuImg>
            <contenuImg CS="0.19" coul="1" lang="fr" source="google">rouge indien</contenuImg>
            <contenuImg CS="0.96" coul="1" h="2075" lang="fr" source="google" w="3671" x="672.8" y="782.4">rose</contenuImg>
            <contenuImg CS="0.83" h="2075" lang="fr" source="google" w="3671" x="672.8" y="782.4">fond d'écran</contenuImg>
            <contenuImg CS="0.73" lang="fr" source="google">design</contenuImg>
            <contenuImg CS="0.64" lang="fr" source="google">pêche</contenuImg>
            <contenuImg CS="0.59" lang="fr" source="google">arts visuels</contenuImg>
            <contenuImg CS="0.51" lang="fr" source="google">coeur</contenuImg>
            <contenuImg CS="0.50" lang="fr" source="google">modèle</contenuImg>
            <contenuImg CS="0.19" coul="1" lang="fr" source="google">indianred</contenuImg>
            <contenuImg CS="0.12" coul="1" lang="fr" source="google">blé</contenuImg>
            <contenuImg CS="0.02" coul="1" lang="fr" source="google">chair</contenuImg>
            <contenuImg CS="0.00" coul="1" lang="fr" source="google">quartz</contenuImg>
            <contenuImg b="181" coul="1" g="177" r="227" source="colorific" type="bkg">#e3b1b5</contenuImg>
            <contenuImg b="255" coul="1" g="255" ordre="1" r="255" source="colorific" type="frg">#ffffff</contenuImg>
            <contenuImg CS="1.0" lang="en" source="md">decorative patterns</contenuImg>
            <contenuImg CS="1.0" lang="en" source="md">fancy plants</contenuImg>
            <contenuImg CS="1.0" lang="en" source="md">linons batistes (textile)</contenuImg>
            <contenuImg CS="1.0" lang="en" source="md">textiles and fabrics</contenuImg>
            <contenuImg CS="0.00" coul="1" lang="en" source="google">quartz</contenuImg>
            <contenuImg CS="0.02" coul="1" lang="en" source="google">flesh</contenuImg>
            <contenuImg CS="0.12" coul="1" lang="en" source="google">wheat</contenuImg>
            <contenuImg CS="0.15" coul="1" lang="en" source="google">flesh</contenuImg>
            <contenuImg CS="0.19" coul="1" lang="en" source="google">indianred</contenuImg>
            <contenuImg CS="4.53" coul="1" lang="en" source="google">flesh</contenuImg>
            <contenuImg CS="0.50" lang="en" source="google">Pattern</contenuImg>
            <contenuImg CS="0.51" lang="en" source="google">Heart</contenuImg>
            <contenuImg CS="0.59" lang="en" source="google">Visual arts</contenuImg>
            <contenuImg CS="0.64" lang="en" source="google">Peach</contenuImg>
            <contenuImg CS="0.73" lang="en" source="google">Design</contenuImg>
            <contenuImg CS="0.78" h="2075" lang="en" source="google" w="3671" x="672.8" y="782.4">Wrapping paper</contenuImg>
            <contenuImg CS="0.83" h="2075" lang="en" source="google" w="3671" x="672.8" y="782.4">Wallpaper</contenuImg>
            <contenuImg CS="0.89" h="2075" lang="en" source="google" w="3671" x="672.8" y="782.4">Pattern</contenuImg>
            <contenuImg CS="0.96" coul="1" h="2075" lang="en" source="google" w="3671" x="672.8" y="782.4">Pink</contenuImg>
            <theme CS="1" source="md">0</theme>
            <contenuImg CS="1.0" lang="fr" source="md">Textiles et tissus</contenuImg>
            <contenuImg CS="1.0" lang="fr" source="md">Linons batistes (textile)</contenuImg>
            <contenuImg CS="1.0" lang="fr" source="md">Végétaux de fantaisie</contenuImg>
            <contenuImg CS="1.0" lang="fr" source="md">Motifs décoratifs</contenuImg>
            <titraille>Papier à motif répétitif : papier peint</titraille>
          </ill>
        </ills>
      </page>
    </pages>
  </contenus>
</analyseAlto>