<analyseAlto>
  <metad>
    <type>I</type>
    <ID>btv1b69006213</ID>
    <titre>Manufacture Jacquemart et Bénard. Bordure. Deux bandes de frise principale de motifs de fantaisie sur une frise de deux cordes en opposition : papier peint</titre>
    <dateEdition>1800</dateEdition>
    <auteur>inconnu</auteur>
    <lang>fre</lang>
    <source>Bibliothèque nationale de France</source>
    <sujet>Frises -- Cordes (ornement) -- Motifs de fantaisie -- Motifs décoratifs -- 1800-1869</sujet>
    <descr>Appartient à l’ensemble documentaire : PaPeint18 -- Papier peint</descr>
    <format>inconnu</format>
    <couverture>inconnu</couverture>
    <largeurPx>5568</largeurPx>
    <hauteurPx>3616</hauteurPx>
    <ocr>false</ocr>
    <toc>false</toc>
    <nbPage>1</nbPage>
  </metad>
  <contenus ocr="false" toc="false">
    <largeur>235</largeur>
    <hauteur>153</hauteur>
    <largeurPx>5568</largeurPx>
    <hauteurPx>3616</hauteurPx>
    <pages>
      <page ordre="1">
        <blocIll ocr="1">1</blocIll>
        <ills>
          <ill classif="CCgoogle" couleur="coul" h="3616" hash="ff3e0001000cffff" n="1-1" taille="9" w="5568" x="1" y="1">
            <contenuImg CS="0.76" h="2769" lang="fr" source="google" w="2774" x="1197.8" y="361.6">baguette</contenuImg>
            <contenuImg CS="0.68" coul="1" lang="fr" source="google">orange mandarine</contenuImg>
            <contenuImg CS="0.51" coul="1" lang="fr" source="google">cuivre</contenuImg>
            <contenuImg CS="0.37" coul="1" lang="fr" source="google">brun foncé</contenuImg>
            <contenuImg CS="0.34" coul="1" lang="fr" source="google">chocolat à pâtisser</contenuImg>
            <contenuImg CS="0.33" coul="1" lang="fr" source="google">saumon</contenuImg>
            <contenuImg CS="0.31" coul="1" lang="fr" source="google">beige pâle</contenuImg>
            <contenuImg b="90" coul="1" g="108" ordre="6" r="138" source="colorific" type="frg">#8a6c5a</contenuImg>
            <contenuImg b="106" coul="1" g="102" ordre="5" r="133" source="colorific" type="frg">#85666a</contenuImg>
            <contenuImg b="76" coul="1" g="139" ordre="4" r="188" source="colorific" type="frg">#bc8b4c</contenuImg>
            <contenuImg b="40" coul="1" g="45" ordre="3" r="87" source="colorific" type="frg">#572d28</contenuImg>
            <contenuImg b="147" coul="1" g="201" ordre="2" r="227" source="colorific" type="frg">#e3c993</contenuImg>
            <contenuImg b="17" coul="1" g="51" ordre="1" r="105" source="colorific" type="frg">#693311</contenuImg>
            <contenuImg CS="1.0" lang="en" source="md">decorative patterns - 1800-1869</contenuImg>
            <contenuImg CS="1.0" lang="en" source="md">fantasy patterns</contenuImg>
            <contenuImg CS="1.0" lang="en" source="md">ropes (ornament)</contenuImg>
            <contenuImg CS="1.0" lang="en" source="md">curly</contenuImg>
            <contenuImg CS="0.31" coul="1" lang="en" source="google">newtan</contenuImg>
            <contenuImg CS="0.33" coul="1" lang="en" source="google">salmon</contenuImg>
            <contenuImg CS="0.34" coul="1" lang="en" source="google">bakerschocolate</contenuImg>
            <contenuImg CS="0.37" coul="1" lang="en" source="google">darktan</contenuImg>
            <contenuImg CS="0.51" coul="1" lang="en" source="google">copper</contenuImg>
            <contenuImg CS="0.37" coul="1" lang="en" source="google">copper</contenuImg>
            <contenuImg CS="0.57" coul="1" lang="en" source="google">bakerschocolate</contenuImg>
            <contenuImg CS="0.68" coul="1" lang="en" source="google">mandarianorange</contenuImg>
            <contenuImg CS="0.76" h="2769" lang="en" source="google" w="2774" x="1197.8" y="361.6">Baguette</contenuImg>
            <tech source="final">estampe/gravure</tech>
            <fonction source="md">papier-peint</fonction>
            <fonction source="final">papier-peint</fonction>
            <tech CS="1" source="hm">estampe/gravure</tech>
            <theme CS="1" source="md">0</theme>
            <contenuImg CS="1.0" lang="fr" source="md">Frises</contenuImg>
            <contenuImg CS="1.0" lang="fr" source="md">Cordes (ornement)</contenuImg>
            <contenuImg CS="1.0" lang="fr" source="md">Motifs de fantaisie</contenuImg>
            <contenuImg CS="1.0" lang="fr" source="md">Motifs décoratifs -- 1800-1869</contenuImg>
            <titraille>Manufacture Jacquemart et Bénard. Bordure. Deux bandes de frise principale de motifs de fantaisie sur une frise de deux cordes en opposition : papier peint</titraille>
          </ill>
        </ills>
      </page>
    </pages>
  </contenus>
</analyseAlto>