<analyseAlto>
  <metad>
    <type>I</type>
    <ID>btv1b69012834</ID>
    <titre>Papier à motif répétitif : papier peint</titre>
    <dateEdition>1802</dateEdition>
    <auteur>Zuber et Compagnie (Manufacture). Fonction indéterminée</auteur>
    <lang>fre</lang>
    <source>Bibliothèque nationale de France, département Estampes et photographie, EST LI-22</source>
    <sujet>Feuilles de fantaisie -- Camaïeu, Peinture en -- Motifs décoratifs</sujet>
    <descr>Appartient à l’ensemble documentaire : PaPeint18 -- Papier peint</descr>
    <format>inconnu</format>
    <couverture>inconnu</couverture>
    <largeurPx>3264</largeurPx>
    <hauteurPx>4184</hauteurPx>
    <ocr>false</ocr>
    <toc>false</toc>
    <caption>false</caption>
    <nbPage>1</nbPage>
  </metad>
  <contenus ocr="false" toc="false">
    <largeur>138</largeur>
    <hauteur>177</hauteur>
    <largeurPx>3264</largeurPx>
    <hauteurPx>4184</hauteurPx>
    <pages>
      <page ordre="1">
        <blocIll ocr="1">1</blocIll>
        <ills>
          <ill classif="CCgoogle" couleur="coul" h="4184" hash="63d363d263d271c2" n="1-1" taille="6" w="3264" x="1" y="1">
            <contenuImg CS="0.75" h="1876" lang="fr" source="google" w="3320" x="326.4" y="418.4">textile</contenuImg>
            <contenuImg CS="0.72" lang="fr" source="google">conception</contenuImg>
            <contenuImg CS="0.73" h="1876" lang="fr" source="google" w="3320" x="326.4" y="418.4">papier cadeau</contenuImg>
            <contenuImg CS="0.55" lang="fr" source="google">plante vasculaire</contenuImg>
            <contenuImg CS="0.88" h="1876" lang="fr" source="google" w="3320" x="326.4" y="418.4">modèle motif</contenuImg>
            <contenuImg CS="0.31" coul="1" lang="fr" source="google">vert de mer</contenuImg>
            <contenuImg CS="0.88" coul="1" lang="fr" source="google">cyan foncé</contenuImg>
            <contenuImg CS="0.93" coul="1" h="1876" lang="fr" source="google" w="3320" x="326.4" y="418.4">vert</contenuImg>
            <contenuImg CS="0.88" h="1876" lang="fr" source="google" w="3320" x="326.4" y="418.4">modèle</contenuImg>
            <contenuImg CS="0.72" lang="fr" source="google">design</contenuImg>
            <contenuImg CS="0.66" lang="fr" source="google">plante</contenuImg>
            <contenuImg CS="0.92" coul="1" lang="fr" source="google">bleu canard</contenuImg>
            <contenuImg CS="0.45" coul="1" lang="fr" source="google">vert cuivre foncé</contenuImg>
            <contenuImg CS="0.19" coul="1" lang="fr" source="google">saumon</contenuImg>
            <contenuImg CS="0.17" coul="1" lang="fr" source="google">vieux rose</contenuImg>
            <contenuImg b="136" coul="1" g="158" r="86" source="colorific" type="bkg">#569e88</contenuImg>
            <contenuImg b="255" coul="1" g="255" ordre="5" r="255" source="colorific" type="frg">#ffffff</contenuImg>
            <contenuImg b="44" coul="1" g="53" ordre="4" r="60" source="colorific" type="frg">#3c352c</contenuImg>
            <contenuImg b="98" coul="1" g="109" ordre="3" r="100" source="colorific" type="frg">#646d62</contenuImg>
            <contenuImg b="132" coul="1" g="133" ordre="2" r="150" source="colorific" type="frg">#968584</contenuImg>
            <contenuImg b="34" coul="1" g="37" ordre="1" r="79" source="colorific" type="frg">#4f2522</contenuImg>
            <contenuImg CS="1.0" lang="en" source="md">decorative patterns</contenuImg>
            <contenuImg CS="1.0" lang="en" source="md">camaïeu painting</contenuImg>
            <contenuImg CS="1.0" lang="en" source="md">fancy leaves</contenuImg>
            <contenuImg CS="0.17" coul="1" lang="en" source="google">dustyrose</contenuImg>
            <contenuImg CS="0.19" coul="1" lang="en" source="google">salmon</contenuImg>
            <contenuImg CS="0.45" coul="1" lang="en" source="google">darkgreencopper</contenuImg>
            <contenuImg CS="0.88" coul="1" lang="en" source="google">darkcyan</contenuImg>
            <contenuImg CS="0.31" coul="1" lang="en" source="google">seagreen</contenuImg>
            <contenuImg CS="0.58" coul="1" lang="en" source="google">salmon</contenuImg>
            <contenuImg CS="0.92" coul="1" lang="en" source="google">teal</contenuImg>
            <contenuImg CS="0.55" lang="en" source="google">Vascular plant</contenuImg>
            <contenuImg CS="0.66" lang="en" source="google">Plant</contenuImg>
            <contenuImg CS="0.72" lang="en" source="google">Design</contenuImg>
            <contenuImg CS="0.73" h="1876" lang="en" source="google" w="3320" x="326.4" y="418.4">Wrapping paper</contenuImg>
            <contenuImg CS="0.75" h="1876" lang="en" source="google" w="3320" x="326.4" y="418.4">Textile</contenuImg>
            <contenuImg CS="0.88" h="1876" lang="en" source="google" w="3320" x="326.4" y="418.4">Pattern</contenuImg>
            <contenuImg CS="0.93" coul="1" h="1876" lang="en" source="google" w="3320" x="326.4" y="418.4">Green</contenuImg>
            <tech source="final">estampe/gravure</tech>
            <fonction source="md">papier-peint</fonction>
            <fonction source="final">papier-peint</fonction>
            <tech CS="1" source="hm">estampe/gravure</tech>
            <theme CS="1" source="md">0</theme>
            <contenuImg CS="1.0" lang="fr" source="md">Feuilles de fantaisie</contenuImg>
            <contenuImg CS="1.0" lang="fr" source="md">Peinture en camaïeu</contenuImg>
            <contenuImg CS="1.0" lang="fr" source="md">Motifs décoratifs</contenuImg>
            <titraille>Papier à motif répétitif : papier peint</titraille>
          </ill>
        </ills>
      </page>
    </pages>
  </contenus>
</analyseAlto>