<analyseAlto>
  <metad>
    <type>I</type>
    <ID>btv1b6901165v</ID>
    <titre>Bordure : papier peint</titre>
    <dateEdition>1800</dateEdition>
    <auteur>inconnu</auteur>
    <lang>fre</lang>
    <source>Bibliothèque nationale de France, département Estampes et photographie, EST LI-18</source>
    <sujet>Frises -- Animaux -- Ovales (ornement) -- Motifs décoratifs</sujet>
    <descr>Appartient à l’ensemble documentaire : PaPeint18 -- Papier peint</descr>
    <format>inconnu</format>
    <couverture>inconnu</couverture>
    <largeurPx>1128</largeurPx>
    <hauteurPx>2640</hauteurPx>
    <ocr>false</ocr>
    <toc>false</toc>
    <caption>false</caption>
    <nbPage>1</nbPage>
  </metad>
  <contenus ocr="false" toc="false">
    <largeur>47</largeur>
    <hauteur>111</hauteur>
    <largeurPx>1128</largeurPx>
    <hauteurPx>2640</hauteurPx>
    <pages>
      <page ordre="1">
        <blocIll ocr="1">1</blocIll>
        <ills>
          <ill classif="CCgoogle" couleur="coul" h="2640" hash="0f8fe7ffe3018180" n="1-1" taille="1" w="1128" x="1" y="1">
            <contenuImg CS="3.42" coul="1" lang="fr" source="google">bleu acier</contenuImg>
            <contenuImg CS="0.81" h="2232" lang="fr" source="google" w="2973" x="112.8" y="264">peinture</contenuImg>
            <contenuImg CS="0.72" h="2232" lang="fr" source="google" w="2973" x="112.8" y="264">art</contenuImg>
            <contenuImg CS="0.72" h="2232" lang="fr" source="google" w="2973" x="112.8" y="264">illustration</contenuImg>
            <contenuImg CS="0.53" h="2232" lang="fr" source="google" w="2973" x="112.8" y="264">personnage fictif</contenuImg>
            <contenuImg CS="0.41" coul="1" lang="fr" source="google">jaune d'or</contenuImg>
            <contenuImg CS="0.03" coul="1" lang="fr" source="google">noir</contenuImg>
            <contenuImg CS="0.02" coul="1" lang="fr" source="google">vert cuivre foncé</contenuImg>
            <contenuImg CS="0.18" coul="1" lang="fr" source="google">bleu cadet</contenuImg>
            <contenuImg CS="0.18" coul="1" lang="fr" source="google">bleu nuit</contenuImg>
            <contenuImg b="27" coul="1" g="24" ordre="6" r="38" source="colorific" type="frg">#26181b</contenuImg>
            <contenuImg b="60" coul="1" g="97" ordre="5" r="111" source="colorific" type="frg">#6f613c</contenuImg>
            <contenuImg b="255" coul="1" g="255" ordre="4" r="255" source="colorific" type="frg">#ffffff</contenuImg>
            <contenuImg b="158" coul="1" g="181" ordre="3" r="188" source="colorific" type="frg">#bcb59e</contenuImg>
            <contenuImg b="113" coul="1" g="119" ordre="2" r="94" source="colorific" type="frg">#5e7771</contenuImg>
            <contenuImg b="151" coul="1" g="128" ordre="1" r="90" source="colorific" type="frg">#5a8097</contenuImg>
            <contenuImg CS="1.0" lang="en" source="md">decorative patterns</contenuImg>
            <contenuImg CS="1.0" lang="en" source="md">oval (ornament)</contenuImg>
            <contenuImg CS="1.0" lang="en" source="md">animals</contenuImg>
            <contenuImg CS="1.0" lang="en" source="md">curly</contenuImg>
            <contenuImg CS="0.18" coul="1" lang="en" source="google">midnightblue</contenuImg>
            <contenuImg CS="0.18" coul="1" lang="en" source="google">cadetblue</contenuImg>
            <contenuImg CS="0.02" coul="1" lang="en" source="google">darkgreencopper</contenuImg>
            <contenuImg CS="0.03" coul="1" lang="en" source="google">black</contenuImg>
            <contenuImg CS="0.41" coul="1" lang="en" source="google">mediumgoldenrod</contenuImg>
            <contenuImg CS="3.42" coul="1" lang="en" source="google">steelblue</contenuImg>
            <contenuImg CS="0.53" h="2232" lang="en" source="google" w="2973" x="112.8" y="264">Fictional character</contenuImg>
            <contenuImg CS="0.72" h="2232" lang="en" source="google" w="2973" x="112.8" y="264">Illustration</contenuImg>
            <contenuImg CS="0.72" h="2232" lang="en" source="google" w="2973" x="112.8" y="264">Art</contenuImg>
            <contenuImg CS="0.81" h="2232" lang="en" source="google" w="2973" x="112.8" y="264">Painting</contenuImg>
            <tech source="final">estampe/gravure</tech>
            <fonction source="md">papier-peint</fonction>
            <fonction source="final">papier-peint</fonction>
            <tech CS="1" source="hm">estampe/gravure</tech>
            <theme CS="1" source="md">0</theme>
            <contenuImg CS="1.0" lang="fr" source="md">Frises</contenuImg>
            <contenuImg CS="1.0" lang="fr" source="md">Animaux</contenuImg>
            <contenuImg CS="1.0" lang="fr" source="md">Ovales (ornement)</contenuImg>
            <contenuImg CS="1.0" lang="fr" source="md">Motifs décoratifs</contenuImg>
            <titraille>Bordure : papier peint</titraille>
          </ill>
        </ills>
      </page>
    </pages>
  </contenus>
</analyseAlto>