<analyseAlto>
  <metad>
    <type>I</type>
    <ID>btv1b6901480k</ID>
    <titre>Papier à motif répétitif : papier peint</titre>
    <dateEdition>1799</dateEdition>
    <auteur>inconnu</auteur>
    <lang>fre</lang>
    <source>Bibliothèque nationale de France, département Estampes et photographie, EST LI-19</source>
    <sujet>Ornements géométriques -- Croix -- Bandes -- Motifs décoratifs</sujet>
    <descr>Appartient à l’ensemble documentaire : PaPeint18 -- Papier peint</descr>
    <format>inconnu</format>
    <couverture>inconnu</couverture>
    <largeurPx>6872</largeurPx>
    <hauteurPx>7632</hauteurPx>
    <ocr>false</ocr>
    <toc>false</toc>
    <caption>false</caption>
    <nbPage>1</nbPage>
  </metad>
  <contenus ocr="false" toc="false">
    <largeur>290</largeur>
    <hauteur>323</hauteur>
    <largeurPx>6872</largeurPx>
    <hauteurPx>7632</hauteurPx>
    <pages>
      <page ordre="1">
        <blocIll ocr="1">1</blocIll>
        <ills>
          <ill classif="CCgoogle" couleur="coul" h="7632" hash="1f0f070f030f1f1f" n="1-1" taille="24" w="6872" x="1" y="1">
            <contenuImg CS="0.79" h="2052" lang="fr" source="google" w="3633" x="687.2" y="763.2">conception</contenuImg>
            <contenuImg CS="0.68" lang="fr" source="google">textile</contenuImg>
            <contenuImg CS="0.74" lang="fr" source="google">papier cadeau</contenuImg>
            <contenuImg CS="0.75" lang="fr" source="google">modèle motif</contenuImg>
            <contenuImg CS="3.09" coul="1" lang="fr" source="google">violet moyen</contenuImg>
            <contenuImg CS="0.06" coul="1" lang="fr" source="google">marron très foncé</contenuImg>
            <contenuImg CS="0.94" coul="1" h="2052" lang="fr" source="google" w="3633" x="687.2" y="763.2">rouge</contenuImg>
            <contenuImg CS="0.82" h="2052" lang="fr" source="google" w="3633" x="687.2" y="763.2">ligne</contenuImg>
            <contenuImg CS="0.79" h="2052" lang="fr" source="google" w="3633" x="687.2" y="763.2">design</contenuImg>
            <contenuImg CS="0.75" lang="fr" source="google">modèle</contenuImg>
            <contenuImg CS="0.62" lang="fr" source="google">fond d'écran</contenuImg>
            <contenuImg CS="0.60" lang="fr" source="google">pêche</contenuImg>
            <contenuImg CS="0.20" coul="1" lang="fr" source="google">beige pâle</contenuImg>
            <contenuImg CS="0.18" coul="1" lang="fr" source="google">chocolat à pâtisser</contenuImg>
            <contenuImg CS="0.09" coul="1" lang="fr" source="google">saumon</contenuImg>
            <contenuImg CS="0.06" coul="1" lang="fr" source="google">verydarkbrown</contenuImg>
            <contenuImg b="144" coul="1" g="124" r="201" source="colorific" type="bkg">#c97c90</contenuImg>
            <contenuImg b="255" coul="1" g="255" ordre="5" r="255" source="colorific" type="frg">#ffffff</contenuImg>
            <contenuImg b="44" coul="1" g="33" ordre="4" r="65" source="colorific" type="frg">#41212c</contenuImg>
            <contenuImg b="0" coul="1" g="0" ordre="3" r="0" source="colorific" type="frg">#000000</contenuImg>
            <contenuImg b="115" coul="1" g="104" ordre="2" r="138" source="colorific" type="frg">#8a6873</contenuImg>
            <contenuImg b="201" coul="1" g="193" ordre="1" r="236" source="colorific" type="frg">#ecc1c9</contenuImg>
            <contenuImg CS="1.0" lang="en" source="md">decorative patterns</contenuImg>
            <contenuImg CS="1.0" lang="en" source="md">stripes</contenuImg>
            <contenuImg CS="1.0" lang="en" source="md">cross</contenuImg>
            <contenuImg CS="1.0" lang="en" source="md">geometric ornaments</contenuImg>
            <contenuImg CS="0.06" coul="1" lang="en" source="google">verydarkbrown</contenuImg>
            <contenuImg CS="0.09" coul="1" lang="en" source="google">salmon</contenuImg>
            <contenuImg CS="0.18" coul="1" lang="en" source="google">bakerschocolate</contenuImg>
            <contenuImg CS="0.34" coul="1" lang="en" source="google">verydarkbrown</contenuImg>
            <contenuImg CS="0.84" coul="1" lang="en" source="google">salmon</contenuImg>
            <contenuImg CS="0.20" coul="1" lang="en" source="google">newtan</contenuImg>
            <contenuImg CS="3.09" coul="1" lang="en" source="google">mediumvioletred</contenuImg>
            <contenuImg CS="0.60" lang="en" source="google">Peach</contenuImg>
            <contenuImg CS="0.62" lang="en" source="google">Wallpaper</contenuImg>
            <contenuImg CS="0.68" lang="en" source="google">Textile</contenuImg>
            <contenuImg CS="0.74" lang="en" source="google">Wrapping paper</contenuImg>
            <contenuImg CS="0.75" lang="en" source="google">Pattern</contenuImg>
            <contenuImg CS="0.79" h="2052" lang="en" source="google" w="3633" x="687.2" y="763.2">Design</contenuImg>
            <contenuImg CS="0.82" h="2052" lang="en" source="google" w="3633" x="687.2" y="763.2">Line</contenuImg>
            <contenuImg CS="0.94" coul="1" h="2052" lang="en" source="google" w="3633" x="687.2" y="763.2">Red</contenuImg>
            <contenuImg CS="0.96" h="2052" lang="en" source="google" w="3633" x="687.2" y="763.2">Pattern</contenuImg>
            <tech source="final">estampe/gravure</tech>
            <fonction source="md">papier-peint</fonction>
            <fonction source="final">papier-peint</fonction>
            <tech CS="1" source="hm">estampe/gravure</tech>
            <theme CS="1" source="md">0</theme>
            <contenuImg CS="1.0" lang="fr" source="md">Ornements géométriques</contenuImg>
            <contenuImg CS="1.0" lang="fr" source="md">Croix</contenuImg>
            <contenuImg CS="1.0" lang="fr" source="md">Bandes</contenuImg>
            <contenuImg CS="1.0" lang="fr" source="md">Motifs décoratifs</contenuImg>
            <titraille>Papier à motif répétitif : papier peint</titraille>
          </ill>
        </ills>
      </page>
    </pages>
  </contenus>
</analyseAlto>