<analyseAlto>
  <metad>
    <type>I</type>
    <ID>btv1b6900228m</ID>
    <titre>Manufacture Dubuisson. Bordure. Trois bandes de frise centrale de rosettes, entre deux rangs de perles et une frise en chevron : papier peint</titre>
    <dateEdition>1800</dateEdition>
    <auteur>inconnu</auteur>
    <lang>fre</lang>
    <source>Bibliothèque nationale de France, département Estampes et photographie, EST LI-20</source>
    <sujet>Frises -- Fleurons (ornement) -- Feuilles stylisées (ornement) -- Rosettes (ornement) -- Rangs de perles (ornement) -- Chevrons -- Motifs décoratifs -- 1800-1869</sujet>
    <descr>Appartient à l’ensemble documentaire : PaPeint18 -- Papier peint</descr>
    <format>inconnu</format>
    <couverture>inconnu</couverture>
    <largeurPx>7312</largeurPx>
    <hauteurPx>3464</hauteurPx>
    <ocr>false</ocr>
    <toc>false</toc>
    <caption>false</caption>
    <nbPage>1</nbPage>
  </metad>
  <contenus ocr="false" toc="false">
    <largeur>309</largeur>
    <hauteur>146</hauteur>
    <largeurPx>7312</largeurPx>
    <hauteurPx>3464</hauteurPx>
    <pages>
      <page ordre="1">
        <blocIll ocr="1">1</blocIll>
        <ills>
          <ill classif="CCgoogle" couleur="coul" h="3464" hash="efaaaeaaaa00aaaa" n="1-1" taille="11" w="7312" x="1" y="1">
            <contenuImg CS="0.82" h="3320" lang="fr" source="google" w="3325" x="2574.2" y="346.4">textile</contenuImg>
            <contenuImg CS="0.68" h="3320" lang="fr" source="google" w="3325" x="2574.2" y="346.4">tapis</contenuImg>
            <contenuImg CS="0.58" lang="fr" source="google">couverture</contenuImg>
            <contenuImg CS="0.87" h="3320" lang="fr" source="google" w="3325" x="2574.2" y="346.4">modèle motif</contenuImg>
            <contenuImg CS="0.87" h="3320" lang="fr" source="google" w="3325" x="2574.2" y="346.4">modèle</contenuImg>
            <contenuImg CS="0.72" h="3320" lang="fr" source="google" w="3325" x="2574.2" y="346.4">tapisserie</contenuImg>
            <contenuImg CS="0.68" lang="fr" source="google">art</contenuImg>
            <contenuImg CS="0.57" lang="fr" source="google">sol</contenuImg>
            <contenuImg CS="0.88" coul="1" lang="fr" source="google">bronze</contenuImg>
            <contenuImg CS="0.17" coul="1" lang="fr" source="google">vert olive foncé</contenuImg>
            <contenuImg CS="0.73" coul="1" lang="fr" source="google">bois moyen</contenuImg>
            <contenuImg CS="0.53" coul="1" lang="fr" source="google">gris foncé</contenuImg>
            <contenuImg CS="0.41" coul="1" lang="fr" source="google">noir</contenuImg>
            <contenuImg CS="0.24" coul="1" lang="fr" source="google">rose</contenuImg>
            <contenuImg b="105" coul="1" g="142" ordre="6" r="146" source="colorific" type="frg">#928e69</contenuImg>
            <contenuImg b="105" coul="1" g="164" ordre="5" r="195" source="colorific" type="frg">#c3a469</contenuImg>
            <contenuImg b="51" coul="1" g="78" ordre="4" r="138" source="colorific" type="frg">#8a4e33</contenuImg>
            <contenuImg b="74" coul="1" g="89" ordre="3" r="74" source="colorific" type="frg">#4a594a</contenuImg>
            <contenuImg b="137" coul="1" g="139" ordre="2" r="147" source="colorific" type="frg">#938b89</contenuImg>
            <contenuImg b="21" coul="1" g="30" ordre="1" r="17" source="colorific" type="frg">#111e15</contenuImg>
            <contenuImg CS="1.0" lang="en" source="md">decorative patterns - 1800-1869</contenuImg>
            <contenuImg CS="1.0" lang="en" source="md">rafters</contenuImg>
            <contenuImg CS="1.0" lang="en" source="md">rows of pearls (ornament)</contenuImg>
            <contenuImg CS="1.0" lang="en" source="md">rosettes (ornament)</contenuImg>
            <contenuImg CS="1.0" lang="en" source="md">stylized leaves (ornament)</contenuImg>
            <contenuImg CS="1.0" lang="en" source="md">flowerets (ornament)</contenuImg>
            <contenuImg CS="1.0" lang="en" source="md">curly</contenuImg>
            <contenuImg CS="0.24" coul="1" lang="en" source="google">pink</contenuImg>
            <contenuImg CS="0.41" coul="1" lang="en" source="google">black</contenuImg>
            <contenuImg CS="0.53" coul="1" lang="en" source="google">darkgray</contenuImg>
            <contenuImg CS="0.73" coul="1" lang="en" source="google">mediumwood</contenuImg>
            <contenuImg CS="0.17" coul="1" lang="en" source="google">darkolivegreen</contenuImg>
            <contenuImg CS="0.24" coul="1" lang="en" source="google">black</contenuImg>
            <contenuImg CS="0.88" coul="1" lang="en" source="google">bronze</contenuImg>
            <contenuImg CS="0.57" lang="en" source="google">Flooring</contenuImg>
            <contenuImg CS="0.58" lang="en" source="google">Rug</contenuImg>
            <contenuImg CS="0.68" lang="en" source="google">Art</contenuImg>
            <contenuImg CS="0.68" h="3320" lang="en" source="google" w="3325" x="2574.2" y="346.4">Carpet</contenuImg>
            <contenuImg CS="0.72" h="3320" lang="en" source="google" w="3325" x="2574.2" y="346.4">Tapestry</contenuImg>
            <contenuImg CS="0.82" h="3320" lang="en" source="google" w="3325" x="2574.2" y="346.4">Textile</contenuImg>
            <contenuImg CS="0.87" h="3320" lang="en" source="google" w="3325" x="2574.2" y="346.4">Pattern</contenuImg>
            <tech source="final">estampe/gravure</tech>
            <fonction source="md">papier-peint</fonction>
            <fonction source="final">papier-peint</fonction>
            <tech CS="1" source="hm">estampe/gravure</tech>
            <theme CS="1" source="md">0</theme>
            <contenuImg CS="1.0" lang="fr" source="md">Frises</contenuImg>
            <contenuImg CS="1.0" lang="fr" source="md">Fleurons (ornement)</contenuImg>
            <contenuImg CS="1.0" lang="fr" source="md">Feuilles stylisées (ornement)</contenuImg>
            <contenuImg CS="1.0" lang="fr" source="md">Rosettes (ornement)</contenuImg>
            <contenuImg CS="1.0" lang="fr" source="md">Rangs de perles (ornement)</contenuImg>
            <contenuImg CS="1.0" lang="fr" source="md">Chevrons</contenuImg>
            <contenuImg CS="1.0" lang="fr" source="md">Motifs décoratifs -- 1800-1869</contenuImg>
            <titraille>Manufacture Dubuisson. Bordure. Trois bandes de frise centrale de rosettes, entre deux rangs de perles et une frise en chevron : papier peint</titraille>
          </ill>
        </ills>
      </page>
    </pages>
  </contenus>
</analyseAlto>