<analyseAlto>
  <metad>
    <type>I</type>
    <ID>btv1b6900897x</ID>
    <titre>Papier à motif répétitif : papier peint</titre>
    <dateEdition>1805</dateEdition>
    <auteur>Jacquemart et Bénard (Manufacture). Fonction indéterminée</auteur>
    <lang>fre</lang>
    <source>Bibliothèque nationale de France</source>
    <sujet>Carreaux -- Feuilles de chêne -- Camaïeu, Peinture en -- Glands -- Effets de relief -- Motifs décoratifs</sujet>
    <descr>Appartient à l’ensemble documentaire : PaPeint18 -- Papier peint</descr>
    <format>inconnu</format>
    <couverture>inconnu</couverture>
    <largeurPx>6752</largeurPx>
    <hauteurPx>6400</hauteurPx>
    <ocr>false</ocr>
    <toc>false</toc>
    <nbPage>1</nbPage>
  </metad>
  <contenus ocr="false" toc="false">
    <largeur>285</largeur>
    <hauteur>270</hauteur>
    <largeurPx>6752</largeurPx>
    <hauteurPx>6400</hauteurPx>
    <pages>
      <page ordre="1">
        <blocIll ocr="1">1</blocIll>
        <ills>
          <ill classif="CCgoogle" couleur="coul" h="6400" hash="8b228a2aee8baeab" n="1-1" taille="19" w="6752" x="1" y="1">
            <contenuImg CS="0.81" lang="fr" source="google">conception</contenuImg>
            <contenuImg CS="0.79" lang="fr" source="google">motif</contenuImg>
            <contenuImg CS="0.79" lang="fr" source="google">modèle motif</contenuImg>
            <contenuImg CS="0.24" coul="1" lang="fr" source="google">marron très foncé</contenuImg>
            <contenuImg CS="0.92" coul="1" h="4047" lang="fr" source="google" w="2265" x="2679.2" y="640">marron</contenuImg>
            <contenuImg CS="0.86" coul="1" h="4047" lang="fr" source="google" w="2265" x="2679.2" y="640">turquoise</contenuImg>
            <contenuImg CS="0.83" h="4047" lang="fr" source="google" w="2265" x="2679.2" y="640">symétrie</contenuImg>
            <contenuImg CS="0.83" lang="fr" source="google">arts visuels</contenuImg>
            <contenuImg CS="0.81" lang="fr" source="google">design</contenuImg>
            <contenuImg CS="0.79" lang="fr" source="google">modèle</contenuImg>
            <contenuImg CS="0.76" lang="fr" source="google">sol</contenuImg>
            <contenuImg CS="1.72" coul="1" lang="fr" source="google">saumon</contenuImg>
            <contenuImg CS="0.51" coul="1" lang="fr" source="google">morceaux de chocolat</contenuImg>
            <contenuImg CS="0.29" coul="1" lang="fr" source="google">brun foncé</contenuImg>
            <contenuImg CS="0.24" coul="1" lang="fr" source="google">verydarkbrown</contenuImg>
            <contenuImg CS="0.20" coul="1" lang="fr" source="google">chocolat à pâtisser</contenuImg>
            <contenuImg b="64" coul="1" g="86" r="122" source="colorific" type="bkg">#7a5640</contenuImg>
            <contenuImg b="77" coul="1" g="76" ordre="4" r="70" source="colorific" type="frg">#464c4d</contenuImg>
            <contenuImg b="101" coul="1" g="133" ordre="3" r="133" source="colorific" type="frg">#858565</contenuImg>
            <contenuImg b="145" coul="1" g="145" ordre="2" r="102" source="colorific" type="frg">#669191</contenuImg>
            <contenuImg b="40" coul="1" g="43" ordre="1" r="66" source="colorific" type="frg">#422b28</contenuImg>
            <contenuImg CS="1.0" lang="en" source="md">decorative patterns</contenuImg>
            <contenuImg CS="1.0" lang="en" source="md">embossed effects</contenuImg>
            <contenuImg CS="1.0" lang="en" source="md">acorns</contenuImg>
            <contenuImg CS="1.0" lang="en" source="md">camaïeu painting</contenuImg>
            <contenuImg CS="1.0" lang="en" source="md">oak leaves</contenuImg>
            <contenuImg CS="1.0" lang="en" source="md">tiles</contenuImg>
            <contenuImg CS="0.20" coul="1" lang="en" source="google">bakerschocolate</contenuImg>
            <contenuImg CS="0.24" coul="1" lang="en" source="google">verydarkbrown</contenuImg>
            <contenuImg CS="0.29" coul="1" lang="en" source="google">darktan</contenuImg>
            <contenuImg CS="0.51" coul="1" lang="en" source="google">semisweetchocolate</contenuImg>
            <contenuImg CS="1.05" coul="1" lang="en" source="google">darktan</contenuImg>
            <contenuImg CS="1.72" coul="1" lang="en" source="google">salmon</contenuImg>
            <contenuImg CS="0.76" lang="en" source="google">Floor</contenuImg>
            <contenuImg CS="0.78" lang="en" source="google">Flooring</contenuImg>
            <contenuImg CS="0.79" lang="en" source="google">Pattern</contenuImg>
            <contenuImg CS="0.79" lang="en" source="google">Motif</contenuImg>
            <contenuImg CS="0.81" lang="en" source="google">Design</contenuImg>
            <contenuImg CS="0.83" lang="en" source="google">Visual arts</contenuImg>
            <contenuImg CS="0.83" h="4047" lang="en" source="google" w="2265" x="2679.2" y="640">Symmetry</contenuImg>
            <contenuImg CS="0.86" coul="1" h="4047" lang="en" source="google" w="2265" x="2679.2" y="640">Turquoise</contenuImg>
            <contenuImg CS="0.92" coul="1" h="4047" lang="en" source="google" w="2265" x="2679.2" y="640">Brown</contenuImg>
            <contenuImg CS="0.97" h="4047" lang="en" source="google" w="2265" x="2679.2" y="640">Pattern</contenuImg>
            <tech source="final">estampe/gravure</tech>
            <fonction source="md">papier-peint</fonction>
            <fonction source="final">papier-peint</fonction>
            <tech CS="1" source="hm">estampe/gravure</tech>
            <theme CS="1" source="md">0</theme>
            <contenuImg CS="1.0" lang="fr" source="md">Carreaux</contenuImg>
            <contenuImg CS="1.0" lang="fr" source="md">Feuilles de chêne</contenuImg>
            <contenuImg CS="1.0" lang="fr" source="md">Peinture en camaïeu</contenuImg>
            <contenuImg CS="1.0" lang="fr" source="md">Glands</contenuImg>
            <contenuImg CS="1.0" lang="fr" source="md">Effets de relief</contenuImg>
            <contenuImg CS="1.0" lang="fr" source="md">Motifs décoratifs</contenuImg>
            <titraille>Papier à motif répétitif : papier peint</titraille>
          </ill>
        </ills>
      </page>
    </pages>
  </contenus>
</analyseAlto>