<analyseAlto>
  <metad>
    <type>I</type>
    <ID>btv1b6900269j</ID>
    <titre>Manufacture Dubuisson. Bordure. Une bande alternant des petits médaillons ronds ou carrés ornés de figures à l_antique et des personnages en coloris : papier peint</titre>
    <dateEdition>1800</dateEdition>
    <auteur>inconnu</auteur>
    <lang>fre</lang>
    <source>Bibliothèque nationale de France, département Estampes et photographie, EST LI-20</source>
    <sujet>Personnages -- Dans l_art -- Frises -- Médaillons (ornement) -- Figures à l'antique -- Camaïeu, Peinture en -- Paysages -- 1800-1869 -- Décoration et ornement architecturaux -- 1800-1869 -- Motifs décoratifs -- 1800-1869</sujet>
    <descr>Appartient à l’ensemble documentaire : PaPeint18 -- Papier peint</descr>
    <format>inconnu</format>
    <couverture>inconnu</couverture>
    <largeurPx>11208</largeurPx>
    <hauteurPx>2488</hauteurPx>
    <ocr>false</ocr>
    <toc>false</toc>
    <caption>false</caption>
    <nbPage>1</nbPage>
  </metad>
  <contenus ocr="false" toc="false">
    <largeur>474</largeur>
    <hauteur>105</hauteur>
    <largeurPx>11208</largeurPx>
    <hauteurPx>2488</hauteurPx>
    <pages>
      <page ordre="1">
        <blocIll ocr="1">1</blocIll>
        <ills>
          <ill classif="CCgoogle" couleur="coul" h="2488" hash="fffbd65300a4bc00" n="1-1" taille="12" w="11208" x="1" y="1">
            <contenuImg CS="0.66" lang="fr" source="google">textile</contenuImg>
            <contenuImg CS="0.36" coul="1" lang="fr" source="google">vert moyen</contenuImg>
            <contenuImg CS="0.82" h="2973" lang="fr" source="google" w="2973" x="5608.8" y="248.8">art</contenuImg>
            <contenuImg CS="0.71" h="2973" lang="fr" source="google" w="2973" x="5608.8" y="248.8">histoire</contenuImg>
            <contenuImg CS="0.69" h="2973" lang="fr" source="google" w="2973" x="5608.8" y="248.8">prophète</contenuImg>
            <contenuImg CS="0.68" h="2973" lang="fr" source="google" w="2973" x="5608.8" y="248.8">banque d'images</contenuImg>
            <contenuImg CS="0.60" lang="fr" source="google">devise</contenuImg>
            <contenuImg CS="0.52" lang="fr" source="google">espèces</contenuImg>
            <contenuImg CS="0.65" coul="1" lang="fr" source="google">marron foncé</contenuImg>
            <contenuImg CS="0.60" coul="1" lang="fr" source="google">bleu cadet</contenuImg>
            <contenuImg CS="0.22" coul="1" lang="fr" source="google">vert cuivre</contenuImg>
            <contenuImg CS="0.59" coul="1" lang="fr" source="google">vert cuivre foncé</contenuImg>
            <contenuImg CS="0.24" coul="1" lang="fr" source="google">gris foncé</contenuImg>
            <contenuImg b="72" coul="1" g="61" ordre="6" r="28" source="colorific" type="frg">#1c3d48</contenuImg>
            <contenuImg b="86" coul="1" g="118" ordre="5" r="113" source="colorific" type="frg">#717656</contenuImg>
            <contenuImg b="28" coul="1" g="39" ordre="4" r="15" source="colorific" type="frg">#0f271c</contenuImg>
            <contenuImg b="139" coul="1" g="190" ordre="3" r="197" source="colorific" type="frg">#c5be8b</contenuImg>
            <contenuImg b="110" coul="1" g="114" ordre="2" r="133" source="colorific" type="frg">#85726e</contenuImg>
            <contenuImg b="81" coul="1" g="94" ordre="1" r="68" source="colorific" type="frg">#445e51</contenuImg>
            <contenuImg CS="1.0" lang="en" source="md">decorative patterns - 1800-1869</contenuImg>
            <contenuImg CS="1.0" lang="en" source="md">architectural decoration and ornament - 1800-1869</contenuImg>
            <contenuImg CS="1.0" lang="en" source="md">landscapes - 1800-1869</contenuImg>
            <contenuImg CS="1.0" lang="en" source="md">camaïeu painting</contenuImg>
            <contenuImg CS="1.0" lang="en" source="md">figures in the antique</contenuImg>
            <contenuImg CS="1.0" lang="en" source="md">medallions (ornament)</contenuImg>
            <contenuImg CS="1.0" lang="en" source="md">curly</contenuImg>
            <contenuImg CS="1.0" lang="en" source="md">characters - in art</contenuImg>
            <contenuImg CS="0.24" coul="1" lang="en" source="google">dimgrey</contenuImg>
            <contenuImg CS="0.36" coul="1" lang="en" source="google">mediumseagreen</contenuImg>
            <contenuImg CS="0.59" coul="1" lang="en" source="google">darkgreencopper</contenuImg>
            <contenuImg CS="0.22" coul="1" lang="en" source="google">greencopper</contenuImg>
            <contenuImg CS="0.60" coul="1" lang="en" source="google">cadetblue</contenuImg>
            <contenuImg CS="0.65" coul="1" lang="en" source="google">darkbrown</contenuImg>
            <contenuImg CS="0.52" lang="en" source="google">Cash</contenuImg>
            <contenuImg CS="0.60" lang="en" source="google">Currency</contenuImg>
            <contenuImg CS="0.66" lang="en" source="google">Textile</contenuImg>
            <contenuImg CS="0.68" h="2973" lang="en" source="google" w="2973" x="5608.8" y="248.8">Stock photography</contenuImg>
            <contenuImg CS="0.69" h="2973" lang="en" source="google" w="2973" x="5608.8" y="248.8">Prophet</contenuImg>
            <contenuImg CS="0.71" h="2973" lang="en" source="google" w="2973" x="5608.8" y="248.8">History</contenuImg>
            <contenuImg CS="0.82" h="2973" lang="en" source="google" w="2973" x="5608.8" y="248.8">Art</contenuImg>
            <tech source="final">estampe/gravure</tech>
            <fonction source="md">papier-peint</fonction>
            <fonction source="final">papier-peint</fonction>
            <tech CS="1" source="hm">estampe/gravure</tech>
            <theme CS="1" source="md">0</theme>
            <contenuImg CS="1.0" lang="fr" source="md">Personnages -- Dans l'art</contenuImg>
            <contenuImg CS="1.0" lang="fr" source="md">Frises</contenuImg>
            <contenuImg CS="1.0" lang="fr" source="md">Médaillons (ornement)</contenuImg>
            <contenuImg CS="1.0" lang="fr" source="md">Figures à l'antique</contenuImg>
            <contenuImg CS="1.0" lang="fr" source="md">Peinture en camaïeu</contenuImg>
            <contenuImg CS="1.0" lang="fr" source="md">Paysages -- 1800-1869</contenuImg>
            <contenuImg CS="1.0" lang="fr" source="md">Décoration et ornement architecturaux -- 1800-1869</contenuImg>
            <contenuImg CS="1.0" lang="fr" source="md">Motifs décoratifs -- 1800-1869</contenuImg>
            <titraille>Manufacture Dubuisson. Bordure. Une bande alternant des petits médaillons ronds ou carrés ornés de figures à l_antique et des personnages en coloris : papier peint</titraille>
          </ill>
        </ills>
      </page>
    </pages>
  </contenus>
</analyseAlto>