<analyseAlto>
  <metad>
    <type>I</type>
    <ID>btv1b69000248</ID>
    <titre>Manufacture Bon. Papier à motif répétitif. Motif répétitif à deux chemins, en quinconce : fleurs, végétaux, putti : papier peint</titre>
    <dateEdition>1799</dateEdition>
    <auteur>inconnu</auteur>
    <lang>fre</lang>
    <source>Bibliothèque nationale de France, département Estampes et photographie, EST LI-15</source>
    <sujet>Putti -- Fontaines -- Rinceaux -- Camaïeu, Peinture en -- Végétaux de fantaisie -- Motifs décoratifs -- 1789-1799</sujet>
    <descr>Appartient à l’ensemble documentaire : PaPeint18 -- Papier peint</descr>
    <format>inconnu</format>
    <couverture>inconnu</couverture>
    <largeurPx>6824</largeurPx>
    <hauteurPx>6384</hauteurPx>
    <ocr>false</ocr>
    <toc>false</toc>
    <caption>false</caption>
    <nbPage>1</nbPage>
  </metad>
  <contenus ocr="false" toc="false">
    <largeur>288</largeur>
    <hauteur>270</hauteur>
    <largeurPx>6824</largeurPx>
    <hauteurPx>6384</hauteurPx>
    <pages>
      <page ordre="1">
        <blocIll ocr="1">1</blocIll>
        <ills>
          <ill classif="CCgoogle" couleur="coul" h="6384" hash="9d999059099399bf" n="1-1" taille="20" w="6824" x="1" y="1">
            <contenuImg CS="0.78" lang="fr" source="google">conception</contenuImg>
            <contenuImg CS="0.79" h="3999" lang="fr" source="google" w="2242" x="1964.4" y="638.4">botanique</contenuImg>
            <contenuImg CS="0.93" h="3999" lang="fr" source="google" w="2242" x="1964.4" y="638.4">modèle motif</contenuImg>
            <contenuImg CS="0.93" h="3999" lang="fr" source="google" w="2242" x="1964.4" y="638.4">modèle</contenuImg>
            <contenuImg CS="0.81" h="3999" lang="fr" source="google" w="2242" x="1964.4" y="638.4">feuille</contenuImg>
            <contenuImg CS="0.79" h="3999" lang="fr" source="google" w="2242" x="1964.4" y="638.4">symétrie</contenuImg>
            <contenuImg CS="0.78" lang="fr" source="google">design</contenuImg>
            <contenuImg CS="0.75" lang="fr" source="google">ligne</contenuImg>
            <contenuImg CS="0.70" lang="fr" source="google">arts visuels</contenuImg>
            <contenuImg CS="0.69" lang="fr" source="google">plante</contenuImg>
            <contenuImg CS="0.66" lang="fr" source="google">art</contenuImg>
            <contenuImg CS="0.57" lang="fr" source="google">fond d'écran</contenuImg>
            <contenuImg CS="0.11" coul="1" lang="fr" source="google">bleu cadet</contenuImg>
            <contenuImg CS="0.82" coul="1" lang="fr" source="google">bleuet</contenuImg>
            <contenuImg CS="0.29" coul="1" lang="fr" source="google">bleu nuit</contenuImg>
            <contenuImg CS="0.27" coul="1" lang="fr" source="google">vert pâle</contenuImg>
            <contenuImg b="187" coul="1" g="166" r="140" source="colorific" type="bkg">#8ca6bb</contenuImg>
            <contenuImg b="52" coul="1" g="85" ordre="6" r="164" source="colorific" type="frg">#a45534</contenuImg>
            <contenuImg b="150" coul="1" g="145" ordre="5" r="141" source="colorific" type="frg">#8d9196</contenuImg>
            <contenuImg b="32" coul="1" g="50" ordre="4" r="78" source="colorific" type="frg">#4e3220</contenuImg>
            <contenuImg b="45" coul="1" g="46" ordre="3" r="28" source="colorific" type="frg">#1c2e2d</contenuImg>
            <contenuImg b="0" coul="1" g="0" ordre="2" r="0" source="colorific" type="frg">#000000</contenuImg>
            <contenuImg b="78" coul="1" g="73" ordre="1" r="55" source="colorific" type="frg">#37494e</contenuImg>
            <contenuImg CS="1.0" lang="en" source="md">decorative patterns - 1789-1799</contenuImg>
            <contenuImg CS="1.0" lang="en" source="md">fancy plants</contenuImg>
            <contenuImg CS="1.0" lang="en" source="md">camaïeu painting</contenuImg>
            <contenuImg CS="1.0" lang="en" source="md">scrollwork</contenuImg>
            <contenuImg CS="1.0" lang="en" source="md">fountains</contenuImg>
            <contenuImg CS="1.0" lang="en" source="md">putti</contenuImg>
            <contenuImg CS="0.27" coul="1" lang="en" source="google">palegreen</contenuImg>
            <contenuImg CS="0.29" coul="1" lang="en" source="google">midnightblue</contenuImg>
            <contenuImg CS="0.36" coul="1" lang="en" source="google">midnightblue</contenuImg>
            <contenuImg CS="0.82" coul="1" lang="en" source="google">cornflowerblue</contenuImg>
            <contenuImg CS="0.11" coul="1" lang="en" source="google">cadetblue</contenuImg>
            <contenuImg CS="1.13" coul="1" lang="en" source="google">cadetblue</contenuImg>
            <contenuImg CS="0.57" lang="en" source="google">Wallpaper</contenuImg>
            <contenuImg CS="0.66" lang="en" source="google">Art</contenuImg>
            <contenuImg CS="0.69" lang="en" source="google">Plant</contenuImg>
            <contenuImg CS="0.70" lang="en" source="google">Visual arts</contenuImg>
            <contenuImg CS="0.75" lang="en" source="google">Line</contenuImg>
            <contenuImg CS="0.78" lang="en" source="google">Design</contenuImg>
            <contenuImg CS="0.79" h="3999" lang="en" source="google" w="2242" x="1964.4" y="638.4">Symmetry</contenuImg>
            <contenuImg CS="0.79" h="3999" lang="en" source="google" w="2242" x="1964.4" y="638.4">Botany</contenuImg>
            <contenuImg CS="0.81" h="3999" lang="en" source="google" w="2242" x="1964.4" y="638.4">Leaf</contenuImg>
            <contenuImg CS="0.93" h="3999" lang="en" source="google" w="2242" x="1964.4" y="638.4">Pattern</contenuImg>
            <tech source="final">estampe/gravure</tech>
            <fonction source="md">papier-peint</fonction>
            <fonction source="final">papier-peint</fonction>
            <tech CS="1" source="hm">estampe/gravure</tech>
            <theme CS="1" source="md">0</theme>
            <contenuImg CS="1.0" lang="fr" source="md">Putti</contenuImg>
            <contenuImg CS="1.0" lang="fr" source="md">Fontaines</contenuImg>
            <contenuImg CS="1.0" lang="fr" source="md">Rinceaux</contenuImg>
            <contenuImg CS="1.0" lang="fr" source="md">Peinture en camaïeu</contenuImg>
            <contenuImg CS="1.0" lang="fr" source="md">Végétaux de fantaisie</contenuImg>
            <contenuImg CS="1.0" lang="fr" source="md">Motifs décoratifs -- 1789-1799</contenuImg>
            <titraille>Manufacture Bon. Papier à motif répétitif. Motif répétitif à deux chemins, en quinconce : fleurs, végétaux, putti : papier peint</titraille>
          </ill>
        </ills>
      </page>
    </pages>
  </contenus>
</analyseAlto>