<analyseAlto>
  <metad>
    <type>I</type>
    <ID>btv1b6901100h</ID>
    <titre>Bordure : papier peint</titre>
    <dateEdition>1799-1800</dateEdition>
    <auteur>inconnu</auteur>
    <lang>fre</lang>
    <source>Bibliothèque nationale de France, département Estampes et photographie, EST LI-20</source>
    <sujet>Frises -- Chevrons -- Végétaux stylisés -- Arceaux -- Motifs décoratifs</sujet>
    <descr>Appartient à l’ensemble documentaire : PaPeint18 -- Papier peint</descr>
    <format>inconnu</format>
    <couverture>inconnu</couverture>
    <largeurPx>5608</largeurPx>
    <hauteurPx>2704</hauteurPx>
    <ocr>false</ocr>
    <toc>false</toc>
    <caption>false</caption>
    <nbPage>1</nbPage>
  </metad>
  <contenus ocr="false" toc="false">
    <largeur>237</largeur>
    <hauteur>114</hauteur>
    <largeurPx>5608</largeurPx>
    <hauteurPx>2704</hauteurPx>
    <pages>
      <page ordre="1">
        <blocIll ocr="1">1</blocIll>
        <ills>
          <ill classif="CCgoogle" couleur="coul" h="2704" hash="fff60000ce02ccff" n="1-1" taille="7" w="5608" x="1" y="1">
            <contenuImg CS="0.79" h="3320" lang="fr" source="google" w="1862" x="2968.8" y="270.4">conception</contenuImg>
            <contenuImg CS="0.76" h="3320" lang="fr" source="google" w="1862" x="2968.8" y="270.4">textile</contenuImg>
            <contenuImg CS="0.50" lang="fr" source="google">motif</contenuImg>
            <contenuImg CS="0.57" lang="fr" source="google">modèle motif</contenuImg>
            <contenuImg CS="0.79" h="3320" lang="fr" source="google" w="1862" x="2968.8" y="270.4">design</contenuImg>
            <contenuImg CS="0.61" h="3320" lang="fr" source="google" w="1862" x="2968.8" y="270.4">dentelle</contenuImg>
            <contenuImg CS="0.57" lang="fr" source="google">modèle</contenuImg>
            <contenuImg CS="0.56" lang="fr" source="google">rectangle</contenuImg>
            <contenuImg CS="0.55" lang="fr" source="google">arts visuels</contenuImg>
            <contenuImg CS="0.52" lang="fr" source="google">style</contenuImg>
            <contenuImg CS="0.52" lang="fr" source="google">symétrie</contenuImg>
            <contenuImg CS="0.60" coul="1" lang="fr" source="google">vert cuivre</contenuImg>
            <contenuImg CS="0.42" coul="1" lang="fr" source="google">argent</contenuImg>
            <contenuImg CS="0.09" coul="1" lang="fr" source="google">noir</contenuImg>
            <contenuImg CS="0.47" coul="1" lang="fr" source="google">gris</contenuImg>
            <contenuImg CS="0.29" coul="1" lang="fr" source="google">chocolat à pâtisser</contenuImg>
            <contenuImg CS="0.27" coul="1" lang="fr" source="google">vieux rose</contenuImg>
            <contenuImg CS="0.25" coul="1" lang="fr" source="google">gris foncé</contenuImg>
            <contenuImg b="0" coul="1" g="0" r="0" source="colorific" type="bkg">#000000</contenuImg>
            <contenuImg b="54" coul="1" g="50" ordre="5" r="53" source="colorific" type="frg">#353236</contenuImg>
            <contenuImg b="255" coul="1" g="255" ordre="4" r="255" source="colorific" type="frg">#ffffff</contenuImg>
            <contenuImg b="44" coul="1" g="66" ordre="3" r="169" source="colorific" type="frg">#a9422c</contenuImg>
            <contenuImg b="103" coul="1" g="98" ordre="2" r="84" source="colorific" type="frg">#546267</contenuImg>
            <contenuImg b="101" coul="1" g="99" ordre="1" r="109" source="colorific" type="frg">#6d6365</contenuImg>
            <contenuImg CS="1.0" lang="en" source="md">decorative patterns</contenuImg>
            <contenuImg CS="1.0" lang="en" source="md">hoops</contenuImg>
            <contenuImg CS="1.0" lang="en" source="md">stylized plants</contenuImg>
            <contenuImg CS="1.0" lang="en" source="md">rafters</contenuImg>
            <contenuImg CS="1.0" lang="en" source="md">curly</contenuImg>
            <contenuImg CS="0.25" coul="1" lang="en" source="google">darkgray</contenuImg>
            <contenuImg CS="0.27" coul="1" lang="en" source="google">dustyrose</contenuImg>
            <contenuImg CS="0.29" coul="1" lang="en" source="google">bakerschocolate</contenuImg>
            <contenuImg CS="0.47" coul="1" lang="en" source="google">grey</contenuImg>
            <contenuImg CS="0.09" coul="1" lang="en" source="google">black</contenuImg>
            <contenuImg CS="0.42" coul="1" lang="en" source="google">silver</contenuImg>
            <contenuImg CS="0.60" coul="1" lang="en" source="google">greencopper</contenuImg>
            <contenuImg CS="1.16" coul="1" lang="en" source="google">black</contenuImg>
            <contenuImg CS="0.50" lang="en" source="google">Motif</contenuImg>
            <contenuImg CS="0.52" lang="en" source="google">Symmetry</contenuImg>
            <contenuImg CS="0.52" lang="en" source="google">Style</contenuImg>
            <contenuImg CS="0.55" lang="en" source="google">Visual arts</contenuImg>
            <contenuImg CS="0.56" lang="en" source="google">Rectangle</contenuImg>
            <contenuImg CS="0.57" lang="en" source="google">Pattern</contenuImg>
            <contenuImg CS="0.61" h="3320" lang="en" source="google" w="1862" x="2968.8" y="270.4">Lace</contenuImg>
            <contenuImg CS="0.76" h="3320" lang="en" source="google" w="1862" x="2968.8" y="270.4">Textile</contenuImg>
            <contenuImg CS="0.79" h="3320" lang="en" source="google" w="1862" x="2968.8" y="270.4">Design</contenuImg>
            <contenuImg CS="0.95" h="3320" lang="en" source="google" w="1862" x="2968.8" y="270.4">Pattern</contenuImg>
            <tech source="final">estampe/gravure</tech>
            <fonction source="md">papier-peint</fonction>
            <fonction source="final">papier-peint</fonction>
            <tech CS="1" source="hm">estampe/gravure</tech>
            <theme CS="1" source="md">0</theme>
            <contenuImg CS="1.0" lang="fr" source="md">Frises</contenuImg>
            <contenuImg CS="1.0" lang="fr" source="md">Chevrons</contenuImg>
            <contenuImg CS="1.0" lang="fr" source="md">Végétaux stylisés</contenuImg>
            <contenuImg CS="1.0" lang="fr" source="md">Arceaux</contenuImg>
            <contenuImg CS="1.0" lang="fr" source="md">Motifs décoratifs</contenuImg>
            <titraille>Bordure : papier peint</titraille>
          </ill>
        </ills>
      </page>
    </pages>
  </contenus>
</analyseAlto>