<analyseAlto>
  <metad>
    <type>I</type>
    <ID>btv1b69011119</ID>
    <titre>Papier à motif répétitif : papier peint</titre>
    <dateEdition>1799</dateEdition>
    <auteur>inconnu</auteur>
    <lang>fre</lang>
    <source>Bibliothèque nationale de France, département Estampes et photographie, EST LI-16</source>
    <sujet>Cercle -- Étoiles -- Rayures (ornements) -- Ornements géométriques -- Motifs décoratifs</sujet>
    <descr>Appartient à l’ensemble documentaire : PaPeint18 -- Papier peint</descr>
    <format>inconnu</format>
    <couverture>inconnu</couverture>
    <largeurPx>6024</largeurPx>
    <hauteurPx>5912</hauteurPx>
    <ocr>false</ocr>
    <toc>false</toc>
    <caption>false</caption>
    <nbPage>1</nbPage>
  </metad>
  <contenus ocr="false" toc="false">
    <largeur>255</largeur>
    <hauteur>250</hauteur>
    <largeurPx>6024</largeurPx>
    <hauteurPx>5912</hauteurPx>
    <pages>
      <page ordre="1">
        <blocIll ocr="1">1</blocIll>
        <ills>
          <ill classif="CCgoogle" couleur="coul" h="5912" hash="ab55e1c351aa55aa" n="1-1" taille="16" w="6024" x="1" y="1">
            <contenuImg CS="0.82" h="4194" lang="fr" source="google" w="2351" x="1457.4" y="591.2">conception</contenuImg>
            <contenuImg CS="0.63" lang="fr" source="google">dahlia (plante)</contenuImg>
            <contenuImg CS="0.74" lang="fr" source="google">modèle motif</contenuImg>
            <contenuImg CS="0.86" h="4194" lang="fr" source="google" w="2351" x="1457.4" y="591.2">symétrie</contenuImg>
            <contenuImg CS="0.82" h="4194" lang="fr" source="google" w="2351" x="1457.4" y="591.2">design</contenuImg>
            <contenuImg CS="0.77" h="4194" lang="fr" source="google" w="2351" x="1457.4" y="591.2">ligne</contenuImg>
            <contenuImg CS="0.74" lang="fr" source="google">modèle</contenuImg>
            <contenuImg CS="0.73" lang="fr" source="google">arts visuels</contenuImg>
            <contenuImg CS="0.69" lang="fr" source="google">cercle</contenuImg>
            <contenuImg CS="0.59" lang="fr" source="google">carré</contenuImg>
            <contenuImg CS="0.55" coul="1" lang="fr" source="google">beige</contenuImg>
            <contenuImg CS="0.95" coul="1" lang="fr" source="google">beige pâle</contenuImg>
            <contenuImg CS="0.50" coul="1" lang="fr" source="google">bleu nuit</contenuImg>
            <contenuImg CS="0.46" coul="1" lang="fr" source="google">feldspath</contenuImg>
            <contenuImg CS="0.43" coul="1" lang="fr" source="google">bronze</contenuImg>
            <contenuImg CS="0.00" coul="1" lang="fr" source="google">vert olive foncé</contenuImg>
            <contenuImg b="173" coul="1" g="197" r="210" source="colorific" type="bkg">#d2c5ad</contenuImg>
            <contenuImg b="0" coul="1" g="0" ordre="6" r="0" source="colorific" type="frg">#000000</contenuImg>
            <contenuImg b="107" coul="1" g="99" ordre="5" r="80" source="colorific" type="frg">#50636b</contenuImg>
            <contenuImg b="110" coul="1" g="121" ordre="4" r="117" source="colorific" type="frg">#75796e</contenuImg>
            <contenuImg b="34" coul="1" g="33" ordre="3" r="17" source="colorific" type="frg">#112122</contenuImg>
            <contenuImg b="112" coul="1" g="84" ordre="2" r="56" source="colorific" type="frg">#385470</contenuImg>
            <contenuImg b="97" coul="1" g="125" ordre="1" r="139" source="colorific" type="frg">#8b7d61</contenuImg>
            <contenuImg CS="1.0" lang="en" source="md">decorative patterns</contenuImg>
            <contenuImg CS="1.0" lang="en" source="md">geometric ornaments</contenuImg>
            <contenuImg CS="1.0" lang="en" source="md">stripes (ornaments)</contenuImg>
            <contenuImg CS="1.0" lang="en" source="md">stars</contenuImg>
            <contenuImg CS="1.0" lang="en" source="md">circle</contenuImg>
            <contenuImg CS="0.00" coul="1" lang="en" source="google">darkolivegreen</contenuImg>
            <contenuImg CS="0.43" coul="1" lang="en" source="google">bronze</contenuImg>
            <contenuImg CS="0.46" coul="1" lang="en" source="google">feldspar</contenuImg>
            <contenuImg CS="0.17" coul="1" lang="en" source="google">feldspar</contenuImg>
            <contenuImg CS="0.50" coul="1" lang="en" source="google">midnightblue</contenuImg>
            <contenuImg CS="0.95" coul="1" lang="en" source="google">newtan</contenuImg>
            <contenuImg CS="0.55" coul="1" lang="en" source="google">Beige</contenuImg>
            <contenuImg CS="0.59" lang="en" source="google">Square</contenuImg>
            <contenuImg CS="0.63" lang="en" source="google">Dahlia</contenuImg>
            <contenuImg CS="0.69" lang="en" source="google">Circle</contenuImg>
            <contenuImg CS="0.73" lang="en" source="google">Visual arts</contenuImg>
            <contenuImg CS="0.74" lang="en" source="google">Pattern</contenuImg>
            <contenuImg CS="0.77" h="4194" lang="en" source="google" w="2351" x="1457.4" y="591.2">Line</contenuImg>
            <contenuImg CS="0.82" h="4194" lang="en" source="google" w="2351" x="1457.4" y="591.2">Design</contenuImg>
            <contenuImg CS="0.86" h="4194" lang="en" source="google" w="2351" x="1457.4" y="591.2">Symmetry</contenuImg>
            <contenuImg CS="0.97" h="4194" lang="en" source="google" w="2351" x="1457.4" y="591.2">Pattern</contenuImg>
            <tech source="final">estampe/gravure</tech>
            <fonction source="md">papier-peint</fonction>
            <fonction source="final">papier-peint</fonction>
            <tech CS="1" source="hm">estampe/gravure</tech>
            <theme CS="1" source="md">0</theme>
            <contenuImg CS="1.0" lang="fr" source="md">Cercle</contenuImg>
            <contenuImg CS="1.0" lang="fr" source="md">Étoiles</contenuImg>
            <contenuImg CS="1.0" lang="fr" source="md">Rayures (ornements)</contenuImg>
            <contenuImg CS="1.0" lang="fr" source="md">Ornements géométriques</contenuImg>
            <contenuImg CS="1.0" lang="fr" source="md">Motifs décoratifs</contenuImg>
            <titraille>Papier à motif répétitif : papier peint</titraille>
          </ill>
        </ills>
      </page>
    </pages>
  </contenus>
</analyseAlto>