<analyseAlto>
  <metad>
    <type>I</type>
    <ID>btv1b6900077d</ID>
    <titre>Manufacture Bon. Papier à motif répétitif. Motif répétitif à deux chemins, raccord droit, de réseau de lignes végétales, enserrant vaces et coupes à l_antique : papier peint</titre>
    <dateEdition>1799</dateEdition>
    <auteur>inconnu</auteur>
    <lang>fre</lang>
    <source>Bibliothèque nationale de France, département Estampes et photographie, EST LI-20</source>
    <sujet>Roses -- Végétaux stylisés -- Objets usuels -- Style antique -- Pampres (ornement) -- Médaillons (ornement) -- Fleurs (ornement) -- Motifs décoratifs -- 1789-1799</sujet>
    <descr>Appartient à l’ensemble documentaire : PaPeint18 -- Papier peint</descr>
    <format>inconnu</format>
    <couverture>inconnu</couverture>
    <largeurPx>6904</largeurPx>
    <hauteurPx>6408</hauteurPx>
    <ocr>false</ocr>
    <toc>false</toc>
    <caption>false</caption>
    <nbPage>1</nbPage>
  </metad>
  <contenus ocr="false" toc="false">
    <largeur>292</largeur>
    <hauteur>271</hauteur>
    <largeurPx>6904</largeurPx>
    <hauteurPx>6408</hauteurPx>
    <pages>
      <page ordre="1">
        <blocIll ocr="1">1</blocIll>
        <ills>
          <ill classif="CCgoogle" couleur="coul" h="6408" hash="113333cccccced33" n="1-1" taille="20" w="6904" x="1" y="1">
            <contenuImg CS="0.53" h="3966" lang="fr" source="google" w="2223" x="1758.4" y="640.8">magenta</contenuImg>
            <contenuImg CS="0.62" h="3966" lang="fr" source="google" w="2223" x="1758.4" y="640.8">modèle motif</contenuImg>
            <contenuImg CS="0.62" h="3966" lang="fr" source="google" w="2223" x="1758.4" y="640.8">modèle</contenuImg>
            <contenuImg CS="0.58" h="3966" lang="fr" source="google" w="2223" x="1758.4" y="640.8">illustration</contenuImg>
            <contenuImg CS="0.53" h="3966" lang="fr" source="google" w="2223" x="1758.4" y="640.8">personnage fictif</contenuImg>
            <contenuImg CS="0.50" lang="fr" source="google">art</contenuImg>
            <contenuImg CS="2.98" coul="1" lang="fr" source="google">cuivre</contenuImg>
            <contenuImg CS="0.14" coul="1" lang="fr" source="google">noir</contenuImg>
            <contenuImg CS="0.30" coul="1" lang="fr" source="google">beige</contenuImg>
            <contenuImg CS="0.12" coul="1" lang="fr" source="google">brun foncé</contenuImg>
            <contenuImg CS="0.12" coul="1" lang="fr" source="google">bronze</contenuImg>
            <contenuImg CS="0.10" coul="1" lang="fr" source="google">feldspath</contenuImg>
            <contenuImg b="125" coul="1" g="186" r="206" source="colorific" type="bkg">#ceba7d</contenuImg>
            <contenuImg b="59" coul="1" g="92" ordre="6" r="198" source="colorific" type="frg">#c65c3b</contenuImg>
            <contenuImg b="78" coul="1" g="90" ordre="5" r="156" source="colorific" type="frg">#9c5a4e</contenuImg>
            <contenuImg b="121" coul="1" g="137" ordre="4" r="107" source="colorific" type="frg">#6b8979</contenuImg>
            <contenuImg b="136" coul="1" g="153" ordre="3" r="162" source="colorific" type="frg">#a29988</contenuImg>
            <contenuImg b="91" coul="1" g="92" ordre="2" r="82" source="colorific" type="frg">#525c5b</contenuImg>
            <contenuImg b="26" coul="1" g="22" ordre="1" r="38" source="colorific" type="frg">#26161a</contenuImg>
            <contenuImg CS="1.0" lang="en" source="md">decorative patterns - 1789-1799</contenuImg>
            <contenuImg CS="1.0" lang="en" source="md">flowers (ornament)</contenuImg>
            <contenuImg CS="1.0" lang="en" source="md">medallions (ornament)</contenuImg>
            <contenuImg CS="1.0" lang="en" source="md">vine branches (ornament)</contenuImg>
            <contenuImg CS="1.0" lang="en" source="md">usual objects - antique style</contenuImg>
            <contenuImg CS="1.0" lang="en" source="md">stylized plants</contenuImg>
            <contenuImg CS="1.0" lang="en" source="md">roses (flowers)</contenuImg>
            <contenuImg CS="0.10" coul="1" lang="en" source="google">feldspar</contenuImg>
            <contenuImg CS="0.12" coul="1" lang="en" source="google">bronze</contenuImg>
            <contenuImg CS="0.12" coul="1" lang="en" source="google">darktan</contenuImg>
            <contenuImg CS="0.30" coul="1" lang="en" source="google">tan</contenuImg>
            <contenuImg CS="0.03" coul="1" lang="en" source="google">feldspar</contenuImg>
            <contenuImg CS="0.14" coul="1" lang="en" source="google">black</contenuImg>
            <contenuImg CS="2.98" coul="1" lang="en" source="google">copper</contenuImg>
            <contenuImg CS="0.50" lang="en" source="google">Art</contenuImg>
            <contenuImg CS="0.53" h="3966" lang="en" source="google" w="2223" x="1758.4" y="640.8">Fictional character</contenuImg>
            <contenuImg CS="0.53" h="3966" lang="en" source="google" w="2223" x="1758.4" y="640.8">Magenta</contenuImg>
            <contenuImg CS="0.58" h="3966" lang="en" source="google" w="2223" x="1758.4" y="640.8">Illustration</contenuImg>
            <contenuImg CS="0.62" h="3966" lang="en" source="google" w="2223" x="1758.4" y="640.8">Pattern</contenuImg>
            <tech source="final">estampe/gravure</tech>
            <fonction source="md">papier-peint</fonction>
            <fonction source="final">papier-peint</fonction>
            <tech CS="1" source="hm">estampe/gravure</tech>
            <theme CS="1" source="md">0</theme>
            <contenuImg CS="1.0" lang="fr" source="md">Roses</contenuImg>
            <contenuImg CS="1.0" lang="fr" source="md">Végétaux stylisés</contenuImg>
            <contenuImg CS="1.0" lang="fr" source="md">Objets usuels -- Style antique</contenuImg>
            <contenuImg CS="1.0" lang="fr" source="md">Pampres (ornement)</contenuImg>
            <contenuImg CS="1.0" lang="fr" source="md">Médaillons (ornement)</contenuImg>
            <contenuImg CS="1.0" lang="fr" source="md">Fleurs (ornement)</contenuImg>
            <contenuImg CS="1.0" lang="fr" source="md">Motifs décoratifs -- 1789-1799</contenuImg>
            <titraille>Manufacture Bon. Papier à motif répétitif. Motif répétitif à deux chemins, raccord droit, de réseau de lignes végétales, enserrant vaces et coupes à l_antique : papier peint</titraille>
          </ill>
        </ills>
      </page>
    </pages>
  </contenus>
</analyseAlto>