<analyseAlto>
  <metad>
    <type>I</type>
    <ID>btv1b6901354r</ID>
    <titre>Bordure : papier peint</titre>
    <dateEdition>1799</dateEdition>
    <auteur>inconnu</auteur>
    <lang>fre</lang>
    <source>Bibliothèque nationale de France</source>
    <sujet>Frises -- Arceaux -- Rangs de perles (ornement) -- Motifs décoratifs</sujet>
    <descr>Appartient à l’ensemble documentaire : PaPeint18 -- Papier peint</descr>
    <format>inconnu</format>
    <couverture>inconnu</couverture>
    <largeurPx>6280</largeurPx>
    <hauteurPx>3208</hauteurPx>
    <ocr>false</ocr>
    <toc>false</toc>
    <nbPage>1</nbPage>
  </metad>
  <contenus ocr="false" toc="false">
    <largeur>265</largeur>
    <hauteur>135</hauteur>
    <largeurPx>6280</largeurPx>
    <hauteurPx>3208</hauteurPx>
    <pages>
      <page ordre="1">
        <blocIll ocr="1">1</blocIll>
        <ills>
          <ill classif="CCgoogle" couleur="coul" h="3208" hash="ff0000ffff0000ff" n="1-1" taille="9" w="6280" x="1" y="1">
            <contenuImg CS="0.83" h="3320" lang="fr" source="google" w="3325" x="1924" y="320.8">moulage</contenuImg>
            <contenuImg CS="0.54" lang="fr" source="google">ornement</contenuImg>
            <contenuImg CS="0.81" h="3320" lang="fr" source="google" w="3325" x="1924" y="320.8">modèle motif</contenuImg>
            <contenuImg CS="0.83" h="3320" lang="fr" source="google" w="3325" x="1924" y="320.8">architecture</contenuImg>
            <contenuImg CS="0.81" h="3320" lang="fr" source="google" w="3325" x="1924" y="320.8">modèle</contenuImg>
            <contenuImg CS="0.70" h="3320" lang="fr" source="google" w="3325" x="1924" y="320.8">sculpture</contenuImg>
            <contenuImg CS="0.68" lang="fr" source="google">symétrie</contenuImg>
            <contenuImg CS="0.59" lang="fr" source="google">façade</contenuImg>
            <contenuImg CS="1.80" coul="1" lang="fr" source="google">bronze</contenuImg>
            <contenuImg CS="0.88" coul="1" lang="fr" source="google">bois moyen</contenuImg>
            <contenuImg CS="0.51" coul="1" lang="fr" source="google">vert olive foncé</contenuImg>
            <contenuImg CS="0.40" coul="1" lang="fr" source="google">morceaux de chocolat</contenuImg>
            <contenuImg CS="0.35" coul="1" lang="fr" source="google">gris</contenuImg>
            <contenuImg CS="0.23" coul="1" lang="fr" source="google">gris foncé</contenuImg>
            <contenuImg CS="0.19" coul="1" lang="fr" source="google">vert foncé</contenuImg>
            <contenuImg b="158" coul="1" g="163" r="165" source="colorific" type="bkg">#a5a39e</contenuImg>
            <contenuImg b="63" coul="1" g="80" ordre="6" r="79" source="colorific" type="frg">#4f503f</contenuImg>
            <contenuImg b="29" coul="1" g="36" ordre="5" r="18" source="colorific" type="frg">#12241d</contenuImg>
            <contenuImg b="73" coul="1" g="69" ordre="4" r="37" source="colorific" type="frg">#254549</contenuImg>
            <contenuImg b="25" coul="1" g="66" ordre="3" r="82" source="colorific" type="frg">#524219</contenuImg>
            <contenuImg b="93" coul="1" g="91" ordre="2" r="103" source="colorific" type="frg">#675b5d</contenuImg>
            <contenuImg b="82" coul="1" g="129" ordre="1" r="149" source="colorific" type="frg">#958152</contenuImg>
            <contenuImg CS="1.0" lang="en" source="md">decorative patterns</contenuImg>
            <contenuImg CS="1.0" lang="en" source="md">rows of pearls (ornament)</contenuImg>
            <contenuImg CS="1.0" lang="en" source="md">hoops</contenuImg>
            <contenuImg CS="1.0" lang="en" source="md">curly</contenuImg>
            <contenuImg CS="0.19" coul="1" lang="en" source="google">darkgreen</contenuImg>
            <contenuImg CS="0.23" coul="1" lang="en" source="google">dimgrey</contenuImg>
            <contenuImg CS="0.35" coul="1" lang="en" source="google">gray</contenuImg>
            <contenuImg CS="0.40" coul="1" lang="en" source="google">semisweetchocolate</contenuImg>
            <contenuImg CS="0.51" coul="1" lang="en" source="google">darkolivegreen</contenuImg>
            <contenuImg CS="0.88" coul="1" lang="en" source="google">mediumwood</contenuImg>
            <contenuImg CS="1.80" coul="1" lang="en" source="google">bronze</contenuImg>
            <contenuImg CS="0.54" lang="en" source="google">Ornament</contenuImg>
            <contenuImg CS="0.59" lang="en" source="google">Facade</contenuImg>
            <contenuImg CS="0.68" lang="en" source="google">Symmetry</contenuImg>
            <contenuImg CS="0.70" h="3320" lang="en" source="google" w="3325" x="1924" y="320.8">Carving</contenuImg>
            <contenuImg CS="0.81" h="3320" lang="en" source="google" w="3325" x="1924" y="320.8">Pattern</contenuImg>
            <contenuImg CS="0.83" h="3320" lang="en" source="google" w="3325" x="1924" y="320.8">Architecture</contenuImg>
            <contenuImg CS="0.83" h="3320" lang="en" source="google" w="3325" x="1924" y="320.8">Molding</contenuImg>
            <tech source="final">estampe/gravure</tech>
            <fonction source="md">papier-peint</fonction>
            <fonction source="final">papier-peint</fonction>
            <tech CS="1" source="hm">estampe/gravure</tech>
            <theme CS="1" source="md">0</theme>
            <contenuImg CS="1.0" lang="fr" source="md">Frises</contenuImg>
            <contenuImg CS="1.0" lang="fr" source="md">Arceaux</contenuImg>
            <contenuImg CS="1.0" lang="fr" source="md">Rangs de perles (ornement)</contenuImg>
            <contenuImg CS="1.0" lang="fr" source="md">Motifs décoratifs</contenuImg>
            <titraille>Bordure : papier peint</titraille>
          </ill>
        </ills>
      </page>
    </pages>
  </contenus>
</analyseAlto>