<analyseAlto>
  <metad>
    <type>I</type>
    <ID>btv1b6900384k</ID>
    <titre>Manufacture Jacquemart et Bénard. Papier à motif répétitif. Motif répétitif en arabesque à un chemin alternant une scène mythologique (Artémis accompagnée d_un chien) et un oiseau entouré de végétaux de fantaisie : papier peint</titre>
    <dateEdition>1799</dateEdition>
    <auteur>inconnu</auteur>
    <lang>fre</lang>
    <source>Bibliothèque nationale de France, département Estampes et photographie, Lz-313 (03)-Tableau</source>
    <sujet>Diane (divinité romaine) -- Chien -- Treillages -- Acanthes -- Oiseaux -- Animaux -- Culots (architecture) -- Motifs en arabesque -- Végétaux de fantaisie -- Figures mythologiques -- 1789-1799</sujet>
    <descr>Appartient à l’ensemble documentaire : PaPeint18 -- Papier peint</descr>
    <format>inconnu</format>
    <couverture>inconnu</couverture>
    <largeurPx>7248</largeurPx>
    <hauteurPx>13576</hauteurPx>
    <ocr>false</ocr>
    <toc>false</toc>
    <caption>false</caption>
    <nbPage>1</nbPage>
  </metad>
  <contenus ocr="false" toc="false">
    <largeur>306</largeur>
    <hauteur>574</hauteur>
    <largeurPx>7248</largeurPx>
    <hauteurPx>13576</hauteurPx>
    <pages>
      <page ordre="1">
        <blocIll ocr="1">1</blocIll>
        <ills>
          <ill classif="CCgoogle" couleur="coul" h="13576" hash="ff85c1f78191c1c1" n="1-1" taille="45" w="7248" x="1" y="1">
            <contenuImg CS="0.68" lang="fr" source="google">textile</contenuImg>
            <contenuImg CS="0.71" lang="fr" source="google">modèle motif</contenuImg>
            <contenuImg CS="0.86" h="3040" lang="fr" source="google" w="2275" x="724.8" y="1998.6">arbre</contenuImg>
            <contenuImg CS="0.79" h="3040" lang="fr" source="google" w="2275" x="724.8" y="1998.6">branche</contenuImg>
            <contenuImg CS="0.73" h="3040" lang="fr" source="google" w="2275" x="724.8" y="1998.6">art</contenuImg>
            <contenuImg CS="0.72" h="3040" lang="fr" source="google" w="2275" x="724.8" y="1998.6">organisme</contenuImg>
            <contenuImg CS="0.71" lang="fr" source="google">modèle</contenuImg>
            <contenuImg CS="0.66" lang="fr" source="google">plante</contenuImg>
            <contenuImg CS="0.62" lang="fr" source="google">broderie</contenuImg>
            <contenuImg CS="0.57" lang="fr" source="google">pôle</contenuImg>
            <contenuImg CS="0.51" lang="fr" source="google">travaux d'aiguille</contenuImg>
            <contenuImg CS="1.13" coul="1" lang="fr" source="google">bleu cadet</contenuImg>
            <contenuImg CS="1.01" coul="1" lang="fr" source="google">vert foncé</contenuImg>
            <contenuImg CS="0.06" coul="1" lang="fr" source="google">brun foncé</contenuImg>
            <contenuImg CS="0.02" coul="1" lang="fr" source="google">gris ardoise foncé</contenuImg>
            <contenuImg CS="0.48" coul="1" lang="fr" source="google">noir</contenuImg>
            <contenuImg CS="0.36" coul="1" lang="fr" source="google">vert cuivre foncé</contenuImg>
            <contenuImg b="186" coul="1" g="167" r="134" source="colorific" type="bkg">#86a7ba</contenuImg>
            <contenuImg b="116" coul="1" g="127" ordre="5" r="144" source="colorific" type="frg">#907f74</contenuImg>
            <contenuImg b="38" coul="1" g="50" ordre="4" r="57" source="colorific" type="frg">#393226</contenuImg>
            <contenuImg b="117" coul="1" g="130" ordre="3" r="124" source="colorific" type="frg">#7c8275</contenuImg>
            <contenuImg b="45" coul="1" g="47" ordre="2" r="16" source="colorific" type="frg">#102f2d</contenuImg>
            <contenuImg b="108" coul="1" g="113" ordre="1" r="74" source="colorific" type="frg">#4a716c</contenuImg>
            <contenuImg CS="1.0" lang="en" source="md">Mythological figures - 1789-1799</contenuImg>
            <contenuImg CS="1.0" lang="en" source="md">fancy plants</contenuImg>
            <contenuImg CS="1.0" lang="en" source="md">arabesque-shaped patterns</contenuImg>
            <contenuImg CS="1.0" lang="en" source="md">culots (architecture)</contenuImg>
            <contenuImg CS="1.0" lang="en" source="md">animals</contenuImg>
            <contenuImg CS="1.0" lang="en" source="md">birds</contenuImg>
            <contenuImg CS="1.0" lang="en" source="md">acanthus</contenuImg>
            <contenuImg CS="1.0" lang="en" source="md">trellises</contenuImg>
            <contenuImg CS="1.0" lang="en" source="md">dog</contenuImg>
            <contenuImg CS="1.0" lang="en" source="md">Diane (Roman divinity)</contenuImg>
            <contenuImg CS="0.36" coul="1" lang="en" source="google">darkgreencopper</contenuImg>
            <contenuImg CS="0.48" coul="1" lang="en" source="google">black</contenuImg>
            <contenuImg CS="0.94" coul="1" lang="en" source="google">darkgreencopper</contenuImg>
            <contenuImg CS="0.02" coul="1" lang="en" source="google">darkslategrey</contenuImg>
            <contenuImg CS="0.06" coul="1" lang="en" source="google">darktan</contenuImg>
            <contenuImg CS="1.01" coul="1" lang="en" source="google">darkgreen</contenuImg>
            <contenuImg CS="1.13" coul="1" lang="en" source="google">cadetblue</contenuImg>
            <contenuImg CS="0.51" lang="en" source="google">Needlework</contenuImg>
            <contenuImg CS="0.57" lang="en" source="google">Pole</contenuImg>
            <contenuImg CS="0.62" lang="en" source="google">Embroidery</contenuImg>
            <contenuImg CS="0.66" lang="en" source="google">Plant</contenuImg>
            <contenuImg CS="0.68" lang="en" source="google">Textile</contenuImg>
            <contenuImg CS="0.71" lang="en" source="google">Pattern</contenuImg>
            <contenuImg CS="0.72" h="3040" lang="en" source="google" w="2275" x="724.8" y="1998.6">Organism</contenuImg>
            <contenuImg CS="0.73" h="3040" lang="en" source="google" w="2275" x="724.8" y="1998.6">Art</contenuImg>
            <contenuImg CS="0.79" h="3040" lang="en" source="google" w="2275" x="724.8" y="1998.6">Branch</contenuImg>
            <contenuImg CS="0.86" h="3040" lang="en" source="google" w="2275" x="724.8" y="1998.6">Tree</contenuImg>
            <tech source="final">estampe/gravure</tech>
            <fonction source="md">papier-peint</fonction>
            <fonction source="final">papier-peint</fonction>
            <tech CS="1" source="hm">estampe/gravure</tech>
            <theme CS="1" source="md">0</theme>
            <contenuImg CS="1.0" lang="fr" source="md">Diane (divinité romaine)</contenuImg>
            <contenuImg CS="1.0" lang="fr" source="md">Chien</contenuImg>
            <contenuImg CS="1.0" lang="fr" source="md">Treillages</contenuImg>
            <contenuImg CS="1.0" lang="fr" source="md">Acanthes</contenuImg>
            <contenuImg CS="1.0" lang="fr" source="md">Oiseaux</contenuImg>
            <contenuImg CS="1.0" lang="fr" source="md">Animaux</contenuImg>
            <contenuImg CS="1.0" lang="fr" source="md">Culots (architecture)</contenuImg>
            <contenuImg CS="1.0" lang="fr" source="md">Motifs en arabesque</contenuImg>
            <contenuImg CS="1.0" lang="fr" source="md">Végétaux de fantaisie</contenuImg>
            <contenuImg CS="1.0" lang="fr" source="md">Figures mythologiques -- 1789-1799</contenuImg>
            <titraille>Manufacture Jacquemart et Bénard. Papier à motif répétitif. Motif répétitif en arabesque à un chemin alternant une scène mythologique (Artémis accompagnée d_un chien) et un oiseau entouré de végétaux de fantaisie : papier peint</titraille>
          </ill>
        </ills>
      </page>
    </pages>
  </contenus>
</analyseAlto>