<analyseAlto>
  <metad>
    <type>I</type>
    <ID>btv1b6900640f</ID>
    <titre>Papier à motif répétitif : papier peint</titre>
    <dateEdition>1801</dateEdition>
    <auteur>inconnu</auteur>
    <lang>fre</lang>
    <source>Bibliothèque nationale de France, département Estampes et photographie, EST LZ-312 (6)</source>
    <sujet>Frises -- Caissons (architecture) -- Fruits -- Raisin -- Cerises -- Grenades -- Pêches (fruits) -- Étoiles -- Rosaces (architecture) -- Culots (architecture) -- Camaïeu, Peinture en -- Raie-de-coeur (ornement) -- Peignes (ornement) -- Torsades (ornement) -- Vases à l_antique -- Palmettes (ornement) -- Décoration et ornement architecturaux -- Motifs décoratifs</sujet>
    <descr>Appartient à l’ensemble documentaire : PaPeint18 -- Papier peint</descr>
    <format>inconnu</format>
    <couverture>inconnu</couverture>
    <largeurPx>6904</largeurPx>
    <hauteurPx>12952</hauteurPx>
    <ocr>false</ocr>
    <toc>false</toc>
    <caption>false</caption>
    <nbPage>1</nbPage>
  </metad>
  <contenus ocr="false" toc="false">
    <largeur>292</largeur>
    <hauteur>548</hauteur>
    <largeurPx>6904</largeurPx>
    <hauteurPx>12952</hauteurPx>
    <pages>
      <page ordre="1">
        <blocIll ocr="1">1</blocIll>
        <ills>
          <ill classif="CCgoogle" couleur="coul" h="12952" hash="8124e5efc1a564bd" n="1-1" taille="41" w="6904" x="1" y="1">
            <contenuImg CS="0.74" h="1282" lang="fr" source="google" w="2270" x="690.4" y="1722.2">conception</contenuImg>
            <contenuImg CS="0.66" h="1282" lang="fr" source="google" w="2270" x="690.4" y="1722.2">textile</contenuImg>
            <contenuImg CS="0.69" h="1282" lang="fr" source="google" w="2270" x="690.4" y="1722.2">porcelaine</contenuImg>
            <contenuImg CS="0.87" h="1282" lang="fr" source="google" w="2270" x="690.4" y="1722.2">modèle motif</contenuImg>
            <contenuImg CS="0.87" h="1282" lang="fr" source="google" w="2270" x="690.4" y="1722.2">modèle</contenuImg>
            <contenuImg CS="0.74" h="1282" lang="fr" source="google" w="2270" x="690.4" y="1722.2">design</contenuImg>
            <contenuImg CS="0.65" lang="fr" source="google">arts visuels</contenuImg>
            <contenuImg CS="0.64" lang="fr" source="google">symétrie</contenuImg>
            <contenuImg CS="0.54" lang="fr" source="google">céramique</contenuImg>
            <contenuImg CS="0.54" lang="fr" source="google">porcelaine bleue et blanche</contenuImg>
            <contenuImg CS="0.54" lang="fr" source="google">vaisselle</contenuImg>
            <contenuImg CS="0.50" lang="fr" source="google">art</contenuImg>
            <contenuImg CS="0.34" coul="1" lang="fr" source="google">beige pâle</contenuImg>
            <contenuImg CS="0.60" coul="1" lang="fr" source="google">feldspath</contenuImg>
            <contenuImg CS="0.27" coul="1" lang="fr" source="google">vert foncé</contenuImg>
            <contenuImg CS="0.27" coul="1" lang="fr" source="google">gris</contenuImg>
            <contenuImg b="73" coul="1" g="110" ordre="6" r="125" source="colorific" type="frg">#7d6e49</contenuImg>
            <contenuImg b="86" coul="1" g="73" ordre="5" r="64" source="colorific" type="frg">#404956</contenuImg>
            <contenuImg b="43" coul="1" g="51" ordre="4" r="35" source="colorific" type="frg">#23332b</contenuImg>
            <contenuImg b="49" coul="1" g="50" ordre="3" r="54" source="colorific" type="frg">#363231</contenuImg>
            <contenuImg b="172" coul="1" g="171" ordre="2" r="181" source="colorific" type="frg">#b5abac</contenuImg>
            <contenuImg b="139" coul="1" g="189" ordre="1" r="212" source="colorific" type="frg">#d4bd8b</contenuImg>
            <contenuImg CS="1.0" lang="en" source="md">decorative patterns</contenuImg>
            <contenuImg CS="1.0" lang="en" source="md">architectural decoration and ornament</contenuImg>
            <contenuImg CS="1.0" lang="en" source="md">palmettes (ornament)</contenuImg>
            <contenuImg CS="1.0" lang="en" source="md">vases in the antique</contenuImg>
            <contenuImg CS="1.0" lang="en" source="md">twists (ornament)</contenuImg>
            <contenuImg CS="1.0" lang="en" source="md">cmbs (ornament)</contenuImg>
            <contenuImg CS="1.0" lang="en" source="md">stripe-of-heart (ornament)</contenuImg>
            <contenuImg CS="1.0" lang="en" source="md">camaïeu painting</contenuImg>
            <contenuImg CS="1.0" lang="en" source="md">culots (architecture)</contenuImg>
            <contenuImg CS="1.0" lang="en" source="md">rosettes (architecture)</contenuImg>
            <contenuImg CS="1.0" lang="en" source="md">stars</contenuImg>
            <contenuImg CS="1.0" lang="en" source="md">peaches (fruits)</contenuImg>
            <contenuImg CS="1.0" lang="en" source="md">grenades (plants)</contenuImg>
            <contenuImg CS="1.0" lang="en" source="md">cherries (fruits)</contenuImg>
            <contenuImg CS="1.0" lang="en" source="md">grape (fruits)</contenuImg>
            <contenuImg CS="1.0" lang="en" source="md">fruits</contenuImg>
            <contenuImg CS="1.0" lang="en" source="md">coffered ceiling (architecture)</contenuImg>
            <contenuImg CS="1.0" lang="en" source="md">curly</contenuImg>
            <contenuImg CS="0.27" coul="1" lang="en" source="google">grey</contenuImg>
            <contenuImg CS="0.27" coul="1" lang="en" source="google">darkgreen</contenuImg>
            <contenuImg CS="0.34" coul="1" lang="en" source="google">darkgreen</contenuImg>
            <contenuImg CS="0.60" coul="1" lang="en" source="google">feldspar</contenuImg>
            <contenuImg CS="0.34" coul="1" lang="en" source="google">newtan</contenuImg>
            <contenuImg CS="1.29" coul="1" lang="en" source="google">newtan</contenuImg>
            <contenuImg CS="0.50" lang="en" source="google">Art</contenuImg>
            <contenuImg CS="0.54" lang="en" source="google">Tableware</contenuImg>
            <contenuImg CS="0.54" lang="en" source="google">Blue and white porcelain</contenuImg>
            <contenuImg CS="0.54" lang="en" source="google">Ceramic</contenuImg>
            <contenuImg CS="0.64" lang="en" source="google">Symmetry</contenuImg>
            <contenuImg CS="0.65" lang="en" source="google">Visual arts</contenuImg>
            <contenuImg CS="0.66" h="1282" lang="en" source="google" w="2270" x="690.4" y="1722.2">Textile</contenuImg>
            <contenuImg CS="0.69" h="1282" lang="en" source="google" w="2270" x="690.4" y="1722.2">Porcelain</contenuImg>
            <contenuImg CS="0.74" h="1282" lang="en" source="google" w="2270" x="690.4" y="1722.2">Design</contenuImg>
            <contenuImg CS="0.87" h="1282" lang="en" source="google" w="2270" x="690.4" y="1722.2">Pattern</contenuImg>
            <tech source="final">estampe/gravure</tech>
            <fonction source="md">papier-peint</fonction>
            <fonction source="final">papier-peint</fonction>
            <tech CS="1" source="hm">estampe/gravure</tech>
            <theme CS="1" source="md">0</theme>
            <contenuImg CS="1.0" lang="fr" source="md">Frises</contenuImg>
            <contenuImg CS="1.0" lang="fr" source="md">Caissons (architecture)</contenuImg>
            <contenuImg CS="1.0" lang="fr" source="md">Fruits</contenuImg>
            <contenuImg CS="1.0" lang="fr" source="md">Raisin</contenuImg>
            <contenuImg CS="1.0" lang="fr" source="md">Cerises</contenuImg>
            <contenuImg CS="1.0" lang="fr" source="md">Grenades</contenuImg>
            <contenuImg CS="1.0" lang="fr" source="md">Pêches (fruits)</contenuImg>
            <contenuImg CS="1.0" lang="fr" source="md">Étoiles</contenuImg>
            <contenuImg CS="1.0" lang="fr" source="md">Rosaces (architecture)</contenuImg>
            <contenuImg CS="1.0" lang="fr" source="md">Culots (architecture)</contenuImg>
            <contenuImg CS="1.0" lang="fr" source="md">Peinture en camaïeu</contenuImg>
            <contenuImg CS="1.0" lang="fr" source="md">Raie-de-coeur (ornement)</contenuImg>
            <contenuImg CS="1.0" lang="fr" source="md">Peignes (ornement)</contenuImg>
            <contenuImg CS="1.0" lang="fr" source="md">Torsades (ornement)</contenuImg>
            <contenuImg CS="1.0" lang="fr" source="md">Vases à l'antique</contenuImg>
            <contenuImg CS="1.0" lang="fr" source="md">Palmettes (ornement)</contenuImg>
            <contenuImg CS="1.0" lang="fr" source="md">Décoration et ornement architecturaux</contenuImg>
            <contenuImg CS="1.0" lang="fr" source="md">Motifs décoratifs</contenuImg>
            <titraille>Papier à motif répétitif : papier peint</titraille>
          </ill>
        </ills>
      </page>
    </pages>
  </contenus>
</analyseAlto>