<analyseAlto>
  <metad>
    <type>I</type>
    <ID>btv1b69011757</ID>
    <titre>Manufacture Hartmann Risler et Cie. Lambris à motifs en camaïeu bronzé dans des médaillons : papier peint</titre>
    <dateEdition>1800</dateEdition>
    <auteur>inconnu</auteur>
    <lang>fre</lang>
    <source>Bibliothèque nationale de France, département Estampes et photographie, Lz-313 (22)-Tableau</source>
    <sujet>Bacchus (divinité romaine) -- Lambris -- Frises -- Putti -- Amphores -- Raisin -- Fruits -- Termes (sculpture) -- Paniers -- Camaïeu, Peinture en -- Médaillons (ornement) -- Chutes (ornement) -- Faisceaux (symbole) -- Fleurs stylisées (ornement) -- Motifs décoratifs -- 1800-1869</sujet>
    <descr>Appartient à l’ensemble documentaire : PaPeint18 -- Papier peint</descr>
    <format>inconnu</format>
    <couverture>inconnu</couverture>
    <largeurPx>13752</largeurPx>
    <hauteurPx>7160</hauteurPx>
    <ocr>false</ocr>
    <toc>false</toc>
    <caption>false</caption>
    <nbPage>1</nbPage>
  </metad>
  <contenus ocr="false" toc="false">
    <largeur>582</largeur>
    <hauteur>303</hauteur>
    <largeurPx>13752</largeurPx>
    <hauteurPx>7160</hauteurPx>
    <pages>
      <page ordre="1">
        <blocIll ocr="1">1</blocIll>
        <ills>
          <ill classif="CCgoogle" couleur="coul" h="7160" hash="e5ffbe0000bcff00" n="1-1" taille="45" w="13752" x="1" y="1">
            <contenuImg CS="0.81" h="2223" lang="fr" source="google" w="2227" x="2396.2" y="716">art</contenuImg>
            <contenuImg CS="0.65" h="2223" lang="fr" source="google" w="2227" x="2396.2" y="716">architecture</contenuImg>
            <contenuImg CS="0.24" coul="1" lang="fr" source="google">gris ardoise foncé</contenuImg>
            <contenuImg CS="0.73" coul="1" lang="fr" source="google">bronze</contenuImg>
            <contenuImg CS="0.54" coul="1" lang="fr" source="google">noir</contenuImg>
            <contenuImg CS="0.15" coul="1" lang="fr" source="google">bois moyen</contenuImg>
            <contenuImg CS="0.13" coul="1" lang="fr" source="google">vert foncé</contenuImg>
            <contenuImg b="120" coul="1" g="90" ordre="6" r="54" source="colorific" type="frg">#365a78</contenuImg>
            <contenuImg b="63" coul="1" g="65" ordre="5" r="47" source="colorific" type="frg">#2f413f</contenuImg>
            <contenuImg b="45" coul="1" g="75" ordre="4" r="119" source="colorific" type="frg">#774b2d</contenuImg>
            <contenuImg b="137" coul="1" g="167" ordre="3" r="181" source="colorific" type="frg">#b5a789</contenuImg>
            <contenuImg b="61" coul="1" g="87" ordre="2" r="95" source="colorific" type="frg">#5f573d</contenuImg>
            <contenuImg b="28" coul="1" g="36" ordre="1" r="23" source="colorific" type="frg">#17241c</contenuImg>
            <contenuImg CS="1.0" lang="en" source="md">decorative patterns - 1800-1869</contenuImg>
            <contenuImg CS="1.0" lang="en" source="md">stylized flowers (ornament)</contenuImg>
            <contenuImg CS="1.0" lang="en" source="md">beams (symbol)</contenuImg>
            <contenuImg CS="1.0" lang="en" source="md">falls (ornament)</contenuImg>
            <contenuImg CS="1.0" lang="en" source="md">medallions (ornament)</contenuImg>
            <contenuImg CS="1.0" lang="en" source="md">camaïeu painting</contenuImg>
            <contenuImg CS="1.0" lang="en" source="md">baskets</contenuImg>
            <contenuImg CS="1.0" lang="en" source="md">terms (sculpture)</contenuImg>
            <contenuImg CS="1.0" lang="en" source="md">fruits</contenuImg>
            <contenuImg CS="1.0" lang="en" source="md">grape (fruits)</contenuImg>
            <contenuImg CS="1.0" lang="en" source="md">amphorae</contenuImg>
            <contenuImg CS="1.0" lang="en" source="md">putti</contenuImg>
            <contenuImg CS="1.0" lang="en" source="md">curly</contenuImg>
            <contenuImg CS="1.0" lang="en" source="md">paneling</contenuImg>
            <contenuImg CS="1.0" lang="en" source="md">Bacchus (Roman deity)</contenuImg>
            <contenuImg CS="0.13" coul="1" lang="en" source="google">darkgreen</contenuImg>
            <contenuImg CS="0.15" coul="1" lang="en" source="google">mediumwood</contenuImg>
            <contenuImg CS="0.54" coul="1" lang="en" source="google">black</contenuImg>
            <contenuImg CS="0.73" coul="1" lang="en" source="google">bronze</contenuImg>
            <contenuImg CS="1.00" coul="1" lang="en" source="google">darkgreen</contenuImg>
            <contenuImg CS="0.24" coul="1" lang="en" source="google">darkslategrey</contenuImg>
            <contenuImg CS="1.14" coul="1" lang="en" source="google">darkslategrey</contenuImg>
            <contenuImg CS="0.65" h="2223" lang="en" source="google" w="2227" x="2396.2" y="716">Architecture</contenuImg>
            <contenuImg CS="0.81" h="2223" lang="en" source="google" w="2227" x="2396.2" y="716">Art</contenuImg>
            <tech source="final">estampe/gravure</tech>
            <fonction source="md">papier-peint</fonction>
            <fonction source="final">papier-peint</fonction>
            <tech CS="1" source="hm">estampe/gravure</tech>
            <theme CS="1" source="md">0</theme>
            <contenuImg CS="1.0" lang="fr" source="md">Bacchus (divinité romaine)</contenuImg>
            <contenuImg CS="1.0" lang="fr" source="md">Lambris</contenuImg>
            <contenuImg CS="1.0" lang="fr" source="md">Frises</contenuImg>
            <contenuImg CS="1.0" lang="fr" source="md">Putti</contenuImg>
            <contenuImg CS="1.0" lang="fr" source="md">Amphores</contenuImg>
            <contenuImg CS="1.0" lang="fr" source="md">Raisin</contenuImg>
            <contenuImg CS="1.0" lang="fr" source="md">Fruits</contenuImg>
            <contenuImg CS="1.0" lang="fr" source="md">Termes (sculpture)</contenuImg>
            <contenuImg CS="1.0" lang="fr" source="md">Paniers</contenuImg>
            <contenuImg CS="1.0" lang="fr" source="md">Peinture en camaïeu</contenuImg>
            <contenuImg CS="1.0" lang="fr" source="md">Médaillons (ornement)</contenuImg>
            <contenuImg CS="1.0" lang="fr" source="md">Chutes (ornement)</contenuImg>
            <contenuImg CS="1.0" lang="fr" source="md">Faisceaux (symbole)</contenuImg>
            <contenuImg CS="1.0" lang="fr" source="md">Fleurs stylisées (ornement)</contenuImg>
            <contenuImg CS="1.0" lang="fr" source="md">Motifs décoratifs -- 1800-1869</contenuImg>
            <titraille>Manufacture Hartmann Risler et Cie. Lambris à motifs en camaïeu bronzé dans des médaillons : papier peint</titraille>
          </ill>
        </ills>
      </page>
    </pages>
  </contenus>
</analyseAlto>