<analyseAlto>
  <metad>
    <type>I</type>
    <ID>btv1b6901070t</ID>
    <titre>Papier à motif répétitif : papier peint</titre>
    <dateEdition>1799</dateEdition>
    <auteur>inconnu</auteur>
    <lang>fre</lang>
    <source>Bibliothèque nationale de France, département Estampes et photographie, EST LI-16</source>
    <sujet>Pêcheurs -- Putti -- Oiseaux -- Acanthes -- Roses -- Festons -- Rinceaux -- Camaïeu, Peinture en -- Fleurs stylisées (ornement) -- Scènes de genre -- Motifs décoratifs</sujet>
    <descr>Appartient à l’ensemble documentaire : PaPeint18 -- Papier peint</descr>
    <format>inconnu</format>
    <couverture>inconnu</couverture>
    <largeurPx>3728</largeurPx>
    <hauteurPx>6728</hauteurPx>
    <ocr>false</ocr>
    <toc>false</toc>
    <caption>false</caption>
    <nbPage>1</nbPage>
  </metad>
  <contenus ocr="false" toc="false">
    <largeur>157</largeur>
    <hauteur>284</hauteur>
    <largeurPx>3728</largeurPx>
    <hauteurPx>6728</hauteurPx>
    <pages>
      <page ordre="1">
        <blocIll ocr="1">1</blocIll>
        <ills>
          <ill classif="CCgoogle" couleur="coul" h="6728" hash="b4c18381dbb4e3e3" n="1-1" taille="11" w="3728" x="1" y="1">
            <contenuImg CS="0.70" lang="fr" source="google">textile</contenuImg>
            <contenuImg CS="0.85" h="2370" lang="fr" source="google" w="2365" x="372.8" y="1740.8">botanique</contenuImg>
            <contenuImg CS="0.57" lang="fr" source="google">plante vasculaire</contenuImg>
            <contenuImg CS="0.71" lang="fr" source="google">modèle motif</contenuImg>
            <contenuImg CS="0.76" h="2370" lang="fr" source="google" w="2365" x="372.8" y="1740.8">feuille</contenuImg>
            <contenuImg CS="0.75" h="2370" lang="fr" source="google" w="2365" x="372.8" y="1740.8">plante</contenuImg>
            <contenuImg CS="0.75" h="2370" lang="fr" source="google" w="2365" x="372.8" y="1740.8">arbre</contenuImg>
            <contenuImg CS="0.71" lang="fr" source="google">modèle</contenuImg>
            <contenuImg CS="0.91" coul="1" lang="fr" source="google">feldspath</contenuImg>
            <contenuImg CS="0.20" coul="1" lang="fr" source="google">vert olive foncé</contenuImg>
            <contenuImg CS="0.54" coul="1" lang="fr" source="google">vert foncé</contenuImg>
            <contenuImg CS="0.53" coul="1" lang="fr" source="google">rose</contenuImg>
            <contenuImg CS="0.29" coul="1" lang="fr" source="google">bleu clair</contenuImg>
            <contenuImg CS="0.25" coul="1" lang="fr" source="google">beige pâle</contenuImg>
            <contenuImg b="129" coul="1" g="180" r="196" source="colorific" type="bkg">#c4b481</contenuImg>
            <contenuImg b="16" coul="1" g="30" ordre="6" r="18" source="colorific" type="frg">#121e10</contenuImg>
            <contenuImg b="134" coul="1" g="126" ordre="5" r="113" source="colorific" type="frg">#717e86</contenuImg>
            <contenuImg b="101" coul="1" g="126" ordre="4" r="138" source="colorific" type="frg">#8a7e65</contenuImg>
            <contenuImg b="101" coul="1" g="104" ordre="3" r="113" source="colorific" type="frg">#716865</contenuImg>
            <contenuImg b="77" coul="1" g="113" ordre="2" r="100" source="colorific" type="frg">#64714d</contenuImg>
            <contenuImg b="50" coul="1" g="73" ordre="1" r="54" source="colorific" type="frg">#364932</contenuImg>
            <contenuImg CS="1.0" lang="en" source="md">decorative patterns</contenuImg>
            <contenuImg CS="1.0" lang="en" source="md">genre scenes</contenuImg>
            <contenuImg CS="1.0" lang="en" source="md">stylized flowers (ornament)</contenuImg>
            <contenuImg CS="1.0" lang="en" source="md">camaïeu painting</contenuImg>
            <contenuImg CS="1.0" lang="en" source="md">scrollwork</contenuImg>
            <contenuImg CS="1.0" lang="en" source="md">scallops</contenuImg>
            <contenuImg CS="1.0" lang="en" source="md">roses (flowers)</contenuImg>
            <contenuImg CS="1.0" lang="en" source="md">acanthus</contenuImg>
            <contenuImg CS="1.0" lang="en" source="md">birds</contenuImg>
            <contenuImg CS="1.0" lang="en" source="md">putti</contenuImg>
            <contenuImg CS="1.0" lang="en" source="md">fishermen</contenuImg>
            <contenuImg CS="0.25" coul="1" lang="en" source="google">newtan</contenuImg>
            <contenuImg CS="0.29" coul="1" lang="en" source="google">lightsteelblue</contenuImg>
            <contenuImg CS="0.53" coul="1" lang="en" source="google">pink</contenuImg>
            <contenuImg CS="0.54" coul="1" lang="en" source="google">darkgreen</contenuImg>
            <contenuImg CS="0.66" coul="1" lang="en" source="google">darkgreen</contenuImg>
            <contenuImg CS="0.20" coul="1" lang="en" source="google">darkolivegreen</contenuImg>
            <contenuImg CS="0.91" coul="1" lang="en" source="google">feldspar</contenuImg>
            <contenuImg CS="0.57" lang="en" source="google">Vascular plant</contenuImg>
            <contenuImg CS="0.70" lang="en" source="google">Textile</contenuImg>
            <contenuImg CS="0.71" lang="en" source="google">Pattern</contenuImg>
            <contenuImg CS="0.75" h="2370" lang="en" source="google" w="2365" x="372.8" y="1740.8">Tree</contenuImg>
            <contenuImg CS="0.75" h="2370" lang="en" source="google" w="2365" x="372.8" y="1740.8">Plant</contenuImg>
            <contenuImg CS="0.76" h="2370" lang="en" source="google" w="2365" x="372.8" y="1740.8">Leaf</contenuImg>
            <contenuImg CS="0.85" h="2370" lang="en" source="google" w="2365" x="372.8" y="1740.8">Botany</contenuImg>
            <tech source="final">estampe/gravure</tech>
            <fonction source="md">papier-peint</fonction>
            <fonction source="final">papier-peint</fonction>
            <tech CS="1" source="hm">estampe/gravure</tech>
            <theme CS="1" source="md">0</theme>
            <contenuImg CS="1.0" lang="fr" source="md">Pêcheurs</contenuImg>
            <contenuImg CS="1.0" lang="fr" source="md">Putti</contenuImg>
            <contenuImg CS="1.0" lang="fr" source="md">Oiseaux</contenuImg>
            <contenuImg CS="1.0" lang="fr" source="md">Acanthes</contenuImg>
            <contenuImg CS="1.0" lang="fr" source="md">Roses</contenuImg>
            <contenuImg CS="1.0" lang="fr" source="md">Festons</contenuImg>
            <contenuImg CS="1.0" lang="fr" source="md">Rinceaux</contenuImg>
            <contenuImg CS="1.0" lang="fr" source="md">Peinture en camaïeu</contenuImg>
            <contenuImg CS="1.0" lang="fr" source="md">Fleurs stylisées (ornement)</contenuImg>
            <contenuImg CS="1.0" lang="fr" source="md">Scènes de genre</contenuImg>
            <contenuImg CS="1.0" lang="fr" source="md">Motifs décoratifs</contenuImg>
            <titraille>Papier à motif répétitif : papier peint</titraille>
          </ill>
        </ills>
      </page>
    </pages>
  </contenus>
</analyseAlto>