<analyseAlto>
  <metad>
    <type>I</type>
    <ID>btv1b6900964w</ID>
    <titre>Manufacture Legrand. Lambris en trompe-l_oeil de balustrade. Partie basse de décor : papier peint</titre>
    <dateEdition>1799</dateEdition>
    <auteur>inconnu</auteur>
    <lang>fre</lang>
    <source>Bibliothèque nationale de France, département Estampes et photographie, EST LZ-312 (1)</source>
    <sujet>Balustrades -- Lyre -- Feuilles -- Frises -- Instruments de musique -- Trompe-l_oeil (ornement) -- Charmilles -- Rangs de perles (ornement) -- Raie-de-coeur (ornement) -- Motifs décoratifs -- 1789-1799</sujet>
    <descr>Appartient à l’ensemble documentaire : PaPeint18 -- Papier peint</descr>
    <format>inconnu</format>
    <couverture>inconnu</couverture>
    <largeurPx>10064</largeurPx>
    <hauteurPx>7176</hauteurPx>
    <ocr>false</ocr>
    <toc>false</toc>
    <caption>false</caption>
    <nbPage>1</nbPage>
  </metad>
  <contenus ocr="false" toc="false">
    <largeur>426</largeur>
    <hauteur>303</hauteur>
    <largeurPx>10064</largeurPx>
    <hauteurPx>7176</hauteurPx>
    <pages>
      <page ordre="1">
        <blocIll ocr="1">1</blocIll>
        <ills>
          <ill classif="CCgoogle" couleur="coul" h="7176" hash="fb424052dbda00ff" n="1-1" taille="33" w="10064" x="1" y="1">
            <contenuImg CS="0.66" h="3044" lang="fr" source="google" w="2284" x="1861.4" y="717.6">modèle motif</contenuImg>
            <contenuImg CS="0.70" h="3044" lang="fr" source="google" w="2284" x="1861.4" y="717.6">sculpture</contenuImg>
            <contenuImg CS="0.66" h="3044" lang="fr" source="google" w="2284" x="1861.4" y="717.6">modèle</contenuImg>
            <contenuImg CS="0.65" h="3044" lang="fr" source="google" w="2284" x="1861.4" y="717.6">architecture</contenuImg>
            <contenuImg CS="0.64" h="3044" lang="fr" source="google" w="2284" x="1861.4" y="717.6">sculpture sur pierre</contenuImg>
            <contenuImg CS="0.58" lang="fr" source="google">art</contenuImg>
            <contenuImg CS="0.57" lang="fr" source="google">balustre</contenuImg>
            <contenuImg CS="0.51" lang="fr" source="google">métal</contenuImg>
            <contenuImg CS="0.50" lang="fr" source="google">symétrie</contenuImg>
            <contenuImg CS="0.47" coul="1" lang="fr" source="google">vert cuivre foncé</contenuImg>
            <contenuImg CS="0.22" coul="1" lang="fr" source="google">noir</contenuImg>
            <contenuImg CS="0.20" coul="1" lang="fr" source="google">gris</contenuImg>
            <contenuImg CS="0.18" coul="1" lang="fr" source="google">vert foncé</contenuImg>
            <contenuImg CS="0.17" coul="1" lang="fr" source="google">bois clair</contenuImg>
            <contenuImg b="169" coul="1" g="180" ordre="6" r="197" source="colorific" type="frg">#c5b4a9</contenuImg>
            <contenuImg b="120" coul="1" g="134" ordre="5" r="104" source="colorific" type="frg">#688678</contenuImg>
            <contenuImg b="72" coul="1" g="91" ordre="4" r="125" source="colorific" type="frg">#7d5b48</contenuImg>
            <contenuImg b="28" coul="1" g="35" ordre="3" r="9" source="colorific" type="frg">#09231c</contenuImg>
            <contenuImg b="81" coul="1" g="86" ordre="2" r="137" source="colorific" type="frg">#895651</contenuImg>
            <contenuImg b="63" coul="1" g="67" ordre="1" r="37" source="colorific" type="frg">#25433f</contenuImg>
            <contenuImg CS="1.0" lang="en" source="md">decorative patterns - 1789-1799</contenuImg>
            <contenuImg CS="1.0" lang="en" source="md">stripe-of-heart (ornament)</contenuImg>
            <contenuImg CS="1.0" lang="en" source="md">rows of pearls (ornament)</contenuImg>
            <contenuImg CS="1.0" lang="en" source="md">charmilles (plants)</contenuImg>
            <contenuImg CS="1.0" lang="en" source="md">trompe-l'oeil (ornament)</contenuImg>
            <contenuImg CS="1.0" lang="en" source="md">musical instruments</contenuImg>
            <contenuImg CS="1.0" lang="en" source="md">curly</contenuImg>
            <contenuImg CS="1.0" lang="en" source="md">leaves (plants)</contenuImg>
            <contenuImg CS="1.0" lang="en" source="md">lyre</contenuImg>
            <contenuImg CS="1.0" lang="en" source="md">balustrades</contenuImg>
            <contenuImg CS="0.17" coul="1" lang="en" source="google">lightwood</contenuImg>
            <contenuImg CS="0.18" coul="1" lang="en" source="google">darkgreen</contenuImg>
            <contenuImg CS="0.20" coul="1" lang="en" source="google">grey</contenuImg>
            <contenuImg CS="0.22" coul="1" lang="en" source="google">black</contenuImg>
            <contenuImg CS="0.47" coul="1" lang="en" source="google">darkgreencopper</contenuImg>
            <contenuImg CS="1.03" coul="1" lang="en" source="google">black</contenuImg>
            <contenuImg CS="1.80" coul="1" lang="en" source="google">darkgreen</contenuImg>
            <contenuImg CS="0.50" lang="en" source="google">Symmetry</contenuImg>
            <contenuImg CS="0.51" lang="en" source="google">Metal</contenuImg>
            <contenuImg CS="0.57" lang="en" source="google">Baluster</contenuImg>
            <contenuImg CS="0.58" lang="en" source="google">Art</contenuImg>
            <contenuImg CS="0.64" h="3044" lang="en" source="google" w="2284" x="1861.4" y="717.6">Stone carving</contenuImg>
            <contenuImg CS="0.65" h="3044" lang="en" source="google" w="2284" x="1861.4" y="717.6">Architecture</contenuImg>
            <contenuImg CS="0.66" h="3044" lang="en" source="google" w="2284" x="1861.4" y="717.6">Pattern</contenuImg>
            <contenuImg CS="0.70" h="3044" lang="en" source="google" w="2284" x="1861.4" y="717.6">Carving</contenuImg>
            <tech source="final">estampe/gravure</tech>
            <fonction source="md">papier-peint</fonction>
            <fonction source="final">papier-peint</fonction>
            <tech CS="1" source="hm">estampe/gravure</tech>
            <theme CS="1" source="md">0</theme>
            <contenuImg CS="1.0" lang="fr" source="md">Balustrades</contenuImg>
            <contenuImg CS="1.0" lang="fr" source="md">Lyre</contenuImg>
            <contenuImg CS="1.0" lang="fr" source="md">Feuilles</contenuImg>
            <contenuImg CS="1.0" lang="fr" source="md">Frises</contenuImg>
            <contenuImg CS="1.0" lang="fr" source="md">Instruments de musique</contenuImg>
            <contenuImg CS="1.0" lang="fr" source="md">Trompe-l'oeil (ornement)</contenuImg>
            <contenuImg CS="1.0" lang="fr" source="md">Charmilles</contenuImg>
            <contenuImg CS="1.0" lang="fr" source="md">Rangs de perles (ornement)</contenuImg>
            <contenuImg CS="1.0" lang="fr" source="md">Raie-de-coeur (ornement)</contenuImg>
            <contenuImg CS="1.0" lang="fr" source="md">Motifs décoratifs -- 1789-1799</contenuImg>
            <titraille>Manufacture Legrand. Lambris en trompe-l_oeil de balustrade. Partie basse de décor : papier peint</titraille>
          </ill>
        </ills>
      </page>
    </pages>
  </contenus>
</analyseAlto>