<analyseAlto>
  <metad>
    <type>I</type>
    <ID>btv1b69006799</ID>
    <titre>Papier à motif répétitif : papier peint</titre>
    <dateEdition>1802</dateEdition>
    <auteur>inconnu</auteur>
    <lang>fre</lang>
    <source>Bibliothèque nationale de France</source>
    <sujet>Motifs en S -- Rosettes (ornement) -- Losanges (ornement) -- Fleurs stylisées (ornement) -- Motifs décoratifs</sujet>
    <descr>Appartient à l’ensemble documentaire : PaPeint18 -- Papier peint</descr>
    <format>inconnu</format>
    <couverture>inconnu</couverture>
    <largeurPx>6896</largeurPx>
    <hauteurPx>6248</hauteurPx>
    <ocr>false</ocr>
    <toc>false</toc>
    <nbPage>1</nbPage>
  </metad>
  <contenus ocr="false" toc="false">
    <largeur>291</largeur>
    <hauteur>264</hauteur>
    <largeurPx>6896</largeurPx>
    <hauteurPx>6248</hauteurPx>
    <pages>
      <page ordre="1">
        <blocIll ocr="1">1</blocIll>
        <ills>
          <ill classif="CCgoogle" couleur="coul" h="6248" hash="e70091e080f9e5ff" n="1-1" taille="19" w="6896" x="1" y="1">
            <contenuImg CS="0.76" h="3871" lang="fr" source="google" w="2166" x="1544.6" y="624.8">conception</contenuImg>
            <contenuImg CS="0.56" lang="fr" source="google">matériau naturel</contenuImg>
            <contenuImg CS="0.52" lang="fr" source="google">jeux</contenuImg>
            <contenuImg CS="0.88" h="3871" lang="fr" source="google" w="2166" x="1544.6" y="624.8">modèle motif</contenuImg>
            <contenuImg CS="0.68" coul="1" lang="fr" source="google">marron très foncé</contenuImg>
            <contenuImg CS="0.96" h="3871" lang="fr" source="google" w="2166" x="1544.6" y="624.8">plume</contenuImg>
            <contenuImg CS="0.88" h="3871" lang="fr" source="google" w="2166" x="1544.6" y="624.8">modèle</contenuImg>
            <contenuImg CS="0.76" h="3871" lang="fr" source="google" w="2166" x="1544.6" y="624.8">design</contenuImg>
            <contenuImg CS="0.68" coul="1" lang="fr" source="google">turquoise</contenuImg>
            <contenuImg CS="0.66" lang="fr" source="google">accessoire de mode</contenuImg>
            <contenuImg CS="0.58" lang="fr" source="google">illustration</contenuImg>
            <contenuImg CS="0.53" lang="fr" source="google">bijoux</contenuImg>
            <contenuImg CS="0.82" coul="1" lang="fr" source="google">morceaux de chocolat</contenuImg>
            <contenuImg CS="0.61" coul="1" lang="fr" source="google">vert cuivre foncé</contenuImg>
            <contenuImg CS="0.68" coul="1" lang="fr" source="google">verydarkbrown</contenuImg>
            <contenuImg CS="0.59" coul="1" lang="fr" source="google">chocolat à pâtisser</contenuImg>
            <contenuImg CS="0.28" coul="1" lang="fr" source="google">vert olive foncé</contenuImg>
            <contenuImg CS="0.23" coul="1" lang="fr" source="google">bronze</contenuImg>
            <contenuImg b="55" coul="1" g="89" r="119" source="colorific" type="bkg">#775937</contenuImg>
            <contenuImg b="0" coul="1" g="0" ordre="3" r="0" source="colorific" type="frg">#000000</contenuImg>
            <contenuImg b="29" coul="1" g="52" ordre="2" r="65" source="colorific" type="frg">#41341d</contenuImg>
            <contenuImg b="133" coul="1" g="140" ordre="1" r="96" source="colorific" type="frg">#608c85</contenuImg>
            <contenuImg CS="1.0" lang="en" source="md">decorative patterns</contenuImg>
            <contenuImg CS="1.0" lang="en" source="md">stylized flowers (ornament)</contenuImg>
            <contenuImg CS="1.0" lang="en" source="md">rhombuses (ornament)</contenuImg>
            <contenuImg CS="1.0" lang="en" source="md">rosettes (ornament)</contenuImg>
            <contenuImg CS="1.0" lang="en" source="md">S-shaped patterns</contenuImg>
            <contenuImg CS="0.23" coul="1" lang="en" source="google">bronze</contenuImg>
            <contenuImg CS="0.28" coul="1" lang="en" source="google">darkolivegreen</contenuImg>
            <contenuImg CS="0.59" coul="1" lang="en" source="google">bakerschocolate</contenuImg>
            <contenuImg CS="0.68" coul="1" lang="en" source="google">verydarkbrown</contenuImg>
            <contenuImg CS="0.61" coul="1" lang="en" source="google">darkgreencopper</contenuImg>
            <contenuImg CS="0.82" coul="1" lang="en" source="google">semisweetchocolate</contenuImg>
            <contenuImg CS="0.52" lang="en" source="google">Games</contenuImg>
            <contenuImg CS="0.53" lang="en" source="google">Jewellery</contenuImg>
            <contenuImg CS="0.56" lang="en" source="google">Natural material</contenuImg>
            <contenuImg CS="0.58" lang="en" source="google">Illustration</contenuImg>
            <contenuImg CS="0.66" lang="en" source="google">Fashion accessory</contenuImg>
            <contenuImg CS="0.68" coul="1" lang="en" source="google">Turquoise</contenuImg>
            <contenuImg CS="0.76" h="3871" lang="en" source="google" w="2166" x="1544.6" y="624.8">Design</contenuImg>
            <contenuImg CS="0.88" h="3871" lang="en" source="google" w="2166" x="1544.6" y="624.8">Pattern</contenuImg>
            <contenuImg CS="0.88" coul="1" h="3871" lang="en" source="google" w="2166" x="1544.6" y="624.8">Turquoise</contenuImg>
            <contenuImg CS="0.96" h="3871" lang="en" source="google" w="2166" x="1544.6" y="624.8">Feather</contenuImg>
            <tech source="final">estampe/gravure</tech>
            <fonction source="md">papier-peint</fonction>
            <fonction source="final">papier-peint</fonction>
            <tech CS="1" source="hm">estampe/gravure</tech>
            <theme CS="1" source="md">0</theme>
            <contenuImg CS="1.0" lang="fr" source="md">Motifs en S</contenuImg>
            <contenuImg CS="1.0" lang="fr" source="md">Rosettes (ornement)</contenuImg>
            <contenuImg CS="1.0" lang="fr" source="md">Losanges (ornement)</contenuImg>
            <contenuImg CS="1.0" lang="fr" source="md">Fleurs stylisées (ornement)</contenuImg>
            <contenuImg CS="1.0" lang="fr" source="md">Motifs décoratifs</contenuImg>
            <titraille>Papier à motif répétitif : papier peint</titraille>
          </ill>
        </ills>
      </page>
    </pages>
  </contenus>
</analyseAlto>