<analyseAlto>
  <metad>
    <type>I</type>
    <ID>btv1b69004415</ID>
    <titre>Manufacture Jacquemart et Bénard. Bordure. Deux bandes de frise principale en camaïeu de rosaces dans des médaillons : papier peint</titre>
    <dateEdition>1799</dateEdition>
    <auteur>inconnu</auteur>
    <lang>fre</lang>
    <source>Bibliothèque nationale de France</source>
    <sujet>Frises -- Rosaces (architecture) -- Camaïeu, Peinture en -- Rangs de perles (ornement) -- Fleurons (ornement) -- Peignes (ornement) -- Décoration et ornement architecturaux -- 1789-1799 -- Motifs décoratifs -- 1789-1799</sujet>
    <descr>Appartient à l’ensemble documentaire : PaPeint18 -- Papier peint</descr>
    <format>inconnu</format>
    <couverture>inconnu</couverture>
    <largeurPx>5576</largeurPx>
    <hauteurPx>5536</hauteurPx>
    <ocr>false</ocr>
    <toc>false</toc>
    <nbPage>1</nbPage>
  </metad>
  <contenus ocr="false" toc="false">
    <largeur>236</largeur>
    <hauteur>234</hauteur>
    <largeurPx>5576</largeurPx>
    <hauteurPx>5536</hauteurPx>
    <pages>
      <page ordre="1">
        <blocIll ocr="1">1</blocIll>
        <ills>
          <ill classif="CCgoogle" couleur="coul" h="5536" hash="ffa0fa00ff0000ff" n="1-1" taille="14" w="5576" x="1" y="1">
            <contenuImg CS="0.77" h="2417" lang="fr" source="google" w="4270" x="557.6" y="1184.6">conception</contenuImg>
            <contenuImg CS="0.58" h="2417" lang="fr" source="google" w="4270" x="557.6" y="1184.6">ornement</contenuImg>
            <contenuImg CS="0.92" h="2417" lang="fr" source="google" w="4270" x="557.6" y="1184.6">modèle motif</contenuImg>
            <contenuImg CS="0.92" h="2417" lang="fr" source="google" w="4270" x="557.6" y="1184.6">modèle</contenuImg>
            <contenuImg CS="0.77" h="2417" lang="fr" source="google" w="4270" x="557.6" y="1184.6">design</contenuImg>
            <contenuImg CS="0.59" h="2417" lang="fr" source="google" w="4270" x="557.6" y="1184.6">symétrie</contenuImg>
            <contenuImg CS="0.55" lang="fr" source="google">arts visuels</contenuImg>
            <contenuImg CS="0.56" coul="1" lang="fr" source="google">bronze</contenuImg>
            <contenuImg CS="0.33" coul="1" lang="fr" source="google">noir</contenuImg>
            <contenuImg CS="0.25" coul="1" lang="fr" source="google">vert foncé</contenuImg>
            <contenuImg CS="0.38" coul="1" lang="fr" source="google">beige pâle</contenuImg>
            <contenuImg CS="0.31" coul="1" lang="fr" source="google">vert cuivre foncé</contenuImg>
            <contenuImg b="157" coul="1" g="139" ordre="6" r="96" source="colorific" type="frg">#608b9d</contenuImg>
            <contenuImg b="60" coul="1" g="111" ordre="5" r="132" source="colorific" type="frg">#846f3c</contenuImg>
            <contenuImg b="45" coul="1" g="61" ordre="4" r="38" source="colorific" type="frg">#263d2d</contenuImg>
            <contenuImg b="0" coul="1" g="0" ordre="3" r="0" source="colorific" type="frg">#000000</contenuImg>
            <contenuImg b="84" coul="1" g="101" ordre="2" r="78" source="colorific" type="frg">#4e6554</contenuImg>
            <contenuImg b="123" coul="1" g="181" ordre="1" r="203" source="colorific" type="frg">#cbb57b</contenuImg>
            <contenuImg CS="1.0" lang="en" source="md">decorative patterns - 1789-1799</contenuImg>
            <contenuImg CS="1.0" lang="en" source="md">architectural decoration and ornament - 1789-1799</contenuImg>
            <contenuImg CS="1.0" lang="en" source="md">cmbs (ornament)</contenuImg>
            <contenuImg CS="1.0" lang="en" source="md">flowerets (ornament)</contenuImg>
            <contenuImg CS="1.0" lang="en" source="md">rows of pearls (ornament)</contenuImg>
            <contenuImg CS="1.0" lang="en" source="md">camaïeu painting</contenuImg>
            <contenuImg CS="1.0" lang="en" source="md">rosettes (architecture)</contenuImg>
            <contenuImg CS="1.0" lang="en" source="md">curly</contenuImg>
            <contenuImg CS="0.31" coul="1" lang="en" source="google">darkgreencopper</contenuImg>
            <contenuImg CS="0.38" coul="1" lang="en" source="google">newtan</contenuImg>
            <contenuImg CS="0.40" coul="1" lang="en" source="google">darkgreencopper</contenuImg>
            <contenuImg CS="0.25" coul="1" lang="en" source="google">darkgreen</contenuImg>
            <contenuImg CS="0.33" coul="1" lang="en" source="google">black</contenuImg>
            <contenuImg CS="0.47" coul="1" lang="en" source="google">newtan</contenuImg>
            <contenuImg CS="0.56" coul="1" lang="en" source="google">bronze</contenuImg>
            <contenuImg CS="0.55" lang="en" source="google">Visual arts</contenuImg>
            <contenuImg CS="0.58" h="2417" lang="en" source="google" w="4270" x="557.6" y="1184.6">Ornament</contenuImg>
            <contenuImg CS="0.59" h="2417" lang="en" source="google" w="4270" x="557.6" y="1184.6">Symmetry</contenuImg>
            <contenuImg CS="0.77" h="2417" lang="en" source="google" w="4270" x="557.6" y="1184.6">Design</contenuImg>
            <contenuImg CS="0.92" h="2417" lang="en" source="google" w="4270" x="557.6" y="1184.6">Pattern</contenuImg>
            <tech source="final">estampe/gravure</tech>
            <fonction source="md">papier-peint</fonction>
            <fonction source="final">papier-peint</fonction>
            <tech CS="1" source="hm">estampe/gravure</tech>
            <theme CS="1" source="md">0</theme>
            <contenuImg CS="1.0" lang="fr" source="md">Frises</contenuImg>
            <contenuImg CS="1.0" lang="fr" source="md">Rosaces (architecture)</contenuImg>
            <contenuImg CS="1.0" lang="fr" source="md">Peinture en camaïeu</contenuImg>
            <contenuImg CS="1.0" lang="fr" source="md">Rangs de perles (ornement)</contenuImg>
            <contenuImg CS="1.0" lang="fr" source="md">Fleurons (ornement)</contenuImg>
            <contenuImg CS="1.0" lang="fr" source="md">Peignes (ornement)</contenuImg>
            <contenuImg CS="1.0" lang="fr" source="md">Décoration et ornement architecturaux -- 1789-1799</contenuImg>
            <contenuImg CS="1.0" lang="fr" source="md">Motifs décoratifs -- 1789-1799</contenuImg>
            <titraille>Manufacture Jacquemart et Bénard. Bordure. Deux bandes de frise principale en camaïeu de rosaces dans des médaillons : papier peint</titraille>
          </ill>
        </ills>
      </page>
    </pages>
  </contenus>
</analyseAlto>