<analyseAlto>
  <metad>
    <type>I</type>
    <ID>btv1b6901197t</ID>
    <titre>Papier à motif répétitif : papier peint</titre>
    <dateEdition>1800</dateEdition>
    <auteur>inconnu</auteur>
    <lang>fre</lang>
    <source>Bibliothèque nationale de France, département Estampes et photographie, EST LI-18</source>
    <sujet>Feuilles -- Fleurs (ornement) -- Motifs décoratifs</sujet>
    <descr>Appartient à l’ensemble documentaire : PaPeint18 -- Papier peint</descr>
    <format>inconnu</format>
    <couverture>inconnu</couverture>
    <largeurPx>6656</largeurPx>
    <hauteurPx>7072</hauteurPx>
    <ocr>false</ocr>
    <toc>false</toc>
    <caption>false</caption>
    <nbPage>1</nbPage>
  </metad>
  <contenus ocr="false" toc="false">
    <largeur>281</largeur>
    <hauteur>299</hauteur>
    <largeurPx>6656</largeurPx>
    <hauteurPx>7072</hauteurPx>
    <pages>
      <page ordre="1">
        <blocIll ocr="1">1</blocIll>
        <ills>
          <ill classif="CCgoogle" couleur="coul" h="7072" hash="ffa38af7a5220831" n="1-1" taille="21" w="6656" x="1" y="1">
            <contenuImg CS="0.73" lang="fr" source="google">textile</contenuImg>
            <contenuImg CS="0.87" h="2270" lang="fr" source="google" w="4018" x="665.6" y="707.2">épinette du Colorado (arbre)</contenuImg>
            <contenuImg CS="0.83" lang="fr" source="google">botanique</contenuImg>
            <contenuImg CS="0.85" lang="fr" source="google">modèle motif</contenuImg>
            <contenuImg CS="0.76" lang="fr" source="google">pin de l'Oregon (arbre)</contenuImg>
            <contenuImg CS="0.89" h="2270" lang="fr" source="google" w="4018" x="665.6" y="707.2">plante</contenuImg>
            <contenuImg CS="0.86" h="2270" lang="fr" source="google" w="4018" x="665.6" y="707.2">fleur</contenuImg>
            <contenuImg CS="0.86" h="2270" lang="fr" source="google" w="4018" x="665.6" y="707.2">arbre</contenuImg>
            <contenuImg CS="0.85" lang="fr" source="google">modèle</contenuImg>
            <contenuImg CS="0.83" lang="fr" source="google">branche</contenuImg>
            <contenuImg CS="0.74" lang="fr" source="google">plante ligneuse</contenuImg>
            <contenuImg CS="1.28" coul="1" lang="fr" source="google">gris ardoise foncé</contenuImg>
            <contenuImg CS="0.73" coul="1" lang="fr" source="google">noir</contenuImg>
            <contenuImg CS="0.18" coul="1" lang="fr" source="google">vert olive foncé</contenuImg>
            <contenuImg CS="0.14" coul="1" lang="fr" source="google">marron foncé</contenuImg>
            <contenuImg CS="0.08" coul="1" lang="fr" source="google">vert foncé</contenuImg>
            <contenuImg b="64" coul="1" g="74" r="74" source="colorific" type="bkg">#4a4a40</contenuImg>
            <contenuImg b="0" coul="1" g="0" ordre="6" r="0" source="colorific" type="frg">#000000</contenuImg>
            <contenuImg b="47" coul="1" g="47" ordre="5" r="92" source="colorific" type="frg">#5c2f2f</contenuImg>
            <contenuImg b="96" coul="1" g="88" ordre="4" r="138" source="colorific" type="frg">#8a5860</contenuImg>
            <contenuImg b="102" coul="1" g="115" ordre="3" r="87" source="colorific" type="frg">#577366</contenuImg>
            <contenuImg b="30" coul="1" g="37" ordre="2" r="21" source="colorific" type="frg">#15251e</contenuImg>
            <contenuImg b="64" coul="1" g="67" ordre="1" r="38" source="colorific" type="frg">#264340</contenuImg>
            <contenuImg CS="1.0" lang="en" source="md">decorative patterns</contenuImg>
            <contenuImg CS="1.0" lang="en" source="md">flowers (ornament)</contenuImg>
            <contenuImg CS="1.0" lang="en" source="md">leaves (plants)</contenuImg>
            <contenuImg CS="0.08" coul="1" lang="en" source="google">darkgreen</contenuImg>
            <contenuImg CS="0.14" coul="1" lang="en" source="google">darkbrown</contenuImg>
            <contenuImg CS="0.18" coul="1" lang="en" source="google">darkolivegreen</contenuImg>
            <contenuImg CS="0.73" coul="1" lang="en" source="google">black</contenuImg>
            <contenuImg CS="0.76" coul="1" lang="en" source="google">darkgreen</contenuImg>
            <contenuImg CS="1.28" coul="1" lang="en" source="google">darkslategrey</contenuImg>
            <contenuImg CS="1.38" coul="1" lang="en" source="google">darkgreen</contenuImg>
            <contenuImg CS="0.73" lang="en" source="google">Textile</contenuImg>
            <contenuImg CS="0.74" lang="en" source="google">Woody plant</contenuImg>
            <contenuImg CS="0.76" lang="en" source="google">oregon pine</contenuImg>
            <contenuImg CS="0.83" lang="en" source="google">Botany</contenuImg>
            <contenuImg CS="0.83" lang="en" source="google">Branch</contenuImg>
            <contenuImg CS="0.85" lang="en" source="google">Pattern</contenuImg>
            <contenuImg CS="0.86" h="2270" lang="en" source="google" w="4018" x="665.6" y="707.2">Tree</contenuImg>
            <contenuImg CS="0.86" h="2270" lang="en" source="google" w="4018" x="665.6" y="707.2">Flower</contenuImg>
            <contenuImg CS="0.87" h="2270" lang="en" source="google" w="4018" x="665.6" y="707.2">Colorado spruce</contenuImg>
            <contenuImg CS="0.89" h="2270" lang="en" source="google" w="4018" x="665.6" y="707.2">Plant</contenuImg>
            <tech source="final">estampe/gravure</tech>
            <fonction source="md">papier-peint</fonction>
            <fonction source="final">papier-peint</fonction>
            <tech CS="1" source="hm">estampe/gravure</tech>
            <theme CS="1" source="md">0</theme>
            <contenuImg CS="1.0" lang="fr" source="md">Feuilles</contenuImg>
            <contenuImg CS="1.0" lang="fr" source="md">Fleurs (ornement)</contenuImg>
            <contenuImg CS="1.0" lang="fr" source="md">Motifs décoratifs</contenuImg>
            <titraille>Papier à motif répétitif : papier peint</titraille>
          </ill>
        </ills>
      </page>
    </pages>
  </contenus>
</analyseAlto>