<analyseAlto>
  <metad>
    <type>I</type>
    <ID>btv1b6901027t</ID>
    <titre>Bordure : papier peint</titre>
    <dateEdition>1803</dateEdition>
    <auteur>inconnu</auteur>
    <lang>fre</lang>
    <source>Bibliothèque nationale de France, département Estampes et photographie, EST LI-481</source>
    <sujet>Frises -- Feuilles stylisées (ornement) -- Fuseaux (ornement) -- Rangs de perles (ornement) -- Noeuds (ornement) -- Motifs décoratifs</sujet>
    <descr>Appartient à l’ensemble documentaire : PaPeint18 -- Papier peint</descr>
    <format>inconnu</format>
    <couverture>inconnu</couverture>
    <largeurPx>4440</largeurPx>
    <hauteurPx>1816</hauteurPx>
    <ocr>false</ocr>
    <toc>false</toc>
    <caption>false</caption>
    <nbPage>1</nbPage>
  </metad>
  <contenus ocr="false" toc="false">
    <largeur>187</largeur>
    <hauteur>76</hauteur>
    <largeurPx>4440</largeurPx>
    <hauteurPx>1816</hauteurPx>
    <pages>
      <page ordre="1">
        <blocIll ocr="1">1</blocIll>
        <ills>
          <ill classif="CCgoogle" couleur="coul" h="1816" hash="00b6b6b5ad6d01ee" n="1-1" taille="3" w="4440" x="1" y="1">
            <contenuImg CS="0.52" lang="fr" source="google">plante vasculaire</contenuImg>
            <contenuImg CS="0.68" coul="1" lang="fr" source="google">vert moyen</contenuImg>
            <contenuImg CS="0.97" h="3320" lang="fr" source="google" w="3325" x="2472" y="181.6">feuille</contenuImg>
            <contenuImg CS="0.66" h="3320" lang="fr" source="google" w="3325" x="2472" y="181.6">rectangle</contenuImg>
            <contenuImg CS="0.62" h="3320" lang="fr" source="google" w="3325" x="2472" y="181.6">plante</contenuImg>
            <contenuImg CS="0.55" h="3320" lang="fr" source="google" w="3325" x="2472" y="181.6">arts visuels</contenuImg>
            <contenuImg CS="0.05" coul="1" lang="fr" source="google">laiton</contenuImg>
            <contenuImg CS="0.26" coul="1" lang="fr" source="google">gerbe d'or (Solidago)</contenuImg>
            <contenuImg CS="0.15" coul="1" lang="fr" source="google">noir</contenuImg>
            <contenuImg CS="0.09" coul="1" lang="fr" source="google">terre de sienne</contenuImg>
            <contenuImg CS="0.05" coul="1" lang="fr" source="google">morceaux de chocolat</contenuImg>
            <contenuImg b="0" coul="1" g="0" r="0" source="colorific" type="bkg">#000000</contenuImg>
            <contenuImg b="76" coul="1" g="137" ordre="5" r="143" source="colorific" type="frg">#8f894c</contenuImg>
            <contenuImg b="31" coul="1" g="51" ordre="4" r="50" source="colorific" type="frg">#32331f</contenuImg>
            <contenuImg b="30" coul="1" g="116" ordre="3" r="163" source="colorific" type="frg">#a3741e</contenuImg>
            <contenuImg b="7" coul="1" g="20" ordre="2" r="52" source="colorific" type="frg">#341407</contenuImg>
            <contenuImg b="117" coul="1" g="206" ordre="1" r="217" source="colorific" type="frg">#d9ce75</contenuImg>
            <contenuImg CS="1.0" lang="en" source="md">decorative patterns</contenuImg>
            <contenuImg CS="1.0" lang="en" source="md">knots (ornament)</contenuImg>
            <contenuImg CS="1.0" lang="en" source="md">rows of pearls (ornament)</contenuImg>
            <contenuImg CS="1.0" lang="en" source="md">spindles (ornament)</contenuImg>
            <contenuImg CS="1.0" lang="en" source="md">stylized leaves (ornament)</contenuImg>
            <contenuImg CS="1.0" lang="en" source="md">curly</contenuImg>
            <contenuImg CS="0.05" coul="1" lang="en" source="google">semisweetchocolate</contenuImg>
            <contenuImg CS="0.09" coul="1" lang="en" source="google">sienna</contenuImg>
            <contenuImg CS="0.15" coul="1" lang="en" source="google">black</contenuImg>
            <contenuImg CS="0.26" coul="1" lang="en" source="google">goldenrod</contenuImg>
            <contenuImg CS="0.68" coul="1" lang="en" source="google">mediumforestgreen</contenuImg>
            <contenuImg CS="0.05" coul="1" lang="en" source="google">brass</contenuImg>
            <contenuImg CS="0.20" coul="1" lang="en" source="google">black</contenuImg>
            <contenuImg CS="3.09" coul="1" lang="en" source="google">goldenrod</contenuImg>
            <contenuImg CS="0.52" lang="en" source="google">Vascular plant</contenuImg>
            <contenuImg CS="0.55" h="3320" lang="en" source="google" w="3325" x="2472" y="181.6">Visual arts</contenuImg>
            <contenuImg CS="0.62" h="3320" lang="en" source="google" w="3325" x="2472" y="181.6">Plant</contenuImg>
            <contenuImg CS="0.66" h="3320" lang="en" source="google" w="3325" x="2472" y="181.6">Rectangle</contenuImg>
            <contenuImg CS="0.97" h="3320" lang="en" source="google" w="3325" x="2472" y="181.6">Leaf</contenuImg>
            <tech source="final">estampe/gravure</tech>
            <fonction source="md">papier-peint</fonction>
            <fonction source="final">papier-peint</fonction>
            <tech CS="1" source="hm">estampe/gravure</tech>
            <theme CS="1" source="md">0</theme>
            <contenuImg CS="1.0" lang="fr" source="md">Frises</contenuImg>
            <contenuImg CS="1.0" lang="fr" source="md">Feuilles stylisées (ornement)</contenuImg>
            <contenuImg CS="1.0" lang="fr" source="md">Fuseaux (ornement)</contenuImg>
            <contenuImg CS="1.0" lang="fr" source="md">Rangs de perles (ornement)</contenuImg>
            <contenuImg CS="1.0" lang="fr" source="md">Noeuds (ornement)</contenuImg>
            <contenuImg CS="1.0" lang="fr" source="md">Motifs décoratifs</contenuImg>
            <titraille>Bordure : papier peint</titraille>
          </ill>
        </ills>
      </page>
    </pages>
  </contenus>
</analyseAlto>