<analyseAlto>
  <metad>
    <type>I</type>
    <ID>btv1b69003976</ID>
    <titre>Manufacture Jacquemart et Bénard. Bordure. Une bande de frise principale d_arceaux à palmettes, entre deux petites frises : papier peint</titre>
    <dateEdition>1799</dateEdition>
    <auteur>inconnu</auteur>
    <lang>fre</lang>
    <source>Bibliothèque nationale de France</source>
    <sujet>Frises -- Végétaux de fantaisie -- Feuilles stylisées (ornement) -- Arceaux -- Motifs décoratifs -- 1789-1799</sujet>
    <descr>Appartient à l’ensemble documentaire : PaPeint18 -- Papier peint</descr>
    <format>inconnu</format>
    <couverture>inconnu</couverture>
    <largeurPx>6624</largeurPx>
    <hauteurPx>3413</hauteurPx>
    <ocr>false</ocr>
    <toc>false</toc>
    <nbPage>4</nbPage>
  </metad>
  <contenus ocr="false" toc="false">
    <largeur>280</largeur>
    <hauteur>144</hauteur>
    <largeurPx>6624</largeurPx>
    <hauteurPx>3413</hauteurPx>
    <pages>
      <page ordre="1">
        <blocIll ocr="1">1</blocIll>
        <ills>
          <ill classif="CCgoogle" couleur="coul" h="3413" hash="000042dbffffff00" n="1-1" taille="10" w="6624" x="1" y="1">
            <contenuImg CS="0.72" h="3320" lang="fr" source="google" w="1862" x="2918.4" y="341.3">textile</contenuImg>
            <contenuImg CS="0.53" lang="fr" source="google">art floral</contenuImg>
            <contenuImg CS="0.78" h="3320" lang="fr" source="google" w="1862" x="2918.4" y="341.3">modèle motif</contenuImg>
            <contenuImg CS="0.08" coul="1" lang="fr" source="google">vert de mer</contenuImg>
            <contenuImg CS="0.90" h="3320" lang="fr" source="google" w="1862" x="2918.4" y="341.3">feuille</contenuImg>
            <contenuImg CS="0.86" coul="1" h="3320" lang="fr" source="google" w="1862" x="2918.4" y="341.3">marron</contenuImg>
            <contenuImg CS="0.78" h="3320" lang="fr" source="google" w="1862" x="2918.4" y="341.3">modèle</contenuImg>
            <contenuImg CS="0.63" lang="fr" source="google">broderie</contenuImg>
            <contenuImg CS="0.59" lang="fr" source="google">arts visuels</contenuImg>
            <contenuImg CS="0.59" lang="fr" source="google">plante</contenuImg>
            <contenuImg CS="0.58" lang="fr" source="google">art</contenuImg>
            <contenuImg CS="0.55" lang="fr" source="google">travaux d'aiguille</contenuImg>
            <contenuImg CS="1.55" coul="1" lang="fr" source="google">argent</contenuImg>
            <contenuImg CS="1.02" coul="1" lang="fr" source="google">vert cuivre foncé</contenuImg>
            <contenuImg CS="0.32" coul="1" lang="fr" source="google">gris</contenuImg>
            <contenuImg CS="0.25" coul="1" lang="fr" source="google">noir</contenuImg>
            <contenuImg CS="0.06" coul="1" lang="fr" source="google">vert foncé</contenuImg>
            <contenuImg b="16" coul="1" g="30" r="42" source="colorific" type="bkg">#2a1e10</contenuImg>
            <contenuImg b="0" coul="1" g="0" ordre="4" r="0" source="colorific" type="frg">#000000</contenuImg>
            <contenuImg b="76" coul="1" g="84" ordre="3" r="45" source="colorific" type="frg">#2d544c</contenuImg>
            <contenuImg b="255" coul="1" g="255" ordre="2" r="255" source="colorific" type="frg">#ffffff</contenuImg>
            <contenuImg b="94" coul="1" g="98" ordre="1" r="106" source="colorific" type="frg">#6a625e</contenuImg>
            <contenuImg CS="1.0" lang="en" source="md">decorative patterns - 1789-1799</contenuImg>
            <contenuImg CS="1.0" lang="en" source="md">hoops</contenuImg>
            <contenuImg CS="1.0" lang="en" source="md">stylized leaves (ornament)</contenuImg>
            <contenuImg CS="1.0" lang="en" source="md">fancy plants</contenuImg>
            <contenuImg CS="1.0" lang="en" source="md">curly</contenuImg>
            <contenuImg CS="0.06" coul="1" lang="en" source="google">darkgreen</contenuImg>
            <contenuImg CS="0.25" coul="1" lang="en" source="google">black</contenuImg>
            <contenuImg CS="0.32" coul="1" lang="en" source="google">gray</contenuImg>
            <contenuImg CS="1.02" coul="1" lang="en" source="google">darkgreencopper</contenuImg>
            <contenuImg CS="1.41" coul="1" lang="en" source="google">darkgreen</contenuImg>
            <contenuImg CS="0.08" coul="1" lang="en" source="google">seagreen</contenuImg>
            <contenuImg CS="1.55" coul="1" lang="en" source="google">silver</contenuImg>
            <contenuImg CS="0.53" lang="en" source="google">Floral design</contenuImg>
            <contenuImg CS="0.55" lang="en" source="google">Needlework</contenuImg>
            <contenuImg CS="0.58" lang="en" source="google">Art</contenuImg>
            <contenuImg CS="0.59" lang="en" source="google">Plant</contenuImg>
            <contenuImg CS="0.59" lang="en" source="google">Visual arts</contenuImg>
            <contenuImg CS="0.63" lang="en" source="google">Embroidery</contenuImg>
            <contenuImg CS="0.72" h="3320" lang="en" source="google" w="1862" x="2918.4" y="341.3">Textile</contenuImg>
            <contenuImg CS="0.78" h="3320" lang="en" source="google" w="1862" x="2918.4" y="341.3">Pattern</contenuImg>
            <contenuImg CS="0.86" coul="1" h="3320" lang="en" source="google" w="1862" x="2918.4" y="341.3">Brown</contenuImg>
            <contenuImg CS="0.90" h="3320" lang="en" source="google" w="1862" x="2918.4" y="341.3">Leaf</contenuImg>
            <tech source="final">estampe/gravure</tech>
            <fonction source="md">papier-peint</fonction>
            <fonction source="final">papier-peint</fonction>
            <tech CS="1" source="hm">estampe/gravure</tech>
            <theme CS="1" source="md">0</theme>
            <contenuImg CS="1.0" lang="fr" source="md">Frises</contenuImg>
            <contenuImg CS="1.0" lang="fr" source="md">Végétaux de fantaisie</contenuImg>
            <contenuImg CS="1.0" lang="fr" source="md">Feuilles stylisées (ornement)</contenuImg>
            <contenuImg CS="1.0" lang="fr" source="md">Arceaux</contenuImg>
            <contenuImg CS="1.0" lang="fr" source="md">Motifs décoratifs -- 1789-1799</contenuImg>
            <titraille>Manufacture Jacquemart et Bénard. Bordure. Une bande de frise principale d_arceaux à palmettes, entre deux petites frises : papier peint</titraille>
          </ill>
        </ills>
      </page>
      <page ordre="2">
        <blocIll ocr="1">1</blocIll>
        <ills>
          <ill classif="CCgoogle" couleur="coul" h="2900" hash="01f148dbffdf4900" n="2-1" taille="10" w="6624" x="1" y="1">
            <contenuImg CS="0.73" h="3320" lang="fr" source="google" w="1857" x="6400.4" y="290">conception</contenuImg>
            <contenuImg CS="0.73" lang="fr" source="google">textile</contenuImg>
            <contenuImg CS="0.54" lang="fr" source="google">modèle motif</contenuImg>
            <contenuImg CS="0.23" coul="1" lang="fr" source="google">vert de mer</contenuImg>
            <contenuImg CS="0.97" coul="1" h="3320" lang="fr" source="google" w="1857" x="6400.4" y="290">vert</contenuImg>
            <contenuImg CS="0.90" h="3320" lang="fr" source="google" w="1857" x="6400.4" y="290">feuille</contenuImg>
            <contenuImg CS="0.73" h="3320" lang="fr" source="google" w="1857" x="6400.4" y="290">design</contenuImg>
            <contenuImg CS="0.62" lang="fr" source="google">arts visuels</contenuImg>
            <contenuImg CS="0.62" lang="fr" source="google">plante</contenuImg>
            <contenuImg CS="0.56" lang="fr" source="google">symétrie</contenuImg>
            <contenuImg CS="0.54" lang="fr" source="google">modèle</contenuImg>
            <contenuImg CS="0.51" lang="fr" source="google">broderie</contenuImg>
            <contenuImg CS="0.34" coul="1" lang="fr" source="google">gris ardoise foncé</contenuImg>
            <contenuImg CS="0.88" coul="1" lang="fr" source="google">vert foncé</contenuImg>
            <contenuImg CS="0.30" coul="1" lang="fr" source="google">gris foncé</contenuImg>
            <contenuImg b="55" coul="1" g="75" r="63" source="colorific" type="bkg">#3f4b37</contenuImg>
            <contenuImg b="0" coul="1" g="0" ordre="5" r="0" source="colorific" type="frg">#000000</contenuImg>
            <contenuImg b="92" coul="1" g="93" ordre="4" r="104" source="colorific" type="frg">#685d5c</contenuImg>
            <contenuImg b="104" coul="1" g="134" ordre="3" r="80" source="colorific" type="frg">#508668</contenuImg>
            <contenuImg b="255" coul="1" g="255" ordre="2" r="255" source="colorific" type="frg">#ffffff</contenuImg>
            <contenuImg b="125" coul="1" g="136" ordre="1" r="130" source="colorific" type="frg">#82887d</contenuImg>
            <contenuImg CS="1.0" lang="en" source="md">decorative patterns - 1789-1799</contenuImg>
            <contenuImg CS="1.0" lang="en" source="md">hoops</contenuImg>
            <contenuImg CS="1.0" lang="en" source="md">stylized leaves (ornament)</contenuImg>
            <contenuImg CS="1.0" lang="en" source="md">fancy plants</contenuImg>
            <contenuImg CS="1.0" lang="en" source="md">curly</contenuImg>
            <contenuImg CS="0.30" coul="1" lang="en" source="google">darkgray</contenuImg>
            <contenuImg CS="0.88" coul="1" lang="en" source="google">darkgreen</contenuImg>
            <contenuImg CS="0.23" coul="1" lang="en" source="google">seagreen</contenuImg>
            <contenuImg CS="0.34" coul="1" lang="en" source="google">darkslategrey</contenuImg>
            <contenuImg CS="1.94" coul="1" lang="en" source="google">darkgreen</contenuImg>
            <contenuImg CS="0.51" lang="en" source="google">Embroidery</contenuImg>
            <contenuImg CS="0.54" lang="en" source="google">Pattern</contenuImg>
            <contenuImg CS="0.56" lang="en" source="google">Symmetry</contenuImg>
            <contenuImg CS="0.62" lang="en" source="google">Plant</contenuImg>
            <contenuImg CS="0.62" lang="en" source="google">Visual arts</contenuImg>
            <contenuImg CS="0.73" lang="en" source="google">Textile</contenuImg>
            <contenuImg CS="0.73" h="3320" lang="en" source="google" w="1857" x="6400.4" y="290">Design</contenuImg>
            <contenuImg CS="0.86" h="3320" lang="en" source="google" w="1857" x="6400.4" y="290">Pattern</contenuImg>
            <contenuImg CS="0.90" h="3320" lang="en" source="google" w="1857" x="6400.4" y="290">Leaf</contenuImg>
            <contenuImg CS="0.97" coul="1" h="3320" lang="en" source="google" w="1857" x="6400.4" y="290">Green</contenuImg>
            <tech source="final">estampe/gravure</tech>
            <fonction source="md">papier-peint</fonction>
            <fonction source="final">papier-peint</fonction>
            <tech CS="1" source="hm">estampe/gravure</tech>
            <theme CS="1" source="md">0</theme>
            <contenuImg CS="1.0" lang="fr" source="md">Frises</contenuImg>
            <contenuImg CS="1.0" lang="fr" source="md">Végétaux de fantaisie</contenuImg>
            <contenuImg CS="1.0" lang="fr" source="md">Feuilles stylisées (ornement)</contenuImg>
            <contenuImg CS="1.0" lang="fr" source="md">Arceaux</contenuImg>
            <contenuImg CS="1.0" lang="fr" source="md">Motifs décoratifs -- 1789-1799</contenuImg>
            <titraille>Manufacture Jacquemart et Bénard. Bordure. Une bande de frise principale d_arceaux à palmettes, entre deux petites frises : papier peint</titraille>
          </ill>
        </ills>
      </page>
      <page ordre="3">
        <blocIll ocr="1">1</blocIll>
        <ills>
          <ill classif="CCgoogle" couleur="coul" h="3408" hash="ffc0ffcd4d4c4800" n="3-1" taille="10" w="5624" x="1" y="1">
            <contenuImg CS="0.68" h="3320" lang="fr" source="google" w="2493" x="2205.4" y="340.8">modèle motif</contenuImg>
            <contenuImg CS="0.12" coul="1" lang="fr" source="google">vert de mer</contenuImg>
            <contenuImg CS="0.97" h="3320" lang="fr" source="google" w="2493" x="2205.4" y="340.8">feuille</contenuImg>
            <contenuImg CS="0.69" h="3320" lang="fr" source="google" w="2493" x="2205.4" y="340.8">plante</contenuImg>
            <contenuImg CS="0.69" h="3320" lang="fr" source="google" w="2493" x="2205.4" y="340.8">arbre</contenuImg>
            <contenuImg CS="0.68" h="3320" lang="fr" source="google" w="2493" x="2205.4" y="340.8">modèle</contenuImg>
            <contenuImg CS="0.55" lang="fr" source="google">arts visuels</contenuImg>
            <contenuImg CS="0.54" coul="1" lang="fr" source="google">beige pâle</contenuImg>
            <contenuImg CS="0.41" coul="1" lang="fr" source="google">noir</contenuImg>
            <contenuImg CS="0.22" coul="1" lang="fr" source="google">bois clair</contenuImg>
            <contenuImg CS="0.40" coul="1" lang="fr" source="google">gris ardoise foncé</contenuImg>
            <contenuImg CS="0.39" coul="1" lang="fr" source="google">vert foncé</contenuImg>
            <contenuImg b="143" coul="1" g="178" r="241" source="colorific" type="bkg">#f1b28f</contenuImg>
            <contenuImg b="75" coul="1" g="87" ordre="6" r="58" source="colorific" type="frg">#3a574b</contenuImg>
            <contenuImg b="167" coul="1" g="181" ordre="5" r="197" source="colorific" type="frg">#c5b5a7</contenuImg>
            <contenuImg b="0" coul="1" g="0" ordre="4" r="0" source="colorific" type="frg">#000000</contenuImg>
            <contenuImg b="107" coul="1" g="102" ordre="3" r="142" source="colorific" type="frg">#8e666b</contenuImg>
            <contenuImg b="98" coul="1" g="127" ordre="2" r="73" source="colorific" type="frg">#497f62</contenuImg>
            <contenuImg b="255" coul="1" g="255" ordre="1" r="255" source="colorific" type="frg">#ffffff</contenuImg>
            <contenuImg CS="1.0" lang="en" source="md">decorative patterns - 1789-1799</contenuImg>
            <contenuImg CS="1.0" lang="en" source="md">hoops</contenuImg>
            <contenuImg CS="1.0" lang="en" source="md">stylized leaves (ornament)</contenuImg>
            <contenuImg CS="1.0" lang="en" source="md">fancy plants</contenuImg>
            <contenuImg CS="1.0" lang="en" source="md">curly</contenuImg>
            <contenuImg CS="0.39" coul="1" lang="en" source="google">darkgreen</contenuImg>
            <contenuImg CS="0.40" coul="1" lang="en" source="google">darkslategrey</contenuImg>
            <contenuImg CS="0.12" coul="1" lang="en" source="google">seagreen</contenuImg>
            <contenuImg CS="0.17" coul="1" lang="en" source="google">darkslategrey</contenuImg>
            <contenuImg CS="0.22" coul="1" lang="en" source="google">lightwood</contenuImg>
            <contenuImg CS="0.41" coul="1" lang="en" source="google">black</contenuImg>
            <contenuImg CS="0.54" coul="1" lang="en" source="google">newtan</contenuImg>
            <contenuImg CS="0.55" lang="en" source="google">Visual arts</contenuImg>
            <contenuImg CS="0.68" h="3320" lang="en" source="google" w="2493" x="2205.4" y="340.8">Pattern</contenuImg>
            <contenuImg CS="0.69" h="3320" lang="en" source="google" w="2493" x="2205.4" y="340.8">Tree</contenuImg>
            <contenuImg CS="0.69" h="3320" lang="en" source="google" w="2493" x="2205.4" y="340.8">Plant</contenuImg>
            <contenuImg CS="0.97" h="3320" lang="en" source="google" w="2493" x="2205.4" y="340.8">Leaf</contenuImg>
            <tech source="final">estampe/gravure</tech>
            <fonction source="md">papier-peint</fonction>
            <fonction source="final">papier-peint</fonction>
            <tech CS="1" source="hm">estampe/gravure</tech>
            <theme CS="1" source="md">0</theme>
            <contenuImg CS="1.0" lang="fr" source="md">Frises</contenuImg>
            <contenuImg CS="1.0" lang="fr" source="md">Végétaux de fantaisie</contenuImg>
            <contenuImg CS="1.0" lang="fr" source="md">Feuilles stylisées (ornement)</contenuImg>
            <contenuImg CS="1.0" lang="fr" source="md">Arceaux</contenuImg>
            <contenuImg CS="1.0" lang="fr" source="md">Motifs décoratifs -- 1789-1799</contenuImg>
            <titraille>Manufacture Jacquemart et Bénard. Bordure. Une bande de frise principale d_arceaux à palmettes, entre deux petites frises : papier peint</titraille>
          </ill>
        </ills>
      </page>
      <page ordre="4">
        <blocIll ocr="1">1</blocIll>
        <ills>
          <ill classif="CCgoogle" couleur="coul" h="3360" hash="0000ff4dededff00" n="4-1" taille="10" w="5632" x="1" y="1">
            <contenuImg CS="0.96" h="2869" lang="fr" source="google" w="2872" x="1766.2" y="336">feuille</contenuImg>
            <contenuImg CS="0.69" h="2869" lang="fr" source="google" w="2872" x="1766.2" y="336">arbre</contenuImg>
            <contenuImg CS="0.59" h="2869" lang="fr" source="google" w="2872" x="1766.2" y="336">plante</contenuImg>
            <contenuImg CS="0.08" b="198" coul="1" g="199" lang="fr" r="193" source="google">gris clair</contenuImg>
            <contenuImg CS="0.01" b="93" coul="1" g="77" lang="fr" r="145" source="google">bois clair</contenuImg>
            <contenuImg CS="0.54" b="40" coul="1" g="83" lang="fr" r="213" source="google">cuivre</contenuImg>
            <contenuImg CS="0.19" b="152" coul="1" g="129" lang="fr" r="42" source="google">bleu acier</contenuImg>
            <contenuImg CS="0.19" b="152" coul="1" g="129" lang="en" r="42" source="google">steelblue</contenuImg>
            <contenuImg CS="0.22" b="61" coul="1" g="80" r="208" source="google">#d0503d</contenuImg>
            <contenuImg CS="0.33" b="177" coul="1" g="119" lang="en" r="26" source="google">steelblue</contenuImg>
            <contenuImg CS="0.41" b="50" coul="1" g="86" r="182" source="google">#b65632</contenuImg>
            <contenuImg CS="0.54" b="40" coul="1" g="83" lang="en" r="213" source="google">copper</contenuImg>
            <contenuImg CS="0.01" b="93" coul="1" g="77" lang="en" r="145" source="google">lightwood</contenuImg>
            <contenuImg CS="0.01" b="5" coul="1" g="75" r="255" source="google">#ff4b05</contenuImg>
            <contenuImg CS="0.08" b="198" coul="1" g="199" lang="en" r="193" source="google">lightgray</contenuImg>
            <contenuImg CS="0.58" b="171" coul="1" g="124" lang="en" r="11" source="google">steelblue</contenuImg>
            <contenuImg CS="1.13" b="39" coul="1" g="88" lang="en" r="190" source="google">copper</contenuImg>
            <contenuImg CS="0.59" h="2869" lang="en" source="google" w="2872" x="1766.2" y="336">Plant</contenuImg>
            <contenuImg CS="0.69" h="2869" lang="en" source="google" w="2872" x="1766.2" y="336">Tree</contenuImg>
            <contenuImg CS="0.96" h="2869" lang="en" source="google" w="2872" x="1766.2" y="336">Leaf</contenuImg>
            <contenuImg b="169" coul="1" g="119" r="66" source="colorific" type="bkg">#4277a9</contenuImg>
            <contenuImg b="170" coul="1" g="148" ordre="5" r="124" source="colorific" type="frg">#7c94aa</contenuImg>
            <contenuImg b="0" coul="1" g="0" ordre="4" r="0" source="colorific" type="frg">#000000</contenuImg>
            <contenuImg b="117" coul="1" g="112" ordre="3" r="136" source="colorific" type="frg">#887075</contenuImg>
            <contenuImg b="43" coul="1" g="79" ordre="2" r="146" source="colorific" type="frg">#924f2b</contenuImg>
            <contenuImg b="255" coul="1" g="255" ordre="1" r="255" source="colorific" type="frg">#ffffff</contenuImg>
            <contenuImg CS="1.0" lang="en" source="md">decorative patterns - 1789-1799</contenuImg>
            <contenuImg CS="1.0" lang="en" source="md">hoops</contenuImg>
            <contenuImg CS="1.0" lang="en" source="md">stylized leaves (ornament)</contenuImg>
            <contenuImg CS="1.0" lang="en" source="md">fancy plants</contenuImg>
            <contenuImg CS="1.0" lang="en" source="md">curly</contenuImg>
            <tech source="final">estampe/gravure</tech>
            <fonction source="md">papier-peint</fonction>
            <fonction source="final">papier-peint</fonction>
            <tech CS="1" source="hm">estampe/gravure</tech>
            <theme CS="1" source="md">0</theme>
            <contenuImg CS="1.0" lang="fr" source="md">Frises</contenuImg>
            <contenuImg CS="1.0" lang="fr" source="md">Végétaux de fantaisie</contenuImg>
            <contenuImg CS="1.0" lang="fr" source="md">Feuilles stylisées (ornement)</contenuImg>
            <contenuImg CS="1.0" lang="fr" source="md">Arceaux</contenuImg>
            <contenuImg CS="1.0" lang="fr" source="md">Motifs décoratifs -- 1789-1799</contenuImg>
            <titraille>Manufacture Jacquemart et Bénard. Bordure. Une bande de frise principale d_arceaux à palmettes, entre deux petites frises : papier peint</titraille>
          </ill>
        </ills>
      </page>
    </pages>
  </contenus>
</analyseAlto>