<analyseAlto>
  <metad>
    <type>I</type>
    <ID>btv1b6901571z</ID>
    <titre>Bordure : papier peint</titre>
    <dateEdition>1799</dateEdition>
    <auteur>inconnu</auteur>
    <lang>fre</lang>
    <source>Bibliothèque nationale de France</source>
    <sujet>Frises -- Ornements géométriques -- Couronnes (coiffures) -- Motifs de fantaisie -- Arceaux -- Dents-de-loup (ornement) -- Losanges (ornement) -- Motifs décoratifs</sujet>
    <descr>Appartient à l’ensemble documentaire : PaPeint18 -- Papier peint</descr>
    <format>inconnu</format>
    <couverture>inconnu</couverture>
    <largeurPx>7664</largeurPx>
    <hauteurPx>2792</hauteurPx>
    <ocr>false</ocr>
    <toc>false</toc>
    <nbPage>1</nbPage>
  </metad>
  <contenus ocr="false" toc="false">
    <largeur>324</largeur>
    <hauteur>118</hauteur>
    <largeurPx>7664</largeurPx>
    <hauteurPx>2792</hauteurPx>
    <pages>
      <page ordre="1">
        <blocIll ocr="1">1</blocIll>
        <ills>
          <ill classif="CCgoogle" couleur="coul" h="2792" hash="ff00ffe1ffb10000" n="1-1" taille="9" w="7664" x="1" y="1">
            <contenuImg CS="0.73" h="2973" lang="fr" source="google" w="1667" x="4418.4" y="279.2">conception</contenuImg>
            <contenuImg CS="0.80" h="2973" lang="fr" source="google" w="1667" x="4418.4" y="279.2">modèle motif</contenuImg>
            <contenuImg CS="0.25" coul="1" lang="fr" source="google">bleu acier</contenuImg>
            <contenuImg CS="0.80" h="2973" lang="fr" source="google" w="1667" x="4418.4" y="279.2">modèle</contenuImg>
            <contenuImg CS="0.73" h="2973" lang="fr" source="google" w="1667" x="4418.4" y="279.2">design</contenuImg>
            <contenuImg CS="0.69" h="2973" lang="fr" source="google" w="1667" x="4418.4" y="279.2">police de caractère</contenuImg>
            <contenuImg CS="0.59" h="2973" lang="fr" source="google" w="1667" x="4418.4" y="279.2">arts visuels</contenuImg>
            <contenuImg CS="0.56" lang="fr" source="google">rectangle</contenuImg>
            <contenuImg CS="0.50" lang="fr" source="google">symétrie</contenuImg>
            <contenuImg CS="0.28" coul="1" lang="fr" source="google">noir</contenuImg>
            <contenuImg CS="0.27" coul="1" lang="fr" source="google">bleu nuit</contenuImg>
            <contenuImg CS="0.04" coul="1" lang="fr" source="google">chocolat à pâtisser</contenuImg>
            <contenuImg b="0" coul="1" g="0" r="0" source="colorific" type="bkg">#000000</contenuImg>
            <contenuImg b="49" coul="1" g="36" ordre="5" r="18" source="colorific" type="frg">#122431</contenuImg>
            <contenuImg b="14" coul="1" g="18" ordre="4" r="58" source="colorific" type="frg">#3a120e</contenuImg>
            <contenuImg b="32" coul="1" g="44" ordre="3" r="110" source="colorific" type="frg">#6e2c20</contenuImg>
            <contenuImg b="39" coul="1" g="68" ordre="2" r="175" source="colorific" type="frg">#af4427</contenuImg>
            <contenuImg b="140" coul="1" g="112" ordre="1" r="73" source="colorific" type="frg">#49708c</contenuImg>
            <contenuImg CS="1.0" lang="en" source="md">decorative patterns</contenuImg>
            <contenuImg CS="1.0" lang="en" source="md">rhombuses (ornament)</contenuImg>
            <contenuImg CS="1.0" lang="en" source="md">wolf's teeth (ornament)</contenuImg>
            <contenuImg CS="1.0" lang="en" source="md">hoops</contenuImg>
            <contenuImg CS="1.0" lang="en" source="md">fantasy patterns</contenuImg>
            <contenuImg CS="1.0" lang="en" source="md">crowns (hairstyles)</contenuImg>
            <contenuImg CS="1.0" lang="en" source="md">geometric ornaments</contenuImg>
            <contenuImg CS="1.0" lang="en" source="md">curly</contenuImg>
            <contenuImg CS="0.04" coul="1" lang="en" source="google">bakerschocolate</contenuImg>
            <contenuImg CS="0.25" coul="1" lang="en" source="google">steelblue</contenuImg>
            <contenuImg CS="0.27" coul="1" lang="en" source="google">midnightblue</contenuImg>
            <contenuImg CS="0.28" coul="1" lang="en" source="google">black</contenuImg>
            <contenuImg CS="0.32" coul="1" lang="en" source="google">midnightblue</contenuImg>
            <contenuImg CS="0.91" coul="1" lang="en" source="google">bakerschocolate</contenuImg>
            <contenuImg CS="0.50" lang="en" source="google">Symmetry</contenuImg>
            <contenuImg CS="0.56" lang="en" source="google">Rectangle</contenuImg>
            <contenuImg CS="0.59" h="2973" lang="en" source="google" w="1667" x="4418.4" y="279.2">Visual arts</contenuImg>
            <contenuImg CS="0.69" h="2973" lang="en" source="google" w="1667" x="4418.4" y="279.2">Font</contenuImg>
            <contenuImg CS="0.73" h="2973" lang="en" source="google" w="1667" x="4418.4" y="279.2">Design</contenuImg>
            <contenuImg CS="0.80" h="2973" lang="en" source="google" w="1667" x="4418.4" y="279.2">Pattern</contenuImg>
            <tech source="final">estampe/gravure</tech>
            <fonction source="md">papier-peint</fonction>
            <fonction source="final">papier-peint</fonction>
            <tech CS="1" source="hm">estampe/gravure</tech>
            <theme CS="1" source="md">0</theme>
            <contenuImg CS="1.0" lang="fr" source="md">Frises</contenuImg>
            <contenuImg CS="1.0" lang="fr" source="md">Ornements géométriques</contenuImg>
            <contenuImg CS="1.0" lang="fr" source="md">Couronnes (coiffures)</contenuImg>
            <contenuImg CS="1.0" lang="fr" source="md">Motifs de fantaisie</contenuImg>
            <contenuImg CS="1.0" lang="fr" source="md">Arceaux</contenuImg>
            <contenuImg CS="1.0" lang="fr" source="md">Dents-de-loup (ornement)</contenuImg>
            <contenuImg CS="1.0" lang="fr" source="md">Losanges (ornement)</contenuImg>
            <contenuImg CS="1.0" lang="fr" source="md">Motifs décoratifs</contenuImg>
            <titraille>Bordure : papier peint</titraille>
          </ill>
        </ills>
      </page>
    </pages>
  </contenus>
</analyseAlto>