<analyseAlto>
  <metad>
    <type>I</type>
    <ID>btv1b6900616s</ID>
    <titre>Manufacture Jacquemart et Bénard. Bordure. Une bande de frise centrale de feuilles stylisées en camaïeu et pomme de pin, sur une frise en peigne : papier peint</titre>
    <dateEdition>1800</dateEdition>
    <auteur>inconnu</auteur>
    <lang>fre</lang>
    <source>Bibliothèque nationale de France</source>
    <sujet>Frises -- Camaïeu, Peinture en -- Feuilles stylisées (ornement) -- Cones de pin -- Peignes (ornement) -- Motifs décoratifs -- 1800-1869</sujet>
    <descr>Appartient à l’ensemble documentaire : PaPeint18 -- Papier peint</descr>
    <format>inconnu</format>
    <couverture>inconnu</couverture>
    <largeurPx>6552</largeurPx>
    <hauteurPx>3744</hauteurPx>
    <ocr>false</ocr>
    <toc>false</toc>
    <nbPage>1</nbPage>
  </metad>
  <contenus ocr="false" toc="false">
    <largeur>277</largeur>
    <hauteur>158</hauteur>
    <largeurPx>6552</largeurPx>
    <hauteurPx>3744</hauteurPx>
    <pages>
      <page ordre="1">
        <blocIll ocr="1">1</blocIll>
        <ills>
          <ill classif="CCgoogle" couleur="coul" h="3744" hash="ff333333330000ff" n="1-1" taille="11" w="6552" x="1" y="1">
            <contenuImg CS="0.27" coul="1" lang="fr" source="google">bronze</contenuImg>
            <contenuImg CS="0.65" h="2436" lang="fr" source="google" w="2441" x="1082.2" y="374.4">meringue</contenuImg>
            <contenuImg CS="0.60" h="2436" lang="fr" source="google" w="2441" x="1082.2" y="374.4">aliments</contenuImg>
            <contenuImg CS="0.59" h="2436" lang="fr" source="google" w="2441" x="1082.2" y="374.4">plante</contenuImg>
            <contenuImg CS="0.55" coul="1" lang="fr" source="google">gris ardoise foncé</contenuImg>
            <contenuImg CS="0.53" coul="1" lang="fr" source="google">morceaux de chocolat</contenuImg>
            <contenuImg CS="0.29" coul="1" lang="fr" source="google">argent</contenuImg>
            <contenuImg CS="0.21" coul="1" lang="fr" source="google">vert foncé</contenuImg>
            <contenuImg CS="0.37" coul="1" lang="fr" source="google">vert cuivre foncé</contenuImg>
            <contenuImg CS="0.26" coul="1" lang="fr" source="google">vert pâle</contenuImg>
            <contenuImg b="21" coul="1" g="60" ordre="6" r="94" source="colorific" type="frg">#5e3c15</contenuImg>
            <contenuImg b="36" coul="1" g="42" ordre="5" r="28" source="colorific" type="frg">#1c2a24</contenuImg>
            <contenuImg b="123" coul="1" g="135" ordre="4" r="87" source="colorific" type="frg">#57877b</contenuImg>
            <contenuImg b="81" coul="1" g="136" ordre="3" r="171" source="colorific" type="frg">#ab8851</contenuImg>
            <contenuImg b="125" coul="1" g="134" ordre="2" r="127" source="colorific" type="frg">#7f867d</contenuImg>
            <contenuImg b="189" coul="1" g="175" ordre="1" r="147" source="colorific" type="frg">#93afbd</contenuImg>
            <contenuImg CS="1.0" lang="en" source="md">decorative patterns - 1800-1869</contenuImg>
            <contenuImg CS="1.0" lang="en" source="md">cmbs (ornament)</contenuImg>
            <contenuImg CS="1.0" lang="en" source="md">pine Cones</contenuImg>
            <contenuImg CS="1.0" lang="en" source="md">stylized leaves (ornament)</contenuImg>
            <contenuImg CS="1.0" lang="en" source="md">camaïeu painting</contenuImg>
            <contenuImg CS="1.0" lang="en" source="md">curly</contenuImg>
            <contenuImg CS="0.26" coul="1" lang="en" source="google">palegreen</contenuImg>
            <contenuImg CS="0.27" coul="1" lang="en" source="google">bronzeii</contenuImg>
            <contenuImg CS="0.37" coul="1" lang="en" source="google">darkgreencopper</contenuImg>
            <contenuImg CS="0.21" coul="1" lang="en" source="google">darkgreen</contenuImg>
            <contenuImg CS="0.29" coul="1" lang="en" source="google">silver</contenuImg>
            <contenuImg CS="0.53" coul="1" lang="en" source="google">semisweetchocolate</contenuImg>
            <contenuImg CS="0.55" coul="1" lang="en" source="google">darkslategrey</contenuImg>
            <contenuImg CS="0.59" h="2436" lang="en" source="google" w="2441" x="1082.2" y="374.4">Plant</contenuImg>
            <contenuImg CS="0.60" h="2436" lang="en" source="google" w="2441" x="1082.2" y="374.4">Food</contenuImg>
            <contenuImg CS="0.65" h="2436" lang="en" source="google" w="2441" x="1082.2" y="374.4">Meringue</contenuImg>
            <tech source="final">estampe/gravure</tech>
            <fonction source="md">papier-peint</fonction>
            <fonction source="final">papier-peint</fonction>
            <tech CS="1" source="hm">estampe/gravure</tech>
            <theme CS="1" source="md">0</theme>
            <contenuImg CS="1.0" lang="fr" source="md">Frises</contenuImg>
            <contenuImg CS="1.0" lang="fr" source="md">Peinture en camaïeu</contenuImg>
            <contenuImg CS="1.0" lang="fr" source="md">Feuilles stylisées (ornement)</contenuImg>
            <contenuImg CS="1.0" lang="fr" source="md">Cones de pin</contenuImg>
            <contenuImg CS="1.0" lang="fr" source="md">Peignes (ornement)</contenuImg>
            <contenuImg CS="1.0" lang="fr" source="md">Motifs décoratifs -- 1800-1869</contenuImg>
            <titraille>Manufacture Jacquemart et Bénard. Bordure. Une bande de frise centrale de feuilles stylisées en camaïeu et pomme de pin, sur une frise en peigne : papier peint</titraille>
          </ill>
        </ills>
      </page>
    </pages>
  </contenus>
</analyseAlto>