<analyseAlto>
  <metad>
    <type>I</type>
    <ID>btv1b6900337x</ID>
    <titre>Manufacture Duserre et Cie. Bordure. Une bande de frise alternant grecque et motif combinant palmettes et rinceaux : papier peint</titre>
    <dateEdition>1799</dateEdition>
    <auteur>inconnu</auteur>
    <lang>fre</lang>
    <source>Bibliothèque nationale de France, département Estampes et photographie, EST LZ-312 (3)</source>
    <sujet>Frises -- Grecques (ornement) -- Palmettes (ornement) -- Rinceaux -- Flots (ornement) -- Rangs de perles (ornement) -- Motifs décoratifs -- 1789-1799</sujet>
    <descr>Appartient à l’ensemble documentaire : PaPeint18 -- Papier peint</descr>
    <format>inconnu</format>
    <couverture>inconnu</couverture>
    <largeurPx>9184</largeurPx>
    <hauteurPx>3216</hauteurPx>
    <ocr>false</ocr>
    <toc>false</toc>
    <caption>false</caption>
    <nbPage>1</nbPage>
  </metad>
  <contenus ocr="false" toc="false">
    <largeur>388</largeur>
    <hauteur>136</hauteur>
    <largeurPx>9184</largeurPx>
    <hauteurPx>3216</hauteurPx>
    <pages>
      <page ordre="1">
        <blocIll ocr="1">1</blocIll>
        <ills>
          <ill classif="CCgoogle" couleur="coul" h="3216" hash="ff0000d7c1f700ff" n="1-1" taille="13" w="9184" x="1" y="1">
            <contenuImg CS="0.66" h="3320" lang="fr" source="google" w="1862" x="3768.4" y="321.6">modèle motif</contenuImg>
            <contenuImg CS="0.96" coul="1" h="3320" lang="fr" source="google" w="1862" x="3768.4" y="321.6">vert</contenuImg>
            <contenuImg CS="0.73" h="3320" lang="fr" source="google" w="1862" x="3768.4" y="321.6">rectangle</contenuImg>
            <contenuImg CS="0.66" h="3320" lang="fr" source="google" w="1862" x="3768.4" y="321.6">modèle</contenuImg>
            <contenuImg CS="0.57" h="3320" lang="fr" source="google" w="1862" x="3768.4" y="321.6">accessoires de maison</contenuImg>
            <contenuImg CS="1.90" coul="1" lang="fr" source="google">vert cuivre foncé</contenuImg>
            <contenuImg CS="0.23" coul="1" lang="fr" source="google">noir</contenuImg>
            <contenuImg CS="0.14" coul="1" lang="fr" source="google">bleu nuit</contenuImg>
            <contenuImg CS="0.14" coul="1" lang="fr" source="google">vert foncé</contenuImg>
            <contenuImg CS="0.02" coul="1" lang="fr" source="google">gris foncé</contenuImg>
            <contenuImg b="168" coul="1" g="174" ordre="4" r="164" source="colorific" type="frg">#a4aea8</contenuImg>
            <contenuImg b="20" coul="1" g="44" ordre="3" r="31" source="colorific" type="frg">#1f2c14</contenuImg>
            <contenuImg b="78" coul="1" g="82" ordre="2" r="56" source="colorific" type="frg">#38524e</contenuImg>
            <contenuImg b="166" coul="1" g="153" ordre="1" r="135" source="colorific" type="frg">#8799a6</contenuImg>
            <contenuImg CS="1.0" lang="en" source="md">decorative patterns - 1789-1799</contenuImg>
            <contenuImg CS="1.0" lang="en" source="md">rows of pearls (ornament)</contenuImg>
            <contenuImg CS="1.0" lang="en" source="md">Flows (ornament)</contenuImg>
            <contenuImg CS="1.0" lang="en" source="md">scrollwork</contenuImg>
            <contenuImg CS="1.0" lang="en" source="md">palmettes (ornament)</contenuImg>
            <contenuImg CS="1.0" lang="en" source="md">Greek (ornament)</contenuImg>
            <contenuImg CS="1.0" lang="en" source="md">curly</contenuImg>
            <contenuImg CS="0.02" coul="1" lang="en" source="google">darkgray</contenuImg>
            <contenuImg CS="0.14" coul="1" lang="en" source="google">darkgreen</contenuImg>
            <contenuImg CS="0.14" coul="1" lang="en" source="google">midnightblue</contenuImg>
            <contenuImg CS="0.23" coul="1" lang="en" source="google">black</contenuImg>
            <contenuImg CS="0.50" coul="1" lang="en" source="google">darkgreen</contenuImg>
            <contenuImg CS="1.90" coul="1" lang="en" source="google">darkgreencopper</contenuImg>
            <contenuImg CS="2.05" coul="1" lang="en" source="google">darkgreen</contenuImg>
            <contenuImg CS="0.57" h="3320" lang="en" source="google" w="1862" x="3768.4" y="321.6">Home accessories</contenuImg>
            <contenuImg CS="0.66" h="3320" lang="en" source="google" w="1862" x="3768.4" y="321.6">Pattern</contenuImg>
            <contenuImg CS="0.73" h="3320" lang="en" source="google" w="1862" x="3768.4" y="321.6">Rectangle</contenuImg>
            <contenuImg CS="0.96" coul="1" h="3320" lang="en" source="google" w="1862" x="3768.4" y="321.6">Green</contenuImg>
            <tech source="final">estampe/gravure</tech>
            <fonction source="md">papier-peint</fonction>
            <fonction source="final">papier-peint</fonction>
            <tech CS="1" source="hm">estampe/gravure</tech>
            <theme CS="1" source="md">0</theme>
            <contenuImg CS="1.0" lang="fr" source="md">Frises</contenuImg>
            <contenuImg CS="1.0" lang="fr" source="md">Grecques (ornement)</contenuImg>
            <contenuImg CS="1.0" lang="fr" source="md">Palmettes (ornement)</contenuImg>
            <contenuImg CS="1.0" lang="fr" source="md">Rinceaux</contenuImg>
            <contenuImg CS="1.0" lang="fr" source="md">Flots (ornement)</contenuImg>
            <contenuImg CS="1.0" lang="fr" source="md">Rangs de perles (ornement)</contenuImg>
            <contenuImg CS="1.0" lang="fr" source="md">Motifs décoratifs -- 1789-1799</contenuImg>
            <titraille>Manufacture Duserre et Cie. Bordure. Une bande de frise alternant grecque et motif combinant palmettes et rinceaux : papier peint</titraille>
          </ill>
        </ills>
      </page>
    </pages>
  </contenus>
</analyseAlto>