<analyseAlto>
  <metad>
    <type>I</type>
    <ID>btv1b69002313</ID>
    <titre>Manufacture Dubuisson. Papier à motif répétitif à deux chemins, en quinconce, alternant, en camaïeu, deux vases à l_antique et une femme près d'un rosier, séparés par des festons de roses et des palmettes : papier peint</titre>
    <dateEdition>1800</dateEdition>
    <auteur>inconnu</auteur>
    <lang>fre</lang>
    <source>Bibliothèque nationale de France, département Estampes et photographie, EST LZ-312 (5)</source>
    <sujet>Roses -- Femmes -- Rosiers -- Arbres -- Personnages -- Dans l_art -- Camaïeu, Peinture en -- Festons -- Fleurs stylisées (ornement) -- Palmettes (ornement) -- Vases à l'antique -- Motifs décoratifs -- 1800-1869</sujet>
    <descr>Appartient à l’ensemble documentaire : PaPeint18 -- Papier peint</descr>
    <format>inconnu</format>
    <couverture>inconnu</couverture>
    <largeurPx>7104</largeurPx>
    <hauteurPx>11656</hauteurPx>
    <ocr>false</ocr>
    <toc>false</toc>
    <caption>false</caption>
    <nbPage>1</nbPage>
  </metad>
  <contenus ocr="false" toc="false">
    <largeur>300</largeur>
    <hauteur>493</hauteur>
    <largeurPx>7104</largeurPx>
    <hauteurPx>11656</hauteurPx>
    <pages>
      <page ordre="1">
        <blocIll ocr="1">1</blocIll>
        <ills>
          <ill classif="CCgoogle" couleur="coul" h="11656" hash="09b9e9979669b960" n="1-1" taille="38" w="7104" x="1" y="1">
            <contenuImg CS="0.90" h="2598" lang="fr" source="google" w="2598" x="710.4" y="1806.6">lieux saints</contenuImg>
            <contenuImg CS="0.58" h="2598" lang="fr" source="google" w="2598" x="710.4" y="1806.6">art</contenuImg>
            <contenuImg CS="0.68" coul="1" lang="fr" source="google">beige pâle</contenuImg>
            <contenuImg CS="0.18" coul="1" lang="fr" source="google">bleu clair</contenuImg>
            <contenuImg CS="0.51" coul="1" lang="fr" source="google">gris foncé</contenuImg>
            <contenuImg CS="0.45" coul="1" lang="fr" source="google">vert olive foncé</contenuImg>
            <contenuImg CS="0.42" coul="1" lang="fr" source="google">rose</contenuImg>
            <contenuImg b="136" coul="1" g="161" r="222" source="colorific" type="bkg">#dea188</contenuImg>
            <contenuImg b="144" coul="1" g="161" ordre="6" r="184" source="colorific" type="frg">#b8a190</contenuImg>
            <contenuImg b="20" coul="1" g="30" ordre="5" r="15" source="colorific" type="frg">#0f1e14</contenuImg>
            <contenuImg b="255" coul="1" g="255" ordre="4" r="255" source="colorific" type="frg">#ffffff</contenuImg>
            <contenuImg b="75" coul="1" g="82" ordre="3" r="108" source="colorific" type="frg">#6c524b</contenuImg>
            <contenuImg b="87" coul="1" g="92" ordre="2" r="69" source="colorific" type="frg">#455c57</contenuImg>
            <contenuImg b="89" coul="1" g="96" ordre="1" r="99" source="colorific" type="frg">#636059</contenuImg>
            <contenuImg CS="1.0" lang="en" source="md">decorative patterns - 1800-1869</contenuImg>
            <contenuImg CS="1.0" lang="en" source="md">vases in the antique</contenuImg>
            <contenuImg CS="1.0" lang="en" source="md">palmettes (ornament)</contenuImg>
            <contenuImg CS="1.0" lang="en" source="md">stylized flowers (ornament)</contenuImg>
            <contenuImg CS="1.0" lang="en" source="md">scallops</contenuImg>
            <contenuImg CS="1.0" lang="en" source="md">camaïeu painting</contenuImg>
            <contenuImg CS="1.0" lang="en" source="md">characters - in art</contenuImg>
            <contenuImg CS="1.0" lang="en" source="md">trees</contenuImg>
            <contenuImg CS="1.0" lang="en" source="md">rosiers (plants)</contenuImg>
            <contenuImg CS="1.0" lang="en" source="md">women</contenuImg>
            <contenuImg CS="1.0" lang="en" source="md">roses (flowers)</contenuImg>
            <contenuImg CS="0.42" coul="1" lang="en" source="google">pink</contenuImg>
            <contenuImg CS="0.45" coul="1" lang="en" source="google">darkolivegreen</contenuImg>
            <contenuImg CS="0.51" coul="1" lang="en" source="google">dimgrey</contenuImg>
            <contenuImg CS="0.51" coul="1" lang="en" source="google">darkgray</contenuImg>
            <contenuImg CS="0.18" coul="1" lang="en" source="google">lightsteelblue</contenuImg>
            <contenuImg CS="0.68" coul="1" lang="en" source="google">newtan</contenuImg>
            <contenuImg CS="0.58" h="2598" lang="en" source="google" w="2598" x="710.4" y="1806.6">Art</contenuImg>
            <contenuImg CS="0.90" h="2598" lang="en" source="google" w="2598" x="710.4" y="1806.6">Holy places</contenuImg>
            <tech source="final">estampe/gravure</tech>
            <fonction source="md">papier-peint</fonction>
            <fonction source="final">papier-peint</fonction>
            <tech CS="1" source="hm">estampe/gravure</tech>
            <theme CS="1" source="md">0</theme>
            <contenuImg CS="1.0" lang="fr" source="md">Roses</contenuImg>
            <contenuImg CS="1.0" lang="fr" source="md">Femmes</contenuImg>
            <contenuImg CS="1.0" lang="fr" source="md">Rosiers</contenuImg>
            <contenuImg CS="1.0" lang="fr" source="md">Arbres</contenuImg>
            <contenuImg CS="1.0" lang="fr" source="md">Personnages -- Dans l'art</contenuImg>
            <contenuImg CS="1.0" lang="fr" source="md">Peinture en camaïeu</contenuImg>
            <contenuImg CS="1.0" lang="fr" source="md">Festons</contenuImg>
            <contenuImg CS="1.0" lang="fr" source="md">Fleurs stylisées (ornement)</contenuImg>
            <contenuImg CS="1.0" lang="fr" source="md">Palmettes (ornement)</contenuImg>
            <contenuImg CS="1.0" lang="fr" source="md">Vases à l'antique</contenuImg>
            <contenuImg CS="1.0" lang="fr" source="md">Motifs décoratifs -- 1800-1869</contenuImg>
            <titraille>Manufacture Dubuisson. Papier à motif répétitif à deux chemins, en quinconce, alternant, en camaïeu, deux vases à l_antique et une femme près d'un rosier, séparés par des festons de roses et des palmettes : papier peint</titraille>
          </ill>
        </ills>
      </page>
    </pages>
  </contenus>
</analyseAlto>