<analyseAlto>
  <metad>
    <type>I</type>
    <ID>btv1b69010072</ID>
    <titre>Manufacture Hubert et Dinan. Lambris (?) en grisaille : papier peint</titre>
    <dateEdition>1800</dateEdition>
    <auteur>inconnu</auteur>
    <lang>fre</lang>
    <source>Bibliothèque nationale de France, département Estampes et photographie, EST LI-20</source>
    <sujet>Panneautage (menuiserie) -- Putti -- Tambourin (tambour) -- Frises -- Galeries (pièces) -- Arcs (architecture) -- Camaïeu, Peinture en -- Athéniennes (meubles) -- Vases à l_antique -- Palmettes (ornement) -- Arceaux -- Fleurons (ornement) -- Décoration et ornement architecturaux -- 1800-1869 -- Motifs décoratifs -- 1800-1869</sujet>
    <descr>Appartient à l’ensemble documentaire : PaPeint18 -- Papier peint</descr>
    <format>inconnu</format>
    <couverture>inconnu</couverture>
    <largeurPx>4456</largeurPx>
    <hauteurPx>6720</hauteurPx>
    <ocr>false</ocr>
    <toc>false</toc>
    <caption>false</caption>
    <nbPage>1</nbPage>
  </metad>
  <contenus ocr="false" toc="false">
    <largeur>188</largeur>
    <hauteur>284</hauteur>
    <largeurPx>4456</largeurPx>
    <hauteurPx>6720</hauteurPx>
    <pages>
      <page ordre="1">
        <blocIll ocr="1">1</blocIll>
        <ills>
          <ill classif="CCgoogle" couleur="coul" h="6720" hash="77db2424246624ff" n="1-1" taille="13" w="4456" x="1" y="1">
            <contenuImg CS="0.92" h="1600" lang="fr" source="google" w="2831" x="445.6" y="2809">sculpture sur pierre</contenuImg>
            <contenuImg CS="0.83" h="1600" lang="fr" source="google" w="2831" x="445.6" y="2809">art</contenuImg>
            <contenuImg CS="0.81" h="1600" lang="fr" source="google" w="2831" x="445.6" y="2809">sculpture</contenuImg>
            <contenuImg CS="0.79" lang="fr" source="google">architecture</contenuImg>
            <contenuImg CS="0.78" lang="fr" source="google">soulagement</contenuImg>
            <contenuImg CS="0.69" lang="fr" source="google">arche</contenuImg>
            <contenuImg CS="0.66" lang="fr" source="google">statue</contenuImg>
            <contenuImg CS="0.64" lang="fr" source="google">architecture classique</contenuImg>
            <contenuImg CS="0.59" lang="fr" source="google">banque d'images</contenuImg>
            <contenuImg CS="3.41" coul="1" lang="fr" source="google">bleu nuit</contenuImg>
            <contenuImg CS="0.46" coul="1" lang="fr" source="google">noir</contenuImg>
            <contenuImg CS="0.31" coul="1" lang="fr" source="google">argent</contenuImg>
            <contenuImg CS="0.17" coul="1" lang="fr" source="google">rose</contenuImg>
            <contenuImg CS="0.17" coul="1" lang="fr" source="google">gris foncé</contenuImg>
            <contenuImg CS="0.02" coul="1" lang="fr" source="google">gris</contenuImg>
            <contenuImg b="59" coul="1" g="54" r="55" source="colorific" type="bkg">#37363b</contenuImg>
            <contenuImg b="255" coul="1" g="255" ordre="4" r="255" source="colorific" type="frg">#ffffff</contenuImg>
            <contenuImg b="51" coul="1" g="58" ordre="3" r="75" source="colorific" type="frg">#4b3a33</contenuImg>
            <contenuImg b="0" coul="1" g="0" ordre="2" r="0" source="colorific" type="frg">#000000</contenuImg>
            <contenuImg b="138" coul="1" g="148" ordre="1" r="151" source="colorific" type="frg">#97948a</contenuImg>
            <contenuImg CS="1.0" lang="en" source="md">decorative patterns - 1800-1869</contenuImg>
            <contenuImg CS="1.0" lang="en" source="md">architectural decoration and ornament - 1800-1869</contenuImg>
            <contenuImg CS="1.0" lang="en" source="md">flowerets (ornament)</contenuImg>
            <contenuImg CS="1.0" lang="en" source="md">hoops</contenuImg>
            <contenuImg CS="1.0" lang="en" source="md">palmettes (ornament)</contenuImg>
            <contenuImg CS="1.0" lang="en" source="md">vases in the antique</contenuImg>
            <contenuImg CS="1.0" lang="en" source="md">Athenian (furniture)</contenuImg>
            <contenuImg CS="1.0" lang="en" source="md">camaïeu painting</contenuImg>
            <contenuImg CS="1.0" lang="en" source="md">archs (architecture)</contenuImg>
            <contenuImg CS="1.0" lang="en" source="md">galleries (room)</contenuImg>
            <contenuImg CS="1.0" lang="en" source="md">curly</contenuImg>
            <contenuImg CS="1.0" lang="en" source="md">Tambourine (drum)</contenuImg>
            <contenuImg CS="1.0" lang="en" source="md">putti</contenuImg>
            <contenuImg CS="1.0" lang="en" source="md">paneling (carpentry)</contenuImg>
            <contenuImg CS="0.02" coul="1" lang="en" source="google">grey</contenuImg>
            <contenuImg CS="0.17" coul="1" lang="en" source="google">darkgray</contenuImg>
            <contenuImg CS="0.17" coul="1" lang="en" source="google">pink</contenuImg>
            <contenuImg CS="0.31" coul="1" lang="en" source="google">silver</contenuImg>
            <contenuImg CS="0.42" coul="1" lang="en" source="google">darkgray</contenuImg>
            <contenuImg CS="0.46" coul="1" lang="en" source="google">black</contenuImg>
            <contenuImg CS="3.41" coul="1" lang="en" source="google">midnightblue</contenuImg>
            <contenuImg CS="0.59" lang="en" source="google">Stock photography</contenuImg>
            <contenuImg CS="0.64" lang="en" source="google">Classical architecture</contenuImg>
            <contenuImg CS="0.66" lang="en" source="google">Statue</contenuImg>
            <contenuImg CS="0.69" lang="en" source="google">Arch</contenuImg>
            <contenuImg CS="0.78" lang="en" source="google">Relief</contenuImg>
            <contenuImg CS="0.79" lang="en" source="google">Architecture</contenuImg>
            <contenuImg CS="0.81" h="1600" lang="en" source="google" w="2831" x="445.6" y="2809">Carving</contenuImg>
            <contenuImg CS="0.83" h="1600" lang="en" source="google" w="2831" x="445.6" y="2809">Art</contenuImg>
            <contenuImg CS="0.92" h="1600" lang="en" source="google" w="2831" x="445.6" y="2809">Stone carving</contenuImg>
            <contenuImg CS="0.95" h="1600" lang="en" source="google" w="2831" x="445.6" y="2809">Sculpture</contenuImg>
            <tech source="final">estampe/gravure</tech>
            <fonction source="md">papier-peint</fonction>
            <fonction source="final">papier-peint</fonction>
            <tech CS="1" source="hm">estampe/gravure</tech>
            <theme CS="1" source="md">0</theme>
            <contenuImg CS="1.0" lang="fr" source="md">Panneautage (menuiserie)</contenuImg>
            <contenuImg CS="1.0" lang="fr" source="md">Putti</contenuImg>
            <contenuImg CS="1.0" lang="fr" source="md">Tambourin (tambour)</contenuImg>
            <contenuImg CS="1.0" lang="fr" source="md">Frises</contenuImg>
            <contenuImg CS="1.0" lang="fr" source="md">Galeries (pièces)</contenuImg>
            <contenuImg CS="1.0" lang="fr" source="md">Arcs (architecture)</contenuImg>
            <contenuImg CS="1.0" lang="fr" source="md">Peinture en camaïeu</contenuImg>
            <contenuImg CS="1.0" lang="fr" source="md">Athéniennes (meubles)</contenuImg>
            <contenuImg CS="1.0" lang="fr" source="md">Vases à l'antique</contenuImg>
            <contenuImg CS="1.0" lang="fr" source="md">Palmettes (ornement)</contenuImg>
            <contenuImg CS="1.0" lang="fr" source="md">Arceaux</contenuImg>
            <contenuImg CS="1.0" lang="fr" source="md">Fleurons (ornement)</contenuImg>
            <contenuImg CS="1.0" lang="fr" source="md">Décoration et ornement architecturaux -- 1800-1869</contenuImg>
            <contenuImg CS="1.0" lang="fr" source="md">Motifs décoratifs -- 1800-1869</contenuImg>
            <titraille>Manufacture Hubert et Dinan. Lambris (?) en grisaille : papier peint</titraille>
          </ill>
        </ills>
      </page>
    </pages>
  </contenus>
</analyseAlto>