<analyseAlto>
  <metad>
    <type>I</type>
    <ID>btv1b69006762</ID>
    <titre>Manufacture Jacquemart et Bénard. Bordure. Une bande de frise de motifs de fantaisie et frise d_anneaux : papier peint</titre>
    <dateEdition>1802</dateEdition>
    <auteur>inconnu</auteur>
    <lang>fre</lang>
    <source>Bibliothèque nationale de France, département Estampes et photographie, EST LI-21 (A, 4)</source>
    <sujet>Frises -- Motifs de fantaisie -- Anneaux (ornement) -- Motifs décoratifs -- 1800-1869</sujet>
    <descr>Appartient à l’ensemble documentaire : PaPeint18 -- Papier peint</descr>
    <format>inconnu</format>
    <couverture>inconnu</couverture>
    <largeurPx>6704</largeurPx>
    <hauteurPx>2504</hauteurPx>
    <ocr>false</ocr>
    <toc>false</toc>
    <caption>false</caption>
    <nbPage>1</nbPage>
  </metad>
  <contenus ocr="false" toc="false">
    <largeur>283</largeur>
    <hauteur>106</hauteur>
    <largeurPx>6704</largeurPx>
    <hauteurPx>2504</hauteurPx>
    <pages>
      <page ordre="1">
        <blocIll ocr="1">1</blocIll>
        <ills>
          <ill classif="CCgoogle" couleur="coul" h="2504" hash="ffff2101490101ff" n="1-1" taille="7" w="6704" x="1" y="1">
            <contenuImg CS="0.68" h="2978" lang="fr" source="google" w="2227" x="4004.4" y="421.4">modèle motif</contenuImg>
            <contenuImg CS="0.64" coul="1" lang="fr" source="google">bleu acier</contenuImg>
            <contenuImg CS="0.91" h="2978" lang="fr" source="google" w="2227" x="4004.4" y="421.4">police de caractère</contenuImg>
            <contenuImg CS="0.85" h="2978" lang="fr" source="google" w="2227" x="4004.4" y="421.4">texte</contenuImg>
            <contenuImg CS="0.68" h="2978" lang="fr" source="google" w="2227" x="4004.4" y="421.4">modèle</contenuImg>
            <contenuImg CS="0.55" h="2978" lang="fr" source="google" w="2227" x="4004.4" y="421.4">arts visuels</contenuImg>
            <contenuImg CS="0.60" coul="1" lang="fr" source="google">bleu cadet</contenuImg>
            <contenuImg CS="0.41" coul="1" lang="fr" source="google">bleu nuit</contenuImg>
            <contenuImg CS="0.32" coul="1" lang="fr" source="google">vert foncé</contenuImg>
            <contenuImg CS="0.31" coul="1" lang="fr" source="google">noir</contenuImg>
            <contenuImg b="193" coul="1" g="163" r="112" source="colorific" type="bkg">#70a3c1</contenuImg>
            <contenuImg b="69" coul="1" g="64" ordre="4" r="45" source="colorific" type="frg">#2d4045</contenuImg>
            <contenuImg b="27" coul="1" g="31" ordre="3" r="14" source="colorific" type="frg">#0e1f1b</contenuImg>
            <contenuImg b="91" coul="1" g="83" ordre="2" r="106" source="colorific" type="frg">#6a535b</contenuImg>
            <contenuImg b="0" coul="1" g="0" ordre="1" r="0" source="colorific" type="frg">#000000</contenuImg>
            <contenuImg CS="1.0" lang="en" source="md">decorative patterns - 1800-1869</contenuImg>
            <contenuImg CS="1.0" lang="en" source="md">rings (ornament)</contenuImg>
            <contenuImg CS="1.0" lang="en" source="md">fantasy patterns</contenuImg>
            <contenuImg CS="1.0" lang="en" source="md">curly</contenuImg>
            <contenuImg CS="0.31" coul="1" lang="en" source="google">black</contenuImg>
            <contenuImg CS="0.32" coul="1" lang="en" source="google">darkgreen</contenuImg>
            <contenuImg CS="0.41" coul="1" lang="en" source="google">midnightblue</contenuImg>
            <contenuImg CS="0.49" coul="1" lang="en" source="google">black</contenuImg>
            <contenuImg CS="0.60" coul="1" lang="en" source="google">cadetblue</contenuImg>
            <contenuImg CS="0.64" coul="1" lang="en" source="google">steelblue</contenuImg>
            <contenuImg CS="1.01" coul="1" lang="en" source="google">black</contenuImg>
            <contenuImg CS="0.55" h="2978" lang="en" source="google" w="2227" x="4004.4" y="421.4">Visual arts</contenuImg>
            <contenuImg CS="0.68" h="2978" lang="en" source="google" w="2227" x="4004.4" y="421.4">Pattern</contenuImg>
            <contenuImg CS="0.85" h="2978" lang="en" source="google" w="2227" x="4004.4" y="421.4">Text</contenuImg>
            <contenuImg CS="0.91" h="2978" lang="en" source="google" w="2227" x="4004.4" y="421.4">Font</contenuImg>
            <tech source="final">estampe/gravure</tech>
            <fonction source="md">papier-peint</fonction>
            <fonction source="final">papier-peint</fonction>
            <tech CS="1" source="hm">estampe/gravure</tech>
            <theme CS="1" source="md">0</theme>
            <contenuImg CS="1.0" lang="fr" source="md">Frises</contenuImg>
            <contenuImg CS="1.0" lang="fr" source="md">Motifs de fantaisie</contenuImg>
            <contenuImg CS="1.0" lang="fr" source="md">Anneaux (ornement)</contenuImg>
            <contenuImg CS="1.0" lang="fr" source="md">Motifs décoratifs -- 1800-1869</contenuImg>
            <titraille>Manufacture Jacquemart et Bénard. Bordure. Une bande de frise de motifs de fantaisie et frise d_anneaux : papier peint</titraille>
          </ill>
        </ills>
      </page>
    </pages>
  </contenus>
</analyseAlto>