<analyseAlto>
  <metad>
    <type>I</type>
    <ID>btv1b6901024k</ID>
    <titre>Bordure : papier peint</titre>
    <dateEdition>1803</dateEdition>
    <auteur>inconnu</auteur>
    <lang>fre</lang>
    <source>Bibliothèque nationale de France, département Estampes et photographie, EST LI-481</source>
    <sujet>Frises -- Dentelures (ornement) -- Végétaux stylisés -- Motifs décoratifs</sujet>
    <descr>Appartient à l’ensemble documentaire : PaPeint18 -- Papier peint</descr>
    <format>inconnu</format>
    <couverture>inconnu</couverture>
    <largeurPx>4144</largeurPx>
    <hauteurPx>1816</hauteurPx>
    <ocr>false</ocr>
    <toc>false</toc>
    <caption>false</caption>
    <nbPage>1</nbPage>
  </metad>
  <contenus ocr="false" toc="false">
    <largeur>175</largeur>
    <hauteur>76</hauteur>
    <largeurPx>4144</largeurPx>
    <hauteurPx>1816</hauteurPx>
    <pages>
      <page ordre="1">
        <blocIll ocr="1">1</blocIll>
        <ills>
          <ill classif="CCgoogle" couleur="coul" h="1816" hash="01ffeb99996f0103" n="1-1" taille="3" w="4144" x="1" y="1">
            <contenuImg CS="0.76" h="3320" lang="fr" source="google" w="3325" x="2309.4" y="181.6">feuille</contenuImg>
            <contenuImg CS="0.69" h="3320" lang="fr" source="google" w="3325" x="2309.4" y="181.6">police de caractère</contenuImg>
            <contenuImg CS="0.56" h="3320" lang="fr" source="google" w="3325" x="2309.4" y="181.6">rectangle</contenuImg>
            <contenuImg CS="0.50" h="3320" lang="fr" source="google" w="3325" x="2309.4" y="181.6">art</contenuImg>
            <contenuImg CS="0.20" coul="1" lang="fr" source="google">vert foncé</contenuImg>
            <contenuImg CS="0.13" coul="1" lang="fr" source="google">jaune d'or</contenuImg>
            <contenuImg CS="0.02" coul="1" lang="fr" source="google">noir</contenuImg>
            <contenuImg CS="0.02" coul="1" lang="fr" source="google">chocolat à pâtisser</contenuImg>
            <contenuImg b="62" coul="1" g="83" ordre="6" r="122" source="colorific" type="frg">#7a533e</contenuImg>
            <contenuImg b="139" coul="1" g="118" ordre="5" r="80" source="colorific" type="frg">#50768b</contenuImg>
            <contenuImg b="8" coul="1" g="21" ordre="4" r="38" source="colorific" type="frg">#261508</contenuImg>
            <contenuImg b="11" coul="1" g="29" ordre="3" r="66" source="colorific" type="frg">#421d0b</contenuImg>
            <contenuImg b="109" coul="1" g="141" ordre="2" r="216" source="colorific" type="frg">#d88d6d</contenuImg>
            <contenuImg b="0" coul="1" g="0" ordre="1" r="0" source="colorific" type="frg">#000000</contenuImg>
            <contenuImg CS="1.0" lang="en" source="md">decorative patterns</contenuImg>
            <contenuImg CS="1.0" lang="en" source="md">stylized plants</contenuImg>
            <contenuImg CS="1.0" lang="en" source="md">dentures (ornament)</contenuImg>
            <contenuImg CS="1.0" lang="en" source="md">curly</contenuImg>
            <contenuImg CS="0.02" coul="1" lang="en" source="google">bakerschocolate</contenuImg>
            <contenuImg CS="0.02" coul="1" lang="en" source="google">black</contenuImg>
            <contenuImg CS="0.13" coul="1" lang="en" source="google">mediumgoldenrod</contenuImg>
            <contenuImg CS="0.20" coul="1" lang="en" source="google">darkgreen</contenuImg>
            <contenuImg CS="0.52" coul="1" lang="en" source="google">bakerschocolate</contenuImg>
            <contenuImg CS="1.28" coul="1" lang="en" source="google">black</contenuImg>
            <contenuImg CS="0.50" h="3320" lang="en" source="google" w="3325" x="2309.4" y="181.6">Art</contenuImg>
            <contenuImg CS="0.56" h="3320" lang="en" source="google" w="3325" x="2309.4" y="181.6">Rectangle</contenuImg>
            <contenuImg CS="0.69" h="3320" lang="en" source="google" w="3325" x="2309.4" y="181.6">Font</contenuImg>
            <contenuImg CS="0.76" h="3320" lang="en" source="google" w="3325" x="2309.4" y="181.6">Leaf</contenuImg>
            <tech source="final">estampe/gravure</tech>
            <fonction source="md">papier-peint</fonction>
            <fonction source="final">papier-peint</fonction>
            <tech CS="1" source="hm">estampe/gravure</tech>
            <theme CS="1" source="md">0</theme>
            <contenuImg CS="1.0" lang="fr" source="md">Frises</contenuImg>
            <contenuImg CS="1.0" lang="fr" source="md">Dentelures (ornement)</contenuImg>
            <contenuImg CS="1.0" lang="fr" source="md">Végétaux stylisés</contenuImg>
            <contenuImg CS="1.0" lang="fr" source="md">Motifs décoratifs</contenuImg>
            <titraille>Bordure : papier peint</titraille>
          </ill>
        </ills>
      </page>
    </pages>
  </contenus>
</analyseAlto>