<analyseAlto>
  <metad>
    <type>I</type>
    <ID>btv1b6900668h</ID>
    <titre>Papier à motif répétitif : papier peint</titre>
    <dateEdition>1802</dateEdition>
    <auteur>inconnu</auteur>
    <lang>fre</lang>
    <source>Bibliothèque nationale de France</source>
    <sujet>Papier peint -- Carreaux -- Colonnes -- Ornements géométriques -- Fûts (architecture) -- Fleurs de fantaisie -- Motifs décoratifs</sujet>
    <descr>Appartient à l’ensemble documentaire : PaPeint18 -- Papier peint</descr>
    <format>inconnu</format>
    <couverture>inconnu</couverture>
    <largeurPx>6704</largeurPx>
    <hauteurPx>6464</hauteurPx>
    <ocr>false</ocr>
    <toc>false</toc>
    <nbPage>1</nbPage>
  </metad>
  <contenus ocr="false" toc="false">
    <largeur>283</largeur>
    <hauteur>273</hauteur>
    <largeurPx>6704</largeurPx>
    <hauteurPx>6464</hauteurPx>
    <pages>
      <page ordre="1">
        <blocIll ocr="1">1</blocIll>
        <ills>
          <ill classif="CCgoogle" couleur="coul" h="6464" hash="3333333333333333" n="1-1" taille="20" w="6704" x="1" y="1">
            <contenuImg CS="0.78" h="4118" lang="fr" source="google" w="2308" x="1952.4" y="646.4">conception</contenuImg>
            <contenuImg CS="0.76" lang="fr" source="google">textile</contenuImg>
            <contenuImg CS="0.64" lang="fr" source="google">motif</contenuImg>
            <contenuImg CS="0.76" lang="fr" source="google">modèle motif</contenuImg>
            <contenuImg CS="0.44" coul="1" lang="fr" source="google">marron très foncé</contenuImg>
            <contenuImg CS="0.88" coul="1" h="4118" lang="fr" source="google" w="2308" x="1952.4" y="646.4">jaune</contenuImg>
            <contenuImg CS="0.81" coul="1" h="4118" lang="fr" source="google" w="2308" x="1952.4" y="646.4">marron</contenuImg>
            <contenuImg CS="0.78" h="4118" lang="fr" source="google" w="2308" x="1952.4" y="646.4">design</contenuImg>
            <contenuImg CS="0.76" lang="fr" source="google">modèle</contenuImg>
            <contenuImg CS="0.71" lang="fr" source="google">arts visuels</contenuImg>
            <contenuImg CS="0.55" lang="fr" source="google">fond d'écran</contenuImg>
            <contenuImg CS="0.50" lang="fr" source="google">art</contenuImg>
            <contenuImg CS="0.44" coul="1" lang="fr" source="google">verydarkbrown</contenuImg>
            <contenuImg CS="0.81" coul="1" lang="fr" source="google">noir</contenuImg>
            <contenuImg CS="0.30" coul="1" lang="fr" source="google">gris</contenuImg>
            <contenuImg CS="0.27" coul="1" lang="fr" source="google">vieil or</contenuImg>
            <contenuImg b="79" coul="1" g="177" r="206" source="colorific" type="bkg">#ceb14f</contenuImg>
            <contenuImg b="37" coul="1" g="42" ordre="3" r="45" source="colorific" type="frg">#2d2a25</contenuImg>
            <contenuImg b="0" coul="1" g="0" ordre="2" r="0" source="colorific" type="frg">#000000</contenuImg>
            <contenuImg b="80" coul="1" g="76" ordre="1" r="100" source="colorific" type="frg">#644c50</contenuImg>
            <contenuImg CS="1.0" lang="en" source="md">decorative patterns</contenuImg>
            <contenuImg CS="1.0" lang="en" source="md">fantasy flowers</contenuImg>
            <contenuImg CS="1.0" lang="en" source="md">drums (architecture)</contenuImg>
            <contenuImg CS="1.0" lang="en" source="md">geometric ornaments</contenuImg>
            <contenuImg CS="1.0" lang="en" source="md">columns</contenuImg>
            <contenuImg CS="1.0" lang="en" source="md">tiles</contenuImg>
            <contenuImg CS="1.0" lang="en" source="md">wallpaper</contenuImg>
            <contenuImg CS="0.27" coul="1" lang="en" source="google">oldgold</contenuImg>
            <contenuImg CS="0.30" coul="1" lang="en" source="google">grey</contenuImg>
            <contenuImg CS="0.81" coul="1" lang="en" source="google">black</contenuImg>
            <contenuImg CS="0.39" coul="1" lang="en" source="google">oldgold</contenuImg>
            <contenuImg CS="0.44" coul="1" lang="en" source="google">verydarkbrown</contenuImg>
            <contenuImg CS="0.50" coul="1" lang="en" source="google">black</contenuImg>
            <contenuImg CS="1.29" coul="1" lang="en" source="google">oldgold</contenuImg>
            <contenuImg CS="0.50" lang="en" source="google">Art</contenuImg>
            <contenuImg CS="0.55" lang="en" source="google">Wallpaper</contenuImg>
            <contenuImg CS="0.64" lang="en" source="google">Motif</contenuImg>
            <contenuImg CS="0.71" lang="en" source="google">Visual arts</contenuImg>
            <contenuImg CS="0.76" lang="en" source="google">Textile</contenuImg>
            <contenuImg CS="0.76" lang="en" source="google">Pattern</contenuImg>
            <contenuImg CS="0.78" h="4118" lang="en" source="google" w="2308" x="1952.4" y="646.4">Design</contenuImg>
            <contenuImg CS="0.81" coul="1" h="4118" lang="en" source="google" w="2308" x="1952.4" y="646.4">Brown</contenuImg>
            <contenuImg CS="0.88" h="4118" lang="en" source="google" w="2308" x="1952.4" y="646.4">Yellow</contenuImg>
            <contenuImg CS="0.95" h="4118" lang="en" source="google" w="2308" x="1952.4" y="646.4">Pattern</contenuImg>
            <tech source="final">estampe/gravure</tech>
            <fonction source="md">papier-peint</fonction>
            <fonction source="final">papier-peint</fonction>
            <tech CS="1" source="hm">estampe/gravure</tech>
            <theme CS="1" source="md">0</theme>
            <contenuImg CS="1.0" lang="fr" source="md">Papier peint</contenuImg>
            <contenuImg CS="1.0" lang="fr" source="md">Carreaux</contenuImg>
            <contenuImg CS="1.0" lang="fr" source="md">Colonnes</contenuImg>
            <contenuImg CS="1.0" lang="fr" source="md">Ornements géométriques</contenuImg>
            <contenuImg CS="1.0" lang="fr" source="md">Fûts (architecture)</contenuImg>
            <contenuImg CS="1.0" lang="fr" source="md">Fleurs de fantaisie</contenuImg>
            <contenuImg CS="1.0" lang="fr" source="md">Motifs décoratifs</contenuImg>
            <titraille>Papier à motif répétitif : papier peint</titraille>
          </ill>
        </ills>
      </page>
    </pages>
  </contenus>
</analyseAlto>