<analyseAlto>
  <metad>
    <type>I</type>
    <ID>btv1b69003190</ID>
    <titre>Manufacture Duserre et Cie. Papier à motif répétitif. Motif répétitif de plafond (?) alternant des compartiments, ornés d_un motif dit  de l'éventail , de fleurs stylisées, de guirlandes de fleurs sur un fond de linon batiste : papier peint</titre>
    <dateEdition>1799</dateEdition>
    <auteur>inconnu</auteur>
    <lang>fre</lang>
    <source>Bibliothèque nationale de France, département Estampes et photographie, EST LZ-312 (2)</source>
    <sujet>Fleurs stylisées (ornement) -- Feuilles de vigne -- Motifs à l_éventail -- Végétaux stylisés -- Linons batistes (textile) -- Motifs décoratifs -- 1789-1799</sujet>
    <descr>Appartient à l’ensemble documentaire : PaPeint18 -- Papier peint</descr>
    <format>inconnu</format>
    <couverture>inconnu</couverture>
    <largeurPx>7144</largeurPx>
    <hauteurPx>8616</hauteurPx>
    <ocr>false</ocr>
    <toc>false</toc>
    <caption>false</caption>
    <nbPage>1</nbPage>
  </metad>
  <contenus ocr="false" toc="false">
    <largeur>302</largeur>
    <hauteur>364</hauteur>
    <largeurPx>7144</largeurPx>
    <hauteurPx>8616</hauteurPx>
    <pages>
      <page ordre="1">
        <blocIll ocr="1">1</blocIll>
        <ills>
          <ill classif="CCgoogle" couleur="coul" h="8616" hash="3ccbc7c3983c14bc" n="1-1" taille="28" w="7144" x="1" y="1">
            <contenuImg CS="0.76" lang="fr" source="google">conception</contenuImg>
            <contenuImg CS="0.62" lang="fr" source="google">ornement</contenuImg>
            <contenuImg CS="0.61" lang="fr" source="google">modèle motif</contenuImg>
            <contenuImg CS="0.84" h="4270" lang="fr" source="google" w="2394" x="1065.4" y="861.6">plafond</contenuImg>
            <contenuImg CS="0.79" h="4270" lang="fr" source="google" w="2394" x="1065.4" y="861.6">symétrie</contenuImg>
            <contenuImg CS="0.76" h="4270" lang="fr" source="google" w="2394" x="1065.4" y="861.6">arts visuels</contenuImg>
            <contenuImg CS="0.76" lang="fr" source="google">design</contenuImg>
            <contenuImg CS="0.65" lang="fr" source="google">architecture</contenuImg>
            <contenuImg CS="0.61" lang="fr" source="google">modèle</contenuImg>
            <contenuImg CS="0.50" lang="fr" source="google">art</contenuImg>
            <contenuImg CS="1.71" coul="1" lang="fr" source="google">argent</contenuImg>
            <contenuImg CS="1.36" coul="1" lang="fr" source="google">gris</contenuImg>
            <contenuImg CS="0.13" coul="1" lang="fr" source="google">vert olive foncé</contenuImg>
            <contenuImg b="127" coul="1" g="132" r="136" source="colorific" type="bkg">#88847f</contenuImg>
            <contenuImg b="255" coul="1" g="255" ordre="1" r="255" source="colorific" type="frg">#ffffff</contenuImg>
            <contenuImg CS="1.0" lang="en" source="md">decorative patterns - 1789-1799</contenuImg>
            <contenuImg CS="1.0" lang="en" source="md">linons batistes (textile)</contenuImg>
            <contenuImg CS="1.0" lang="en" source="md">stylized plants</contenuImg>
            <contenuImg CS="1.0" lang="en" source="md">fan-shaped patterns</contenuImg>
            <contenuImg CS="1.0" lang="en" source="md">vine leaves (plants)</contenuImg>
            <contenuImg CS="1.0" lang="en" source="md">stylized flowers (ornament)</contenuImg>
            <contenuImg CS="0.13" coul="1" lang="en" source="google">darkolivegreen</contenuImg>
            <contenuImg CS="1.36" coul="1" lang="en" source="google">grey</contenuImg>
            <contenuImg CS="1.71" coul="1" lang="en" source="google">silver</contenuImg>
            <contenuImg CS="1.72" coul="1" lang="en" source="google">gray</contenuImg>
            <contenuImg CS="0.50" lang="en" source="google">Art</contenuImg>
            <contenuImg CS="0.61" lang="en" source="google">Pattern</contenuImg>
            <contenuImg CS="0.62" lang="en" source="google">Ornament</contenuImg>
            <contenuImg CS="0.65" lang="en" source="google">Architecture</contenuImg>
            <contenuImg CS="0.76" lang="en" source="google">Design</contenuImg>
            <contenuImg CS="0.76" h="4270" lang="en" source="google" w="2394" x="1065.4" y="861.6">Visual arts</contenuImg>
            <contenuImg CS="0.79" h="4270" lang="en" source="google" w="2394" x="1065.4" y="861.6">Symmetry</contenuImg>
            <contenuImg CS="0.84" h="4270" lang="en" source="google" w="2394" x="1065.4" y="861.6">Ceiling</contenuImg>
            <contenuImg CS="0.89" h="4270" lang="en" source="google" w="2394" x="1065.4" y="861.6">Pattern</contenuImg>
            <tech source="final">estampe/gravure</tech>
            <fonction source="md">papier-peint</fonction>
            <fonction source="final">papier-peint</fonction>
            <tech CS="1" source="hm">estampe/gravure</tech>
            <theme CS="1" source="md">0</theme>
            <contenuImg CS="1.0" lang="fr" source="md">Fleurs stylisées (ornement)</contenuImg>
            <contenuImg CS="1.0" lang="fr" source="md">Feuilles de vigne</contenuImg>
            <contenuImg CS="1.0" lang="fr" source="md">Motifs à l'éventail</contenuImg>
            <contenuImg CS="1.0" lang="fr" source="md">Végétaux stylisés</contenuImg>
            <contenuImg CS="1.0" lang="fr" source="md">Linons batistes (textile)</contenuImg>
            <contenuImg CS="1.0" lang="fr" source="md">Motifs décoratifs -- 1789-1799</contenuImg>
            <titraille>Manufacture Duserre et Cie. Papier à motif répétitif. Motif répétitif de plafond (?) alternant des compartiments, ornés d_un motif dit  de l'éventail , de fleurs stylisées, de guirlandes de fleurs sur un fond de linon batiste : papier peint</titraille>
          </ill>
        </ills>
      </page>
    </pages>
  </contenus>
</analyseAlto>