<analyseAlto>
  <metad>
    <type>I</type>
    <ID>btv1b69000300</ID>
    <titre>Manufacture Bon. Papier à motif répétitif. Motif répétitif à deux chemins, en quinconce : jeune femme et putto : papier peint</titre>
    <dateEdition>1799</dateEdition>
    <auteur>inconnu</auteur>
    <lang>fre</lang>
    <source>Bibliothèque nationale de France, département Estampes et photographie, EST LI-15</source>
    <sujet>Flore (divinité romaine) -- Putti -- Femmes -- Personnages -- Dans l_art -- Camaïeu, Peinture en -- Fleurs stylisées (ornement) -- Feuillages stylisés -- Médaillons (ornement) -- Motifs décoratifs -- 1789-1799</sujet>
    <descr>Appartient à l’ensemble documentaire : PaPeint18 -- Papier peint</descr>
    <format>inconnu</format>
    <couverture>inconnu</couverture>
    <largeurPx>6728</largeurPx>
    <hauteurPx>5944</hauteurPx>
    <ocr>false</ocr>
    <toc>false</toc>
    <caption>false</caption>
    <nbPage>1</nbPage>
  </metad>
  <contenus ocr="false" toc="false">
    <largeur>284</largeur>
    <hauteur>251</hauteur>
    <largeurPx>6728</largeurPx>
    <hauteurPx>5944</hauteurPx>
    <pages>
      <page ordre="1">
        <blocIll ocr="1">1</blocIll>
        <ills>
          <ill classif="CCgoogle" couleur="coul" h="5944" hash="9ff89094f0bd0f09" n="1-1" taille="18" w="6728" x="1" y="1">
            <contenuImg CS="0.75" h="2413" lang="fr" source="google" w="4270" x="672.8" y="594.4">conception</contenuImg>
            <contenuImg CS="0.68" lang="fr" source="google">textile</contenuImg>
            <contenuImg CS="0.66" lang="fr" source="google">motif</contenuImg>
            <contenuImg CS="0.62" lang="fr" source="google">ornement</contenuImg>
            <contenuImg CS="0.90" h="2413" lang="fr" source="google" w="4270" x="672.8" y="594.4">modèle motif</contenuImg>
            <contenuImg CS="0.94" coul="1" lang="fr" source="google">turquoise foncé</contenuImg>
            <contenuImg CS="0.90" h="2413" lang="fr" source="google" w="4270" x="672.8" y="594.4">modèle</contenuImg>
            <contenuImg CS="0.82" h="2413" lang="fr" source="google" w="4270" x="672.8" y="594.4">arts visuels</contenuImg>
            <contenuImg CS="0.75" h="2413" lang="fr" source="google" w="4270" x="672.8" y="594.4">design</contenuImg>
            <contenuImg CS="0.69" h="2413" lang="fr" source="google" w="4270" x="672.8" y="594.4">art</contenuImg>
            <contenuImg CS="0.50" lang="fr" source="google">symétrie</contenuImg>
            <contenuImg CS="0.14" coul="1" lang="fr" source="google">gris ardoise foncé</contenuImg>
            <contenuImg CS="0.13" coul="1" lang="fr" source="google">noir</contenuImg>
            <contenuImg CS="0.09" coul="1" lang="fr" source="google">chocolat à pâtisser</contenuImg>
            <contenuImg CS="0.09" coul="1" lang="fr" source="google">bleu cadet</contenuImg>
            <contenuImg CS="0.05" coul="1" lang="fr" source="google">marron</contenuImg>
            <contenuImg b="186" coul="1" g="165" r="141" source="colorific" type="bkg">#8da5ba</contenuImg>
            <contenuImg b="141" coul="1" g="138" ordre="6" r="165" source="colorific" type="frg">#a58a8d</contenuImg>
            <contenuImg b="15" coul="1" g="30" ordre="5" r="67" source="colorific" type="frg">#431e0f</contenuImg>
            <contenuImg b="0" coul="1" g="0" ordre="4" r="0" source="colorific" type="frg">#000000</contenuImg>
            <contenuImg b="34" coul="1" g="41" ordre="3" r="24" source="colorific" type="frg">#182922</contenuImg>
            <contenuImg b="21" coul="1" g="60" ordre="2" r="167" source="colorific" type="frg">#a73c15</contenuImg>
            <contenuImg b="62" coul="1" g="70" ordre="1" r="51" source="colorific" type="frg">#33463e</contenuImg>
            <contenuImg CS="1.0" lang="en" source="md">decorative patterns - 1789-1799</contenuImg>
            <contenuImg CS="1.0" lang="en" source="md">medallions (ornament)</contenuImg>
            <contenuImg CS="1.0" lang="en" source="md">stylized foliage</contenuImg>
            <contenuImg CS="1.0" lang="en" source="md">stylized flowers (ornament)</contenuImg>
            <contenuImg CS="1.0" lang="en" source="md">camaïeu painting</contenuImg>
            <contenuImg CS="1.0" lang="en" source="md">characters - in art</contenuImg>
            <contenuImg CS="1.0" lang="en" source="md">women</contenuImg>
            <contenuImg CS="1.0" lang="en" source="md">putti</contenuImg>
            <contenuImg CS="1.0" lang="en" source="md">Flora (Roman deity)</contenuImg>
            <contenuImg CS="0.05" coul="1" lang="en" source="google">brown</contenuImg>
            <contenuImg CS="0.09" coul="1" lang="en" source="google">cadetblue</contenuImg>
            <contenuImg CS="0.09" coul="1" lang="en" source="google">bakerschocolate</contenuImg>
            <contenuImg CS="0.13" coul="1" lang="en" source="google">black</contenuImg>
            <contenuImg CS="0.14" coul="1" lang="en" source="google">darkslategrey</contenuImg>
            <contenuImg CS="0.19" coul="1" lang="en" source="google">brown</contenuImg>
            <contenuImg CS="0.94" coul="1" lang="en" source="google">darkturquoise</contenuImg>
            <contenuImg CS="0.50" lang="en" source="google">Symmetry</contenuImg>
            <contenuImg CS="0.62" lang="en" source="google">Ornament</contenuImg>
            <contenuImg CS="0.66" lang="en" source="google">Motif</contenuImg>
            <contenuImg CS="0.68" lang="en" source="google">Textile</contenuImg>
            <contenuImg CS="0.69" h="2413" lang="en" source="google" w="4270" x="672.8" y="594.4">Art</contenuImg>
            <contenuImg CS="0.75" h="2413" lang="en" source="google" w="4270" x="672.8" y="594.4">Design</contenuImg>
            <contenuImg CS="0.82" h="2413" lang="en" source="google" w="4270" x="672.8" y="594.4">Visual arts</contenuImg>
            <contenuImg CS="0.90" h="2413" lang="en" source="google" w="4270" x="672.8" y="594.4">Pattern</contenuImg>
            <tech source="final">estampe/gravure</tech>
            <fonction source="md">papier-peint</fonction>
            <fonction source="final">papier-peint</fonction>
            <tech CS="1" source="hm">estampe/gravure</tech>
            <theme CS="1" source="md">0</theme>
            <contenuImg CS="1.0" lang="fr" source="md">Flore (divinité romaine)</contenuImg>
            <contenuImg CS="1.0" lang="fr" source="md">Putti</contenuImg>
            <contenuImg CS="1.0" lang="fr" source="md">Femmes</contenuImg>
            <contenuImg CS="1.0" lang="fr" source="md">Personnages -- Dans l'art</contenuImg>
            <contenuImg CS="1.0" lang="fr" source="md">Peinture en camaïeu</contenuImg>
            <contenuImg CS="1.0" lang="fr" source="md">Fleurs stylisées (ornement)</contenuImg>
            <contenuImg CS="1.0" lang="fr" source="md">Feuillages stylisés</contenuImg>
            <contenuImg CS="1.0" lang="fr" source="md">Médaillons (ornement)</contenuImg>
            <contenuImg CS="1.0" lang="fr" source="md">Motifs décoratifs -- 1789-1799</contenuImg>
            <titraille>Manufacture Bon. Papier à motif répétitif. Motif répétitif à deux chemins, en quinconce : jeune femme et putto : papier peint</titraille>
          </ill>
        </ills>
      </page>
    </pages>
  </contenus>
</analyseAlto>