<analyseAlto>
  <metad>
    <type>I</type>
    <ID>btv1b6900979b</ID>
    <titre>Tour de lit : papier peint</titre>
    <dateEdition>1800</dateEdition>
    <auteur>inconnu</auteur>
    <lang>fre</lang>
    <source>Bibliothèque nationale de France, département Estampes et photographie, Lz-313 (62)-Tableau</source>
    <sujet>Frises -- Volutes -- Roses -- Oeillets (plantes) -- Acanthes -- Tours de lit -- Palmettes (ornement) -- Chutes (ornement) -- Festons -- Rangs de perles (ornement) -- Fleurs stylisées (ornement) -- Noeuds (ornement) -- Décoration et ornement architecturaux -- Motifs décoratifs</sujet>
    <descr>Appartient à l’ensemble documentaire : PaPeint18 -- Domino</descr>
    <format>inconnu</format>
    <couverture>inconnu</couverture>
    <largeurPx>20001</largeurPx>
    <hauteurPx>4873</hauteurPx>
    <ocr>false</ocr>
    <toc>false</toc>
    <caption>false</caption>
    <nbPage>1</nbPage>
  </metad>
  <contenus ocr="false" toc="false">
    <largeur>846</largeur>
    <hauteur>206</hauteur>
    <largeurPx>20001</largeurPx>
    <hauteurPx>4873</hauteurPx>
    <pages>
      <page ordre="1">
        <blocIll ocr="1">1</blocIll>
        <ills>
          <ill classif="CCgoogle" couleur="coul" h="4873" hash="ff00000000ffffff" n="1-1" taille="45" w="20001" x="1" y="1">
            <contenuImg CS="0.80" h="1035" lang="fr" source="google" w="1382" x="3444.1" y="487.3">textile</contenuImg>
            <contenuImg CS="0.72" lang="fr" source="google">conception</contenuImg>
            <contenuImg CS="0.57" lang="fr" source="google">motif</contenuImg>
            <contenuImg CS="0.51" lang="fr" source="google">tapis</contenuImg>
            <contenuImg CS="0.82" h="1035" lang="fr" source="google" w="1382" x="3444.1" y="487.3">modèle motif</contenuImg>
            <contenuImg CS="0.86" h="1035" lang="fr" source="google" w="1382" x="3444.1" y="487.3">art</contenuImg>
            <contenuImg CS="0.82" h="1035" lang="fr" source="google" w="1382" x="3444.1" y="487.3">modèle</contenuImg>
            <contenuImg CS="0.76" h="1035" lang="fr" source="google" w="1382" x="3444.1" y="487.3">arts visuels</contenuImg>
            <contenuImg CS="0.75" lang="fr" source="google">tapisserie</contenuImg>
            <contenuImg CS="0.72" lang="fr" source="google">design</contenuImg>
            <contenuImg CS="0.60" lang="fr" source="google">sol</contenuImg>
            <contenuImg CS="0.54" lang="fr" source="google">design d'intérieur</contenuImg>
            <contenuImg CS="1.29" coul="1" lang="fr" source="google">gris</contenuImg>
            <contenuImg CS="0.58" coul="1" lang="fr" source="google">bois moyen</contenuImg>
            <contenuImg CS="0.24" coul="1" lang="fr" source="google">gris foncé</contenuImg>
            <contenuImg CS="0.21" coul="1" lang="fr" source="google">vert foncé</contenuImg>
            <contenuImg CS="0.14" coul="1" lang="fr" source="google">vert cuivre foncé</contenuImg>
            <contenuImg b="162" coul="1" g="166" ordre="6" r="150" source="colorific" type="frg">#96a6a2</contenuImg>
            <contenuImg b="57" coul="1" g="61" ordre="5" r="46" source="colorific" type="frg">#2e3d39</contenuImg>
            <contenuImg b="74" coul="1" g="92" ordre="4" r="137" source="colorific" type="frg">#895c4a</contenuImg>
            <contenuImg b="122" coul="1" g="133" ordre="3" r="141" source="colorific" type="frg">#8d857a</contenuImg>
            <contenuImg b="63" coul="1" g="52" ordre="2" r="38" source="colorific" type="frg">#26343f</contenuImg>
            <contenuImg b="161" coul="1" g="190" ordre="1" r="206" source="colorific" type="frg">#cebea1</contenuImg>
            <contenuImg CS="1.0" lang="en" source="md">decorative patterns</contenuImg>
            <contenuImg CS="1.0" lang="en" source="md">architectural decoration and ornament</contenuImg>
            <contenuImg CS="1.0" lang="en" source="md">knots (ornament)</contenuImg>
            <contenuImg CS="1.0" lang="en" source="md">stylized flowers (ornament)</contenuImg>
            <contenuImg CS="1.0" lang="en" source="md">rows of pearls (ornament)</contenuImg>
            <contenuImg CS="1.0" lang="en" source="md">scallops</contenuImg>
            <contenuImg CS="1.0" lang="en" source="md">falls (ornament)</contenuImg>
            <contenuImg CS="1.0" lang="en" source="md">palmettes (ornament)</contenuImg>
            <contenuImg CS="1.0" lang="en" source="md">bed valances</contenuImg>
            <contenuImg CS="1.0" lang="en" source="md">acanthus</contenuImg>
            <contenuImg CS="1.0" lang="en" source="md">carnations (plants)</contenuImg>
            <contenuImg CS="1.0" lang="en" source="md">roses (flowers)</contenuImg>
            <contenuImg CS="1.0" lang="en" source="md">swirls</contenuImg>
            <contenuImg CS="1.0" lang="en" source="md">curly</contenuImg>
            <contenuImg CS="0.14" coul="1" lang="en" source="google">darkgreencopper</contenuImg>
            <contenuImg CS="0.21" coul="1" lang="en" source="google">darkgreen</contenuImg>
            <contenuImg CS="0.24" coul="1" lang="en" source="google">darkgray</contenuImg>
            <contenuImg CS="0.55" coul="1" lang="en" source="google">dimgrey</contenuImg>
            <contenuImg CS="0.58" coul="1" lang="en" source="google">mediumwood</contenuImg>
            <contenuImg CS="1.29" coul="1" lang="en" source="google">grey</contenuImg>
            <contenuImg CS="1.37" coul="1" lang="en" source="google">darkgray</contenuImg>
            <contenuImg CS="0.51" lang="en" source="google">Carpet</contenuImg>
            <contenuImg CS="0.54" lang="en" source="google">Interior design</contenuImg>
            <contenuImg CS="0.57" lang="en" source="google">Motif</contenuImg>
            <contenuImg CS="0.60" lang="en" source="google">Flooring</contenuImg>
            <contenuImg CS="0.72" lang="en" source="google">Design</contenuImg>
            <contenuImg CS="0.75" lang="en" source="google">Tapestry</contenuImg>
            <contenuImg CS="0.76" h="1035" lang="en" source="google" w="1382" x="3444.1" y="487.3">Visual arts</contenuImg>
            <contenuImg CS="0.80" h="1035" lang="en" source="google" w="1382" x="3444.1" y="487.3">Textile</contenuImg>
            <contenuImg CS="0.82" h="1035" lang="en" source="google" w="1382" x="3444.1" y="487.3">Pattern</contenuImg>
            <contenuImg CS="0.86" h="1035" lang="en" source="google" w="1382" x="3444.1" y="487.3">Art</contenuImg>
            <tech source="final">estampe/gravure</tech>
            <fonction source="md">papier-peint</fonction>
            <fonction source="final">papier-peint</fonction>
            <tech CS="1" source="hm">estampe/gravure</tech>
            <theme CS="1" source="md">0</theme>
            <contenuImg CS="1.0" lang="fr" source="md">Frises</contenuImg>
            <contenuImg CS="1.0" lang="fr" source="md">Volutes</contenuImg>
            <contenuImg CS="1.0" lang="fr" source="md">Roses</contenuImg>
            <contenuImg CS="1.0" lang="fr" source="md">Oeillets (plantes)</contenuImg>
            <contenuImg CS="1.0" lang="fr" source="md">Acanthes</contenuImg>
            <contenuImg CS="1.0" lang="fr" source="md">Tours de lit</contenuImg>
            <contenuImg CS="1.0" lang="fr" source="md">Palmettes (ornement)</contenuImg>
            <contenuImg CS="1.0" lang="fr" source="md">Chutes (ornement)</contenuImg>
            <contenuImg CS="1.0" lang="fr" source="md">Festons</contenuImg>
            <contenuImg CS="1.0" lang="fr" source="md">Rangs de perles (ornement)</contenuImg>
            <contenuImg CS="1.0" lang="fr" source="md">Fleurs stylisées (ornement)</contenuImg>
            <contenuImg CS="1.0" lang="fr" source="md">Noeuds (ornement)</contenuImg>
            <contenuImg CS="1.0" lang="fr" source="md">Décoration et ornement architecturaux</contenuImg>
            <contenuImg CS="1.0" lang="fr" source="md">Motifs décoratifs</contenuImg>
            <titraille>Tour de lit : papier peint</titraille>
          </ill>
        </ills>
      </page>
    </pages>
  </contenus>
</analyseAlto>