<analyseAlto>
  <metad>
    <type>I</type>
    <ID>btv1b6900205m</ID>
    <titre>Manufacture Chapuy. Bordure. Trois bandes de frise principale, entre deux petites frises : papier peint</titre>
    <dateEdition>1799</dateEdition>
    <auteur>inconnu</auteur>
    <lang>fre</lang>
    <source>Bibliothèque nationale de France, département Estampes et photographie, EST LI-15</source>
    <sujet>Ornements géométriques -- Frises -- Rosettes (ornement) -- Motifs décoratifs -- 1789-1799</sujet>
    <descr>Appartient à l’ensemble documentaire : PaPeint18 -- Papier peint</descr>
    <format>inconnu</format>
    <couverture>inconnu</couverture>
    <largeurPx>5528</largeurPx>
    <hauteurPx>3336</hauteurPx>
    <ocr>false</ocr>
    <toc>false</toc>
    <caption>false</caption>
    <nbPage>1</nbPage>
  </metad>
  <contenus ocr="false" toc="false">
    <largeur>234</largeur>
    <hauteur>141</hauteur>
    <largeurPx>5528</largeurPx>
    <hauteurPx>3336</hauteurPx>
    <pages>
      <page ordre="1">
        <blocIll ocr="1">1</blocIll>
        <ills>
          <ill classif="CCgoogle" couleur="coul" h="3336" hash="e5c080fffd80e4cc" n="1-1" taille="8" w="5528" x="1" y="1">
            <contenuImg CS="0.80" h="3320" lang="fr" source="google" w="3325" x="1654.8" y="333.6">conception</contenuImg>
            <contenuImg CS="0.73" h="3320" lang="fr" source="google" w="3325" x="1654.8" y="333.6">textile</contenuImg>
            <contenuImg CS="0.55" lang="fr" source="google">motif</contenuImg>
            <contenuImg CS="0.54" lang="fr" source="google">couverture</contenuImg>
            <contenuImg CS="0.61" lang="fr" source="google">modèle motif</contenuImg>
            <contenuImg CS="0.80" h="3320" lang="fr" source="google" w="3325" x="1654.8" y="333.6">design</contenuImg>
            <contenuImg CS="0.75" h="3320" lang="fr" source="google" w="3325" x="1654.8" y="333.6">ligne</contenuImg>
            <contenuImg CS="0.61" lang="fr" source="google">modèle</contenuImg>
            <contenuImg CS="0.61" lang="fr" source="google">rectangle</contenuImg>
            <contenuImg CS="0.59" lang="fr" source="google">arts visuels</contenuImg>
            <contenuImg CS="0.56" lang="fr" source="google">symétrie</contenuImg>
            <contenuImg CS="0.81" coul="1" lang="fr" source="google">bronze</contenuImg>
            <contenuImg CS="0.78" coul="1" lang="fr" source="google">vert olive foncé</contenuImg>
            <contenuImg CS="0.78" coul="1" lang="fr" source="google">beige pâle</contenuImg>
            <contenuImg CS="0.75" coul="1" lang="fr" source="google">bois moyen</contenuImg>
            <contenuImg CS="0.40" coul="1" lang="fr" source="google">noir</contenuImg>
            <contenuImg b="123" coul="1" g="189" r="209" source="colorific" type="bkg">#d1bd7b</contenuImg>
            <contenuImg b="0" coul="1" g="0" ordre="6" r="0" source="colorific" type="frg">#000000</contenuImg>
            <contenuImg b="76" coul="1" g="88" ordre="5" r="102" source="colorific" type="frg">#66584c</contenuImg>
            <contenuImg b="107" coul="1" g="113" ordre="4" r="95" source="colorific" type="frg">#5f716b</contenuImg>
            <contenuImg b="92" coul="1" g="88" ordre="3" r="102" source="colorific" type="frg">#66585c</contenuImg>
            <contenuImg b="21" coul="1" g="33" ordre="2" r="24" source="colorific" type="frg">#182115</contenuImg>
            <contenuImg b="102" coul="1" g="135" ordre="1" r="150" source="colorific" type="frg">#968766</contenuImg>
            <contenuImg CS="1.0" lang="en" source="md">decorative patterns - 1789-1799</contenuImg>
            <contenuImg CS="1.0" lang="en" source="md">rosettes (ornament)</contenuImg>
            <contenuImg CS="1.0" lang="en" source="md">curly</contenuImg>
            <contenuImg CS="1.0" lang="en" source="md">geometric ornaments</contenuImg>
            <contenuImg CS="0.40" coul="1" lang="en" source="google">black</contenuImg>
            <contenuImg CS="0.75" coul="1" lang="en" source="google">mediumwood</contenuImg>
            <contenuImg CS="0.78" coul="1" lang="en" source="google">newtan</contenuImg>
            <contenuImg CS="0.78" coul="1" lang="en" source="google">darkolivegreen</contenuImg>
            <contenuImg CS="0.81" coul="1" lang="en" source="google">bronze</contenuImg>
            <contenuImg CS="0.54" lang="en" source="google">Rug</contenuImg>
            <contenuImg CS="0.55" lang="en" source="google">Motif</contenuImg>
            <contenuImg CS="0.56" lang="en" source="google">Symmetry</contenuImg>
            <contenuImg CS="0.59" lang="en" source="google">Visual arts</contenuImg>
            <contenuImg CS="0.61" lang="en" source="google">Rectangle</contenuImg>
            <contenuImg CS="0.61" lang="en" source="google">Pattern</contenuImg>
            <contenuImg CS="0.73" h="3320" lang="en" source="google" w="3325" x="1654.8" y="333.6">Textile</contenuImg>
            <contenuImg CS="0.75" h="3320" lang="en" source="google" w="3325" x="1654.8" y="333.6">Line</contenuImg>
            <contenuImg CS="0.80" h="3320" lang="en" source="google" w="3325" x="1654.8" y="333.6">Design</contenuImg>
            <contenuImg CS="0.96" h="3320" lang="en" source="google" w="3325" x="1654.8" y="333.6">Pattern</contenuImg>
            <tech source="final">estampe/gravure</tech>
            <fonction source="md">papier-peint</fonction>
            <fonction source="final">papier-peint</fonction>
            <tech CS="1" source="hm">estampe/gravure</tech>
            <theme CS="1" source="md">0</theme>
            <contenuImg CS="1.0" lang="fr" source="md">Ornements géométriques</contenuImg>
            <contenuImg CS="1.0" lang="fr" source="md">Frises</contenuImg>
            <contenuImg CS="1.0" lang="fr" source="md">Rosettes (ornement)</contenuImg>
            <contenuImg CS="1.0" lang="fr" source="md">Motifs décoratifs -- 1789-1799</contenuImg>
            <titraille>Manufacture Chapuy. Bordure. Trois bandes de frise principale, entre deux petites frises : papier peint</titraille>
          </ill>
        </ills>
      </page>
    </pages>
  </contenus>
</analyseAlto>