<analyseAlto>
  <metad>
    <type>I</type>
    <ID>btv1b69003620</ID>
    <titre>Manufacture Jacquemart et Bénard. Bordure. Une bande verticale de motifs  à l_étrusque  alternant dans des compartiments géométriques un caducée, un satyre au tambourin, un triton (?) et un satyre enfant : papier peint</titre>
    <dateEdition>1799</dateEdition>
    <auteur>inconnu</auteur>
    <lang>fre</lang>
    <source>Bibliothèque nationale de France</source>
    <sujet>Caducée -- Tambourin (tambour) -- Instruments de musique -- Motifs à l_étrusque -- Satyres (mythologie grecque) -- Tritons (mythologie grecque) -- Motifs décoratifs -- 1789-1799</sujet>
    <descr>Appartient à l’ensemble documentaire : PaPeint18 -- Papier peint</descr>
    <format>inconnu</format>
    <couverture>inconnu</couverture>
    <largeurPx>2240</largeurPx>
    <hauteurPx>6504</hauteurPx>
    <ocr>false</ocr>
    <toc>false</toc>
    <nbPage>1</nbPage>
  </metad>
  <contenus ocr="false" toc="false">
    <largeur>94</largeur>
    <hauteur>275</hauteur>
    <largeurPx>2240</largeurPx>
    <hauteurPx>6504</hauteurPx>
    <pages>
      <page ordre="1">
        <blocIll ocr="1">1</blocIll>
        <ills>
          <ill classif="CCgoogle" couleur="coul" h="6504" hash="ad89bd8581a5e785" n="1-1" taille="6" w="2240" x="1" y="1">
            <contenuImg CS="0.66" h="2484" lang="fr" source="google" w="3306" x="224" y="1614.4">textile</contenuImg>
            <contenuImg CS="0.77" coul="1" lang="fr" source="google">bleu acier</contenuImg>
            <contenuImg CS="0.01" coul="1" lang="fr" source="google">bleu ciel</contenuImg>
            <contenuImg CS="0.94" coul="1" h="2484" lang="fr" source="google" w="3306" x="224" y="1614.4">bleu</contenuImg>
            <contenuImg CS="0.72" h="2484" lang="fr" source="google" w="3306" x="224" y="1614.4">organisme</contenuImg>
            <contenuImg CS="0.62" h="2484" lang="fr" source="google" w="3306" x="224" y="1614.4">personnage fictif</contenuImg>
            <contenuImg CS="0.50" lang="fr" source="google">art</contenuImg>
            <contenuImg CS="0.16" coul="1" lang="fr" source="google">chocolat à pâtisser</contenuImg>
            <contenuImg CS="0.10" coul="1" lang="fr" source="google">noir</contenuImg>
            <contenuImg CS="0.74" coul="1" lang="fr" source="google">rose</contenuImg>
            <contenuImg CS="0.55" coul="1" lang="fr" source="google">gris foncé</contenuImg>
            <contenuImg CS="0.38" coul="1" lang="fr" source="google">vert cuivre foncé</contenuImg>
            <contenuImg b="181" coul="1" g="134" r="83" source="colorific" type="bkg">#5386b5</contenuImg>
            <contenuImg b="124" coul="1" g="102" ordre="3" r="81" source="colorific" type="frg">#51667c</contenuImg>
            <contenuImg b="34" coul="1" g="36" ordre="2" r="41" source="colorific" type="frg">#292422</contenuImg>
            <contenuImg b="91" coul="1" g="91" ordre="1" r="98" source="colorific" type="frg">#625b5b</contenuImg>
            <contenuImg CS="1.0" lang="en" source="md">decorative patterns - 1789-1799</contenuImg>
            <contenuImg CS="1.0" lang="en" source="md">newts (Greek mythology)</contenuImg>
            <contenuImg CS="1.0" lang="en" source="md">satyrs (Greek mythology)</contenuImg>
            <contenuImg CS="1.0" lang="en" source="md">Etruscan patterns</contenuImg>
            <contenuImg CS="1.0" lang="en" source="md">musical instruments</contenuImg>
            <contenuImg CS="1.0" lang="en" source="md">Tambourine (drum)</contenuImg>
            <contenuImg CS="1.0" lang="en" source="md">caduceus</contenuImg>
            <contenuImg CS="0.38" coul="1" lang="en" source="google">darkgreencopper</contenuImg>
            <contenuImg CS="0.55" coul="1" lang="en" source="google">darkgray</contenuImg>
            <contenuImg CS="0.01" coul="1" lang="en" source="google">skyblue</contenuImg>
            <contenuImg CS="0.74" coul="1" lang="en" source="google">pink</contenuImg>
            <contenuImg CS="0.10" coul="1" lang="en" source="google">black</contenuImg>
            <contenuImg CS="0.16" coul="1" lang="en" source="google">bakerschocolate</contenuImg>
            <contenuImg CS="0.77" coul="1" lang="en" source="google">steelblue</contenuImg>
            <contenuImg CS="0.50" lang="en" source="google">Art</contenuImg>
            <contenuImg CS="0.62" h="2484" lang="en" source="google" w="3306" x="224" y="1614.4">Fictional character</contenuImg>
            <contenuImg CS="0.66" h="2484" lang="en" source="google" w="3306" x="224" y="1614.4">Textile</contenuImg>
            <contenuImg CS="0.72" h="2484" lang="en" source="google" w="3306" x="224" y="1614.4">Organism</contenuImg>
            <contenuImg CS="0.94" coul="1" h="2484" lang="en" source="google" w="3306" x="224" y="1614.4">Blue</contenuImg>
            <tech source="final">estampe/gravure</tech>
            <fonction source="md">papier-peint</fonction>
            <fonction source="final">papier-peint</fonction>
            <tech CS="1" source="hm">estampe/gravure</tech>
            <theme CS="1" source="md">0</theme>
            <contenuImg CS="1.0" lang="fr" source="md">Caducée</contenuImg>
            <contenuImg CS="1.0" lang="fr" source="md">Tambourin (tambour)</contenuImg>
            <contenuImg CS="1.0" lang="fr" source="md">Instruments de musique</contenuImg>
            <contenuImg CS="1.0" lang="fr" source="md">Motifs à l'étrusque</contenuImg>
            <contenuImg CS="1.0" lang="fr" source="md">Satyres (mythologie grecque)</contenuImg>
            <contenuImg CS="1.0" lang="fr" source="md">Tritons (mythologie grecque)</contenuImg>
            <contenuImg CS="1.0" lang="fr" source="md">Motifs décoratifs -- 1789-1799</contenuImg>
            <titraille>Manufacture Jacquemart et Bénard. Bordure. Une bande verticale de motifs  à l_étrusque  alternant dans des compartiments géométriques un caducée, un satyre au tambourin, un triton (?) et un satyre enfant : papier peint</titraille>
          </ill>
        </ills>
      </page>
    </pages>
  </contenus>
</analyseAlto>