<analyseAlto>
  <metad>
    <type>I</type>
    <ID>btv1b69002617</ID>
    <titre>Manufacture Dubuisson. Bordure. Une bande de frise grecque à rosettes, palmettes et frise de fleurons : papier peint</titre>
    <dateEdition>1800</dateEdition>
    <auteur>inconnu</auteur>
    <lang>fre</lang>
    <source>Bibliothèque nationale de France, département Estampes et photographie, EST LZ-312 (6)</source>
    <sujet>Frises -- Grecques (ornement) -- Palmettes (ornement) -- Rosettes (ornement) -- Fleurons (ornement) -- Décoration et ornement architecturaux -- Motifs décoratifs -- 1800-1869</sujet>
    <descr>Appartient à l’ensemble documentaire : PaPeint18 -- Papier peint</descr>
    <format>inconnu</format>
    <couverture>inconnu</couverture>
    <largeurPx>8880</largeurPx>
    <hauteurPx>2464</hauteurPx>
    <ocr>false</ocr>
    <toc>false</toc>
    <caption>false</caption>
    <nbPage>1</nbPage>
  </metad>
  <contenus ocr="false" toc="false">
    <largeur>375</largeur>
    <hauteur>104</hauteur>
    <largeurPx>8880</largeurPx>
    <hauteurPx>2464</hauteurPx>
    <pages>
      <page ordre="1">
        <blocIll ocr="1">1</blocIll>
        <ills>
          <ill classif="CCgoogle" couleur="coul" h="2464" hash="00ff010049d7d7ff" n="1-1" taille="10" w="8880" x="1" y="1">
            <contenuImg CS="0.81" h="2973" lang="fr" source="google" w="2973" x="3286" y="246.4">modèle motif</contenuImg>
            <contenuImg CS="0.88" h="2973" lang="fr" source="google" w="2973" x="3286" y="246.4">police de caractère</contenuImg>
            <contenuImg CS="0.86" coul="1" h="2973" lang="fr" source="google" w="2973" x="3286" y="246.4">jaune</contenuImg>
            <contenuImg CS="0.81" h="2973" lang="fr" source="google" w="2973" x="3286" y="246.4">modèle</contenuImg>
            <contenuImg CS="0.73" h="2973" lang="fr" source="google" w="2973" x="3286" y="246.4">ligne</contenuImg>
            <contenuImg CS="0.66" lang="fr" source="google">symétrie</contenuImg>
            <contenuImg CS="0.55" lang="fr" source="google">illustration</contenuImg>
            <contenuImg CS="0.06" coul="1" lang="fr" source="google">bleu nuit</contenuImg>
            <contenuImg CS="0.66" coul="1" lang="fr" source="google">gris foncé</contenuImg>
            <contenuImg CS="0.41" coul="1" lang="fr" source="google">chocolat à pâtisser</contenuImg>
            <contenuImg CS="0.39" coul="1" lang="fr" source="google">bleuet</contenuImg>
            <contenuImg CS="0.25" coul="1" lang="fr" source="google">bois moyen</contenuImg>
            <contenuImg CS="0.24" coul="1" lang="fr" source="google">gris</contenuImg>
            <contenuImg b="116" coul="1" g="213" r="223" source="colorific" type="bkg">#dfd574</contenuImg>
            <contenuImg b="0" coul="1" g="0" ordre="4" r="0" source="colorific" type="frg">#000000</contenuImg>
            <contenuImg b="18" coul="1" g="45" ordre="3" r="40" source="colorific" type="frg">#282d12</contenuImg>
            <contenuImg b="7" coul="1" g="26" ordre="2" r="8" source="colorific" type="frg">#081a07</contenuImg>
            <contenuImg b="108" coul="1" g="125" ordre="1" r="141" source="colorific" type="frg">#8d7d6c</contenuImg>
            <contenuImg CS="1.0" lang="en" source="md">decorative patterns - 1800-1869</contenuImg>
            <contenuImg CS="1.0" lang="en" source="md">architectural decoration and ornament</contenuImg>
            <contenuImg CS="1.0" lang="en" source="md">flowerets (ornament)</contenuImg>
            <contenuImg CS="1.0" lang="en" source="md">rosettes (ornament)</contenuImg>
            <contenuImg CS="1.0" lang="en" source="md">palmettes (ornament)</contenuImg>
            <contenuImg CS="1.0" lang="en" source="md">Greek (ornament)</contenuImg>
            <contenuImg CS="1.0" lang="en" source="md">curly</contenuImg>
            <contenuImg CS="0.24" coul="1" lang="en" source="google">gray</contenuImg>
            <contenuImg CS="0.25" coul="1" lang="en" source="google">mediumwood</contenuImg>
            <contenuImg CS="0.39" coul="1" lang="en" source="google">cornflowerblue</contenuImg>
            <contenuImg CS="0.41" coul="1" lang="en" source="google">bakerschocolate</contenuImg>
            <contenuImg CS="0.66" coul="1" lang="en" source="google">darkgray</contenuImg>
            <contenuImg CS="0.06" coul="1" lang="en" source="google">midnightblue</contenuImg>
            <contenuImg CS="1.47" coul="1" lang="en" source="google">mediumwood</contenuImg>
            <contenuImg CS="0.55" lang="en" source="google">Illustration</contenuImg>
            <contenuImg CS="0.66" lang="en" source="google">Symmetry</contenuImg>
            <contenuImg CS="0.73" h="2973" lang="en" source="google" w="2973" x="3286" y="246.4">Line</contenuImg>
            <contenuImg CS="0.81" h="2973" lang="en" source="google" w="2973" x="3286" y="246.4">Pattern</contenuImg>
            <contenuImg CS="0.86" h="2973" lang="en" source="google" w="2973" x="3286" y="246.4">Yellow</contenuImg>
            <contenuImg CS="0.88" h="2973" lang="en" source="google" w="2973" x="3286" y="246.4">Font</contenuImg>
            <tech source="final">estampe/gravure</tech>
            <fonction source="md">papier-peint</fonction>
            <fonction source="final">papier-peint</fonction>
            <tech CS="1" source="hm">estampe/gravure</tech>
            <theme CS="1" source="md">0</theme>
            <contenuImg CS="1.0" lang="fr" source="md">Frises</contenuImg>
            <contenuImg CS="1.0" lang="fr" source="md">Grecques (ornement)</contenuImg>
            <contenuImg CS="1.0" lang="fr" source="md">Palmettes (ornement)</contenuImg>
            <contenuImg CS="1.0" lang="fr" source="md">Rosettes (ornement)</contenuImg>
            <contenuImg CS="1.0" lang="fr" source="md">Fleurons (ornement)</contenuImg>
            <contenuImg CS="1.0" lang="fr" source="md">Décoration et ornement architecturaux</contenuImg>
            <contenuImg CS="1.0" lang="fr" source="md">Motifs décoratifs -- 1800-1869</contenuImg>
            <titraille>Manufacture Dubuisson. Bordure. Une bande de frise grecque à rosettes, palmettes et frise de fleurons : papier peint</titraille>
          </ill>
        </ills>
      </page>
    </pages>
  </contenus>
</analyseAlto>