<analyseAlto>
  <metad>
    <type>I</type>
    <ID>btv1b6900717j</ID>
    <titre>Manufacture Jacquemart et Bénard. Bordure. Une bande de frises superposées : papier peint</titre>
    <dateEdition>1803</dateEdition>
    <auteur>Jacquemart et Bénard (Manufacture). Fonction indéterminée</auteur>
    <lang>fre</lang>
    <source>Bibliothèque nationale de France</source>
    <sujet>Frises -- Étoiles -- Baies (fruits) -- Volutes -- Rangs de perles (ornement) -- Végétaux stylisés -- Rosettes (ornement) -- Palmettes (ornement) -- Décoration et ornement architecturaux -- 1800-1869 -- Motifs décoratifs -- 1800-1869</sujet>
    <descr>Appartient à l’ensemble documentaire : PaPeint18 -- Papier peint</descr>
    <format>inconnu</format>
    <couverture>inconnu</couverture>
    <largeurPx>4496</largeurPx>
    <hauteurPx>6720</hauteurPx>
    <ocr>false</ocr>
    <toc>false</toc>
    <nbPage>1</nbPage>
  </metad>
  <contenus ocr="false" toc="false">
    <largeur>190</largeur>
    <hauteur>284</hauteur>
    <largeurPx>4496</largeurPx>
    <hauteurPx>6720</hauteurPx>
    <pages>
      <page ordre="1">
        <blocIll ocr="1">1</blocIll>
        <ills>
          <ill classif="CCgoogle" couleur="coul" h="6720" hash="fffffddd04180000" n="1-1" taille="14" w="4496" x="1" y="1">
            <contenuImg CS="0.74" h="1615" lang="fr" source="google" w="2854" x="449.6" y="1527">conception</contenuImg>
            <contenuImg CS="0.59" lang="fr" source="google">ornement</contenuImg>
            <contenuImg CS="0.89" h="1615" lang="fr" source="google" w="2854" x="449.6" y="1527">modèle motif</contenuImg>
            <contenuImg CS="0.89" h="1615" lang="fr" source="google" w="2854" x="449.6" y="1527">modèle</contenuImg>
            <contenuImg CS="0.78" h="1615" lang="fr" source="google" w="2854" x="449.6" y="1527">police de caractère</contenuImg>
            <contenuImg CS="0.74" h="1615" lang="fr" source="google" w="2854" x="449.6" y="1527">design</contenuImg>
            <contenuImg CS="0.59" h="1615" lang="fr" source="google" w="2854" x="449.6" y="1527">arts visuels</contenuImg>
            <contenuImg CS="0.34" coul="1" lang="fr" source="google">beige pâle</contenuImg>
            <contenuImg CS="0.71" coul="1" lang="fr" source="google">rose</contenuImg>
            <contenuImg CS="0.23" coul="1" lang="fr" source="google">chair</contenuImg>
            <contenuImg CS="0.20" coul="1" lang="fr" source="google">bronze</contenuImg>
            <contenuImg CS="0.18" coul="1" lang="fr" source="google">jaune d'or</contenuImg>
            <contenuImg b="149" coul="1" g="199" r="227" source="colorific" type="bkg">#e3c795</contenuImg>
            <contenuImg b="88" coul="1" g="124" ordre="2" r="136" source="colorific" type="frg">#887c58</contenuImg>
            <contenuImg b="48" coul="1" g="59" ordre="1" r="51" source="colorific" type="frg">#333b30</contenuImg>
            <contenuImg CS="1.0" lang="en" source="md">decorative patterns - 1800-1869</contenuImg>
            <contenuImg CS="1.0" lang="en" source="md">architectural decoration and ornament - 1800-1869</contenuImg>
            <contenuImg CS="1.0" lang="en" source="md">palmettes (ornament)</contenuImg>
            <contenuImg CS="1.0" lang="en" source="md">rosettes (ornament)</contenuImg>
            <contenuImg CS="1.0" lang="en" source="md">stylized plants</contenuImg>
            <contenuImg CS="1.0" lang="en" source="md">rows of pearls (ornament)</contenuImg>
            <contenuImg CS="1.0" lang="en" source="md">swirls</contenuImg>
            <contenuImg CS="1.0" lang="en" source="md">berries (fruits)</contenuImg>
            <contenuImg CS="1.0" lang="en" source="md">stars</contenuImg>
            <contenuImg CS="1.0" lang="en" source="md">curly</contenuImg>
            <contenuImg CS="0.18" coul="1" lang="en" source="google">mediumgoldenrod</contenuImg>
            <contenuImg CS="0.20" coul="1" lang="en" source="google">bronze</contenuImg>
            <contenuImg CS="0.23" coul="1" lang="en" source="google">flesh</contenuImg>
            <contenuImg CS="0.71" coul="1" lang="en" source="google">pink</contenuImg>
            <contenuImg CS="0.34" coul="1" lang="en" source="google">newtan</contenuImg>
            <contenuImg CS="2.36" coul="1" lang="en" source="google">newtan</contenuImg>
            <contenuImg CS="0.59" lang="en" source="google">Ornament</contenuImg>
            <contenuImg CS="0.59" h="1615" lang="en" source="google" w="2854" x="449.6" y="1527">Visual arts</contenuImg>
            <contenuImg CS="0.74" h="1615" lang="en" source="google" w="2854" x="449.6" y="1527">Design</contenuImg>
            <contenuImg CS="0.78" h="1615" lang="en" source="google" w="2854" x="449.6" y="1527">Font</contenuImg>
            <contenuImg CS="0.89" h="1615" lang="en" source="google" w="2854" x="449.6" y="1527">Pattern</contenuImg>
            <tech source="final">estampe/gravure</tech>
            <fonction source="md">papier-peint</fonction>
            <fonction source="final">papier-peint</fonction>
            <tech CS="1" source="hm">estampe/gravure</tech>
            <theme CS="1" source="md">0</theme>
            <contenuImg CS="1.0" lang="fr" source="md">Frises</contenuImg>
            <contenuImg CS="1.0" lang="fr" source="md">Étoiles</contenuImg>
            <contenuImg CS="1.0" lang="fr" source="md">Baies (fruits)</contenuImg>
            <contenuImg CS="1.0" lang="fr" source="md">Volutes</contenuImg>
            <contenuImg CS="1.0" lang="fr" source="md">Rangs de perles (ornement)</contenuImg>
            <contenuImg CS="1.0" lang="fr" source="md">Végétaux stylisés</contenuImg>
            <contenuImg CS="1.0" lang="fr" source="md">Rosettes (ornement)</contenuImg>
            <contenuImg CS="1.0" lang="fr" source="md">Palmettes (ornement)</contenuImg>
            <contenuImg CS="1.0" lang="fr" source="md">Décoration et ornement architecturaux -- 1800-1869</contenuImg>
            <contenuImg CS="1.0" lang="fr" source="md">Motifs décoratifs -- 1800-1869</contenuImg>
            <titraille>Manufacture Jacquemart et Bénard. Bordure. Une bande de frises superposées : papier peint</titraille>
          </ill>
        </ills>
      </page>
    </pages>
  </contenus>
</analyseAlto>