<analyseAlto>
  <metad>
    <type>I</type>
    <ID>btv1b69008189</ID>
    <titre>Manufacture Jacquemart et Bénard. Bordure. Trois bandes de frise en relief : papier peint</titre>
    <dateEdition>1803</dateEdition>
    <auteur>Jacquemart et Bénard (Manufacture). Fonction indéterminée</auteur>
    <lang>fre</lang>
    <source>Bibliothèque nationale de France</source>
    <sujet>Frises -- Ornements géométriques -- Losanges (ornement) -- Rosettes (ornement) -- Trompe-l_oeil (ornement) -- Motifs décoratifs -- 1800-1869</sujet>
    <descr>Appartient à l’ensemble documentaire : PaPeint18 -- Papier peint</descr>
    <format>inconnu</format>
    <couverture>inconnu</couverture>
    <largeurPx>3448</largeurPx>
    <hauteurPx>5672</hauteurPx>
    <ocr>false</ocr>
    <toc>false</toc>
    <nbPage>1</nbPage>
  </metad>
  <contenus ocr="false" toc="false">
    <largeur>145</largeur>
    <hauteur>240</hauteur>
    <largeurPx>3448</largeurPx>
    <hauteurPx>5672</hauteurPx>
    <pages>
      <page ordre="1">
        <blocIll ocr="1">1</blocIll>
        <ills>
          <ill classif="CCgoogle" couleur="coul" h="5672" hash="4a4adacacacacada" n="1-1" taille="9" w="3448" x="1" y="1">
            <contenuImg CS="0.68" h="1876" lang="fr" source="google" w="3320" x="344.8" y="567.2">modèle motif</contenuImg>
            <contenuImg CS="0.68" h="1876" lang="fr" source="google" w="3320" x="344.8" y="567.2">modèle</contenuImg>
            <contenuImg CS="0.40" coul="1" lang="fr" source="google">bronze</contenuImg>
            <contenuImg CS="0.25" coul="1" lang="fr" source="google">noir</contenuImg>
            <contenuImg CS="0.24" coul="1" lang="fr" source="google">chocolat à pâtisser</contenuImg>
            <contenuImg CS="0.17" coul="1" lang="fr" source="google">marron</contenuImg>
            <contenuImg CS="0.67" coul="1" lang="fr" source="google">bois moyen</contenuImg>
            <contenuImg CS="0.36" coul="1" lang="fr" source="google">vert cuivre foncé</contenuImg>
            <contenuImg b="33" coul="1" g="43" ordre="6" r="69" source="colorific" type="frg">#452b21</contenuImg>
            <contenuImg b="125" coul="1" g="143" ordre="5" r="101" source="colorific" type="frg">#658f7d</contenuImg>
            <contenuImg b="46" coul="1" g="64" ordre="4" r="175" source="colorific" type="frg">#af402e</contenuImg>
            <contenuImg b="56" coul="1" g="72" ordre="3" r="63" source="colorific" type="frg">#3f4838</contenuImg>
            <contenuImg b="35" coul="1" g="36" ordre="2" r="33" source="colorific" type="frg">#212423</contenuImg>
            <contenuImg b="99" coul="1" g="142" ordre="1" r="150" source="colorific" type="frg">#968e63</contenuImg>
            <contenuImg CS="1.0" lang="en" source="md">decorative patterns - 1800-1869</contenuImg>
            <contenuImg CS="1.0" lang="en" source="md">trompe-l'oeil (ornament)</contenuImg>
            <contenuImg CS="1.0" lang="en" source="md">rosettes (ornament)</contenuImg>
            <contenuImg CS="1.0" lang="en" source="md">rhombuses (ornament)</contenuImg>
            <contenuImg CS="1.0" lang="en" source="md">geometric ornaments</contenuImg>
            <contenuImg CS="1.0" lang="en" source="md">curly</contenuImg>
            <contenuImg CS="0.36" coul="1" lang="en" source="google">darkgreencopper</contenuImg>
            <contenuImg CS="0.67" coul="1" lang="en" source="google">mediumwood</contenuImg>
            <contenuImg CS="0.17" coul="1" lang="en" source="google">brown</contenuImg>
            <contenuImg CS="0.24" coul="1" lang="en" source="google">bakerschocolate</contenuImg>
            <contenuImg CS="0.25" coul="1" lang="en" source="google">black</contenuImg>
            <contenuImg CS="0.40" coul="1" lang="en" source="google">bronze</contenuImg>
            <contenuImg CS="0.69" coul="1" lang="en" source="google">brown</contenuImg>
            <contenuImg CS="0.68" h="1876" lang="en" source="google" w="3320" x="344.8" y="567.2">Pattern</contenuImg>
            <tech source="final">estampe/gravure</tech>
            <fonction source="md">papier-peint</fonction>
            <fonction source="final">papier-peint</fonction>
            <tech CS="1" source="hm">estampe/gravure</tech>
            <theme CS="1" source="md">0</theme>
            <contenuImg CS="1.0" lang="fr" source="md">Frises</contenuImg>
            <contenuImg CS="1.0" lang="fr" source="md">Ornements géométriques</contenuImg>
            <contenuImg CS="1.0" lang="fr" source="md">Losanges (ornement)</contenuImg>
            <contenuImg CS="1.0" lang="fr" source="md">Rosettes (ornement)</contenuImg>
            <contenuImg CS="1.0" lang="fr" source="md">Trompe-l'oeil (ornement)</contenuImg>
            <contenuImg CS="1.0" lang="fr" source="md">Motifs décoratifs -- 1800-1869</contenuImg>
            <titraille>Manufacture Jacquemart et Bénard. Bordure. Trois bandes de frise en relief : papier peint</titraille>
          </ill>
        </ills>
      </page>
    </pages>
  </contenus>
</analyseAlto>