<analyseAlto>
  <metad>
    <type>I</type>
    <ID>btv1b6901277d</ID>
    <titre>Papier à motif répétitif : papier peint</titre>
    <dateEdition>1802</dateEdition>
    <auteur>Zuber et Compagnie (Manufacture). Fonction indéterminée</auteur>
    <lang>fre</lang>
    <source>Bibliothèque nationale de France, département Estampes et photographie, EST LI-22</source>
    <sujet>Feuilles de fantaisie -- Fleurs stylisées (ornement) -- Fonds feuilletés (ornement) -- Motifs décoratifs</sujet>
    <descr>Appartient à l’ensemble documentaire : PaPeint18 -- Papier peint</descr>
    <format>inconnu</format>
    <couverture>inconnu</couverture>
    <largeurPx>6528</largeurPx>
    <hauteurPx>3248</hauteurPx>
    <ocr>false</ocr>
    <toc>false</toc>
    <caption>false</caption>
    <nbPage>1</nbPage>
  </metad>
  <contenus ocr="false" toc="false">
    <largeur>276</largeur>
    <hauteur>137</hauteur>
    <largeurPx>6528</largeurPx>
    <hauteurPx>3248</hauteurPx>
    <pages>
      <page ordre="1">
        <blocIll ocr="1">1</blocIll>
        <ills>
          <ill classif="CCgoogle" couleur="coul" h="3248" hash="bb8c353388f5338a" n="1-1" taille="9" w="6528" x="1" y="1">
            <contenuImg CS="0.74" lang="fr" source="google">conception</contenuImg>
            <contenuImg CS="0.79" h="3320" lang="fr" source="google" w="3325" x="2661.8" y="324.8">botanique</contenuImg>
            <contenuImg CS="0.92" h="3320" lang="fr" source="google" w="3325" x="2661.8" y="324.8">modèle motif</contenuImg>
            <contenuImg CS="0.95" h="3320" lang="fr" source="google" w="3325" x="2661.8" y="324.8">feuille</contenuImg>
            <contenuImg CS="0.92" h="3320" lang="fr" source="google" w="3325" x="2661.8" y="324.8">modèle</contenuImg>
            <contenuImg CS="0.84" h="3320" lang="fr" source="google" w="3325" x="2661.8" y="324.8">plante</contenuImg>
            <contenuImg CS="0.74" lang="fr" source="google">design</contenuImg>
            <contenuImg CS="0.73" lang="fr" source="google">fleur</contenuImg>
            <contenuImg CS="0.53" lang="fr" source="google">fond d'écran</contenuImg>
            <contenuImg CS="0.67" coul="1" lang="fr" source="google">gris ardoise foncé</contenuImg>
            <contenuImg CS="0.58" coul="1" lang="fr" source="google">gris</contenuImg>
            <contenuImg CS="0.41" coul="1" lang="fr" source="google">vert cuivre foncé</contenuImg>
            <contenuImg CS="0.33" coul="1" lang="fr" source="google">argent</contenuImg>
            <contenuImg CS="0.19" coul="1" lang="fr" source="google">bleu nuit</contenuImg>
            <contenuImg b="255" coul="1" g="255" ordre="5" r="255" source="colorific" type="frg">#ffffff</contenuImg>
            <contenuImg b="70" coul="1" g="41" ordre="4" r="7" source="colorific" type="frg">#072946</contenuImg>
            <contenuImg b="113" coul="1" g="129" ordre="3" r="125" source="colorific" type="frg">#7d8171</contenuImg>
            <contenuImg b="122" coul="1" g="88" ordre="2" r="54" source="colorific" type="frg">#36587a</contenuImg>
            <contenuImg b="165" coul="1" g="161" ordre="1" r="150" source="colorific" type="frg">#96a1a5</contenuImg>
            <contenuImg CS="1.0" lang="en" source="md">decorative patterns</contenuImg>
            <contenuImg CS="1.0" lang="en" source="md">flaky backgrounds (Ornament)</contenuImg>
            <contenuImg CS="1.0" lang="en" source="md">stylized flowers (ornament)</contenuImg>
            <contenuImg CS="1.0" lang="en" source="md">fancy leaves</contenuImg>
            <contenuImg CS="0.19" coul="1" lang="en" source="google">midnightblue</contenuImg>
            <contenuImg CS="0.33" coul="1" lang="en" source="google">silver</contenuImg>
            <contenuImg CS="0.41" coul="1" lang="en" source="google">darkgreencopper</contenuImg>
            <contenuImg CS="0.58" coul="1" lang="en" source="google">gray</contenuImg>
            <contenuImg CS="0.77" coul="1" lang="en" source="google">midnightblue</contenuImg>
            <contenuImg CS="0.67" coul="1" lang="en" source="google">darkslategrey</contenuImg>
            <contenuImg CS="1.12" coul="1" lang="en" source="google">midnightblue</contenuImg>
            <contenuImg CS="0.53" lang="en" source="google">Wallpaper</contenuImg>
            <contenuImg CS="0.73" lang="en" source="google">Flower</contenuImg>
            <contenuImg CS="0.74" lang="en" source="google">Design</contenuImg>
            <contenuImg CS="0.79" h="3320" lang="en" source="google" w="3325" x="2661.8" y="324.8">Botany</contenuImg>
            <contenuImg CS="0.84" h="3320" lang="en" source="google" w="3325" x="2661.8" y="324.8">Plant</contenuImg>
            <contenuImg CS="0.92" h="3320" lang="en" source="google" w="3325" x="2661.8" y="324.8">Pattern</contenuImg>
            <contenuImg CS="0.95" h="3320" lang="en" source="google" w="3325" x="2661.8" y="324.8">Leaf</contenuImg>
            <tech source="final">estampe/gravure</tech>
            <fonction source="md">papier-peint</fonction>
            <fonction source="final">papier-peint</fonction>
            <tech CS="1" source="hm">estampe/gravure</tech>
            <theme CS="1" source="md">0</theme>
            <contenuImg CS="1.0" lang="fr" source="md">Feuilles de fantaisie</contenuImg>
            <contenuImg CS="1.0" lang="fr" source="md">Fleurs stylisées (ornement)</contenuImg>
            <contenuImg CS="1.0" lang="fr" source="md">Fonds feuilletés (ornement)</contenuImg>
            <contenuImg CS="1.0" lang="fr" source="md">Motifs décoratifs</contenuImg>
            <titraille>Papier à motif répétitif : papier peint</titraille>
          </ill>
        </ills>
      </page>
    </pages>
  </contenus>
</analyseAlto>