<analyseAlto>
  <metad>
    <type>I</type>
    <ID>btv1b6900323w</ID>
    <titre>Manufacture Duserre et Cie. Bordure. unU bande de frise principale de palmettes et rosaces de fantaisie, inscrites dans des ovales végétaux, et losanges : papier peint</titre>
    <dateEdition>1799</dateEdition>
    <auteur>inconnu</auteur>
    <lang>fre</lang>
    <source>Bibliothèque nationale de France, département Estampes et photographie, EST LZ-312 (3)</source>
    <sujet>Frises -- Rosaces (architecture) -- Baies (fruits) -- Palmettes (ornement) -- Losanges (ornement) -- Ovales (ornement) -- Végétaux stylisés -- Arceaux -- Motifs décoratifs -- 1789-1799</sujet>
    <descr>Appartient à l’ensemble documentaire : PaPeint18 -- Papier peint</descr>
    <format>inconnu</format>
    <couverture>inconnu</couverture>
    <largeurPx>9200</largeurPx>
    <hauteurPx>3832</hauteurPx>
    <ocr>false</ocr>
    <toc>false</toc>
    <caption>false</caption>
    <nbPage>1</nbPage>
  </metad>
  <contenus ocr="false" toc="false">
    <largeur>389</largeur>
    <hauteur>162</hauteur>
    <largeurPx>9200</largeurPx>
    <hauteurPx>3832</hauteurPx>
    <pages>
      <page ordre="1">
        <blocIll ocr="1">1</blocIll>
        <ills>
          <ill classif="CCgoogle" couleur="coul" h="3832" hash="ffffffca800080a0" n="1-1" taille="16" w="9200" x="1" y="1">
            <contenuImg CS="0.78" h="1781" lang="fr" source="google" w="1339" x="2387" y="383.2">textile</contenuImg>
            <contenuImg CS="0.74" lang="fr" source="google">conception</contenuImg>
            <contenuImg CS="0.71" lang="fr" source="google">magenta</contenuImg>
            <contenuImg CS="0.58" lang="fr" source="google">ornement</contenuImg>
            <contenuImg CS="0.86" h="1781" lang="fr" source="google" w="1339" x="2387" y="383.2">modèle motif</contenuImg>
            <contenuImg CS="0.23" coul="1" lang="fr" source="google">bleu ardoise foncé</contenuImg>
            <contenuImg CS="0.86" h="1781" lang="fr" source="google" w="1339" x="2387" y="383.2">modèle</contenuImg>
            <contenuImg CS="0.84" coul="1" h="1781" lang="fr" source="google" w="1339" x="2387" y="383.2">rose</contenuImg>
            <contenuImg CS="0.78" h="1781" lang="fr" source="google" w="1339" x="2387" y="383.2">mur</contenuImg>
            <contenuImg CS="0.74" lang="fr" source="google">design</contenuImg>
            <contenuImg CS="0.71" lang="fr" source="google">broderie</contenuImg>
            <contenuImg CS="0.69" lang="fr" source="google">police de caractère</contenuImg>
            <contenuImg CS="0.67" lang="fr" source="google">arts visuels</contenuImg>
            <contenuImg CS="1.06" coul="1" lang="fr" source="google">vert cuivre</contenuImg>
            <contenuImg CS="0.89" coul="1" lang="fr" source="google">saumon</contenuImg>
            <contenuImg CS="0.82" coul="1" lang="fr" source="google">vert olive foncé</contenuImg>
            <contenuImg CS="0.68" coul="1" lang="fr" source="google">bronze</contenuImg>
            <contenuImg CS="0.60" coul="1" lang="fr" source="google">noir</contenuImg>
            <contenuImg b="42" coul="1" g="70" ordre="4" r="78" source="colorific" type="frg">#4e462a</contenuImg>
            <contenuImg b="74" coul="1" g="72" ordre="3" r="112" source="colorific" type="frg">#70484a</contenuImg>
            <contenuImg b="19" coul="1" g="31" ordre="2" r="46" source="colorific" type="frg">#2e1f13</contenuImg>
            <contenuImg b="86" coul="1" g="128" ordre="1" r="136" source="colorific" type="frg">#888056</contenuImg>
            <contenuImg CS="1.0" lang="en" source="md">decorative patterns - 1789-1799</contenuImg>
            <contenuImg CS="1.0" lang="en" source="md">hoops</contenuImg>
            <contenuImg CS="1.0" lang="en" source="md">stylized plants</contenuImg>
            <contenuImg CS="1.0" lang="en" source="md">oval (ornament)</contenuImg>
            <contenuImg CS="1.0" lang="en" source="md">rhombuses (ornament)</contenuImg>
            <contenuImg CS="1.0" lang="en" source="md">palmettes (ornament)</contenuImg>
            <contenuImg CS="1.0" lang="en" source="md">berries (fruits)</contenuImg>
            <contenuImg CS="1.0" lang="en" source="md">rosettes (architecture)</contenuImg>
            <contenuImg CS="1.0" lang="en" source="md">curly</contenuImg>
            <contenuImg CS="0.23" coul="1" lang="en" source="google">darkslateblue</contenuImg>
            <contenuImg CS="0.60" coul="1" lang="en" source="google">black</contenuImg>
            <contenuImg CS="0.68" coul="1" lang="en" source="google">bronze</contenuImg>
            <contenuImg CS="0.82" coul="1" lang="en" source="google">darkolivegreen</contenuImg>
            <contenuImg CS="0.89" coul="1" lang="en" source="google">salmon</contenuImg>
            <contenuImg CS="1.06" coul="1" lang="en" source="google">greencopper</contenuImg>
            <contenuImg CS="0.58" lang="en" source="google">Ornament</contenuImg>
            <contenuImg CS="0.67" lang="en" source="google">Visual arts</contenuImg>
            <contenuImg CS="0.69" lang="en" source="google">Font</contenuImg>
            <contenuImg CS="0.71" lang="en" source="google">Embroidery</contenuImg>
            <contenuImg CS="0.71" lang="en" source="google">Magenta</contenuImg>
            <contenuImg CS="0.74" lang="en" source="google">Design</contenuImg>
            <contenuImg CS="0.78" h="1781" lang="en" source="google" w="1339" x="2387" y="383.2">Textile</contenuImg>
            <contenuImg CS="0.78" h="1781" lang="en" source="google" w="1339" x="2387" y="383.2">Wall</contenuImg>
            <contenuImg CS="0.84" coul="1" h="1781" lang="en" source="google" w="1339" x="2387" y="383.2">Pink</contenuImg>
            <contenuImg CS="0.86" h="1781" lang="en" source="google" w="1339" x="2387" y="383.2">Pattern</contenuImg>
            <tech source="final">estampe/gravure</tech>
            <fonction source="md">papier-peint</fonction>
            <fonction source="final">papier-peint</fonction>
            <tech CS="1" source="hm">estampe/gravure</tech>
            <theme CS="1" source="md">0</theme>
            <contenuImg CS="1.0" lang="fr" source="md">Frises</contenuImg>
            <contenuImg CS="1.0" lang="fr" source="md">Rosaces (architecture)</contenuImg>
            <contenuImg CS="1.0" lang="fr" source="md">Baies (fruits)</contenuImg>
            <contenuImg CS="1.0" lang="fr" source="md">Palmettes (ornement)</contenuImg>
            <contenuImg CS="1.0" lang="fr" source="md">Losanges (ornement)</contenuImg>
            <contenuImg CS="1.0" lang="fr" source="md">Ovales (ornement)</contenuImg>
            <contenuImg CS="1.0" lang="fr" source="md">Végétaux stylisés</contenuImg>
            <contenuImg CS="1.0" lang="fr" source="md">Arceaux</contenuImg>
            <contenuImg CS="1.0" lang="fr" source="md">Motifs décoratifs -- 1789-1799</contenuImg>
            <titraille>Manufacture Duserre et Cie. Bordure. unU bande de frise principale de palmettes et rosaces de fantaisie, inscrites dans des ovales végétaux, et losanges : papier peint</titraille>
          </ill>
        </ills>
      </page>
    </pages>
  </contenus>
</analyseAlto>