<analyseAlto>
  <metad>
    <type>I</type>
    <ID>btv1b6900037w</ID>
    <titre>Manufacture Bon. Bordure. Une bande de frise d_alvéoles à fuseaux et fleurs stylisées : papier peint</titre>
    <dateEdition>1799</dateEdition>
    <auteur>inconnu</auteur>
    <lang>fre</lang>
    <source>Bibliothèque nationale de France, département Estampes et photographie, EST LI-15</source>
    <sujet>Frises -- Fuseaux (ornement) -- Alvéoles -- Fleurs stylisées (ornement) -- Motifs décoratifs -- 1789-1799</sujet>
    <descr>Appartient à l’ensemble documentaire : PaPeint18 -- Papier peint</descr>
    <format>inconnu</format>
    <couverture>inconnu</couverture>
    <largeurPx>5408</largeurPx>
    <hauteurPx>1392</hauteurPx>
    <ocr>false</ocr>
    <toc>false</toc>
    <caption>false</caption>
    <nbPage>1</nbPage>
  </metad>
  <contenus ocr="false" toc="false">
    <largeur>228</largeur>
    <hauteur>58</hauteur>
    <largeurPx>5408</largeurPx>
    <hauteurPx>1392</hauteurPx>
    <pages>
      <page ordre="1">
        <blocIll ocr="1">1</blocIll>
        <ills>
          <ill classif="CCgoogle" couleur="coul" h="1392" hash="170006ff0404ffff" n="1-1" taille="3" w="5408" x="1" y="1">
            <contenuImg CS="0.68" h="2973" lang="fr" source="google" w="2232" x="5708.8" y="139.2">textile</contenuImg>
            <contenuImg CS="0.77" h="2973" lang="fr" source="google" w="2232" x="5708.8" y="139.2">modèle motif</contenuImg>
            <contenuImg CS="0.84" coul="1" h="2973" lang="fr" source="google" w="2232" x="5708.8" y="139.2">orange</contenuImg>
            <contenuImg CS="0.83" h="2973" lang="fr" source="google" w="2232" x="5708.8" y="139.2">police de caractère</contenuImg>
            <contenuImg CS="0.77" h="2973" lang="fr" source="google" w="2232" x="5708.8" y="139.2">modèle</contenuImg>
            <contenuImg CS="0.58" lang="fr" source="google">art</contenuImg>
            <contenuImg CS="0.08" coul="1" lang="fr" source="google">noir</contenuImg>
            <contenuImg CS="0.06" coul="1" lang="fr" source="google">argent</contenuImg>
            <contenuImg CS="0.03" coul="1" lang="fr" source="google">cuivre</contenuImg>
            <contenuImg CS="0.40" coul="1" lang="fr" source="google">rouge-orange</contenuImg>
            <contenuImg b="29" coul="1" g="40" ordre="6" r="37" source="colorific" type="frg">#25281d</contenuImg>
            <contenuImg b="52" coul="1" g="91" ordre="5" r="166" source="colorific" type="frg">#a65b34</contenuImg>
            <contenuImg b="69" coul="1" g="133" ordre="4" r="180" source="colorific" type="frg">#b48545</contenuImg>
            <contenuImg b="130" coul="1" g="143" ordre="3" r="159" source="colorific" type="frg">#9f8f82</contenuImg>
            <contenuImg b="0" coul="1" g="0" ordre="2" r="0" source="colorific" type="frg">#000000</contenuImg>
            <contenuImg b="31" coul="1" g="65" ordre="1" r="185" source="colorific" type="frg">#b9411f</contenuImg>
            <contenuImg CS="1.0" lang="en" source="md">decorative patterns - 1789-1799</contenuImg>
            <contenuImg CS="1.0" lang="en" source="md">stylized flowers (ornament)</contenuImg>
            <contenuImg CS="1.0" lang="en" source="md">alveoli</contenuImg>
            <contenuImg CS="1.0" lang="en" source="md">spindles (ornament)</contenuImg>
            <contenuImg CS="1.0" lang="en" source="md">curly</contenuImg>
            <contenuImg CS="0.40" coul="1" lang="en" source="google">orangered</contenuImg>
            <contenuImg CS="0.03" coul="1" lang="en" source="google">copper</contenuImg>
            <contenuImg CS="0.06" coul="1" lang="en" source="google">silver</contenuImg>
            <contenuImg CS="0.08" coul="1" lang="en" source="google">black</contenuImg>
            <contenuImg CS="0.11" coul="1" lang="en" source="google">silver</contenuImg>
            <contenuImg CS="0.14" coul="1" lang="en" source="google">black</contenuImg>
            <contenuImg CS="1.17" coul="1" lang="en" source="google">copper</contenuImg>
            <contenuImg CS="0.58" lang="en" source="google">Art</contenuImg>
            <contenuImg CS="0.68" h="2973" lang="en" source="google" w="2232" x="5708.8" y="139.2">Textile</contenuImg>
            <contenuImg CS="0.77" h="2973" lang="en" source="google" w="2232" x="5708.8" y="139.2">Pattern</contenuImg>
            <contenuImg CS="0.83" h="2973" lang="en" source="google" w="2232" x="5708.8" y="139.2">Font</contenuImg>
            <contenuImg CS="0.84" coul="1" h="2973" lang="en" source="google" w="2232" x="5708.8" y="139.2">Orange</contenuImg>
            <tech source="final">estampe/gravure</tech>
            <fonction source="md">papier-peint</fonction>
            <fonction source="final">papier-peint</fonction>
            <tech CS="1" source="hm">estampe/gravure</tech>
            <theme CS="1" source="md">0</theme>
            <contenuImg CS="1.0" lang="fr" source="md">Frises</contenuImg>
            <contenuImg CS="1.0" lang="fr" source="md">Fuseaux (ornement)</contenuImg>
            <contenuImg CS="1.0" lang="fr" source="md">Alvéoles</contenuImg>
            <contenuImg CS="1.0" lang="fr" source="md">Fleurs stylisées (ornement)</contenuImg>
            <contenuImg CS="1.0" lang="fr" source="md">Motifs décoratifs -- 1789-1799</contenuImg>
            <titraille>Manufacture Bon. Bordure. Une bande de frise d_alvéoles à fuseaux et fleurs stylisées : papier peint</titraille>
          </ill>
        </ills>
      </page>
    </pages>
  </contenus>
</analyseAlto>