<analyseAlto>
  <metad>
    <type>I</type>
    <ID>btv1b69013948</ID>
    <titre>Manufacture Robert. Lambris imitant le marbre : papier peint</titre>
    <dateEdition>1799</dateEdition>
    <auteur>inconnu</auteur>
    <lang>fre</lang>
    <source>Bibliothèque nationale de France, département Estampes et photographie, Lz-313 (70)-Tableau</source>
    <sujet>Frises -- Lambris -- Marbre -- Acanthes -- Trompe-l_oeil (ornement) -- Camaïeu, Peinture en -- Chimère (mythologie grecque) -- Vases à l'antique -- Palmettes (ornement) -- Motifs en S -- Rinceaux -- Fleurons (ornement) -- Décoration et ornement architecturaux -- 1789-1799 -- Motifs décoratifs -- 1789-1799</sujet>
    <descr>Appartient à l’ensemble documentaire : PaPeint18 -- Papier peint</descr>
    <format>inconnu</format>
    <couverture>inconnu</couverture>
    <largeurPx>14520</largeurPx>
    <hauteurPx>7200</hauteurPx>
    <ocr>false</ocr>
    <toc>false</toc>
    <nbPage>1</nbPage>
  </metad>
  <contenus ocr="false" toc="false">
    <largeur>614</largeur>
    <hauteur>304</hauteur>
    <largeurPx>14520</largeurPx>
    <hauteurPx>7200</hauteurPx>
    <pages>
      <page ordre="1">
        <blocIll ocr="1">1</blocIll>
        <ills>
          <ill classif="CCgoogle" couleur="coul" h="7200" hash="ffffff0083a2a000" n="1-1" taille="48" w="14520" x="1" y="1">
            <contenuImg CS="0.56" lang="fr" source="google">modèle motif</contenuImg>
            <contenuImg CS="0.82" coul="1" h="2113" lang="fr" source="google" w="2816" x="2307" y="720">marron</contenuImg>
            <contenuImg CS="0.75" h="2113" lang="fr" source="google" w="2816" x="2307" y="720">sculpture</contenuImg>
            <contenuImg CS="0.71" h="2113" lang="fr" source="google" w="2816" x="2307" y="720">art</contenuImg>
            <contenuImg CS="0.66" h="2113" lang="fr" source="google" w="2816" x="2307" y="720">métal</contenuImg>
            <contenuImg CS="0.56" lang="fr" source="google">modèle</contenuImg>
            <contenuImg CS="0.55" lang="fr" source="google">arts visuels</contenuImg>
            <contenuImg CS="1.29" coul="1" lang="fr" source="google">chocolat à pâtisser</contenuImg>
            <contenuImg CS="0.75" coul="1" lang="fr" source="google">vert olive foncé</contenuImg>
            <contenuImg CS="0.62" coul="1" lang="fr" source="google">bronze</contenuImg>
            <contenuImg CS="0.33" coul="1" lang="fr" source="google">vert foncé</contenuImg>
            <contenuImg CS="0.24" coul="1" lang="fr" source="google">noir</contenuImg>
            <contenuImg CS="0.10" coul="1" lang="fr" source="google">brun foncé</contenuImg>
            <contenuImg b="52" coul="1" g="106" r="139" source="colorific" type="bkg">#8b6a34</contenuImg>
            <contenuImg b="60" coul="1" g="72" ordre="6" r="62" source="colorific" type="frg">#3e483c</contenuImg>
            <contenuImg b="17" coul="1" g="34" ordre="5" r="40" source="colorific" type="frg">#282211</contenuImg>
            <contenuImg b="137" coul="1" g="169" ordre="4" r="184" source="colorific" type="frg">#b8a989</contenuImg>
            <contenuImg b="26" coul="1" g="30" ordre="3" r="9" source="colorific" type="frg">#091e1a</contenuImg>
            <contenuImg b="32" coul="1" g="59" ordre="2" r="78" source="colorific" type="frg">#4e3b20</contenuImg>
            <contenuImg b="0" coul="1" g="0" ordre="1" r="0" source="colorific" type="frg">#000000</contenuImg>
            <contenuImg CS="1.0" lang="en" source="md">decorative patterns - 1789-1799</contenuImg>
            <contenuImg CS="1.0" lang="en" source="md">architectural decoration and ornament - 1789-1799</contenuImg>
            <contenuImg CS="1.0" lang="en" source="md">flowerets (ornament)</contenuImg>
            <contenuImg CS="1.0" lang="en" source="md">scrollwork</contenuImg>
            <contenuImg CS="1.0" lang="en" source="md">S-shaped patterns</contenuImg>
            <contenuImg CS="1.0" lang="en" source="md">palmettes (ornament)</contenuImg>
            <contenuImg CS="1.0" lang="en" source="md">vases in the antique</contenuImg>
            <contenuImg CS="1.0" lang="en" source="md">Chimera (Greek mythology)</contenuImg>
            <contenuImg CS="1.0" lang="en" source="md">camaïeu painting</contenuImg>
            <contenuImg CS="1.0" lang="en" source="md">trompe-l'oeil (ornament)</contenuImg>
            <contenuImg CS="1.0" lang="en" source="md">acanthus</contenuImg>
            <contenuImg CS="1.0" lang="en" source="md">marble</contenuImg>
            <contenuImg CS="1.0" lang="en" source="md">paneling</contenuImg>
            <contenuImg CS="1.0" lang="en" source="md">curly</contenuImg>
            <contenuImg CS="0.10" coul="1" lang="en" source="google">darktan</contenuImg>
            <contenuImg CS="0.24" coul="1" lang="en" source="google">black</contenuImg>
            <contenuImg CS="0.33" coul="1" lang="en" source="google">darkgreen</contenuImg>
            <contenuImg CS="0.62" coul="1" lang="en" source="google">bronze</contenuImg>
            <contenuImg CS="0.75" coul="1" lang="en" source="google">darkolivegreen</contenuImg>
            <contenuImg CS="0.07" coul="1" lang="en" source="google">black</contenuImg>
            <contenuImg CS="0.78" coul="1" lang="en" source="google">black</contenuImg>
            <contenuImg CS="1.29" coul="1" lang="en" source="google">bakerschocolate</contenuImg>
            <contenuImg CS="0.55" lang="en" source="google">Visual arts</contenuImg>
            <contenuImg CS="0.56" lang="en" source="google">Pattern</contenuImg>
            <contenuImg CS="0.66" h="2113" lang="en" source="google" w="2816" x="2307" y="720">Metal</contenuImg>
            <contenuImg CS="0.71" h="2113" lang="en" source="google" w="2816" x="2307" y="720">Art</contenuImg>
            <contenuImg CS="0.75" h="2113" lang="en" source="google" w="2816" x="2307" y="720">Carving</contenuImg>
            <contenuImg CS="0.82" coul="1" h="2113" lang="en" source="google" w="2816" x="2307" y="720">Brown</contenuImg>
            <tech source="final">estampe/gravure</tech>
            <fonction source="md">papier-peint</fonction>
            <fonction source="final">papier-peint</fonction>
            <tech CS="1" source="hm">estampe/gravure</tech>
            <theme CS="1" source="md">0</theme>
            <contenuImg CS="1.0" lang="fr" source="md">Frises</contenuImg>
            <contenuImg CS="1.0" lang="fr" source="md">Lambris</contenuImg>
            <contenuImg CS="1.0" lang="fr" source="md">Marbre</contenuImg>
            <contenuImg CS="1.0" lang="fr" source="md">Acanthes</contenuImg>
            <contenuImg CS="1.0" lang="fr" source="md">Trompe-l'oeil (ornement)</contenuImg>
            <contenuImg CS="1.0" lang="fr" source="md">Peinture en camaïeu</contenuImg>
            <contenuImg CS="1.0" lang="fr" source="md">Chimère (mythologie grecque)</contenuImg>
            <contenuImg CS="1.0" lang="fr" source="md">Vases à l'antique</contenuImg>
            <contenuImg CS="1.0" lang="fr" source="md">Palmettes (ornement)</contenuImg>
            <contenuImg CS="1.0" lang="fr" source="md">Motifs en S</contenuImg>
            <contenuImg CS="1.0" lang="fr" source="md">Rinceaux</contenuImg>
            <contenuImg CS="1.0" lang="fr" source="md">Fleurons (ornement)</contenuImg>
            <contenuImg CS="1.0" lang="fr" source="md">Décoration et ornement architecturaux -- 1789-1799</contenuImg>
            <contenuImg CS="1.0" lang="fr" source="md">Motifs décoratifs -- 1789-1799</contenuImg>
            <titraille>Manufacture Robert. Lambris imitant le marbre : papier peint</titraille>
          </ill>
        </ills>
      </page>
    </pages>
  </contenus>
</analyseAlto>