<analyseAlto>
  <metad>
    <type>I</type>
    <ID>btv1b6900925s</ID>
    <titre>Papier à motif répétitif : papier peint</titre>
    <dateEdition>1805</dateEdition>
    <auteur>Jacquemart et Bénard (Manufacture). Fonction indéterminée</auteur>
    <lang>fre</lang>
    <source>Bibliothèque nationale de France</source>
    <sujet>Cannage -- Ornements géométriques -- Végétaux de fantaisie -- Trompe-l_oeil (ornement) -- Motifs décoratifs</sujet>
    <descr>Appartient à l’ensemble documentaire : PaPeint18 -- Papier peint</descr>
    <format>inconnu</format>
    <couverture>inconnu</couverture>
    <largeurPx>6816</largeurPx>
    <hauteurPx>6024</hauteurPx>
    <ocr>false</ocr>
    <toc>false</toc>
    <nbPage>1</nbPage>
  </metad>
  <contenus ocr="false" toc="false">
    <largeur>288</largeur>
    <hauteur>255</hauteur>
    <largeurPx>6816</largeurPx>
    <hauteurPx>6024</hauteurPx>
    <pages>
      <page ordre="1">
        <blocIll ocr="1">1</blocIll>
        <ills>
          <ill classif="CCgoogle" couleur="coul" h="6024" hash="d555aaa855aaaa55" n="1-1" taille="19" w="6816" x="1" y="1">
            <contenuImg CS="0.73" h="3771" lang="fr" source="google" w="3776" x="928.6" y="602.4">conception</contenuImg>
            <contenuImg CS="0.66" lang="fr" source="google">textile</contenuImg>
            <contenuImg CS="0.84" h="3771" lang="fr" source="google" w="3776" x="928.6" y="602.4">pédicelle</contenuImg>
            <contenuImg CS="0.64" lang="fr" source="google">fleurs sauvages</contenuImg>
            <contenuImg CS="0.63" lang="fr" source="google">couverture</contenuImg>
            <contenuImg CS="0.91" h="3771" lang="fr" source="google" w="3776" x="928.6" y="602.4">modèle motif</contenuImg>
            <contenuImg CS="0.91" h="3771" lang="fr" source="google" w="3776" x="928.6" y="602.4">modèle</contenuImg>
            <contenuImg CS="0.73" h="3771" lang="fr" source="google" w="3776" x="928.6" y="602.4">design</contenuImg>
            <contenuImg CS="0.70" h="3771" lang="fr" source="google" w="3776" x="928.6" y="602.4">plante</contenuImg>
            <contenuImg CS="0.68" lang="fr" source="google">fleur</contenuImg>
            <contenuImg CS="0.61" lang="fr" source="google">fond d'écran</contenuImg>
            <contenuImg CS="0.38" coul="1" lang="fr" source="google">beige</contenuImg>
            <contenuImg CS="0.31" coul="1" lang="fr" source="google">bois moyen</contenuImg>
            <contenuImg CS="0.26" coul="1" lang="fr" source="google">noir</contenuImg>
            <contenuImg CS="0.26" coul="1" lang="fr" source="google">vert cuivre foncé</contenuImg>
            <contenuImg CS="0.25" coul="1" lang="fr" source="google">bronze</contenuImg>
            <contenuImg b="121" coul="1" g="180" r="229" source="colorific" type="bkg">#e5b479</contenuImg>
            <contenuImg b="88" coul="1" g="114" ordre="4" r="116" source="colorific" type="frg">#747258</contenuImg>
            <contenuImg b="30" coul="1" g="35" ordre="3" r="45" source="colorific" type="frg">#2d231e</contenuImg>
            <contenuImg b="39" coul="1" g="42" ordre="2" r="31" source="colorific" type="frg">#1f2a27</contenuImg>
            <contenuImg b="112" coul="1" g="121" ordre="1" r="83" source="colorific" type="frg">#537970</contenuImg>
            <contenuImg CS="1.0" lang="en" source="md">decorative patterns</contenuImg>
            <contenuImg CS="1.0" lang="en" source="md">trompe-l'oeil (ornament)</contenuImg>
            <contenuImg CS="1.0" lang="en" source="md">fancy plants</contenuImg>
            <contenuImg CS="1.0" lang="en" source="md">geometric ornaments</contenuImg>
            <contenuImg CS="1.0" lang="en" source="md">wickerwork</contenuImg>
            <contenuImg CS="0.25" coul="1" lang="en" source="google">bronze</contenuImg>
            <contenuImg CS="0.26" coul="1" lang="en" source="google">darkgreencopper</contenuImg>
            <contenuImg CS="0.05" coul="1" lang="en" source="google">darkgreencopper</contenuImg>
            <contenuImg CS="0.26" coul="1" lang="en" source="google">black</contenuImg>
            <contenuImg CS="0.31" coul="1" lang="en" source="google">mediumwood</contenuImg>
            <contenuImg CS="0.38" coul="1" lang="en" source="google">tan</contenuImg>
            <contenuImg CS="0.61" lang="en" source="google">Wallpaper</contenuImg>
            <contenuImg CS="0.63" lang="en" source="google">Rug</contenuImg>
            <contenuImg CS="0.64" lang="en" source="google">Wildflower</contenuImg>
            <contenuImg CS="0.64" coul="1" lang="en" source="google">Beige</contenuImg>
            <contenuImg CS="0.66" lang="en" source="google">Textile</contenuImg>
            <contenuImg CS="0.68" lang="en" source="google">Flower</contenuImg>
            <contenuImg CS="0.70" h="3771" lang="en" source="google" w="3776" x="928.6" y="602.4">Plant</contenuImg>
            <contenuImg CS="0.73" h="3771" lang="en" source="google" w="3776" x="928.6" y="602.4">Design</contenuImg>
            <contenuImg CS="0.84" h="3771" lang="en" source="google" w="3776" x="928.6" y="602.4">Pedicel</contenuImg>
            <contenuImg CS="0.91" h="3771" lang="en" source="google" w="3776" x="928.6" y="602.4">Pattern</contenuImg>
            <tech source="final">estampe/gravure</tech>
            <fonction source="md">papier-peint</fonction>
            <fonction source="final">papier-peint</fonction>
            <tech CS="1" source="hm">estampe/gravure</tech>
            <theme CS="1" source="md">0</theme>
            <contenuImg CS="1.0" lang="fr" source="md">Cannage</contenuImg>
            <contenuImg CS="1.0" lang="fr" source="md">Ornements géométriques</contenuImg>
            <contenuImg CS="1.0" lang="fr" source="md">Végétaux de fantaisie</contenuImg>
            <contenuImg CS="1.0" lang="fr" source="md">Trompe-l'oeil (ornement)</contenuImg>
            <contenuImg CS="1.0" lang="fr" source="md">Motifs décoratifs</contenuImg>
            <titraille>Papier à motif répétitif : papier peint</titraille>
          </ill>
        </ills>
      </page>
    </pages>
  </contenus>
</analyseAlto>