<analyseAlto>
  <metad>
    <type>I</type>
    <ID>btv1b69006176</ID>
    <titre>Papier à motif répétitif : papier peint</titre>
    <dateEdition>1801</dateEdition>
    <auteur>inconnu</auteur>
    <lang>fre</lang>
    <source>Bibliothèque nationale de France</source>
    <sujet>Acanthes -- Roses -- Primevères -- Végétaux de fantaisie -- Vases à l_antique -- Camaïeu, Peinture en -- Cols-de-cygne -- Fleurs (ornement) -- Altéa -- Motifs décoratifs</sujet>
    <descr>Appartient à l’ensemble documentaire : PaPeint18 -- Papier peint</descr>
    <format>inconnu</format>
    <couverture>inconnu</couverture>
    <largeurPx>6816</largeurPx>
    <hauteurPx>7400</hauteurPx>
    <ocr>false</ocr>
    <toc>false</toc>
    <nbPage>1</nbPage>
  </metad>
  <contenus ocr="false" toc="false">
    <largeur>288</largeur>
    <hauteur>313</hauteur>
    <largeurPx>6816</largeurPx>
    <hauteurPx>7400</hauteurPx>
    <pages>
      <page ordre="1">
        <blocIll ocr="1">1</blocIll>
        <ills>
          <ill classif="CCgoogle" couleur="coul" h="7400" hash="f9a0b0f9bf09090f" n="1-1" taille="23" w="6816" x="1" y="1">
            <contenuImg CS="0.88" h="3293" lang="fr" source="google" w="5823" x="681.6" y="1053">fond d'écran</contenuImg>
            <contenuImg CS="0.88" h="3293" lang="fr" source="google" w="5823" x="681.6" y="1053">art floral</contenuImg>
            <contenuImg CS="0.85" h="3293" lang="fr" source="google" w="5823" x="681.6" y="1053">modèle motif</contenuImg>
            <contenuImg CS="0.82" coul="1" h="3293" lang="fr" source="google" w="5823" x="681.6" y="1053">bleu canard</contenuImg>
            <contenuImg CS="0.76" lang="fr" source="google">fleur</contenuImg>
            <contenuImg CS="0.75" lang="fr" source="google">plante</contenuImg>
            <contenuImg CS="0.75" lang="fr" source="google">textile</contenuImg>
            <contenuImg CS="0.74" lang="fr" source="google">conception</contenuImg>
            <contenuImg CS="0.67" lang="fr" source="google">rose (plante)</contenuImg>
            <contenuImg CS="0.18" b="99" coul="1" g="97" lang="fr" r="181" source="google">bois moyen</contenuImg>
            <contenuImg CS="0.08" b="26" coul="1" g="56" lang="fr" r="31" source="google">vert foncé</contenuImg>
            <contenuImg CS="0.43" b="133" coul="1" g="190" lang="fr" r="238" source="google">beige pâle</contenuImg>
            <contenuImg CS="0.14" b="95" coul="1" g="159" lang="fr" r="193" source="google">vert citron</contenuImg>
            <contenuImg CS="0.14" b="93" coul="1" g="157" lang="fr" r="203" source="google">beige</contenuImg>
            <contenuImg CS="0.11" b="162" coul="1" g="180" r="239" source="google">#efb4a2</contenuImg>
            <contenuImg CS="0.14" b="93" coul="1" g="157" lang="en" r="203" source="google">tan</contenuImg>
            <contenuImg CS="0.14" b="95" coul="1" g="159" lang="en" r="193" source="google">limegreen</contenuImg>
            <contenuImg CS="0.15" b="152" coul="1" g="213" r="250" source="google">#fad598</contenuImg>
            <contenuImg CS="0.16" b="133" coul="1" g="130" lang="en" r="213" source="google">limegreen</contenuImg>
            <contenuImg CS="0.43" b="133" coul="1" g="190" lang="en" r="238" source="google">newtan</contenuImg>
            <contenuImg CS="0.04" b="84" coul="1" g="119" r="125" source="google">#7d7754</contenuImg>
            <contenuImg CS="0.08" b="26" coul="1" g="56" lang="en" r="31" source="google">darkgreen</contenuImg>
            <contenuImg CS="0.18" b="99" coul="1" g="97" lang="en" r="181" source="google">mediumwood</contenuImg>
            <contenuImg CS="2.16" b="134" coul="1" g="196" lang="en" r="235" source="google">newtan</contenuImg>
            <contenuImg CS="0.67" coul="1" lang="en" source="google">Rose</contenuImg>
            <contenuImg CS="0.69" coul="1" lang="en" source="google">Beige</contenuImg>
            <contenuImg CS="0.74" lang="en" source="google">Design</contenuImg>
            <contenuImg CS="0.75" lang="en" source="google">Textile</contenuImg>
            <contenuImg CS="0.75" lang="en" source="google">Plant</contenuImg>
            <contenuImg CS="0.76" lang="en" source="google">Flower</contenuImg>
            <contenuImg CS="0.82" coul="1" h="3293" lang="en" source="google" w="5823" x="681.6" y="1053">Teal</contenuImg>
            <contenuImg CS="0.85" h="3293" lang="en" source="google" w="5823" x="681.6" y="1053">Pattern</contenuImg>
            <contenuImg CS="0.88" h="3293" lang="en" source="google" w="5823" x="681.6" y="1053">Floral design</contenuImg>
            <contenuImg CS="0.88" h="3293" lang="en" source="google" w="5823" x="681.6" y="1053">Wallpaper</contenuImg>
            <contenuImg b="145" coul="1" g="199" r="229" source="colorific" type="bkg">#e5c791</contenuImg>
            <contenuImg b="41" coul="1" g="44" ordre="6" r="114" source="colorific" type="frg">#722c29</contenuImg>
            <contenuImg b="110" coul="1" g="98" ordre="5" r="177" source="colorific" type="frg">#b1626e</contenuImg>
            <contenuImg b="137" coul="1" g="154" ordre="4" r="109" source="colorific" type="frg">#6d9a89</contenuImg>
            <contenuImg b="81" coul="1" g="97" ordre="3" r="67" source="colorific" type="frg">#436151</contenuImg>
            <contenuImg b="119" coul="1" g="141" ordre="2" r="144" source="colorific" type="frg">#908d77</contenuImg>
            <contenuImg b="26" coul="1" g="44" ordre="1" r="30" source="colorific" type="frg">#1e2c1a</contenuImg>
            <contenuImg CS="1.0" lang="en" source="md">decorative patterns</contenuImg>
            <contenuImg CS="1.0" lang="en" source="md">altéa (plantes)</contenuImg>
            <contenuImg CS="1.0" lang="en" source="md">flowers (ornament)</contenuImg>
            <contenuImg CS="1.0" lang="en" source="md">swan neck</contenuImg>
            <contenuImg CS="1.0" lang="en" source="md">camaïeu painting</contenuImg>
            <contenuImg CS="1.0" lang="en" source="md">vases in the antique</contenuImg>
            <contenuImg CS="1.0" lang="en" source="md">fancy plants</contenuImg>
            <contenuImg CS="1.0" lang="en" source="md">primroses (flowers)</contenuImg>
            <contenuImg CS="1.0" lang="en" source="md">roses (flowers)</contenuImg>
            <contenuImg CS="1.0" lang="en" source="md">acanthus</contenuImg>
            <tech source="final">estampe/gravure</tech>
            <fonction source="md">papier-peint</fonction>
            <fonction source="final">papier-peint</fonction>
            <tech CS="1" source="hm">estampe/gravure</tech>
            <theme CS="1" source="md">0</theme>
            <contenuImg CS="1.0" lang="fr" source="md">Acanthes</contenuImg>
            <contenuImg CS="1.0" lang="fr" source="md">Roses</contenuImg>
            <contenuImg CS="1.0" lang="fr" source="md">Primevères</contenuImg>
            <contenuImg CS="1.0" lang="fr" source="md">Végétaux de fantaisie</contenuImg>
            <contenuImg CS="1.0" lang="fr" source="md">Vases à l'antique</contenuImg>
            <contenuImg CS="1.0" lang="fr" source="md">Peinture en camaïeu</contenuImg>
            <contenuImg CS="1.0" lang="fr" source="md">Cols-de-cygne</contenuImg>
            <contenuImg CS="1.0" lang="fr" source="md">Fleurs (ornement)</contenuImg>
            <contenuImg CS="1.0" lang="fr" source="md">Altéa</contenuImg>
            <contenuImg CS="1.0" lang="fr" source="md">Motifs décoratifs</contenuImg>
            <titraille>Papier à motif répétitif : papier peint</titraille>
          </ill>
        </ills>
      </page>
    </pages>
  </contenus>
</analyseAlto>