<analyseAlto>
  <metad>
    <type>I</type>
    <ID>btv1b69006992</ID>
    <titre>Papier à motif répétitif : papier peint</titre>
    <dateEdition>1802</dateEdition>
    <auteur>inconnu</auteur>
    <lang>fre</lang>
    <source>Bibliothèque nationale de France</source>
    <sujet>Peinture et décoration murales -- Frises -- Végétaux de fantaisie -- Coupes à l_antique (ornement) -- Rinceaux -- Arceaux -- Feuilles stylisées (ornement) -- Rangs de perles (ornement) -- Rosettes (ornement) -- Quadrillage -- Décoration et ornement architecturaux -- Motifs décoratifs</sujet>
    <descr>Appartient à l’ensemble documentaire : PaPeint18 -- Papier peint</descr>
    <format>inconnu</format>
    <couverture>inconnu</couverture>
    <largeurPx>6648</largeurPx>
    <hauteurPx>6296</hauteurPx>
    <ocr>false</ocr>
    <toc>false</toc>
    <nbPage>1</nbPage>
  </metad>
  <contenus ocr="false" toc="false">
    <largeur>281</largeur>
    <hauteur>266</hauteur>
    <largeurPx>6648</largeurPx>
    <hauteurPx>6296</hauteurPx>
    <pages>
      <page ordre="1">
        <blocIll ocr="1">1</blocIll>
        <ills>
          <ill classif="CCgoogle" couleur="coul" h="6296" hash="7edb66e7e7006a00" n="1-1" taille="19" w="6648" x="1" y="1">
            <contenuImg CS="0.72" h="2417" lang="fr" source="google" w="4270" x="664.8" y="1441.6">conception</contenuImg>
            <contenuImg CS="0.59" lang="fr" source="google">motif</contenuImg>
            <contenuImg CS="0.88" h="2417" lang="fr" source="google" w="4270" x="664.8" y="1441.6">modèle motif</contenuImg>
            <contenuImg CS="0.03" coul="1" lang="fr" source="google">bleu acier</contenuImg>
            <contenuImg CS="0.03" coul="1" lang="fr" source="google">violet moyen</contenuImg>
            <contenuImg CS="0.88" h="2417" lang="fr" source="google" w="4270" x="664.8" y="1441.6">modèle</contenuImg>
            <contenuImg CS="0.84" coul="1" h="2417" lang="fr" source="google" w="4270" x="664.8" y="1441.6">turquoise</contenuImg>
            <contenuImg CS="0.79" h="2417" lang="fr" source="google" w="4270" x="664.8" y="1441.6">arts visuels</contenuImg>
            <contenuImg CS="0.72" h="2417" lang="fr" source="google" w="4270" x="664.8" y="1441.6">design</contenuImg>
            <contenuImg CS="0.65" lang="fr" source="google">symétrie</contenuImg>
            <contenuImg CS="1.14" coul="1" lang="fr" source="google">noir</contenuImg>
            <contenuImg CS="0.30" coul="1" lang="fr" source="google">bleu nuit</contenuImg>
            <contenuImg CS="0.21" coul="1" lang="fr" source="google">bleu canard</contenuImg>
            <contenuImg CS="0.03" coul="1" lang="fr" source="google">orange mandarine</contenuImg>
            <contenuImg b="154" coul="1" g="123" r="73" source="colorific" type="bkg">#497b9a</contenuImg>
            <contenuImg b="54" coul="1" g="46" ordre="3" r="18" source="colorific" type="frg">#122e36</contenuImg>
            <contenuImg b="98" coul="1" g="95" ordre="2" r="110" source="colorific" type="frg">#6e5f62</contenuImg>
            <contenuImg b="0" coul="1" g="0" ordre="1" r="0" source="colorific" type="frg">#000000</contenuImg>
            <contenuImg CS="1.0" lang="en" source="md">decorative patterns</contenuImg>
            <contenuImg CS="1.0" lang="en" source="md">architectural decoration and ornament</contenuImg>
            <contenuImg CS="1.0" lang="en" source="md">grid</contenuImg>
            <contenuImg CS="1.0" lang="en" source="md">rosettes (ornament)</contenuImg>
            <contenuImg CS="1.0" lang="en" source="md">rows of pearls (ornament)</contenuImg>
            <contenuImg CS="1.0" lang="en" source="md">stylized leaves (ornament)</contenuImg>
            <contenuImg CS="1.0" lang="en" source="md">hoops</contenuImg>
            <contenuImg CS="1.0" lang="en" source="md">scrollwork</contenuImg>
            <contenuImg CS="1.0" lang="en" source="md">cups in the antique (ornament)</contenuImg>
            <contenuImg CS="1.0" lang="en" source="md">fancy plants</contenuImg>
            <contenuImg CS="1.0" lang="en" source="md">curly</contenuImg>
            <contenuImg CS="1.0" lang="en" source="md">painting and wall decoration</contenuImg>
            <contenuImg CS="0.03" coul="1" lang="en" source="google">mediumvioletred</contenuImg>
            <contenuImg CS="0.03" coul="1" lang="en" source="google">steelblue</contenuImg>
            <contenuImg CS="0.03" coul="1" lang="en" source="google">mandarianorange</contenuImg>
            <contenuImg CS="0.21" coul="1" lang="en" source="google">teal</contenuImg>
            <contenuImg CS="0.30" coul="1" lang="en" source="google">midnightblue</contenuImg>
            <contenuImg CS="1.14" coul="1" lang="en" source="google">black</contenuImg>
            <contenuImg CS="0.59" lang="en" source="google">Motif</contenuImg>
            <contenuImg CS="0.65" lang="en" source="google">Symmetry</contenuImg>
            <contenuImg CS="0.72" h="2417" lang="en" source="google" w="4270" x="664.8" y="1441.6">Design</contenuImg>
            <contenuImg CS="0.79" h="2417" lang="en" source="google" w="4270" x="664.8" y="1441.6">Visual arts</contenuImg>
            <contenuImg CS="0.84" coul="1" h="2417" lang="en" source="google" w="4270" x="664.8" y="1441.6">Turquoise</contenuImg>
            <contenuImg CS="0.88" h="2417" lang="en" source="google" w="4270" x="664.8" y="1441.6">Pattern</contenuImg>
            <tech source="final">estampe/gravure</tech>
            <fonction source="md">papier-peint</fonction>
            <fonction source="final">papier-peint</fonction>
            <tech CS="1" source="hm">estampe/gravure</tech>
            <theme CS="1" source="md">0</theme>
            <contenuImg CS="1.0" lang="fr" source="md">Peinture et décoration murales</contenuImg>
            <contenuImg CS="1.0" lang="fr" source="md">Frises</contenuImg>
            <contenuImg CS="1.0" lang="fr" source="md">Végétaux de fantaisie</contenuImg>
            <contenuImg CS="1.0" lang="fr" source="md">Coupes à l'antique (ornement)</contenuImg>
            <contenuImg CS="1.0" lang="fr" source="md">Rinceaux</contenuImg>
            <contenuImg CS="1.0" lang="fr" source="md">Arceaux</contenuImg>
            <contenuImg CS="1.0" lang="fr" source="md">Feuilles stylisées (ornement)</contenuImg>
            <contenuImg CS="1.0" lang="fr" source="md">Rangs de perles (ornement)</contenuImg>
            <contenuImg CS="1.0" lang="fr" source="md">Rosettes (ornement)</contenuImg>
            <contenuImg CS="1.0" lang="fr" source="md">Quadrillage</contenuImg>
            <contenuImg CS="1.0" lang="fr" source="md">Décoration et ornement architecturaux</contenuImg>
            <contenuImg CS="1.0" lang="fr" source="md">Motifs décoratifs</contenuImg>
            <titraille>Papier à motif répétitif : papier peint</titraille>
          </ill>
        </ills>
      </page>
    </pages>
  </contenus>
</analyseAlto>