<analyseAlto>
  <metad>
    <type>I</type>
    <ID>btv1b6901417t</ID>
    <titre>Bordure : papier peint</titre>
    <dateEdition>1799</dateEdition>
    <auteur>inconnu</auteur>
    <lang>fre</lang>
    <source>Bibliothèque nationale de France</source>
    <sujet>Frises -- Dents-de-loup (ornement) -- Fleurons (ornement) -- Motifs décoratifs</sujet>
    <descr>Appartient à l’ensemble documentaire : PaPeint18 -- Papier peint</descr>
    <format>inconnu</format>
    <couverture>inconnu</couverture>
    <largeurPx>6040</largeurPx>
    <hauteurPx>6840</hauteurPx>
    <ocr>false</ocr>
    <toc>false</toc>
    <nbPage>1</nbPage>
  </metad>
  <contenus ocr="false" toc="false">
    <largeur>255</largeur>
    <hauteur>289</hauteur>
    <largeurPx>6040</largeurPx>
    <hauteurPx>6840</hauteurPx>
    <pages>
      <page ordre="1">
        <blocIll ocr="1">1</blocIll>
        <ills>
          <ill classif="CCgoogle" couleur="coul" h="6840" hash="ffff002024ff0076" n="1-1" taille="19" w="6040" x="1" y="1">
            <contenuImg CS="0.75" lang="fr" source="google">conception</contenuImg>
            <contenuImg CS="0.93" h="2132" lang="fr" source="google" w="3771" x="604" y="684">modèle motif</contenuImg>
            <contenuImg CS="0.96" coul="1" h="2132" lang="fr" source="google" w="3771" x="604" y="684">bleu</contenuImg>
            <contenuImg CS="0.93" h="2132" lang="fr" source="google" w="3771" x="604" y="684">modèle</contenuImg>
            <contenuImg CS="0.90" h="2132" lang="fr" source="google" w="3771" x="604" y="684">symétrie</contenuImg>
            <contenuImg CS="0.83" coul="1" h="2132" lang="fr" source="google" w="3771" x="604" y="684">turquoise</contenuImg>
            <contenuImg CS="0.82" lang="fr" source="google">architecture</contenuImg>
            <contenuImg CS="0.80" coul="1" lang="fr" source="google">bleu canard</contenuImg>
            <contenuImg CS="0.79" lang="fr" source="google">ligne</contenuImg>
            <contenuImg CS="0.75" lang="fr" source="google">design</contenuImg>
            <contenuImg CS="0.67" lang="fr" source="google">façade</contenuImg>
            <contenuImg CS="0.55" lang="fr" source="google">parallèle</contenuImg>
            <contenuImg CS="1.17" coul="1" lang="fr" source="google">vert cuivre foncé</contenuImg>
            <contenuImg CS="0.87" coul="1" lang="fr" source="google">bleu cadet</contenuImg>
            <contenuImg CS="0.30" coul="1" lang="fr" source="google">noir</contenuImg>
            <contenuImg CS="0.63" coul="1" lang="fr" source="google">gris ardoise foncé</contenuImg>
            <contenuImg b="143" coul="1" g="142" r="112" source="colorific" type="bkg">#708e8f</contenuImg>
            <contenuImg b="30" coul="1" g="34" ordre="4" r="14" source="colorific" type="frg">#0e221e</contenuImg>
            <contenuImg b="0" coul="1" g="0" ordre="3" r="0" source="colorific" type="frg">#000000</contenuImg>
            <contenuImg b="62" coul="1" g="65" ordre="2" r="29" source="colorific" type="frg">#1d413e</contenuImg>
            <contenuImg b="89" coul="1" g="75" ordre="1" r="53" source="colorific" type="frg">#354b59</contenuImg>
            <contenuImg CS="1.0" lang="en" source="md">decorative patterns</contenuImg>
            <contenuImg CS="1.0" lang="en" source="md">flowerets (ornament)</contenuImg>
            <contenuImg CS="1.0" lang="en" source="md">wolf's teeth (ornament)</contenuImg>
            <contenuImg CS="1.0" lang="en" source="md">curly</contenuImg>
            <contenuImg CS="0.63" coul="1" lang="en" source="google">darkslategrey</contenuImg>
            <contenuImg CS="0.74" coul="1" lang="en" source="google">darkslategrey</contenuImg>
            <contenuImg CS="0.30" coul="1" lang="en" source="google">black</contenuImg>
            <contenuImg CS="0.87" coul="1" lang="en" source="google">cadetblue</contenuImg>
            <contenuImg CS="1.17" coul="1" lang="en" source="google">darkgreencopper</contenuImg>
            <contenuImg CS="0.55" lang="en" source="google">Parallel</contenuImg>
            <contenuImg CS="0.67" lang="en" source="google">Facade</contenuImg>
            <contenuImg CS="0.75" lang="en" source="google">Design</contenuImg>
            <contenuImg CS="0.79" lang="en" source="google">Line</contenuImg>
            <contenuImg CS="0.80" coul="1" lang="en" source="google">Teal</contenuImg>
            <contenuImg CS="0.82" lang="en" source="google">Architecture</contenuImg>
            <contenuImg CS="0.83" coul="1" h="2132" lang="en" source="google" w="3771" x="604" y="684">Turquoise</contenuImg>
            <contenuImg CS="0.90" h="2132" lang="en" source="google" w="3771" x="604" y="684">Symmetry</contenuImg>
            <contenuImg CS="0.93" h="2132" lang="en" source="google" w="3771" x="604" y="684">Pattern</contenuImg>
            <contenuImg CS="0.96" coul="1" h="2132" lang="en" source="google" w="3771" x="604" y="684">Blue</contenuImg>
            <tech source="final">estampe/gravure</tech>
            <fonction source="md">papier-peint</fonction>
            <fonction source="final">papier-peint</fonction>
            <tech CS="1" source="hm">estampe/gravure</tech>
            <theme CS="1" source="md">0</theme>
            <contenuImg CS="1.0" lang="fr" source="md">Frises</contenuImg>
            <contenuImg CS="1.0" lang="fr" source="md">Dents-de-loup (ornement)</contenuImg>
            <contenuImg CS="1.0" lang="fr" source="md">Fleurons (ornement)</contenuImg>
            <contenuImg CS="1.0" lang="fr" source="md">Motifs décoratifs</contenuImg>
            <titraille>Bordure : papier peint</titraille>
          </ill>
        </ills>
      </page>
    </pages>
  </contenus>
</analyseAlto>