<analyseAlto>
  <metad>
    <type>I</type>
    <ID>btv1b6900535s</ID>
    <titre>Papier à motif répétitif : papier peint</titre>
    <dateEdition>1800</dateEdition>
    <auteur>inconnu</auteur>
    <lang>fre</lang>
    <source>Bibliothèque nationale de France</source>
    <sujet>Ornements géométriques -- Cercle -- Rayures (ornements) -- Ovales (ornement) -- Motifs décoratifs</sujet>
    <descr>Appartient à l’ensemble documentaire : PaPeint18 -- Papier peint</descr>
    <format>inconnu</format>
    <couverture>inconnu</couverture>
    <largeurPx>6192</largeurPx>
    <hauteurPx>6688</hauteurPx>
    <ocr>false</ocr>
    <toc>false</toc>
    <nbPage>1</nbPage>
  </metad>
  <contenus ocr="false" toc="false">
    <largeur>262</largeur>
    <hauteur>283</hauteur>
    <largeurPx>6192</largeurPx>
    <hauteurPx>6688</hauteurPx>
    <pages>
      <page ordre="1">
        <blocIll ocr="1">1</blocIll>
        <ills>
          <ill classif="CCgoogle" couleur="coul" h="6688" hash="bd5a5aa55a18a55a" n="1-1" taille="19" w="6192" x="1" y="1">
            <contenuImg CS="0.96" h="2989" lang="fr" source="google" w="5288" x="619.2" y="953.8">modèle motif</contenuImg>
            <contenuImg CS="0.79" h="2989" lang="fr" source="google" w="5288" x="619.2" y="953.8">conception</contenuImg>
            <contenuImg CS="0.73" h="2989" lang="fr" source="google" w="5288" x="619.2" y="953.8">papier cadeau</contenuImg>
            <contenuImg CS="0.72" h="2989" lang="fr" source="google" w="5288" x="619.2" y="953.8">cercle</contenuImg>
            <contenuImg CS="0.28" b="34" coul="1" g="83" lang="fr" r="101" source="google">morceaux de chocolat</contenuImg>
            <contenuImg CS="0.18" b="89" coul="1" g="120" lang="fr" r="127" source="google">bronze</contenuImg>
            <contenuImg CS="0.12" b="120" coul="1" g="156" lang="fr" r="164" source="google">bois moyen</contenuImg>
            <contenuImg CS="0.11" b="56" coul="1" g="87" lang="fr" r="92" source="google">vert olive foncé</contenuImg>
            <contenuImg CS="0.10" b="160" coul="1" g="217" lang="fr" r="242" source="google">beige pâle</contenuImg>
            <contenuImg CS="0.10" b="160" coul="1" g="217" lang="en" r="242" source="google">newtan</contenuImg>
            <contenuImg CS="0.11" b="56" coul="1" g="87" lang="en" r="92" source="google">darkolivegreen</contenuImg>
            <contenuImg CS="0.12" b="120" coul="1" g="156" lang="en" r="164" source="google">mediumwood</contenuImg>
            <contenuImg CS="0.13" b="8" coul="1" g="56" r="70" source="google">#463808</contenuImg>
            <contenuImg CS="0.18" b="89" coul="1" g="120" lang="en" r="127" source="google">bronze</contenuImg>
            <contenuImg CS="0.23" b="153" coul="1" g="192" lang="en" r="205" source="google">newtan</contenuImg>
            <contenuImg CS="0.28" b="34" coul="1" g="83" lang="en" r="101" source="google">semisweetchocolate</contenuImg>
            <contenuImg CS="0.30" b="103" coul="1" g="155" r="177" source="google">#b19b67</contenuImg>
            <contenuImg CS="0.32" b="66" coul="1" g="116" lang="en" r="137" source="google">bronze</contenuImg>
            <contenuImg CS="2.90" b="135" coul="1" g="194" lang="en" r="221" source="google">newtan</contenuImg>
            <contenuImg CS="0.72" h="2989" lang="en" source="google" w="5288" x="619.2" y="953.8">Circle</contenuImg>
            <contenuImg CS="0.73" h="2989" lang="en" source="google" w="5288" x="619.2" y="953.8">Wrapping paper</contenuImg>
            <contenuImg CS="0.79" h="2989" lang="en" source="google" w="5288" x="619.2" y="953.8">Design</contenuImg>
            <contenuImg CS="0.96" h="2989" lang="en" source="google" w="5288" x="619.2" y="953.8">Pattern</contenuImg>
            <contenuImg b="134" coul="1" g="194" r="218" source="colorific" type="bkg">#dac286</contenuImg>
            <contenuImg b="0" coul="1" g="0" ordre="6" r="0" source="colorific" type="frg">#000000</contenuImg>
            <contenuImg b="80" coul="1" g="94" ordre="5" r="110" source="colorific" type="frg">#6e5e50</contenuImg>
            <contenuImg b="39" coul="1" g="66" ordre="4" r="75" source="colorific" type="frg">#4b4227</contenuImg>
            <contenuImg b="135" coul="1" g="152" ordre="3" r="118" source="colorific" type="frg">#769887</contenuImg>
            <contenuImg b="110" coul="1" g="108" ordre="2" r="124" source="colorific" type="frg">#7c6c6e</contenuImg>
            <contenuImg b="10" coul="1" g="28" ordre="1" r="24" source="colorific" type="frg">#181c0a</contenuImg>
            <contenuImg CS="1.0" lang="en" source="md">decorative patterns</contenuImg>
            <contenuImg CS="1.0" lang="en" source="md">oval (ornament)</contenuImg>
            <contenuImg CS="1.0" lang="en" source="md">stripes (ornaments)</contenuImg>
            <contenuImg CS="1.0" lang="en" source="md">circle</contenuImg>
            <contenuImg CS="1.0" lang="en" source="md">geometric ornaments</contenuImg>
            <tech source="final">estampe/gravure</tech>
            <fonction source="md">papier-peint</fonction>
            <fonction source="final">papier-peint</fonction>
            <tech CS="1" source="hm">estampe/gravure</tech>
            <theme CS="1" source="md">0</theme>
            <contenuImg CS="1.0" lang="fr" source="md">Ornements géométriques</contenuImg>
            <contenuImg CS="1.0" lang="fr" source="md">Cercle</contenuImg>
            <contenuImg CS="1.0" lang="fr" source="md">Rayures (ornements)</contenuImg>
            <contenuImg CS="1.0" lang="fr" source="md">Ovales (ornement)</contenuImg>
            <contenuImg CS="1.0" lang="fr" source="md">Motifs décoratifs</contenuImg>
            <titraille>Papier à motif répétitif : papier peint</titraille>
          </ill>
        </ills>
      </page>
    </pages>
  </contenus>
</analyseAlto>