<analyseAlto>
  <metad>
    <type>I</type>
    <ID>btv1b69013555</ID>
    <titre>Papier à motif répétitif : papier peint</titre>
    <dateEdition>1799</dateEdition>
    <auteur>inconnu</auteur>
    <lang>fre</lang>
    <source>Bibliothèque nationale de France</source>
    <sujet>Cannage -- Trompe-l_oeil (ornement) -- Motifs décoratifs</sujet>
    <descr>Appartient à l’ensemble documentaire : PaPeint18 -- Papier peint</descr>
    <format>inconnu</format>
    <couverture>inconnu</couverture>
    <largeurPx>6840</largeurPx>
    <hauteurPx>5280</hauteurPx>
    <ocr>false</ocr>
    <toc>false</toc>
    <nbPage>1</nbPage>
  </metad>
  <contenus ocr="false" toc="false">
    <largeur>289</largeur>
    <hauteur>223</hauteur>
    <largeurPx>6840</largeurPx>
    <hauteurPx>5280</hauteurPx>
    <pages>
      <page ordre="1">
        <blocIll ocr="1">1</blocIll>
        <ills>
          <ill classif="CCgoogle" couleur="coul" h="5280" hash="eefb8080f4f8c0f8" n="1-1" taille="16" w="6840" x="1" y="1">
            <contenuImg CS="0.72" lang="fr" source="google">conception</contenuImg>
            <contenuImg CS="0.66" lang="fr" source="google">textile</contenuImg>
            <contenuImg CS="0.76" h="3296" lang="fr" source="google" w="1847" x="3106" y="528">étoffe tissée</contenuImg>
            <contenuImg CS="0.73" lang="fr" source="google">modèle motif</contenuImg>
            <contenuImg CS="0.29" coul="1" lang="fr" source="google">bleu marine</contenuImg>
            <contenuImg CS="0.81" coul="1" h="3296" lang="fr" source="google" w="1847" x="3106" y="528">marron</contenuImg>
            <contenuImg CS="0.79" coul="1" h="3296" lang="fr" source="google" w="1847" x="3106" y="528">beige</contenuImg>
            <contenuImg CS="0.75" lang="fr" source="google">ligne</contenuImg>
            <contenuImg CS="0.73" lang="fr" source="google">modèle</contenuImg>
            <contenuImg CS="0.72" lang="fr" source="google">design</contenuImg>
            <contenuImg CS="1.49" coul="1" lang="fr" source="google">morceaux de chocolat</contenuImg>
            <contenuImg CS="0.79" coul="1" lang="fr" source="google">bois moyen</contenuImg>
            <contenuImg CS="1.18" coul="1" lang="fr" source="google">bronze</contenuImg>
            <contenuImg CS="0.87" coul="1" lang="fr" source="google">beige pâle</contenuImg>
            <contenuImg CS="0.28" coul="1" lang="fr" source="google">vieil or</contenuImg>
            <contenuImg b="65" coul="1" g="117" r="131" source="colorific" type="bkg">#837541</contenuImg>
            <contenuImg b="168" coul="1" g="198" ordre="2" r="207" source="colorific" type="frg">#cfc6a8</contenuImg>
            <contenuImg b="3" coul="1" g="35" ordre="1" r="46" source="colorific" type="frg">#2e2303</contenuImg>
            <contenuImg CS="1.0" lang="en" source="md">decorative patterns</contenuImg>
            <contenuImg CS="1.0" lang="en" source="md">trompe-l'oeil (ornament)</contenuImg>
            <contenuImg CS="1.0" lang="en" source="md">wickerwork</contenuImg>
            <contenuImg CS="0.28" coul="1" lang="en" source="google">oldgold</contenuImg>
            <contenuImg CS="0.29" coul="1" lang="en" source="google">navyblue</contenuImg>
            <contenuImg CS="0.87" coul="1" lang="en" source="google">newtan</contenuImg>
            <contenuImg CS="1.18" coul="1" lang="en" source="google">bronze</contenuImg>
            <contenuImg CS="0.79" coul="1" lang="en" source="google">mediumwood</contenuImg>
            <contenuImg CS="1.49" coul="1" lang="en" source="google">semisweetchocolate</contenuImg>
            <contenuImg CS="0.66" lang="en" source="google">Textile</contenuImg>
            <contenuImg CS="0.72" lang="en" source="google">Design</contenuImg>
            <contenuImg CS="0.73" lang="en" source="google">Pattern</contenuImg>
            <contenuImg CS="0.75" lang="en" source="google">Line</contenuImg>
            <contenuImg CS="0.76" h="3296" lang="en" source="google" w="1847" x="3106" y="528">Woven fabric</contenuImg>
            <contenuImg CS="0.79" coul="1" h="3296" lang="en" source="google" w="1847" x="3106" y="528">Beige</contenuImg>
            <contenuImg CS="0.81" coul="1" h="3296" lang="en" source="google" w="1847" x="3106" y="528">Brown</contenuImg>
            <contenuImg CS="0.91" h="3296" lang="en" source="google" w="1847" x="3106" y="528">Pattern</contenuImg>
            <tech source="final">estampe/gravure</tech>
            <fonction source="md">papier-peint</fonction>
            <fonction source="final">papier-peint</fonction>
            <tech CS="1" source="hm">estampe/gravure</tech>
            <theme CS="1" source="md">0</theme>
            <contenuImg CS="1.0" lang="fr" source="md">Cannage</contenuImg>
            <contenuImg CS="1.0" lang="fr" source="md">Trompe-l'oeil (ornement)</contenuImg>
            <contenuImg CS="1.0" lang="fr" source="md">Motifs décoratifs</contenuImg>
            <titraille>Papier à motif répétitif : papier peint</titraille>
          </ill>
        </ills>
      </page>
    </pages>
  </contenus>
</analyseAlto>