<analyseAlto>
  <metad>
    <type>I</type>
    <ID>btv1b6901240c</ID>
    <titre>Bordure : papier peint</titre>
    <dateEdition>1802</dateEdition>
    <auteur>Zuber et Compagnie (Manufacture). Fonction indéterminée</auteur>
    <lang>fre</lang>
    <source>Bibliothèque nationale de France</source>
    <sujet>Frises -- Ornements géométriques -- Fleurs (ornement) -- Feuilles stylisées (ornement) -- Motifs décoratifs</sujet>
    <descr>Appartient à l’ensemble documentaire : PaPeint18 -- Papier peint</descr>
    <format>inconnu</format>
    <couverture>inconnu</couverture>
    <largeurPx>4456</largeurPx>
    <hauteurPx>1632</hauteurPx>
    <ocr>false</ocr>
    <toc>false</toc>
    <nbPage>2</nbPage>
  </metad>
  <contenus ocr="false" toc="false">
    <largeur>188</largeur>
    <hauteur>69</hauteur>
    <largeurPx>4456</largeurPx>
    <hauteurPx>1632</hauteurPx>
    <pages>
      <page ordre="1">
        <blocIll ocr="1">1</blocIll>
        <ills>
          <ill classif="CCgoogle" couleur="coul" h="1632" hash="ff0822bbff770400" n="1-1" taille="3" w="4456" x="1" y="1">
            <contenuImg CS="0.85" h="3320" lang="fr" source="google" w="1862" x="4986.6" y="163.2">textile</contenuImg>
            <contenuImg CS="0.82" h="3320" lang="fr" source="google" w="1862" x="4986.6" y="163.2">botanique</contenuImg>
            <contenuImg CS="0.67" lang="fr" source="google">linge de maison</contenuImg>
            <contenuImg CS="0.77" lang="fr" source="google">modèle motif</contenuImg>
            <contenuImg CS="0.29" coul="1" lang="fr" source="google">vert de mer</contenuImg>
            <contenuImg CS="0.93" h="3320" lang="fr" source="google" w="1862" x="4986.6" y="163.2">feuille</contenuImg>
            <contenuImg CS="0.91" coul="1" h="3320" lang="fr" source="google" w="1862" x="4986.6" y="163.2">vert</contenuImg>
            <contenuImg CS="0.78" lang="fr" source="google">art</contenuImg>
            <contenuImg CS="0.78" lang="fr" source="google">plante</contenuImg>
            <contenuImg CS="0.77" lang="fr" source="google">modèle</contenuImg>
            <contenuImg CS="0.75" lang="fr" source="google">arbre</contenuImg>
            <contenuImg CS="0.69" lang="fr" source="google">arts visuels</contenuImg>
            <contenuImg CS="0.35" coul="1" lang="fr" source="google">orange mandarine</contenuImg>
            <contenuImg CS="0.21" coul="1" lang="fr" source="google">marron</contenuImg>
            <contenuImg CS="0.31" coul="1" lang="fr" source="google">vert foncé</contenuImg>
            <contenuImg CS="0.29" coul="1" lang="fr" source="google">noir</contenuImg>
            <contenuImg b="19" coul="1" g="32" r="30" source="colorific" type="bkg">#1e2013</contenuImg>
            <contenuImg b="27" coul="1" g="37" ordre="5" r="58" source="colorific" type="frg">#3a251b</contenuImg>
            <contenuImg b="26" coul="1" g="72" ordre="4" r="180" source="colorific" type="frg">#b4481a</contenuImg>
            <contenuImg b="48" coul="1" g="100" ordre="3" r="113" source="colorific" type="frg">#716430</contenuImg>
            <contenuImg b="102" coul="1" g="129" ordre="2" r="89" source="colorific" type="frg">#598166</contenuImg>
            <contenuImg b="57" coul="1" g="60" ordre="1" r="36" source="colorific" type="frg">#243c39</contenuImg>
            <contenuImg CS="1.0" lang="en" source="md">decorative patterns</contenuImg>
            <contenuImg CS="1.0" lang="en" source="md">stylized leaves (ornament)</contenuImg>
            <contenuImg CS="1.0" lang="en" source="md">flowers (ornament)</contenuImg>
            <contenuImg CS="1.0" lang="en" source="md">geometric ornaments</contenuImg>
            <contenuImg CS="1.0" lang="en" source="md">curly</contenuImg>
            <contenuImg CS="0.29" coul="1" lang="en" source="google">seagreen</contenuImg>
            <contenuImg CS="0.29" coul="1" lang="en" source="google">black</contenuImg>
            <contenuImg CS="0.31" coul="1" lang="en" source="google">darkgreen</contenuImg>
            <contenuImg CS="0.08" coul="1" lang="en" source="google">black</contenuImg>
            <contenuImg CS="0.21" coul="1" lang="en" source="google">brown</contenuImg>
            <contenuImg CS="0.35" coul="1" lang="en" source="google">mandarianorange</contenuImg>
            <contenuImg CS="0.65" coul="1" lang="en" source="google">darkgreen</contenuImg>
            <contenuImg CS="0.67" lang="en" source="google">Linens</contenuImg>
            <contenuImg CS="0.69" lang="en" source="google">Visual arts</contenuImg>
            <contenuImg CS="0.75" lang="en" source="google">Tree</contenuImg>
            <contenuImg CS="0.77" lang="en" source="google">Pattern</contenuImg>
            <contenuImg CS="0.78" lang="en" source="google">Plant</contenuImg>
            <contenuImg CS="0.78" lang="en" source="google">Art</contenuImg>
            <contenuImg CS="0.82" h="3320" lang="en" source="google" w="1862" x="4986.6" y="163.2">Botany</contenuImg>
            <contenuImg CS="0.85" h="3320" lang="en" source="google" w="1862" x="4986.6" y="163.2">Textile</contenuImg>
            <contenuImg CS="0.91" coul="1" h="3320" lang="en" source="google" w="1862" x="4986.6" y="163.2">Green</contenuImg>
            <contenuImg CS="0.93" h="3320" lang="en" source="google" w="1862" x="4986.6" y="163.2">Leaf</contenuImg>
            <tech source="final">estampe/gravure</tech>
            <fonction source="md">papier-peint</fonction>
            <fonction source="final">papier-peint</fonction>
            <tech CS="1" source="hm">estampe/gravure</tech>
            <theme CS="1" source="md">0</theme>
            <contenuImg CS="1.0" lang="fr" source="md">Frises</contenuImg>
            <contenuImg CS="1.0" lang="fr" source="md">Ornements géométriques</contenuImg>
            <contenuImg CS="1.0" lang="fr" source="md">Fleurs (ornement)</contenuImg>
            <contenuImg CS="1.0" lang="fr" source="md">Feuilles stylisées (ornement)</contenuImg>
            <contenuImg CS="1.0" lang="fr" source="md">Motifs décoratifs</contenuImg>
            <titraille>Bordure : papier peint</titraille>
          </ill>
        </ills>
      </page>
      <page ordre="2">
        <blocIll ocr="1">1</blocIll>
        <ills>
          <ill classif="CCgoogle" couleur="coul" h="1584" hash="00ffc4c4ee8098ff" n="2-1" taille="3" w="4584" x="1" y="1">
            <contenuImg CS="0.85" h="2973" lang="fr" source="google" w="1667" x="4296.4" y="158.4">botanique</contenuImg>
            <contenuImg CS="0.85" lang="fr" source="google">pathologie végétale</contenuImg>
            <contenuImg CS="0.52" lang="fr" source="google">plante d'appartement</contenuImg>
            <contenuImg CS="0.98" h="2973" lang="fr" source="google" w="1667" x="4296.4" y="158.4">feuille</contenuImg>
            <contenuImg CS="0.94" h="2973" lang="fr" source="google" w="1667" x="4296.4" y="158.4">arbre</contenuImg>
            <contenuImg CS="0.90" h="2973" lang="fr" source="google" w="1667" x="4296.4" y="158.4">plante</contenuImg>
            <contenuImg CS="0.82" lang="fr" source="google">plante ligneuse</contenuImg>
            <contenuImg CS="0.81" lang="fr" source="google">fleur</contenuImg>
            <contenuImg CS="0.60" lang="fr" source="google">plante à fleurs</contenuImg>
            <contenuImg CS="0.45" coul="1" lang="fr" source="google">rose</contenuImg>
            <contenuImg CS="0.14" coul="1" lang="fr" source="google">vert foncé</contenuImg>
            <contenuImg CS="0.37" coul="1" lang="fr" source="google">bronze</contenuImg>
            <contenuImg CS="0.35" coul="1" lang="fr" source="google">noir</contenuImg>
            <contenuImg CS="0.30" coul="1" lang="fr" source="google">vert cuivre foncé</contenuImg>
            <contenuImg b="52" coul="1" g="107" ordre="6" r="123" source="colorific" type="frg">#7b6b34</contenuImg>
            <contenuImg b="16" coul="1" g="33" ordre="5" r="33" source="colorific" type="frg">#212110</contenuImg>
            <contenuImg b="68" coul="1" g="65" ordre="4" r="38" source="colorific" type="frg">#264144</contenuImg>
            <contenuImg b="106" coul="1" g="130" ordre="3" r="89" source="colorific" type="frg">#59826a</contenuImg>
            <contenuImg b="32" coul="1" g="46" ordre="2" r="23" source="colorific" type="frg">#172e20</contenuImg>
            <contenuImg b="154" coul="1" g="150" ordre="1" r="173" source="colorific" type="frg">#ad969a</contenuImg>
            <contenuImg CS="1.0" lang="en" source="md">decorative patterns</contenuImg>
            <contenuImg CS="1.0" lang="en" source="md">stylized leaves (ornament)</contenuImg>
            <contenuImg CS="1.0" lang="en" source="md">flowers (ornament)</contenuImg>
            <contenuImg CS="1.0" lang="en" source="md">geometric ornaments</contenuImg>
            <contenuImg CS="1.0" lang="en" source="md">curly</contenuImg>
            <contenuImg CS="0.30" coul="1" lang="en" source="google">darkgreencopper</contenuImg>
            <contenuImg CS="0.35" coul="1" lang="en" source="google">black</contenuImg>
            <contenuImg CS="0.37" coul="1" lang="en" source="google">bronze</contenuImg>
            <contenuImg CS="0.57" coul="1" lang="en" source="google">darkgreencopper</contenuImg>
            <contenuImg CS="0.14" coul="1" lang="en" source="google">darkgreen</contenuImg>
            <contenuImg CS="0.45" coul="1" lang="en" source="google">pink</contenuImg>
            <contenuImg CS="0.69" coul="1" lang="en" source="google">black</contenuImg>
            <contenuImg CS="0.52" lang="en" source="google">Houseplant</contenuImg>
            <contenuImg CS="0.60" lang="en" source="google">Flowering plant</contenuImg>
            <contenuImg CS="0.81" lang="en" source="google">Flower</contenuImg>
            <contenuImg CS="0.82" lang="en" source="google">Woody plant</contenuImg>
            <contenuImg CS="0.85" lang="en" source="google">Plant pathology</contenuImg>
            <contenuImg CS="0.85" h="2973" lang="en" source="google" w="1667" x="4296.4" y="158.4">Botany</contenuImg>
            <contenuImg CS="0.90" h="2973" lang="en" source="google" w="1667" x="4296.4" y="158.4">Plant</contenuImg>
            <contenuImg CS="0.94" h="2973" lang="en" source="google" w="1667" x="4296.4" y="158.4">Tree</contenuImg>
            <contenuImg CS="0.98" h="2973" lang="en" source="google" w="1667" x="4296.4" y="158.4">Leaf</contenuImg>
            <tech source="final">estampe/gravure</tech>
            <fonction source="md">papier-peint</fonction>
            <fonction source="final">papier-peint</fonction>
            <tech CS="1" source="hm">estampe/gravure</tech>
            <theme CS="1" source="md">0</theme>
            <contenuImg CS="1.0" lang="fr" source="md">Frises</contenuImg>
            <contenuImg CS="1.0" lang="fr" source="md">Ornements géométriques</contenuImg>
            <contenuImg CS="1.0" lang="fr" source="md">Fleurs (ornement)</contenuImg>
            <contenuImg CS="1.0" lang="fr" source="md">Feuilles stylisées (ornement)</contenuImg>
            <contenuImg CS="1.0" lang="fr" source="md">Motifs décoratifs</contenuImg>
            <titraille>Bordure : papier peint</titraille>
          </ill>
        </ills>
      </page>
    </pages>
  </contenus>
</analyseAlto>