<analyseAlto>
  <metad>
    <type>I</type>
    <ID>btv1b69004059</ID>
    <titre>manufacture Jacquemart et Bénard. Bordure. Deux bandes de frise principale en ligne sinueuse de lilas et boule de neige : papier peint</titre>
    <dateEdition>1799</dateEdition>
    <auteur>inconnu</auteur>
    <lang>fre</lang>
    <source>Bibliothèque nationale de France</source>
    <sujet>Frises -- Lilas -- Viorne obier -- Fleurs (ornement) -- Motifs décoratifs -- 1789-1799</sujet>
    <descr>Appartient à l’ensemble documentaire : PaPeint18 -- Papier peint</descr>
    <format>inconnu</format>
    <couverture>inconnu</couverture>
    <largeurPx>5496</largeurPx>
    <hauteurPx>5536</hauteurPx>
    <ocr>false</ocr>
    <toc>false</toc>
    <nbPage>2</nbPage>
  </metad>
  <contenus ocr="false" toc="false">
    <largeur>232</largeur>
    <hauteur>234</hauteur>
    <largeurPx>5496</largeurPx>
    <hauteurPx>5536</hauteurPx>
    <pages>
      <page ordre="1">
        <blocIll ocr="1">1</blocIll>
        <ills>
          <ill classif="CCgoogle" couleur="coul" h="5536" hash="00ffff0000ffff00" n="1-1" taille="14" w="5496" x="1" y="1">
            <contenuImg CS="0.75" lang="fr" source="google">textile</contenuImg>
            <contenuImg CS="0.73" lang="fr" source="google">conception</contenuImg>
            <contenuImg CS="0.58" lang="fr" source="google">motif</contenuImg>
            <contenuImg CS="0.89" h="4270" lang="fr" source="google" w="2394" x="1822.6" y="553.6">modèle motif</contenuImg>
            <contenuImg CS="0.93" coul="1" h="4270" lang="fr" source="google" w="2394" x="1822.6" y="553.6">marron</contenuImg>
            <contenuImg CS="0.89" h="4270" lang="fr" source="google" w="2394" x="1822.6" y="553.6">modèle</contenuImg>
            <contenuImg CS="0.81" coul="1" h="4270" lang="fr" source="google" w="2394" x="1822.6" y="553.6">bleu canard</contenuImg>
            <contenuImg CS="0.81" coul="1" h="4270" lang="fr" source="google" w="2394" x="1822.6" y="553.6">turquoise</contenuImg>
            <contenuImg CS="0.73" lang="fr" source="google">design</contenuImg>
            <contenuImg CS="0.60" coul="1" lang="fr" source="google">beige</contenuImg>
            <contenuImg CS="0.59" lang="fr" source="google">plante</contenuImg>
            <contenuImg CS="0.58" lang="fr" source="google">rectangle</contenuImg>
            <contenuImg CS="0.44" coul="1" lang="fr" source="google">vieux rose</contenuImg>
            <contenuImg CS="0.16" coul="1" lang="fr" source="google">noir</contenuImg>
            <contenuImg CS="0.32" coul="1" lang="fr" source="google">chocolat à pâtisser</contenuImg>
            <contenuImg CS="0.31" coul="1" lang="fr" source="google">vert foncé</contenuImg>
            <contenuImg b="12" coul="1" g="28" r="35" source="colorific" type="bkg">#231c0c</contenuImg>
            <contenuImg b="255" coul="1" g="255" ordre="6" r="255" source="colorific" type="frg">#ffffff</contenuImg>
            <contenuImg b="9" coul="1" g="25" ordre="5" r="59" source="colorific" type="frg">#3b1909</contenuImg>
            <contenuImg b="43" coul="1" g="62" ordre="4" r="133" source="colorific" type="frg">#853e2b</contenuImg>
            <contenuImg b="86" coul="1" g="104" ordre="3" r="61" source="colorific" type="frg">#3d6856</contenuImg>
            <contenuImg b="60" coul="1" g="64" ordre="2" r="36" source="colorific" type="frg">#24403c</contenuImg>
            <contenuImg b="95" coul="1" g="104" ordre="1" r="115" source="colorific" type="frg">#73685f</contenuImg>
            <contenuImg CS="1.0" lang="en" source="md">decorative patterns - 1789-1799</contenuImg>
            <contenuImg CS="1.0" lang="en" source="md">flowers (ornament)</contenuImg>
            <contenuImg CS="1.0" lang="en" source="md">Viburnum obier</contenuImg>
            <contenuImg CS="1.0" lang="en" source="md">lilac (plants)</contenuImg>
            <contenuImg CS="1.0" lang="en" source="md">curly</contenuImg>
            <contenuImg CS="0.31" coul="1" lang="en" source="google">darkgreen</contenuImg>
            <contenuImg CS="0.32" coul="1" lang="en" source="google">bakerschocolate</contenuImg>
            <contenuImg CS="0.15" coul="1" lang="en" source="google">bakerschocolate</contenuImg>
            <contenuImg CS="0.16" coul="1" lang="en" source="google">black</contenuImg>
            <contenuImg CS="0.44" coul="1" lang="en" source="google">dustyrose</contenuImg>
            <contenuImg CS="0.76" coul="1" lang="en" source="google">bakerschocolate</contenuImg>
            <contenuImg CS="0.78" coul="1" lang="en" source="google">darkgreen</contenuImg>
            <contenuImg CS="0.58" lang="en" source="google">Rectangle</contenuImg>
            <contenuImg CS="0.58" lang="en" source="google">Motif</contenuImg>
            <contenuImg CS="0.59" lang="en" source="google">Plant</contenuImg>
            <contenuImg CS="0.60" coul="1" lang="en" source="google">Beige</contenuImg>
            <contenuImg CS="0.73" lang="en" source="google">Design</contenuImg>
            <contenuImg CS="0.75" lang="en" source="google">Textile</contenuImg>
            <contenuImg CS="0.81" coul="1" h="4270" lang="en" source="google" w="2394" x="1822.6" y="553.6">Turquoise</contenuImg>
            <contenuImg CS="0.81" coul="1" h="4270" lang="en" source="google" w="2394" x="1822.6" y="553.6">Teal</contenuImg>
            <contenuImg CS="0.89" h="4270" lang="en" source="google" w="2394" x="1822.6" y="553.6">Pattern</contenuImg>
            <contenuImg CS="0.93" coul="1" h="4270" lang="en" source="google" w="2394" x="1822.6" y="553.6">Brown</contenuImg>
            <tech source="final">estampe/gravure</tech>
            <fonction source="md">papier-peint</fonction>
            <fonction source="final">papier-peint</fonction>
            <tech CS="1" source="hm">estampe/gravure</tech>
            <theme CS="1" source="md">0</theme>
            <contenuImg CS="1.0" lang="fr" source="md">Frises</contenuImg>
            <contenuImg CS="1.0" lang="fr" source="md">Lilas</contenuImg>
            <contenuImg CS="1.0" lang="fr" source="md">Viorne obier</contenuImg>
            <contenuImg CS="1.0" lang="fr" source="md">Fleurs (ornement)</contenuImg>
            <contenuImg CS="1.0" lang="fr" source="md">Motifs décoratifs -- 1789-1799</contenuImg>
            <titraille>manufacture Jacquemart et Bénard. Bordure. Deux bandes de frise principale en ligne sinueuse de lilas et boule de neige : papier peint</titraille>
          </ill>
        </ills>
      </page>
      <page ordre="2">
        <blocIll ocr="1">1</blocIll>
        <ills>
          <ill classif="CCgoogle" couleur="coul" h="5624" hash="0073ffa200ffff00" n="2-1" taille="14" w="5416" x="1" y="1">
            <contenuImg CS="0.72" h="2322" lang="fr" source="google" w="4113" x="541.6" y="1535.4">textile</contenuImg>
            <contenuImg CS="0.51" lang="fr" source="google">ornement</contenuImg>
            <contenuImg CS="0.81" h="2322" lang="fr" source="google" w="4113" x="541.6" y="1535.4">modèle motif</contenuImg>
            <contenuImg CS="0.93" coul="1" h="2322" lang="fr" source="google" w="4113" x="541.6" y="1535.4">marron</contenuImg>
            <contenuImg CS="0.81" h="2322" lang="fr" source="google" w="4113" x="541.6" y="1535.4">modèle</contenuImg>
            <contenuImg CS="0.71" coul="1" h="2322" lang="fr" source="google" w="4113" x="541.6" y="1535.4">beige</contenuImg>
            <contenuImg CS="0.61" lang="fr" source="google">rectangle</contenuImg>
            <contenuImg CS="0.69" coul="1" lang="fr" source="google">chocolat à pâtisser</contenuImg>
            <contenuImg CS="0.44" coul="1" lang="fr" source="google">bois clair</contenuImg>
            <contenuImg CS="0.51" coul="1" lang="fr" source="google">gris</contenuImg>
            <contenuImg CS="0.33" coul="1" lang="fr" source="google">gris ardoise foncé</contenuImg>
            <contenuImg CS="0.31" coul="1" lang="fr" source="google">vert foncé</contenuImg>
            <contenuImg b="21" coul="1" g="34" r="50" source="colorific" type="bkg">#322215</contenuImg>
            <contenuImg b="39" coul="1" g="49" ordre="6" r="47" source="colorific" type="frg">#2f3127</contenuImg>
            <contenuImg b="89" coul="1" g="99" ordre="5" r="102" source="colorific" type="frg">#666359</contenuImg>
            <contenuImg b="77" coul="1" g="85" ordre="4" r="45" source="colorific" type="frg">#2d554d</contenuImg>
            <contenuImg b="29" coul="1" g="43" ordre="3" r="113" source="colorific" type="frg">#712b1d</contenuImg>
            <contenuImg b="117" coul="1" g="135" ordre="2" r="76" source="colorific" type="frg">#4c8775</contenuImg>
            <contenuImg b="143" coul="1" g="148" ordre="1" r="162" source="colorific" type="frg">#a2948f</contenuImg>
            <contenuImg CS="1.0" lang="en" source="md">decorative patterns - 1789-1799</contenuImg>
            <contenuImg CS="1.0" lang="en" source="md">flowers (ornament)</contenuImg>
            <contenuImg CS="1.0" lang="en" source="md">Viburnum obier</contenuImg>
            <contenuImg CS="1.0" lang="en" source="md">lilac (plants)</contenuImg>
            <contenuImg CS="1.0" lang="en" source="md">curly</contenuImg>
            <contenuImg CS="0.31" coul="1" lang="en" source="google">darkgreen</contenuImg>
            <contenuImg CS="0.31" coul="1" lang="en" source="google">darkgreen</contenuImg>
            <contenuImg CS="0.33" coul="1" lang="en" source="google">darkslategrey</contenuImg>
            <contenuImg CS="0.51" coul="1" lang="en" source="google">grey</contenuImg>
            <contenuImg CS="0.17" coul="1" lang="en" source="google">darkgreen</contenuImg>
            <contenuImg CS="0.44" coul="1" lang="en" source="google">lightwood</contenuImg>
            <contenuImg CS="0.69" coul="1" lang="en" source="google">bakerschocolate</contenuImg>
            <contenuImg CS="0.51" lang="en" source="google">Ornament</contenuImg>
            <contenuImg CS="0.61" lang="en" source="google">Rectangle</contenuImg>
            <contenuImg CS="0.71" coul="1" h="2322" lang="en" source="google" w="4113" x="541.6" y="1535.4">Beige</contenuImg>
            <contenuImg CS="0.72" h="2322" lang="en" source="google" w="4113" x="541.6" y="1535.4">Textile</contenuImg>
            <contenuImg CS="0.81" h="2322" lang="en" source="google" w="4113" x="541.6" y="1535.4">Pattern</contenuImg>
            <contenuImg CS="0.93" coul="1" h="2322" lang="en" source="google" w="4113" x="541.6" y="1535.4">Brown</contenuImg>
            <tech source="final">estampe/gravure</tech>
            <fonction source="md">papier-peint</fonction>
            <fonction source="final">papier-peint</fonction>
            <tech CS="1" source="hm">estampe/gravure</tech>
            <theme CS="1" source="md">0</theme>
            <contenuImg CS="1.0" lang="fr" source="md">Frises</contenuImg>
            <contenuImg CS="1.0" lang="fr" source="md">Lilas</contenuImg>
            <contenuImg CS="1.0" lang="fr" source="md">Viorne obier</contenuImg>
            <contenuImg CS="1.0" lang="fr" source="md">Fleurs (ornement)</contenuImg>
            <contenuImg CS="1.0" lang="fr" source="md">Motifs décoratifs -- 1789-1799</contenuImg>
            <titraille>manufacture Jacquemart et Bénard. Bordure. Deux bandes de frise principale en ligne sinueuse de lilas et boule de neige : papier peint</titraille>
          </ill>
        </ills>
      </page>
    </pages>
  </contenus>
</analyseAlto>