<analyseAlto>
  <metad>
    <type>I</type>
    <ID>btv1b6900558s</ID>
    <titre>Manufacture Jacquemart et Bénard. Bordure. Une bande de frise de carreaux à rosettes et culots : papier peint</titre>
    <dateEdition>1800</dateEdition>
    <auteur>inconnu</auteur>
    <lang>fre</lang>
    <source>Bibliothèque nationale de France</source>
    <sujet>Frises -- Carreaux -- Culots (architecture) -- Rosettes (ornement) -- Motifs décoratifs -- 1800-1869</sujet>
    <descr>Appartient à l’ensemble documentaire : PaPeint18 -- Papier peint</descr>
    <format>inconnu</format>
    <couverture>inconnu</couverture>
    <largeurPx>3544</largeurPx>
    <hauteurPx>1984</hauteurPx>
    <ocr>false</ocr>
    <toc>false</toc>
    <nbPage>1</nbPage>
  </metad>
  <contenus ocr="false" toc="false">
    <largeur>150</largeur>
    <hauteur>83</hauteur>
    <largeurPx>3544</largeurPx>
    <hauteurPx>1984</hauteurPx>
    <pages>
      <page ordre="1">
        <blocIll ocr="1">1</blocIll>
        <ills>
          <ill classif="CCgoogle" couleur="coul" h="1984" hash="ff0020ab132a4eff" n="1-1" taille="3" w="3544" x="1" y="1">
            <contenuImg CS="0.01" coul="1" lang="fr" source="google">bleu ciel</contenuImg>
            <contenuImg CS="0.70" coul="1" lang="fr" source="google">bleu acier</contenuImg>
            <contenuImg CS="0.69" h="3320" lang="fr" source="google" w="3320" x="1655.4" y="198.4">police de caractère</contenuImg>
            <contenuImg CS="0.22" coul="1" lang="fr" source="google">noir</contenuImg>
            <contenuImg CS="0.20" coul="1" lang="fr" source="google">bleu nuit</contenuImg>
            <contenuImg CS="0.01" coul="1" lang="fr" source="google">bleu canard</contenuImg>
            <contenuImg b="178" coul="1" g="128" r="75" source="colorific" type="bkg">#4b80b2</contenuImg>
            <contenuImg b="93" coul="1" g="73" ordre="3" r="40" source="colorific" type="frg">#28495d</contenuImg>
            <contenuImg b="48" coul="1" g="43" ordre="2" r="17" source="colorific" type="frg">#112b30</contenuImg>
            <contenuImg b="0" coul="1" g="0" ordre="1" r="0" source="colorific" type="frg">#000000</contenuImg>
            <contenuImg CS="1.0" lang="en" source="md">decorative patterns - 1800-1869</contenuImg>
            <contenuImg CS="1.0" lang="en" source="md">rosettes (ornament)</contenuImg>
            <contenuImg CS="1.0" lang="en" source="md">culots (architecture)</contenuImg>
            <contenuImg CS="1.0" lang="en" source="md">tiles</contenuImg>
            <contenuImg CS="1.0" lang="en" source="md">curly</contenuImg>
            <contenuImg CS="0.70" coul="1" lang="en" source="google">steelblue</contenuImg>
            <contenuImg CS="0.01" coul="1" lang="en" source="google">skyblue</contenuImg>
            <contenuImg CS="0.01" coul="1" lang="en" source="google">teal</contenuImg>
            <contenuImg CS="0.20" coul="1" lang="en" source="google">midnightblue</contenuImg>
            <contenuImg CS="0.22" coul="1" lang="en" source="google">black</contenuImg>
            <contenuImg CS="1.50" coul="1" lang="en" source="google">steelblue</contenuImg>
            <contenuImg CS="0.69" h="3320" lang="en" source="google" w="3320" x="1655.4" y="198.4">Font</contenuImg>
            <tech source="final">estampe/gravure</tech>
            <fonction source="md">papier-peint</fonction>
            <fonction source="final">papier-peint</fonction>
            <tech CS="1" source="hm">estampe/gravure</tech>
            <theme CS="1" source="md">0</theme>
            <contenuImg CS="1.0" lang="fr" source="md">Frises</contenuImg>
            <contenuImg CS="1.0" lang="fr" source="md">Carreaux</contenuImg>
            <contenuImg CS="1.0" lang="fr" source="md">Culots (architecture)</contenuImg>
            <contenuImg CS="1.0" lang="fr" source="md">Rosettes (ornement)</contenuImg>
            <contenuImg CS="1.0" lang="fr" source="md">Motifs décoratifs -- 1800-1869</contenuImg>
            <titraille>Manufacture Jacquemart et Bénard. Bordure. Une bande de frise de carreaux à rosettes et culots : papier peint</titraille>
          </ill>
        </ills>
      </page>
    </pages>
  </contenus>
</analyseAlto>