<analyseAlto>
  <metad>
    <type>I</type>
    <ID>btv1b6900292s</ID>
    <titre>Manufacture Duserre et Cie. Bordure. deux bandes de frise principale à ruban, entre deux petites frises à l_égyptienne : papier peint</titre>
    <dateEdition>1799</dateEdition>
    <auteur>inconnu</auteur>
    <lang>fre</lang>
    <source>Bibliothèque nationale de France, département Estampes et photographie, EST LZ-312 (3)</source>
    <sujet>Frises -- Hiéroglyphes -- Exotisme -- Motifs à l_égyptienne -- Motifs décoratifs -- 1789-1799</sujet>
    <descr>Appartient à l’ensemble documentaire : PaPeint18 -- Papier peint</descr>
    <format>inconnu</format>
    <couverture>inconnu</couverture>
    <largeurPx>9376</largeurPx>
    <hauteurPx>5552</hauteurPx>
    <ocr>false</ocr>
    <toc>false</toc>
    <caption>false</caption>
    <nbPage>1</nbPage>
  </metad>
  <contenus ocr="false" toc="false">
    <largeur>396</largeur>
    <hauteur>235</hauteur>
    <largeurPx>9376</largeurPx>
    <hauteurPx>5552</hauteurPx>
    <pages>
      <page ordre="1">
        <blocIll ocr="1">1</blocIll>
        <ills>
          <ill classif="CCgoogle" couleur="coul" h="5552" hash="ff0000ffff0000ff" n="1-1" taille="24" w="9376" x="1" y="1">
            <contenuImg CS="0.72" h="2527" lang="fr" source="google" w="2531" x="2005.6" y="555.2">conception</contenuImg>
            <contenuImg CS="0.57" h="2527" lang="fr" source="google" w="2531" x="2005.6" y="555.2">ornement</contenuImg>
            <contenuImg CS="0.81" h="2527" lang="fr" source="google" w="2531" x="2005.6" y="555.2">modèle motif</contenuImg>
            <contenuImg CS="0.81" h="2527" lang="fr" source="google" w="2531" x="2005.6" y="555.2">modèle</contenuImg>
            <contenuImg CS="0.72" h="2527" lang="fr" source="google" w="2531" x="2005.6" y="555.2">design</contenuImg>
            <contenuImg CS="0.69" h="2527" lang="fr" source="google" w="2531" x="2005.6" y="555.2">police de caractère</contenuImg>
            <contenuImg CS="0.55" lang="fr" source="google">arts visuels</contenuImg>
            <contenuImg CS="0.50" lang="fr" source="google">art</contenuImg>
            <contenuImg CS="0.50" lang="fr" source="google">tuile</contenuImg>
            <contenuImg CS="0.71" coul="1" lang="fr" source="google">bronze</contenuImg>
            <contenuImg CS="0.62" coul="1" lang="fr" source="google">vert foncé</contenuImg>
            <contenuImg CS="0.25" coul="1" lang="fr" source="google">noir</contenuImg>
            <contenuImg CS="0.21" coul="1" lang="fr" source="google">vert olive foncé</contenuImg>
            <contenuImg CS="0.20" coul="1" lang="fr" source="google">bleu clair</contenuImg>
            <contenuImg b="97" coul="1" g="94" ordre="6" r="95" source="colorific" type="frg">#5f5e61</contenuImg>
            <contenuImg b="49" coul="1" g="51" ordre="5" r="43" source="colorific" type="frg">#2b3331</contenuImg>
            <contenuImg b="50" coul="1" g="72" ordre="4" r="78" source="colorific" type="frg">#4e4832</contenuImg>
            <contenuImg b="5" coul="1" g="28" ordre="3" r="26" source="colorific" type="frg">#1a1c05</contenuImg>
            <contenuImg b="0" coul="1" g="0" ordre="2" r="0" source="colorific" type="frg">#000000</contenuImg>
            <contenuImg b="121" coul="1" g="174" ordre="1" r="195" source="colorific" type="frg">#c3ae79</contenuImg>
            <contenuImg CS="1.0" lang="en" source="md">decorative patterns - 1789-1799</contenuImg>
            <contenuImg CS="1.0" lang="en" source="md">Egyptian patterns</contenuImg>
            <contenuImg CS="1.0" lang="en" source="md">exoticism</contenuImg>
            <contenuImg CS="1.0" lang="en" source="md">hieroglyphics</contenuImg>
            <contenuImg CS="1.0" lang="en" source="md">curly</contenuImg>
            <contenuImg CS="0.20" coul="1" lang="en" source="google">lightsteelblue</contenuImg>
            <contenuImg CS="0.21" coul="1" lang="en" source="google">darkolivegreen</contenuImg>
            <contenuImg CS="0.25" coul="1" lang="en" source="google">black</contenuImg>
            <contenuImg CS="0.62" coul="1" lang="en" source="google">darkgreen</contenuImg>
            <contenuImg CS="0.71" coul="1" lang="en" source="google">bronze</contenuImg>
            <contenuImg CS="0.30" coul="1" lang="en" source="google">darkgreen</contenuImg>
            <contenuImg CS="0.90" coul="1" lang="en" source="google">black</contenuImg>
            <contenuImg CS="1.00" coul="1" lang="en" source="google">darkolivegreen</contenuImg>
            <contenuImg CS="0.50" lang="en" source="google">Tile</contenuImg>
            <contenuImg CS="0.50" lang="en" source="google">Art</contenuImg>
            <contenuImg CS="0.55" lang="en" source="google">Visual arts</contenuImg>
            <contenuImg CS="0.57" h="2527" lang="en" source="google" w="2531" x="2005.6" y="555.2">Ornament</contenuImg>
            <contenuImg CS="0.69" h="2527" lang="en" source="google" w="2531" x="2005.6" y="555.2">Font</contenuImg>
            <contenuImg CS="0.72" h="2527" lang="en" source="google" w="2531" x="2005.6" y="555.2">Design</contenuImg>
            <contenuImg CS="0.81" h="2527" lang="en" source="google" w="2531" x="2005.6" y="555.2">Pattern</contenuImg>
            <tech source="final">estampe/gravure</tech>
            <fonction source="md">papier-peint</fonction>
            <fonction source="final">papier-peint</fonction>
            <tech CS="1" source="hm">estampe/gravure</tech>
            <theme CS="1" source="md">0</theme>
            <contenuImg CS="1.0" lang="fr" source="md">Frises</contenuImg>
            <contenuImg CS="1.0" lang="fr" source="md">Hiéroglyphes</contenuImg>
            <contenuImg CS="1.0" lang="fr" source="md">Exotisme</contenuImg>
            <contenuImg CS="1.0" lang="fr" source="md">Motifs à l'égyptienne</contenuImg>
            <contenuImg CS="1.0" lang="fr" source="md">Motifs décoratifs -- 1789-1799</contenuImg>
            <titraille>Manufacture Duserre et Cie. Bordure. deux bandes de frise principale à ruban, entre deux petites frises à l_égyptienne : papier peint</titraille>
          </ill>
        </ills>
      </page>
    </pages>
  </contenus>
</analyseAlto>