<analyseAlto>
  <metad>
    <type>I</type>
    <ID>btv1b6900549t</ID>
    <titre>Papier à motif répétitif : papier peint</titre>
    <dateEdition>1800</dateEdition>
    <auteur>inconnu</auteur>
    <lang>fre</lang>
    <source>Bibliothèque nationale de France</source>
    <sujet>Rayures (ornements) -- Feuilles stylisées (ornement) -- Bandes -- Motifs décoratifs</sujet>
    <descr>Appartient à l’ensemble documentaire : PaPeint18 -- Papier peint</descr>
    <format>inconnu</format>
    <couverture>inconnu</couverture>
    <largeurPx>3424</largeurPx>
    <hauteurPx>6760</hauteurPx>
    <ocr>false</ocr>
    <toc>false</toc>
    <nbPage>1</nbPage>
  </metad>
  <contenus ocr="false" toc="false">
    <largeur>144</largeur>
    <hauteur>286</hauteur>
    <largeurPx>3424</largeurPx>
    <hauteurPx>6760</hauteurPx>
    <pages>
      <page ordre="1">
        <blocIll ocr="1">1</blocIll>
        <ills>
          <ill classif="CCgoogle" couleur="coul" h="6760" hash="7f02ff00ff00ff00" n="1-1" taille="10" w="3424" x="1" y="1">
            <contenuImg CS="0.73" h="1876" lang="fr" source="google" w="3320" x="342.4" y="676">conception</contenuImg>
            <contenuImg CS="0.54" lang="fr" source="google">papier cadeau</contenuImg>
            <contenuImg CS="0.50" lang="fr" source="google">modèle motif</contenuImg>
            <contenuImg CS="0.63" coul="1" lang="fr" source="google">vert moyen</contenuImg>
            <contenuImg CS="0.91" coul="1" h="1876" lang="fr" source="google" w="3320" x="342.4" y="676">vert</contenuImg>
            <contenuImg CS="0.84" h="1876" lang="fr" source="google" w="3320" x="342.4" y="676">ligne</contenuImg>
            <contenuImg CS="0.73" h="1876" lang="fr" source="google" w="3320" x="342.4" y="676">design</contenuImg>
            <contenuImg CS="0.50" lang="fr" source="google">modèle</contenuImg>
            <contenuImg CS="0.90" coul="1" lang="fr" source="google">vert cuivre foncé</contenuImg>
            <contenuImg CS="0.52" coul="1" lang="fr" source="google">argent</contenuImg>
            <contenuImg CS="0.51" coul="1" lang="fr" source="google">gris clair</contenuImg>
            <contenuImg CS="0.36" coul="1" lang="fr" source="google">rose</contenuImg>
            <contenuImg CS="0.31" coul="1" lang="fr" source="google">bleu clair</contenuImg>
            <contenuImg CS="0.30" coul="1" lang="fr" source="google">vert pâle</contenuImg>
            <contenuImg b="164" coul="1" g="192" ordre="6" r="178" source="colorific" type="frg">#b2c0a4</contenuImg>
            <contenuImg b="108" coul="1" g="172" ordre="5" r="174" source="colorific" type="frg">#aeac6c</contenuImg>
            <contenuImg b="54" coul="1" g="85" ordre="4" r="77" source="colorific" type="frg">#4d5536</contenuImg>
            <contenuImg b="151" coul="1" g="148" ordre="3" r="179" source="colorific" type="frg">#b39497</contenuImg>
            <contenuImg b="81" coul="1" g="95" ordre="2" r="54" source="colorific" type="frg">#365f51</contenuImg>
            <contenuImg b="255" coul="1" g="255" ordre="1" r="255" source="colorific" type="frg">#ffffff</contenuImg>
            <contenuImg CS="1.0" lang="en" source="md">decorative patterns</contenuImg>
            <contenuImg CS="1.0" lang="en" source="md">stripes</contenuImg>
            <contenuImg CS="1.0" lang="en" source="md">stylized leaves (ornament)</contenuImg>
            <contenuImg CS="1.0" lang="en" source="md">stripes (ornaments)</contenuImg>
            <contenuImg CS="0.30" coul="1" lang="en" source="google">palegreen</contenuImg>
            <contenuImg CS="0.31" coul="1" lang="en" source="google">lightblue</contenuImg>
            <contenuImg CS="0.36" coul="1" lang="en" source="google">pink</contenuImg>
            <contenuImg CS="0.51" coul="1" lang="en" source="google">lightgray</contenuImg>
            <contenuImg CS="0.52" coul="1" lang="en" source="google">silver</contenuImg>
            <contenuImg CS="0.63" coul="1" lang="en" source="google">mediumseagreen</contenuImg>
            <contenuImg CS="0.90" coul="1" lang="en" source="google">darkgreencopper</contenuImg>
            <contenuImg CS="0.50" lang="en" source="google">Pattern</contenuImg>
            <contenuImg CS="0.54" lang="en" source="google">Wrapping paper</contenuImg>
            <contenuImg CS="0.73" h="1876" lang="en" source="google" w="3320" x="342.4" y="676">Design</contenuImg>
            <contenuImg CS="0.84" h="1876" lang="en" source="google" w="3320" x="342.4" y="676">Line</contenuImg>
            <contenuImg CS="0.90" h="1876" lang="en" source="google" w="3320" x="342.4" y="676">Pattern</contenuImg>
            <contenuImg CS="0.91" coul="1" h="1876" lang="en" source="google" w="3320" x="342.4" y="676">Green</contenuImg>
            <tech source="final">estampe/gravure</tech>
            <fonction source="md">papier-peint</fonction>
            <fonction source="final">papier-peint</fonction>
            <tech CS="1" source="hm">estampe/gravure</tech>
            <theme CS="1" source="md">0</theme>
            <contenuImg CS="1.0" lang="fr" source="md">Rayures (ornements)</contenuImg>
            <contenuImg CS="1.0" lang="fr" source="md">Feuilles stylisées (ornement)</contenuImg>
            <contenuImg CS="1.0" lang="fr" source="md">Bandes</contenuImg>
            <contenuImg CS="1.0" lang="fr" source="md">Motifs décoratifs</contenuImg>
            <titraille>Papier à motif répétitif : papier peint</titraille>
          </ill>
        </ills>
      </page>
    </pages>
  </contenus>
</analyseAlto>