<analyseAlto>
  <metad>
    <type>I</type>
    <ID>btv1b69003746</ID>
    <titre>Papier à motif répétitif : papier peint</titre>
    <dateEdition>1799</dateEdition>
    <auteur>inconnu</auteur>
    <lang>fre</lang>
    <source>Bibliothèque nationale de France</source>
    <sujet>Textiles et tissus -- Bazin (tissu) -- Végétaux stylisés -- Bandes -- Motifs décoratifs</sujet>
    <descr>Appartient à l’ensemble documentaire : PaPeint18 -- Papier peint</descr>
    <format>inconnu</format>
    <couverture>inconnu</couverture>
    <largeurPx>6888</largeurPx>
    <hauteurPx>5408</hauteurPx>
    <ocr>false</ocr>
    <toc>false</toc>
    <nbPage>1</nbPage>
  </metad>
  <contenus ocr="false" toc="false">
    <largeur>291</largeur>
    <hauteur>228</hauteur>
    <largeurPx>6888</largeurPx>
    <hauteurPx>5408</hauteurPx>
    <pages>
      <page ordre="1">
        <blocIll ocr="1">1</blocIll>
        <ills>
          <ill classif="CCgoogle" couleur="coul" h="5408" hash="f4b1e4c4c4e67f02" n="1-1" taille="17" w="6888" x="1" y="1">
            <contenuImg CS="0.66" lang="fr" source="google">textile</contenuImg>
            <tech source="final">estampe/gravure</tech>
            <fonction source="md">papier-peint</fonction>
            <fonction source="final">papier-peint</fonction>
            <tech CS="1" source="md">estampe/gravure</tech>
            <contenuImg CS="0.76" h="2413" lang="fr" source="google" w="4270" x="688.8" y="540.8">modèle motif</contenuImg>
            <contenuImg CS="0.91" coul="1" h="2413" lang="fr" source="google" w="4270" x="688.8" y="540.8">vert</contenuImg>
            <contenuImg CS="0.81" h="2413" lang="fr" source="google" w="4270" x="688.8" y="540.8">ligne</contenuImg>
            <contenuImg CS="0.76" h="2413" lang="fr" source="google" w="4270" x="688.8" y="540.8">modèle</contenuImg>
            <contenuImg CS="0.74" coul="1" h="2413" lang="fr" source="google" w="4270" x="688.8" y="540.8">beige</contenuImg>
            <contenuImg CS="0.63" lang="fr" source="google">fond d'écran</contenuImg>
            <contenuImg CS="0.02" coul="1" lang="fr" source="google">bleu clair</contenuImg>
            <contenuImg CS="0.02" coul="1" lang="fr" source="google">argent</contenuImg>
            <contenuImg b="162" coul="1" g="172" r="160" source="colorific" type="bkg">#a0aca2</contenuImg>
            <contenuImg b="255" coul="1" g="255" ordre="1" r="255" source="colorific" type="frg">#ffffff</contenuImg>
            <contenuImg CS="1.0" lang="en" source="md">decorative patterns</contenuImg>
            <contenuImg CS="1.0" lang="en" source="md">stripes</contenuImg>
            <contenuImg CS="1.0" lang="en" source="md">stylized plants</contenuImg>
            <contenuImg CS="1.0" lang="en" source="md">bazin (fabric)</contenuImg>
            <contenuImg CS="1.0" lang="en" source="md">textiles and fabrics</contenuImg>
            <contenuImg CS="0.02" coul="1" lang="en" source="google">silver</contenuImg>
            <contenuImg CS="0.02" coul="1" lang="en" source="google">lightblue</contenuImg>
            <contenuImg CS="4.97" coul="1" lang="en" source="google">silver</contenuImg>
            <contenuImg CS="0.63" lang="en" source="google">Wallpaper</contenuImg>
            <contenuImg CS="0.66" lang="en" source="google">Textile</contenuImg>
            <contenuImg CS="0.74" coul="1" h="2413" lang="en" source="google" w="4270" x="688.8" y="540.8">Beige</contenuImg>
            <contenuImg CS="0.76" h="2413" lang="en" source="google" w="4270" x="688.8" y="540.8">Pattern</contenuImg>
            <contenuImg CS="0.81" h="2413" lang="en" source="google" w="4270" x="688.8" y="540.8">Line</contenuImg>
            <contenuImg CS="0.91" coul="1" h="2413" lang="en" source="google" w="4270" x="688.8" y="540.8">Green</contenuImg>
            <theme CS="1" source="md">0</theme>
            <contenuImg CS="1.0" lang="fr" source="md">Textiles et tissus</contenuImg>
            <contenuImg CS="1.0" lang="fr" source="md">Bazin (tissu)</contenuImg>
            <contenuImg CS="1.0" lang="fr" source="md">Végétaux stylisés</contenuImg>
            <contenuImg CS="1.0" lang="fr" source="md">Bandes</contenuImg>
            <contenuImg CS="1.0" lang="fr" source="md">Motifs décoratifs</contenuImg>
            <titraille>Papier à motif répétitif : papier peint</titraille>
          </ill>
        </ills>
      </page>
    </pages>
  </contenus>
</analyseAlto>