<analyseAlto>
  <metad>
    <type>I</type>
    <ID>btv1b69000263</ID>
    <titre>Manufacture Bon. Papier à motif répétitif. Motif répétitif à deux chemins : fleurs de fantaisie : papier peint</titre>
    <dateEdition>1799</dateEdition>
    <auteur>inconnu</auteur>
    <lang>fre</lang>
    <source>Bibliothèque nationale de France, département Estampes et photographie, EST LI-15</source>
    <sujet>Rayures (ornements) -- Fleurs de fantaisie -- Chevrons -- Végétaux stylisés -- Motifs décoratifs -- 1789-1799</sujet>
    <descr>Appartient à l’ensemble documentaire : PaPeint18 -- Papier peint</descr>
    <format>inconnu</format>
    <couverture>inconnu</couverture>
    <largeurPx>6768</largeurPx>
    <hauteurPx>6144</hauteurPx>
    <ocr>false</ocr>
    <toc>false</toc>
    <caption>false</caption>
    <nbPage>1</nbPage>
  </metad>
  <contenus ocr="false" toc="false">
    <largeur>286</largeur>
    <hauteur>260</hauteur>
    <largeurPx>6768</largeurPx>
    <hauteurPx>6144</hauteurPx>
    <pages>
      <page ordre="1">
        <blocIll ocr="1">1</blocIll>
        <ills>
          <ill classif="CCgoogle" couleur="coul" h="6144" hash="db96a5c94993b2a4" n="1-1" taille="19" w="6768" x="1" y="1">
            <contenuImg CS="0.83" h="3876" lang="fr" source="google" w="2911" x="1355.8" y="614.4">textile</contenuImg>
            <contenuImg CS="0.77" lang="fr" source="google">conception</contenuImg>
            <contenuImg CS="0.66" lang="fr" source="google">patchwork</contenuImg>
            <contenuImg CS="0.69" lang="fr" source="google">modèle motif</contenuImg>
            <contenuImg CS="0.93" coul="1" h="3876" lang="fr" source="google" w="2911" x="1355.8" y="614.4">orange</contenuImg>
            <contenuImg CS="0.84" h="3876" lang="fr" source="google" w="2911" x="1355.8" y="614.4">travaux d'aiguille</contenuImg>
            <contenuImg CS="0.77" lang="fr" source="google">design</contenuImg>
            <contenuImg CS="0.76" lang="fr" source="google">feuille</contenuImg>
            <contenuImg CS="0.72" lang="fr" source="google">arts visuels</contenuImg>
            <contenuImg CS="0.69" lang="fr" source="google">modèle</contenuImg>
            <contenuImg CS="0.59" lang="fr" source="google">plante</contenuImg>
            <contenuImg CS="0.82" coul="1" lang="fr" source="google">vert pâle</contenuImg>
            <contenuImg CS="0.45" coul="1" lang="fr" source="google">bleu clair</contenuImg>
            <contenuImg CS="0.14" coul="1" lang="fr" source="google">bois moyen</contenuImg>
            <contenuImg CS="0.14" coul="1" lang="fr" source="google">gris</contenuImg>
            <contenuImg CS="0.42" coul="1" lang="fr" source="google">bleu cadet</contenuImg>
            <contenuImg CS="0.32" coul="1" lang="fr" source="google">argent</contenuImg>
            <contenuImg CS="0.27" coul="1" lang="fr" source="google">rose</contenuImg>
            <contenuImg b="190" coul="1" g="177" r="158" source="colorific" type="bkg">#9eb1be</contenuImg>
            <contenuImg b="55" coul="1" g="62" ordre="6" r="49" source="colorific" type="frg">#313e37</contenuImg>
            <contenuImg b="27" coul="1" g="33" ordre="5" r="22" source="colorific" type="frg">#16211b</contenuImg>
            <contenuImg b="0" coul="1" g="0" ordre="4" r="0" source="colorific" type="frg">#000000</contenuImg>
            <contenuImg b="48" coul="1" g="73" ordre="3" r="172" source="colorific" type="frg">#ac4930</contenuImg>
            <contenuImg b="104" coul="1" g="100" ordre="2" r="83" source="colorific" type="frg">#536468</contenuImg>
            <contenuImg b="125" coul="1" g="124" ordre="1" r="132" source="colorific" type="frg">#847c7d</contenuImg>
            <contenuImg CS="1.0" lang="en" source="md">decorative patterns - 1789-1799</contenuImg>
            <contenuImg CS="1.0" lang="en" source="md">stylized plants</contenuImg>
            <contenuImg CS="1.0" lang="en" source="md">rafters</contenuImg>
            <contenuImg CS="1.0" lang="en" source="md">fantasy flowers</contenuImg>
            <contenuImg CS="1.0" lang="en" source="md">stripes (ornaments)</contenuImg>
            <contenuImg CS="0.27" coul="1" lang="en" source="google">pink</contenuImg>
            <contenuImg CS="0.32" coul="1" lang="en" source="google">silver</contenuImg>
            <contenuImg CS="0.42" coul="1" lang="en" source="google">cadetblue</contenuImg>
            <contenuImg CS="0.14" coul="1" lang="en" source="google">gray</contenuImg>
            <contenuImg CS="0.14" coul="1" lang="en" source="google">mediumwood</contenuImg>
            <contenuImg CS="0.45" coul="1" lang="en" source="google">lightsteelblue</contenuImg>
            <contenuImg CS="0.82" coul="1" lang="en" source="google">palegreen</contenuImg>
            <contenuImg CS="0.59" lang="en" source="google">Plant</contenuImg>
            <contenuImg CS="0.66" lang="en" source="google">Patchwork</contenuImg>
            <contenuImg CS="0.69" lang="en" source="google">Pattern</contenuImg>
            <contenuImg CS="0.72" lang="en" source="google">Visual arts</contenuImg>
            <contenuImg CS="0.76" lang="en" source="google">Leaf</contenuImg>
            <contenuImg CS="0.77" lang="en" source="google">Design</contenuImg>
            <contenuImg CS="0.83" h="3876" lang="en" source="google" w="2911" x="1355.8" y="614.4">Textile</contenuImg>
            <contenuImg CS="0.84" h="3876" lang="en" source="google" w="2911" x="1355.8" y="614.4">Needlework</contenuImg>
            <contenuImg CS="0.92" h="3876" lang="en" source="google" w="2911" x="1355.8" y="614.4">Pattern</contenuImg>
            <contenuImg CS="0.93" coul="1" h="3876" lang="en" source="google" w="2911" x="1355.8" y="614.4">Orange</contenuImg>
            <tech source="final">estampe/gravure</tech>
            <fonction source="md">papier-peint</fonction>
            <fonction source="final">papier-peint</fonction>
            <tech CS="1" source="hm">estampe/gravure</tech>
            <theme CS="1" source="md">0</theme>
            <contenuImg CS="1.0" lang="fr" source="md">Rayures (ornements)</contenuImg>
            <contenuImg CS="1.0" lang="fr" source="md">Fleurs de fantaisie</contenuImg>
            <contenuImg CS="1.0" lang="fr" source="md">Chevrons</contenuImg>
            <contenuImg CS="1.0" lang="fr" source="md">Végétaux stylisés</contenuImg>
            <contenuImg CS="1.0" lang="fr" source="md">Motifs décoratifs -- 1789-1799</contenuImg>
            <titraille>Manufacture Bon. Papier à motif répétitif. Motif répétitif à deux chemins : fleurs de fantaisie : papier peint</titraille>
          </ill>
        </ills>
      </page>
    </pages>
  </contenus>
</analyseAlto>