<analyseAlto>
  <metad>
    <type>I</type>
    <ID>btv1b6901457b</ID>
    <titre>Papier à motif répétitif : papier peint</titre>
    <dateEdition>1799</dateEdition>
    <auteur>inconnu</auteur>
    <lang>fre</lang>
    <source>Bibliothèque nationale de France, département Estampes et photographie, EST LI-19</source>
    <sujet>Carreaux -- Rosaces (architecture) -- Lyre -- Instruments de musique -- Fuseaux (ornement) -- Figures à l_antique -- Fleurs stylisées (ornement) -- Bleuet -- Noeuds (ornement) -- Faunes -- Flûte double -- Motifs décoratifs</sujet>
    <descr>Appartient à l’ensemble documentaire : PaPeint18 -- Papier peint</descr>
    <format>inconnu</format>
    <couverture>inconnu</couverture>
    <largeurPx>6816</largeurPx>
    <hauteurPx>6664</hauteurPx>
    <ocr>false</ocr>
    <toc>false</toc>
    <caption>false</caption>
    <nbPage>1</nbPage>
  </metad>
  <contenus ocr="false" toc="false">
    <largeur>288</largeur>
    <hauteur>282</hauteur>
    <largeurPx>6816</largeurPx>
    <hauteurPx>6664</hauteurPx>
    <pages>
      <page ordre="1">
        <blocIll ocr="1">1</blocIll>
        <ills>
          <ill classif="CCgoogle" couleur="coul" h="6664" hash="55414555554555ff" n="1-1" taille="21" w="6816" x="1" y="1">
            <contenuImg CS="0.80" h="2413" lang="fr" source="google" w="4270" x="681.6" y="1084.4">textile</contenuImg>
            <contenuImg CS="0.63" h="2413" lang="fr" source="google" w="4270" x="681.6" y="1084.4">modèle motif</contenuImg>
            <contenuImg CS="0.23" coul="1" lang="fr" source="google">marron très foncé</contenuImg>
            <contenuImg CS="0.72" h="2413" lang="fr" source="google" w="4270" x="681.6" y="1084.4">tuile</contenuImg>
            <contenuImg CS="0.63" h="2413" lang="fr" source="google" w="4270" x="681.6" y="1084.4">modèle</contenuImg>
            <contenuImg CS="0.62" lang="fr" source="google">arts visuels</contenuImg>
            <contenuImg CS="0.52" lang="fr" source="google">cercle</contenuImg>
            <contenuImg CS="0.50" lang="fr" source="google">nappe de table</contenuImg>
            <contenuImg CS="0.50" lang="fr" source="google">art</contenuImg>
            <contenuImg CS="0.89" coul="1" lang="fr" source="google">rose</contenuImg>
            <contenuImg CS="0.40" coul="1" lang="fr" source="google">saumon</contenuImg>
            <contenuImg CS="0.34" coul="1" lang="fr" source="google">vieux rose</contenuImg>
            <contenuImg CS="0.31" coul="1" lang="fr" source="google">gris foncé</contenuImg>
            <contenuImg CS="0.23" coul="1" lang="fr" source="google">verydarkbrown</contenuImg>
            <contenuImg b="170" coul="1" g="162" r="173" source="colorific" type="bkg">#ada2aa</contenuImg>
            <contenuImg b="55" coul="1" g="44" ordre="6" r="57" source="colorific" type="frg">#392c37</contenuImg>
            <contenuImg b="152" coul="1" g="161" ordre="5" r="177" source="colorific" type="frg">#b1a198</contenuImg>
            <contenuImg b="70" coul="1" g="87" ordre="4" r="162" source="colorific" type="frg">#a25746</contenuImg>
            <contenuImg b="121" coul="1" g="148" ordre="3" r="160" source="colorific" type="frg">#a09479</contenuImg>
            <contenuImg b="100" coul="1" g="102" ordre="2" r="136" source="colorific" type="frg">#886664</contenuImg>
            <contenuImg b="89" coul="1" g="83" ordre="1" r="88" source="colorific" type="frg">#585359</contenuImg>
            <contenuImg CS="1.0" lang="en" source="md">decorative patterns</contenuImg>
            <contenuImg CS="1.0" lang="en" source="md">double flute</contenuImg>
            <contenuImg CS="1.0" lang="en" source="md">fauns</contenuImg>
            <contenuImg CS="1.0" lang="en" source="md">knots (ornament)</contenuImg>
            <contenuImg CS="1.0" lang="en" source="md">cornflower (flowers)</contenuImg>
            <contenuImg CS="1.0" lang="en" source="md">stylized flowers (ornament)</contenuImg>
            <contenuImg CS="1.0" lang="en" source="md">figures in the antique</contenuImg>
            <contenuImg CS="1.0" lang="en" source="md">spindles (ornament)</contenuImg>
            <contenuImg CS="1.0" lang="en" source="md">musical instruments</contenuImg>
            <contenuImg CS="1.0" lang="en" source="md">lyre</contenuImg>
            <contenuImg CS="1.0" lang="en" source="md">rosettes (architecture)</contenuImg>
            <contenuImg CS="1.0" lang="en" source="md">tiles</contenuImg>
            <contenuImg CS="0.23" coul="1" lang="en" source="google">verydarkbrown</contenuImg>
            <contenuImg CS="0.31" coul="1" lang="en" source="google">darkgray</contenuImg>
            <contenuImg CS="0.34" coul="1" lang="en" source="google">dustyrose</contenuImg>
            <contenuImg CS="0.40" coul="1" lang="en" source="google">salmon</contenuImg>
            <contenuImg CS="0.89" coul="1" lang="en" source="google">pink</contenuImg>
            <contenuImg CS="0.38" coul="1" lang="en" source="google">salmon</contenuImg>
            <contenuImg CS="1.44" coul="1" lang="en" source="google">pink</contenuImg>
            <contenuImg CS="0.50" lang="en" source="google">Art</contenuImg>
            <contenuImg CS="0.50" lang="en" source="google">Tablecloth</contenuImg>
            <contenuImg CS="0.52" lang="en" source="google">Circle</contenuImg>
            <contenuImg CS="0.62" lang="en" source="google">Visual arts</contenuImg>
            <contenuImg CS="0.63" h="2413" lang="en" source="google" w="4270" x="681.6" y="1084.4">Pattern</contenuImg>
            <contenuImg CS="0.72" h="2413" lang="en" source="google" w="4270" x="681.6" y="1084.4">Tile</contenuImg>
            <contenuImg CS="0.80" h="2413" lang="en" source="google" w="4270" x="681.6" y="1084.4">Textile</contenuImg>
            <contenuImg CS="0.87" h="2413" lang="en" source="google" w="4270" x="681.6" y="1084.4">Pattern</contenuImg>
            <tech source="final">estampe/gravure</tech>
            <fonction source="md">papier-peint</fonction>
            <fonction source="final">papier-peint</fonction>
            <tech CS="1" source="hm">estampe/gravure</tech>
            <theme CS="1" source="md">0</theme>
            <contenuImg CS="1.0" lang="fr" source="md">Carreaux</contenuImg>
            <contenuImg CS="1.0" lang="fr" source="md">Rosaces (architecture)</contenuImg>
            <contenuImg CS="1.0" lang="fr" source="md">Lyre</contenuImg>
            <contenuImg CS="1.0" lang="fr" source="md">Instruments de musique</contenuImg>
            <contenuImg CS="1.0" lang="fr" source="md">Fuseaux (ornement)</contenuImg>
            <contenuImg CS="1.0" lang="fr" source="md">Figures à l'antique</contenuImg>
            <contenuImg CS="1.0" lang="fr" source="md">Fleurs stylisées (ornement)</contenuImg>
            <contenuImg CS="1.0" coul="1" lang="fr" source="md">Bleuet</contenuImg>
            <contenuImg CS="1.0" lang="fr" source="md">Noeuds (ornement)</contenuImg>
            <contenuImg CS="1.0" lang="fr" source="md">Faunes</contenuImg>
            <contenuImg CS="1.0" lang="fr" source="md">Flûte double</contenuImg>
            <contenuImg CS="1.0" lang="fr" source="md">Motifs décoratifs</contenuImg>
            <titraille>Papier à motif répétitif : papier peint</titraille>
          </ill>
        </ills>
      </page>
    </pages>
  </contenus>
</analyseAlto>