<analyseAlto>
  <metad>
    <type>I</type>
    <ID>btv1b6900763s</ID>
    <titre>Papier à motif répétitif : papier peint</titre>
    <dateEdition>1803</dateEdition>
    <auteur>Jacquemart et Bénard (Manufacture). Fonction indéterminée</auteur>
    <lang>fre</lang>
    <source>Bibliothèque nationale de France</source>
    <sujet>Peinture et décoration murales -- Chapiteaux -- Arcades -- Passementerie -- Frises -- Feuilles stylisées (ornement) -- Végétaux de fantaisie -- Dents-de-loup (ornement) -- Palmettes (ornement) -- Décoration et ornement architecturaux -- Motifs décoratifs</sujet>
    <descr>Appartient à l’ensemble documentaire : PaPeint18 -- Papier peint</descr>
    <format>inconnu</format>
    <couverture>inconnu</couverture>
    <largeurPx>6928</largeurPx>
    <hauteurPx>6472</hauteurPx>
    <ocr>false</ocr>
    <toc>false</toc>
    <nbPage>1</nbPage>
  </metad>
  <contenus ocr="false" toc="false">
    <largeur>293</largeur>
    <hauteur>273</hauteur>
    <largeurPx>6928</largeurPx>
    <hauteurPx>6472</hauteurPx>
    <pages>
      <page ordre="1">
        <blocIll ocr="1">1</blocIll>
        <ills>
          <ill classif="CCgoogle" couleur="coul" h="6472" hash="0000c2b9bd7e7e7e" n="1-1" taille="20" w="6928" x="1" y="1">
            <contenuImg CS="0.50" lang="fr" source="google">plante vivace</contenuImg>
            <contenuImg CS="0.77" h="3990" lang="fr" source="google" w="2237" x="1708.8" y="647.2">modèle motif</contenuImg>
            <contenuImg CS="0.84" coul="1" h="3990" lang="fr" source="google" w="2237" x="1708.8" y="647.2">jaune</contenuImg>
            <contenuImg CS="0.77" h="3990" lang="fr" source="google" w="2237" x="1708.8" y="647.2">modèle</contenuImg>
            <contenuImg CS="0.76" h="3990" lang="fr" source="google" w="2237" x="1708.8" y="647.2">feuille</contenuImg>
            <contenuImg CS="0.68" h="3990" lang="fr" source="google" w="2237" x="1708.8" y="647.2">illustration</contenuImg>
            <contenuImg CS="0.59" lang="fr" source="google">arts visuels</contenuImg>
            <contenuImg CS="0.59" lang="fr" source="google">plante</contenuImg>
            <contenuImg CS="0.58" lang="fr" source="google">art</contenuImg>
            <contenuImg CS="0.56" lang="fr" source="google">tapisserie</contenuImg>
            <contenuImg CS="1.79" coul="1" lang="fr" source="google">bois foncé</contenuImg>
            <contenuImg CS="1.70" coul="1" lang="fr" source="google">vert foncé</contenuImg>
            <contenuImg CS="0.01" coul="1" lang="fr" source="google">vert olive foncé</contenuImg>
            <contenuImg CS="1.10" coul="1" lang="fr" source="google">vieil or</contenuImg>
            <contenuImg CS="0.01" coul="1" lang="fr" source="google">vert cuivre</contenuImg>
            <contenuImg b="109" coul="1" g="117" ordre="6" r="78" source="colorific" type="frg">#4e756d</contenuImg>
            <contenuImg b="48" coul="1" g="56" ordre="5" r="32" source="colorific" type="frg">#203830</contenuImg>
            <contenuImg b="40" coul="1" g="130" ordre="4" r="188" source="colorific" type="frg">#bc8228</contenuImg>
            <contenuImg b="0" coul="1" g="0" ordre="3" r="0" source="colorific" type="frg">#000000</contenuImg>
            <contenuImg b="129" coul="1" g="121" ordre="2" r="166" source="colorific" type="frg">#a67981</contenuImg>
            <contenuImg b="68" coul="1" g="189" ordre="1" r="229" source="colorific" type="frg">#e5bd44</contenuImg>
            <contenuImg CS="1.0" lang="en" source="md">decorative patterns</contenuImg>
            <contenuImg CS="1.0" lang="en" source="md">architectural decoration and ornament</contenuImg>
            <contenuImg CS="1.0" lang="en" source="md">palmettes (ornament)</contenuImg>
            <contenuImg CS="1.0" lang="en" source="md">wolf's teeth (ornament)</contenuImg>
            <contenuImg CS="1.0" lang="en" source="md">fancy plants</contenuImg>
            <contenuImg CS="1.0" lang="en" source="md">stylized leaves (ornament)</contenuImg>
            <contenuImg CS="1.0" lang="en" source="md">curly</contenuImg>
            <contenuImg CS="1.0" lang="en" source="md">trimmings</contenuImg>
            <contenuImg CS="1.0" lang="en" source="md">arcades</contenuImg>
            <contenuImg CS="1.0" lang="en" source="md">marquees</contenuImg>
            <contenuImg CS="1.0" lang="en" source="md">painting and wall decoration</contenuImg>
            <contenuImg CS="0.01" coul="1" lang="en" source="google">greencopper</contenuImg>
            <contenuImg CS="1.10" coul="1" lang="en" source="google">oldgold</contenuImg>
            <contenuImg CS="0.01" coul="1" lang="en" source="google">darkolivegreen</contenuImg>
            <contenuImg CS="1.70" coul="1" lang="en" source="google">darkgreen</contenuImg>
            <contenuImg CS="0.07" coul="1" lang="en" source="google">oldgold</contenuImg>
            <contenuImg CS="1.79" coul="1" lang="en" source="google">darkwood</contenuImg>
            <contenuImg CS="0.50" lang="en" source="google">Perennial plant</contenuImg>
            <contenuImg CS="0.56" lang="en" source="google">Tapestry</contenuImg>
            <contenuImg CS="0.58" lang="en" source="google">Art</contenuImg>
            <contenuImg CS="0.59" lang="en" source="google">Plant</contenuImg>
            <contenuImg CS="0.59" lang="en" source="google">Visual arts</contenuImg>
            <contenuImg CS="0.68" h="3990" lang="en" source="google" w="2237" x="1708.8" y="647.2">Illustration</contenuImg>
            <contenuImg CS="0.76" h="3990" lang="en" source="google" w="2237" x="1708.8" y="647.2">Leaf</contenuImg>
            <contenuImg CS="0.77" h="3990" lang="en" source="google" w="2237" x="1708.8" y="647.2">Pattern</contenuImg>
            <contenuImg CS="0.84" h="3990" lang="en" source="google" w="2237" x="1708.8" y="647.2">Yellow</contenuImg>
            <tech source="final">estampe/gravure</tech>
            <fonction source="md">papier-peint</fonction>
            <fonction source="final">papier-peint</fonction>
            <tech CS="1" source="hm">estampe/gravure</tech>
            <theme CS="1" source="md">0</theme>
            <contenuImg CS="1.0" lang="fr" source="md">Peinture et décoration murales</contenuImg>
            <contenuImg CS="1.0" lang="fr" source="md">Chapiteaux</contenuImg>
            <contenuImg CS="1.0" lang="fr" source="md">Arcades</contenuImg>
            <contenuImg CS="1.0" lang="fr" source="md">Passementerie</contenuImg>
            <contenuImg CS="1.0" lang="fr" source="md">Frises</contenuImg>
            <contenuImg CS="1.0" lang="fr" source="md">Feuilles stylisées (ornement)</contenuImg>
            <contenuImg CS="1.0" lang="fr" source="md">Végétaux de fantaisie</contenuImg>
            <contenuImg CS="1.0" lang="fr" source="md">Dents-de-loup (ornement)</contenuImg>
            <contenuImg CS="1.0" lang="fr" source="md">Palmettes (ornement)</contenuImg>
            <contenuImg CS="1.0" lang="fr" source="md">Décoration et ornement architecturaux</contenuImg>
            <contenuImg CS="1.0" lang="fr" source="md">Motifs décoratifs</contenuImg>
            <titraille>Papier à motif répétitif : papier peint</titraille>
          </ill>
        </ills>
      </page>
    </pages>
  </contenus>
</analyseAlto>