<analyseAlto>
  <metad>
    <type>I</type>
    <ID>btv1b69007023</ID>
    <titre>Manufacture Jacquemart et Bénard. Bordure. Une bande de frise d_ornements géométriques, d'ornements de fantaisie, d'étoiles : papier peint</titre>
    <dateEdition>1802</dateEdition>
    <auteur>inconnu</auteur>
    <lang>fre</lang>
    <source>Bibliothèque nationale de France</source>
    <sujet>Frises -- Ornements géométriques -- Étoiles -- Ornements de fantaisie -- Motifs décoratifs -- 1800-1869</sujet>
    <descr>Appartient à l’ensemble documentaire : PaPeint18 -- Papier peint</descr>
    <format>inconnu</format>
    <couverture>inconnu</couverture>
    <largeurPx>6336</largeurPx>
    <hauteurPx>3200</hauteurPx>
    <ocr>false</ocr>
    <toc>false</toc>
    <nbPage>1</nbPage>
  </metad>
  <contenus ocr="false" toc="false">
    <largeur>268</largeur>
    <hauteur>135</hauteur>
    <largeurPx>6336</largeurPx>
    <hauteurPx>3200</hauteurPx>
    <pages>
      <page ordre="1">
        <blocIll ocr="1">1</blocIll>
        <ills>
          <ill classif="CCgoogle" couleur="coul" h="3200" hash="ffff4981008101ff" n="1-1" taille="9" w="6336" x="1" y="1">
            <contenuImg CS="0.72" lang="fr" source="google">conception</contenuImg>
            <contenuImg CS="0.81" lang="fr" source="google">modèle motif</contenuImg>
            <contenuImg CS="1.04" coul="1" lang="fr" source="google">cyan foncé</contenuImg>
            <contenuImg CS="0.03" coul="1" lang="fr" source="google">bleu acier</contenuImg>
            <contenuImg CS="0.93" coul="1" h="2978" lang="fr" source="google" w="1667" x="3088.6" y="491">bleu</contenuImg>
            <contenuImg CS="0.91" coul="1" h="2978" lang="fr" source="google" w="1667" x="3088.6" y="491">turquoise</contenuImg>
            <contenuImg CS="0.89" h="2978" lang="fr" source="google" w="1667" x="3088.6" y="491">fer</contenuImg>
            <contenuImg CS="0.84" coul="1" h="2978" lang="fr" source="google" w="1667" x="3088.6" y="491">bleu canard</contenuImg>
            <contenuImg CS="0.81" lang="fr" source="google">modèle</contenuImg>
            <contenuImg CS="0.73" lang="fr" source="google">ligne</contenuImg>
            <contenuImg CS="0.72" lang="fr" source="google">design</contenuImg>
            <contenuImg CS="0.66" lang="fr" source="google">métal</contenuImg>
            <contenuImg CS="0.61" lang="fr" source="google">clôture</contenuImg>
            <contenuImg CS="0.58" lang="fr" source="google">rectangle</contenuImg>
            <contenuImg CS="0.23" coul="1" lang="fr" source="google">gris</contenuImg>
            <contenuImg CS="0.01" coul="1" lang="fr" source="google">noir</contenuImg>
            <contenuImg CS="0.45" coul="1" lang="fr" source="google">bleu nuit</contenuImg>
            <contenuImg b="124" coul="1" g="99" r="49" source="colorific" type="bkg">#31637c</contenuImg>
            <contenuImg b="35" coul="1" g="30" ordre="4" r="2" source="colorific" type="frg">#021e23</contenuImg>
            <contenuImg b="70" coul="1" g="59" ordre="3" r="27" source="colorific" type="frg">#1b3b46</contenuImg>
            <contenuImg b="103" coul="1" g="95" ordre="2" r="112" source="colorific" type="frg">#705f67</contenuImg>
            <contenuImg b="0" coul="1" g="0" ordre="1" r="0" source="colorific" type="frg">#000000</contenuImg>
            <contenuImg CS="1.0" lang="en" source="md">decorative patterns - 1800-1869</contenuImg>
            <contenuImg CS="1.0" lang="en" source="md">fancy ornaments</contenuImg>
            <contenuImg CS="1.0" lang="en" source="md">stars</contenuImg>
            <contenuImg CS="1.0" lang="en" source="md">geometric ornaments</contenuImg>
            <contenuImg CS="1.0" lang="en" source="md">curly</contenuImg>
            <contenuImg CS="0.45" coul="1" lang="en" source="google">midnightblue</contenuImg>
            <contenuImg CS="0.01" coul="1" lang="en" source="google">black</contenuImg>
            <contenuImg CS="0.01" coul="1" lang="en" source="google">black</contenuImg>
            <contenuImg CS="0.03" coul="1" lang="en" source="google">steelblue</contenuImg>
            <contenuImg CS="0.23" coul="1" lang="en" source="google">grey</contenuImg>
            <contenuImg CS="0.55" coul="1" lang="en" source="google">black</contenuImg>
            <contenuImg CS="1.04" coul="1" lang="en" source="google">darkcyan</contenuImg>
            <contenuImg CS="0.58" lang="en" source="google">Rectangle</contenuImg>
            <contenuImg CS="0.61" lang="en" source="google">Fence</contenuImg>
            <contenuImg CS="0.66" lang="en" source="google">Metal</contenuImg>
            <contenuImg CS="0.72" lang="en" source="google">Design</contenuImg>
            <contenuImg CS="0.73" lang="en" source="google">Line</contenuImg>
            <contenuImg CS="0.81" lang="en" source="google">Pattern</contenuImg>
            <contenuImg CS="0.84" coul="1" h="2978" lang="en" source="google" w="1667" x="3088.6" y="491">Teal</contenuImg>
            <contenuImg CS="0.89" h="2978" lang="en" source="google" w="1667" x="3088.6" y="491">Iron</contenuImg>
            <contenuImg CS="0.91" coul="1" h="2978" lang="en" source="google" w="1667" x="3088.6" y="491">Turquoise</contenuImg>
            <contenuImg CS="0.93" coul="1" h="2978" lang="en" source="google" w="1667" x="3088.6" y="491">Blue</contenuImg>
            <tech source="final">estampe/gravure</tech>
            <fonction source="md">papier-peint</fonction>
            <fonction source="final">papier-peint</fonction>
            <tech CS="1" source="hm">estampe/gravure</tech>
            <theme CS="1" source="md">0</theme>
            <contenuImg CS="1.0" lang="fr" source="md">Frises</contenuImg>
            <contenuImg CS="1.0" lang="fr" source="md">Ornements géométriques</contenuImg>
            <contenuImg CS="1.0" lang="fr" source="md">Étoiles</contenuImg>
            <contenuImg CS="1.0" lang="fr" source="md">Ornements de fantaisie</contenuImg>
            <contenuImg CS="1.0" lang="fr" source="md">Motifs décoratifs -- 1800-1869</contenuImg>
            <titraille>Manufacture Jacquemart et Bénard. Bordure. Une bande de frise d_ornements géométriques, d'ornements de fantaisie, d'étoiles : papier peint</titraille>
          </ill>
        </ills>
      </page>
    </pages>
  </contenus>
</analyseAlto>