<analyseAlto>
  <metad>
    <type>I</type>
    <ID>btv1b69006940</ID>
    <titre>Papier à motif répétitif : papier peint</titre>
    <dateEdition>1802</dateEdition>
    <auteur>inconnu</auteur>
    <lang>fre</lang>
    <source>Bibliothèque nationale de France</source>
    <sujet>Ornements géométriques -- Losanges (ornement) -- Guillochis -- Fleurs stylisées (ornement) -- Motifs décoratifs</sujet>
    <descr>Appartient à l’ensemble documentaire : PaPeint18 -- Papier peint</descr>
    <format>inconnu</format>
    <couverture>inconnu</couverture>
    <largeurPx>6896</largeurPx>
    <hauteurPx>5808</hauteurPx>
    <ocr>false</ocr>
    <toc>false</toc>
    <nbPage>1</nbPage>
  </metad>
  <contenus ocr="false" toc="false">
    <largeur>291</largeur>
    <hauteur>245</hauteur>
    <largeurPx>6896</largeurPx>
    <hauteurPx>5808</hauteurPx>
    <pages>
      <page ordre="1">
        <blocIll ocr="1">1</blocIll>
        <ills>
          <ill classif="CCgoogle" couleur="coul" h="5808" hash="9d99999999991999" n="1-1" taille="18" w="6896" x="1" y="1">
            <contenuImg CS="0.15" coul="1" lang="fr" source="google">bronze</contenuImg>
            <contenuImg CS="0.77" h="3595" lang="fr" source="google" w="2018" x="1814.6" y="580.8">conception</contenuImg>
            <contenuImg CS="0.92" h="3595" lang="fr" source="google" w="2018" x="1814.6" y="580.8">modèle motif</contenuImg>
            <contenuImg CS="0.09" coul="1" lang="fr" source="google">rouge indien</contenuImg>
            <contenuImg CS="0.92" h="3595" lang="fr" source="google" w="2018" x="1814.6" y="580.8">modèle</contenuImg>
            <contenuImg CS="0.84" coul="1" h="3595" lang="fr" source="google" w="2018" x="1814.6" y="580.8">jaune</contenuImg>
            <contenuImg CS="0.77" h="3595" lang="fr" source="google" w="2018" x="1814.6" y="580.8">design</contenuImg>
            <contenuImg CS="0.75" h="3595" lang="fr" source="google" w="2018" x="1814.6" y="580.8">ligne</contenuImg>
            <contenuImg CS="0.71" lang="fr" source="google">plafond</contenuImg>
            <contenuImg CS="0.64" coul="1" lang="fr" source="google">beige</contenuImg>
            <contenuImg CS="0.60" lang="fr" source="google">bois</contenuImg>
            <contenuImg CS="0.56" lang="fr" source="google">symétrie</contenuImg>
            <contenuImg CS="0.54" lang="fr" source="google">sol</contenuImg>
            <contenuImg CS="0.72" coul="1" lang="fr" source="google">chair</contenuImg>
            <contenuImg CS="0.21" coul="1" lang="fr" source="google">feldspath</contenuImg>
            <contenuImg CS="0.13" coul="1" lang="fr" source="google">beige pâle</contenuImg>
            <contenuImg CS="0.09" coul="1" lang="fr" source="google">indianred</contenuImg>
            <contenuImg CS="0.06" coul="1" lang="fr" source="google">gris clair</contenuImg>
            <contenuImg b="141" coul="1" g="198" r="224" source="colorific" type="bkg">#e0c68d</contenuImg>
            <contenuImg b="255" coul="1" g="255" ordre="2" r="255" source="colorific" type="frg">#ffffff</contenuImg>
            <contenuImg b="58" coul="1" g="107" ordre="1" r="142" source="colorific" type="frg">#8e6b3a</contenuImg>
            <contenuImg CS="1.0" lang="en" source="md">decorative patterns</contenuImg>
            <contenuImg CS="1.0" lang="en" source="md">stylized flowers (ornament)</contenuImg>
            <contenuImg CS="1.0" lang="en" source="md">guilloche</contenuImg>
            <contenuImg CS="1.0" lang="en" source="md">rhombuses (ornament)</contenuImg>
            <contenuImg CS="1.0" lang="en" source="md">geometric ornaments</contenuImg>
            <contenuImg CS="0.06" coul="1" lang="en" source="google">lightgrey</contenuImg>
            <contenuImg CS="0.09" coul="1" lang="en" source="google">indianred</contenuImg>
            <contenuImg CS="0.13" coul="1" lang="en" source="google">newtan</contenuImg>
            <contenuImg CS="0.15" coul="1" lang="en" source="google">bronzeii</contenuImg>
            <contenuImg CS="0.21" coul="1" lang="en" source="google">feldspar</contenuImg>
            <contenuImg CS="0.72" coul="1" lang="en" source="google">flesh</contenuImg>
            <contenuImg CS="3.51" coul="1" lang="en" source="google">newtan</contenuImg>
            <contenuImg CS="0.54" lang="en" source="google">Floor</contenuImg>
            <contenuImg CS="0.54" lang="en" source="google">Flooring</contenuImg>
            <contenuImg CS="0.56" lang="en" source="google">Symmetry</contenuImg>
            <contenuImg CS="0.60" lang="en" source="google">Wood</contenuImg>
            <contenuImg CS="0.64" coul="1" lang="en" source="google">Beige</contenuImg>
            <contenuImg CS="0.71" lang="en" source="google">Ceiling</contenuImg>
            <contenuImg CS="0.75" h="3595" lang="en" source="google" w="2018" x="1814.6" y="580.8">Line</contenuImg>
            <contenuImg CS="0.77" h="3595" lang="en" source="google" w="2018" x="1814.6" y="580.8">Design</contenuImg>
            <contenuImg CS="0.84" h="3595" lang="en" source="google" w="2018" x="1814.6" y="580.8">Yellow</contenuImg>
            <contenuImg CS="0.92" h="3595" lang="en" source="google" w="2018" x="1814.6" y="580.8">Pattern</contenuImg>
            <tech source="final">estampe/gravure</tech>
            <fonction source="md">papier-peint</fonction>
            <fonction source="final">papier-peint</fonction>
            <tech CS="1" source="hm">estampe/gravure</tech>
            <theme CS="1" source="md">0</theme>
            <contenuImg CS="1.0" lang="fr" source="md">Ornements géométriques</contenuImg>
            <contenuImg CS="1.0" lang="fr" source="md">Losanges (ornement)</contenuImg>
            <contenuImg CS="1.0" lang="fr" source="md">Guillochis</contenuImg>
            <contenuImg CS="1.0" lang="fr" source="md">Fleurs stylisées (ornement)</contenuImg>
            <contenuImg CS="1.0" lang="fr" source="md">Motifs décoratifs</contenuImg>
            <titraille>Papier à motif répétitif : papier peint</titraille>
          </ill>
        </ills>
      </page>
    </pages>
  </contenus>
</analyseAlto>