<analyseAlto>
  <metad>
    <type>I</type>
    <ID>btv1b6900354f</ID>
    <titre>Papier à motif répétitif : papier peint / Grouvreur</titre>
    <dateEdition>1800</dateEdition>
    <auteur>Grouvreur (17..-18..   peintre). Peintre du modèle</auteur>
    <lang>fre</lang>
    <source>Bibliothèque nationale de France, département Estampes et photographie, EST LI-20</source>
    <sujet>Raisin -- Nids -- Oiseaux -- Papillons -- Branchages -- Feuilles de vigne -- Motifs décoratifs</sujet>
    <descr>Appartient à l’ensemble documentaire : PaPeint18 -- Appartient à l’ensemble documentaire : Rtmgus1 -- Papier peint</descr>
    <format>inconnu</format>
    <couverture>inconnu</couverture>
    <largeurPx>6696</largeurPx>
    <hauteurPx>6608</hauteurPx>
    <ocr>false</ocr>
    <toc>false</toc>
    <caption>false</caption>
    <nbPage>1</nbPage>
  </metad>
  <contenus ocr="false" toc="false">
    <largeur>283</largeur>
    <hauteur>279</hauteur>
    <largeurPx>6696</largeurPx>
    <hauteurPx>6608</hauteurPx>
    <pages>
      <page ordre="1">
        <blocIll ocr="1">1</blocIll>
        <ills>
          <ill classif="CCgoogle" couleur="coul" h="6608" hash="a8befd093b15c560" n="1-1" taille="20" w="6696" x="1" y="1">
            <contenuImg CS="0.77" lang="fr" source="google">conception</contenuImg>
            <contenuImg CS="0.79" h="4213" lang="fr" source="google" w="2360" x="2578.6" y="660.8">botanique</contenuImg>
            <contenuImg CS="0.63" lang="fr" source="google">motif</contenuImg>
            <contenuImg CS="0.90" h="4213" lang="fr" source="google" w="2360" x="2578.6" y="660.8">modèle motif</contenuImg>
            <contenuImg CS="0.90" h="4213" lang="fr" source="google" w="2360" x="2578.6" y="660.8">modèle</contenuImg>
            <contenuImg CS="0.83" coul="1" h="4213" lang="fr" source="google" w="2360" x="2578.6" y="660.8">bleu canard</contenuImg>
            <contenuImg CS="0.83" h="4213" lang="fr" source="google" w="2360" x="2578.6" y="660.8">branche</contenuImg>
            <contenuImg CS="0.77" lang="fr" source="google">fond d'écran</contenuImg>
            <contenuImg CS="0.77" lang="fr" source="google">design</contenuImg>
            <contenuImg CS="0.69" lang="fr" source="google">oiseau</contenuImg>
            <contenuImg CS="0.69" lang="fr" source="google">plante</contenuImg>
            <contenuImg CS="0.67" lang="fr" source="google">arts visuels</contenuImg>
            <contenuImg CS="2.95" coul="1" lang="fr" source="google">gris foncé</contenuImg>
            <contenuImg CS="0.11" coul="1" lang="fr" source="google">bois clair</contenuImg>
            <contenuImg CS="0.09" coul="1" lang="fr" source="google">vert foncé</contenuImg>
            <contenuImg CS="0.08" coul="1" lang="fr" source="google">vert cuivre foncé</contenuImg>
            <contenuImg CS="0.08" coul="1" lang="fr" source="google">bleu clair</contenuImg>
            <contenuImg b="85" coul="1" g="108" r="110" source="colorific" type="bkg">#6e6c55</contenuImg>
            <contenuImg b="113" coul="1" g="173" ordre="4" r="187" source="colorific" type="frg">#bbad71</contenuImg>
            <contenuImg b="150" coul="1" g="166" ordre="3" r="132" source="colorific" type="frg">#84a696</contenuImg>
            <contenuImg b="36" coul="1" g="50" ordre="2" r="58" source="colorific" type="frg">#3a3224</contenuImg>
            <contenuImg b="34" coul="1" g="42" ordre="1" r="32" source="colorific" type="frg">#202a22</contenuImg>
            <contenuImg CS="1.0" lang="en" source="md">decorative patterns</contenuImg>
            <contenuImg CS="1.0" lang="en" source="md">vine leaves (plants)</contenuImg>
            <contenuImg CS="1.0" lang="en" source="md">boughs</contenuImg>
            <contenuImg CS="1.0" lang="en" source="md">butterflies</contenuImg>
            <contenuImg CS="1.0" lang="en" source="md">birds</contenuImg>
            <contenuImg CS="1.0" lang="en" source="md">nests</contenuImg>
            <contenuImg CS="1.0" lang="en" source="md">grape (fruits)</contenuImg>
            <contenuImg CS="0.08" coul="1" lang="en" source="google">lightsteelblue</contenuImg>
            <contenuImg CS="0.08" coul="1" lang="en" source="google">darkgreencopper</contenuImg>
            <contenuImg CS="0.09" coul="1" lang="en" source="google">darkgreen</contenuImg>
            <contenuImg CS="0.11" coul="1" lang="en" source="google">lightwood</contenuImg>
            <contenuImg CS="0.13" coul="1" lang="en" source="google">lightsteelblue</contenuImg>
            <contenuImg CS="0.23" coul="1" lang="en" source="google">darkgreencopper</contenuImg>
            <contenuImg CS="0.82" coul="1" lang="en" source="google">darkgreen</contenuImg>
            <contenuImg CS="2.95" coul="1" lang="en" source="google">dimgrey</contenuImg>
            <contenuImg CS="0.63" lang="en" source="google">Motif</contenuImg>
            <contenuImg CS="0.67" lang="en" source="google">Visual arts</contenuImg>
            <contenuImg CS="0.69" lang="en" source="google">Plant</contenuImg>
            <contenuImg CS="0.69" lang="en" source="google">Bird</contenuImg>
            <contenuImg CS="0.77" lang="en" source="google">Design</contenuImg>
            <contenuImg CS="0.77" lang="en" source="google">Wallpaper</contenuImg>
            <contenuImg CS="0.79" h="4213" lang="en" source="google" w="2360" x="2578.6" y="660.8">Botany</contenuImg>
            <contenuImg CS="0.83" h="4213" lang="en" source="google" w="2360" x="2578.6" y="660.8">Branch</contenuImg>
            <contenuImg CS="0.83" coul="1" h="4213" lang="en" source="google" w="2360" x="2578.6" y="660.8">Teal</contenuImg>
            <contenuImg CS="0.90" h="4213" lang="en" source="google" w="2360" x="2578.6" y="660.8">Pattern</contenuImg>
            <tech source="final">estampe/gravure</tech>
            <fonction source="md">papier-peint</fonction>
            <fonction source="final">papier-peint</fonction>
            <tech CS="1" source="hm">estampe/gravure</tech>
            <theme CS="1" source="md">0</theme>
            <contenuImg CS="1.0" lang="fr" source="md">Raisin</contenuImg>
            <contenuImg CS="1.0" lang="fr" source="md">Nids</contenuImg>
            <contenuImg CS="1.0" lang="fr" source="md">Oiseaux</contenuImg>
            <contenuImg CS="1.0" lang="fr" source="md">Papillons</contenuImg>
            <contenuImg CS="1.0" lang="fr" source="md">Branchages</contenuImg>
            <contenuImg CS="1.0" lang="fr" source="md">Feuilles de vigne</contenuImg>
            <contenuImg CS="1.0" lang="fr" source="md">Motifs décoratifs</contenuImg>
            <titraille>Papier à motif répétitif : papier peint / Grouvreur</titraille>
          </ill>
        </ills>
      </page>
    </pages>
  </contenus>
</analyseAlto>