<analyseAlto>
  <metad>
    <type>I</type>
    <ID>btv1b69001963</ID>
    <titre>Manufacture Chapuy. Papier à motif répétitif. Motif répétitif en camaïeu de carreaux alternant un trophée de musique et une figure de danseuse : papier peint</titre>
    <dateEdition>1799</dateEdition>
    <auteur>inconnu</auteur>
    <lang>fre</lang>
    <source>Bibliothèque nationale de France, département Estampes et photographie, EST LI-15</source>
    <sujet>Danseuses -- Personnages -- Dans l_art -- Instruments de musique -- Tambourin (tambour) -- Flûte -- Trompette -- Partitions -- Paniers -- Trophées (ornement) -- Grecques (ornement) -- Camaïeu, Peinture en -- Noeuds (ornement) -- Motifs décoratifs -- 1789-1799</sujet>
    <descr>Appartient à l’ensemble documentaire : PaPeint18 -- Papier peint</descr>
    <format>inconnu</format>
    <couverture>inconnu</couverture>
    <largeurPx>3120</largeurPx>
    <hauteurPx>6568</hauteurPx>
    <ocr>false</ocr>
    <toc>false</toc>
    <caption>false</caption>
    <nbPage>1</nbPage>
  </metad>
  <contenus ocr="false" toc="false">
    <largeur>132</largeur>
    <hauteur>278</hauteur>
    <largeurPx>3120</largeurPx>
    <hauteurPx>6568</hauteurPx>
    <pages>
      <page ordre="1">
        <blocIll ocr="1">1</blocIll>
        <ills>
          <ill classif="CCgoogle" couleur="coul" h="6568" hash="6763617f63234163" n="1-1" taille="9" w="3120" x="1" y="1">
            <contenuImg CS="0.82" h="1866" lang="fr" source="google" w="3306" x="326" y="4503.8">illustration</contenuImg>
            <contenuImg CS="0.72" h="1866" lang="fr" source="google" w="3306" x="326" y="4503.8">organisme</contenuImg>
            <contenuImg CS="0.69" h="1866" lang="fr" source="google" w="3306" x="326" y="4503.8">police de caractère</contenuImg>
            <contenuImg CS="0.58" h="1866" lang="fr" source="google" w="3306" x="326" y="4503.8">art</contenuImg>
            <contenuImg CS="0.53" lang="fr" source="google">personnage fictif</contenuImg>
            <contenuImg CS="0.51" coul="1" lang="fr" source="google">bronze</contenuImg>
            <contenuImg CS="0.84" coul="1" lang="fr" source="google">morceaux de chocolat</contenuImg>
            <contenuImg CS="0.48" coul="1" lang="fr" source="google">bois foncé</contenuImg>
            <contenuImg CS="0.36" coul="1" lang="fr" source="google">gris foncé</contenuImg>
            <contenuImg CS="0.33" coul="1" lang="fr" source="google">chocolat à pâtisser</contenuImg>
            <contenuImg CS="0.31" coul="1" lang="fr" source="google">bois moyen</contenuImg>
            <contenuImg b="130" coul="1" g="194" r="215" source="colorific" type="bkg">#d7c282</contenuImg>
            <contenuImg b="111" coul="1" g="121" ordre="6" r="107" source="colorific" type="frg">#6b796f</contenuImg>
            <contenuImg b="43" coul="1" g="63" ordre="5" r="74" source="colorific" type="frg">#4a3f2b</contenuImg>
            <contenuImg b="0" coul="1" g="0" ordre="4" r="0" source="colorific" type="frg">#000000</contenuImg>
            <contenuImg b="15" coul="1" g="28" ordre="3" r="30" source="colorific" type="frg">#1e1c0f</contenuImg>
            <contenuImg b="91" coul="1" g="121" ordre="2" r="141" source="colorific" type="frg">#8d795b</contenuImg>
            <contenuImg b="89" coul="1" g="98" ordre="1" r="114" source="colorific" type="frg">#726259</contenuImg>
            <contenuImg CS="1.0" lang="en" source="md">decorative patterns - 1789-1799</contenuImg>
            <contenuImg CS="1.0" lang="en" source="md">knots (ornament)</contenuImg>
            <contenuImg CS="1.0" lang="en" source="md">camaïeu painting</contenuImg>
            <contenuImg CS="1.0" lang="en" source="md">Greek (ornament)</contenuImg>
            <contenuImg CS="1.0" lang="en" source="md">trophies (ornament)</contenuImg>
            <contenuImg CS="1.0" lang="en" source="md">baskets</contenuImg>
            <contenuImg CS="1.0" lang="en" source="md">musical sheet</contenuImg>
            <contenuImg CS="1.0" lang="en" source="md">trumpet</contenuImg>
            <contenuImg CS="1.0" lang="en" source="md">flute</contenuImg>
            <contenuImg CS="1.0" lang="en" source="md">Tambourine (drum)</contenuImg>
            <contenuImg CS="1.0" lang="en" source="md">musical instruments</contenuImg>
            <contenuImg CS="1.0" lang="en" source="md">characters - in art</contenuImg>
            <contenuImg CS="1.0" lang="en" source="md">dancers</contenuImg>
            <contenuImg CS="0.31" coul="1" lang="en" source="google">mediumwood</contenuImg>
            <contenuImg CS="0.33" coul="1" lang="en" source="google">bakerschocolate</contenuImg>
            <contenuImg CS="0.36" coul="1" lang="en" source="google">dimgrey</contenuImg>
            <contenuImg CS="0.48" coul="1" lang="en" source="google">darkwood</contenuImg>
            <contenuImg CS="0.84" coul="1" lang="en" source="google">semisweetchocolate</contenuImg>
            <contenuImg CS="0.51" coul="1" lang="en" source="google">bronze</contenuImg>
            <contenuImg CS="0.89" coul="1" lang="en" source="google">dimgrey</contenuImg>
            <contenuImg CS="0.53" lang="en" source="google">Fictional character</contenuImg>
            <contenuImg CS="0.58" h="1866" lang="en" source="google" w="3306" x="326" y="4503.8">Art</contenuImg>
            <contenuImg CS="0.69" h="1866" lang="en" source="google" w="3306" x="326" y="4503.8">Font</contenuImg>
            <contenuImg CS="0.72" h="1866" lang="en" source="google" w="3306" x="326" y="4503.8">Organism</contenuImg>
            <contenuImg CS="0.82" h="1866" lang="en" source="google" w="3306" x="326" y="4503.8">Illustration</contenuImg>
            <tech source="final">estampe/gravure</tech>
            <fonction source="md">papier-peint</fonction>
            <fonction source="final">papier-peint</fonction>
            <tech CS="1" source="hm">estampe/gravure</tech>
            <theme CS="1" source="md">0</theme>
            <contenuImg CS="1.0" lang="fr" source="md">Danseuses</contenuImg>
            <contenuImg CS="1.0" lang="fr" source="md">Personnages -- Dans l'art</contenuImg>
            <contenuImg CS="1.0" lang="fr" source="md">Instruments de musique</contenuImg>
            <contenuImg CS="1.0" lang="fr" source="md">Tambourin (tambour)</contenuImg>
            <contenuImg CS="1.0" lang="fr" source="md">Flûte</contenuImg>
            <contenuImg CS="1.0" lang="fr" source="md">Trompette</contenuImg>
            <contenuImg CS="1.0" lang="fr" source="md">Partitions</contenuImg>
            <contenuImg CS="1.0" lang="fr" source="md">Paniers</contenuImg>
            <contenuImg CS="1.0" lang="fr" source="md">Trophées (ornement)</contenuImg>
            <contenuImg CS="1.0" lang="fr" source="md">Grecques (ornement)</contenuImg>
            <contenuImg CS="1.0" lang="fr" source="md">Peinture en camaïeu</contenuImg>
            <contenuImg CS="1.0" lang="fr" source="md">Noeuds (ornement)</contenuImg>
            <contenuImg CS="1.0" lang="fr" source="md">Motifs décoratifs -- 1789-1799</contenuImg>
            <titraille>Manufacture Chapuy. Papier à motif répétitif. Motif répétitif en camaïeu de carreaux alternant un trophée de musique et une figure de danseuse : papier peint</titraille>
          </ill>
        </ills>
      </page>
    </pages>
  </contenus>
</analyseAlto>