<analyseAlto>
  <metad>
    <type>I</type>
    <ID>btv1b6901586d</ID>
    <titre>Papier à motif répétitif : papier peint / Audoin</titre>
    <dateEdition>1799</dateEdition>
    <auteur>inconnu</auteur>
    <lang>fre</lang>
    <source>Bibliothèque nationale de France</source>
    <sujet>Personnages -- Dans l_art -- Raisin -- Melons (fruits) -- Pampres (ornement) -- Draperies (ornement) -- Festons -- Vases à l'antique -- Motifs décoratifs</sujet>
    <descr>Appartient à l’ensemble documentaire : PaPeint18 -- Appartient à l’ensemble documentaire : Rtmgus1 -- Papier peint</descr>
    <format>inconnu</format>
    <couverture>inconnu</couverture>
    <largeurPx>3464</largeurPx>
    <hauteurPx>6768</hauteurPx>
    <ocr>false</ocr>
    <toc>false</toc>
    <nbPage>2</nbPage>
  </metad>
  <contenus ocr="false" toc="false">
    <largeur>146</largeur>
    <hauteur>286</hauteur>
    <largeurPx>3464</largeurPx>
    <hauteurPx>6768</hauteurPx>
    <pages>
      <page ordre="1">
        <blocIll ocr="1">1</blocIll>
        <ills>
          <ill classif="CCgoogle" couleur="coul" h="6768" hash="7f83c3bd2c248399" n="1-1" taille="10" w="3464" x="1" y="1">
            <contenuImg CS="0.58" h="3325" lang="fr" source="google" w="3320" x="346.4" y="2618.8">art</contenuImg>
            <contenuImg CS="0.55" h="3325" lang="fr" source="google" w="3320" x="346.4" y="2618.8">illustration</contenuImg>
            <contenuImg CS="0.57" coul="1" lang="fr" source="google">bleu nuit</contenuImg>
            <contenuImg CS="0.10" coul="1" lang="fr" source="google">saumon</contenuImg>
            <contenuImg CS="0.10" coul="1" lang="fr" source="google">bleu cadet</contenuImg>
            <contenuImg CS="0.34" coul="1" lang="fr" source="google">bordeaux (couleur)</contenuImg>
            <contenuImg CS="0.32" coul="1" lang="fr" source="google">cuivre</contenuImg>
            <contenuImg CS="0.25" coul="1" lang="fr" source="google">gris foncé</contenuImg>
            <contenuImg b="179" coul="1" g="158" r="137" source="colorific" type="bkg">#899eb3</contenuImg>
            <contenuImg b="38" coul="1" g="28" ordre="6" r="24" source="colorific" type="frg">#181c26</contenuImg>
            <contenuImg b="29" coul="1" g="25" ordre="5" r="43" source="colorific" type="frg">#2b191d</contenuImg>
            <contenuImg b="120" coul="1" g="111" ordre="4" r="138" source="colorific" type="frg">#8a6f78</contenuImg>
            <contenuImg b="0" coul="1" g="0" ordre="3" r="0" source="colorific" type="frg">#000000</contenuImg>
            <contenuImg b="48" coul="1" g="68" ordre="2" r="151" source="colorific" type="frg">#974430</contenuImg>
            <contenuImg b="71" coul="1" g="60" ordre="1" r="47" source="colorific" type="frg">#2f3c47</contenuImg>
            <contenuImg CS="1.0" lang="en" source="md">decorative patterns</contenuImg>
            <contenuImg CS="1.0" lang="en" source="md">vases in the antique</contenuImg>
            <contenuImg CS="1.0" lang="en" source="md">scallops</contenuImg>
            <contenuImg CS="1.0" lang="en" source="md">draperies (ornament)</contenuImg>
            <contenuImg CS="1.0" lang="en" source="md">vine branches (ornament)</contenuImg>
            <contenuImg CS="1.0" lang="en" source="md">melons (fruits)</contenuImg>
            <contenuImg CS="1.0" lang="en" source="md">grape (fruits)</contenuImg>
            <contenuImg CS="1.0" lang="en" source="md">characters - in art</contenuImg>
            <contenuImg CS="0.25" coul="1" lang="en" source="google">darkgray</contenuImg>
            <contenuImg CS="0.32" coul="1" lang="en" source="google">copper</contenuImg>
            <contenuImg CS="0.34" coul="1" lang="en" source="google">maroon</contenuImg>
            <contenuImg CS="0.10" coul="1" lang="en" source="google">cadetblue</contenuImg>
            <contenuImg CS="0.10" coul="1" lang="en" source="google">salmon</contenuImg>
            <contenuImg CS="0.57" coul="1" lang="en" source="google">midnightblue</contenuImg>
            <contenuImg CS="1.34" coul="1" lang="en" source="google">cadetblue</contenuImg>
            <contenuImg CS="0.55" h="3325" lang="en" source="google" w="3320" x="346.4" y="2618.8">Illustration</contenuImg>
            <contenuImg CS="0.58" h="3325" lang="en" source="google" w="3320" x="346.4" y="2618.8">Art</contenuImg>
            <tech source="final">estampe/gravure</tech>
            <fonction source="md">papier-peint</fonction>
            <fonction source="final">papier-peint</fonction>
            <tech CS="1" source="hm">estampe/gravure</tech>
            <theme CS="1" source="md">0</theme>
            <contenuImg CS="1.0" lang="fr" source="md">Personnages -- Dans l'art</contenuImg>
            <contenuImg CS="1.0" lang="fr" source="md">Raisin</contenuImg>
            <contenuImg CS="1.0" lang="fr" source="md">Melons (fruits)</contenuImg>
            <contenuImg CS="1.0" lang="fr" source="md">Pampres (ornement)</contenuImg>
            <contenuImg CS="1.0" lang="fr" source="md">Draperies (ornement)</contenuImg>
            <contenuImg CS="1.0" lang="fr" source="md">Festons</contenuImg>
            <contenuImg CS="1.0" lang="fr" source="md">Vases à l'antique</contenuImg>
            <contenuImg CS="1.0" lang="fr" source="md">Motifs décoratifs</contenuImg>
            <titraille>Papier à motif répétitif : papier peint / Audoin</titraille>
          </ill>
        </ills>
      </page>
    </pages>
  </contenus>
</analyseAlto>