<analyseAlto>
  <metad>
    <type>I</type>
    <ID>btv1b69012174</ID>
    <titre>Papier à motif répétitif : papier peint</titre>
    <dateEdition>1801</dateEdition>
    <auteur>inconnu</auteur>
    <lang>fre</lang>
    <source>Bibliothèque nationale de France</source>
    <sujet>Ornements géométriques -- Cannage -- Dentelures (ornement) -- Motifs décoratifs</sujet>
    <descr>Appartient à l’ensemble documentaire : PaPeint18 -- Papier peint</descr>
    <format>inconnu</format>
    <couverture>inconnu</couverture>
    <largeurPx>6752</largeurPx>
    <hauteurPx>5960</hauteurPx>
    <ocr>false</ocr>
    <toc>false</toc>
    <nbPage>2</nbPage>
  </metad>
  <contenus ocr="false" toc="false">
    <largeur>285</largeur>
    <hauteur>252</hauteur>
    <largeurPx>6752</largeurPx>
    <hauteurPx>5960</hauteurPx>
    <pages>
      <page ordre="1">
        <blocIll ocr="1">1</blocIll>
        <ills>
          <ill classif="CCgoogle" couleur="coul" h="5960" hash="5753d153505ad2d5" n="1-1" taille="18" w="6752" x="1" y="1">
            <contenuImg CS="0.72" h="3771" lang="fr" source="google" w="2113" x="2831.2" y="596">conception</contenuImg>
            <contenuImg CS="0.84" h="3771" lang="fr" source="google" w="2113" x="2831.2" y="596">modèle motif</contenuImg>
            <contenuImg CS="0.84" h="3771" lang="fr" source="google" w="2113" x="2831.2" y="596">modèle</contenuImg>
            <contenuImg CS="0.72" h="3771" lang="fr" source="google" w="2113" x="2831.2" y="596">design</contenuImg>
            <contenuImg CS="0.69" h="3771" lang="fr" source="google" w="2113" x="2831.2" y="596">herbe</contenuImg>
            <contenuImg CS="0.66" h="3771" lang="fr" source="google" w="2113" x="2831.2" y="596">métal</contenuImg>
            <contenuImg CS="2.05" coul="1" lang="fr" source="google">chocolat à pâtisser</contenuImg>
            <contenuImg CS="0.89" coul="1" lang="fr" source="google">bronze</contenuImg>
            <contenuImg CS="0.68" coul="1" lang="fr" source="google">noir</contenuImg>
            <contenuImg CS="0.29" coul="1" lang="fr" source="google">bois moyen</contenuImg>
            <contenuImg CS="0.10" coul="1" lang="fr" source="google">morceaux de chocolat</contenuImg>
            <contenuImg b="33" coul="1" g="65" r="81" source="colorific" type="bkg">#514121</contenuImg>
            <contenuImg b="0" coul="1" g="0" ordre="3" r="0" source="colorific" type="frg">#000000</contenuImg>
            <contenuImg b="120" coul="1" g="162" ordre="2" r="175" source="colorific" type="frg">#afa278</contenuImg>
            <contenuImg b="8" coul="1" g="26" ordre="1" r="26" source="colorific" type="frg">#1a1a08</contenuImg>
            <contenuImg CS="1.0" lang="en" source="md">decorative patterns</contenuImg>
            <contenuImg CS="1.0" lang="en" source="md">dentures (ornament)</contenuImg>
            <contenuImg CS="1.0" lang="en" source="md">wickerwork</contenuImg>
            <contenuImg CS="1.0" lang="en" source="md">geometric ornaments</contenuImg>
            <contenuImg CS="0.10" coul="1" lang="en" source="google">semisweetchocolate</contenuImg>
            <contenuImg CS="0.29" coul="1" lang="en" source="google">mediumwood</contenuImg>
            <contenuImg CS="0.68" coul="1" lang="en" source="google">black</contenuImg>
            <contenuImg CS="0.89" coul="1" lang="en" source="google">bronze</contenuImg>
            <contenuImg CS="0.87" coul="1" lang="en" source="google">mediumwood</contenuImg>
            <contenuImg CS="2.05" coul="1" lang="en" source="google">bakerschocolate</contenuImg>
            <contenuImg CS="0.66" h="3771" lang="en" source="google" w="2113" x="2831.2" y="596">Metal</contenuImg>
            <contenuImg CS="0.69" h="3771" lang="en" source="google" w="2113" x="2831.2" y="596">Grass</contenuImg>
            <contenuImg CS="0.72" h="3771" lang="en" source="google" w="2113" x="2831.2" y="596">Design</contenuImg>
            <contenuImg CS="0.84" h="3771" lang="en" source="google" w="2113" x="2831.2" y="596">Pattern</contenuImg>
            <tech source="final">estampe/gravure</tech>
            <fonction source="md">papier-peint</fonction>
            <fonction source="final">papier-peint</fonction>
            <tech CS="1" source="hm">estampe/gravure</tech>
            <theme CS="1" source="md">0</theme>
            <contenuImg CS="1.0" lang="fr" source="md">Ornements géométriques</contenuImg>
            <contenuImg CS="1.0" lang="fr" source="md">Cannage</contenuImg>
            <contenuImg CS="1.0" lang="fr" source="md">Dentelures (ornement)</contenuImg>
            <contenuImg CS="1.0" lang="fr" source="md">Motifs décoratifs</contenuImg>
            <titraille>Papier à motif répétitif : papier peint</titraille>
          </ill>
        </ills>
      </page>
      <page ordre="2">
        <blocIll ocr="1">1</blocIll>
        <ills>
          <ill classif="CCgoogle" couleur="coul" h="4016" hash="c385d7f3ff418180" n="2-1" taille="18" w="6600" x="1" y="1">
            <contenuImg CS="0.74" h="2593" lang="fr" source="google" w="1453" x="3476" y="401.6">conception</contenuImg>
            <contenuImg CS="0.91" h="2593" lang="fr" source="google" w="1453" x="3476" y="401.6">modèle motif</contenuImg>
            <contenuImg CS="0.31" coul="1" lang="fr" source="google">marron très foncé</contenuImg>
            <contenuImg CS="0.91" h="2593" lang="fr" source="google" w="1453" x="3476" y="401.6">modèle</contenuImg>
            <contenuImg CS="0.74" h="2593" lang="fr" source="google" w="1453" x="3476" y="401.6">design</contenuImg>
            <contenuImg CS="0.73" h="2593" lang="fr" source="google" w="1453" x="3476" y="401.6">ligne</contenuImg>
            <contenuImg CS="0.69" h="2593" lang="fr" source="google" w="1453" x="3476" y="401.6">métal</contenuImg>
            <contenuImg CS="0.53" lang="fr" source="google">clôture</contenuImg>
            <contenuImg CS="2.26" coul="1" lang="fr" source="google">bois clair</contenuImg>
            <contenuImg CS="0.67" coul="1" lang="fr" source="google">gris foncé</contenuImg>
            <contenuImg CS="0.49" coul="1" lang="fr" source="google">rose</contenuImg>
            <contenuImg CS="0.46" coul="1" lang="fr" source="google">bleu clair</contenuImg>
            <contenuImg CS="0.31" coul="1" lang="fr" source="google">verydarkbrown</contenuImg>
            <contenuImg CS="0.23" coul="1" lang="fr" source="google">marron foncé</contenuImg>
            <contenuImg CS="0.18" coul="1" lang="fr" source="google">noir</contenuImg>
            <contenuImg b="108" coul="1" g="107" r="129" source="colorific" type="bkg">#816b6c</contenuImg>
            <contenuImg b="255" coul="1" g="255" ordre="5" r="255" source="colorific" type="frg">#ffffff</contenuImg>
            <contenuImg b="149" coul="1" g="153" ordre="4" r="157" source="colorific" type="frg">#9d9995</contenuImg>
            <contenuImg b="58" coul="1" g="61" ordre="3" r="70" source="colorific" type="frg">#463d3a</contenuImg>
            <contenuImg b="21" coul="1" g="30" ordre="2" r="19" source="colorific" type="frg">#131e15</contenuImg>
            <contenuImg b="0" coul="1" g="0" ordre="1" r="0" source="colorific" type="frg">#000000</contenuImg>
            <contenuImg CS="1.0" lang="en" source="md">decorative patterns</contenuImg>
            <contenuImg CS="1.0" lang="en" source="md">dentures (ornament)</contenuImg>
            <contenuImg CS="1.0" lang="en" source="md">wickerwork</contenuImg>
            <contenuImg CS="1.0" lang="en" source="md">geometric ornaments</contenuImg>
            <contenuImg CS="0.18" coul="1" lang="en" source="google">black</contenuImg>
            <contenuImg CS="0.23" coul="1" lang="en" source="google">darkbrown</contenuImg>
            <contenuImg CS="0.31" coul="1" lang="en" source="google">verydarkbrown</contenuImg>
            <contenuImg CS="0.46" coul="1" lang="en" source="google">lightsteelblue</contenuImg>
            <contenuImg CS="0.49" coul="1" lang="en" source="google">pink</contenuImg>
            <contenuImg CS="0.67" coul="1" lang="en" source="google">darkgray</contenuImg>
            <contenuImg CS="2.26" coul="1" lang="en" source="google">lightwood</contenuImg>
            <contenuImg CS="0.53" lang="en" source="google">Fence</contenuImg>
            <contenuImg CS="0.69" h="2593" lang="en" source="google" w="1453" x="3476" y="401.6">Metal</contenuImg>
            <contenuImg CS="0.73" h="2593" lang="en" source="google" w="1453" x="3476" y="401.6">Line</contenuImg>
            <contenuImg CS="0.74" h="2593" lang="en" source="google" w="1453" x="3476" y="401.6">Design</contenuImg>
            <contenuImg CS="0.91" h="2593" lang="en" source="google" w="1453" x="3476" y="401.6">Pattern</contenuImg>
            <tech source="final">estampe/gravure</tech>
            <fonction source="md">papier-peint</fonction>
            <fonction source="final">papier-peint</fonction>
            <tech CS="1" source="hm">estampe/gravure</tech>
            <theme CS="1" source="md">0</theme>
            <contenuImg CS="1.0" lang="fr" source="md">Ornements géométriques</contenuImg>
            <contenuImg CS="1.0" lang="fr" source="md">Cannage</contenuImg>
            <contenuImg CS="1.0" lang="fr" source="md">Dentelures (ornement)</contenuImg>
            <contenuImg CS="1.0" lang="fr" source="md">Motifs décoratifs</contenuImg>
            <titraille>Papier à motif répétitif : papier peint</titraille>
          </ill>
        </ills>
      </page>
    </pages>
  </contenus>
</analyseAlto>