<analyseAlto>
  <metad>
    <type>I</type>
    <ID>btv1b6901205x</ID>
    <titre>Papier à motif répétitif : papier peint</titre>
    <dateEdition>1800</dateEdition>
    <auteur>inconnu</auteur>
    <lang>fre</lang>
    <source>Bibliothèque nationale de France, département Estampes et photographie, EST LI-18</source>
    <sujet>Noisetiers -- Rameaux -- Plantes -- Camaïeu, Peinture en -- Motifs décoratifs</sujet>
    <descr>Appartient à l’ensemble documentaire : PaPeint18 -- Papier peint</descr>
    <format>inconnu</format>
    <couverture>inconnu</couverture>
    <largeurPx>3520</largeurPx>
    <hauteurPx>6912</hauteurPx>
    <ocr>false</ocr>
    <toc>false</toc>
    <caption>false</caption>
    <nbPage>1</nbPage>
  </metad>
  <contenus ocr="false" toc="false">
    <largeur>149</largeur>
    <hauteur>292</hauteur>
    <largeurPx>3520</largeurPx>
    <hauteurPx>6912</hauteurPx>
    <pages>
      <page ordre="1">
        <blocIll ocr="1">1</blocIll>
        <ills>
          <ill classif="CCgoogle" couleur="coul" h="6912" hash="f9fdffff20202000" n="1-1" taille="11" w="3520" x="1" y="1">
            <contenuImg CS="0.78" lang="fr" source="google">textile</contenuImg>
            <contenuImg CS="0.78" lang="fr" source="google">couverture</contenuImg>
            <contenuImg CS="0.86" h="1225" lang="fr" source="google" w="2170" x="352" y="691.2">modèle motif</contenuImg>
            <contenuImg CS="0.89" coul="1" h="1225" lang="fr" source="google" w="2170" x="352" y="691.2">marron</contenuImg>
            <contenuImg CS="0.87" h="1225" lang="fr" source="google" w="2170" x="352" y="691.2">feuille</contenuImg>
            <contenuImg CS="0.86" h="1225" lang="fr" source="google" w="2170" x="352" y="691.2">modèle</contenuImg>
            <contenuImg CS="0.82" coul="1" h="1225" lang="fr" source="google" w="2170" x="352" y="691.2">orange</contenuImg>
            <contenuImg CS="0.71" lang="fr" source="google">design d'intérieur</contenuImg>
            <contenuImg CS="0.69" lang="fr" source="google">fond d'écran</contenuImg>
            <contenuImg CS="0.69" lang="fr" source="google">plante</contenuImg>
            <contenuImg CS="0.98" coul="1" lang="fr" source="google">bronze</contenuImg>
            <contenuImg CS="0.67" coul="1" lang="fr" source="google">bois moyen</contenuImg>
            <contenuImg CS="0.53" coul="1" lang="fr" source="google">morceaux de chocolat</contenuImg>
            <contenuImg CS="0.51" coul="1" lang="fr" source="google">chocolat à pâtisser</contenuImg>
            <contenuImg b="47" coul="1" g="77" r="80" source="colorific" type="bkg">#504d2f</contenuImg>
            <contenuImg b="19" coul="1" g="47" ordre="2" r="72" source="colorific" type="frg">#482f13</contenuImg>
            <contenuImg b="104" coul="1" g="162" ordre="1" r="183" source="colorific" type="frg">#b7a268</contenuImg>
            <contenuImg CS="1.0" lang="en" source="md">decorative patterns</contenuImg>
            <contenuImg CS="1.0" lang="en" source="md">camaïeu painting</contenuImg>
            <contenuImg CS="1.0" lang="en" source="md">plants</contenuImg>
            <contenuImg CS="1.0" lang="en" source="md">palms (plants)</contenuImg>
            <contenuImg CS="1.0" lang="en" source="md">hazels (plants)</contenuImg>
            <contenuImg CS="0.51" coul="1" lang="en" source="google">bakerschocolate</contenuImg>
            <contenuImg CS="0.53" coul="1" lang="en" source="google">semisweetchocolate</contenuImg>
            <contenuImg CS="0.67" coul="1" lang="en" source="google">mediumwood</contenuImg>
            <contenuImg CS="0.98" coul="1" lang="en" source="google">bronze</contenuImg>
            <contenuImg CS="1.05" coul="1" lang="en" source="google">bronze</contenuImg>
            <contenuImg CS="0.69" lang="en" source="google">Plant</contenuImg>
            <contenuImg CS="0.69" lang="en" source="google">Wallpaper</contenuImg>
            <contenuImg CS="0.71" lang="en" source="google">Interior design</contenuImg>
            <contenuImg CS="0.78" lang="en" source="google">Textile</contenuImg>
            <contenuImg CS="0.78" lang="en" source="google">Rug</contenuImg>
            <contenuImg CS="0.82" coul="1" h="1225" lang="en" source="google" w="2170" x="352" y="691.2">Orange</contenuImg>
            <contenuImg CS="0.86" h="1225" lang="en" source="google" w="2170" x="352" y="691.2">Pattern</contenuImg>
            <contenuImg CS="0.87" h="1225" lang="en" source="google" w="2170" x="352" y="691.2">Leaf</contenuImg>
            <contenuImg CS="0.89" coul="1" h="1225" lang="en" source="google" w="2170" x="352" y="691.2">Brown</contenuImg>
            <tech source="final">estampe/gravure</tech>
            <fonction source="md">papier-peint</fonction>
            <fonction source="final">papier-peint</fonction>
            <tech CS="1" source="hm">estampe/gravure</tech>
            <theme CS="1" source="md">0</theme>
            <contenuImg CS="1.0" lang="fr" source="md">Noisetiers</contenuImg>
            <contenuImg CS="1.0" lang="fr" source="md">Rameaux</contenuImg>
            <contenuImg CS="1.0" lang="fr" source="md">Plantes</contenuImg>
            <contenuImg CS="1.0" lang="fr" source="md">Peinture en camaïeu</contenuImg>
            <contenuImg CS="1.0" lang="fr" source="md">Motifs décoratifs</contenuImg>
            <titraille>Papier à motif répétitif : papier peint</titraille>
          </ill>
        </ills>
      </page>
    </pages>
  </contenus>
</analyseAlto>