<analyseAlto>
  <metad>
    <type>I</type>
    <ID>btv1b69012515</ID>
    <titre>Papier à motif répétitif : papier peint</titre>
    <dateEdition>1802</dateEdition>
    <auteur>Zuber et Compagnie (Manufacture). Fonction indéterminée</auteur>
    <lang>fre</lang>
    <source>Bibliothèque nationale de France, département Estampes et photographie, EST LI-22</source>
    <sujet>Caissons (architecture) -- Rosaces (architecture) -- Losanges (ornement) -- Effets de relief -- Motifs décoratifs</sujet>
    <descr>Appartient à l’ensemble documentaire : PaPeint18 -- Papier peint</descr>
    <format>inconnu</format>
    <couverture>inconnu</couverture>
    <largeurPx>6592</largeurPx>
    <hauteurPx>4912</hauteurPx>
    <ocr>false</ocr>
    <toc>false</toc>
    <caption>false</caption>
    <nbPage>1</nbPage>
  </metad>
  <contenus ocr="false" toc="false">
    <largeur>279</largeur>
    <hauteur>207</hauteur>
    <largeurPx>6592</largeurPx>
    <hauteurPx>4912</hauteurPx>
    <pages>
      <page ordre="1">
        <blocIll ocr="1">1</blocIll>
        <ills>
          <ill classif="CCgoogle" couleur="coul" h="4912" hash="b7198d66b119ac66" n="1-1" taille="15" w="6592" x="1" y="1">
            <contenuImg CS="0.92" h="3182" lang="fr" source="google" w="2389" x="1514.2" y="491.2">aqua</contenuImg>
            <contenuImg CS="0.87" lang="fr" source="google">bleu azur</contenuImg>
            <contenuImg CS="0.86" coul="1" lang="fr" source="google">bleu cobalt</contenuImg>
            <contenuImg CS="0.86" lang="fr" source="google">textile</contenuImg>
            <contenuImg CS="0.96" h="3182" lang="fr" source="google" w="2389" x="1514.2" y="491.2">modèle motif</contenuImg>
            <contenuImg CS="0.06" coul="1" lang="fr" source="google">bleu acier</contenuImg>
            <contenuImg CS="0.98" coul="1" h="3182" lang="fr" source="google" w="2389" x="1514.2" y="491.2">bleu</contenuImg>
            <contenuImg CS="0.96" h="3182" lang="fr" source="google" w="2389" x="1514.2" y="491.2">modèle</contenuImg>
            <contenuImg CS="0.94" coul="1" h="3182" lang="fr" source="google" w="2389" x="1514.2" y="491.2">turquoise</contenuImg>
            <contenuImg CS="0.89" coul="1" lang="fr" source="google">bleu canard</contenuImg>
            <contenuImg CS="0.83" coul="1" lang="fr" source="google">marron</contenuImg>
            <contenuImg CS="0.83" lang="fr" source="google">symétrie</contenuImg>
            <contenuImg CS="0.33" coul="1" lang="fr" source="google">chocolat à pâtisser</contenuImg>
            <contenuImg CS="0.18" coul="1" lang="fr" source="google">noir</contenuImg>
            <contenuImg CS="0.12" coul="1" lang="fr" source="google">orange mandarine</contenuImg>
            <contenuImg CS="0.09" coul="1" lang="fr" source="google">bleu nuit</contenuImg>
            <contenuImg CS="0.07" coul="1" lang="fr" source="google">vert foncé</contenuImg>
            <contenuImg b="166" coul="1" g="130" r="77" source="colorific" type="bkg">#4d82a6</contenuImg>
            <contenuImg b="15" coul="1" g="28" ordre="6" r="23" source="colorific" type="frg">#171c0f</contenuImg>
            <contenuImg b="48" coul="1" g="67" ordre="5" r="79" source="colorific" type="frg">#4f4330</contenuImg>
            <contenuImg b="0" coul="1" g="0" ordre="4" r="0" source="colorific" type="frg">#000000</contenuImg>
            <contenuImg b="128" coul="1" g="122" ordre="3" r="92" source="colorific" type="frg">#5c7a80</contenuImg>
            <contenuImg b="119" coul="1" g="81" ordre="2" r="46" source="colorific" type="frg">#2e5177</contenuImg>
            <contenuImg b="90" coul="1" g="114" ordre="1" r="106" source="colorific" type="frg">#6a725a</contenuImg>
            <contenuImg CS="1.0" lang="en" source="md">decorative patterns</contenuImg>
            <contenuImg CS="1.0" lang="en" source="md">embossed effects</contenuImg>
            <contenuImg CS="1.0" lang="en" source="md">rhombuses (ornament)</contenuImg>
            <contenuImg CS="1.0" lang="en" source="md">rosettes (architecture)</contenuImg>
            <contenuImg CS="1.0" lang="en" source="md">coffered ceiling (architecture)</contenuImg>
            <contenuImg CS="0.06" coul="1" lang="en" source="google">steelblue</contenuImg>
            <contenuImg CS="0.07" coul="1" lang="en" source="google">darkgreen</contenuImg>
            <contenuImg CS="0.09" coul="1" lang="en" source="google">midnightblue</contenuImg>
            <contenuImg CS="0.12" coul="1" lang="en" source="google">mandarianorange</contenuImg>
            <contenuImg CS="0.18" coul="1" lang="en" source="google">black</contenuImg>
            <contenuImg CS="0.33" coul="1" lang="en" source="google">bakerschocolate</contenuImg>
            <contenuImg CS="0.81" coul="1" lang="en" source="google">steelblue</contenuImg>
            <contenuImg CS="0.83" lang="en" source="google">Symmetry</contenuImg>
            <contenuImg CS="0.83" coul="1" lang="en" source="google">Brown</contenuImg>
            <contenuImg CS="0.86" lang="en" source="google">Textile</contenuImg>
            <contenuImg CS="0.86" coul="1" lang="en" source="google">Cobalt blue</contenuImg>
            <contenuImg CS="0.87" lang="en" source="google">Azure</contenuImg>
            <contenuImg CS="0.89" coul="1" lang="en" source="google">Teal</contenuImg>
            <contenuImg CS="0.92" h="3182" lang="en" source="google" w="2389" x="1514.2" y="491.2">Aqua</contenuImg>
            <contenuImg CS="0.94" coul="1" h="3182" lang="en" source="google" w="2389" x="1514.2" y="491.2">Turquoise</contenuImg>
            <contenuImg CS="0.96" h="3182" lang="en" source="google" w="2389" x="1514.2" y="491.2">Pattern</contenuImg>
            <contenuImg CS="0.98" coul="1" h="3182" lang="en" source="google" w="2389" x="1514.2" y="491.2">Blue</contenuImg>
            <tech source="final">estampe/gravure</tech>
            <fonction source="md">papier-peint</fonction>
            <fonction source="final">papier-peint</fonction>
            <tech CS="1" source="hm">estampe/gravure</tech>
            <theme CS="1" source="md">0</theme>
            <contenuImg CS="1.0" lang="fr" source="md">Caissons (architecture)</contenuImg>
            <contenuImg CS="1.0" lang="fr" source="md">Rosaces (architecture)</contenuImg>
            <contenuImg CS="1.0" lang="fr" source="md">Losanges (ornement)</contenuImg>
            <contenuImg CS="1.0" lang="fr" source="md">Effets de relief</contenuImg>
            <contenuImg CS="1.0" lang="fr" source="md">Motifs décoratifs</contenuImg>
            <titraille>Papier à motif répétitif : papier peint</titraille>
          </ill>
        </ills>
      </page>
    </pages>
  </contenus>
</analyseAlto>