<analyseAlto>
  <metad>
    <type>I</type>
    <ID>btv1b6900477s</ID>
    <titre>Manufacture Jacquemart et Bénard. Bordure. Une bande de frise de carrés et cercles imbriqués : papier peint</titre>
    <dateEdition>1799</dateEdition>
    <auteur>inconnu</auteur>
    <lang>fre</lang>
    <source>Bibliothèque nationale de France, département Estampes et photographie, EST LI-14 (A, 2)</source>
    <sujet>Frises -- Ornements géométriques -- Cercle -- Dentelures (ornement) -- Carrés -- Motifs décoratifs -- 1789-1799</sujet>
    <descr>Appartient à l’ensemble documentaire : PaPeint18 -- Papier peint</descr>
    <format>inconnu</format>
    <couverture>inconnu</couverture>
    <largeurPx>5152</largeurPx>
    <hauteurPx>3512</hauteurPx>
    <ocr>false</ocr>
    <toc>false</toc>
    <caption>false</caption>
    <nbPage>1</nbPage>
  </metad>
  <contenus ocr="false" toc="false">
    <largeur>218</largeur>
    <hauteur>148</hauteur>
    <largeurPx>5152</largeurPx>
    <hauteurPx>3512</hauteurPx>
    <pages>
      <page ordre="1">
        <blocIll ocr="1">1</blocIll>
        <ills>
          <ill classif="CCgoogle" couleur="coul" h="3512" hash="ffff00000000ffff" n="1-1" taille="8" w="5152" x="1" y="1">
            <contenuImg CS="0.71" h="2911" lang="fr" source="google" w="2921" x="1189.2" y="351.2">modèle motif</contenuImg>
            <contenuImg CS="0.81" coul="1" lang="fr" source="google">vert moyen</contenuImg>
            <contenuImg CS="0.85" h="2911" lang="fr" source="google" w="2921" x="1189.2" y="351.2">texte</contenuImg>
            <contenuImg CS="0.85" h="2911" lang="fr" source="google" w="2921" x="1189.2" y="351.2">police de caractère</contenuImg>
            <contenuImg CS="0.75" h="2911" lang="fr" source="google" w="2921" x="1189.2" y="351.2">ligne</contenuImg>
            <contenuImg CS="0.71" h="2911" lang="fr" source="google" w="2921" x="1189.2" y="351.2">modèle</contenuImg>
            <contenuImg CS="0.24" coul="1" lang="fr" source="google">bronze</contenuImg>
            <contenuImg CS="0.16" coul="1" lang="fr" source="google">noir</contenuImg>
            <contenuImg CS="0.10" coul="1" lang="fr" source="google">vieil or</contenuImg>
            <contenuImg CS="0.48" coul="1" lang="fr" source="google">gris clair</contenuImg>
            <contenuImg CS="0.41" coul="1" lang="fr" source="google">laiton</contenuImg>
            <contenuImg b="99" coul="1" g="198" r="220" source="colorific" type="bkg">#dcc663</contenuImg>
            <contenuImg b="73" coul="1" g="131" ordre="5" r="142" source="colorific" type="frg">#8e8349</contenuImg>
            <contenuImg b="34" coul="1" g="68" ordre="4" r="75" source="colorific" type="frg">#4b4422</contenuImg>
            <contenuImg b="0" coul="1" g="0" ordre="3" r="0" source="colorific" type="frg">#000000</contenuImg>
            <contenuImg b="33" coul="1" g="32" ordre="2" r="32" source="colorific" type="frg">#202021</contenuImg>
            <contenuImg b="18" coul="1" g="28" ordre="1" r="33" source="colorific" type="frg">#211c12</contenuImg>
            <contenuImg CS="1.0" lang="en" source="md">decorative patterns - 1789-1799</contenuImg>
            <contenuImg CS="1.0" lang="en" source="md">squares</contenuImg>
            <contenuImg CS="1.0" lang="en" source="md">dentures (ornament)</contenuImg>
            <contenuImg CS="1.0" lang="en" source="md">circle</contenuImg>
            <contenuImg CS="1.0" lang="en" source="md">geometric ornaments</contenuImg>
            <contenuImg CS="1.0" lang="en" source="md">curly</contenuImg>
            <contenuImg CS="0.41" coul="1" lang="en" source="google">brass</contenuImg>
            <contenuImg CS="0.48" coul="1" lang="en" source="google">lightgrey</contenuImg>
            <contenuImg CS="0.10" coul="1" lang="en" source="google">oldgold</contenuImg>
            <contenuImg CS="0.16" coul="1" lang="en" source="google">black</contenuImg>
            <contenuImg CS="0.17" coul="1" lang="en" source="google">black</contenuImg>
            <contenuImg CS="0.24" coul="1" lang="en" source="google">bronze</contenuImg>
            <contenuImg CS="0.81" coul="1" lang="en" source="google">mediumforestgreen</contenuImg>
            <contenuImg CS="0.71" h="2911" lang="en" source="google" w="2921" x="1189.2" y="351.2">Pattern</contenuImg>
            <contenuImg CS="0.75" h="2911" lang="en" source="google" w="2921" x="1189.2" y="351.2">Line</contenuImg>
            <contenuImg CS="0.85" h="2911" lang="en" source="google" w="2921" x="1189.2" y="351.2">Font</contenuImg>
            <contenuImg CS="0.85" h="2911" lang="en" source="google" w="2921" x="1189.2" y="351.2">Text</contenuImg>
            <tech source="final">estampe/gravure</tech>
            <fonction source="md">papier-peint</fonction>
            <fonction source="final">papier-peint</fonction>
            <tech CS="1" source="hm">estampe/gravure</tech>
            <theme CS="1" source="md">0</theme>
            <contenuImg CS="1.0" lang="fr" source="md">Frises</contenuImg>
            <contenuImg CS="1.0" lang="fr" source="md">Ornements géométriques</contenuImg>
            <contenuImg CS="1.0" lang="fr" source="md">Cercle</contenuImg>
            <contenuImg CS="1.0" lang="fr" source="md">Dentelures (ornement)</contenuImg>
            <contenuImg CS="1.0" lang="fr" source="md">Carrés</contenuImg>
            <contenuImg CS="1.0" lang="fr" source="md">Motifs décoratifs -- 1789-1799</contenuImg>
            <titraille>Manufacture Jacquemart et Bénard. Bordure. Une bande de frise de carrés et cercles imbriqués : papier peint</titraille>
          </ill>
        </ills>
      </page>
    </pages>
  </contenus>
</analyseAlto>