<analyseAlto>
  <metad>
    <type>I</type>
    <ID>btv1b6901083f</ID>
    <titre>Papier à motif répétitif : papier peint</titre>
    <dateEdition>1800</dateEdition>
    <auteur>inconnu</auteur>
    <lang>fre</lang>
    <source>Bibliothèque nationale de France, département Estampes et photographie, EST LI-20</source>
    <sujet>Ornements géométriques -- Motifs en pyramide -- Végétaux de fantaisie -- Motifs décoratifs</sujet>
    <descr>Appartient à l’ensemble documentaire : PaPeint18 -- Papier peint</descr>
    <format>inconnu</format>
    <couverture>inconnu</couverture>
    <largeurPx>6400</largeurPx>
    <hauteurPx>6200</hauteurPx>
    <ocr>false</ocr>
    <toc>false</toc>
    <caption>false</caption>
    <nbPage>1</nbPage>
  </metad>
  <contenus ocr="false" toc="false">
    <largeur>270</largeur>
    <hauteur>262</hauteur>
    <largeurPx>6400</largeurPx>
    <hauteurPx>6200</hauteurPx>
    <pages>
      <page ordre="1">
        <blocIll ocr="1">1</blocIll>
        <ills>
          <ill classif="CCgoogle" couleur="coul" h="6200" hash="88ef9b9180ecdf81" n="1-1" taille="18" w="6400" x="1" y="1">
            <contenuImg CS="0.86" h="4137" lang="fr" source="google" w="2322" x="1613" y="620">conception</contenuImg>
            <contenuImg CS="0.66" lang="fr" source="google">textile</contenuImg>
            <contenuImg CS="0.66" lang="fr" source="google">motif</contenuImg>
            <contenuImg CS="0.52" lang="fr" source="google">ornement</contenuImg>
            <contenuImg CS="0.81" lang="fr" source="google">modèle motif</contenuImg>
            <contenuImg CS="0.97" coul="1" h="4137" lang="fr" source="google" w="2322" x="1613" y="620">vert</contenuImg>
            <contenuImg CS="0.86" h="4137" lang="fr" source="google" w="2322" x="1613" y="620">design</contenuImg>
            <contenuImg CS="0.85" h="4137" lang="fr" source="google" w="2322" x="1613" y="620">symétrie</contenuImg>
            <contenuImg CS="0.81" lang="fr" source="google">modèle</contenuImg>
            <contenuImg CS="0.79" lang="fr" source="google">ligne</contenuImg>
            <contenuImg CS="0.78" lang="fr" source="google">arts visuels</contenuImg>
            <contenuImg CS="0.15" coul="1" lang="fr" source="google">saumon</contenuImg>
            <contenuImg CS="0.55" coul="1" lang="fr" source="google">noir</contenuImg>
            <contenuImg CS="0.50" coul="1" lang="fr" source="google">gris ardoise foncé</contenuImg>
            <contenuImg CS="0.32" coul="1" lang="fr" source="google">bleu clair</contenuImg>
            <contenuImg CS="0.31" coul="1" lang="fr" source="google">vert foncé</contenuImg>
            <contenuImg CS="0.30" coul="1" lang="fr" source="google">gris foncé</contenuImg>
            <contenuImg CS="0.20" coul="1" lang="fr" source="google">brun foncé</contenuImg>
            <contenuImg b="21" coul="1" g="30" r="18" source="colorific" type="bkg">#121e15</contenuImg>
            <contenuImg b="14" coul="1" g="25" ordre="6" r="36" source="colorific" type="frg">#24190e</contenuImg>
            <contenuImg b="40" coul="1" g="72" ordre="5" r="148" source="colorific" type="frg">#944828</contenuImg>
            <contenuImg b="157" coul="1" g="166" ordre="4" r="161" source="colorific" type="frg">#a1a69d</contenuImg>
            <contenuImg b="97" coul="1" g="99" ordre="3" r="113" source="colorific" type="frg">#716361</contenuImg>
            <contenuImg b="0" coul="1" g="0" ordre="2" r="0" source="colorific" type="frg">#000000</contenuImg>
            <contenuImg b="63" coul="1" g="76" ordre="1" r="54" source="colorific" type="frg">#364c3f</contenuImg>
            <contenuImg CS="1.0" lang="en" source="md">decorative patterns</contenuImg>
            <contenuImg CS="1.0" lang="en" source="md">fancy plants</contenuImg>
            <contenuImg CS="1.0" lang="en" source="md">pyramid-shaped patterns</contenuImg>
            <contenuImg CS="1.0" lang="en" source="md">geometric ornaments</contenuImg>
            <contenuImg CS="0.20" coul="1" lang="en" source="google">darktan</contenuImg>
            <contenuImg CS="0.30" coul="1" lang="en" source="google">darkgray</contenuImg>
            <contenuImg CS="0.31" coul="1" lang="en" source="google">darkgreen</contenuImg>
            <contenuImg CS="0.32" coul="1" lang="en" source="google">lightsteelblue</contenuImg>
            <contenuImg CS="0.50" coul="1" lang="en" source="google">darkslategrey</contenuImg>
            <contenuImg CS="0.55" coul="1" lang="en" source="google">black</contenuImg>
            <contenuImg CS="0.15" coul="1" lang="en" source="google">salmon</contenuImg>
            <contenuImg CS="1.15" coul="1" lang="en" source="google">black</contenuImg>
            <contenuImg CS="0.52" lang="en" source="google">Ornament</contenuImg>
            <contenuImg CS="0.66" lang="en" source="google">Textile</contenuImg>
            <contenuImg CS="0.66" lang="en" source="google">Motif</contenuImg>
            <contenuImg CS="0.78" lang="en" source="google">Visual arts</contenuImg>
            <contenuImg CS="0.79" lang="en" source="google">Line</contenuImg>
            <contenuImg CS="0.81" lang="en" source="google">Pattern</contenuImg>
            <contenuImg CS="0.85" h="4137" lang="en" source="google" w="2322" x="1613" y="620">Symmetry</contenuImg>
            <contenuImg CS="0.86" h="4137" lang="en" source="google" w="2322" x="1613" y="620">Design</contenuImg>
            <contenuImg CS="0.97" coul="1" h="4137" lang="en" source="google" w="2322" x="1613" y="620">Green</contenuImg>
            <contenuImg CS="0.98" h="4137" lang="en" source="google" w="2322" x="1613" y="620">Pattern</contenuImg>
            <tech source="final">estampe/gravure</tech>
            <fonction source="md">papier-peint</fonction>
            <fonction source="final">papier-peint</fonction>
            <tech CS="1" source="hm">estampe/gravure</tech>
            <theme CS="1" source="md">0</theme>
            <contenuImg CS="1.0" lang="fr" source="md">Ornements géométriques</contenuImg>
            <contenuImg CS="1.0" lang="fr" source="md">Motifs en pyramide</contenuImg>
            <contenuImg CS="1.0" lang="fr" source="md">Végétaux de fantaisie</contenuImg>
            <contenuImg CS="1.0" lang="fr" source="md">Motifs décoratifs</contenuImg>
            <titraille>Papier à motif répétitif : papier peint</titraille>
          </ill>
        </ills>
      </page>
    </pages>
  </contenus>
</analyseAlto>