<analyseAlto>
  <metad>
    <type>I</type>
    <ID>btv1b6900772r</ID>
    <titre>Papier à motif répétitif : papier peint</titre>
    <dateEdition>1803</dateEdition>
    <auteur>Jacquemart et Bénard (Manufacture). Fonction indéterminée</auteur>
    <lang>fre</lang>
    <source>Bibliothèque nationale de France, département Estampes et photographie, EST LI-24 (A)</source>
    <sujet>Peinture et décoration murales -- Textiles et tissus -- Pierres précieuses -- Draperies (ornement) -- Linons batistes (textile) -- Fleurs de fantaisie -- Festons -- Végétaux stylisés -- Motifs décoratifs</sujet>
    <descr>Appartient à l’ensemble documentaire : PaPeint18 -- Papier peint</descr>
    <format>inconnu</format>
    <couverture>inconnu</couverture>
    <largeurPx>6520</largeurPx>
    <hauteurPx>6448</hauteurPx>
    <ocr>false</ocr>
    <toc>false</toc>
    <caption>false</caption>
    <nbPage>1</nbPage>
  </metad>
  <contenus ocr="false" toc="false">
    <largeur>276</largeur>
    <hauteur>272</hauteur>
    <largeurPx>6520</largeurPx>
    <hauteurPx>6448</hauteurPx>
    <pages>
      <page ordre="1">
        <blocIll ocr="1">1</blocIll>
        <ills>
          <ill classif="CCgoogle" couleur="coul" h="6448" hash="0046000067ffffff" n="1-1" taille="19" w="6520" x="1" y="1">
            <contenuImg CS="0.77" h="2413" lang="fr" source="google" w="4270" x="652" y="853.8">magenta</contenuImg>
            <tech source="final">estampe/gravure</tech>
            <fonction source="md">papier-peint</fonction>
            <fonction source="final">papier-peint</fonction>
            <tech CS="1" source="md">estampe/gravure</tech>
            <contenuImg CS="0.63" lang="fr" source="google">chemisier</contenuImg>
            <contenuImg CS="0.60" lang="fr" source="google">collier</contenuImg>
            <contenuImg CS="0.62" lang="fr" source="google">modèle motif</contenuImg>
            <contenuImg CS="0.41" coul="1" lang="fr" source="google">rouge indien</contenuImg>
            <contenuImg CS="0.92" h="2413" lang="fr" source="google" w="4270" x="652" y="853.8">vêtements</contenuImg>
            <contenuImg CS="0.91" coul="1" h="2413" lang="fr" source="google" w="4270" x="652" y="853.8">rose</contenuImg>
            <contenuImg CS="0.87" h="2413" lang="fr" source="google" w="4270" x="652" y="853.8">cou</contenuImg>
            <contenuImg CS="0.76" lang="fr" source="google">pêche</contenuImg>
            <contenuImg CS="0.69" lang="fr" source="google">robe</contenuImg>
            <contenuImg CS="0.68" lang="fr" source="google">accessoire de mode</contenuImg>
            <contenuImg CS="0.62" lang="fr" source="google">modèle</contenuImg>
            <contenuImg CS="0.52" coul="1" lang="fr" source="google">beige pâle</contenuImg>
            <contenuImg CS="0.41" coul="1" lang="fr" source="google">indianred</contenuImg>
            <contenuImg CS="0.23" coul="1" lang="fr" source="google">bleu nuit</contenuImg>
            <contenuImg CS="0.08" coul="1" lang="fr" source="google">brun foncé</contenuImg>
            <contenuImg CS="0.07" coul="1" lang="fr" source="google">feldspath</contenuImg>
            <contenuImg CS="0.49" coul="1" lang="fr" source="google">vert jaune</contenuImg>
            <contenuImg CS="0.40" coul="1" lang="fr" source="google">orange mandarine</contenuImg>
            <contenuImg b="182" coul="1" g="173" r="230" source="colorific" type="bkg">#e6adb6</contenuImg>
            <contenuImg b="85" coul="1" g="96" ordre="6" r="109" source="colorific" type="frg">#6d6055</contenuImg>
            <contenuImg b="61" coul="1" g="54" ordre="5" r="38" source="colorific" type="frg">#26363d</contenuImg>
            <contenuImg b="139" coul="1" g="160" ordre="4" r="208" source="colorific" type="frg">#d0a08b</contenuImg>
            <contenuImg b="55" coul="1" g="73" ordre="3" r="116" source="colorific" type="frg">#744937</contenuImg>
            <contenuImg b="103" coul="1" g="96" ordre="2" r="68" source="colorific" type="frg">#446067</contenuImg>
            <contenuImg b="255" coul="1" g="255" ordre="1" r="255" source="colorific" type="frg">#ffffff</contenuImg>
            <contenuImg CS="1.0" lang="en" source="md">decorative patterns</contenuImg>
            <contenuImg CS="1.0" lang="en" source="md">stylized plants</contenuImg>
            <contenuImg CS="1.0" lang="en" source="md">scallops</contenuImg>
            <contenuImg CS="1.0" lang="en" source="md">fantasy flowers</contenuImg>
            <contenuImg CS="1.0" lang="en" source="md">linons batistes (textile)</contenuImg>
            <contenuImg CS="1.0" lang="en" source="md">draperies (ornament)</contenuImg>
            <contenuImg CS="1.0" lang="en" source="md">precious stones</contenuImg>
            <contenuImg CS="1.0" lang="en" source="md">textiles and fabrics</contenuImg>
            <contenuImg CS="1.0" lang="en" source="md">painting and wall decoration</contenuImg>
            <contenuImg CS="0.40" coul="1" lang="en" source="google">mandarianorange</contenuImg>
            <contenuImg CS="0.49" coul="1" lang="en" source="google">greenyellow</contenuImg>
            <contenuImg CS="0.07" coul="1" lang="en" source="google">feldspar</contenuImg>
            <contenuImg CS="0.08" coul="1" lang="en" source="google">darktan</contenuImg>
            <contenuImg CS="0.23" coul="1" lang="en" source="google">midnightblue</contenuImg>
            <contenuImg CS="0.41" coul="1" lang="en" source="google">indianred</contenuImg>
            <contenuImg CS="0.52" coul="1" lang="en" source="google">newtan</contenuImg>
            <contenuImg CS="0.60" lang="en" source="google">Collar</contenuImg>
            <contenuImg CS="0.62" lang="en" source="google">Pattern</contenuImg>
            <contenuImg CS="0.63" lang="en" source="google">Blouse</contenuImg>
            <contenuImg CS="0.68" lang="en" source="google">Fashion accessory</contenuImg>
            <contenuImg CS="0.69" lang="en" source="google">Dress</contenuImg>
            <contenuImg CS="0.76" lang="en" source="google">Peach</contenuImg>
            <contenuImg CS="0.77" h="2413" lang="en" source="google" w="4270" x="652" y="853.8">Magenta</contenuImg>
            <contenuImg CS="0.87" h="2413" lang="en" source="google" w="4270" x="652" y="853.8">Neck</contenuImg>
            <contenuImg CS="0.91" coul="1" h="2413" lang="en" source="google" w="4270" x="652" y="853.8">Pink</contenuImg>
            <contenuImg CS="0.92" h="2413" lang="en" source="google" w="4270" x="652" y="853.8">Clothing</contenuImg>
            <theme CS="1" source="md">0</theme>
            <contenuImg CS="1.0" lang="fr" source="md">Peinture et décoration murales</contenuImg>
            <contenuImg CS="1.0" lang="fr" source="md">Textiles et tissus</contenuImg>
            <contenuImg CS="1.0" lang="fr" source="md">Pierres précieuses</contenuImg>
            <contenuImg CS="1.0" lang="fr" source="md">Draperies (ornement)</contenuImg>
            <contenuImg CS="1.0" lang="fr" source="md">Linons batistes (textile)</contenuImg>
            <contenuImg CS="1.0" lang="fr" source="md">Fleurs de fantaisie</contenuImg>
            <contenuImg CS="1.0" lang="fr" source="md">Festons</contenuImg>
            <contenuImg CS="1.0" lang="fr" source="md">Végétaux stylisés</contenuImg>
            <contenuImg CS="1.0" lang="fr" source="md">Motifs décoratifs</contenuImg>
            <titraille>Papier à motif répétitif : papier peint</titraille>
          </ill>
        </ills>
      </page>
    </pages>
  </contenus>
</analyseAlto>