<analyseAlto>
  <metad>
    <type>I</type>
    <ID>btv1b69000174</ID>
    <titre>Manufacture Bon. Papier à motif répétitif. Motif répétitif à deux chemins, en quinconce : combat d_animaux et roses : papier peint</titre>
    <dateEdition>1799</dateEdition>
    <auteur>inconnu</auteur>
    <lang>fre</lang>
    <source>Bibliothèque nationale de France, département Estampes et photographie, EST LI-15</source>
    <sujet>Roses -- Lion -- Cheval -- Combats d_animaux -- Rayures (ornements) -- Camaïeu, Peinture en -- Fleurs (ornement) -- Médaillons (ornement) -- Feuillages stylisés -- Rangs de perles (ornement) -- Motifs décoratifs -- 1789-1799</sujet>
    <descr>Appartient à l’ensemble documentaire : PaPeint18 -- Papier peint</descr>
    <format>inconnu</format>
    <couverture>inconnu</couverture>
    <largeurPx>6856</largeurPx>
    <hauteurPx>6016</hauteurPx>
    <ocr>false</ocr>
    <toc>false</toc>
    <caption>false</caption>
    <nbPage>1</nbPage>
  </metad>
  <contenus ocr="false" toc="false">
    <largeur>290</largeur>
    <hauteur>254</hauteur>
    <largeurPx>6856</largeurPx>
    <hauteurPx>6016</hauteurPx>
    <pages>
      <page ordre="1">
        <blocIll ocr="1">1</blocIll>
        <ills>
          <ill classif="CCgoogle" couleur="coul" h="6016" hash="bdf902099db99f20" n="1-1" taille="19" w="6856" x="1" y="1">
            <contenuImg CS="0.62" h="3743" lang="fr" source="google" w="2807" x="1416.6" y="601.6">modèle motif</contenuImg>
            <contenuImg CS="0.24" coul="1" lang="fr" source="google">marron très foncé</contenuImg>
            <contenuImg CS="0.68" h="3743" lang="fr" source="google" w="2807" x="1416.6" y="601.6">broderie</contenuImg>
            <contenuImg CS="0.63" h="3743" lang="fr" source="google" w="2807" x="1416.6" y="601.6">art</contenuImg>
            <contenuImg CS="0.62" h="3743" lang="fr" source="google" w="2807" x="1416.6" y="601.6">modèle</contenuImg>
            <contenuImg CS="0.59" h="3743" lang="fr" source="google" w="2807" x="1416.6" y="601.6">travaux d'aiguille</contenuImg>
            <contenuImg CS="0.30" coul="1" lang="fr" source="google">bronze</contenuImg>
            <contenuImg CS="0.03" coul="1" lang="fr" source="google">bleu cadet</contenuImg>
            <contenuImg CS="0.35" coul="1" lang="fr" source="google">gris</contenuImg>
            <contenuImg CS="0.24" coul="1" lang="fr" source="google">noir</contenuImg>
            <contenuImg CS="0.24" coul="1" lang="fr" source="google">verydarkbrown</contenuImg>
            <contenuImg b="174" coul="1" g="158" r="137" source="colorific" type="bkg">#899eae</contenuImg>
            <contenuImg b="147" coul="1" g="151" ordre="6" r="149" source="colorific" type="frg">#959793</contenuImg>
            <contenuImg b="109" coul="1" g="118" ordre="5" r="169" source="colorific" type="frg">#a9766d</contenuImg>
            <contenuImg b="105" coul="1" g="150" ordre="4" r="167" source="colorific" type="frg">#a79669</contenuImg>
            <contenuImg b="85" coul="1" g="83" ordre="3" r="73" source="colorific" type="frg">#495355</contenuImg>
            <contenuImg b="39" coul="1" g="59" ordre="2" r="76" source="colorific" type="frg">#4c3b27</contenuImg>
            <contenuImg b="15" coul="1" g="30" ordre="1" r="29" source="colorific" type="frg">#1d1e0f</contenuImg>
            <contenuImg CS="1.0" lang="en" source="md">decorative patterns - 1789-1799</contenuImg>
            <contenuImg CS="1.0" lang="en" source="md">rows of pearls (ornament)</contenuImg>
            <contenuImg CS="1.0" lang="en" source="md">stylized foliage</contenuImg>
            <contenuImg CS="1.0" lang="en" source="md">medallions (ornament)</contenuImg>
            <contenuImg CS="1.0" lang="en" source="md">flowers (ornament)</contenuImg>
            <contenuImg CS="1.0" lang="en" source="md">camaïeu painting</contenuImg>
            <contenuImg CS="1.0" lang="en" source="md">stripes (ornaments)</contenuImg>
            <contenuImg CS="1.0" lang="en" source="md">animal fighting</contenuImg>
            <contenuImg CS="1.0" lang="en" source="md">horse</contenuImg>
            <contenuImg CS="1.0" lang="en" source="md">lion</contenuImg>
            <contenuImg CS="1.0" lang="en" source="md">roses (flowers)</contenuImg>
            <contenuImg CS="0.24" coul="1" lang="en" source="google">verydarkbrown</contenuImg>
            <contenuImg CS="0.24" coul="1" lang="en" source="google">black</contenuImg>
            <contenuImg CS="0.35" coul="1" lang="en" source="google">gray</contenuImg>
            <contenuImg CS="0.03" coul="1" lang="en" source="google">cadetblue</contenuImg>
            <contenuImg CS="0.28" coul="1" lang="en" source="google">black</contenuImg>
            <contenuImg CS="0.30" coul="1" lang="en" source="google">bronze</contenuImg>
            <contenuImg CS="1.36" coul="1" lang="en" source="google">cadetblue</contenuImg>
            <contenuImg CS="0.59" h="3743" lang="en" source="google" w="2807" x="1416.6" y="601.6">Needlework</contenuImg>
            <contenuImg CS="0.62" h="3743" lang="en" source="google" w="2807" x="1416.6" y="601.6">Pattern</contenuImg>
            <contenuImg CS="0.63" h="3743" lang="en" source="google" w="2807" x="1416.6" y="601.6">Art</contenuImg>
            <contenuImg CS="0.68" h="3743" lang="en" source="google" w="2807" x="1416.6" y="601.6">Embroidery</contenuImg>
            <tech source="final">estampe/gravure</tech>
            <fonction source="md">papier-peint</fonction>
            <fonction source="final">papier-peint</fonction>
            <tech CS="1" source="hm">estampe/gravure</tech>
            <theme CS="1" source="md">0</theme>
            <contenuImg CS="1.0" lang="fr" source="md">Roses</contenuImg>
            <contenuImg CS="1.0" lang="fr" source="md">Lion</contenuImg>
            <contenuImg CS="1.0" lang="fr" source="md">Cheval</contenuImg>
            <contenuImg CS="1.0" lang="fr" source="md">Combats d'animaux</contenuImg>
            <contenuImg CS="1.0" lang="fr" source="md">Rayures (ornements)</contenuImg>
            <contenuImg CS="1.0" lang="fr" source="md">Peinture en camaïeu</contenuImg>
            <contenuImg CS="1.0" lang="fr" source="md">Fleurs (ornement)</contenuImg>
            <contenuImg CS="1.0" lang="fr" source="md">Médaillons (ornement)</contenuImg>
            <contenuImg CS="1.0" lang="fr" source="md">Feuillages stylisés</contenuImg>
            <contenuImg CS="1.0" lang="fr" source="md">Rangs de perles (ornement)</contenuImg>
            <contenuImg CS="1.0" lang="fr" source="md">Motifs décoratifs -- 1789-1799</contenuImg>
            <titraille>Manufacture Bon. Papier à motif répétitif. Motif répétitif à deux chemins, en quinconce : combat d_animaux et roses : papier peint</titraille>
          </ill>
        </ills>
      </page>
    </pages>
  </contenus>
</analyseAlto>