<analyseAlto>
  <metad>
    <type>I</type>
    <ID>btv1b6900510z</ID>
    <titre>Manufacture Jacquemart et Bénard. Bordure. Une bande de frise de motifs de fantaisie combinant ombrelles, palmettes et volutes : papier peint</titre>
    <dateEdition>1799</dateEdition>
    <auteur>inconnu</auteur>
    <lang>fre</lang>
    <source>Bibliothèque nationale de France</source>
    <sujet>Frises -- Ombrelles -- Volutes -- Motifs de fantaisie -- Palmettes (ornement) -- Dents-de-loup (ornement) -- Motifs décoratifs -- 1789-1799</sujet>
    <descr>Appartient à l’ensemble documentaire : PaPeint18 -- Papier peint</descr>
    <format>inconnu</format>
    <couverture>inconnu</couverture>
    <largeurPx>4192</largeurPx>
    <hauteurPx>2784</hauteurPx>
    <ocr>false</ocr>
    <toc>false</toc>
    <nbPage>1</nbPage>
  </metad>
  <contenus ocr="false" toc="false">
    <largeur>177</largeur>
    <hauteur>117</hauteur>
    <largeurPx>4192</largeurPx>
    <hauteurPx>2784</hauteurPx>
    <pages>
      <page ordre="1">
        <blocIll ocr="1">1</blocIll>
        <ills>
          <ill classif="CCgoogle" couleur="coul" h="2784" hash="fde7e680e60000ff" n="1-1" taille="5" w="4192" x="1" y="1">
            <contenuImg CS="0.62" h="3320" lang="fr" source="google" w="3325" x="1255.2" y="278.4">modèle motif</contenuImg>
            <contenuImg CS="0.23" coul="1" lang="fr" source="google">bleu acier</contenuImg>
            <contenuImg CS="0.14" coul="1" lang="fr" source="google">bleu ciel</contenuImg>
            <contenuImg CS="0.94" coul="1" h="3320" lang="fr" source="google" w="3325" x="1255.2" y="278.4">bleu</contenuImg>
            <contenuImg CS="0.81" coul="1" h="3320" lang="fr" source="google" w="3325" x="1255.2" y="278.4">turquoise</contenuImg>
            <contenuImg CS="0.66" h="3320" lang="fr" source="google" w="3325" x="1255.2" y="278.4">pièce</contenuImg>
            <contenuImg CS="0.62" h="3320" lang="fr" source="google" w="3325" x="1255.2" y="278.4">modèle</contenuImg>
            <contenuImg CS="0.56" lang="fr" source="google">rectangle</contenuImg>
            <contenuImg CS="0.55" lang="fr" source="google">arts visuels</contenuImg>
            <contenuImg CS="0.54" lang="fr" source="google">maison</contenuImg>
            <contenuImg CS="0.51" lang="fr" source="google">métal</contenuImg>
            <contenuImg CS="0.50" lang="fr" source="google">art</contenuImg>
            <contenuImg CS="0.38" coul="1" lang="fr" source="google">noir</contenuImg>
            <contenuImg CS="0.35" coul="1" lang="fr" source="google">gris</contenuImg>
            <contenuImg CS="0.59" coul="1" lang="fr" source="google">bleu cadet</contenuImg>
            <contenuImg CS="0.41" coul="1" lang="fr" source="google">bleu nuit</contenuImg>
            <contenuImg b="186" coul="1" g="146" r="94" source="colorific" type="bkg">#5e92ba</contenuImg>
            <contenuImg b="50" coul="1" g="44" ordre="5" r="15" source="colorific" type="frg">#0f2c32</contenuImg>
            <contenuImg b="107" coul="1" g="96" ordre="4" r="75" source="colorific" type="frg">#4b606b</contenuImg>
            <contenuImg b="34" coul="1" g="36" ordre="3" r="32" source="colorific" type="frg">#202422</contenuImg>
            <contenuImg b="127" coul="1" g="121" ordre="2" r="136" source="colorific" type="frg">#88797f</contenuImg>
            <contenuImg b="0" coul="1" g="0" ordre="1" r="0" source="colorific" type="frg">#000000</contenuImg>
            <contenuImg CS="1.0" lang="en" source="md">decorative patterns - 1789-1799</contenuImg>
            <contenuImg CS="1.0" lang="en" source="md">wolf's teeth (ornament)</contenuImg>
            <contenuImg CS="1.0" lang="en" source="md">palmettes (ornament)</contenuImg>
            <contenuImg CS="1.0" lang="en" source="md">fantasy patterns</contenuImg>
            <contenuImg CS="1.0" lang="en" source="md">swirls</contenuImg>
            <contenuImg CS="1.0" lang="en" source="md">umbrellas</contenuImg>
            <contenuImg CS="1.0" lang="en" source="md">curly</contenuImg>
            <contenuImg CS="0.41" coul="1" lang="en" source="google">midnightblue</contenuImg>
            <contenuImg CS="0.59" coul="1" lang="en" source="google">cadetblue</contenuImg>
            <contenuImg CS="0.14" coul="1" lang="en" source="google">skyblue</contenuImg>
            <contenuImg CS="0.23" coul="1" lang="en" source="google">steelblue</contenuImg>
            <contenuImg CS="0.35" coul="1" lang="en" source="google">gray</contenuImg>
            <contenuImg CS="0.38" coul="1" lang="en" source="google">black</contenuImg>
            <contenuImg CS="0.50" coul="1" lang="en" source="google">midnightblue</contenuImg>
            <contenuImg CS="0.63" coul="1" lang="en" source="google">skyblue</contenuImg>
            <contenuImg CS="0.50" lang="en" source="google">Art</contenuImg>
            <contenuImg CS="0.51" lang="en" source="google">Metal</contenuImg>
            <contenuImg CS="0.54" lang="en" source="google">House</contenuImg>
            <contenuImg CS="0.55" lang="en" source="google">Visual arts</contenuImg>
            <contenuImg CS="0.56" lang="en" source="google">Rectangle</contenuImg>
            <contenuImg CS="0.62" h="3320" lang="en" source="google" w="3325" x="1255.2" y="278.4">Pattern</contenuImg>
            <contenuImg CS="0.66" h="3320" lang="en" source="google" w="3325" x="1255.2" y="278.4">Room</contenuImg>
            <contenuImg CS="0.81" coul="1" h="3320" lang="en" source="google" w="3325" x="1255.2" y="278.4">Turquoise</contenuImg>
            <contenuImg CS="0.94" coul="1" h="3320" lang="en" source="google" w="3325" x="1255.2" y="278.4">Blue</contenuImg>
            <tech source="final">estampe/gravure</tech>
            <fonction source="md">papier-peint</fonction>
            <fonction source="final">papier-peint</fonction>
            <tech CS="1" source="hm">estampe/gravure</tech>
            <theme CS="1" source="md">0</theme>
            <contenuImg CS="1.0" lang="fr" source="md">Frises</contenuImg>
            <contenuImg CS="1.0" lang="fr" source="md">Ombrelles</contenuImg>
            <contenuImg CS="1.0" lang="fr" source="md">Volutes</contenuImg>
            <contenuImg CS="1.0" lang="fr" source="md">Motifs de fantaisie</contenuImg>
            <contenuImg CS="1.0" lang="fr" source="md">Palmettes (ornement)</contenuImg>
            <contenuImg CS="1.0" lang="fr" source="md">Dents-de-loup (ornement)</contenuImg>
            <contenuImg CS="1.0" lang="fr" source="md">Motifs décoratifs -- 1789-1799</contenuImg>
            <titraille>Manufacture Jacquemart et Bénard. Bordure. Une bande de frise de motifs de fantaisie combinant ombrelles, palmettes et volutes : papier peint</titraille>
          </ill>
        </ills>
      </page>
    </pages>
  </contenus>
</analyseAlto>