<analyseAlto>
  <metad>
    <type>I</type>
    <ID>btv1b6901564t</ID>
    <titre>Papier à motif répétitif : papier peint</titre>
    <dateEdition>1799</dateEdition>
    <auteur>inconnu</auteur>
    <lang>fre</lang>
    <source>Bibliothèque nationale de France, département Estampes et photographie, EST LI-19</source>
    <sujet>Carreaux -- Oiseaux -- Tours (constructions) -- Ponts -- Arcades -- Constructions -- Paysages -- Motifs décoratifs</sujet>
    <descr>Appartient à l’ensemble documentaire : PaPeint18 -- Papier peint</descr>
    <format>inconnu</format>
    <couverture>inconnu</couverture>
    <largeurPx>5992</largeurPx>
    <hauteurPx>7888</hauteurPx>
    <ocr>false</ocr>
    <toc>false</toc>
    <caption>false</caption>
    <nbPage>1</nbPage>
  </metad>
  <contenus ocr="false" toc="false">
    <largeur>253</largeur>
    <hauteur>333</hauteur>
    <largeurPx>5992</largeurPx>
    <hauteurPx>7888</hauteurPx>
    <pages>
      <page ordre="1">
        <blocIll ocr="1">1</blocIll>
        <ills>
          <ill classif="CCgoogle" couleur="coul" h="7888" hash="98e2ff98886f9898" n="1-1" taille="21" w="5992" x="1" y="1">
            <contenuImg CS="0.76" h="4270" lang="fr" source="google" w="2394" x="599.2" y="788.8">conception</contenuImg>
            <contenuImg CS="0.81" h="4270" lang="fr" source="google" w="2394" x="599.2" y="788.8">botanique</contenuImg>
            <contenuImg CS="0.70" lang="fr" source="google">pédicelle</contenuImg>
            <contenuImg CS="0.57" lang="fr" source="google">modèle motif</contenuImg>
            <contenuImg CS="0.37" coul="1" lang="fr" source="google">marron très foncé</contenuImg>
            <contenuImg CS="0.76" h="4270" lang="fr" source="google" w="2394" x="599.2" y="788.8">design</contenuImg>
            <contenuImg CS="0.75" h="4270" lang="fr" source="google" w="2394" x="599.2" y="788.8">ligne</contenuImg>
            <contenuImg CS="0.65" lang="fr" source="google">plante</contenuImg>
            <contenuImg CS="0.57" lang="fr" source="google">modèle</contenuImg>
            <contenuImg CS="0.55" lang="fr" source="google">arts visuels</contenuImg>
            <contenuImg CS="0.47" coul="1" lang="fr" source="google">vert foncé</contenuImg>
            <contenuImg CS="0.40" coul="1" lang="fr" source="google">bronze</contenuImg>
            <contenuImg CS="0.46" coul="1" lang="fr" source="google">rose</contenuImg>
            <contenuImg CS="0.37" coul="1" lang="fr" source="google">verydarkbrown</contenuImg>
            <contenuImg CS="0.36" coul="1" lang="fr" source="google">beige pâle</contenuImg>
            <contenuImg CS="0.34" coul="1" lang="fr" source="google">noir</contenuImg>
            <contenuImg b="120" coul="1" g="165" r="208" source="colorific" type="bkg">#d0a578</contenuImg>
            <contenuImg b="25" coul="1" g="36" ordre="5" r="54" source="colorific" type="frg">#362419</contenuImg>
            <contenuImg b="106" coul="1" g="95" ordre="4" r="95" source="colorific" type="frg">#5f5f6a</contenuImg>
            <contenuImg b="58" coul="1" g="73" ordre="3" r="95" source="colorific" type="frg">#5f493a</contenuImg>
            <contenuImg b="0" coul="1" g="0" ordre="2" r="0" source="colorific" type="frg">#000000</contenuImg>
            <contenuImg b="65" coul="1" g="59" ordre="1" r="46" source="colorific" type="frg">#2e3b41</contenuImg>
            <contenuImg CS="1.0" lang="en" source="md">decorative patterns</contenuImg>
            <contenuImg CS="1.0" lang="en" source="md">landscapes</contenuImg>
            <contenuImg CS="1.0" lang="en" source="md">constructions</contenuImg>
            <contenuImg CS="1.0" lang="en" source="md">arcades</contenuImg>
            <contenuImg CS="1.0" lang="en" source="md">bridges</contenuImg>
            <contenuImg CS="1.0" lang="en" source="md">towers (constructions)</contenuImg>
            <contenuImg CS="1.0" lang="en" source="md">birds</contenuImg>
            <contenuImg CS="1.0" lang="en" source="md">tiles</contenuImg>
            <contenuImg CS="0.34" coul="1" lang="en" source="google">black</contenuImg>
            <contenuImg CS="0.36" coul="1" lang="en" source="google">newtan</contenuImg>
            <contenuImg CS="0.37" coul="1" lang="en" source="google">verydarkbrown</contenuImg>
            <contenuImg CS="0.46" coul="1" lang="en" source="google">pink</contenuImg>
            <contenuImg CS="0.47" coul="1" lang="en" source="google">black</contenuImg>
            <contenuImg CS="0.40" coul="1" lang="en" source="google">bronze</contenuImg>
            <contenuImg CS="0.47" coul="1" lang="en" source="google">darkgreen</contenuImg>
            <contenuImg CS="0.55" lang="en" source="google">Visual arts</contenuImg>
            <contenuImg CS="0.57" lang="en" source="google">Pattern</contenuImg>
            <contenuImg CS="0.65" lang="en" source="google">Plant</contenuImg>
            <contenuImg CS="0.70" lang="en" source="google">Pedicel</contenuImg>
            <contenuImg CS="0.75" h="4270" lang="en" source="google" w="2394" x="599.2" y="788.8">Line</contenuImg>
            <contenuImg CS="0.76" h="4270" lang="en" source="google" w="2394" x="599.2" y="788.8">Design</contenuImg>
            <contenuImg CS="0.81" h="4270" lang="en" source="google" w="2394" x="599.2" y="788.8">Botany</contenuImg>
            <contenuImg CS="0.92" h="4270" lang="en" source="google" w="2394" x="599.2" y="788.8">Pattern</contenuImg>
            <tech source="final">estampe/gravure</tech>
            <fonction source="md">papier-peint</fonction>
            <fonction source="final">papier-peint</fonction>
            <tech CS="1" source="hm">estampe/gravure</tech>
            <theme CS="1" source="md">0</theme>
            <contenuImg CS="1.0" lang="fr" source="md">Carreaux</contenuImg>
            <contenuImg CS="1.0" lang="fr" source="md">Oiseaux</contenuImg>
            <contenuImg CS="1.0" lang="fr" source="md">Tours (constructions)</contenuImg>
            <contenuImg CS="1.0" lang="fr" source="md">Ponts</contenuImg>
            <contenuImg CS="1.0" lang="fr" source="md">Arcades</contenuImg>
            <contenuImg CS="1.0" lang="fr" source="md">Constructions</contenuImg>
            <contenuImg CS="1.0" lang="fr" source="md">Paysages</contenuImg>
            <contenuImg CS="1.0" lang="fr" source="md">Motifs décoratifs</contenuImg>
            <titraille>Papier à motif répétitif : papier peint</titraille>
          </ill>
        </ills>
      </page>
    </pages>
  </contenus>
</analyseAlto>