<analyseAlto>
  <metad>
    <type>I</type>
    <ID>btv1b6900436v</ID>
    <titre>Manufacture Jacquemart et Bénard. Papier à motif répétitif. Motif répétitif en arabesque à un chemin : lambrequin en marbre supportant deux putti entre deux vases et alternant avec des festons de feuillages et de fleurettes stylisées : papier peint</titre>
    <dateEdition>1799</dateEdition>
    <auteur>inconnu</auteur>
    <lang>fre</lang>
    <source>Bibliothèque nationale de France</source>
    <sujet>Groseilles -- Oiseaux -- Asters -- Acanthes -- Marbre -- Putti -- Roses -- Anémones -- Pivoines -- Motifs en arabesque -- Fleurs (ornement) -- Festons -- Rinceaux -- Draperies (ornement) -- Vases à l_antique -- Volubilis -- Motifs décoratifs -- 1789-1799</sujet>
    <descr>Appartient à l’ensemble documentaire : PaPeint18 -- Papier peint</descr>
    <format>inconnu</format>
    <couverture>inconnu</couverture>
    <largeurPx>6944</largeurPx>
    <hauteurPx>12984</hauteurPx>
    <ocr>false</ocr>
    <toc>false</toc>
    <nbPage>1</nbPage>
  </metad>
  <contenus ocr="false" toc="false">
    <largeur>293</largeur>
    <hauteur>549</hauteur>
    <largeurPx>6944</largeurPx>
    <hauteurPx>12984</hauteurPx>
    <pages>
      <page ordre="1">
        <blocIll ocr="1">1</blocIll>
        <ills>
          <ill classif="CCgoogle" couleur="coul" h="12984" hash="c381e3c181bde7e2" n="1-1" taille="41" w="6944" x="1" y="1">
            <contenuImg CS="0.70" h="1287" lang="fr" source="google" w="2280" x="694.4" y="1725.4">textile</contenuImg>
            <contenuImg CS="0.79" h="1287" lang="fr" source="google" w="2280" x="694.4" y="1725.4">botanique</contenuImg>
            <contenuImg CS="0.67" h="1287" lang="fr" source="google" w="2280" x="694.4" y="1725.4">art floral</contenuImg>
            <contenuImg CS="0.53" lang="fr" source="google">fleurs sauvages</contenuImg>
            <contenuImg CS="0.62" lang="fr" source="google">modèle motif</contenuImg>
            <contenuImg CS="0.26" coul="1" lang="fr" source="google">vert moyen</contenuImg>
            <contenuImg CS="0.69" h="1287" lang="fr" source="google" w="2280" x="694.4" y="1725.4">plante</contenuImg>
            <contenuImg CS="0.66" lang="fr" source="google">art</contenuImg>
            <contenuImg CS="0.64" lang="fr" source="google">illustration</contenuImg>
            <contenuImg CS="0.62" lang="fr" source="google">fleur</contenuImg>
            <contenuImg CS="0.62" lang="fr" source="google">modèle</contenuImg>
            <contenuImg CS="0.51" lang="fr" source="google">tapisserie</contenuImg>
            <contenuImg CS="0.28" coul="1" lang="fr" source="google">feldspath</contenuImg>
            <contenuImg CS="0.17" coul="1" lang="fr" source="google">marron</contenuImg>
            <contenuImg CS="0.08" coul="1" lang="fr" source="google">vert cuivre foncé</contenuImg>
            <contenuImg CS="0.22" coul="1" lang="fr" source="google">bronze</contenuImg>
            <contenuImg CS="0.18" coul="1" lang="fr" source="google">vert foncé</contenuImg>
            <contenuImg b="121" coul="1" g="150" r="213" source="colorific" type="bkg">#d59679</contenuImg>
            <contenuImg b="23" coul="1" g="44" ordre="6" r="103" source="colorific" type="frg">#672c17</contenuImg>
            <contenuImg b="65" coul="1" g="102" ordre="5" r="123" source="colorific" type="frg">#7b6641</contenuImg>
            <contenuImg b="41" coul="1" g="60" ordre="4" r="80" source="colorific" type="frg">#503c29</contenuImg>
            <contenuImg b="66" coul="1" g="68" ordre="3" r="45" source="colorific" type="frg">#2d4442</contenuImg>
            <contenuImg b="94" coul="1" g="103" ordre="2" r="155" source="colorific" type="frg">#9b675e</contenuImg>
            <contenuImg b="119" coul="1" g="130" ordre="1" r="89" source="colorific" type="frg">#598277</contenuImg>
            <contenuImg CS="1.0" lang="en" source="md">decorative patterns - 1789-1799</contenuImg>
            <contenuImg CS="1.0" lang="en" source="md">Volubilis (flowers)</contenuImg>
            <contenuImg CS="1.0" lang="en" source="md">vases in the antique</contenuImg>
            <contenuImg CS="1.0" lang="en" source="md">draperies (ornament)</contenuImg>
            <contenuImg CS="1.0" lang="en" source="md">scrollwork</contenuImg>
            <contenuImg CS="1.0" lang="en" source="md">scallops</contenuImg>
            <contenuImg CS="1.0" lang="en" source="md">flowers (ornament)</contenuImg>
            <contenuImg CS="1.0" lang="en" source="md">arabesque-shaped patterns</contenuImg>
            <contenuImg CS="1.0" lang="en" source="md">peonies (flowers)</contenuImg>
            <contenuImg CS="1.0" lang="en" source="md">anemones (flowers)</contenuImg>
            <contenuImg CS="1.0" lang="en" source="md">roses (flowers)</contenuImg>
            <contenuImg CS="1.0" lang="en" source="md">putti</contenuImg>
            <contenuImg CS="1.0" lang="en" source="md">marble</contenuImg>
            <contenuImg CS="1.0" lang="en" source="md">acanthus</contenuImg>
            <contenuImg CS="1.0" lang="en" source="md">asters (flowers)</contenuImg>
            <contenuImg CS="1.0" lang="en" source="md">birds</contenuImg>
            <contenuImg CS="1.0" lang="en" source="md">currants</contenuImg>
            <contenuImg CS="0.18" coul="1" lang="en" source="google">darkgreen</contenuImg>
            <contenuImg CS="0.18" coul="1" lang="en" source="google">darkgreen</contenuImg>
            <contenuImg CS="0.22" coul="1" lang="en" source="google">bronze</contenuImg>
            <contenuImg CS="0.26" coul="1" lang="en" source="google">mediumseagreen</contenuImg>
            <contenuImg CS="0.08" coul="1" lang="en" source="google">darkgreencopper</contenuImg>
            <contenuImg CS="0.17" coul="1" lang="en" source="google">brown</contenuImg>
            <contenuImg CS="0.28" coul="1" lang="en" source="google">feldspar</contenuImg>
            <contenuImg CS="0.30" coul="1" lang="en" source="google">darkgreencopper</contenuImg>
            <contenuImg CS="0.51" lang="en" source="google">Tapestry</contenuImg>
            <contenuImg CS="0.53" lang="en" source="google">Wildflower</contenuImg>
            <contenuImg CS="0.62" lang="en" source="google">Pattern</contenuImg>
            <contenuImg CS="0.62" lang="en" source="google">Flower</contenuImg>
            <contenuImg CS="0.64" lang="en" source="google">Illustration</contenuImg>
            <contenuImg CS="0.66" lang="en" source="google">Art</contenuImg>
            <contenuImg CS="0.67" h="1287" lang="en" source="google" w="2280" x="694.4" y="1725.4">Floral design</contenuImg>
            <contenuImg CS="0.69" h="1287" lang="en" source="google" w="2280" x="694.4" y="1725.4">Plant</contenuImg>
            <contenuImg CS="0.70" h="1287" lang="en" source="google" w="2280" x="694.4" y="1725.4">Textile</contenuImg>
            <contenuImg CS="0.79" h="1287" lang="en" source="google" w="2280" x="694.4" y="1725.4">Botany</contenuImg>
            <tech source="final">estampe/gravure</tech>
            <fonction source="md">papier-peint</fonction>
            <fonction source="final">papier-peint</fonction>
            <tech CS="1" source="hm">estampe/gravure</tech>
            <theme CS="1" source="md">0</theme>
            <contenuImg CS="1.0" lang="fr" source="md">Groseilles</contenuImg>
            <contenuImg CS="1.0" lang="fr" source="md">Oiseaux</contenuImg>
            <contenuImg CS="1.0" lang="fr" source="md">Asters</contenuImg>
            <contenuImg CS="1.0" lang="fr" source="md">Acanthes</contenuImg>
            <contenuImg CS="1.0" lang="fr" source="md">Marbre</contenuImg>
            <contenuImg CS="1.0" lang="fr" source="md">Putti</contenuImg>
            <contenuImg CS="1.0" lang="fr" source="md">Roses</contenuImg>
            <contenuImg CS="1.0" lang="fr" source="md">Anémones</contenuImg>
            <contenuImg CS="1.0" lang="fr" source="md">Pivoines</contenuImg>
            <contenuImg CS="1.0" lang="fr" source="md">Motifs en arabesque</contenuImg>
            <contenuImg CS="1.0" lang="fr" source="md">Fleurs (ornement)</contenuImg>
            <contenuImg CS="1.0" lang="fr" source="md">Festons</contenuImg>
            <contenuImg CS="1.0" lang="fr" source="md">Rinceaux</contenuImg>
            <contenuImg CS="1.0" lang="fr" source="md">Draperies (ornement)</contenuImg>
            <contenuImg CS="1.0" lang="fr" source="md">Vases à l'antique</contenuImg>
            <contenuImg CS="1.0" lang="fr" source="md">Volubilis</contenuImg>
            <contenuImg CS="1.0" lang="fr" source="md">Motifs décoratifs -- 1789-1799</contenuImg>
            <titraille>Manufacture Jacquemart et Bénard. Papier à motif répétitif. Motif répétitif en arabesque à un chemin : lambrequin en marbre supportant deux putti entre deux vases et alternant avec des festons de feuillages et de fleurettes stylisées : papier peint</titraille>
          </ill>
        </ills>
      </page>
    </pages>
  </contenus>
</analyseAlto>