<analyseAlto>
  <metad>
    <type>I</type>
    <ID>btv1b6901065h</ID>
    <titre>Bordure : papier peint</titre>
    <dateEdition>1799</dateEdition>
    <auteur>inconnu</auteur>
    <lang>fre</lang>
    <source>Bibliothèque nationale de France, département Estampes et photographie, EST LI-16</source>
    <sujet>Losanges (ornement) -- Motifs de fantaisie -- Rosettes (ornement) -- Rangs de perles (ornement) -- Motifs décoratifs</sujet>
    <descr>Appartient à l’ensemble documentaire : PaPeint18 -- Papier peint</descr>
    <format>inconnu</format>
    <couverture>inconnu</couverture>
    <largeurPx>3416</largeurPx>
    <hauteurPx>5680</hauteurPx>
    <ocr>false</ocr>
    <toc>false</toc>
    <caption>false</caption>
    <nbPage>1</nbPage>
  </metad>
  <contenus ocr="false" toc="false">
    <largeur>144</largeur>
    <hauteur>240</hauteur>
    <largeurPx>3416</largeurPx>
    <hauteurPx>5680</hauteurPx>
    <pages>
      <page ordre="1">
        <blocIll ocr="1">1</blocIll>
        <ills>
          <ill classif="CCgoogle" couleur="coul" h="5680" hash="5294d6ca4ad6945f" n="1-1" taille="8" w="3416" x="1" y="1">
            <contenuImg CS="0.74" h="1881" lang="fr" source="google" w="3320" x="341.6" y="2387">conception</contenuImg>
            <contenuImg CS="0.66" lang="fr" source="google">textile</contenuImg>
            <contenuImg CS="0.86" h="1881" lang="fr" source="google" w="3320" x="341.6" y="2387">modèle motif</contenuImg>
            <contenuImg CS="0.87" coul="1" h="1881" lang="fr" source="google" w="3320" x="341.6" y="2387">marron</contenuImg>
            <contenuImg CS="0.86" h="1881" lang="fr" source="google" w="3320" x="341.6" y="2387">modèle</contenuImg>
            <contenuImg CS="0.74" h="1881" lang="fr" source="google" w="3320" x="341.6" y="2387">design</contenuImg>
            <contenuImg CS="0.72" h="1881" lang="fr" source="google" w="3320" x="341.6" y="2387">arts visuels</contenuImg>
            <contenuImg CS="0.66" lang="fr" source="google">verre</contenuImg>
            <contenuImg CS="0.64" lang="fr" source="google">fenêtre</contenuImg>
            <contenuImg CS="0.63" lang="fr" source="google">art</contenuImg>
            <contenuImg CS="0.62" lang="fr" source="google">porte</contenuImg>
            <contenuImg CS="0.59" lang="fr" source="google">plante</contenuImg>
            <contenuImg CS="0.22" coul="1" lang="fr" source="google">vert foncé</contenuImg>
            <contenuImg CS="0.56" coul="1" lang="fr" source="google">gris</contenuImg>
            <contenuImg CS="0.32" coul="1" lang="fr" source="google">gris foncé</contenuImg>
            <contenuImg CS="0.29" coul="1" lang="fr" source="google">noir</contenuImg>
            <contenuImg CS="0.25" coul="1" lang="fr" source="google">vert pâle</contenuImg>
            <contenuImg b="64" coul="1" g="61" ordre="6" r="75" source="colorific" type="frg">#4b3d40</contenuImg>
            <contenuImg b="31" coul="1" g="53" ordre="5" r="99" source="colorific" type="frg">#63351f</contenuImg>
            <contenuImg b="146" coul="1" g="147" ordre="4" r="144" source="colorific" type="frg">#909392</contenuImg>
            <contenuImg b="63" coul="1" g="68" ordre="3" r="49" source="colorific" type="frg">#31443f</contenuImg>
            <contenuImg b="0" coul="1" g="0" ordre="2" r="0" source="colorific" type="frg">#000000</contenuImg>
            <contenuImg b="30" coul="1" g="37" ordre="1" r="31" source="colorific" type="frg">#1f251e</contenuImg>
            <contenuImg CS="1.0" lang="en" source="md">decorative patterns</contenuImg>
            <contenuImg CS="1.0" lang="en" source="md">rows of pearls (ornament)</contenuImg>
            <contenuImg CS="1.0" lang="en" source="md">rosettes (ornament)</contenuImg>
            <contenuImg CS="1.0" lang="en" source="md">fantasy patterns</contenuImg>
            <contenuImg CS="1.0" lang="en" source="md">rhombuses (ornament)</contenuImg>
            <contenuImg CS="0.25" coul="1" lang="en" source="google">palegreen</contenuImg>
            <contenuImg CS="0.29" coul="1" lang="en" source="google">black</contenuImg>
            <contenuImg CS="0.32" coul="1" lang="en" source="google">darkgray</contenuImg>
            <contenuImg CS="0.56" coul="1" lang="en" source="google">grey</contenuImg>
            <contenuImg CS="0.62" coul="1" lang="en" source="google">black</contenuImg>
            <contenuImg CS="0.22" coul="1" lang="en" source="google">darkgreen</contenuImg>
            <contenuImg CS="1.56" coul="1" lang="en" source="google">black</contenuImg>
            <contenuImg CS="0.59" lang="en" source="google">Plant</contenuImg>
            <contenuImg CS="0.62" lang="en" source="google">Door</contenuImg>
            <contenuImg CS="0.63" lang="en" source="google">Art</contenuImg>
            <contenuImg CS="0.64" lang="en" source="google">Window</contenuImg>
            <contenuImg CS="0.66" lang="en" source="google">Textile</contenuImg>
            <contenuImg CS="0.66" lang="en" source="google">Glass</contenuImg>
            <contenuImg CS="0.72" h="1881" lang="en" source="google" w="3320" x="341.6" y="2387">Visual arts</contenuImg>
            <contenuImg CS="0.74" h="1881" lang="en" source="google" w="3320" x="341.6" y="2387">Design</contenuImg>
            <contenuImg CS="0.86" h="1881" lang="en" source="google" w="3320" x="341.6" y="2387">Pattern</contenuImg>
            <contenuImg CS="0.87" coul="1" h="1881" lang="en" source="google" w="3320" x="341.6" y="2387">Brown</contenuImg>
            <tech source="final">estampe/gravure</tech>
            <fonction source="md">papier-peint</fonction>
            <fonction source="final">papier-peint</fonction>
            <tech CS="1" source="hm">estampe/gravure</tech>
            <theme CS="1" source="md">0</theme>
            <contenuImg CS="1.0" lang="fr" source="md">Losanges (ornement)</contenuImg>
            <contenuImg CS="1.0" lang="fr" source="md">Motifs de fantaisie</contenuImg>
            <contenuImg CS="1.0" lang="fr" source="md">Rosettes (ornement)</contenuImg>
            <contenuImg CS="1.0" lang="fr" source="md">Rangs de perles (ornement)</contenuImg>
            <contenuImg CS="1.0" lang="fr" source="md">Motifs décoratifs</contenuImg>
            <titraille>Bordure : papier peint</titraille>
          </ill>
        </ills>
      </page>
    </pages>
  </contenus>
</analyseAlto>