<analyseAlto>
  <metad>
    <type>I</type>
    <ID>btv1b69013340</ID>
    <titre>Bordure : papier peint</titre>
    <dateEdition>1801</dateEdition>
    <auteur>inconnu</auteur>
    <lang>fre</lang>
    <source>Bibliothèque nationale de France, département Estampes et photographie, EST LI-22</source>
    <sujet>Frises -- Losanges (ornement) -- Palmettes (ornement) -- Fleurons (ornement) -- Décoration et ornement architecturaux -- Motifs décoratifs</sujet>
    <descr>Appartient à l’ensemble documentaire : PaPeint18 -- Papier peint</descr>
    <format>inconnu</format>
    <couverture>inconnu</couverture>
    <largeurPx>3024</largeurPx>
    <hauteurPx>976</hauteurPx>
    <ocr>false</ocr>
    <toc>false</toc>
    <caption>false</caption>
    <nbPage>1</nbPage>
  </metad>
  <contenus ocr="false" toc="false">
    <largeur>128</largeur>
    <hauteur>41</hauteur>
    <largeurPx>3024</largeurPx>
    <hauteurPx>976</hauteurPx>
    <pages>
      <page ordre="1">
        <blocIll ocr="1">1</blocIll>
        <ills>
          <ill classif="CCgoogle" couleur="coul" h="976" hash="ffff000000ff00ff" n="1-1" taille="1" w="3024" x="1" y="1">
            <contenuImg CS="0.74" h="3320" lang="fr" source="google" w="3320" x="3793.4" y="97.6">conception</contenuImg>
            <contenuImg CS="0.76" h="3320" lang="fr" source="google" w="3320" x="3793.4" y="97.6">modèle motif</contenuImg>
            <contenuImg CS="0.76" h="3320" lang="fr" source="google" w="3320" x="3793.4" y="97.6">modèle</contenuImg>
            <contenuImg CS="0.76" h="3320" lang="fr" source="google" w="3320" x="3793.4" y="97.6">feuille</contenuImg>
            <contenuImg CS="0.74" h="3320" lang="fr" source="google" w="3320" x="3793.4" y="97.6">design</contenuImg>
            <contenuImg CS="0.70" h="3320" lang="fr" source="google" w="3320" x="3793.4" y="97.6">arts visuels</contenuImg>
            <contenuImg CS="0.58" lang="fr" source="google">art</contenuImg>
            <contenuImg CS="0.56" lang="fr" source="google">rectangle</contenuImg>
            <contenuImg CS="0.64" coul="1" lang="fr" source="google">cuivre</contenuImg>
            <contenuImg CS="0.41" coul="1" lang="fr" source="google">noir</contenuImg>
            <contenuImg CS="0.41" coul="1" lang="fr" source="google">orange mandarine</contenuImg>
            <contenuImg CS="0.19" coul="1" lang="fr" source="google">chocolat à pâtisser</contenuImg>
            <contenuImg CS="0.15" coul="1" lang="fr" source="google">bleu cadet</contenuImg>
            <contenuImg CS="0.08" coul="1" lang="fr" source="google">rouge-orange</contenuImg>
            <contenuImg b="73" coul="1" g="73" ordre="5" r="46" source="colorific" type="frg">#2e4949</contenuImg>
            <contenuImg b="30" coul="1" g="74" ordre="4" r="193" source="colorific" type="frg">#c14a1e</contenuImg>
            <contenuImg b="0" coul="1" g="0" ordre="3" r="0" source="colorific" type="frg">#000000</contenuImg>
            <contenuImg b="173" coul="1" g="152" ordre="2" r="107" source="colorific" type="frg">#6b98ad</contenuImg>
            <contenuImg b="23" coul="1" g="34" ordre="1" r="18" source="colorific" type="frg">#122217</contenuImg>
            <contenuImg CS="1.0" lang="en" source="md">decorative patterns</contenuImg>
            <contenuImg CS="1.0" lang="en" source="md">architectural decoration and ornament</contenuImg>
            <contenuImg CS="1.0" lang="en" source="md">flowerets (ornament)</contenuImg>
            <contenuImg CS="1.0" lang="en" source="md">palmettes (ornament)</contenuImg>
            <contenuImg CS="1.0" lang="en" source="md">rhombuses (ornament)</contenuImg>
            <contenuImg CS="1.0" lang="en" source="md">curly</contenuImg>
            <contenuImg CS="0.08" coul="1" lang="en" source="google">orangered</contenuImg>
            <contenuImg CS="0.15" coul="1" lang="en" source="google">cadetblue</contenuImg>
            <contenuImg CS="0.19" coul="1" lang="en" source="google">bakerschocolate</contenuImg>
            <contenuImg CS="0.21" coul="1" lang="en" source="google">cadetblue</contenuImg>
            <contenuImg CS="0.41" coul="1" lang="en" source="google">mandarianorange</contenuImg>
            <contenuImg CS="0.41" coul="1" lang="en" source="google">black</contenuImg>
            <contenuImg CS="0.64" coul="1" lang="en" source="google">copper</contenuImg>
            <contenuImg CS="0.56" lang="en" source="google">Rectangle</contenuImg>
            <contenuImg CS="0.58" lang="en" source="google">Art</contenuImg>
            <contenuImg CS="0.70" h="3320" lang="en" source="google" w="3320" x="3793.4" y="97.6">Visual arts</contenuImg>
            <contenuImg CS="0.74" h="3320" lang="en" source="google" w="3320" x="3793.4" y="97.6">Design</contenuImg>
            <contenuImg CS="0.76" h="3320" lang="en" source="google" w="3320" x="3793.4" y="97.6">Leaf</contenuImg>
            <contenuImg CS="0.76" h="3320" lang="en" source="google" w="3320" x="3793.4" y="97.6">Pattern</contenuImg>
            <tech source="final">estampe/gravure</tech>
            <fonction source="md">papier-peint</fonction>
            <fonction source="final">papier-peint</fonction>
            <tech CS="1" source="hm">estampe/gravure</tech>
            <theme CS="1" source="md">0</theme>
            <contenuImg CS="1.0" lang="fr" source="md">Frises</contenuImg>
            <contenuImg CS="1.0" lang="fr" source="md">Losanges (ornement)</contenuImg>
            <contenuImg CS="1.0" lang="fr" source="md">Palmettes (ornement)</contenuImg>
            <contenuImg CS="1.0" lang="fr" source="md">Fleurons (ornement)</contenuImg>
            <contenuImg CS="1.0" lang="fr" source="md">Décoration et ornement architecturaux</contenuImg>
            <contenuImg CS="1.0" lang="fr" source="md">Motifs décoratifs</contenuImg>
            <titraille>Bordure : papier peint</titraille>
          </ill>
        </ills>
      </page>
    </pages>
  </contenus>
</analyseAlto>