<analyseAlto>
  <metad>
    <type>I</type>
    <ID>btv1b6901026d</ID>
    <titre>Bordure : papier peint</titre>
    <dateEdition>1803</dateEdition>
    <auteur>inconnu</auteur>
    <lang>fre</lang>
    <source>Bibliothèque nationale de France</source>
    <sujet>Frises -- Acanthes -- Rayures (ornements) -- Dentelures (ornement) -- Végétaux stylisés -- Cones de pin -- Motifs décoratifs</sujet>
    <descr>Appartient à l’ensemble documentaire : PaPeint18 -- Papier peint</descr>
    <format>inconnu</format>
    <couverture>inconnu</couverture>
    <largeurPx>7000</largeurPx>
    <hauteurPx>2672</hauteurPx>
    <ocr>false</ocr>
    <toc>false</toc>
    <nbPage>1</nbPage>
  </metad>
  <contenus ocr="false" toc="false">
    <largeur>296</largeur>
    <hauteur>113</hauteur>
    <largeurPx>7000</largeurPx>
    <hauteurPx>2672</hauteurPx>
    <pages>
      <page ordre="1">
        <blocIll ocr="1">1</blocIll>
        <ills>
          <ill classif="CCgoogle" couleur="coul" h="2672" hash="3fbbaa33330000ff" n="1-1" taille="8" w="7000" x="1" y="1">
            <contenuImg CS="0.62" h="3320" lang="fr" source="google" w="1862" x="3307" y="267.2">modèle motif</contenuImg>
            <contenuImg CS="0.67" h="3320" lang="fr" source="google" w="1862" x="3307" y="267.2">rectangle</contenuImg>
            <contenuImg CS="0.62" h="3320" lang="fr" source="google" w="1862" x="3307" y="267.2">modèle</contenuImg>
            <contenuImg CS="0.58" h="3320" lang="fr" source="google" w="1862" x="3307" y="267.2">accessoires de maison</contenuImg>
            <contenuImg CS="0.50" h="3320" lang="fr" source="google" w="1862" x="3307" y="267.2">art</contenuImg>
            <contenuImg CS="0.86" coul="1" lang="fr" source="google">noir</contenuImg>
            <contenuImg CS="0.62" coul="1" lang="fr" source="google">rose</contenuImg>
            <contenuImg CS="0.07" coul="1" lang="fr" source="google">gerbe d'or (Solidago)</contenuImg>
            <contenuImg CS="0.47" coul="1" lang="fr" source="google">gris clair</contenuImg>
            <contenuImg CS="0.35" coul="1" lang="fr" source="google">chocolat à pâtisser</contenuImg>
            <contenuImg CS="0.28" coul="1" lang="fr" source="google">vert olive foncé</contenuImg>
            <contenuImg CS="0.21" coul="1" lang="fr" source="google">beige pâle</contenuImg>
            <contenuImg b="0" coul="1" g="0" r="0" source="colorific" type="bkg">#000000</contenuImg>
            <contenuImg b="29" coul="1" g="49" ordre="5" r="51" source="colorific" type="frg">#33311d</contenuImg>
            <contenuImg b="68" coul="1" g="92" ordre="4" r="102" source="colorific" type="frg">#665c44</contenuImg>
            <contenuImg b="109" coul="1" g="106" ordre="3" r="138" source="colorific" type="frg">#8a6a6d</contenuImg>
            <contenuImg b="9" coul="1" g="26" ordre="2" r="66" source="colorific" type="frg">#421a09</contenuImg>
            <contenuImg b="115" coul="1" g="201" ordre="1" r="213" source="colorific" type="frg">#d5c973</contenuImg>
            <contenuImg CS="1.0" lang="en" source="md">decorative patterns</contenuImg>
            <contenuImg CS="1.0" lang="en" source="md">pine Cones</contenuImg>
            <contenuImg CS="1.0" lang="en" source="md">stylized plants</contenuImg>
            <contenuImg CS="1.0" lang="en" source="md">dentures (ornament)</contenuImg>
            <contenuImg CS="1.0" lang="en" source="md">stripes (ornaments)</contenuImg>
            <contenuImg CS="1.0" lang="en" source="md">acanthus</contenuImg>
            <contenuImg CS="1.0" lang="en" source="md">curly</contenuImg>
            <contenuImg CS="0.21" coul="1" lang="en" source="google">newtan</contenuImg>
            <contenuImg CS="0.28" coul="1" lang="en" source="google">darkolivegreen</contenuImg>
            <contenuImg CS="0.35" coul="1" lang="en" source="google">bakerschocolate</contenuImg>
            <contenuImg CS="0.47" coul="1" lang="en" source="google">lightgrey</contenuImg>
            <contenuImg CS="0.07" coul="1" lang="en" source="google">goldenrod</contenuImg>
            <contenuImg CS="0.36" coul="1" lang="en" source="google">darkolivegreen</contenuImg>
            <contenuImg CS="0.44" coul="1" lang="en" source="google">bakerschocolate</contenuImg>
            <contenuImg CS="0.62" coul="1" lang="en" source="google">pink</contenuImg>
            <contenuImg CS="0.86" coul="1" lang="en" source="google">black</contenuImg>
            <contenuImg CS="0.50" h="3320" lang="en" source="google" w="1862" x="3307" y="267.2">Art</contenuImg>
            <contenuImg CS="0.58" h="3320" lang="en" source="google" w="1862" x="3307" y="267.2">Home accessories</contenuImg>
            <contenuImg CS="0.62" h="3320" lang="en" source="google" w="1862" x="3307" y="267.2">Pattern</contenuImg>
            <contenuImg CS="0.67" h="3320" lang="en" source="google" w="1862" x="3307" y="267.2">Rectangle</contenuImg>
            <tech source="final">estampe/gravure</tech>
            <fonction source="md">papier-peint</fonction>
            <fonction source="final">papier-peint</fonction>
            <tech CS="1" source="hm">estampe/gravure</tech>
            <theme CS="1" source="md">0</theme>
            <contenuImg CS="1.0" lang="fr" source="md">Frises</contenuImg>
            <contenuImg CS="1.0" lang="fr" source="md">Acanthes</contenuImg>
            <contenuImg CS="1.0" lang="fr" source="md">Rayures (ornements)</contenuImg>
            <contenuImg CS="1.0" lang="fr" source="md">Dentelures (ornement)</contenuImg>
            <contenuImg CS="1.0" lang="fr" source="md">Végétaux stylisés</contenuImg>
            <contenuImg CS="1.0" lang="fr" source="md">Cones de pin</contenuImg>
            <contenuImg CS="1.0" lang="fr" source="md">Motifs décoratifs</contenuImg>
            <titraille>Bordure : papier peint</titraille>
          </ill>
        </ills>
      </page>
    </pages>
  </contenus>
</analyseAlto>