<analyseAlto>
  <metad>
    <type>I</type>
    <ID>btv1b69010539</ID>
    <titre>Bordure : papier peint</titre>
    <dateEdition>1798</dateEdition>
    <auteur>inconnu</auteur>
    <lang>fre</lang>
    <source>Bibliothèque nationale de France, département Estampes et photographie, EST LI-15</source>
    <sujet>Frises -- Roses -- Grecques (ornement) -- Motifs décoratifs</sujet>
    <descr>Appartient à l’ensemble documentaire : PaPeint18 -- Papier peint</descr>
    <format>inconnu</format>
    <couverture>inconnu</couverture>
    <largeurPx>5776</largeurPx>
    <hauteurPx>1656</hauteurPx>
    <ocr>false</ocr>
    <toc>false</toc>
    <caption>false</caption>
    <nbPage>1</nbPage>
  </metad>
  <contenus ocr="false" toc="false">
    <largeur>244</largeur>
    <hauteur>70</hauteur>
    <largeurPx>5776</largeurPx>
    <hauteurPx>1656</hauteurPx>
    <pages>
      <page ordre="1">
        <blocIll ocr="1">1</blocIll>
        <ills>
          <ill classif="CCgoogle" couleur="coul" h="1656" hash="00ff88eee622ff10" n="1-1" taille="4" w="5776" x="1" y="1">
            <contenuImg CS="0.70" h="3320" lang="fr" source="google" w="3325" x="5208.6" y="165.6">textile</contenuImg>
            <contenuImg CS="0.50" lang="fr" source="google">rose (plante)</contenuImg>
            <contenuImg CS="0.56" lang="fr" source="google">modèle motif</contenuImg>
            <contenuImg CS="0.91" coul="1" h="3320" lang="fr" source="google" w="3325" x="5208.6" y="165.6">vert</contenuImg>
            <contenuImg CS="0.70" h="3320" lang="fr" source="google" w="3325" x="5208.6" y="165.6">plante</contenuImg>
            <contenuImg CS="0.69" h="3320" lang="fr" source="google" w="3325" x="5208.6" y="165.6">police de caractère</contenuImg>
            <contenuImg CS="0.64" lang="fr" source="google">fleur</contenuImg>
            <contenuImg CS="0.56" lang="fr" source="google">modèle</contenuImg>
            <contenuImg CS="0.50" lang="fr" source="google">rectangle</contenuImg>
            <contenuImg CS="0.40" coul="1" lang="fr" source="google">gris ardoise foncé</contenuImg>
            <contenuImg CS="0.21" coul="1" lang="fr" source="google">saumon</contenuImg>
            <contenuImg CS="0.16" coul="1" lang="fr" source="google">vieux rose</contenuImg>
            <contenuImg CS="0.39" coul="1" lang="fr" source="google">rose</contenuImg>
            <contenuImg CS="0.34" coul="1" lang="fr" source="google">vert foncé</contenuImg>
            <contenuImg CS="0.27" coul="1" lang="fr" source="google">chocolat à pâtisser</contenuImg>
            <contenuImg b="26" coul="1" g="33" r="26" source="colorific" type="bkg">#1a211a</contenuImg>
            <contenuImg b="255" coul="1" g="255" ordre="5" r="255" source="colorific" type="frg">#ffffff</contenuImg>
            <contenuImg b="28" coul="1" g="34" ordre="4" r="51" source="colorific" type="frg">#33221c</contenuImg>
            <contenuImg b="74" coul="1" g="90" ordre="3" r="96" source="colorific" type="frg">#605a4a</contenuImg>
            <contenuImg b="101" coul="1" g="126" ordre="2" r="78" source="colorific" type="frg">#4e7e65</contenuImg>
            <contenuImg b="91" coul="1" g="95" ordre="1" r="118" source="colorific" type="frg">#765f5b</contenuImg>
            <contenuImg CS="1.0" lang="en" source="md">decorative patterns</contenuImg>
            <contenuImg CS="1.0" lang="en" source="md">Greek (ornament)</contenuImg>
            <contenuImg CS="1.0" lang="en" source="md">roses (flowers)</contenuImg>
            <contenuImg CS="1.0" lang="en" source="md">curly</contenuImg>
            <contenuImg CS="0.27" coul="1" lang="en" source="google">bakerschocolate</contenuImg>
            <contenuImg CS="0.34" coul="1" lang="en" source="google">darkgreen</contenuImg>
            <contenuImg CS="0.37" coul="1" lang="en" source="google">darkgreen</contenuImg>
            <contenuImg CS="0.39" coul="1" lang="en" source="google">pink</contenuImg>
            <contenuImg CS="0.16" coul="1" lang="en" source="google">dustyrose</contenuImg>
            <contenuImg CS="0.21" coul="1" lang="en" source="google">salmon</contenuImg>
            <contenuImg CS="0.40" coul="1" lang="en" source="google">darkslategrey</contenuImg>
            <contenuImg CS="1.13" coul="1" lang="en" source="google">pink</contenuImg>
            <contenuImg CS="0.50" coul="1" lang="en" source="google">Rose</contenuImg>
            <contenuImg CS="0.50" lang="en" source="google">Rectangle</contenuImg>
            <contenuImg CS="0.56" lang="en" source="google">Pattern</contenuImg>
            <contenuImg CS="0.64" lang="en" source="google">Flower</contenuImg>
            <contenuImg CS="0.69" h="3320" lang="en" source="google" w="3325" x="5208.6" y="165.6">Font</contenuImg>
            <contenuImg CS="0.70" h="3320" lang="en" source="google" w="3325" x="5208.6" y="165.6">Plant</contenuImg>
            <contenuImg CS="0.70" h="3320" lang="en" source="google" w="3325" x="5208.6" y="165.6">Textile</contenuImg>
            <contenuImg CS="0.91" coul="1" h="3320" lang="en" source="google" w="3325" x="5208.6" y="165.6">Green</contenuImg>
            <tech source="final">estampe/gravure</tech>
            <fonction source="md">papier-peint</fonction>
            <fonction source="final">papier-peint</fonction>
            <tech CS="1" source="hm">estampe/gravure</tech>
            <theme CS="1" source="md">0</theme>
            <contenuImg CS="1.0" lang="fr" source="md">Frises</contenuImg>
            <contenuImg CS="1.0" lang="fr" source="md">Roses</contenuImg>
            <contenuImg CS="1.0" lang="fr" source="md">Grecques (ornement)</contenuImg>
            <contenuImg CS="1.0" lang="fr" source="md">Motifs décoratifs</contenuImg>
            <titraille>Bordure : papier peint</titraille>
          </ill>
        </ills>
      </page>
    </pages>
  </contenus>
</analyseAlto>