<analyseAlto>
  <metad>
    <type>I</type>
    <ID>btv1b6901515b</ID>
    <titre>Papier à motif répétitif : papier peint</titre>
    <dateEdition>1799</dateEdition>
    <auteur>inconnu</auteur>
    <lang>fre</lang>
    <source>Bibliothèque nationale de France, département Estampes et photographie, EST LI-19</source>
    <sujet>Rayures (ornements) -- Textiles et tissus -- Feuilles stylisées (ornement) -- Motifs décoratifs</sujet>
    <descr>Appartient à l’ensemble documentaire : PaPeint18 -- Papier peint</descr>
    <format>inconnu</format>
    <couverture>inconnu</couverture>
    <largeurPx>6344</largeurPx>
    <hauteurPx>5216</hauteurPx>
    <ocr>false</ocr>
    <toc>false</toc>
    <caption>false</caption>
    <nbPage>1</nbPage>
  </metad>
  <contenus ocr="false" toc="false">
    <largeur>268</largeur>
    <hauteur>220</hauteur>
    <largeurPx>6344</largeurPx>
    <hauteurPx>5216</hauteurPx>
    <pages>
      <page ordre="1">
        <blocIll ocr="1">1</blocIll>
        <ills>
          <ill classif="CCgoogle" couleur="coul" h="5216" hash="602df22f5235ef60" n="1-1" taille="15" w="6344" x="1" y="1">
            <contenuImg CS="0.73" lang="fr" source="google">conception</contenuImg>
            <contenuImg CS="0.68" lang="fr" source="google">textile</contenuImg>
            <tech source="final">estampe/gravure</tech>
            <fonction source="md">papier-peint</fonction>
            <fonction source="final">papier-peint</fonction>
            <tech CS="1" source="md">estampe/gravure</tech>
            <contenuImg CS="0.58" lang="fr" source="google">pédicelle</contenuImg>
            <contenuImg CS="0.75" lang="fr" source="google">modèle motif</contenuImg>
            <contenuImg CS="0.26" coul="1" lang="fr" source="google">vert moyen</contenuImg>
            <contenuImg CS="0.86" h="3510" lang="fr" source="google" w="1966" x="1489.4" y="521.6">pêche</contenuImg>
            <contenuImg CS="0.84" coul="1" h="3510" lang="fr" source="google" w="1966" x="1489.4" y="521.6">rose</contenuImg>
            <contenuImg CS="0.82" coul="1" h="3510" lang="fr" source="google" w="1966" x="1489.4" y="521.6">marron</contenuImg>
            <contenuImg CS="0.77" lang="fr" source="google">ligne</contenuImg>
            <contenuImg CS="0.75" lang="fr" source="google">modèle</contenuImg>
            <contenuImg CS="0.73" lang="fr" source="google">design</contenuImg>
            <contenuImg CS="0.62" lang="fr" source="google">plante</contenuImg>
            <contenuImg CS="0.36" coul="1" lang="fr" source="google">bronze</contenuImg>
            <contenuImg CS="0.30" coul="1" lang="fr" source="google">brun foncé</contenuImg>
            <contenuImg CS="0.29" coul="1" lang="fr" source="google">vert cuivre foncé</contenuImg>
            <contenuImg CS="0.30" coul="1" lang="fr" source="google">vert foncé</contenuImg>
            <contenuImg CS="0.26" coul="1" lang="fr" source="google">beige pâle</contenuImg>
            <contenuImg b="118" coul="1" g="140" r="216" source="colorific" type="bkg">#d88c76</contenuImg>
            <contenuImg b="0" coul="1" g="0" ordre="6" r="0" source="colorific" type="frg">#000000</contenuImg>
            <contenuImg b="255" coul="1" g="255" ordre="5" r="255" source="colorific" type="frg">#ffffff</contenuImg>
            <contenuImg b="56" coul="1" g="59" ordre="4" r="38" source="colorific" type="frg">#263b38</contenuImg>
            <contenuImg b="94" coul="1" g="108" ordre="3" r="136" source="colorific" type="frg">#886c5e</contenuImg>
            <contenuImg b="102" coul="1" g="120" ordre="2" r="109" source="colorific" type="frg">#6d7866</contenuImg>
            <contenuImg b="190" coul="1" g="203" ordre="1" r="241" source="colorific" type="frg">#f1cbbe</contenuImg>
            <contenuImg CS="1.0" lang="en" source="md">decorative patterns</contenuImg>
            <contenuImg CS="1.0" lang="en" source="md">stylized leaves (ornament)</contenuImg>
            <contenuImg CS="1.0" lang="en" source="md">textiles and fabrics</contenuImg>
            <contenuImg CS="1.0" lang="en" source="md">stripes (ornaments)</contenuImg>
            <contenuImg CS="0.26" coul="1" lang="en" source="google">newtan</contenuImg>
            <contenuImg CS="0.26" coul="1" lang="en" source="google">mediumseagreen</contenuImg>
            <contenuImg CS="0.30" coul="1" lang="en" source="google">darkgreen</contenuImg>
            <contenuImg CS="0.29" coul="1" lang="en" source="google">darkgreencopper</contenuImg>
            <contenuImg CS="0.30" coul="1" lang="en" source="google">darktan</contenuImg>
            <contenuImg CS="0.36" coul="1" lang="en" source="google">bronze</contenuImg>
            <contenuImg CS="0.58" lang="en" source="google">Pedicel</contenuImg>
            <contenuImg CS="0.62" lang="en" source="google">Plant</contenuImg>
            <contenuImg CS="0.68" lang="en" source="google">Textile</contenuImg>
            <contenuImg CS="0.73" lang="en" source="google">Design</contenuImg>
            <contenuImg CS="0.75" lang="en" source="google">Pattern</contenuImg>
            <contenuImg CS="0.77" lang="en" source="google">Line</contenuImg>
            <contenuImg CS="0.82" coul="1" h="3510" lang="en" source="google" w="1966" x="1489.4" y="521.6">Brown</contenuImg>
            <contenuImg CS="0.84" coul="1" h="3510" lang="en" source="google" w="1966" x="1489.4" y="521.6">Pink</contenuImg>
            <contenuImg CS="0.86" h="3510" lang="en" source="google" w="1966" x="1489.4" y="521.6">Peach</contenuImg>
            <contenuImg CS="0.91" h="3510" lang="en" source="google" w="1966" x="1489.4" y="521.6">Pattern</contenuImg>
            <theme CS="1" source="md">0</theme>
            <contenuImg CS="1.0" lang="fr" source="md">Rayures (ornements)</contenuImg>
            <contenuImg CS="1.0" lang="fr" source="md">Textiles et tissus</contenuImg>
            <contenuImg CS="1.0" lang="fr" source="md">Feuilles stylisées (ornement)</contenuImg>
            <contenuImg CS="1.0" lang="fr" source="md">Motifs décoratifs</contenuImg>
            <titraille>Papier à motif répétitif : papier peint</titraille>
          </ill>
        </ills>
      </page>
    </pages>
  </contenus>
</analyseAlto>