<analyseAlto>
  <metad>
    <type>I</type>
    <ID>btv1b6900163q</ID>
    <titre>Manufacture Chapillon. Bordure. Une bande de frise principale de motifs végétaux de fantaisie et tiges de fleurs stylisées : papier peint</titre>
    <dateEdition>1801</dateEdition>
    <auteur>inconnu</auteur>
    <lang>fre</lang>
    <source>Bibliothèque nationale de France, département Estampes et photographie, EST LI-23</source>
    <sujet>Frises -- Végétaux de fantaisie -- Fleurs stylisées (ornement) -- Rangs de perles (ornement) -- Olives (ornement) -- Motifs décoratifs -- 1800-1869</sujet>
    <descr>Appartient à l’ensemble documentaire : PaPeint18 -- Papier peint</descr>
    <format>inconnu</format>
    <couverture>inconnu</couverture>
    <largeurPx>3672</largeurPx>
    <hauteurPx>1816</hauteurPx>
    <ocr>false</ocr>
    <toc>false</toc>
    <caption>false</caption>
    <nbPage>1</nbPage>
  </metad>
  <contenus ocr="false" toc="false">
    <largeur>155</largeur>
    <hauteur>76</hauteur>
    <largeurPx>3672</largeurPx>
    <hauteurPx>1816</hauteurPx>
    <pages>
      <page ordre="1">
        <blocIll ocr="1">1</blocIll>
        <ills>
          <ill classif="CCgoogle" couleur="coul" h="1816" hash="00ffffb67d3d0000" n="1-1" taille="3" w="3672" x="1" y="1">
            <contenuImg CS="0.68" h="3320" lang="fr" source="google" w="3325" x="2381.2" y="181.6">magenta</contenuImg>
            <contenuImg CS="0.54" lang="fr" source="google">graffiti</contenuImg>
            <contenuImg CS="0.26" coul="1" lang="fr" source="google">vert moyen</contenuImg>
            <contenuImg CS="0.85" h="3320" lang="fr" source="google" w="3325" x="2381.2" y="181.6">art</contenuImg>
            <contenuImg CS="0.77" h="3320" lang="fr" source="google" w="3325" x="2381.2" y="181.6">arts visuels</contenuImg>
            <contenuImg CS="0.59" lang="fr" source="google">plante</contenuImg>
            <contenuImg CS="0.50" lang="fr" source="google">illustration</contenuImg>
            <contenuImg CS="0.38" coul="1" lang="fr" source="google">noir</contenuImg>
            <contenuImg CS="0.11" coul="1" lang="fr" source="google">gris foncé</contenuImg>
            <contenuImg CS="0.75" coul="1" lang="fr" source="google">vert cuivre foncé</contenuImg>
            <contenuImg CS="0.24" coul="1" lang="fr" source="google">rose</contenuImg>
            <contenuImg CS="0.24" coul="1" lang="fr" source="google">bleu clair</contenuImg>
            <contenuImg b="18" coul="1" g="29" ordre="6" r="12" source="colorific" type="frg">#0c1d12</contenuImg>
            <contenuImg b="144" coul="1" g="148" ordre="5" r="159" source="colorific" type="frg">#9f9490</contenuImg>
            <contenuImg b="98" coul="1" g="89" ordre="4" r="137" source="colorific" type="frg">#895962</contenuImg>
            <contenuImg b="48" coul="1" g="52" ordre="3" r="56" source="colorific" type="frg">#383430</contenuImg>
            <contenuImg b="0" coul="1" g="0" ordre="2" r="0" source="colorific" type="frg">#000000</contenuImg>
            <contenuImg b="66" coul="1" g="76" ordre="1" r="63" source="colorific" type="frg">#3f4c42</contenuImg>
            <contenuImg CS="1.0" lang="en" source="md">decorative patterns - 1800-1869</contenuImg>
            <contenuImg CS="1.0" lang="en" source="md">Olives (ornament)</contenuImg>
            <contenuImg CS="1.0" lang="en" source="md">rows of pearls (ornament)</contenuImg>
            <contenuImg CS="1.0" lang="en" source="md">stylized flowers (ornament)</contenuImg>
            <contenuImg CS="1.0" lang="en" source="md">fancy plants</contenuImg>
            <contenuImg CS="1.0" lang="en" source="md">curly</contenuImg>
            <contenuImg CS="0.24" coul="1" lang="en" source="google">lightsteelblue</contenuImg>
            <contenuImg CS="0.24" coul="1" lang="en" source="google">pink</contenuImg>
            <contenuImg CS="0.26" coul="1" lang="en" source="google">mediumseagreen</contenuImg>
            <contenuImg CS="0.75" coul="1" lang="en" source="google">darkgreencopper</contenuImg>
            <contenuImg CS="0.11" coul="1" lang="en" source="google">darkgray</contenuImg>
            <contenuImg CS="0.38" coul="1" lang="en" source="google">black</contenuImg>
            <contenuImg CS="0.94" coul="1" lang="en" source="google">darkgreencopper</contenuImg>
            <contenuImg CS="0.50" lang="en" source="google">Illustration</contenuImg>
            <contenuImg CS="0.54" lang="en" source="google">Graffiti</contenuImg>
            <contenuImg CS="0.59" lang="en" source="google">Plant</contenuImg>
            <contenuImg CS="0.68" h="3320" lang="en" source="google" w="3325" x="2381.2" y="181.6">Magenta</contenuImg>
            <contenuImg CS="0.77" h="3320" lang="en" source="google" w="3325" x="2381.2" y="181.6">Visual arts</contenuImg>
            <contenuImg CS="0.85" h="3320" lang="en" source="google" w="3325" x="2381.2" y="181.6">Art</contenuImg>
            <contenuImg CS="0.88" coul="1" h="3320" lang="en" source="google" w="3325" x="2381.2" y="181.6">Pink</contenuImg>
            <tech source="final">estampe/gravure</tech>
            <fonction source="md">papier-peint</fonction>
            <fonction source="final">papier-peint</fonction>
            <tech CS="1" source="hm">estampe/gravure</tech>
            <theme CS="1" source="md">0</theme>
            <contenuImg CS="1.0" lang="fr" source="md">Frises</contenuImg>
            <contenuImg CS="1.0" lang="fr" source="md">Végétaux de fantaisie</contenuImg>
            <contenuImg CS="1.0" lang="fr" source="md">Fleurs stylisées (ornement)</contenuImg>
            <contenuImg CS="1.0" lang="fr" source="md">Rangs de perles (ornement)</contenuImg>
            <contenuImg CS="1.0" lang="fr" source="md">Olives (ornement)</contenuImg>
            <contenuImg CS="1.0" lang="fr" source="md">Motifs décoratifs -- 1800-1869</contenuImg>
            <titraille>Manufacture Chapillon. Bordure. Une bande de frise principale de motifs végétaux de fantaisie et tiges de fleurs stylisées : papier peint</titraille>
          </ill>
        </ills>
      </page>
    </pages>
  </contenus>
</analyseAlto>