<analyseAlto>
  <metad>
    <type>I</type>
    <ID>btv1b6900544r</ID>
    <titre>Papier à motif répétitif : papier peint</titre>
    <dateEdition>1800</dateEdition>
    <auteur>inconnu</auteur>
    <lang>fre</lang>
    <source>Bibliothèque nationale de France</source>
    <sujet>Ornements géométriques -- Étoiles -- Bandes -- Losanges (ornement) -- Dents-de-loup (ornement) -- Motifs décoratifs</sujet>
    <descr>Appartient à l’ensemble documentaire : PaPeint18 -- Papier peint</descr>
    <format>inconnu</format>
    <couverture>inconnu</couverture>
    <largeurPx>5312</largeurPx>
    <hauteurPx>6752</hauteurPx>
    <ocr>false</ocr>
    <toc>false</toc>
    <nbPage>1</nbPage>
  </metad>
  <contenus ocr="false" toc="false">
    <largeur>224</largeur>
    <hauteur>285</hauteur>
    <largeurPx>5312</largeurPx>
    <hauteurPx>6752</hauteurPx>
    <pages>
      <page ordre="1">
        <blocIll ocr="1">1</blocIll>
        <ills>
          <ill classif="CCgoogle" couleur="coul" h="6752" hash="ffe30d6b00630d63" n="1-1" taille="16" w="5312" x="1" y="1">
            <contenuImg CS="0.74" lang="fr" source="google">conception</contenuImg>
            <contenuImg CS="0.90" h="1900" lang="fr" source="google" w="3358" x="531.2" y="675.2">modèle motif</contenuImg>
            <contenuImg CS="0.20" coul="1" lang="fr" source="google">vert moyen</contenuImg>
            <contenuImg CS="0.90" h="1900" lang="fr" source="google" w="3358" x="531.2" y="675.2">modèle</contenuImg>
            <contenuImg CS="0.82" coul="1" h="1900" lang="fr" source="google" w="3358" x="531.2" y="675.2">bleu canard</contenuImg>
            <contenuImg CS="0.79" h="1900" lang="fr" source="google" w="3358" x="531.2" y="675.2">ligne</contenuImg>
            <contenuImg CS="0.74" lang="fr" source="google">design</contenuImg>
            <contenuImg CS="0.59" coul="1" lang="fr" source="google">turquoise</contenuImg>
            <contenuImg CS="0.50" lang="fr" source="google">symétrie</contenuImg>
            <contenuImg CS="1.03" coul="1" lang="fr" source="google">brun foncé</contenuImg>
            <contenuImg CS="0.28" coul="1" lang="fr" source="google">noir</contenuImg>
            <contenuImg CS="0.15" coul="1" lang="fr" source="google">laiton</contenuImg>
            <contenuImg CS="0.60" coul="1" lang="fr" source="google">rose</contenuImg>
            <contenuImg CS="0.30" coul="1" lang="fr" source="google">gris clair</contenuImg>
            <contenuImg b="141" coul="1" g="198" r="224" source="colorific" type="bkg">#e0c68d</contenuImg>
            <contenuImg b="48" coul="1" g="53" ordre="6" r="69" source="colorific" type="frg">#453530</contenuImg>
            <contenuImg b="147" coul="1" g="173" ordre="5" r="128" source="colorific" type="frg">#80ad93</contenuImg>
            <contenuImg b="27" coul="1" g="42" ordre="4" r="38" source="colorific" type="frg">#262a1b</contenuImg>
            <contenuImg b="109" coul="1" g="136" ordre="3" r="167" source="colorific" type="frg">#a7886d</contenuImg>
            <contenuImg b="0" coul="1" g="0" ordre="2" r="0" source="colorific" type="frg">#000000</contenuImg>
            <contenuImg b="74" coul="1" g="83" ordre="1" r="118" source="colorific" type="frg">#76534a</contenuImg>
            <contenuImg CS="1.0" lang="en" source="md">decorative patterns</contenuImg>
            <contenuImg CS="1.0" lang="en" source="md">wolf's teeth (ornament)</contenuImg>
            <contenuImg CS="1.0" lang="en" source="md">rhombuses (ornament)</contenuImg>
            <contenuImg CS="1.0" lang="en" source="md">stripes</contenuImg>
            <contenuImg CS="1.0" lang="en" source="md">stars</contenuImg>
            <contenuImg CS="1.0" lang="en" source="md">geometric ornaments</contenuImg>
            <contenuImg CS="0.30" coul="1" lang="en" source="google">lightgrey</contenuImg>
            <contenuImg CS="0.60" coul="1" lang="en" source="google">pink</contenuImg>
            <contenuImg CS="0.15" coul="1" lang="en" source="google">brass</contenuImg>
            <contenuImg CS="0.20" coul="1" lang="en" source="google">mediumforestgreen</contenuImg>
            <contenuImg CS="0.28" coul="1" lang="en" source="google">black</contenuImg>
            <contenuImg CS="1.03" coul="1" lang="en" source="google">darktan</contenuImg>
            <contenuImg CS="0.50" lang="en" source="google">Symmetry</contenuImg>
            <contenuImg CS="0.59" coul="1" lang="en" source="google">Turquoise</contenuImg>
            <contenuImg CS="0.74" lang="en" source="google">Design</contenuImg>
            <contenuImg CS="0.79" h="1900" lang="en" source="google" w="3358" x="531.2" y="675.2">Line</contenuImg>
            <contenuImg CS="0.81" coul="1" h="1900" lang="en" source="google" w="3358" x="531.2" y="675.2">Turquoise</contenuImg>
            <contenuImg CS="0.82" coul="1" h="1900" lang="en" source="google" w="3358" x="531.2" y="675.2">Teal</contenuImg>
            <contenuImg CS="0.90" h="1900" lang="en" source="google" w="3358" x="531.2" y="675.2">Pattern</contenuImg>
            <tech source="final">estampe/gravure</tech>
            <fonction source="md">papier-peint</fonction>
            <fonction source="final">papier-peint</fonction>
            <tech CS="1" source="hm">estampe/gravure</tech>
            <theme CS="1" source="md">0</theme>
            <contenuImg CS="1.0" lang="fr" source="md">Ornements géométriques</contenuImg>
            <contenuImg CS="1.0" lang="fr" source="md">Étoiles</contenuImg>
            <contenuImg CS="1.0" lang="fr" source="md">Bandes</contenuImg>
            <contenuImg CS="1.0" lang="fr" source="md">Losanges (ornement)</contenuImg>
            <contenuImg CS="1.0" lang="fr" source="md">Dents-de-loup (ornement)</contenuImg>
            <contenuImg CS="1.0" lang="fr" source="md">Motifs décoratifs</contenuImg>
            <titraille>Papier à motif répétitif : papier peint</titraille>
          </ill>
        </ills>
      </page>
    </pages>
  </contenus>
</analyseAlto>