<analyseAlto>
  <metad>
    <type>I</type>
    <ID>btv1b6900601b</ID>
    <titre>Papier à motif répétitif : papier peint</titre>
    <dateEdition>1800</dateEdition>
    <auteur>inconnu</auteur>
    <lang>fre</lang>
    <source>Bibliothèque nationale de France</source>
    <sujet>Papier peint -- Textiles et tissus -- Volutes -- Chapiteaux -- Colonnes -- Épis de blé -- Arcades -- Culots (architecture) -- Bazin (tissu) -- Végétaux de fantaisie -- Festons -- Cones de pin -- Décoration et ornement architecturaux -- Motifs décoratifs</sujet>
    <descr>Appartient à l’ensemble documentaire : PaPeint18 -- Papier peint</descr>
    <format>inconnu</format>
    <couverture>inconnu</couverture>
    <largeurPx>7184</largeurPx>
    <hauteurPx>14784</hauteurPx>
    <ocr>false</ocr>
    <toc>false</toc>
    <nbPage>2</nbPage>
  </metad>
  <contenus ocr="false" toc="false">
    <largeur>304</largeur>
    <hauteur>625</hauteur>
    <largeurPx>7184</largeurPx>
    <hauteurPx>14784</hauteurPx>
    <pages>
      <page ordre="1">
        <blocIll ocr="1">1</blocIll>
        <ills>
          <ill classif="CCgoogle" couleur="coul" h="14784" hash="8324647e66667e66" n="1-1" taille="49" w="7184" x="1" y="1">
            <contenuImg CS="0.66" lang="fr" source="google">textile</contenuImg>
            <tech source="final">estampe/gravure</tech>
            <fonction source="md">papier-peint</fonction>
            <fonction source="final">papier-peint</fonction>
            <tech CS="1" source="md">estampe/gravure</tech>
            <contenuImg CS="0.80" h="1173" lang="fr" source="google" w="2075" x="718.4" y="3615.4">couverture</contenuImg>
            <contenuImg CS="0.68" lang="fr" source="google">motif</contenuImg>
            <contenuImg CS="0.84" h="1173" lang="fr" source="google" w="2075" x="718.4" y="3615.4">modèle motif</contenuImg>
            <contenuImg CS="0.91" coul="1" h="1173" lang="fr" source="google" w="2075" x="718.4" y="3615.4">marron</contenuImg>
            <contenuImg CS="0.84" h="1173" lang="fr" source="google" w="2075" x="718.4" y="3615.4">modèle</contenuImg>
            <contenuImg CS="0.69" h="1173" lang="fr" source="google" w="2075" x="718.4" y="3615.4">arts visuels</contenuImg>
            <contenuImg CS="0.50" lang="fr" source="google">art</contenuImg>
            <contenuImg CS="0.03" coul="1" lang="fr" source="google">morceaux de chocolat</contenuImg>
            <contenuImg CS="0.35" coul="1" lang="fr" source="google">chocolat à pâtisser</contenuImg>
            <contenuImg CS="0.12" coul="1" lang="fr" source="google">noir</contenuImg>
            <contenuImg b="19" coul="1" g="46" r="80" source="colorific" type="bkg">#502e13</contenuImg>
            <contenuImg b="8" coul="1" g="22" ordre="5" r="36" source="colorific" type="frg">#241608</contenuImg>
            <contenuImg b="57" coul="1" g="69" ordre="4" r="83" source="colorific" type="frg">#534539</contenuImg>
            <contenuImg b="97" coul="1" g="92" ordre="3" r="111" source="colorific" type="frg">#6f5c61</contenuImg>
            <contenuImg b="35" coul="1" g="43" ordre="2" r="41" source="colorific" type="frg">#292b23</contenuImg>
            <contenuImg b="0" coul="1" g="0" ordre="1" r="0" source="colorific" type="frg">#000000</contenuImg>
            <contenuImg CS="1.0" lang="en" source="md">decorative patterns</contenuImg>
            <contenuImg CS="1.0" lang="en" source="md">architectural decoration and ornament</contenuImg>
            <contenuImg CS="1.0" lang="en" source="md">pine Cones</contenuImg>
            <contenuImg CS="1.0" lang="en" source="md">scallops</contenuImg>
            <contenuImg CS="1.0" lang="en" source="md">fancy plants</contenuImg>
            <contenuImg CS="1.0" lang="en" source="md">bazin (fabric)</contenuImg>
            <contenuImg CS="1.0" lang="en" source="md">culots (architecture)</contenuImg>
            <contenuImg CS="1.0" lang="en" source="md">arcades</contenuImg>
            <contenuImg CS="1.0" lang="en" source="md">ears of wheat</contenuImg>
            <contenuImg CS="1.0" lang="en" source="md">columns</contenuImg>
            <contenuImg CS="1.0" lang="en" source="md">marquees</contenuImg>
            <contenuImg CS="1.0" lang="en" source="md">swirls</contenuImg>
            <contenuImg CS="1.0" lang="en" source="md">textiles and fabrics</contenuImg>
            <contenuImg CS="1.0" lang="en" source="md">wallpaper</contenuImg>
            <contenuImg CS="0.12" coul="1" lang="en" source="google">black</contenuImg>
            <contenuImg CS="0.35" coul="1" lang="en" source="google">bakerschocolate</contenuImg>
            <contenuImg CS="0.72" coul="1" lang="en" source="google">black</contenuImg>
            <contenuImg CS="1.15" coul="1" lang="en" source="google">bakerschocolate</contenuImg>
            <contenuImg CS="0.03" coul="1" lang="en" source="google">semisweetchocolate</contenuImg>
            <contenuImg CS="2.45" coul="1" lang="en" source="google">black</contenuImg>
            <contenuImg CS="0.50" lang="en" source="google">Art</contenuImg>
            <contenuImg CS="0.66" lang="en" source="google">Textile</contenuImg>
            <contenuImg CS="0.68" lang="en" source="google">Motif</contenuImg>
            <contenuImg CS="0.69" h="1173" lang="en" source="google" w="2075" x="718.4" y="3615.4">Visual arts</contenuImg>
            <contenuImg CS="0.80" h="1173" lang="en" source="google" w="2075" x="718.4" y="3615.4">Rug</contenuImg>
            <contenuImg CS="0.84" h="1173" lang="en" source="google" w="2075" x="718.4" y="3615.4">Pattern</contenuImg>
            <contenuImg CS="0.91" coul="1" h="1173" lang="en" source="google" w="2075" x="718.4" y="3615.4">Brown</contenuImg>
            <theme CS="1" source="md">0</theme>
            <contenuImg CS="1.0" lang="fr" source="md">Papier peint</contenuImg>
            <contenuImg CS="1.0" lang="fr" source="md">Textiles et tissus</contenuImg>
            <contenuImg CS="1.0" lang="fr" source="md">Volutes</contenuImg>
            <contenuImg CS="1.0" lang="fr" source="md">Chapiteaux</contenuImg>
            <contenuImg CS="1.0" lang="fr" source="md">Colonnes</contenuImg>
            <contenuImg CS="1.0" lang="fr" source="md">Épis de blé</contenuImg>
            <contenuImg CS="1.0" lang="fr" source="md">Arcades</contenuImg>
            <contenuImg CS="1.0" lang="fr" source="md">Culots (architecture)</contenuImg>
            <contenuImg CS="1.0" lang="fr" source="md">Bazin (tissu)</contenuImg>
            <contenuImg CS="1.0" lang="fr" source="md">Végétaux de fantaisie</contenuImg>
            <contenuImg CS="1.0" lang="fr" source="md">Festons</contenuImg>
            <contenuImg CS="1.0" lang="fr" source="md">Cones de pin</contenuImg>
            <contenuImg CS="1.0" lang="fr" source="md">Décoration et ornement architecturaux</contenuImg>
            <contenuImg CS="1.0" lang="fr" source="md">Motifs décoratifs</contenuImg>
            <titraille>Papier à motif répétitif : papier peint</titraille>
          </ill>
        </ills>
      </page>
      <page ordre="2">
        <blocIll ocr="1">1</blocIll>
        <ills>
          <ill classif="CCgoogle" couleur="coul" h="13544" hash="0024667ee6a2eeee" n="2-1" taille="49" w="6898" x="1" y="1">
            <contenuImg CS="0.75" h="1159" lang="fr" source="google" w="2052" x="689.8" y="3705.4">conception</contenuImg>
            <tech source="final">estampe/gravure</tech>
            <fonction source="md">papier-peint</fonction>
            <fonction source="final">papier-peint</fonction>
            <tech CS="1" source="md">estampe/gravure</tech>
            <contenuImg CS="0.58" h="1159" lang="fr" source="google" w="2052" x="689.8" y="3705.4">motif</contenuImg>
            <contenuImg CS="0.55" lang="fr" source="google">couverture</contenuImg>
            <contenuImg CS="0.88" h="1159" lang="fr" source="google" w="2052" x="689.8" y="3705.4">modèle motif</contenuImg>
            <contenuImg CS="0.26" coul="1" lang="fr" source="google">vert moyen</contenuImg>
            <contenuImg CS="0.88" h="1159" lang="fr" source="google" w="2052" x="689.8" y="3705.4">modèle</contenuImg>
            <contenuImg CS="0.75" h="1159" lang="fr" source="google" w="2052" x="689.8" y="3705.4">arts visuels</contenuImg>
            <contenuImg CS="0.75" h="1159" lang="fr" source="google" w="2052" x="689.8" y="3705.4">design</contenuImg>
            <contenuImg CS="0.50" lang="fr" source="google">illustration</contenuImg>
            <contenuImg CS="1.13" coul="1" lang="fr" source="google">vieil or</contenuImg>
            <contenuImg CS="0.45" coul="1" lang="fr" source="google">morceaux de chocolat</contenuImg>
            <contenuImg CS="0.30" coul="1" lang="fr" source="google">chocolat à pâtisser</contenuImg>
            <contenuImg b="81" coul="1" g="188" r="221" source="colorific" type="bkg">#ddbc51</contenuImg>
            <contenuImg b="127" coul="1" g="124" ordre="5" r="147" source="colorific" type="frg">#937c7f</contenuImg>
            <contenuImg b="77" coul="1" g="124" ordre="4" r="142" source="colorific" type="frg">#8e7c4d</contenuImg>
            <contenuImg b="102" coul="1" g="114" ordre="3" r="138" source="colorific" type="frg">#8a7266</contenuImg>
            <contenuImg b="20" coul="1" g="46" ordre="2" r="59" source="colorific" type="frg">#3b2e14</contenuImg>
            <contenuImg b="0" coul="1" g="0" ordre="1" r="0" source="colorific" type="frg">#000000</contenuImg>
            <contenuImg CS="1.0" lang="en" source="md">decorative patterns</contenuImg>
            <contenuImg CS="1.0" lang="en" source="md">architectural decoration and ornament</contenuImg>
            <contenuImg CS="1.0" lang="en" source="md">pine Cones</contenuImg>
            <contenuImg CS="1.0" lang="en" source="md">scallops</contenuImg>
            <contenuImg CS="1.0" lang="en" source="md">fancy plants</contenuImg>
            <contenuImg CS="1.0" lang="en" source="md">bazin (fabric)</contenuImg>
            <contenuImg CS="1.0" lang="en" source="md">culots (architecture)</contenuImg>
            <contenuImg CS="1.0" lang="en" source="md">arcades</contenuImg>
            <contenuImg CS="1.0" lang="en" source="md">ears of wheat</contenuImg>
            <contenuImg CS="1.0" lang="en" source="md">columns</contenuImg>
            <contenuImg CS="1.0" lang="en" source="md">marquees</contenuImg>
            <contenuImg CS="1.0" lang="en" source="md">swirls</contenuImg>
            <contenuImg CS="1.0" lang="en" source="md">textiles and fabrics</contenuImg>
            <contenuImg CS="1.0" lang="en" source="md">wallpaper</contenuImg>
            <contenuImg CS="0.26" coul="1" lang="en" source="google">mediumforestgreen</contenuImg>
            <contenuImg CS="0.30" coul="1" lang="en" source="google">bakerschocolate</contenuImg>
            <contenuImg CS="0.45" coul="1" lang="en" source="google">semisweetchocolate</contenuImg>
            <contenuImg CS="1.13" coul="1" lang="en" source="google">oldgold</contenuImg>
            <contenuImg CS="0.14" coul="1" lang="en" source="google">oldgold</contenuImg>
            <contenuImg CS="1.89" coul="1" lang="en" source="google">oldgold</contenuImg>
            <contenuImg CS="0.50" lang="en" source="google">Illustration</contenuImg>
            <contenuImg CS="0.55" lang="en" source="google">Rug</contenuImg>
            <contenuImg CS="0.58" h="1159" lang="en" source="google" w="2052" x="689.8" y="3705.4">Motif</contenuImg>
            <contenuImg CS="0.75" h="1159" lang="en" source="google" w="2052" x="689.8" y="3705.4">Design</contenuImg>
            <contenuImg CS="0.75" h="1159" lang="en" source="google" w="2052" x="689.8" y="3705.4">Visual arts</contenuImg>
            <contenuImg CS="0.88" h="1159" lang="en" source="google" w="2052" x="689.8" y="3705.4">Pattern</contenuImg>
            <theme CS="1" source="md">0</theme>
            <contenuImg CS="1.0" lang="fr" source="md">Papier peint</contenuImg>
            <contenuImg CS="1.0" lang="fr" source="md">Textiles et tissus</contenuImg>
            <contenuImg CS="1.0" lang="fr" source="md">Volutes</contenuImg>
            <contenuImg CS="1.0" lang="fr" source="md">Chapiteaux</contenuImg>
            <contenuImg CS="1.0" lang="fr" source="md">Colonnes</contenuImg>
            <contenuImg CS="1.0" lang="fr" source="md">Épis de blé</contenuImg>
            <contenuImg CS="1.0" lang="fr" source="md">Arcades</contenuImg>
            <contenuImg CS="1.0" lang="fr" source="md">Culots (architecture)</contenuImg>
            <contenuImg CS="1.0" lang="fr" source="md">Bazin (tissu)</contenuImg>
            <contenuImg CS="1.0" lang="fr" source="md">Végétaux de fantaisie</contenuImg>
            <contenuImg CS="1.0" lang="fr" source="md">Festons</contenuImg>
            <contenuImg CS="1.0" lang="fr" source="md">Cones de pin</contenuImg>
            <contenuImg CS="1.0" lang="fr" source="md">Décoration et ornement architecturaux</contenuImg>
            <contenuImg CS="1.0" lang="fr" source="md">Motifs décoratifs</contenuImg>
            <titraille>Papier à motif répétitif : papier peint</titraille>
          </ill>
        </ills>
      </page>
    </pages>
  </contenus>
</analyseAlto>