<analyseAlto>
  <metad>
    <type>I</type>
    <ID>btv1b6900855k</ID>
    <titre>Bordure : papier peint</titre>
    <dateEdition>1803</dateEdition>
    <auteur>Jacquemart et Bénard (Manufacture). Fonction indéterminée</auteur>
    <lang>fre</lang>
    <source>Bibliothèque nationale de France</source>
    <sujet>Frises -- Rangs de perles (ornement) -- Motifs décoratifs</sujet>
    <descr>Appartient à l’ensemble documentaire : PaPeint18 -- Papier peint</descr>
    <format>inconnu</format>
    <couverture>inconnu</couverture>
    <largeurPx>5216</largeurPx>
    <hauteurPx>1856</hauteurPx>
    <ocr>false</ocr>
    <toc>false</toc>
    <nbPage>1</nbPage>
  </metad>
  <contenus ocr="false" toc="false">
    <largeur>220</largeur>
    <hauteur>78</hauteur>
    <largeurPx>5216</largeurPx>
    <hauteurPx>1856</hauteurPx>
    <pages>
      <page ordre="1">
        <blocIll ocr="1">1</blocIll>
        <ills>
          <ill classif="CCgoogle" couleur="coul" h="1856" hash="ff0181818101ffff" n="1-1" taille="4" w="5216" x="1" y="1">
            <contenuImg CS="0.90" h="2978" lang="fr" source="google" w="1662" x="4363.6" y="356.6">magenta</contenuImg>
            <contenuImg CS="0.73" h="2978" lang="fr" source="google" w="1662" x="4363.6" y="356.6">textile</contenuImg>
            <contenuImg CS="0.71" lang="fr" source="google">modèle motif</contenuImg>
            <contenuImg CS="0.34" coul="1" lang="fr" source="google">marron très foncé</contenuImg>
            <contenuImg CS="0.20" coul="1" lang="fr" source="google">bleu acier</contenuImg>
            <contenuImg CS="0.93" coul="1" h="2978" lang="fr" source="google" w="1662" x="4363.6" y="356.6">rose</contenuImg>
            <contenuImg CS="0.77" h="2978" lang="fr" source="google" w="1662" x="4363.6" y="356.6">ligne</contenuImg>
            <contenuImg CS="0.71" lang="fr" source="google">modèle</contenuImg>
            <contenuImg CS="0.70" lang="fr" source="google">rectangle</contenuImg>
            <contenuImg CS="0.48" coul="1" lang="fr" source="google">saumon</contenuImg>
            <contenuImg CS="0.37" coul="1" lang="fr" source="google">vieux rose</contenuImg>
            <contenuImg CS="0.34" coul="1" lang="fr" source="google">verydarkbrown</contenuImg>
            <contenuImg CS="0.28" coul="1" lang="fr" source="google">vert foncé</contenuImg>
            <contenuImg CS="0.27" coul="1" lang="fr" source="google">noir</contenuImg>
            <contenuImg b="132" coul="1" g="111" r="166" source="colorific" type="bkg">#a66f84</contenuImg>
            <contenuImg b="0" coul="1" g="0" ordre="3" r="0" source="colorific" type="frg">#000000</contenuImg>
            <contenuImg b="111" coul="1" g="105" ordre="2" r="70" source="colorific" type="frg">#46696f</contenuImg>
            <contenuImg b="30" coul="1" g="32" ordre="1" r="32" source="colorific" type="frg">#20201e</contenuImg>
            <contenuImg CS="1.0" lang="en" source="md">decorative patterns</contenuImg>
            <contenuImg CS="1.0" lang="en" source="md">rows of pearls (ornament)</contenuImg>
            <contenuImg CS="1.0" lang="en" source="md">curly</contenuImg>
            <contenuImg CS="0.20" coul="1" lang="en" source="google">steelblue</contenuImg>
            <contenuImg CS="0.27" coul="1" lang="en" source="google">black</contenuImg>
            <contenuImg CS="0.28" coul="1" lang="en" source="google">darkgreen</contenuImg>
            <contenuImg CS="0.32" coul="1" lang="en" source="google">darkgreen</contenuImg>
            <contenuImg CS="0.34" coul="1" lang="en" source="google">verydarkbrown</contenuImg>
            <contenuImg CS="0.37" coul="1" lang="en" source="google">dustyrose</contenuImg>
            <contenuImg CS="0.48" coul="1" lang="en" source="google">salmon</contenuImg>
            <contenuImg CS="2.15" coul="1" lang="en" source="google">black</contenuImg>
            <contenuImg CS="0.70" lang="en" source="google">Rectangle</contenuImg>
            <contenuImg CS="0.71" lang="en" source="google">Pattern</contenuImg>
            <contenuImg CS="0.73" h="2978" lang="en" source="google" w="1662" x="4363.6" y="356.6">Textile</contenuImg>
            <contenuImg CS="0.77" h="2978" lang="en" source="google" w="1662" x="4363.6" y="356.6">Line</contenuImg>
            <contenuImg CS="0.90" h="2978" lang="en" source="google" w="1662" x="4363.6" y="356.6">Magenta</contenuImg>
            <contenuImg CS="0.93" coul="1" h="2978" lang="en" source="google" w="1662" x="4363.6" y="356.6">Pink</contenuImg>
            <tech source="final">estampe/gravure</tech>
            <fonction source="md">papier-peint</fonction>
            <fonction source="final">papier-peint</fonction>
            <tech CS="1" source="hm">estampe/gravure</tech>
            <theme CS="1" source="md">0</theme>
            <contenuImg CS="1.0" lang="fr" source="md">Frises</contenuImg>
            <contenuImg CS="1.0" lang="fr" source="md">Rangs de perles (ornement)</contenuImg>
            <contenuImg CS="1.0" lang="fr" source="md">Motifs décoratifs</contenuImg>
            <titraille>Bordure : papier peint</titraille>
          </ill>
        </ills>
      </page>
    </pages>
  </contenus>
</analyseAlto>