<analyseAlto>
  <metad>
    <type>I</type>
    <ID>btv1b69015108</ID>
    <titre>Papier à motif répétitif : papier peint</titre>
    <dateEdition>1799</dateEdition>
    <auteur>inconnu</auteur>
    <lang>fre</lang>
    <source>Bibliothèque nationale de France, département Estampes et photographie, EST LI-19</source>
    <sujet>Ornements géométriques -- Rayures (ornements) -- Bandes -- Motifs décoratifs</sujet>
    <descr>Appartient à l’ensemble documentaire : PaPeint18 -- Papier peint</descr>
    <format>inconnu</format>
    <couverture>inconnu</couverture>
    <largeurPx>6344</largeurPx>
    <hauteurPx>7392</hauteurPx>
    <ocr>false</ocr>
    <toc>false</toc>
    <caption>false</caption>
    <nbPage>1</nbPage>
  </metad>
  <contenus ocr="false" toc="false">
    <largeur>268</largeur>
    <hauteur>312</hauteur>
    <largeurPx>6344</largeurPx>
    <hauteurPx>7392</hauteurPx>
    <pages>
      <page ordre="1">
        <blocIll ocr="1">1</blocIll>
        <ills>
          <ill classif="CCgoogle" couleur="coul" h="7392" hash="81fffbdbd1818180" n="1-1" taille="21" w="6344" x="1" y="1">
            <contenuImg CS="0.54" h="1952" lang="fr" source="google" w="3462" x="833.4" y="739.2">modèle motif</contenuImg>
            <contenuImg CS="0.75" h="1952" lang="fr" source="google" w="3462" x="833.4" y="739.2">ligne</contenuImg>
            <contenuImg CS="0.54" h="1952" lang="fr" source="google" w="3462" x="833.4" y="739.2">modèle</contenuImg>
            <contenuImg CS="0.51" h="1952" lang="fr" source="google" w="3462" x="833.4" y="739.2">métal</contenuImg>
            <contenuImg CS="2.15" coul="1" lang="fr" source="google">bleu cadet</contenuImg>
            <contenuImg CS="1.70" coul="1" lang="fr" source="google">gris foncé</contenuImg>
            <contenuImg CS="0.68" coul="1" lang="fr" source="google">vert cuivre foncé</contenuImg>
            <contenuImg CS="0.17" coul="1" lang="fr" source="google">argent</contenuImg>
            <contenuImg CS="0.13" coul="1" lang="fr" source="google">gris</contenuImg>
            <contenuImg CS="0.12" coul="1" lang="fr" source="google">bleu clair</contenuImg>
            <contenuImg CS="0.04" coul="1" lang="fr" source="google">quartz</contenuImg>
            <contenuImg b="190" coul="1" g="173" r="154" source="colorific" type="bkg">#9aadbe</contenuImg>
            <contenuImg b="52" coul="1" g="37" ordre="3" r="23" source="colorific" type="frg">#172534</contenuImg>
            <contenuImg b="116" coul="1" g="100" ordre="2" r="86" source="colorific" type="frg">#566474</contenuImg>
            <contenuImg b="255" coul="1" g="255" ordre="1" r="255" source="colorific" type="frg">#ffffff</contenuImg>
            <contenuImg CS="1.0" lang="en" source="md">decorative patterns</contenuImg>
            <contenuImg CS="1.0" lang="en" source="md">stripes</contenuImg>
            <contenuImg CS="1.0" lang="en" source="md">stripes (ornaments)</contenuImg>
            <contenuImg CS="1.0" lang="en" source="md">geometric ornaments</contenuImg>
            <contenuImg CS="0.04" coul="1" lang="en" source="google">quartz</contenuImg>
            <contenuImg CS="0.12" coul="1" lang="en" source="google">lightblue</contenuImg>
            <contenuImg CS="0.13" coul="1" lang="en" source="google">gray</contenuImg>
            <contenuImg CS="0.17" coul="1" lang="en" source="google">silver</contenuImg>
            <contenuImg CS="0.68" coul="1" lang="en" source="google">darkgreencopper</contenuImg>
            <contenuImg CS="1.70" coul="1" lang="en" source="google">darkgray</contenuImg>
            <contenuImg CS="2.15" coul="1" lang="en" source="google">cadetblue</contenuImg>
            <contenuImg CS="0.51" h="1952" lang="en" source="google" w="3462" x="833.4" y="739.2">Metal</contenuImg>
            <contenuImg CS="0.54" h="1952" lang="en" source="google" w="3462" x="833.4" y="739.2">Pattern</contenuImg>
            <contenuImg CS="0.75" h="1952" lang="en" source="google" w="3462" x="833.4" y="739.2">Line</contenuImg>
            <contenuImg CS="0.79" h="1952" lang="en" source="google" w="3462" x="833.4" y="739.2">Pattern</contenuImg>
            <tech source="final">estampe/gravure</tech>
            <fonction source="md">papier-peint</fonction>
            <fonction source="final">papier-peint</fonction>
            <tech CS="1" source="hm">estampe/gravure</tech>
            <theme CS="1" source="md">0</theme>
            <contenuImg CS="1.0" lang="fr" source="md">Ornements géométriques</contenuImg>
            <contenuImg CS="1.0" lang="fr" source="md">Rayures (ornements)</contenuImg>
            <contenuImg CS="1.0" lang="fr" source="md">Bandes</contenuImg>
            <contenuImg CS="1.0" lang="fr" source="md">Motifs décoratifs</contenuImg>
            <titraille>Papier à motif répétitif : papier peint</titraille>
          </ill>
        </ills>
      </page>
    </pages>
  </contenus>
</analyseAlto>