<analyseAlto>
  <metad>
    <type>I</type>
    <ID>btv1b69009496</ID>
    <titre>Papier à motif répétitif : papier peint / Cognez</titre>
    <dateEdition>1800</dateEdition>
    <auteur>Cognez (17..-18..   dessinateur de papier peint). Dessinateur</auteur>
    <lang>fre</lang>
    <source>Bibliothèque nationale de France, département Estampes et photographie, EST LI-20</source>
    <sujet>Ornements géométriques -- Rayures (ornements) -- Losanges (ornement) -- Motifs décoratifs</sujet>
    <descr>Appartient à l’ensemble documentaire : PaPeint18 -- Papier peint</descr>
    <format>inconnu</format>
    <couverture>inconnu</couverture>
    <largeurPx>3032</largeurPx>
    <hauteurPx>5440</hauteurPx>
    <ocr>false</ocr>
    <toc>false</toc>
    <caption>false</caption>
    <nbPage>1</nbPage>
  </metad>
  <contenus ocr="false" toc="false">
    <largeur>128</largeur>
    <hauteur>230</hauteur>
    <largeurPx>3032</largeurPx>
    <hauteurPx>5440</hauteurPx>
    <pages>
      <page ordre="1">
        <blocIll ocr="1">1</blocIll>
        <ills>
          <ill classif="CCgoogle" couleur="coul" h="5440" hash="03efb7c7c0ffc000" n="1-1" taille="7" w="3032" x="1" y="1">
            <contenuImg CS="0.00" coul="1" lang="fr" source="google">bronze</contenuImg>
            <contenuImg CS="0.50" lang="fr" source="google">modèle motif</contenuImg>
            <contenuImg CS="0.81" h="1876" lang="fr" source="google" w="3320" x="303.2" y="544">or</contenuImg>
            <contenuImg CS="0.81" h="1876" lang="fr" source="google" w="3320" x="303.2" y="544">ligne</contenuImg>
            <contenuImg CS="0.79" h="1876" lang="fr" source="google" w="3320" x="303.2" y="544">métal</contenuImg>
            <contenuImg CS="0.65" lang="fr" source="google">architecture</contenuImg>
            <contenuImg CS="0.55" coul="1" lang="fr" source="google">beige</contenuImg>
            <contenuImg CS="0.50" lang="fr" source="google">modèle</contenuImg>
            <contenuImg CS="0.57" coul="1" lang="fr" source="google">laiton</contenuImg>
            <contenuImg CS="0.41" coul="1" lang="fr" source="google">beige pâle</contenuImg>
            <contenuImg CS="0.16" coul="1" lang="fr" source="google">morceaux de chocolat</contenuImg>
            <contenuImg CS="0.11" coul="1" lang="fr" source="google">gerbe d'or (Solidago)</contenuImg>
            <contenuImg CS="0.10" coul="1" lang="fr" source="google">gris clair</contenuImg>
            <contenuImg CS="0.01" coul="1" lang="fr" source="google">chocolat à pâtisser</contenuImg>
            <contenuImg b="109" coul="1" g="182" r="201" source="colorific" type="bkg">#c9b66d</contenuImg>
            <contenuImg b="255" coul="1" g="255" ordre="5" r="255" source="colorific" type="frg">#ffffff</contenuImg>
            <contenuImg b="23" coul="1" g="40" ordre="4" r="23" source="colorific" type="frg">#172817</contenuImg>
            <contenuImg b="56" coul="1" g="103" ordre="3" r="113" source="colorific" type="frg">#716738</contenuImg>
            <contenuImg b="14" coul="1" g="44" ordre="2" r="55" source="colorific" type="frg">#372c0e</contenuImg>
            <contenuImg b="181" coul="1" g="219" ordre="1" r="233" source="colorific" type="frg">#e9dbb5</contenuImg>
            <contenuImg CS="1.0" lang="en" source="md">decorative patterns</contenuImg>
            <contenuImg CS="1.0" lang="en" source="md">rhombuses (ornament)</contenuImg>
            <contenuImg CS="1.0" lang="en" source="md">stripes (ornaments)</contenuImg>
            <contenuImg CS="1.0" lang="en" source="md">geometric ornaments</contenuImg>
            <contenuImg CS="0.00" coul="1" lang="en" source="google">bronzeii</contenuImg>
            <contenuImg CS="0.01" coul="1" lang="en" source="google">bakerschocolate</contenuImg>
            <contenuImg CS="0.10" coul="1" lang="en" source="google">lightgrey</contenuImg>
            <contenuImg CS="0.11" coul="1" lang="en" source="google">goldenrod</contenuImg>
            <contenuImg CS="0.16" coul="1" lang="en" source="google">semisweetchocolate</contenuImg>
            <contenuImg CS="0.41" coul="1" lang="en" source="google">newtan</contenuImg>
            <contenuImg CS="0.57" coul="1" lang="en" source="google">brass</contenuImg>
            <contenuImg CS="3.63" coul="1" lang="en" source="google">lightgrey</contenuImg>
            <contenuImg CS="0.50" lang="en" source="google">Pattern</contenuImg>
            <contenuImg CS="0.55" coul="1" lang="en" source="google">Beige</contenuImg>
            <contenuImg CS="0.65" lang="en" source="google">Architecture</contenuImg>
            <contenuImg CS="0.79" h="1876" lang="en" source="google" w="3320" x="303.2" y="544">Metal</contenuImg>
            <contenuImg CS="0.81" h="1876" lang="en" source="google" w="3320" x="303.2" y="544">Line</contenuImg>
            <contenuImg CS="0.81" h="1876" lang="en" source="google" w="3320" x="303.2" y="544">Gold</contenuImg>
            <contenuImg CS="0.84" h="1876" lang="en" source="google" w="3320" x="303.2" y="544">Pattern</contenuImg>
            <tech source="final">estampe/gravure</tech>
            <fonction source="md">papier-peint</fonction>
            <fonction source="final">papier-peint</fonction>
            <tech CS="1" source="hm">estampe/gravure</tech>
            <theme CS="1" source="md">0</theme>
            <contenuImg CS="1.0" lang="fr" source="md">Ornements géométriques</contenuImg>
            <contenuImg CS="1.0" lang="fr" source="md">Rayures (ornements)</contenuImg>
            <contenuImg CS="1.0" lang="fr" source="md">Losanges (ornement)</contenuImg>
            <contenuImg CS="1.0" lang="fr" source="md">Motifs décoratifs</contenuImg>
            <titraille>Papier à motif répétitif : papier peint / Cognez</titraille>
          </ill>
        </ills>
      </page>
    </pages>
  </contenus>
</analyseAlto>