<analyseAlto>
  <metad>
    <type>I</type>
    <ID>btv1b69012300</ID>
    <titre>Bordure : papier peint</titre>
    <dateEdition>1801</dateEdition>
    <auteur>Hartmann Risler et Cie (Manufacture). Fonction indéterminée</auteur>
    <lang>fre</lang>
    <source>Bibliothèque nationale de France, département Estampes et photographie, EST LI-22</source>
    <sujet>Frises -- Roses -- Papillons -- Peignes (ornement) -- Rangs de perles (ornement) -- Fleurs (ornement) -- Fonds feuilletés (ornement) -- Motifs de fantaisie -- Décoration et ornement architecturaux -- Motifs décoratifs</sujet>
    <descr>Appartient à l’ensemble documentaire : PaPeint18 -- Papier peint</descr>
    <format>inconnu</format>
    <couverture>inconnu</couverture>
    <largeurPx>6552</largeurPx>
    <hauteurPx>2448</hauteurPx>
    <ocr>false</ocr>
    <toc>false</toc>
    <caption>false</caption>
    <nbPage>1</nbPage>
  </metad>
  <contenus ocr="false" toc="false">
    <largeur>277</largeur>
    <hauteur>103</hauteur>
    <largeurPx>6552</largeurPx>
    <hauteurPx>2448</hauteurPx>
    <pages>
      <page ordre="1">
        <blocIll ocr="1">1</blocIll>
        <ills>
          <ill classif="CCgoogle" couleur="coul" h="2448" hash="ff2463636363be00" n="1-1" taille="7" w="6552" x="1" y="1">
            <contenuImg CS="0.78" lang="fr" source="google">textile</contenuImg>
            <contenuImg CS="0.73" lang="fr" source="google">conception</contenuImg>
            <contenuImg CS="0.80" h="3320" lang="fr" source="google" w="3325" x="2882.2" y="244.8">tapis</contenuImg>
            <contenuImg CS="0.71" lang="fr" source="google">motif</contenuImg>
            <contenuImg CS="0.90" h="3320" lang="fr" source="google" w="3325" x="2882.2" y="244.8">modèle motif</contenuImg>
            <contenuImg CS="0.94" coul="1" h="3320" lang="fr" source="google" w="3325" x="2882.2" y="244.8">vert</contenuImg>
            <contenuImg CS="0.90" h="3320" lang="fr" source="google" w="3325" x="2882.2" y="244.8">modèle</contenuImg>
            <contenuImg CS="0.83" h="3320" lang="fr" source="google" w="3325" x="2882.2" y="244.8">feuille</contenuImg>
            <contenuImg CS="0.78" lang="fr" source="google">sol</contenuImg>
            <contenuImg CS="0.74" lang="fr" source="google">arts visuels</contenuImg>
            <contenuImg CS="0.73" lang="fr" source="google">design</contenuImg>
            <contenuImg CS="0.71" lang="fr" source="google">tapisserie</contenuImg>
            <contenuImg CS="0.22" coul="1" lang="fr" source="google">vert foncé</contenuImg>
            <contenuImg CS="0.41" coul="1" lang="fr" source="google">noir</contenuImg>
            <contenuImg CS="0.15" coul="1" lang="fr" source="google">bronze</contenuImg>
            <contenuImg CS="0.14" coul="1" lang="fr" source="google">vert olive foncé</contenuImg>
            <contenuImg b="124" coul="1" g="156" ordre="6" r="176" source="colorific" type="frg">#b09c7c</contenuImg>
            <contenuImg b="159" coul="1" g="150" ordre="5" r="130" source="colorific" type="frg">#82969f</contenuImg>
            <contenuImg b="18" coul="1" g="42" ordre="4" r="60" source="colorific" type="frg">#3c2a12</contenuImg>
            <contenuImg b="19" coul="1" g="29" ordre="3" r="17" source="colorific" type="frg">#111d13</contenuImg>
            <contenuImg b="69" coul="1" g="78" ordre="2" r="53" source="colorific" type="frg">#354e45</contenuImg>
            <contenuImg b="49" coul="1" g="97" ordre="1" r="98" source="colorific" type="frg">#626131</contenuImg>
            <contenuImg CS="1.0" lang="en" source="md">decorative patterns</contenuImg>
            <contenuImg CS="1.0" lang="en" source="md">architectural decoration and ornament</contenuImg>
            <contenuImg CS="1.0" lang="en" source="md">fantasy patterns</contenuImg>
            <contenuImg CS="1.0" lang="en" source="md">flaky backgrounds (Ornament)</contenuImg>
            <contenuImg CS="1.0" lang="en" source="md">flowers (ornament)</contenuImg>
            <contenuImg CS="1.0" lang="en" source="md">rows of pearls (ornament)</contenuImg>
            <contenuImg CS="1.0" lang="en" source="md">cmbs (ornament)</contenuImg>
            <contenuImg CS="1.0" lang="en" source="md">butterflies</contenuImg>
            <contenuImg CS="1.0" lang="en" source="md">roses (flowers)</contenuImg>
            <contenuImg CS="1.0" lang="en" source="md">curly</contenuImg>
            <contenuImg CS="0.14" coul="1" lang="en" source="google">darkolivegreen</contenuImg>
            <contenuImg CS="0.15" coul="1" lang="en" source="google">bronze</contenuImg>
            <contenuImg CS="0.41" coul="1" lang="en" source="google">black</contenuImg>
            <contenuImg CS="0.59" coul="1" lang="en" source="google">bronze</contenuImg>
            <contenuImg CS="0.22" coul="1" lang="en" source="google">darkgreen</contenuImg>
            <contenuImg CS="2.44" coul="1" lang="en" source="google">darkolivegreen</contenuImg>
            <contenuImg CS="0.71" lang="en" source="google">Motif</contenuImg>
            <contenuImg CS="0.71" lang="en" source="google">Tapestry</contenuImg>
            <contenuImg CS="0.73" lang="en" source="google">Design</contenuImg>
            <contenuImg CS="0.74" lang="en" source="google">Visual arts</contenuImg>
            <contenuImg CS="0.78" lang="en" source="google">Flooring</contenuImg>
            <contenuImg CS="0.78" lang="en" source="google">Textile</contenuImg>
            <contenuImg CS="0.80" h="3320" lang="en" source="google" w="3325" x="2882.2" y="244.8">Carpet</contenuImg>
            <contenuImg CS="0.83" h="3320" lang="en" source="google" w="3325" x="2882.2" y="244.8">Leaf</contenuImg>
            <contenuImg CS="0.90" h="3320" lang="en" source="google" w="3325" x="2882.2" y="244.8">Pattern</contenuImg>
            <contenuImg CS="0.94" coul="1" h="3320" lang="en" source="google" w="3325" x="2882.2" y="244.8">Green</contenuImg>
            <tech source="final">estampe/gravure</tech>
            <fonction source="md">papier-peint</fonction>
            <fonction source="final">papier-peint</fonction>
            <tech CS="1" source="hm">estampe/gravure</tech>
            <theme CS="1" source="md">0</theme>
            <contenuImg CS="1.0" lang="fr" source="md">Frises</contenuImg>
            <contenuImg CS="1.0" lang="fr" source="md">Roses</contenuImg>
            <contenuImg CS="1.0" lang="fr" source="md">Papillons</contenuImg>
            <contenuImg CS="1.0" lang="fr" source="md">Peignes (ornement)</contenuImg>
            <contenuImg CS="1.0" lang="fr" source="md">Rangs de perles (ornement)</contenuImg>
            <contenuImg CS="1.0" lang="fr" source="md">Fleurs (ornement)</contenuImg>
            <contenuImg CS="1.0" lang="fr" source="md">Fonds feuilletés (ornement)</contenuImg>
            <contenuImg CS="1.0" lang="fr" source="md">Motifs de fantaisie</contenuImg>
            <contenuImg CS="1.0" lang="fr" source="md">Décoration et ornement architecturaux</contenuImg>
            <contenuImg CS="1.0" lang="fr" source="md">Motifs décoratifs</contenuImg>
            <titraille>Bordure : papier peint</titraille>
          </ill>
        </ills>
      </page>
    </pages>
  </contenus>
</analyseAlto>