<analyseAlto>
  <metad>
    <type>I</type>
    <ID>btv1b6900710n</ID>
    <titre>Manufacture Jacquemart et Bénard. Papier à motif répétitif. Lambris à fond de marbre : groupe à l_antique. Modèle n° 1643 : papier peint</titre>
    <dateEdition>1803</dateEdition>
    <auteur>Jacquemart et Bénard (Manufacture). Fonction indéterminée</auteur>
    <lang>fre</lang>
    <source>Bibliothèque nationale de France, département Estampes et photographie, EST LI-24 (A)</source>
    <sujet>Marbre -- Instruments de musique -- Lyre -- Chars antiques -- Dauphins -- Volutes -- Arcades -- Trompe-l_oeil (ornement) -- Camaïeu, Peinture en -- Figures à l'antique -- Tridents -- Grecques (ornement) -- Rosettes (ornement) -- Palmettes (ornement) -- Végétaux stylisés -- Décoration et ornement architecturaux -- 1800-1869 -- Motifs décoratifs -- 1800-1869</sujet>
    <descr>Appartient à l’ensemble documentaire : PaPeint18 -- Papier peint</descr>
    <format>inconnu</format>
    <couverture>inconnu</couverture>
    <largeurPx>9688</largeurPx>
    <hauteurPx>6816</hauteurPx>
    <ocr>false</ocr>
    <toc>false</toc>
    <caption>false</caption>
    <nbPage>1</nbPage>
  </metad>
  <contenus ocr="false" toc="false">
    <largeur>410</largeur>
    <hauteur>288</hauteur>
    <largeurPx>9688</largeurPx>
    <hauteurPx>6816</hauteurPx>
    <pages>
      <page ordre="1">
        <blocIll ocr="1">1</blocIll>
        <ills>
          <ill classif="CCgoogle" couleur="coul" h="6816" hash="00edbef979bb2300" n="1-1" taille="30" w="9688" x="1" y="1">
            <contenuImg CS="0.50" h="2417" lang="fr" source="google" w="4270" x="968.8" y="1127.6">art</contenuImg>
            <contenuImg CS="0.19" coul="1" lang="fr" source="google">noir</contenuImg>
            <contenuImg CS="0.16" coul="1" lang="fr" source="google">gris foncé</contenuImg>
            <contenuImg CS="0.13" coul="1" lang="fr" source="google">vert foncé</contenuImg>
            <contenuImg b="255" coul="1" g="255" r="255" source="colorific" type="bkg">#ffffff</contenuImg>
            <contenuImg b="43" coul="1" g="73" ordre="4" r="84" source="colorific" type="frg">#54492b</contenuImg>
            <contenuImg b="0" coul="1" g="0" ordre="3" r="0" source="colorific" type="frg">#000000</contenuImg>
            <contenuImg b="98" coul="1" g="108" ordre="2" r="100" source="colorific" type="frg">#646c62</contenuImg>
            <contenuImg b="33" coul="1" g="41" ordre="1" r="28" source="colorific" type="frg">#1c2921</contenuImg>
            <contenuImg CS="1.0" lang="en" source="md">decorative patterns - 1800-1869</contenuImg>
            <contenuImg CS="1.0" lang="en" source="md">architectural decoration and ornament - 1800-1869</contenuImg>
            <contenuImg CS="1.0" lang="en" source="md">stylized plants</contenuImg>
            <contenuImg CS="1.0" lang="en" source="md">palmettes (ornament)</contenuImg>
            <contenuImg CS="1.0" lang="en" source="md">rosettes (ornament)</contenuImg>
            <contenuImg CS="1.0" lang="en" source="md">Greek (ornament)</contenuImg>
            <contenuImg CS="1.0" lang="en" source="md">trident</contenuImg>
            <contenuImg CS="1.0" lang="en" source="md">figures in the antique</contenuImg>
            <contenuImg CS="1.0" lang="en" source="md">camaïeu painting</contenuImg>
            <contenuImg CS="1.0" lang="en" source="md">trompe-l'oeil (ornament)</contenuImg>
            <contenuImg CS="1.0" lang="en" source="md">arcades</contenuImg>
            <contenuImg CS="1.0" lang="en" source="md">swirls</contenuImg>
            <contenuImg CS="1.0" lang="en" source="md">dolphins</contenuImg>
            <contenuImg CS="1.0" lang="en" source="md">antique chariots</contenuImg>
            <contenuImg CS="1.0" lang="en" source="md">lyre</contenuImg>
            <contenuImg CS="1.0" lang="en" source="md">musical instruments</contenuImg>
            <contenuImg CS="1.0" lang="en" source="md">marble</contenuImg>
            <contenuImg CS="0.13" coul="1" lang="en" source="google">darkgreen</contenuImg>
            <contenuImg CS="0.16" coul="1" lang="en" source="google">darkgray</contenuImg>
            <contenuImg CS="0.19" coul="1" lang="en" source="google">black</contenuImg>
            <contenuImg CS="1.19" coul="1" lang="en" source="google">darkgreen</contenuImg>
            <contenuImg CS="0.16" coul="1" lang="en" source="google">darkgreen</contenuImg>
            <contenuImg CS="0.21" coul="1" lang="en" source="google">dimgrey</contenuImg>
            <contenuImg CS="2.38" coul="1" lang="en" source="google">darkgreen</contenuImg>
            <contenuImg CS="0.50" h="2417" lang="en" source="google" w="4270" x="968.8" y="1127.6">Art</contenuImg>
            <tech source="final">estampe/gravure</tech>
            <fonction source="md">papier-peint</fonction>
            <fonction source="final">papier-peint</fonction>
            <tech CS="1" source="hm">estampe/gravure</tech>
            <theme CS="1" source="md">0</theme>
            <contenuImg CS="1.0" lang="fr" source="md">Marbre</contenuImg>
            <contenuImg CS="1.0" lang="fr" source="md">Instruments de musique</contenuImg>
            <contenuImg CS="1.0" lang="fr" source="md">Lyre</contenuImg>
            <contenuImg CS="1.0" lang="fr" source="md">Chars antiques</contenuImg>
            <contenuImg CS="1.0" lang="fr" source="md">Dauphins</contenuImg>
            <contenuImg CS="1.0" lang="fr" source="md">Volutes</contenuImg>
            <contenuImg CS="1.0" lang="fr" source="md">Arcades</contenuImg>
            <contenuImg CS="1.0" lang="fr" source="md">Trompe-l'oeil (ornement)</contenuImg>
            <contenuImg CS="1.0" lang="fr" source="md">Peinture en camaïeu</contenuImg>
            <contenuImg CS="1.0" lang="fr" source="md">Figures à l'antique</contenuImg>
            <contenuImg CS="1.0" lang="fr" source="md">Tridents</contenuImg>
            <contenuImg CS="1.0" lang="fr" source="md">Grecques (ornement)</contenuImg>
            <contenuImg CS="1.0" lang="fr" source="md">Rosettes (ornement)</contenuImg>
            <contenuImg CS="1.0" lang="fr" source="md">Palmettes (ornement)</contenuImg>
            <contenuImg CS="1.0" lang="fr" source="md">Végétaux stylisés</contenuImg>
            <contenuImg CS="1.0" lang="fr" source="md">Décoration et ornement architecturaux -- 1800-1869</contenuImg>
            <contenuImg CS="1.0" lang="fr" source="md">Motifs décoratifs -- 1800-1869</contenuImg>
            <titraille>Manufacture Jacquemart et Bénard. Papier à motif répétitif. Lambris à fond de marbre : groupe à l_antique. Modèle n° 1643 : papier peint</titraille>
          </ill>
        </ills>
      </page>
    </pages>
  </contenus>
</analyseAlto>