<analyseAlto>
  <metad>
    <type>M</type>
    <ID>btv1b52509843g</ID>
    <titre>Collection des animaux quadrupèdes de Buffon, formant 362 planches d_animaux coloriées, servant à toutes les éditions des oeuvres de cet auteur   classées par ordres et genres sur le système de Linné. Avec 2 tables...</titre>
    <dateEdition>inconnu</dateEdition>
    <auteur>Buffon, Georges-Louis Leclerc (1707-1788   comte de). Auteur du texte</auteur>
    <lang>fre</lang>
    <source>Bibliothèque nationale de France, département Estampes et photographie, 4-JB-24 (A)</source>
    <nbPage>196</nbPage>
    <descr>Animaux, 1749-1767</descr>
  </metad>
  <contenus ocr="false" toc="false">
    <largeur>462</largeur>
    <hauteur>546</hauteur>
    <largeurPx>7291</largeurPx>
    <hauteurPx>8606</hauteurPx>
    <pages>
      <page ordre="5">
        <blocIll ocr="1">0</blocIll>
        <ills/>
      </page>
      <page ordre="6">
        <blocIll ocr="1">0</blocIll>
        <ills/>
      </page>
      <page ordre="7">
        <blocIll ocr="1">0</blocIll>
        <ills/>
      </page>
      <page ordre="8">
        <blocIll ocr="1">0</blocIll>
        <ills/>
      </page>
      <page ordre="9">
        <blocIll ocr="1">0</blocIll>
        <ills/>
      </page>
      <page ordre="10">
        <blocIll ocr="1">0</blocIll>
        <ills/>
      </page>
      <page ordre="11">
        <blocIll ocr="1">1</blocIll>
        <ills>
          <ill classif="CCibm" couleur="coul" h="8235" n="11-1" taille="65" w="6159" x="1" y="1">
            <contenuImg CS="0.74" lang="fr" source="ibm">vison</contenuImg>
            <contenuImg CS="0.959" lang="fr" source="ibm">carnivor</contenuImg>
            <contenuImg CS="0.705" lang="fr" source="ibm">martre des pins</contenuImg>
            <contenuImg CS="0.859" lang="fr" source="ibm">marte</contenuImg>
            <contenuImg CS="0.575" lang="fr" source="ibm">fouine</contenuImg>
            <contenuImg b="55" coul="1" g="74" ordre="4" r="84" source="colorific" type="frg">#544a37</contenuImg>
            <contenuImg b="179" coul="1" g="178" ordre="3" r="177" source="colorific" type="frg">#b1b2b3</contenuImg>
            <contenuImg b="95" coul="1" g="117" ordre="2" r="130" source="colorific" type="frg">#82755f</contenuImg>
            <contenuImg b="41" coul="1" g="51" ordre="1" r="70" source="colorific" type="frg">#463329</contenuImg>
            <contenuImg CS="1.0" lang="fr" source="md">vertébré</contenuImg>
            <contenuImg CS="1.0" lang="fr" source="md">mammifère</contenuImg>
            <contenuImg CS="1.0" lang="fr" source="md">animal</contenuImg>
            <contenuImg CS="0.959" lang="fr" source="ibm">carnivore</contenuImg>
            <contenuImg CS="0.959" lang="fr" source="ibm">mammifère</contenuImg>
            <contenuImg CS="0.959" lang="fr" source="ibm">animal</contenuImg>
            <contenuImg CS="0.949" coul="1" lang="fr" source="ibm">brun rougeâtre</contenuImg>
            <contenuImg CS="0.699" coul="1" lang="fr" source="ibm">marron</contenuImg>
            <contenuImg CS="0.699" coul="1" lang="en" source="ibm">maroon color</contenuImg>
            <contenuImg CS="0.949" coul="1" lang="en" source="ibm">reddish brown color</contenuImg>
            <contenuImg CS="0.5" lang="en" source="ibm">American mink</contenuImg>
            <contenuImg CS="0.575" lang="en" source="ibm">stone marten</contenuImg>
            <contenuImg CS="0.859" lang="en" source="ibm">marten cat</contenuImg>
            <contenuImg CS="0.705" lang="en" source="ibm">pine marten</contenuImg>
            <contenuImg CS="0.959" lang="en" source="ibm">animal</contenuImg>
            <contenuImg CS="0.959" lang="en" source="ibm">mammal</contenuImg>
            <contenuImg CS="0.959" lang="en" source="ibm">carnivore</contenuImg>
            <contenuImg CS="0.74" lang="en" source="ibm">mink</contenuImg>
            <tech source="final">estampe/gravure</tech>
            <txt source="google">"L'OURS BRUN. - 183 - ",</txt>
            <theme source="final">13</theme>
            <tech CS="1" source="md">estampe/gravure</tech>
            <theme CS="1" source="md">13</theme>
            <contenuImg CS="1.0" lang="en" source="md">animal</contenuImg>
            <contenuImg CS="1.0" lang="en" source="md">mammal</contenuImg>
            <contenuImg CS="1.0" lang="en" source="md">verterbrate</contenuImg>
            <titraille>Collection des animaux quadrupèdes de Buffon, formant 362 planches d_animaux coloriées, servant à toutes les éditions des oeuvres de cet auteur   classées par ordres et genres sur le système de Linné. Avec 2 tables...</titraille>
          </ill>
        </ills>
      </page>
      <page ordre="12">
        <blocIll ocr="1">1</blocIll>
        <ills>
          <ill classif="CCibm" couleur="coul" h="8235" n="12-1" taille="65" w="6159" x="1" y="1">
            <contenuImg CS="0.622" lang="fr" source="ibm">passe-partout (cadre)</contenuImg>
            <contenuImg CS="0.622" lang="fr" source="ibm">structure porteuse</contenuImg>
            <contenuImg CS="0.501" lang="fr" source="ibm">Terrier (chien)</contenuImg>
            <contenuImg CS="0.735" lang="fr" source="ibm">ours</contenuImg>
            <contenuImg CS="0.871" lang="fr" source="ibm">carnivor</contenuImg>
            <contenuImg CS="0.675" lang="fr" source="ibm">canid</contenuImg>
            <contenuImg CS="0.622" lang="fr" source="ibm">cadre</contenuImg>
            <contenuImg CS="0.501" lang="fr" source="ibm">terrier (chien)</contenuImg>
            <contenuImg CS="0.516" lang="fr" source="ibm">animal domestique</contenuImg>
            <contenuImg b="173" coul="1" g="172" ordre="4" r="172" source="colorific" type="frg">#acacad</contenuImg>
            <contenuImg b="91" coul="1" g="129" ordre="3" r="130" source="colorific" type="frg">#82815b</contenuImg>
            <contenuImg b="39" coul="1" g="52" ordre="2" r="64" source="colorific" type="frg">#403427</contenuImg>
            <contenuImg b="70" coul="1" g="87" ordre="1" r="98" source="colorific" type="frg">#625746</contenuImg>
            <contenuImg CS="1.0" lang="fr" source="md">vertébré</contenuImg>
            <contenuImg CS="1.0" lang="fr" source="md">mammifère</contenuImg>
            <contenuImg CS="1.0" lang="fr" source="md">animal</contenuImg>
            <contenuImg CS="0.871" lang="fr" source="ibm">carnivore</contenuImg>
            <contenuImg CS="0.872" lang="fr" source="ibm">mammifère</contenuImg>
            <contenuImg CS="0.915" lang="fr" source="ibm">animal</contenuImg>
            <contenuImg CS="0.674" lang="fr" source="ibm">renard</contenuImg>
            <contenuImg CS="0.675" lang="fr" source="ibm">canin</contenuImg>
            <contenuImg CS="0.506" lang="fr" source="ibm">chien</contenuImg>
            <contenuImg CS="0.996" coul="1" lang="fr" source="ibm">albâtre</contenuImg>
            <contenuImg CS="0.996" coul="1" lang="en" source="ibm">alabaster color</contenuImg>
            <contenuImg CS="0.516" lang="en" source="ibm">domestic animal</contenuImg>
            <contenuImg CS="0.506" lang="en" source="ibm">dog</contenuImg>
            <contenuImg CS="0.501" lang="en" source="ibm">terrier dog</contenuImg>
            <contenuImg CS="0.5" lang="en" source="ibm">West Highland white terrier</contenuImg>
            <contenuImg CS="0.622" lang="en" source="ibm">supporting structure</contenuImg>
            <contenuImg CS="0.622" lang="en" source="ibm">framework</contenuImg>
            <contenuImg CS="0.622" lang="en" source="ibm">passe-partout (frame)</contenuImg>
            <contenuImg CS="0.675" lang="en" source="ibm">canine</contenuImg>
            <contenuImg CS="0.674" lang="en" source="ibm">fox</contenuImg>
            <contenuImg CS="0.672" lang="en" source="ibm">Arctic fox</contenuImg>
            <contenuImg CS="0.915" lang="en" source="ibm">animal</contenuImg>
            <contenuImg CS="0.872" lang="en" source="ibm">mammal</contenuImg>
            <contenuImg CS="0.871" lang="en" source="ibm">carnivore</contenuImg>
            <contenuImg CS="0.735" lang="en" source="ibm">bear</contenuImg>
            <contenuImg CS="0.699" lang="en" source="ibm">ice bear</contenuImg>
            <tech source="final">estampe/gravure</tech>
            <theme source="final">13</theme>
            <tech CS="1" source="md">estampe/gravure</tech>
            <theme CS="1" source="md">13</theme>
            <contenuImg CS="1.0" lang="en" source="md">animal</contenuImg>
            <contenuImg CS="1.0" lang="en" source="md">mammal</contenuImg>
            <contenuImg CS="1.0" lang="en" source="md">verterbrate</contenuImg>
            <titraille>Collection des animaux quadrupèdes de Buffon, formant 362 planches d_animaux coloriées, servant à toutes les éditions des oeuvres de cet auteur   classées par ordres et genres sur le système de Linné. Avec 2 tables...</titraille>
          </ill>
        </ills>
      </page>
      <page ordre="13">
        <blocIll ocr="1">1</blocIll>
        <ills>
          <ill classif="CCibm" couleur="coul" h="8235" n="13-1" taille="65" w="6159" x="1" y="1">
            <contenuImg CS="0.934" lang="fr" source="ibm">passe-partout (cadre)</contenuImg>
            <contenuImg CS="0.934" lang="fr" source="ibm">structure porteuse</contenuImg>
            <contenuImg CS="0.5" lang="fr" source="ibm">enduit décoratif (plâtre)</contenuImg>
            <contenuImg CS="0.797" lang="fr" source="ibm">intérieurs</contenuImg>
            <contenuImg CS="0.934" lang="fr" source="ibm">cadre</contenuImg>
            <contenuImg b="180" coul="1" g="180" ordre="3" r="180" source="colorific" type="frg">#b4b4b4</contenuImg>
            <contenuImg b="42" coul="1" g="57" ordre="2" r="63" source="colorific" type="frg">#3f392a</contenuImg>
            <contenuImg b="77" coul="1" g="94" ordre="1" r="100" source="colorific" type="frg">#645e4d</contenuImg>
            <contenuImg CS="1.0" lang="fr" source="md">vertébré</contenuImg>
            <contenuImg CS="1.0" lang="fr" source="md">mammifère</contenuImg>
            <contenuImg CS="1.0" lang="fr" source="md">animal</contenuImg>
            <contenuImg CS="0.998" coul="1" lang="fr" source="ibm">albâtre</contenuImg>
            <contenuImg CS="0.998" coul="1" lang="en" source="ibm">alabaster color</contenuImg>
            <contenuImg CS="0.797" lang="en" source="ibm">indoors</contenuImg>
            <contenuImg CS="0.5" lang="en" source="ibm">pargeting (ornamental plasterwork)</contenuImg>
            <contenuImg CS="0.934" lang="en" source="ibm">supporting structure</contenuImg>
            <contenuImg CS="0.934" lang="en" source="ibm">framework</contenuImg>
            <contenuImg CS="0.934" lang="en" source="ibm">passe-partout (frame)</contenuImg>
            <tech source="final">estampe/gravure</tech>
            <theme source="final">13</theme>
            <tech CS="1" source="md">estampe/gravure</tech>
            <theme CS="1" source="md">13</theme>
            <contenuImg CS="1.0" lang="en" source="md">animal</contenuImg>
            <contenuImg CS="1.0" lang="en" source="md">mammal</contenuImg>
            <contenuImg CS="1.0" lang="en" source="md">verterbrate</contenuImg>
            <titraille>Collection des animaux quadrupèdes de Buffon, formant 362 planches d_animaux coloriées, servant à toutes les éditions des oeuvres de cet auteur   classées par ordres et genres sur le système de Linné. Avec 2 tables...</titraille>
          </ill>
        </ills>
      </page>
      <page ordre="14">
        <blocIll ocr="1">1</blocIll>
        <ills>
          <ill classif="CCibm" couleur="coul" h="8235" n="14-1" taille="65" w="6159" x="1" y="1">
            <contenuImg CS="0.713" coul="1" lang="fr" source="ibm">vert olive</contenuImg>
            <contenuImg CS="0.695" lang="fr" source="ibm">carnivor</contenuImg>
            <contenuImg CS="0.523" lang="fr" source="ibm">ornithorynque</contenuImg>
            <contenuImg CS="0.5" lang="fr" source="ibm">tamia (rongeur)</contenuImg>
            <contenuImg b="59" coul="1" g="82" ordre="6" r="77" source="colorific" type="frg">#4d523b</contenuImg>
            <contenuImg b="112" coul="1" g="141" ordre="5" r="126" source="colorific" type="frg">#7e8d70</contenuImg>
            <contenuImg b="31" coul="1" g="42" ordre="4" r="60" source="colorific" type="frg">#3c2a1f</contenuImg>
            <contenuImg b="182" coul="1" g="181" ordre="3" r="180" source="colorific" type="frg">#b4b5b6</contenuImg>
            <contenuImg b="54" coul="1" g="71" ordre="2" r="89" source="colorific" type="frg">#594736</contenuImg>
            <contenuImg b="100" coul="1" g="131" ordre="1" r="155" source="colorific" type="frg">#9b8364</contenuImg>
            <contenuImg CS="1.0" lang="fr" source="md">vertébré</contenuImg>
            <contenuImg CS="1.0" lang="fr" source="md">mammifère</contenuImg>
            <contenuImg CS="1.0" lang="fr" source="md">animal</contenuImg>
            <contenuImg CS="0.695" lang="fr" source="ibm">carnivore</contenuImg>
            <contenuImg CS="0.808" lang="fr" source="ibm">mammifère</contenuImg>
            <contenuImg CS="0.811" lang="fr" source="ibm">animal</contenuImg>
            <contenuImg CS="0.5" lang="fr" source="ibm">tamia</contenuImg>
            <contenuImg CS="0.501" lang="fr" source="ibm">écureuil</contenuImg>
            <contenuImg CS="0.507" lang="fr" source="ibm">rongeur</contenuImg>
            <contenuImg CS="0.844" coul="1" lang="fr" source="ibm">marron clair</contenuImg>
            <contenuImg CS="0.713" coul="1" lang="fr" source="ibm">couleur vert olive</contenuImg>
            <contenuImg CS="0.713" coul="1" lang="en" source="ibm">olive green color</contenuImg>
            <contenuImg CS="0.844" coul="1" lang="en" source="ibm">light brown color</contenuImg>
            <contenuImg CS="0.507" lang="en" source="ibm">rodent</contenuImg>
            <contenuImg CS="0.501" lang="en" source="ibm">squirrel</contenuImg>
            <contenuImg CS="0.5" lang="en" source="ibm">chipmunk</contenuImg>
            <contenuImg CS="0.51" lang="en" source="ibm">badger</contenuImg>
            <contenuImg CS="0.523" lang="en" source="ibm">duckbilled platypus (aquatic bird)</contenuImg>
            <contenuImg CS="0.811" lang="en" source="ibm">animal</contenuImg>
            <contenuImg CS="0.808" lang="en" source="ibm">mammal</contenuImg>
            <contenuImg CS="0.695" lang="en" source="ibm">carnivore</contenuImg>
            <contenuImg CS="0.614" lang="en" source="ibm">Eurasian badger</contenuImg>
            <tech source="final">estampe/gravure</tech>
            <txt source="google">"LE BLAIRE AU. - ",</txt>
            <theme source="final">13</theme>
            <tech CS="1" source="md">estampe/gravure</tech>
            <theme CS="1" source="md">13</theme>
            <contenuImg CS="1.0" lang="en" source="md">animal</contenuImg>
            <contenuImg CS="1.0" lang="en" source="md">mammal</contenuImg>
            <contenuImg CS="1.0" lang="en" source="md">verterbrate</contenuImg>
            <titraille>Collection des animaux quadrupèdes de Buffon, formant 362 planches d_animaux coloriées, servant à toutes les éditions des oeuvres de cet auteur   classées par ordres et genres sur le système de Linné. Avec 2 tables...</titraille>
          </ill>
        </ills>
      </page>
      <page ordre="15">
        <blocIll ocr="1">1</blocIll>
        <ills>
          <ill classif="CCibm" couleur="coul" h="8235" n="15-1" taille="65" w="6159" x="1" y="1">
            <contenuImg CS="0.5" lang="fr" source="ibm">support papier (timbres/monnaie)</contenuImg>
            <contenuImg CS="0.5" lang="fr" source="ibm">document écrit</contenuImg>
            <contenuImg CS="0.871" coul="1" lang="fr" source="ibm">vert olive</contenuImg>
            <contenuImg CS="0.824" lang="fr" source="ibm">civette</contenuImg>
            <contenuImg CS="0.825" lang="fr" source="ibm">carnivor</contenuImg>
            <contenuImg CS="0.536" lang="fr" source="ibm">ornithorynque</contenuImg>
            <contenuImg b="82" coul="1" g="115" ordre="6" r="146" source="colorific" type="frg">#927352</contenuImg>
            <contenuImg b="111" coul="1" g="162" ordre="5" r="192" source="colorific" type="frg">#c0a26f</contenuImg>
            <contenuImg b="100" coul="1" g="147" ordre="4" r="142" source="colorific" type="frg">#8e9364</contenuImg>
            <contenuImg b="174" coul="1" g="173" ordre="3" r="173" source="colorific" type="frg">#adadae</contenuImg>
            <contenuImg b="42" coul="1" g="56" ordre="2" r="64" source="colorific" type="frg">#40382a</contenuImg>
            <contenuImg b="73" coul="1" g="93" ordre="1" r="98" source="colorific" type="frg">#625d49</contenuImg>
            <contenuImg CS="1.0" lang="fr" source="md">vertébré</contenuImg>
            <contenuImg CS="1.0" lang="fr" source="md">mammifère</contenuImg>
            <contenuImg CS="1.0" lang="fr" source="md">animal</contenuImg>
            <contenuImg CS="0.825" lang="fr" source="ibm">carnivore</contenuImg>
            <contenuImg CS="0.861" lang="fr" source="ibm">mammifère</contenuImg>
            <contenuImg CS="0.865" lang="fr" source="ibm">animal</contenuImg>
            <contenuImg CS="0.871" coul="1" lang="fr" source="ibm">couleur vert olive</contenuImg>
            <contenuImg CS="0.685" coul="1" lang="fr" source="ibm">gris</contenuImg>
            <contenuImg CS="0.685" coul="1" lang="en" source="ibm">gray color</contenuImg>
            <contenuImg CS="0.871" coul="1" lang="en" source="ibm">olive green color</contenuImg>
            <contenuImg CS="0.5" lang="en" source="ibm">written document</contenuImg>
            <contenuImg CS="0.5" lang="en" source="ibm">paper based (stamps/currency)</contenuImg>
            <contenuImg CS="0.536" lang="en" source="ibm">duckbilled platypus (aquatic bird)</contenuImg>
            <contenuImg CS="0.865" lang="en" source="ibm">animal</contenuImg>
            <contenuImg CS="0.861" lang="en" source="ibm">mammal</contenuImg>
            <contenuImg CS="0.825" lang="en" source="ibm">carnivore</contenuImg>
            <contenuImg CS="0.824" lang="en" source="ibm">civet cat</contenuImg>
            <tech source="final">estampe/gravure</tech>
            <txt source="google">"20.5 - LE CARCAJOU. - ",</txt>
            <theme source="final">13</theme>
            <tech CS="1" source="md">estampe/gravure</tech>
            <theme CS="1" source="md">13</theme>
            <contenuImg CS="1.0" lang="en" source="md">animal</contenuImg>
            <contenuImg CS="1.0" lang="en" source="md">mammal</contenuImg>
            <contenuImg CS="1.0" lang="en" source="md">verterbrate</contenuImg>
            <titraille>Collection des animaux quadrupèdes de Buffon, formant 362 planches d_animaux coloriées, servant à toutes les éditions des oeuvres de cet auteur   classées par ordres et genres sur le système de Linné. Avec 2 tables...</titraille>
          </ill>
        </ills>
      </page>
      <page ordre="16">
        <blocIll ocr="1">1</blocIll>
        <ills>
          <ill classif="CCibm" couleur="coul" h="8235" n="16-1" taille="65" w="6159" x="1" y="1">
            <contenuImg CS="0.716" lang="fr" source="ibm">marsupiaux</contenuImg>
            <contenuImg CS="0.834" coul="1" lang="fr" source="ibm">vert olive</contenuImg>
            <contenuImg CS="0.741" lang="fr" source="ibm">oncille (félidé)</contenuImg>
            <contenuImg CS="0.771" lang="fr" source="ibm">chat domestique</contenuImg>
            <contenuImg CS="0.898" lang="fr" source="ibm">carnivor</contenuImg>
            <contenuImg CS="0.5" lang="fr" source="ibm">canid</contenuImg>
            <contenuImg b="73" coul="1" g="94" ordre="6" r="86" source="colorific" type="frg">#565e49</contenuImg>
            <contenuImg b="41" coul="1" g="53" ordre="5" r="69" source="colorific" type="frg">#453529</contenuImg>
            <contenuImg b="178" coul="1" g="177" ordre="4" r="176" source="colorific" type="frg">#b0b1b2</contenuImg>
            <contenuImg b="120" coul="1" g="153" ordre="3" r="146" source="colorific" type="frg">#929978</contenuImg>
            <contenuImg b="113" coul="1" g="147" ordre="2" r="171" source="colorific" type="frg">#ab9371</contenuImg>
            <contenuImg b="67" coul="1" g="84" ordre="1" r="98" source="colorific" type="frg">#625443</contenuImg>
            <contenuImg CS="1.0" lang="fr" source="md">vertébré</contenuImg>
            <contenuImg CS="1.0" lang="fr" source="md">mammifère</contenuImg>
            <contenuImg CS="1.0" lang="fr" source="md">animal</contenuImg>
            <contenuImg CS="0.826" lang="fr" source="ibm">chat</contenuImg>
            <contenuImg CS="0.867" lang="fr" source="ibm">félin</contenuImg>
            <contenuImg CS="0.898" lang="fr" source="ibm">carnivore</contenuImg>
            <contenuImg CS="0.952" lang="fr" source="ibm">mammifère</contenuImg>
            <contenuImg CS="0.952" lang="fr" source="ibm">animal</contenuImg>
            <contenuImg CS="0.715" lang="fr" source="ibm">loup de Tasmanie</contenuImg>
            <contenuImg CS="0.716" lang="fr" source="ibm">marsupial</contenuImg>
            <contenuImg CS="0.5" lang="fr" source="ibm">coyote</contenuImg>
            <contenuImg CS="0.5" lang="fr" source="ibm">loup</contenuImg>
            <contenuImg CS="0.5" lang="fr" source="ibm">canin</contenuImg>
            <contenuImg CS="0.842" coul="1" lang="fr" source="ibm">marron clair</contenuImg>
            <contenuImg CS="0.834" coul="1" lang="fr" source="ibm">couleur vert olive</contenuImg>
            <contenuImg CS="0.834" coul="1" lang="en" source="ibm">olive green color</contenuImg>
            <contenuImg CS="0.842" coul="1" lang="en" source="ibm">light brown color</contenuImg>
            <contenuImg CS="0.5" lang="en" source="ibm">canine</contenuImg>
            <contenuImg CS="0.5" lang="en" source="ibm">wolf</contenuImg>
            <contenuImg CS="0.5" lang="en" source="ibm">coyote</contenuImg>
            <contenuImg CS="0.716" lang="en" source="ibm">pouched mammal</contenuImg>
            <contenuImg CS="0.715" lang="en" source="ibm">Tasmanian wolf</contenuImg>
            <contenuImg CS="0.952" lang="en" source="ibm">animal</contenuImg>
            <contenuImg CS="0.952" lang="en" source="ibm">mammal</contenuImg>
            <contenuImg CS="0.898" lang="en" source="ibm">carnivore</contenuImg>
            <contenuImg CS="0.867" lang="en" source="ibm">feline</contenuImg>
            <contenuImg CS="0.826" lang="en" source="ibm">cat</contenuImg>
            <contenuImg CS="0.771" lang="en" source="ibm">domestic cat</contenuImg>
            <contenuImg CS="0.741" lang="en" source="ibm">tiger cat</contenuImg>
            <tech source="final">estampe/gravure</tech>
            <txt source="google">"LE RATON - ",</txt>
            <theme source="final">13</theme>
            <tech CS="1" source="md">estampe/gravure</tech>
            <theme CS="1" source="md">13</theme>
            <contenuImg CS="1.0" lang="en" source="md">animal</contenuImg>
            <contenuImg CS="1.0" lang="en" source="md">mammal</contenuImg>
            <contenuImg CS="1.0" lang="en" source="md">verterbrate</contenuImg>
            <titraille>Collection des animaux quadrupèdes de Buffon, formant 362 planches d_animaux coloriées, servant à toutes les éditions des oeuvres de cet auteur   classées par ordres et genres sur le système de Linné. Avec 2 tables...</titraille>
          </ill>
        </ills>
      </page>
      <page ordre="17">
        <blocIll ocr="1">1</blocIll>
        <ills>
          <ill classif="CCibm" couleur="coul" h="8264" n="17-1" taille="65" w="6048" x="1" y="1">
            <contenuImg CS="0.837" lang="fr" source="ibm">renard gris d'Amérique</contenuImg>
            <contenuImg CS="0.859" lang="fr" source="ibm">canid</contenuImg>
            <contenuImg CS="0.859" lang="fr" source="ibm">carnivor</contenuImg>
            <contenuImg CS="0.5" lang="fr" source="ibm">Potto de Bosman </contenuImg>
            <contenuImg b="173" coul="1" g="173" ordre="4" r="174" source="colorific" type="frg">#aeadad</contenuImg>
            <contenuImg b="68" coul="1" g="90" ordre="3" r="102" source="colorific" type="frg">#665a44</contenuImg>
            <contenuImg b="49" coul="1" g="64" ordre="2" r="94" source="colorific" type="frg">#5e4031</contenuImg>
            <contenuImg b="112" coul="1" g="136" ordre="1" r="153" source="colorific" type="frg">#998870</contenuImg>
            <contenuImg CS="1.0" lang="fr" source="md">vertébré</contenuImg>
            <contenuImg CS="1.0" lang="fr" source="md">mammifère</contenuImg>
            <contenuImg CS="1.0" lang="fr" source="md">animal</contenuImg>
            <contenuImg CS="0.859" lang="fr" source="ibm">renard</contenuImg>
            <contenuImg CS="0.859" lang="fr" source="ibm">canin</contenuImg>
            <contenuImg CS="0.859" lang="fr" source="ibm">carnivore</contenuImg>
            <contenuImg CS="0.896" lang="fr" source="ibm">mammifère</contenuImg>
            <contenuImg CS="0.897" lang="fr" source="ibm">animal</contenuImg>
            <contenuImg CS="0.969" coul="1" lang="fr" source="ibm">marron clair</contenuImg>
            <contenuImg CS="0.969" coul="1" lang="en" source="ibm">light brown color</contenuImg>
            <contenuImg CS="0.5" lang="en" source="ibm">potto (primate)</contenuImg>
            <contenuImg CS="0.897" lang="en" source="ibm">animal</contenuImg>
            <contenuImg CS="0.896" lang="en" source="ibm">mammal</contenuImg>
            <contenuImg CS="0.859" lang="en" source="ibm">carnivore</contenuImg>
            <contenuImg CS="0.859" lang="en" source="ibm">canine</contenuImg>
            <contenuImg CS="0.859" lang="en" source="ibm">fox</contenuImg>
            <contenuImg CS="0.837" lang="en" source="ibm">grey fox</contenuImg>
            <tech source="final">estampe/gravure</tech>
            <txt source="google">"LE RATON-CRABIER - ",</txt>
            <theme source="final">13</theme>
            <tech CS="1" source="md">estampe/gravure</tech>
            <theme CS="1" source="md">13</theme>
            <contenuImg CS="1.0" lang="en" source="md">animal</contenuImg>
            <contenuImg CS="1.0" lang="en" source="md">mammal</contenuImg>
            <contenuImg CS="1.0" lang="en" source="md">verterbrate</contenuImg>
            <titraille>Collection des animaux quadrupèdes de Buffon, formant 362 planches d_animaux coloriées, servant à toutes les éditions des oeuvres de cet auteur   classées par ordres et genres sur le système de Linné. Avec 2 tables...</titraille>
          </ill>
        </ills>
      </page>
      <page ordre="18">
        <blocIll ocr="1">1</blocIll>
        <ills>
          <ill classif="CCibm" couleur="coul" h="8235" n="18-1" taille="65" w="6159" x="1" y="1">
            <contenuImg CS="0.721" lang="fr" source="ibm">moufette rayée (mammifère)</contenuImg>
            <contenuImg CS="0.721" lang="fr" source="ibm">mouffette rayée</contenuImg>
            <contenuImg CS="0.855" lang="fr" source="ibm">carnivor</contenuImg>
            <contenuImg CS="0.657" lang="fr" source="ibm">ornithorynque</contenuImg>
            <contenuImg CS="0.5" lang="fr" source="ibm">raton laveur</contenuImg>
            <contenuImg b="69" coul="1" g="91" ordre="5" r="110" source="colorific" type="frg">#6e5b45</contenuImg>
            <contenuImg b="66" coul="1" g="84" ordre="4" r="78" source="colorific" type="frg">#4e5442</contenuImg>
            <contenuImg b="173" coul="1" g="171" ordre="3" r="171" source="colorific" type="frg">#ababad</contenuImg>
            <contenuImg b="46" coul="1" g="54" ordre="2" r="60" source="colorific" type="frg">#3c362e</contenuImg>
            <contenuImg b="117" coul="1" g="137" ordre="1" r="148" source="colorific" type="frg">#948975</contenuImg>
            <contenuImg CS="1.0" lang="fr" source="md">vertébré</contenuImg>
            <contenuImg CS="1.0" lang="fr" source="md">mammifère</contenuImg>
            <contenuImg CS="1.0" lang="fr" source="md">animal</contenuImg>
            <contenuImg CS="0.855" lang="fr" source="ibm">carnivore</contenuImg>
            <contenuImg CS="0.916" lang="fr" source="ibm">mammifère</contenuImg>
            <contenuImg CS="0.917" lang="fr" source="ibm">animal</contenuImg>
            <contenuImg CS="0.75" coul="1" lang="fr" source="ibm">noir</contenuImg>
            <contenuImg CS="0.727" coul="1" lang="fr" source="ibm">noir charbon</contenuImg>
            <contenuImg CS="0.727" coul="1" lang="en" source="ibm">coal black color</contenuImg>
            <contenuImg CS="0.75" coul="1" lang="en" source="ibm">black color</contenuImg>
            <contenuImg CS="0.5" lang="en" source="ibm">common raccoon</contenuImg>
            <contenuImg CS="0.578" lang="en" source="ibm">Eurasian badger</contenuImg>
            <contenuImg CS="0.657" lang="en" source="ibm">duckbilled platypus (aquatic bird)</contenuImg>
            <contenuImg CS="0.917" lang="en" source="ibm">animal</contenuImg>
            <contenuImg CS="0.916" lang="en" source="ibm">mammal</contenuImg>
            <contenuImg CS="0.855" lang="en" source="ibm">carnivore</contenuImg>
            <contenuImg CS="0.721" lang="en" source="ibm">striped skunk</contenuImg>
            <tech source="final">estampe/gravure</tech>
            <txt source="google">"1.CLOUTON - ",</txt>
            <theme source="final">13</theme>
            <tech CS="1" source="md">estampe/gravure</tech>
            <theme CS="1" source="md">13</theme>
            <contenuImg CS="1.0" lang="en" source="md">animal</contenuImg>
            <contenuImg CS="1.0" lang="en" source="md">mammal</contenuImg>
            <contenuImg CS="1.0" lang="en" source="md">verterbrate</contenuImg>
            <titraille>Collection des animaux quadrupèdes de Buffon, formant 362 planches d_animaux coloriées, servant à toutes les éditions des oeuvres de cet auteur   classées par ordres et genres sur le système de Linné. Avec 2 tables...</titraille>
          </ill>
        </ills>
      </page>
      <page ordre="19">
        <blocIll ocr="1">1</blocIll>
        <ills>
          <ill classif="CCibm" couleur="coul" h="8235" n="19-1" taille="65" w="6159" x="1" y="1">
            <contenuImg CS="0.579" lang="fr" source="ibm">musée d'histoire naturelle</contenuImg>
            <contenuImg CS="0.718" lang="fr" source="ibm">passe-partout (cadre)</contenuImg>
            <contenuImg CS="0.718" lang="fr" source="ibm">structure porteuse</contenuImg>
            <contenuImg CS="0.557" lang="fr" source="ibm">gecko volant</contenuImg>
            <contenuImg CS="0.502" lang="fr" source="ibm">amphibie</contenuImg>
            <contenuImg CS="0.858" coul="1" lang="fr" source="ibm">vert olive</contenuImg>
            <contenuImg CS="0.718" lang="fr" source="ibm">cadre</contenuImg>
            <contenuImg CS="0.557" lang="fr" source="ibm">Ptychozoon (gecko)</contenuImg>
            <contenuImg b="36" coul="1" g="48" ordre="4" r="64" source="colorific" type="frg">#403024</contenuImg>
            <contenuImg b="172" coul="1" g="171" ordre="3" r="172" source="colorific" type="frg">#acabac</contenuImg>
            <contenuImg b="53" coul="1" g="71" ordre="2" r="83" source="colorific" type="frg">#534735</contenuImg>
            <contenuImg b="100" coul="1" g="129" ordre="1" r="147" source="colorific" type="frg">#938164</contenuImg>
            <contenuImg CS="1.0" lang="fr" source="md">vertébré</contenuImg>
            <contenuImg CS="1.0" lang="fr" source="md">mammifère</contenuImg>
            <contenuImg CS="1.0" lang="fr" source="md">animal</contenuImg>
            <contenuImg CS="0.559" lang="fr" source="ibm">lézard</contenuImg>
            <contenuImg CS="0.57" lang="fr" source="ibm">reptile</contenuImg>
            <contenuImg CS="0.658" lang="fr" source="ibm">animal</contenuImg>
            <contenuImg CS="0.502" lang="fr" source="ibm">grenouille</contenuImg>
            <contenuImg CS="0.502" lang="fr" source="ibm">amphibien</contenuImg>
            <contenuImg CS="0.858" coul="1" lang="fr" source="ibm">couleur vert olive</contenuImg>
            <contenuImg CS="0.831" coul="1" lang="fr" source="ibm">marron clair</contenuImg>
            <contenuImg CS="0.831" coul="1" lang="en" source="ibm">light brown color</contenuImg>
            <contenuImg CS="0.858" coul="1" lang="en" source="ibm">olive green color</contenuImg>
            <contenuImg CS="0.502" lang="en" source="ibm">amphibian</contenuImg>
            <contenuImg CS="0.502" lang="en" source="ibm">frog</contenuImg>
            <contenuImg CS="0.5" lang="en" source="ibm">African clawed frog</contenuImg>
            <contenuImg CS="0.658" lang="en" source="ibm">animal</contenuImg>
            <contenuImg CS="0.57" lang="en" source="ibm">reptile</contenuImg>
            <contenuImg CS="0.559" lang="en" source="ibm">lizard</contenuImg>
            <contenuImg CS="0.557" lang="en" source="ibm">flying gecko</contenuImg>
            <contenuImg CS="0.579" lang="en" source="ibm">Natural History Museum</contenuImg>
            <contenuImg CS="0.718" lang="en" source="ibm">supporting structure</contenuImg>
            <contenuImg CS="0.718" lang="en" source="ibm">framework</contenuImg>
            <contenuImg CS="0.718" lang="en" source="ibm">passe-partout (frame)</contenuImg>
            <tech source="final">estampe/gravure</tech>
            <txt source="google">"LE SARIGNE MALE. - ",</txt>
            <theme source="final">13</theme>
            <tech CS="1" source="md">estampe/gravure</tech>
            <theme CS="1" source="md">13</theme>
            <contenuImg CS="1.0" lang="en" source="md">animal</contenuImg>
            <contenuImg CS="1.0" lang="en" source="md">mammal</contenuImg>
            <contenuImg CS="1.0" lang="en" source="md">verterbrate</contenuImg>
            <titraille>Collection des animaux quadrupèdes de Buffon, formant 362 planches d_animaux coloriées, servant à toutes les éditions des oeuvres de cet auteur   classées par ordres et genres sur le système de Linné. Avec 2 tables...</titraille>
          </ill>
        </ills>
      </page>
      <page ordre="20">
        <blocIll ocr="1">1</blocIll>
        <ills>
          <ill classif="CCibm" couleur="coul" h="8300" n="20-1" taille="65" w="6159" x="1" y="1">
            <contenuImg CS="0.547" lang="fr" source="ibm">musée (intérieur)</contenuImg>
            <contenuImg CS="0.896" lang="fr" source="ibm">passe-partout (cadre)</contenuImg>
            <contenuImg CS="0.896" lang="fr" source="ibm">structure porteuse</contenuImg>
            <contenuImg CS="0.798" lang="fr" source="ibm">intérieurs</contenuImg>
            <contenuImg CS="0.848" coul="1" lang="fr" source="ibm">vert olive</contenuImg>
            <contenuImg CS="0.896" lang="fr" source="ibm">cadre</contenuImg>
            <contenuImg b="48" coul="1" g="62" ordre="6" r="56" source="colorific" type="frg">#383e30</contenuImg>
            <contenuImg b="157" coul="1" g="185" ordre="5" r="159" source="colorific" type="frg">#9fb99d</contenuImg>
            <contenuImg b="172" coul="1" g="172" ordre="4" r="173" source="colorific" type="frg">#adacac</contenuImg>
            <contenuImg b="72" coul="1" g="97" ordre="3" r="89" source="colorific" type="frg">#596148</contenuImg>
            <contenuImg b="50" coul="1" g="68" ordre="2" r="81" source="colorific" type="frg">#514432</contenuImg>
            <contenuImg b="97" coul="1" g="136" ordre="1" r="140" source="colorific" type="frg">#8c8861</contenuImg>
            <contenuImg CS="1.0" lang="fr" source="md">vertébré</contenuImg>
            <contenuImg CS="1.0" lang="fr" source="md">mammifère</contenuImg>
            <contenuImg CS="1.0" lang="fr" source="md">animal</contenuImg>
            <contenuImg CS="0.848" coul="1" lang="fr" source="ibm">couleur vert olive</contenuImg>
            <contenuImg CS="0.848" coul="1" lang="en" source="ibm">olive green color</contenuImg>
            <contenuImg CS="0.798" lang="en" source="ibm">indoors</contenuImg>
            <contenuImg CS="0.547" lang="en" source="ibm">Museum (Indoor)</contenuImg>
            <contenuImg CS="0.896" lang="en" source="ibm">supporting structure</contenuImg>
            <contenuImg CS="0.896" lang="en" source="ibm">framework</contenuImg>
            <contenuImg CS="0.896" lang="en" source="ibm">passe-partout (frame)</contenuImg>
            <tech source="final">estampe/gravure</tech>
            <txt source="google">"LE SARIGNE FEMELLE. - ",</txt>
            <theme source="final">13</theme>
            <tech CS="1" source="md">estampe/gravure</tech>
            <theme CS="1" source="md">13</theme>
            <contenuImg CS="1.0" lang="en" source="md">animal</contenuImg>
            <contenuImg CS="1.0" lang="en" source="md">mammal</contenuImg>
            <contenuImg CS="1.0" lang="en" source="md">verterbrate</contenuImg>
            <titraille>Collection des animaux quadrupèdes de Buffon, formant 362 planches d_animaux coloriées, servant à toutes les éditions des oeuvres de cet auteur   classées par ordres et genres sur le système de Linné. Avec 2 tables...</titraille>
          </ill>
        </ills>
      </page>
      <page ordre="21">
        <blocIll ocr="1">1</blocIll>
        <ills>
          <ill classif="CCibm" couleur="coul" h="8300" n="21-1" taille="65" w="6159" x="1" y="1">
            <contenuImg CS="0.864" lang="fr" source="ibm">musée (intérieur)</contenuImg>
            <contenuImg CS="0.5" lang="fr" source="ibm">musée d'histoire naturelle</contenuImg>
            <contenuImg CS="0.801" lang="fr" source="ibm">galerie d'art</contenuImg>
            <contenuImg CS="0.801" lang="fr" source="ibm">intérieurs</contenuImg>
            <contenuImg CS="0.993" coul="1" lang="fr" source="ibm">vert olive</contenuImg>
            <contenuImg b="55" coul="1" g="68" ordre="6" r="72" source="colorific" type="frg">#484437</contenuImg>
            <contenuImg b="177" coul="1" g="191" ordre="5" r="164" source="colorific" type="frg">#a4bfb1</contenuImg>
            <contenuImg b="37" coul="1" g="49" ordre="4" r="68" source="colorific" type="frg">#443125</contenuImg>
            <contenuImg b="105" coul="1" g="123" ordre="3" r="131" source="colorific" type="frg">#837b69</contenuImg>
            <contenuImg b="180" coul="1" g="180" ordre="2" r="180" source="colorific" type="frg">#b4b4b4</contenuImg>
            <contenuImg b="165" coul="1" g="186" ordre="1" r="189" source="colorific" type="frg">#bdbaa5</contenuImg>
            <contenuImg CS="1.0" lang="fr" source="md">vertébré</contenuImg>
            <contenuImg CS="1.0" lang="fr" source="md">mammifère</contenuImg>
            <contenuImg CS="1.0" lang="fr" source="md">animal</contenuImg>
            <contenuImg CS="0.993" coul="1" lang="fr" source="ibm">couleur vert olive</contenuImg>
            <contenuImg CS="0.993" coul="1" lang="en" source="ibm">olive green color</contenuImg>
            <contenuImg CS="0.5" lang="en" source="ibm">Natural History Museum</contenuImg>
            <contenuImg CS="0.801" lang="en" source="ibm">indoors</contenuImg>
            <contenuImg CS="0.801" lang="en" source="ibm">art gallery</contenuImg>
            <contenuImg CS="0.864" lang="en" source="ibm">Museum (Indoor)</contenuImg>
            <tech source="final">estampe/gravure</tech>
            <txt source="google">"LE SARIQUE DES ILLINOIS. - ",</txt>
            <theme source="final">13</theme>
            <tech CS="1" source="md">estampe/gravure</tech>
            <theme CS="1" source="md">13</theme>
            <contenuImg CS="1.0" lang="en" source="md">animal</contenuImg>
            <contenuImg CS="1.0" lang="en" source="md">mammal</contenuImg>
            <contenuImg CS="1.0" lang="en" source="md">verterbrate</contenuImg>
            <titraille>Collection des animaux quadrupèdes de Buffon, formant 362 planches d_animaux coloriées, servant à toutes les éditions des oeuvres de cet auteur   classées par ordres et genres sur le système de Linné. Avec 2 tables...</titraille>
          </ill>
        </ills>
      </page>
      <page ordre="22">
        <blocIll ocr="1">1</blocIll>
        <ills>
          <ill classif="CCibm" couleur="coul" h="8300" n="22-1" taille="65" w="6159" x="1" y="1">
            <contenuImg CS="0.681" lang="fr" source="ibm">musée d'histoire naturelle</contenuImg>
            <contenuImg CS="0.553" lang="fr" source="ibm">passe-partout (cadre)</contenuImg>
            <contenuImg CS="0.553" lang="fr" source="ibm">structure porteuse</contenuImg>
            <contenuImg CS="0.517" lang="fr" source="ibm">galerie d'art</contenuImg>
            <contenuImg CS="0.517" lang="fr" source="ibm">intérieurs</contenuImg>
            <contenuImg CS="0.553" lang="fr" source="ibm">cadre</contenuImg>
            <contenuImg CS="0.521" lang="fr" source="ibm">ornithorynque</contenuImg>
            <contenuImg CS="0.5" lang="fr" source="ibm">rat musqué</contenuImg>
            <contenuImg b="65" coul="1" g="84" ordre="6" r="87" source="colorific" type="frg">#575441</contenuImg>
            <contenuImg b="115" coul="1" g="152" ordre="5" r="146" source="colorific" type="frg">#929873</contenuImg>
            <contenuImg b="80" coul="1" g="113" ordre="4" r="158" source="colorific" type="frg">#9e7150</contenuImg>
            <contenuImg b="179" coul="1" g="179" ordre="3" r="178" source="colorific" type="frg">#b2b3b3</contenuImg>
            <contenuImg b="51" coul="1" g="62" ordre="2" r="80" source="colorific" type="frg">#503e33</contenuImg>
            <contenuImg b="102" coul="1" g="120" ordre="1" r="134" source="colorific" type="frg">#867866</contenuImg>
            <contenuImg CS="1.0" lang="fr" source="md">vertébré</contenuImg>
            <contenuImg CS="1.0" lang="fr" source="md">mammifère</contenuImg>
            <contenuImg CS="1.0" lang="fr" source="md">animal</contenuImg>
            <contenuImg CS="0.611" lang="fr" source="ibm">mammifère</contenuImg>
            <contenuImg CS="0.617" lang="fr" source="ibm">animal</contenuImg>
            <contenuImg CS="0.515" lang="fr" source="ibm">rongeur</contenuImg>
            <contenuImg CS="0.929" coul="1" lang="fr" source="ibm">marron clair</contenuImg>
            <contenuImg CS="0.929" coul="1" lang="en" source="ibm">light brown color</contenuImg>
            <contenuImg CS="0.515" lang="en" source="ibm">rodent</contenuImg>
            <contenuImg CS="0.5" lang="en" source="ibm">muskrat</contenuImg>
            <contenuImg CS="0.517" lang="en" source="ibm">indoors</contenuImg>
            <contenuImg CS="0.517" lang="en" source="ibm">art gallery</contenuImg>
            <contenuImg CS="0.617" lang="en" source="ibm">animal</contenuImg>
            <contenuImg CS="0.611" lang="en" source="ibm">mammal</contenuImg>
            <contenuImg CS="0.521" lang="en" source="ibm">duckbilled platypus (aquatic bird)</contenuImg>
            <contenuImg CS="0.553" lang="en" source="ibm">supporting structure</contenuImg>
            <contenuImg CS="0.553" lang="en" source="ibm">framework</contenuImg>
            <contenuImg CS="0.553" lang="en" source="ibm">passe-partout (frame)</contenuImg>
            <contenuImg CS="0.681" lang="en" source="ibm">Natural History Museum</contenuImg>
            <tech source="final">estampe/gravure</tech>
            <txt source="google">"os - LE SARIGUE.. langr peste - ",</txt>
            <theme source="final">13</theme>
            <tech CS="1" source="md">estampe/gravure</tech>
            <theme CS="1" source="md">13</theme>
            <contenuImg CS="1.0" lang="en" source="md">animal</contenuImg>
            <contenuImg CS="1.0" lang="en" source="md">mammal</contenuImg>
            <contenuImg CS="1.0" lang="en" source="md">verterbrate</contenuImg>
            <titraille>Collection des animaux quadrupèdes de Buffon, formant 362 planches d_animaux coloriées, servant à toutes les éditions des oeuvres de cet auteur   classées par ordres et genres sur le système de Linné. Avec 2 tables...</titraille>
          </ill>
        </ills>
      </page>
      <page ordre="23">
        <blocIll ocr="1">1</blocIll>
        <ills>
          <ill classif="CCibm" couleur="coul" h="8300" n="23-1" taille="65" w="6159" x="1" y="1">
            <contenuImg CS="0.503" lang="fr" source="ibm">marsupiaux</contenuImg>
            <contenuImg CS="0.636" lang="fr" source="ibm">ornithorynque</contenuImg>
            <contenuImg CS="0.589" lang="fr" source="ibm">surmulot </contenuImg>
            <contenuImg CS="0.517" lang="fr" source="ibm">canid</contenuImg>
            <contenuImg CS="0.518" lang="fr" source="ibm">carnivor</contenuImg>
            <contenuImg CS="0.508" lang="fr" source="ibm">tamia (rongeur)</contenuImg>
            <contenuImg b="85" coul="1" g="116" ordre="5" r="139" source="colorific" type="frg">#8b7455</contenuImg>
            <contenuImg b="78" coul="1" g="97" ordre="4" r="103" source="colorific" type="frg">#67614e</contenuImg>
            <contenuImg b="40" coul="1" g="49" ordre="3" r="58" source="colorific" type="frg">#3a3128</contenuImg>
            <contenuImg b="177" coul="1" g="178" ordre="2" r="178" source="colorific" type="frg">#b2b2b1</contenuImg>
            <contenuImg b="153" coul="1" g="181" ordre="1" r="188" source="colorific" type="frg">#bcb599</contenuImg>
            <contenuImg CS="1.0" lang="fr" source="md">vertébré</contenuImg>
            <contenuImg CS="1.0" lang="fr" source="md">mammifère</contenuImg>
            <contenuImg CS="1.0" lang="fr" source="md">animal</contenuImg>
            <contenuImg CS="0.848" lang="fr" source="ibm">mammifère</contenuImg>
            <contenuImg CS="0.848" lang="fr" source="ibm">animal</contenuImg>
            <contenuImg CS="0.597" lang="fr" source="ibm">rat</contenuImg>
            <contenuImg CS="0.678" lang="fr" source="ibm">rongeur</contenuImg>
            <contenuImg CS="0.602" lang="fr" source="ibm">renard</contenuImg>
            <contenuImg CS="0.517" lang="fr" source="ibm">canin</contenuImg>
            <contenuImg CS="0.518" lang="fr" source="ibm">carnivore</contenuImg>
            <contenuImg CS="0.508" lang="fr" source="ibm">tamia</contenuImg>
            <contenuImg CS="0.521" lang="fr" source="ibm">écureuil</contenuImg>
            <contenuImg CS="0.5" lang="fr" source="ibm">bandicoot</contenuImg>
            <contenuImg CS="0.503" lang="fr" source="ibm">marsupial</contenuImg>
            <contenuImg CS="0.943" coul="1" lang="fr" source="ibm">marron clair</contenuImg>
            <contenuImg CS="0.943" coul="1" lang="en" source="ibm">light brown color</contenuImg>
            <contenuImg CS="0.503" lang="en" source="ibm">pouched mammal</contenuImg>
            <contenuImg CS="0.5" lang="en" source="ibm">bandicoot</contenuImg>
            <contenuImg CS="0.521" lang="en" source="ibm">squirrel</contenuImg>
            <contenuImg CS="0.508" lang="en" source="ibm">chipmunk</contenuImg>
            <contenuImg CS="0.518" lang="en" source="ibm">carnivore</contenuImg>
            <contenuImg CS="0.517" lang="en" source="ibm">canine</contenuImg>
            <contenuImg CS="0.602" lang="en" source="ibm">fox</contenuImg>
            <contenuImg CS="0.678" lang="en" source="ibm">rodent</contenuImg>
            <contenuImg CS="0.597" lang="en" source="ibm">rat</contenuImg>
            <contenuImg CS="0.589" lang="en" source="ibm">brown rat</contenuImg>
            <contenuImg CS="0.848" lang="en" source="ibm">animal</contenuImg>
            <contenuImg CS="0.848" lang="en" source="ibm">mammal</contenuImg>
            <contenuImg CS="0.636" lang="en" source="ibm">duckbilled platypus (aquatic bird)</contenuImg>
            <tech source="final">estampe/gravure</tech>
            <txt source="google">"LE CAYOPOLLIN - ",</txt>
            <theme source="final">13</theme>
            <tech CS="1" source="md">estampe/gravure</tech>
            <theme CS="1" source="md">13</theme>
            <contenuImg CS="1.0" lang="en" source="md">animal</contenuImg>
            <contenuImg CS="1.0" lang="en" source="md">mammal</contenuImg>
            <contenuImg CS="1.0" lang="en" source="md">verterbrate</contenuImg>
            <titraille>Collection des animaux quadrupèdes de Buffon, formant 362 planches d_animaux coloriées, servant à toutes les éditions des oeuvres de cet auteur   classées par ordres et genres sur le système de Linné. Avec 2 tables...</titraille>
          </ill>
        </ills>
      </page>
      <page ordre="24">
        <blocIll ocr="1">1</blocIll>
        <ills>
          <ill classif="CCibm" couleur="coul" h="8300" n="24-1" taille="65" w="6159" x="1" y="1">
            <contenuImg CS="0.501" lang="fr" source="ibm">store</contenuImg>
            <contenuImg CS="0.503" lang="fr" source="ibm">écran</contenuImg>
            <contenuImg CS="0.503" lang="fr" source="ibm">revêtement de protection</contenuImg>
            <contenuImg CS="0.567" lang="fr" source="ibm">chien de prairie à queue noire </contenuImg>
            <contenuImg CS="0.522" lang="fr" source="ibm">ornithorynque</contenuImg>
            <contenuImg CS="0.551" lang="fr" source="ibm">chat domestique</contenuImg>
            <contenuImg CS="0.587" lang="fr" source="ibm">carnivor</contenuImg>
            <contenuImg b="119" coul="1" g="156" ordre="6" r="143" source="colorific" type="frg">#8f9c77</contenuImg>
            <contenuImg b="57" coul="1" g="79" ordre="5" r="83" source="colorific" type="frg">#534f39</contenuImg>
            <contenuImg b="67" coul="1" g="91" ordre="4" r="120" source="colorific" type="frg">#785b43</contenuImg>
            <contenuImg b="181" coul="1" g="180" ordre="3" r="181" source="colorific" type="frg">#b5b4b5</contenuImg>
            <contenuImg b="35" coul="1" g="46" ordre="2" r="58" source="colorific" type="frg">#3a2e23</contenuImg>
            <contenuImg b="99" coul="1" g="121" ordre="1" r="131" source="colorific" type="frg">#837963</contenuImg>
            <contenuImg CS="1.0" lang="fr" source="md">vertébré</contenuImg>
            <contenuImg CS="1.0" lang="fr" source="md">mammifère</contenuImg>
            <contenuImg CS="1.0" lang="fr" source="md">animal</contenuImg>
            <contenuImg CS="0.703" lang="fr" source="ibm">rongeur</contenuImg>
            <contenuImg CS="0.834" lang="fr" source="ibm">mammifère</contenuImg>
            <contenuImg CS="0.834" lang="fr" source="ibm">animal</contenuImg>
            <contenuImg CS="0.5" lang="fr" source="ibm">abyssin (chat)</contenuImg>
            <contenuImg CS="0.579" lang="fr" source="ibm">chat</contenuImg>
            <contenuImg CS="0.587" lang="fr" source="ibm">félin</contenuImg>
            <contenuImg CS="0.587" lang="fr" source="ibm">carnivore</contenuImg>
            <contenuImg CS="0.956" coul="1" lang="fr" source="ibm">marron clair</contenuImg>
            <contenuImg CS="0.956" coul="1" lang="en" source="ibm">light brown color</contenuImg>
            <contenuImg CS="0.587" lang="en" source="ibm">carnivore</contenuImg>
            <contenuImg CS="0.587" lang="en" source="ibm">feline</contenuImg>
            <contenuImg CS="0.579" lang="en" source="ibm">cat</contenuImg>
            <contenuImg CS="0.551" lang="en" source="ibm">domestic cat</contenuImg>
            <contenuImg CS="0.5" lang="en" source="ibm">Abyssinian cat</contenuImg>
            <contenuImg CS="0.503" lang="en" source="ibm">protective covering</contenuImg>
            <contenuImg CS="0.503" lang="en" source="ibm">screen</contenuImg>
            <contenuImg CS="0.501" lang="en" source="ibm">roller blind</contenuImg>
            <contenuImg CS="0.522" lang="en" source="ibm">duckbilled platypus (aquatic bird)</contenuImg>
            <contenuImg CS="0.533" lang="en" source="ibm">jird (gerbil) rodent</contenuImg>
            <contenuImg CS="0.834" lang="en" source="ibm">animal</contenuImg>
            <contenuImg CS="0.834" lang="en" source="ibm">mammal</contenuImg>
            <contenuImg CS="0.703" lang="en" source="ibm">rodent</contenuImg>
            <contenuImg CS="0.567" lang="en" source="ibm">blacktail prairie dog</contenuImg>
            <tech source="final">estampe/gravure</tech>
            <txt source="google">"86 - LA MARMOSE MALE. - ",</txt>
            <theme source="final">13</theme>
            <tech CS="1" source="md">estampe/gravure</tech>
            <theme CS="1" source="md">13</theme>
            <contenuImg CS="1.0" lang="en" source="md">animal</contenuImg>
            <contenuImg CS="1.0" lang="en" source="md">mammal</contenuImg>
            <contenuImg CS="1.0" lang="en" source="md">verterbrate</contenuImg>
            <titraille>Collection des animaux quadrupèdes de Buffon, formant 362 planches d_animaux coloriées, servant à toutes les éditions des oeuvres de cet auteur   classées par ordres et genres sur le système de Linné. Avec 2 tables...</titraille>
          </ill>
        </ills>
      </page>
      <page ordre="25">
        <blocIll ocr="1">1</blocIll>
        <ills>
          <ill classif="CCibm" couleur="coul" h="8300" n="25-1" taille="65" w="6159" x="1" y="1">
            <contenuImg CS="0.971" lang="fr" source="ibm">passe-partout (cadre)</contenuImg>
            <contenuImg CS="0.971" lang="fr" source="ibm">structure porteuse</contenuImg>
            <contenuImg CS="0.5" lang="fr" source="ibm">blason</contenuImg>
            <contenuImg CS="0.5" lang="fr" source="ibm">arbre</contenuImg>
            <contenuImg CS="0.5" lang="fr" source="ibm">silhouette</contenuImg>
            <contenuImg CS="0.77" coul="1" lang="fr" source="ibm">vert olive</contenuImg>
            <contenuImg CS="0.971" lang="fr" source="ibm">cadre</contenuImg>
            <contenuImg b="56" coul="1" g="73" ordre="4" r="83" source="colorific" type="frg">#534938</contenuImg>
            <contenuImg b="35" coul="1" g="44" ordre="3" r="60" source="colorific" type="frg">#3c2c23</contenuImg>
            <contenuImg b="180" coul="1" g="181" ordre="2" r="180" source="colorific" type="frg">#b4b5b4</contenuImg>
            <contenuImg b="113" coul="1" g="139" ordre="1" r="148" source="colorific" type="frg">#948b71</contenuImg>
            <contenuImg CS="1.0" lang="fr" source="md">vertébré</contenuImg>
            <contenuImg CS="1.0" lang="fr" source="md">mammifère</contenuImg>
            <contenuImg CS="1.0" lang="fr" source="md">animal</contenuImg>
            <contenuImg CS="0.814" coul="1" lang="fr" source="ibm">marron clair</contenuImg>
            <contenuImg CS="0.77" coul="1" lang="fr" source="ibm">couleur vert olive</contenuImg>
            <contenuImg CS="0.77" coul="1" lang="en" source="ibm">olive green color</contenuImg>
            <contenuImg CS="0.814" coul="1" lang="en" source="ibm">light brown color</contenuImg>
            <contenuImg CS="0.5" lang="en" source="ibm">figure</contenuImg>
            <contenuImg CS="0.5" lang="en" source="ibm">tree</contenuImg>
            <contenuImg CS="0.5" lang="en" source="ibm">stemma</contenuImg>
            <contenuImg CS="0.971" lang="en" source="ibm">supporting structure</contenuImg>
            <contenuImg CS="0.971" lang="en" source="ibm">framework</contenuImg>
            <contenuImg CS="0.971" lang="en" source="ibm">passe-partout (frame)</contenuImg>
            <tech source="final">estampe/gravure</tech>
            <txt source="google">"LA MARMOSE FEMELLE. - ",</txt>
            <theme source="final">13</theme>
            <tech CS="1" source="md">estampe/gravure</tech>
            <theme CS="1" source="md">13</theme>
            <contenuImg CS="1.0" lang="en" source="md">animal</contenuImg>
            <contenuImg CS="1.0" lang="en" source="md">mammal</contenuImg>
            <contenuImg CS="1.0" lang="en" source="md">verterbrate</contenuImg>
            <titraille>Collection des animaux quadrupèdes de Buffon, formant 362 planches d_animaux coloriées, servant à toutes les éditions des oeuvres de cet auteur   classées par ordres et genres sur le système de Linné. Avec 2 tables...</titraille>
          </ill>
        </ills>
      </page>
      <page ordre="26">
        <blocIll ocr="1">1</blocIll>
        <ills>
          <ill classif="CCibm" couleur="coul" h="8300" n="26-1" taille="65" w="6159" x="1" y="1">
            <contenuImg CS="0.794" lang="fr" source="ibm">gecko volant</contenuImg>
            <contenuImg CS="0.54" lang="fr" source="ibm">amphibie</contenuImg>
            <contenuImg CS="0.794" lang="fr" source="ibm">Ptychozoon (gecko)</contenuImg>
            <contenuImg CS="0.503" lang="fr" source="ibm">canid</contenuImg>
            <contenuImg CS="0.504" lang="fr" source="ibm">carnivor</contenuImg>
            <contenuImg b="170" coul="1" g="190" ordre="7" r="156" source="colorific" type="frg">#9cbeaa</contenuImg>
            <contenuImg b="61" coul="1" g="76" ordre="6" r="74" source="colorific" type="frg">#4a4c3d</contenuImg>
            <contenuImg b="83" coul="1" g="122" ordre="5" r="159" source="colorific" type="frg">#9f7a53</contenuImg>
            <contenuImg b="40" coul="1" g="65" ordre="4" r="104" source="colorific" type="frg">#684128</contenuImg>
            <contenuImg b="176" coul="1" g="176" ordre="3" r="176" source="colorific" type="frg">#b0b0b0</contenuImg>
            <contenuImg b="37" coul="1" g="52" ordre="2" r="68" source="colorific" type="frg">#443425</contenuImg>
            <contenuImg b="91" coul="1" g="117" ordre="1" r="126" source="colorific" type="frg">#7e755b</contenuImg>
            <contenuImg CS="1.0" lang="fr" source="md">vertébré</contenuImg>
            <contenuImg CS="1.0" lang="fr" source="md">mammifère</contenuImg>
            <contenuImg CS="1.0" lang="fr" source="md">animal</contenuImg>
            <contenuImg CS="0.794" lang="fr" source="ibm">lézard</contenuImg>
            <contenuImg CS="0.794" lang="fr" source="ibm">reptile</contenuImg>
            <contenuImg CS="0.903" lang="fr" source="ibm">animal</contenuImg>
            <contenuImg CS="0.54" lang="fr" source="ibm">crabe</contenuImg>
            <contenuImg CS="0.54" lang="fr" source="ibm">amphibien</contenuImg>
            <contenuImg CS="0.5" lang="fr" source="ibm">coyote</contenuImg>
            <contenuImg CS="0.5" lang="fr" source="ibm">loup</contenuImg>
            <contenuImg CS="0.503" lang="fr" source="ibm">canin</contenuImg>
            <contenuImg CS="0.504" lang="fr" source="ibm">carnivore</contenuImg>
            <contenuImg CS="0.51" lang="fr" source="ibm">mammifère</contenuImg>
            <contenuImg CS="0.966" coul="1" lang="fr" source="ibm">marron clair</contenuImg>
            <contenuImg CS="0.966" coul="1" lang="en" source="ibm">light brown color</contenuImg>
            <contenuImg CS="0.51" lang="en" source="ibm">mammal</contenuImg>
            <contenuImg CS="0.504" lang="en" source="ibm">carnivore</contenuImg>
            <contenuImg CS="0.503" lang="en" source="ibm">canine</contenuImg>
            <contenuImg CS="0.5" lang="en" source="ibm">wolf</contenuImg>
            <contenuImg CS="0.5" lang="en" source="ibm">coyote</contenuImg>
            <contenuImg CS="0.54" lang="en" source="ibm">amphibian</contenuImg>
            <contenuImg CS="0.54" lang="en" source="ibm">crab</contenuImg>
            <contenuImg CS="0.903" lang="en" source="ibm">animal</contenuImg>
            <contenuImg CS="0.794" lang="en" source="ibm">reptile</contenuImg>
            <contenuImg CS="0.794" lang="en" source="ibm">lizard</contenuImg>
            <contenuImg CS="0.794" lang="en" source="ibm">flying gecko</contenuImg>
            <tech source="final">estampe/gravure</tech>
            <txt source="google">"free) - LE CRABIER - ",</txt>
            <theme source="final">13</theme>
            <tech CS="1" source="md">estampe/gravure</tech>
            <theme CS="1" source="md">13</theme>
            <contenuImg CS="1.0" lang="en" source="md">animal</contenuImg>
            <contenuImg CS="1.0" lang="en" source="md">mammal</contenuImg>
            <contenuImg CS="1.0" lang="en" source="md">verterbrate</contenuImg>
            <titraille>Collection des animaux quadrupèdes de Buffon, formant 362 planches d_animaux coloriées, servant à toutes les éditions des oeuvres de cet auteur   classées par ordres et genres sur le système de Linné. Avec 2 tables...</titraille>
          </ill>
        </ills>
      </page>
      <page ordre="27">
        <blocIll ocr="1">1</blocIll>
        <ills>
          <ill classif="CCibm" couleur="coul" h="8300" n="27-1" taille="65" w="6159" x="1" y="1">
            <contenuImg CS="0.657" lang="fr" source="ibm">genêt</contenuImg>
            <contenuImg CS="0.761" lang="fr" source="ibm">margay, chat-tigre</contenuImg>
            <contenuImg CS="0.966" lang="fr" source="ibm">carnivor</contenuImg>
            <contenuImg CS="0.657" lang="fr" source="ibm">genette</contenuImg>
            <contenuImg CS="0.5" lang="fr" source="ibm">chat domestique</contenuImg>
            <contenuImg b="84" coul="1" g="117" ordre="5" r="111" source="colorific" type="frg">#6f7554</contenuImg>
            <contenuImg b="33" coul="1" g="43" ordre="4" r="63" source="colorific" type="frg">#3f2b21</contenuImg>
            <contenuImg b="179" coul="1" g="179" ordre="3" r="179" source="colorific" type="frg">#b3b3b3</contenuImg>
            <contenuImg b="113" coul="1" g="145" ordre="2" r="170" source="colorific" type="frg">#aa9171</contenuImg>
            <contenuImg b="58" coul="1" g="77" ordre="1" r="94" source="colorific" type="frg">#5e4d3a</contenuImg>
            <contenuImg CS="1.0" lang="fr" source="md">vertébré</contenuImg>
            <contenuImg CS="1.0" lang="fr" source="md">mammifère</contenuImg>
            <contenuImg CS="1.0" lang="fr" source="md">animal</contenuImg>
            <contenuImg CS="0.762" lang="fr" source="ibm">chat sauvage</contenuImg>
            <contenuImg CS="0.911" lang="fr" source="ibm">chat</contenuImg>
            <contenuImg CS="0.922" lang="fr" source="ibm">félin</contenuImg>
            <contenuImg CS="0.966" lang="fr" source="ibm">carnivore</contenuImg>
            <contenuImg CS="0.966" lang="fr" source="ibm">mammifère</contenuImg>
            <contenuImg CS="0.966" lang="fr" source="ibm">animal</contenuImg>
            <contenuImg CS="0.906" coul="1" lang="fr" source="ibm">beige</contenuImg>
            <contenuImg CS="0.768" coul="1" lang="fr" source="ibm">marron clair</contenuImg>
            <contenuImg CS="0.768" coul="1" lang="en" source="ibm">light brown color</contenuImg>
            <contenuImg CS="0.906" coul="1" lang="en" source="ibm">beige color</contenuImg>
            <contenuImg CS="0.5" lang="en" source="ibm">domestic cat</contenuImg>
            <contenuImg CS="0.657" lang="en" source="ibm">genet</contenuImg>
            <contenuImg CS="0.966" lang="en" source="ibm">animal</contenuImg>
            <contenuImg CS="0.966" lang="en" source="ibm">mammal</contenuImg>
            <contenuImg CS="0.966" lang="en" source="ibm">carnivore</contenuImg>
            <contenuImg CS="0.922" lang="en" source="ibm">feline</contenuImg>
            <contenuImg CS="0.911" lang="en" source="ibm">cat</contenuImg>
            <contenuImg CS="0.762" lang="en" source="ibm">wildcat</contenuImg>
            <contenuImg CS="0.761" lang="en" source="ibm">margay cat</contenuImg>
            <tech source="final">estampe/gravure</tech>
            <txt source="google">"PHALANGER MALE. - ",</txt>
            <theme source="final">13</theme>
            <tech CS="1" source="md">estampe/gravure</tech>
            <theme CS="1" source="md">13</theme>
            <contenuImg CS="1.0" lang="en" source="md">animal</contenuImg>
            <contenuImg CS="1.0" lang="en" source="md">mammal</contenuImg>
            <contenuImg CS="1.0" lang="en" source="md">verterbrate</contenuImg>
            <titraille>Collection des animaux quadrupèdes de Buffon, formant 362 planches d_animaux coloriées, servant à toutes les éditions des oeuvres de cet auteur   classées par ordres et genres sur le système de Linné. Avec 2 tables...</titraille>
          </ill>
        </ills>
      </page>
      <page ordre="28">
        <blocIll ocr="1">1</blocIll>
        <ills>
          <ill classif="CCibm" couleur="coul" h="8300" n="28-1" taille="65" w="6159" x="1" y="1">
            <contenuImg CS="0.526" lang="fr" source="ibm">marsupiaux</contenuImg>
            <contenuImg CS="0.511" lang="fr" source="ibm">gecko volant</contenuImg>
            <contenuImg CS="0.652" lang="fr" source="ibm">petit polatouche (écureuil)</contenuImg>
            <contenuImg CS="0.522" lang="fr" source="ibm">opossum volant</contenuImg>
            <contenuImg CS="0.594" lang="fr" source="ibm">marmotte</contenuImg>
            <contenuImg CS="0.511" lang="fr" source="ibm">Ptychozoon (gecko)</contenuImg>
            <contenuImg CS="0.5" lang="fr" source="ibm">écureuil-antilope</contenuImg>
            <contenuImg b="37" coul="1" g="49" ordre="4" r="67" source="colorific" type="frg">#433125</contenuImg>
            <contenuImg b="180" coul="1" g="180" ordre="3" r="181" source="colorific" type="frg">#b5b4b4</contenuImg>
            <contenuImg b="116" coul="1" g="139" ordre="2" r="145" source="colorific" type="frg">#918b74</contenuImg>
            <contenuImg b="58" coul="1" g="75" ordre="1" r="86" source="colorific" type="frg">#564b3a</contenuImg>
            <contenuImg CS="1.0" lang="fr" source="md">vertébré</contenuImg>
            <contenuImg CS="1.0" lang="fr" source="md">mammifère</contenuImg>
            <contenuImg CS="1.0" lang="fr" source="md">animal</contenuImg>
            <contenuImg CS="0.777" lang="fr" source="ibm">écureuil</contenuImg>
            <contenuImg CS="0.814" lang="fr" source="ibm">rongeur</contenuImg>
            <contenuImg CS="0.847" lang="fr" source="ibm">mammifère</contenuImg>
            <contenuImg CS="0.87" lang="fr" source="ibm">animal</contenuImg>
            <contenuImg CS="0.526" lang="fr" source="ibm">marsupial</contenuImg>
            <contenuImg CS="0.512" lang="fr" source="ibm">lézard</contenuImg>
            <contenuImg CS="0.514" lang="fr" source="ibm">reptile</contenuImg>
            <contenuImg CS="0.783" coul="1" lang="fr" source="ibm">gris</contenuImg>
            <contenuImg CS="0.697" coul="1" lang="fr" source="ibm">marron clair</contenuImg>
            <contenuImg CS="0.697" coul="1" lang="en" source="ibm">light brown color</contenuImg>
            <contenuImg CS="0.783" coul="1" lang="en" source="ibm">gray color</contenuImg>
            <contenuImg CS="0.5" lang="en" source="ibm">antelope squirrel</contenuImg>
            <contenuImg CS="0.514" lang="en" source="ibm">reptile</contenuImg>
            <contenuImg CS="0.512" lang="en" source="ibm">lizard</contenuImg>
            <contenuImg CS="0.511" lang="en" source="ibm">flying gecko</contenuImg>
            <contenuImg CS="0.594" lang="en" source="ibm">ground squirrel</contenuImg>
            <contenuImg CS="0.526" lang="en" source="ibm">pouched mammal</contenuImg>
            <contenuImg CS="0.522" lang="en" source="ibm">flying opossum</contenuImg>
            <contenuImg CS="0.87" lang="en" source="ibm">animal</contenuImg>
            <contenuImg CS="0.847" lang="en" source="ibm">mammal</contenuImg>
            <contenuImg CS="0.814" lang="en" source="ibm">rodent</contenuImg>
            <contenuImg CS="0.777" lang="en" source="ibm">squirrel</contenuImg>
            <contenuImg CS="0.652" lang="en" source="ibm">southern flying squirrel</contenuImg>
            <tech source="final">estampe/gravure</tech>
            <txt source="google">"PHALANCER FEMELLE. - ",</txt>
            <theme source="final">13</theme>
            <tech CS="1" source="md">estampe/gravure</tech>
            <theme CS="1" source="md">13</theme>
            <contenuImg CS="1.0" lang="en" source="md">animal</contenuImg>
            <contenuImg CS="1.0" lang="en" source="md">mammal</contenuImg>
            <contenuImg CS="1.0" lang="en" source="md">verterbrate</contenuImg>
            <titraille>Collection des animaux quadrupèdes de Buffon, formant 362 planches d_animaux coloriées, servant à toutes les éditions des oeuvres de cet auteur   classées par ordres et genres sur le système de Linné. Avec 2 tables...</titraille>
          </ill>
        </ills>
      </page>
      <page ordre="29">
        <blocIll ocr="1">1</blocIll>
        <ills>
          <ill classif="CCibm" couleur="coul" h="8300" n="29-1" taille="65" w="6159" x="1" y="1">
            <contenuImg CS="0.876" lang="fr" source="ibm">structure porteuse</contenuImg>
            <contenuImg CS="0.576" lang="fr" source="ibm">passe-partout (cadre)</contenuImg>
            <contenuImg CS="0.543" lang="fr" source="ibm">galerie d'art</contenuImg>
            <contenuImg CS="0.543" lang="fr" source="ibm">intérieurs</contenuImg>
            <contenuImg CS="0.5" lang="fr" source="ibm">blason</contenuImg>
            <contenuImg CS="0.501" lang="fr" source="ibm">arbre</contenuImg>
            <contenuImg CS="0.501" lang="fr" source="ibm">silhouette</contenuImg>
            <contenuImg CS="0.699" coul="1" lang="fr" source="ibm">vert olive</contenuImg>
            <contenuImg CS="0.876" lang="fr" source="ibm">cadre</contenuImg>
            <contenuImg b="42" coul="1" g="74" ordre="5" r="76" source="colorific" type="frg">#4c4a2a</contenuImg>
            <contenuImg b="35" coul="1" g="49" ordre="4" r="63" source="colorific" type="frg">#3f3123</contenuImg>
            <contenuImg b="97" coul="1" g="141" ordre="3" r="142" source="colorific" type="frg">#8e8d61</contenuImg>
            <contenuImg b="177" coul="1" g="176" ordre="2" r="177" source="colorific" type="frg">#b1b0b1</contenuImg>
            <contenuImg b="77" coul="1" g="100" ordre="1" r="116" source="colorific" type="frg">#74644d</contenuImg>
            <contenuImg CS="1.0" lang="fr" source="md">vertébré</contenuImg>
            <contenuImg CS="1.0" lang="fr" source="md">mammifère</contenuImg>
            <contenuImg CS="1.0" lang="fr" source="md">animal</contenuImg>
            <contenuImg CS="0.709" coul="1" lang="fr" source="ibm">marron clair</contenuImg>
            <contenuImg CS="0.699" coul="1" lang="fr" source="ibm">couleur vert olive</contenuImg>
            <contenuImg CS="0.699" coul="1" lang="en" source="ibm">olive green color</contenuImg>
            <contenuImg CS="0.709" coul="1" lang="en" source="ibm">light brown color</contenuImg>
            <contenuImg CS="0.501" lang="en" source="ibm">figure</contenuImg>
            <contenuImg CS="0.501" lang="en" source="ibm">tree</contenuImg>
            <contenuImg CS="0.5" lang="en" source="ibm">stemma</contenuImg>
            <contenuImg CS="0.529" lang="en" source="ibm">frame</contenuImg>
            <contenuImg CS="0.543" lang="en" source="ibm">indoors</contenuImg>
            <contenuImg CS="0.543" lang="en" source="ibm">art gallery</contenuImg>
            <contenuImg CS="0.576" lang="en" source="ibm">passe-partout (frame)</contenuImg>
            <contenuImg CS="0.876" lang="en" source="ibm">supporting structure</contenuImg>
            <contenuImg CS="0.876" lang="en" source="ibm">framework</contenuImg>
            <contenuImg CS="0.601" lang="en" source="ibm">picture frame</contenuImg>
            <tech source="final">estampe/gravure</tech>
            <txt source="google">"ED - LE TARSIER - ",</txt>
            <theme source="final">13</theme>
            <tech CS="1" source="md">estampe/gravure</tech>
            <theme CS="1" source="md">13</theme>
            <contenuImg CS="1.0" lang="en" source="md">animal</contenuImg>
            <contenuImg CS="1.0" lang="en" source="md">mammal</contenuImg>
            <contenuImg CS="1.0" lang="en" source="md">verterbrate</contenuImg>
            <titraille>Collection des animaux quadrupèdes de Buffon, formant 362 planches d_animaux coloriées, servant à toutes les éditions des oeuvres de cet auteur   classées par ordres et genres sur le système de Linné. Avec 2 tables...</titraille>
          </ill>
        </ills>
      </page>
      <page ordre="30">
        <blocIll ocr="1">1</blocIll>
        <ills>
          <ill classif="CCibm" couleur="coul" h="8300" n="30-1" taille="65" w="6159" x="1" y="1">
            <contenuImg CS="0.954" lang="fr" source="ibm">passe-partout (cadre)</contenuImg>
            <contenuImg CS="0.954" lang="fr" source="ibm">structure porteuse</contenuImg>
            <contenuImg CS="0.954" lang="fr" source="ibm">cadre</contenuImg>
            <contenuImg b="36" coul="1" g="48" ordre="4" r="61" source="colorific" type="frg">#3d3024</contenuImg>
            <contenuImg b="175" coul="1" g="176" ordre="3" r="177" source="colorific" type="frg">#b1b0af</contenuImg>
            <contenuImg b="115" coul="1" g="140" ordre="2" r="145" source="colorific" type="frg">#918c73</contenuImg>
            <contenuImg b="58" coul="1" g="72" ordre="1" r="78" source="colorific" type="frg">#4e483a</contenuImg>
            <contenuImg CS="1.0" lang="fr" source="md">vertébré</contenuImg>
            <contenuImg CS="1.0" lang="fr" source="md">mammifère</contenuImg>
            <contenuImg CS="1.0" lang="fr" source="md">animal</contenuImg>
            <contenuImg CS="0.797" lang="fr" source="ibm">animal</contenuImg>
            <contenuImg CS="0.789" coul="1" lang="fr" source="ibm">brun rougeâtre</contenuImg>
            <contenuImg CS="0.789" coul="1" lang="en" source="ibm">reddish brown color</contenuImg>
            <contenuImg CS="0.797" lang="en" source="ibm">animal</contenuImg>
            <contenuImg CS="0.954" lang="en" source="ibm">supporting structure</contenuImg>
            <contenuImg CS="0.954" lang="en" source="ibm">framework</contenuImg>
            <contenuImg CS="0.954" lang="en" source="ibm">passe-partout (frame)</contenuImg>
            <tech source="final">estampe/gravure</tech>
            <txt source="google">"TAPE - ",</txt>
            <theme source="final">13</theme>
            <tech CS="1" source="md">estampe/gravure</tech>
            <theme CS="1" source="md">13</theme>
            <contenuImg CS="1.0" lang="en" source="md">animal</contenuImg>
            <contenuImg CS="1.0" lang="en" source="md">mammal</contenuImg>
            <contenuImg CS="1.0" lang="en" source="md">verterbrate</contenuImg>
            <titraille>Collection des animaux quadrupèdes de Buffon, formant 362 planches d_animaux coloriées, servant à toutes les éditions des oeuvres de cet auteur   classées par ordres et genres sur le système de Linné. Avec 2 tables...</titraille>
          </ill>
        </ills>
      </page>
      <page ordre="31">
        <blocIll ocr="1">1</blocIll>
        <ills>
          <ill classif="CCibm" couleur="coul" h="8300" n="31-1" taille="65" w="6159" x="1" y="1">
            <contenuImg CS="0.54" lang="fr" source="ibm">poisson-chat</contenuImg>
            <contenuImg CS="0.522" lang="fr" source="ibm">passe-partout (cadre)</contenuImg>
            <contenuImg CS="0.522" lang="fr" source="ibm">structure porteuse</contenuImg>
            <contenuImg CS="0.506" lang="fr" source="ibm">joint</contenuImg>
            <contenuImg CS="0.5" lang="fr" source="ibm">amphibie</contenuImg>
            <contenuImg CS="0.736" coul="1" lang="fr" source="ibm">vert d'eau</contenuImg>
            <contenuImg CS="0.621" coul="1" lang="fr" source="ibm">verdâtre</contenuImg>
            <contenuImg CS="0.535" lang="fr" source="ibm">placoderme (poisson)</contenuImg>
            <contenuImg CS="0.522" lang="fr" source="ibm">cadre</contenuImg>
            <contenuImg b="57" coul="1" g="78" ordre="6" r="114" source="colorific" type="frg">#724e39</contenuImg>
            <contenuImg b="81" coul="1" g="111" ordre="5" r="167" source="colorific" type="frg">#a76f51</contenuImg>
            <contenuImg b="85" coul="1" g="130" ordre="4" r="116" source="colorific" type="frg">#748255</contenuImg>
            <contenuImg b="176" coul="1" g="176" ordre="3" r="175" source="colorific" type="frg">#afb0b0</contenuImg>
            <contenuImg b="55" coul="1" g="71" ordre="2" r="80" source="colorific" type="frg">#504737</contenuImg>
            <contenuImg b="98" coul="1" g="127" ordre="1" r="153" source="colorific" type="frg">#997f62</contenuImg>
            <contenuImg CS="1.0" lang="fr" source="md">vertébré</contenuImg>
            <contenuImg CS="1.0" lang="fr" source="md">mammifère</contenuImg>
            <contenuImg CS="1.0" lang="fr" source="md">animal</contenuImg>
            <contenuImg CS="0.572" lang="fr" source="ibm">poisson pulmoné</contenuImg>
            <contenuImg CS="0.682" lang="fr" source="ibm">poisson</contenuImg>
            <contenuImg CS="0.758" lang="fr" source="ibm">vertébré aquatique</contenuImg>
            <contenuImg CS="0.82" lang="fr" source="ibm">animal</contenuImg>
            <contenuImg CS="0.54" lang="fr" source="ibm">poisson chat</contenuImg>
            <contenuImg CS="0.506" lang="fr" source="ibm">phoque</contenuImg>
            <contenuImg CS="0.509" lang="fr" source="ibm">mammifère aquatique</contenuImg>
            <contenuImg CS="0.511" lang="fr" source="ibm">mammifère</contenuImg>
            <contenuImg CS="0.5" lang="fr" source="ibm">grenouille</contenuImg>
            <contenuImg CS="0.5" lang="fr" source="ibm">amphibien</contenuImg>
            <contenuImg CS="0.621" coul="1" lang="fr" source="ibm">verdâtre (couleur)</contenuImg>
            <contenuImg CS="0.621" coul="1" lang="en" source="ibm">greenishness color</contenuImg>
            <contenuImg CS="0.736" coul="1" lang="en" source="ibm">sea green color</contenuImg>
            <contenuImg CS="0.5" lang="en" source="ibm">amphibian</contenuImg>
            <contenuImg CS="0.5" lang="en" source="ibm">frog</contenuImg>
            <contenuImg CS="0.5" lang="en" source="ibm">African clawed frog</contenuImg>
            <contenuImg CS="0.511" lang="en" source="ibm">mammal</contenuImg>
            <contenuImg CS="0.509" lang="en" source="ibm">aquatic mammal</contenuImg>
            <contenuImg CS="0.506" lang="en" source="ibm">seal</contenuImg>
            <contenuImg CS="0.522" lang="en" source="ibm">supporting structure</contenuImg>
            <contenuImg CS="0.522" lang="en" source="ibm">framework</contenuImg>
            <contenuImg CS="0.522" lang="en" source="ibm">passe-partout (frame)</contenuImg>
            <contenuImg CS="0.535" lang="en" source="ibm">placoderm (fish)</contenuImg>
            <contenuImg CS="0.54" lang="en" source="ibm">catfish</contenuImg>
            <contenuImg CS="0.536" lang="en" source="ibm">European catfish</contenuImg>
            <contenuImg CS="0.82" lang="en" source="ibm">animal</contenuImg>
            <contenuImg CS="0.758" lang="en" source="ibm">aquatic vertebrate</contenuImg>
            <contenuImg CS="0.682" lang="en" source="ibm">fish</contenuImg>
            <contenuImg CS="0.572" lang="en" source="ibm">lungfish</contenuImg>
            <tech source="final">estampe/gravure</tech>
            <txt source="google">"30 - LA TAUPE DE CANADA - ",</txt>
            <theme source="final">13</theme>
            <tech CS="1" source="md">estampe/gravure</tech>
            <theme CS="1" source="md">13</theme>
            <contenuImg CS="1.0" lang="en" source="md">animal</contenuImg>
            <contenuImg CS="1.0" lang="en" source="md">mammal</contenuImg>
            <contenuImg CS="1.0" lang="en" source="md">verterbrate</contenuImg>
            <titraille>Collection des animaux quadrupèdes de Buffon, formant 362 planches d_animaux coloriées, servant à toutes les éditions des oeuvres de cet auteur   classées par ordres et genres sur le système de Linné. Avec 2 tables...</titraille>
          </ill>
        </ills>
      </page>
    </pages>
  </contenus>
</analyseAlto>