<analyseAlto>
  <metad>
    <type>M</type>
    <ID>bpt6k96163755</ID>
    <titre>Histoire naturelle des reptiles. Première partie : crocodiles et tortues, par Léon Vaillant et Guillaume Grandidier (Volume 17, Fascicule 58)</titre>
    <dateEdition>1910</dateEdition>
    <lang>fre</lang>
    <notice>ark:/12148/cb34138734w</notice>
    <source>BnF</source>
    <nbPage>150</nbPage>
  </metad>
  <contenus ocr="true">
    <largeur>0</largeur>
    <hauteur>0</hauteur>
    <largeurPx>4084</largeurPx>
    <hauteurPx>5264</hauteurPx>
    <pages>
      <page h="5264" ordre="1" w="4084">
        <nbMot>0</nbMot>
        <blocTexte>0</blocTexte>
        <blocTab>0</blocTab>
        <blocPub>0</blocPub>
        <blocIll ocr="0">0</blocIll>
      </page>
      <page h="5268" ordre="2" w="3984">
        <nbMot>0</nbMot>
        <blocTexte>0</blocTexte>
        <blocTab>0</blocTab>
        <blocPub>0</blocPub>
        <blocIll ocr="0">0</blocIll>
      </page>
      <page h="5264" ordre="3" w="3952">
        <nbMot>50</nbMot>
        <blocTexte>17</blocTexte>
        <blocTab>0</blocTab>
        <blocPub>0</blocPub>
        <blocIll ocr="0">0</blocIll>
      </page>
      <page h="5256" ordre="4" w="4044">
        <nbMot>0</nbMot>
        <blocTexte>0</blocTexte>
        <blocTab>0</blocTab>
        <blocPub>0</blocPub>
        <blocIll ocr="0">0</blocIll>
      </page>
      <page h="5264" ordre="5" w="3976">
        <nbMot>7</nbMot>
        <blocTexte>3</blocTexte>
        <blocTab>0</blocTab>
        <blocPub>0</blocPub>
        <blocIll ocr="0">0</blocIll>
      </page>
      <page h="5268" ordre="6" w="4044">
        <nbMot>8</nbMot>
        <blocTexte>3</blocTexte>
        <blocTab>0</blocTab>
        <blocPub>0</blocPub>
        <blocIll ocr="0">0</blocIll>
      </page>
      <page h="5264" ordre="7" w="3976">
        <nbMot>47</nbMot>
        <blocTexte>14</blocTexte>
        <blocTab>0</blocTab>
        <blocPub>0</blocPub>
        <blocIll ocr="0">0</blocIll>
      </page>
      <page h="5268" ordre="8" w="4044">
        <nbMot>0</nbMot>
        <blocTexte>0</blocTexte>
        <blocTab>0</blocTab>
        <blocPub>0</blocPub>
        <blocIll ocr="0">0</blocIll>
      </page>
      <page h="5276" ordre="9" w="3976">
        <nbMot>200</nbMot>
        <blocTexte>7</blocTexte>
        <blocTab>0</blocTab>
        <blocPub>0</blocPub>
        <blocIll ocr="0">0</blocIll>
      </page>
      <page h="5268" ordre="10" w="4032">
        <nbMot>339</nbMot>
        <blocTexte>6</blocTexte>
        <blocTab>0</blocTab>
        <blocPub>0</blocPub>
        <blocIll ocr="0">0</blocIll>
      </page>
      <page h="5276" ordre="11" w="3952">
        <nbMot>340</nbMot>
        <blocTexte>11</blocTexte>
        <blocTab>0</blocTab>
        <blocPub>0</blocPub>
        <blocIll ocr="0">0</blocIll>
      </page>
      <page h="5292" ordre="12" w="4032">
        <nbMot>363</nbMot>
        <blocTexte>15</blocTexte>
        <blocTab>0</blocTab>
        <blocPub>0</blocPub>
        <blocIll ocr="0">0</blocIll>
      </page>
      <page h="5276" ordre="13" w="3940">
        <nbMot>349</nbMot>
        <blocTexte>7</blocTexte>
        <blocTab>0</blocTab>
        <blocPub>0</blocPub>
        <blocIll ocr="0">0</blocIll>
      </page>
      <page h="5280" ordre="14" w="4032">
        <nbMot>347</nbMot>
        <blocTexte>7</blocTexte>
        <blocTab>0</blocTab>
        <blocPub>0</blocPub>
        <blocIll ocr="0">0</blocIll>
      </page>
      <page h="5276" ordre="15" w="3952">
        <nbMot>375</nbMot>
        <blocTexte>11</blocTexte>
        <blocTab>0</blocTab>
        <blocPub>0</blocPub>
        <blocIll ocr="0">0</blocIll>
      </page>
      <page h="5268" ordre="16" w="4056">
        <nbMot>373</nbMot>
        <blocTexte>5</blocTexte>
        <blocTab>0</blocTab>
        <blocPub>0</blocPub>
        <blocIll ocr="0">0</blocIll>
      </page>
      <page h="5276" ordre="17" w="3952">
        <nbMot>358</nbMot>
        <blocTexte>6</blocTexte>
        <blocTab>0</blocTab>
        <blocPub>0</blocPub>
        <blocIll ocr="0">0</blocIll>
      </page>
      <page h="5268" ordre="18" w="4056">
        <nbMot>362</nbMot>
        <blocTexte>3</blocTexte>
        <blocTab>0</blocTab>
        <blocPub>0</blocPub>
        <blocIll ocr="0">0</blocIll>
      </page>
      <page h="5276" ordre="19" w="3952">
        <nbMot>409</nbMot>
        <blocTexte>8</blocTexte>
        <blocTab>0</blocTab>
        <blocPub>0</blocPub>
        <blocIll ocr="0">0</blocIll>
      </page>
      <page h="5268" ordre="20" w="4056">
        <nbMot>437</nbMot>
        <blocTexte>6</blocTexte>
        <blocTab>0</blocTab>
        <blocPub>0</blocPub>
        <blocIll ocr="0">0</blocIll>
      </page>
      <page h="5276" ordre="21" w="3952">
        <nbMot>425</nbMot>
        <blocTexte>6</blocTexte>
        <blocTab>0</blocTab>
        <blocPub>0</blocPub>
        <blocIll ocr="0">0</blocIll>
      </page>
      <page h="5268" ordre="22" w="4056">
        <nbMot>489</nbMot>
        <blocTexte>8</blocTexte>
        <blocTab>0</blocTab>
        <blocPub>0</blocPub>
        <blocIll ocr="0">0</blocIll>
      </page>
      <page h="5276" ordre="23" w="3964">
        <nbMot>488</nbMot>
        <blocTexte>10</blocTexte>
        <blocTab>0</blocTab>
        <blocPub>0</blocPub>
        <blocIll ocr="0">0</blocIll>
      </page>
      <page h="5268" ordre="24" w="4056">
        <nbMot>568</nbMot>
        <blocTexte>5</blocTexte>
        <blocTab>0</blocTab>
        <blocPub>0</blocPub>
        <blocIll ocr="0">0</blocIll>
      </page>
      <page h="5276" ordre="25" w="3964">
        <nbMot>606</nbMot>
        <blocTexte>12</blocTexte>
        <blocTab>0</blocTab>
        <blocPub>0</blocPub>
        <blocIll ocr="0">0</blocIll>
      </page>
      <page h="5280" ordre="26" w="4080">
        <nbMot>568</nbMot>
        <blocTexte>7</blocTexte>
        <blocTab>0</blocTab>
        <blocPub>0</blocPub>
        <blocIll ocr="0">0</blocIll>
      </page>
      <page h="5276" ordre="27" w="3952">
        <nbMot>479</nbMot>
        <blocTexte>10</blocTexte>
        <blocTab>0</blocTab>
        <blocPub>0</blocPub>
        <blocIll ocr="0">0</blocIll>
      </page>
      <page h="5292" ordre="28" w="4080">
        <nbMot>570</nbMot>
        <blocTexte>7</blocTexte>
        <blocTab>0</blocTab>
        <blocPub>0</blocPub>
        <blocIll ocr="0">0</blocIll>
      </page>
      <page h="5276" ordre="29" w="3952">
        <nbMot>564</nbMot>
        <blocTexte>6</blocTexte>
        <blocTab>0</blocTab>
        <blocPub>0</blocPub>
        <blocIll ocr="0">0</blocIll>
      </page>
      <page h="5244" ordre="30" w="4032">
        <nbMot>372</nbMot>
        <blocTexte>6</blocTexte>
        <blocTab>0</blocTab>
        <blocPub>0</blocPub>
        <blocIll ocr="0">0</blocIll>
      </page>
      <page h="5276" ordre="31" w="3952">
        <nbMot>417</nbMot>
        <blocTexte>6</blocTexte>
        <blocTab>0</blocTab>
        <blocPub>0</blocPub>
        <blocIll ocr="0">0</blocIll>
      </page>
      <page h="5268" ordre="32" w="4008">
        <nbMot>422</nbMot>
        <blocTexte>7</blocTexte>
        <blocTab>0</blocTab>
        <blocPub>0</blocPub>
        <blocIll ocr="0">0</blocIll>
      </page>
      <page h="5276" ordre="33" w="3952">
        <nbMot>440</nbMot>
        <blocTexte>10</blocTexte>
        <blocTab>0</blocTab>
        <blocPub>0</blocPub>
        <blocIll ocr="0">0</blocIll>
      </page>
      <page h="5280" ordre="34" w="4032">
        <nbMot>242</nbMot>
        <blocTexte>24</blocTexte>
        <blocTab>0</blocTab>
        <blocPub>0</blocPub>
        <blocIll ocr="0">0</blocIll>
      </page>
      <page h="5276" ordre="35" w="3952">
        <nbMot>371</nbMot>
        <blocTexte>5</blocTexte>
        <blocTab>0</blocTab>
        <blocPub>0</blocPub>
        <blocIll ocr="0">0</blocIll>
      </page>
      <page h="5280" ordre="36" w="4032">
        <nbMot>359</nbMot>
        <blocTexte>17</blocTexte>
        <blocTab>0</blocTab>
        <blocPub>0</blocPub>
        <blocIll ocr="0">0</blocIll>
      </page>
      <page h="5276" ordre="37" w="3964">
        <nbMot>480</nbMot>
        <blocTexte>13</blocTexte>
        <blocTab>0</blocTab>
        <blocPub>0</blocPub>
        <blocIll ocr="0">0</blocIll>
      </page>
      <page h="5268" ordre="38" w="4032">
        <nbMot>587</nbMot>
        <blocTexte>16</blocTexte>
        <blocTab>0</blocTab>
        <blocPub>0</blocPub>
        <blocIll ocr="0">0</blocIll>
      </page>
      <page h="5288" ordre="39" w="3952">
        <nbMot>361</nbMot>
        <blocTexte>4</blocTexte>
        <blocTab>0</blocTab>
        <blocPub>0</blocPub>
        <blocIll ocr="0">0</blocIll>
      </page>
      <page h="5268" ordre="40" w="4044">
        <nbMot>399</nbMot>
        <blocTexte>5</blocTexte>
        <blocTab>0</blocTab>
        <blocPub>0</blocPub>
        <blocIll ocr="0">0</blocIll>
      </page>
      <page h="5276" ordre="41" w="3952">
        <nbMot>377</nbMot>
        <blocTexte>4</blocTexte>
        <blocTab>0</blocTab>
        <blocPub>0</blocPub>
        <blocIll ocr="0">0</blocIll>
      </page>
      <page h="5280" ordre="42" w="4044">
        <nbMot>365</nbMot>
        <blocTexte>6</blocTexte>
        <blocTab>0</blocTab>
        <blocPub>0</blocPub>
        <blocIll ocr="0">0</blocIll>
      </page>
      <page h="5276" ordre="43" w="3952">
        <nbMot>377</nbMot>
        <blocTexte>5</blocTexte>
        <blocTab>0</blocTab>
        <blocPub>0</blocPub>
        <blocIll ocr="0">0</blocIll>
      </page>
      <page h="5280" ordre="44" w="4044">
        <nbMot>334</nbMot>
        <blocTexte>11</blocTexte>
        <blocTab>0</blocTab>
        <blocPub>0</blocPub>
        <blocIll ocr="0">0</blocIll>
      </page>
      <page h="5288" ordre="45" w="3976">
        <nbMot>357</nbMot>
        <blocTexte>14</blocTexte>
        <blocTab>0</blocTab>
        <blocPub>0</blocPub>
        <blocIll ocr="0">0</blocIll>
      </page>
      <page h="5280" ordre="46" w="4044">
        <nbMot>437</nbMot>
        <blocTexte>8</blocTexte>
        <blocTab>0</blocTab>
        <blocPub>0</blocPub>
        <blocIll ocr="0">0</blocIll>
      </page>
      <page h="5288" ordre="47" w="3976">
        <nbMot>417</nbMot>
        <blocTexte>5</blocTexte>
        <blocTab>0</blocTab>
        <blocPub>0</blocPub>
        <blocIll ocr="0">0</blocIll>
      </page>
      <page h="5280" ordre="48" w="4056">
        <nbMot>398</nbMot>
        <blocTexte>9</blocTexte>
        <blocTab>0</blocTab>
        <blocPub>0</blocPub>
        <blocIll ocr="0">0</blocIll>
      </page>
      <page h="5276" ordre="49" w="3940">
        <nbMot>368</nbMot>
        <blocTexte>7</blocTexte>
        <blocTab>0</blocTab>
        <blocPub>0</blocPub>
        <blocIll ocr="0">0</blocIll>
      </page>
      <page h="5280" ordre="50" w="4056">
        <nbMot>355</nbMot>
        <blocTexte>4</blocTexte>
        <blocTab>0</blocTab>
        <blocPub>0</blocPub>
        <blocIll ocr="0">0</blocIll>
      </page>
      <page h="5276" ordre="51" w="3940">
        <nbMot>407</nbMot>
        <blocTexte>6</blocTexte>
        <blocTab>0</blocTab>
        <blocPub>0</blocPub>
        <blocIll ocr="0">0</blocIll>
      </page>
      <page h="5280" ordre="52" w="4056">
        <nbMot>359</nbMot>
        <blocTexte>10</blocTexte>
        <blocTab>0</blocTab>
        <blocPub>0</blocPub>
        <blocIll ocr="0">0</blocIll>
      </page>
      <page h="5276" ordre="53" w="3940">
        <nbMot>364</nbMot>
        <blocTexte>11</blocTexte>
        <blocTab>0</blocTab>
        <blocPub>0</blocPub>
        <blocIll ocr="0">0</blocIll>
      </page>
      <page h="5280" ordre="54" w="4020">
        <nbMot>381</nbMot>
        <blocTexte>9</blocTexte>
        <blocTab>0</blocTab>
        <blocPub>0</blocPub>
        <blocIll ocr="0">0</blocIll>
      </page>
      <page h="5276" ordre="55" w="3940">
        <nbMot>329</nbMot>
        <blocTexte>9</blocTexte>
        <blocTab>0</blocTab>
        <blocPub>0</blocPub>
        <blocIll ocr="0">0</blocIll>
      </page>
      <page h="5280" ordre="56" w="4020">
        <nbMot>355</nbMot>
        <blocTexte>4</blocTexte>
        <blocTab>0</blocTab>
        <blocPub>0</blocPub>
        <blocIll ocr="0">0</blocIll>
      </page>
      <page h="5276" ordre="57" w="3940">
        <nbMot>357</nbMot>
        <blocTexte>6</blocTexte>
        <blocTab>0</blocTab>
        <blocPub>0</blocPub>
        <blocIll ocr="0">0</blocIll>
      </page>
      <page h="5268" ordre="58" w="4020">
        <nbMot>336</nbMot>
        <blocTexte>11</blocTexte>
        <blocTab>0</blocTab>
        <blocPub>0</blocPub>
        <blocIll ocr="0">0</blocIll>
      </page>
      <page h="5252" ordre="59" w="3940">
        <nbMot>353</nbMot>
        <blocTexte>12</blocTexte>
        <blocTab>0</blocTab>
        <blocPub>0</blocPub>
        <blocIll ocr="0">0</blocIll>
      </page>
      <page h="5280" ordre="60" w="3948">
        <nbMot>329</nbMot>
        <blocTexte>6</blocTexte>
        <blocTab>0</blocTab>
        <blocPub>0</blocPub>
        <blocIll ocr="0">0</blocIll>
      </page>
      <page h="5288" ordre="61" w="3964">
        <nbMot>389</nbMot>
        <blocTexte>16</blocTexte>
        <blocTab>0</blocTab>
        <blocPub>0</blocPub>
        <blocIll ocr="0">0</blocIll>
      </page>
      <page h="5292" ordre="62" w="3984">
        <nbMot>353</nbMot>
        <blocTexte>5</blocTexte>
        <blocTab>0</blocTab>
        <blocPub>0</blocPub>
        <blocIll ocr="0">0</blocIll>
      </page>
      <page h="5276" ordre="63" w="3964">
        <nbMot>349</nbMot>
        <blocTexte>6</blocTexte>
        <blocTab>0</blocTab>
        <blocPub>0</blocPub>
        <blocIll ocr="0">0</blocIll>
      </page>
      <page h="5280" ordre="64" w="4008">
        <nbMot>368</nbMot>
        <blocTexte>9</blocTexte>
        <blocTab>0</blocTab>
        <blocPub>0</blocPub>
        <blocIll ocr="0">0</blocIll>
      </page>
      <page h="5276" ordre="65" w="3964">
        <nbMot>353</nbMot>
        <blocTexte>12</blocTexte>
        <blocTab>0</blocTab>
        <blocPub>0</blocPub>
        <blocIll ocr="0">0</blocIll>
      </page>
      <page h="5280" ordre="66" w="4020">
        <nbMot>379</nbMot>
        <blocTexte>12</blocTexte>
        <blocTab>0</blocTab>
        <blocPub>0</blocPub>
        <blocIll ocr="0">0</blocIll>
      </page>
      <page h="5288" ordre="67" w="3976">
        <nbMot>376</nbMot>
        <blocTexte>9</blocTexte>
        <blocTab>0</blocTab>
        <blocPub>0</blocPub>
        <blocIll ocr="0">0</blocIll>
      </page>
      <page h="5280" ordre="68" w="4032">
        <nbMot>399</nbMot>
        <blocTexte>4</blocTexte>
        <blocTab>0</blocTab>
        <blocPub>0</blocPub>
        <blocIll ocr="0">0</blocIll>
      </page>
      <page h="5276" ordre="69" w="3964">
        <nbMot>386</nbMot>
        <blocTexte>4</blocTexte>
        <blocTab>0</blocTab>
        <blocPub>0</blocPub>
        <blocIll ocr="0">0</blocIll>
      </page>
      <page h="5280" ordre="70" w="4032">
        <nbMot>325</nbMot>
        <blocTexte>10</blocTexte>
        <blocTab>0</blocTab>
        <blocPub>0</blocPub>
        <blocIll ocr="0">0</blocIll>
      </page>
      <page h="5276" ordre="71" w="3964">
        <nbMot>365</nbMot>
        <blocTexte>5</blocTexte>
        <blocTab>0</blocTab>
        <blocPub>0</blocPub>
        <blocIll ocr="0">0</blocIll>
      </page>
      <page h="5280" ordre="72" w="4032">
        <nbMot>530</nbMot>
        <blocTexte>8</blocTexte>
        <blocTab>0</blocTab>
        <blocPub>0</blocPub>
        <blocIll ocr="0">0</blocIll>
      </page>
      <page h="5276" ordre="73" w="3964">
        <nbMot>334</nbMot>
        <blocTexte>10</blocTexte>
        <blocTab>0</blocTab>
        <blocPub>0</blocPub>
        <blocIll ocr="0">0</blocIll>
      </page>
      <page h="5280" ordre="74" w="4032">
        <nbMot>350</nbMot>
        <blocTexte>14</blocTexte>
        <blocTab>0</blocTab>
        <blocPub>0</blocPub>
        <blocIll ocr="0">0</blocIll>
      </page>
      <page h="5276" ordre="75" w="3964">
        <nbMot>369</nbMot>
        <blocTexte>5</blocTexte>
        <blocTab>0</blocTab>
        <blocPub>0</blocPub>
        <blocIll ocr="0">0</blocIll>
      </page>
      <page h="5292" ordre="76" w="4032">
        <nbMot>317</nbMot>
        <blocTexte>13</blocTexte>
        <blocTab>0</blocTab>
        <blocPub>0</blocPub>
        <blocIll ocr="0">0</blocIll>
      </page>
      <page h="5288" ordre="77" w="3988">
        <nbMot>359</nbMot>
        <blocTexte>6</blocTexte>
        <blocTab>0</blocTab>
        <blocPub>0</blocPub>
        <blocIll ocr="0">0</blocIll>
      </page>
      <page h="5280" ordre="78" w="4032">
        <nbMot>338</nbMot>
        <blocTexte>14</blocTexte>
        <blocTab>0</blocTab>
        <blocPub>0</blocPub>
        <blocIll ocr="0">0</blocIll>
      </page>
      <page h="5264" ordre="79" w="3976">
        <nbMot>332</nbMot>
        <blocTexte>14</blocTexte>
        <blocTab>0</blocTab>
        <blocPub>0</blocPub>
        <blocIll ocr="0">0</blocIll>
      </page>
      <page h="5280" ordre="80" w="4032">
        <nbMot>328</nbMot>
        <blocTexte>9</blocTexte>
        <blocTab>0</blocTab>
        <blocPub>0</blocPub>
        <blocIll ocr="0">0</blocIll>
      </page>
      <page h="5276" ordre="81" w="3976">
        <nbMot>332</nbMot>
        <blocTexte>9</blocTexte>
        <blocTab>0</blocTab>
        <blocPub>0</blocPub>
        <blocIll ocr="0">0</blocIll>
      </page>
      <page h="5280" ordre="82" w="4032">
        <nbMot>348</nbMot>
        <blocTexte>8</blocTexte>
        <blocTab>0</blocTab>
        <blocPub>0</blocPub>
        <blocIll ocr="0">0</blocIll>
      </page>
      <page h="5276" ordre="83" w="3976">
        <nbMot>566</nbMot>
        <blocTexte>7</blocTexte>
        <blocTab>0</blocTab>
        <blocPub>0</blocPub>
        <blocIll ocr="0">0</blocIll>
      </page>
      <page h="5280" ordre="84" w="4032">
        <nbMot>477</nbMot>
        <blocTexte>6</blocTexte>
        <blocTab>0</blocTab>
        <blocPub>0</blocPub>
        <blocIll ocr="0">0</blocIll>
      </page>
      <page h="5276" ordre="85" w="3988">
        <nbMot>459</nbMot>
        <blocTexte>7</blocTexte>
        <blocTab>0</blocTab>
        <blocPub>0</blocPub>
        <blocIll ocr="0">0</blocIll>
      </page>
      <page h="5280" ordre="86" w="4032">
        <nbMot>482</nbMot>
        <blocTexte>8</blocTexte>
        <blocTab>0</blocTab>
        <blocPub>0</blocPub>
        <blocIll ocr="0">0</blocIll>
      </page>
      <page h="5288" ordre="87" w="4000">
        <nbMot>532</nbMot>
        <blocTexte>4</blocTexte>
        <blocTab>0</blocTab>
        <blocPub>0</blocPub>
        <blocIll ocr="0">0</blocIll>
      </page>
      <page h="5280" ordre="88" w="4032">
        <nbMot>419</nbMot>
        <blocTexte>8</blocTexte>
        <blocTab>0</blocTab>
        <blocPub>0</blocPub>
        <blocIll ocr="0">0</blocIll>
      </page>
      <page h="5288" ordre="89" w="4000">
        <nbMot>446</nbMot>
        <blocTexte>6</blocTexte>
        <blocTab>0</blocTab>
        <blocPub>0</blocPub>
        <blocIll ocr="0">0</blocIll>
      </page>
      <page h="5280" ordre="90" w="4032">
        <nbMot>454</nbMot>
        <blocTexte>5</blocTexte>
        <blocTab>0</blocTab>
        <blocPub>0</blocPub>
        <blocIll ocr="0">0</blocIll>
      </page>
      <page h="5288" ordre="91" w="4000">
        <nbMot>327</nbMot>
        <blocTexte>10</blocTexte>
        <blocTab>0</blocTab>
        <blocPub>0</blocPub>
        <blocIll ocr="1">1</blocIll>
        <ills>
          <ill couleur="gris" edit="true" h="1005" n="91-1" taille="0" w="1363" x="1426" y="1539">
            <fonction source="final">repro/photo</fonction>
            <fonction source="hm">repro/photo</fonction>
            <contenuImg CS="1.0" lang="fr" source="hm">vertébré</contenuImg>
            <contenuImg CS="1.0" lang="fr" source="hm">reptile</contenuImg>
            <contenuImg CS="1.0" lang="fr" source="hm">animal</contenuImg>
            <tech source="final">imp photoméca</tech>
            <theme source="final">13</theme>
            <tech CS="0.9" source="md">estampe/gravure</tech>
            <theme CS="0.9" source="md">13</theme>
            <contenuImg CS="1.0" lang="en" source="hm">animal</contenuImg>
            <contenuImg CS="1.0" lang="en" source="hm">reptile</contenuImg>
            <contenuImg CS="1.0" lang="en" source="hm">verterbrate</contenuImg>
            <leg>RANTSANA . Cliché île M. G. Julien. viole, que les tortues abandonnent ces parages : on ne doit rien apporter au Rantsantt du village, où l on laisse son lamba et ses aohj ou amulettes ainsi que ses bijoux d or ou d argent; les couteaux avec lesquels on dépèce la tortue, les vases dans lesquels on en cuit la viande, les plats de bois dans lesquels on sert les parts sont exclusivement réservés à ce seul usage et sont religieusement déposés sur un clayonnage ou talatală, auprès du Rantsantt, ou bien dans la pirogue ; il faut faire bouillir la viande dans de l eau de mer, sans mélange avec aucun condiment, et elle ne doit jamais être lavée, même si elle est tombée dans le sable : il est formellement interdit de la faire soit griller, soit rôtir, et on ne doit manger</leg>
            <txt>Tous les habitants du village, ainsi que les étrangers de passage, ont le droit de prendre part au repas qui suit toujours la prise d une tortue, mais il y a une foule de prescriptions à observer sous peine, si on les sur un lit de feuilles vertes ou lafikâ placé au pied du RantsanÙ.</txt>
            <tech source="hm" time="2019-04-27T18:18:12.133+02:00">imp photoméca</tech>
          </ill>
        </ills>
      </page>
      <page h="5280" ordre="92" w="4032">
        <nbMot>411</nbMot>
        <blocTexte>6</blocTexte>
        <blocTab>0</blocTab>
        <blocPub>0</blocPub>
        <blocIll ocr="0">0</blocIll>
      </page>
      <page h="5288" ordre="93" w="4000">
        <nbMot>461</nbMot>
        <blocTexte>11</blocTexte>
        <blocTab>0</blocTab>
        <blocPub>0</blocPub>
        <blocIll ocr="0">0</blocIll>
      </page>
      <page h="5280" ordre="94" w="4032">
        <nbMot>447</nbMot>
        <blocTexte>9</blocTexte>
        <blocTab>0</blocTab>
        <blocPub>0</blocPub>
        <blocIll ocr="0">0</blocIll>
      </page>
      <page h="5288" ordre="95" w="4000">
        <nbMot>0</nbMot>
        <blocTexte>0</blocTexte>
        <blocTab>0</blocTab>
        <blocPub>0</blocPub>
        <blocIll ocr="0">0</blocIll>
      </page>
      <page h="5280" ordre="96" w="4032">
        <nbMot>0</nbMot>
        <blocTexte>0</blocTexte>
        <blocTab>0</blocTab>
        <blocPub>0</blocPub>
        <blocIll ocr="0">0</blocIll>
      </page>
      <page h="5264" ordre="97" w="4036">
        <nbMot>0</nbMot>
        <blocTexte>0</blocTexte>
        <blocTab>0</blocTab>
        <blocPub>0</blocPub>
        <blocIll ocr="0">0</blocIll>
      </page>
      <page h="5252" ordre="98" w="7260">
        <nbMot>16</nbMot>
        <blocTexte>2</blocTexte>
        <blocTab>0</blocTab>
        <blocPub>0</blocPub>
        <blocIll ocr="1">1</blocIll>
        <ills>
          <ill couleur="coul" edit="1" h="3845" n="98-1" taille="0" w="6211" x="389" y="699">
            <contenuImg b="164" coul="1" g="187" ordre="4" r="207" source="colorific" type="frg">#cfbba4</contenuImg>
            <contenuImg b="59" coul="1" g="67" ordre="3" r="68" source="colorific" type="frg">#44433b</contenuImg>
            <contenuImg b="177" coul="1" g="183" ordre="2" r="190" source="colorific" type="frg">#beb7b1</contenuImg>
            <contenuImg b="65" coul="1" g="88" ordre="1" r="104" source="colorific" type="frg">#685841</contenuImg>
            <contenuImg CS="1.0" lang="fr" source="hm">vertébré</contenuImg>
            <contenuImg CS="1.0" lang="fr" source="hm">reptile</contenuImg>
            <contenuImg CS="1.0" lang="fr" source="hm">animal</contenuImg>
            <tech source="final">estampe/gravure</tech>
            <theme source="final">13</theme>
            <tech CS="0.9" source="md">estampe/gravure</tech>
            <theme CS="0.9" source="md">13</theme>
            <contenuImg CS="1.0" lang="en" source="hm">animal</contenuImg>
            <contenuImg CS="1.0" lang="en" source="hm">reptile</contenuImg>
            <contenuImg CS="1.0" lang="en" source="hm">verterbrate</contenuImg>
            <leg>1. CrococLUus nzadagascarieruis/ Orand. 2. Cr. rob zLStizs, Grajzd. et VazlL.</leg>
            <txt>Madagascar. Repdles. Pl. l-,?. Madagascar. Repdles. Pl. l-,?.</txt>
          </ill>
        </ills>
      </page>
      <page h="5300" ordre="99" w="4028">
        <nbMot>0</nbMot>
        <blocTexte>0</blocTexte>
        <blocTab>0</blocTab>
        <blocPub>0</blocPub>
        <blocIll ocr="0">0</blocIll>
      </page>
      <page h="5276" ordre="100" w="4012">
        <nbMot>15</nbMot>
        <blocTexte>2</blocTexte>
        <blocTab>0</blocTab>
        <blocPub>0</blocPub>
        <blocIll ocr="1">1</blocIll>
        <ills>
          <ill couleur="gris" h="4114" n="100-1" taille="0" w="3088" x="391" y="595">
            <contenuImg CS="1.0" lang="fr" source="hm">vertébré</contenuImg>
            <contenuImg CS="1.0" lang="fr" source="hm">reptile</contenuImg>
            <contenuImg CS="1.0" lang="fr" source="hm">animal</contenuImg>
            <tech source="final">estampe/gravure</tech>
            <theme source="final">13</theme>
            <tech CS="0.9" source="md">estampe/gravure</tech>
            <theme CS="0.9" source="md">13</theme>
            <contenuImg CS="1.0" lang="en" source="hm">animal</contenuImg>
            <contenuImg CS="1.0" lang="en" source="hm">reptile</contenuImg>
            <contenuImg CS="1.0" lang="en" source="hm">verterbrate</contenuImg>
            <leg>1. Crocodilus Jnadagascariesisisj Gnznd. — 2. Crocodilus robnstus, Grand. et Ifaill.</leg>
            <txt>Madagascar. ReptUes. Pl. 3. Madagascar. ReptUes. Pl. 3.</txt>
          </ill>
        </ills>
      </page>
      <page h="5288" ordre="101" w="4028">
        <nbMot>0</nbMot>
        <blocTexte>0</blocTexte>
        <blocTab>0</blocTab>
        <blocPub>0</blocPub>
        <blocIll ocr="0">0</blocIll>
      </page>
      <page h="5276" ordre="102" w="4024">
        <nbMot>16</nbMot>
        <blocTexte>2</blocTexte>
        <blocTab>0</blocTab>
        <blocPub>0</blocPub>
        <blocIll ocr="1">1</blocIll>
        <ills>
          <ill couleur="gris" h="3627" n="102-1" taille="0" w="2771" x="612" y="1025">
            <contenuImg CS="1.0" lang="fr" source="hm">vertébré</contenuImg>
            <contenuImg CS="1.0" lang="fr" source="hm">reptile</contenuImg>
            <contenuImg CS="1.0" lang="fr" source="hm">animal</contenuImg>
            <tech source="final">estampe/gravure</tech>
            <theme source="final">13</theme>
            <tech CS="0.9" source="md">estampe/gravure</tech>
            <theme CS="0.9" source="md">13</theme>
            <contenuImg CS="1.0" lang="en" source="hm">animal</contenuImg>
            <contenuImg CS="1.0" lang="en" source="hm">reptile</contenuImg>
            <contenuImg CS="1.0" lang="en" source="hm">verterbrate</contenuImg>
            <leg>1. Croccdilus madogascariEnsis  Grand. 2. Croccdilus robustus, Grcuid. et Vaill</leg>
            <txt>MaJoffasca,. R, nia7es. Pl. 4. MaJoffasca,. R, nia7es. Pl. 4.</txt>
          </ill>
        </ills>
      </page>
      <page h="5288" ordre="103" w="4028">
        <nbMot>0</nbMot>
        <blocTexte>0</blocTexte>
        <blocTab>0</blocTab>
        <blocPub>0</blocPub>
        <blocIll ocr="0">0</blocIll>
      </page>
      <page h="5276" ordre="104" w="4024">
        <nbMot>15</nbMot>
        <blocTexte>2</blocTexte>
        <blocTab>0</blocTab>
        <blocPub>0</blocPub>
        <blocIll ocr="1">1</blocIll>
        <ills>
          <ill couleur="gris" h="4012" n="104-1" taille="0" w="2896" x="708" y="595">
            <contenuImg CS="1.0" lang="fr" source="hm">vertébré</contenuImg>
            <contenuImg CS="1.0" lang="fr" source="hm">reptile</contenuImg>
            <contenuImg CS="1.0" lang="fr" source="hm">animal</contenuImg>
            <tech source="final">estampe/gravure</tech>
            <theme source="final">13</theme>
            <tech CS="0.9" source="md">estampe/gravure</tech>
            <theme CS="0.9" source="md">13</theme>
            <contenuImg CS="1.0" lang="en" source="hm">animal</contenuImg>
            <contenuImg CS="1.0" lang="en" source="hm">reptile</contenuImg>
            <contenuImg CS="1.0" lang="en" source="hm">verterbrate</contenuImg>
            <leg>1. CrocodUzis 17ULdngascariensis.J Grand. — 2*. Crocodihis rohnstus, Grand. et VculL.</leg>
            <txt>Madagascas. Reptiles. Pl. 5. Madagascas. Reptiles. Pl. 5.</txt>
          </ill>
        </ills>
      </page>
      <page h="5288" ordre="105" w="4028">
        <nbMot>0</nbMot>
        <blocTexte>0</blocTexte>
        <blocTab>0</blocTab>
        <blocPub>0</blocPub>
        <blocIll ocr="0">0</blocIll>
      </page>
      <page h="5276" ordre="106" w="4012">
        <nbMot>0</nbMot>
        <blocTexte>0</blocTexte>
        <blocTab>0</blocTab>
        <blocPub>0</blocPub>
        <blocIll ocr="0">0</blocIll>
      </page>
      <page h="5240" ordre="107" w="7232">
        <nbMot>12</nbMot>
        <blocTexte>2</blocTexte>
        <blocTab>0</blocTab>
        <blocPub>0</blocPub>
        <blocIll ocr="1">1</blocIll>
        <ills>
          <ill couleur="coul" edit="1" h="3918" n="107-1" taille="0" w="6647" x="189" y="680">
            <contenuImg b="26" coul="1" g="49" ordre="7" r="73" source="colorific" type="frg">#49311a</contenuImg>
            <contenuImg b="78" coul="1" g="132" ordre="6" r="162" source="colorific" type="frg">#a2844e</contenuImg>
            <contenuImg b="67" coul="1" g="103" ordre="5" r="151" source="colorific" type="frg">#976743</contenuImg>
            <contenuImg b="22" coul="1" g="28" ordre="4" r="33" source="colorific" type="frg">#211c16</contenuImg>
            <contenuImg b="51" coul="1" g="56" ordre="3" r="60" source="colorific" type="frg">#3c3833</contenuImg>
            <contenuImg b="158" coul="1" g="168" ordre="2" r="175" source="colorific" type="frg">#afa89e</contenuImg>
            <contenuImg b="67" coul="1" g="81" ordre="1" r="104" source="colorific" type="frg">#685143</contenuImg>
            <contenuImg CS="1.0" lang="fr" source="hm">vertébré</contenuImg>
            <contenuImg CS="1.0" lang="fr" source="hm">reptile</contenuImg>
            <contenuImg CS="1.0" lang="fr" source="hm">animal</contenuImg>
            <tech source="final">estampe/gravure</tech>
            <theme source="final">13</theme>
            <tech CS="0.9" source="md">estampe/gravure</tech>
            <theme CS="0.9" source="md">13</theme>
            <contenuImg CS="1.0" lang="en" source="hm">animal</contenuImg>
            <contenuImg CS="1.0" lang="en" source="hm">reptile</contenuImg>
            <contenuImg CS="1.0" lang="en" source="hm">verterbrate</contenuImg>
            <leg>Testudo TOLDIATOS, Shazv. 6 ( JVUT. : desertoriwv, Grand.)</leg>
            <txt>Madagascar. Reptiles. Pl. 6 7. Madagascar. Reptiles. Pl. 6 7.</txt>
          </ill>
        </ills>
      </page>
      <page h="5296" ordre="108" w="3996">
        <nbMot>0</nbMot>
        <blocTexte>0</blocTexte>
        <blocTab>0</blocTab>
        <blocPub>0</blocPub>
        <blocIll ocr="0">0</blocIll>
      </page>
      <page h="5268" ordre="109" w="3988">
        <nbMot>0</nbMot>
        <blocTexte>0</blocTexte>
        <blocTab>0</blocTab>
        <blocPub>0</blocPub>
        <blocIll ocr="0">0</blocIll>
      </page>
      <page h="5256" ordre="110" w="7204">
        <nbMot>15</nbMot>
        <blocTexte>2</blocTexte>
        <blocTab>0</blocTab>
        <blocPub>0</blocPub>
        <blocIll ocr="1">1</blocIll>
        <ills>
          <ill couleur="coul" edit="1" h="4105" n="110-1" taille="0" w="6464" x="472" y="638">
            <contenuImg b="0" coul="1" g="0" ordre="10" r="0" source="colorific" type="frg">#000000</contenuImg>
            <contenuImg b="38" coul="1" g="55" ordre="9" r="79" source="colorific" type="frg">#4f3726</contenuImg>
            <contenuImg b="101" coul="1" g="134" ordre="8" r="142" source="colorific" type="frg">#8e8665</contenuImg>
            <contenuImg b="196" coul="1" g="219" ordre="7" r="234" source="colorific" type="frg">#eadbc4</contenuImg>
            <contenuImg b="77" coul="1" g="78" ordre="6" r="78" source="colorific" type="frg">#4e4e4d</contenuImg>
            <contenuImg b="37" coul="1" g="47" ordre="5" r="49" source="colorific" type="frg">#312f25</contenuImg>
            <contenuImg b="111" coul="1" g="173" ordre="4" r="198" source="colorific" type="frg">#c6ad6f</contenuImg>
            <contenuImg b="74" coul="1" g="88" ordre="3" r="92" source="colorific" type="frg">#5c584a</contenuImg>
            <contenuImg b="56" coul="1" g="147" ordre="2" r="201" source="colorific" type="frg">#c99338</contenuImg>
            <contenuImg b="59" coul="1" g="96" ordre="1" r="123" source="colorific" type="frg">#7b603b</contenuImg>
            <contenuImg CS="1" coul="1" lang="fr" source="hm" time="2019-05-01T18:53:07.415+02:00">jaune</contenuImg>
            <contenuImg CS="1.0" lang="fr" source="hm">vertébré</contenuImg>
            <contenuImg CS="1.0" lang="fr" source="hm">reptile</contenuImg>
            <contenuImg CS="1.0" lang="fr" source="hm">animal</contenuImg>
            <tech source="final">estampe/gravure</tech>
            <theme source="final">13</theme>
            <tech CS="0.9" source="md">estampe/gravure</tech>
            <theme CS="0.9" source="md">13</theme>
            <contenuImg CS="1.0" lang="en" source="hm">animal</contenuImg>
            <contenuImg CS="1.0" lang="en" source="hm">reptile</contenuImg>
            <contenuImg CS="1.0" lang="en" source="hm">verterbrate</contenuImg>
            <leg>Testudo radiata ., Schaw (Jeune %e et agemoyen).</leg>
            <txt>,, , Heptiles. Pl. 8~9. Madac? zsc xr. J ,, , Heptiles. Pl. 8~9. Madac? zsc xr. J</txt>
            <contenuImg CS="1" coul="1" lang="en" source="hm" time="2019-05-01T18:53:07.415+02:00">yellow color</contenuImg>
          </ill>
        </ills>
      </page>
      <page h="5296" ordre="111" w="4048">
        <nbMot>0</nbMot>
        <blocTexte>0</blocTexte>
        <blocTab>0</blocTab>
        <blocPub>0</blocPub>
        <blocIll ocr="0">0</blocIll>
      </page>
      <page h="5264" ordre="112" w="3996">
        <nbMot>6</nbMot>
        <blocTexte>2</blocTexte>
        <blocTab>0</blocTab>
        <blocPub>0</blocPub>
        <blocIll ocr="1">1</blocIll>
        <ills>
          <ill couleur="coul" edit="1" h="4066" n="112-1" taille="0" w="3120" x="508" y="723">
            <contenuImg b="182" coul="1" g="196" ordre="3" r="206" source="colorific" type="frg">#cec4b6</contenuImg>
            <contenuImg b="102" coul="1" g="152" ordre="2" r="184" source="colorific" type="frg">#b89866</contenuImg>
            <contenuImg b="61" coul="1" g="74" ordre="1" r="90" source="colorific" type="frg">#5a4a3d</contenuImg>
            <contenuImg CS="1.0" lang="fr" source="hm">vertébré</contenuImg>
            <contenuImg CS="1.0" lang="fr" source="hm">reptile</contenuImg>
            <contenuImg CS="1.0" lang="fr" source="hm">animal</contenuImg>
            <tech source="final">estampe/gravure</tech>
            <theme source="final">13</theme>
            <tech CS="0.9" source="md">estampe/gravure</tech>
            <theme CS="0.9" source="md">13</theme>
            <contenuImg CS="1.0" lang="en" source="hm">animal</contenuImg>
            <contenuImg CS="1.0" lang="en" source="hm">reptile</contenuImg>
            <contenuImg CS="1.0" lang="en" source="hm">verterbrate</contenuImg>
            <leg>TcstucLa plantcaud-a</leg>
            <txt>AfcuJagascar. Reptiles. Pl. /0. AfcuJagascar. Reptiles. Pl. /0.</txt>
          </ill>
        </ills>
      </page>
      <page h="5272" ordre="113" w="4024">
        <nbMot>0</nbMot>
        <blocTexte>0</blocTexte>
        <blocTab>0</blocTab>
        <blocPub>0</blocPub>
        <blocIll ocr="0">0</blocIll>
      </page>
      <page h="5300" ordre="114" w="4032">
        <nbMot>9</nbMot>
        <blocTexte>3</blocTexte>
        <blocTab>0</blocTab>
        <blocPub>0</blocPub>
        <blocIll ocr="1">1</blocIll>
        <ills>
          <ill couleur="coul" edit="1" h="4267" n="114-1" rotation="90" taille="0" w="2866" x="713" y="633">
            <contenuImg b="122" coul="1" g="162" ordre="5" r="196" source="colorific" type="frg">#c4a27a</contenuImg>
            <contenuImg b="130" coul="1" g="138" ordre="4" r="159" source="colorific" type="frg">#9f8a82</contenuImg>
            <contenuImg b="51" coul="1" g="67" ordre="3" r="96" source="colorific" type="frg">#604333</contenuImg>
            <contenuImg b="80" coul="1" g="104" ordre="2" r="136" source="colorific" type="frg">#886850</contenuImg>
            <contenuImg b="185" coul="1" g="198" ordre="1" r="215" source="colorific" type="frg">#d7c6b9</contenuImg>
            <contenuImg CS="1" coul="1" lang="fr" source="hm" time="2019-05-01T18:53:03.581+02:00">marron</contenuImg>
            <contenuImg CS="1.0" lang="fr" source="hm">vertébré</contenuImg>
            <contenuImg CS="1.0" lang="fr" source="hm">reptile</contenuImg>
            <contenuImg CS="1.0" lang="fr" source="hm">animal</contenuImg>
            <tech source="final">estampe/gravure</tech>
            <theme source="final">13</theme>
            <tech CS="0.9" source="md">estampe/gravure</tech>
            <theme CS="0.9" source="md">13</theme>
            <contenuImg CS="1.0" lang="en" source="hm">animal</contenuImg>
            <contenuImg CS="1.0" lang="en" source="hm">reptile</contenuImg>
            <contenuImg CS="1.0" lang="en" source="hm">verterbrate</contenuImg>
            <leg>lestiuLa II!! niplwra o, l/aillanl.</leg>
            <txt>Heptiles. Fl. 11. jJfadagascar.</txt>
            <contenuImg CS="1" coul="1" lang="en" source="hm" time="2019-05-01T18:53:03.581+02:00">maroon color</contenuImg>
          </ill>
        </ills>
      </page>
      <page h="5272" ordre="115" w="4024">
        <nbMot>0</nbMot>
        <blocTexte>0</blocTexte>
        <blocTab>0</blocTab>
        <blocPub>0</blocPub>
        <blocIll ocr="0">0</blocIll>
      </page>
      <page h="5276" ordre="116" w="4008">
        <nbMot>10</nbMot>
        <blocTexte>2</blocTexte>
        <blocTab>0</blocTab>
        <blocPub>0</blocPub>
        <blocIll ocr="1">1</blocIll>
        <ills>
          <ill couleur="coul" edit="1" h="4335" n="116-1" rotation="90" taille="0" w="3026" x="652" y="358">
            <contenuImg b="147" coul="1" g="172" ordre="4" r="196" source="colorific" type="frg">#c4ac93</contenuImg>
            <contenuImg b="53" coul="1" g="66" ordre="3" r="87" source="colorific" type="frg">#574235</contenuImg>
            <contenuImg b="112" coul="1" g="164" ordre="2" r="204" source="colorific" type="frg">#cca470</contenuImg>
            <contenuImg b="81" coul="1" g="105" ordre="1" r="141" source="colorific" type="frg">#8d6951</contenuImg>
            <contenuImg CS="1.0" lang="fr" source="hm">vertébré</contenuImg>
            <contenuImg CS="1.0" lang="fr" source="hm">reptile</contenuImg>
            <contenuImg CS="1.0" lang="fr" source="hm">animal</contenuImg>
            <tech source="final">estampe/gravure</tech>
            <theme source="final">13</theme>
            <tech CS="0.9" source="md">estampe/gravure</tech>
            <theme CS="0.9" source="md">13</theme>
            <contenuImg CS="1.0" lang="en" source="hm">animal</contenuImg>
            <contenuImg CS="1.0" lang="en" source="hm">reptile</contenuImg>
            <contenuImg CS="1.0" lang="en" source="hm">verterbrate</contenuImg>
            <leg>Testuxio lzy niphora ,jivtr.} Vaillant.</leg>
            <txt>Reph les. Pl. if. HadofJascad  Reph les. Pl. if. HadofJascad</txt>
          </ill>
        </ills>
      </page>
      <page h="5308" ordre="117" w="4024">
        <nbMot>0</nbMot>
        <blocTexte>0</blocTexte>
        <blocTab>0</blocTab>
        <blocPub>0</blocPub>
        <blocIll ocr="0">0</blocIll>
      </page>
      <page h="5300" ordre="118" w="4020">
        <nbMot>8</nbMot>
        <blocTexte>3</blocTexte>
        <blocTab>0</blocTab>
        <blocPub>0</blocPub>
        <blocIll ocr="1">1</blocIll>
        <ills>
          <ill couleur="gris" h="4207" n="118-1" taille="0" w="3046" x="512" y="666">
            <contenuImg CS="1.0" lang="fr" source="hm">vertébré</contenuImg>
            <contenuImg CS="1.0" lang="fr" source="hm">reptile</contenuImg>
            <contenuImg CS="1.0" lang="fr" source="hm">animal</contenuImg>
            <tech source="final">estampe/gravure</tech>
            <theme source="final">13</theme>
            <tech CS="0.9" source="md">estampe/gravure</tech>
            <theme CS="0.9" source="md">13</theme>
            <contenuImg CS="1.0" lang="en" source="hm">animal</contenuImg>
            <contenuImg CS="1.0" lang="en" source="hm">reptile</contenuImg>
            <contenuImg CS="1.0" lang="en" source="hm">verterbrate</contenuImg>
            <leg>Testudo AynipAvrcL , Fatli.</leg>
            <txt>Reptil^s. Pl. 13. M zdcujascdu\</txt>
          </ill>
        </ills>
      </page>
      <page h="5284" ordre="119" w="4024">
        <nbMot>0</nbMot>
        <blocTexte>0</blocTexte>
        <blocTab>0</blocTab>
        <blocPub>0</blocPub>
        <blocIll ocr="0">0</blocIll>
      </page>
      <page h="5276" ordre="120" w="4020">
        <nbMot>8</nbMot>
        <blocTexte>3</blocTexte>
        <blocTab>0</blocTab>
        <blocPub>0</blocPub>
        <blocIll ocr="1">1</blocIll>
        <ills>
          <ill edit="true" couleur="gris" h="4290" n="120-1" taille="0" w="3130" x="515" y="464">
            <contenuImg CS="1.0" lang="fr" source="hm">vertébré</contenuImg>
            <contenuImg CS="1.0" lang="fr" source="hm">reptile</contenuImg>
            <contenuImg CS="1.0" lang="fr" source="hm">animal</contenuImg>
            <tech source="final">estampe/gravure</tech>
            <theme source="final">13</theme>
            <tech CS="0.9" source="md">estampe/gravure</tech>
            <theme CS="0.9" source="md">13</theme>
            <contenuImg CS="1.0" lang="en" source="hm">animal</contenuImg>
            <contenuImg CS="1.0" lang="en" source="hm">reptile</contenuImg>
            <contenuImg CS="1.0" lang="en" source="hm">verterbrate</contenuImg>
            <leg>Testiido Jiynifihora, L. Vaillant.</leg>
            <txt>fieptile.s. Pl. 14. Madagasccw.</txt>
            <fonction source="hm" time="2020-10-25T17:47:46.247+01:00">graphique</fonction>
            <fonction source="final">graphique</fonction>
          </ill>
        </ills>
      </page>
      <page h="5284" ordre="121" w="4024">
        <nbMot>0</nbMot>
        <blocTexte>0</blocTexte>
        <blocTab>0</blocTab>
        <blocPub>0</blocPub>
        <blocIll ocr="0">0</blocIll>
      </page>
      <page h="5264" ordre="122" w="3972">
        <nbMot>11</nbMot>
        <blocTexte>3</blocTexte>
        <blocTab>0</blocTab>
        <blocPub>0</blocPub>
        <blocIll ocr="1">1</blocIll>
        <ills>
          <ill couleur="gris" edit="true" h="4195" n="122-1" taille="0" w="3072" x="520" y="548">
            <contenuImg CS="1.0" lang="fr" source="hm">vertébré</contenuImg>
            <contenuImg CS="1.0" lang="fr" source="hm">reptile</contenuImg>
            <contenuImg CS="1.0" lang="fr" source="hm">animal</contenuImg>
            <tech source="final">dessin</tech>
            <theme source="final">13</theme>
            <tech CS="0.9" source="md">estampe/gravure</tech>
            <theme CS="0.9" source="md">13</theme>
            <contenuImg CS="1.0" lang="en" source="hm">animal</contenuImg>
            <contenuImg CS="1.0" lang="en" source="hm">reptile</contenuImg>
            <contenuImg CS="1.0" lang="en" source="hm">verterbrate</contenuImg>
            <leg>Testizd-o hi/ n iphvra, L. VaiUant .</leg>
            <txt>ReprtHe . Pl. 15. Nadagascar.</txt>
            <tech source="hm" time="2019-04-27T18:17:32.883+02:00">dessin</tech>
          </ill>
        </ills>
      </page>
      <page h="5284" ordre="123" w="4024">
        <nbMot>0</nbMot>
        <blocTexte>0</blocTexte>
        <blocTab>0</blocTab>
        <blocPub>0</blocPub>
        <blocIll ocr="0">0</blocIll>
      </page>
      <page h="5252" ordre="124" w="4044">
        <nbMot>8</nbMot>
        <blocTexte>3</blocTexte>
        <blocTab>0</blocTab>
        <blocPub>0</blocPub>
        <blocIll ocr="1">1</blocIll>
        <ills>
          <ill couleur="coul" edit="1" h="4056" n="124-1" taille="0" w="3164" x="468" y="699">
            <contenuImg b="133" coul="1" g="181" ordre="4" r="208" source="colorific" type="frg">#d0b585</contenuImg>
            <contenuImg b="186" coul="1" g="202" ordre="3" r="214" source="colorific" type="frg">#d6caba</contenuImg>
            <contenuImg b="80" coul="1" g="113" ordre="2" r="137" source="colorific" type="frg">#897150</contenuImg>
            <contenuImg b="55" coul="1" g="66" ordre="1" r="80" source="colorific" type="frg">#504237</contenuImg>
            <contenuImg CS="1.0" lang="fr" source="hm">vertébré</contenuImg>
            <contenuImg CS="1.0" lang="fr" source="hm">reptile</contenuImg>
            <contenuImg CS="1.0" lang="fr" source="hm">animal</contenuImg>
            <tech source="final">estampe/gravure</tech>
            <theme source="final">13</theme>
            <tech CS="0.9" source="md">estampe/gravure</tech>
            <theme CS="0.9" source="md">13</theme>
            <contenuImg CS="1.0" lang="en" source="hm">animal</contenuImg>
            <contenuImg CS="1.0" lang="en" source="hm">reptile</contenuImg>
            <contenuImg CS="1.0" lang="en" source="hm">verterbrate</contenuImg>
            <leg>Pyxis araehn 01 des</leg>
            <txt>RfpliJes. Pl. (?. Afadaaascar.</txt>
          </ill>
        </ills>
      </page>
      <page h="5272" ordre="125" w="4000">
        <nbMot>0</nbMot>
        <blocTexte>0</blocTexte>
        <blocTab>0</blocTab>
        <blocPub>0</blocPub>
        <blocIll ocr="0">0</blocIll>
      </page>
      <page h="5264" ordre="126" w="4044">
        <nbMot>14</nbMot>
        <blocTexte>3</blocTexte>
        <blocTab>0</blocTab>
        <blocPub>0</blocPub>
        <blocIll ocr="1">1</blocIll>
        <ills>
          <ill couleur="gris" h="4319" n="126-1" rotation="90" taille="0" w="2967" x="564" y="496">
            <contenuImg CS="1.0" lang="fr" source="hm">vertébré</contenuImg>
            <contenuImg CS="1.0" lang="fr" source="hm">reptile</contenuImg>
            <contenuImg CS="1.0" lang="fr" source="hm">animal</contenuImg>
            <tech source="final">estampe/gravure</tech>
            <theme source="final">13</theme>
            <tech CS="0.9" source="md">estampe/gravure</tech>
            <theme CS="0.9" source="md">13</theme>
            <contenuImg CS="1.0" lang="en" source="hm">animal</contenuImg>
            <contenuImg CS="1.0" lang="en" source="hm">reptile</contenuImg>
            <contenuImg CS="1.0" lang="en" source="hm">verterbrate</contenuImg>
            <leg>1. Pyocis araclznoidesJ Bell. 2, Testudcr planicauda} Grajijl-idier.</leg>
            <txt>lle;Ytiles. Pl. 12. Nadaga.scar .</txt>
          </ill>
        </ills>
      </page>
      <page h="5284" ordre="127" w="4000">
        <nbMot>0</nbMot>
        <blocTexte>0</blocTexte>
        <blocTab>0</blocTab>
        <blocPub>0</blocPub>
        <blocIll ocr="0">0</blocIll>
      </page>
      <page h="5264" ordre="128" w="4056">
        <nbMot>0</nbMot>
        <blocTexte>0</blocTexte>
        <blocTab>0</blocTab>
        <blocPub>0</blocPub>
        <blocIll ocr="0">0</blocIll>
      </page>
      <page h="5264" ordre="129" w="7184">
        <nbMot>11</nbMot>
        <blocTexte>3</blocTexte>
        <blocTab>0</blocTab>
        <blocPub>0</blocPub>
        <blocIll ocr="1">1</blocIll>
        <ills>
          <ill couleur="coul" edit="1" h="2899" n="129-1" taille="0" w="6029" x="455" y="1587">
            <contenuImg b="117" coul="1" g="166" ordre="4" r="201" source="colorific" type="frg">#c9a675</contenuImg>
            <contenuImg b="60" coul="1" g="75" ordre="3" r="87" source="colorific" type="frg">#574b3c</contenuImg>
            <contenuImg b="83" coul="1" g="112" ordre="2" r="131" source="colorific" type="frg">#837053</contenuImg>
            <contenuImg b="190" coul="1" g="216" ordre="1" r="233" source="colorific" type="frg">#e9d8be</contenuImg>
            <contenuImg CS="1.0" lang="fr" source="hm">vertébré</contenuImg>
            <contenuImg CS="1.0" lang="fr" source="hm">reptile</contenuImg>
            <contenuImg CS="1.0" lang="fr" source="hm">animal</contenuImg>
            <tech source="final">estampe/gravure</tech>
            <theme source="final">13</theme>
            <tech CS="0.9" source="md">estampe/gravure</tech>
            <theme CS="0.9" source="md">13</theme>
            <contenuImg CS="1.0" lang="en" source="hm">animal</contenuImg>
            <contenuImg CS="1.0" lang="en" source="hm">reptile</contenuImg>
            <contenuImg CS="1.0" lang="en" source="hm">verterbrate</contenuImg>
            <leg>Stern oth{jems castajiei-Ls, S chuJe ...ąer. Steniv/hierus suknj^er^ Jjacepede, .</leg>
            <txt>lieptiles. Pl.. 18-19. lIfadagascar.</txt>
          </ill>
        </ills>
      </page>
      <page h="5288" ordre="130" w="4008">
        <nbMot>0</nbMot>
        <blocTexte>0</blocTexte>
        <blocTab>0</blocTab>
        <blocPub>0</blocPub>
        <blocIll ocr="0">0</blocIll>
      </page>
      <page h="5252" ordre="131" w="4076">
        <nbMot>16</nbMot>
        <blocTexte>3</blocTexte>
        <blocTab>0</blocTab>
        <blocPub>0</blocPub>
        <blocIll ocr="1">1</blocIll>
        <ills>
          <ill couleur="gris" h="3494" n="131-1" rotation="90" taille="0" w="2432" x="666" y="937">
            <contenuImg CS="1.0" lang="fr" source="hm">vertébré</contenuImg>
            <contenuImg CS="1.0" lang="fr" source="hm">reptile</contenuImg>
            <contenuImg CS="1.0" lang="fr" source="hm">animal</contenuImg>
            <tech source="final">estampe/gravure</tech>
            <theme source="final">13</theme>
            <tech CS="0.9" source="md">estampe/gravure</tech>
            <theme CS="0.9" source="md">13</theme>
            <contenuImg CS="1.0" lang="en" source="hm">animal</contenuImg>
            <contenuImg CS="1.0" lang="en" source="hm">reptile</contenuImg>
            <contenuImg CS="1.0" lang="en" source="hm">verterbrate</contenuImg>
          </ill>
        </ills>
      </page>
      <page h="5276" ordre="132" w="3996">
        <nbMot>0</nbMot>
        <blocTexte>0</blocTexte>
        <blocTab>0</blocTab>
        <blocPub>0</blocPub>
        <blocIll ocr="0">0</blocIll>
      </page>
      <page h="5312" ordre="133" w="4112">
        <nbMot>14</nbMot>
        <blocTexte>3</blocTexte>
        <blocTab>0</blocTab>
        <blocPub>0</blocPub>
        <blocIll ocr="1">1</blocIll>
        <ills>
          <ill couleur="gris" h="4097" n="133-1" taille="0" w="3120" x="484" y="604">
            <contenuImg CS="1.0" lang="fr" source="hm">vertébré</contenuImg>
            <contenuImg CS="1.0" lang="fr" source="hm">reptile</contenuImg>
            <contenuImg CS="1.0" lang="fr" source="hm">animal</contenuImg>
            <tech source="final">estampe/gravure</tech>
            <theme source="final">13</theme>
            <tech CS="0.9" source="md">estampe/gravure</tech>
            <theme CS="0.9" source="md">13</theme>
            <contenuImg CS="1.0" lang="en" source="hm">animal</contenuImg>
            <contenuImg CS="1.0" lang="en" source="hm">reptile</contenuImg>
            <contenuImg CS="1.0" lang="en" source="hm">verterbrate</contenuImg>
            <leg>PelomeduscL galeata., SchoepJJ. l-Z. vtxr: typicas _ 3. var: disjuncta^.</leg>
            <txt>Reptiles. Pl. 20. Mculagasccu*.</txt>
          </ill>
        </ills>
      </page>
      <page h="5276" ordre="134" w="3996">
        <nbMot>0</nbMot>
        <blocTexte>0</blocTexte>
        <blocTab>0</blocTab>
        <blocPub>0</blocPub>
        <blocIll ocr="0">0</blocIll>
      </page>
      <page h="5264" ordre="135" w="4076">
        <nbMot>11</nbMot>
        <blocTexte>3</blocTexte>
        <blocTab>0</blocTab>
        <blocPub>0</blocPub>
        <blocIll ocr="1">1</blocIll>
        <ills>
          <ill couleur="gris" edit="true" h="3617" n="135-1" taille="0" w="2668" x="497" y="827">
            <tech source="final">imp photoméca</tech>
            <tech source="md">imp photoméca</tech>
            <contenuImg CS="1.0" lang="fr" source="hm">vertébré</contenuImg>
            <contenuImg CS="1.0" lang="fr" source="hm">reptile</contenuImg>
            <contenuImg CS="1.0" lang="fr" source="hm">animal</contenuImg>
            <fonction source="final">graphique</fonction>
            <theme source="final">13</theme>
            <tech CS="0.9" source="md">estampe/gravure</tech>
            <theme CS="0.9" source="md">13</theme>
            <contenuImg CS="1.0" lang="en" source="hm">animal</contenuImg>
            <contenuImg CS="1.0" lang="en" source="hm">reptile</contenuImg>
            <contenuImg CS="1.0" lang="en" source="hm">verterbrate</contenuImg>
            <leg>1. Pelomedusa galeataj Schoegff. 2. Ster-riothcerus cast-aneus, Schwcigqer.</leg>
            <txt>RejitiZes. Pl..fl. Hadagasca.r.</txt>
            <fonction source="hm" time="2019-04-27T18:18:17.144+02:00">graphique</fonction>
          </ill>
        </ills>
      </page>
      <page h="5276" ordre="136" w="4020">
        <nbMot>0</nbMot>
        <blocTexte>0</blocTexte>
        <blocTab>0</blocTab>
        <blocPub>0</blocPub>
        <blocIll ocr="0">0</blocIll>
      </page>
      <page h="5252" ordre="137" w="4052">
        <nbMot>0</nbMot>
        <blocTexte>0</blocTexte>
        <blocTab>0</blocTab>
        <blocPub>0</blocPub>
        <blocIll ocr="0">0</blocIll>
      </page>
      <page h="5264" ordre="138" w="7216">
        <nbMot>9</nbMot>
        <blocTexte>3</blocTexte>
        <blocTab>0</blocTab>
        <blocPub>0</blocPub>
        <blocIll ocr="1">1</blocIll>
        <ills>
          <ill couleur="coul" edit="1" h="3962" n="138-1" taille="0" w="6269" x="323" y="741">
            <contenuImg b="109" coul="1" g="121" ordre="3" r="129" source="colorific" type="frg">#81796d</contenuImg>
            <contenuImg b="91" coul="1" g="114" ordre="2" r="139" source="colorific" type="frg">#8b725b</contenuImg>
            <contenuImg b="190" coul="1" g="209" ordre="1" r="224" source="colorific" type="frg">#e0d1be</contenuImg>
            <contenuImg CS="1.0" lang="fr" source="hm">vertébré</contenuImg>
            <contenuImg CS="1.0" lang="fr" source="hm">reptile</contenuImg>
            <contenuImg CS="1.0" lang="fr" source="hm">animal</contenuImg>
            <tech source="final">dessin</tech>
            <theme source="final">13</theme>
            <tech CS="0.9" source="md">estampe/gravure</tech>
            <theme CS="0.9" source="md">13</theme>
            <contenuImg CS="1.0" lang="en" source="hm">animal</contenuImg>
            <contenuImg CS="1.0" lang="en" source="hm">reptile</contenuImg>
            <contenuImg CS="1.0" lang="en" source="hm">verterbrate</contenuImg>
            <leg>-ńr.!f m.noUteĮys madaga^scariejisisj Orandidier.</leg>
            <txt>Reptiles. Pl. 22J3. Madaffasca^r.</txt>
            <tech source="hm" time="2019-04-27T18:26:41.197+02:00">dessin</tech>
          </ill>
        </ills>
      </page>
      <page h="5300" ordre="139" w="4040">
        <nbMot>0</nbMot>
        <blocTexte>0</blocTexte>
        <blocTab>0</blocTab>
        <blocPub>0</blocPub>
        <blocIll ocr="0">0</blocIll>
      </page>
      <page h="5284" ordre="140" w="4048">
        <nbMot>0</nbMot>
        <blocTexte>0</blocTexte>
        <blocTab>0</blocTab>
        <blocPub>0</blocPub>
        <blocIll ocr="0">0</blocIll>
      </page>
      <page h="5324" ordre="141" w="7184">
        <nbMot>7</nbMot>
        <blocTexte>3</blocTexte>
        <blocTab>0</blocTab>
        <blocPub>0</blocPub>
        <blocIll ocr="1">1</blocIll>
        <ills>
          <ill couleur="coul" edit="1" h="3563" n="141-1" taille="0" w="5510" x="919" y="943">
            <contenuImg b="98" coul="1" g="139" ordre="6" r="161" source="colorific" type="frg">#a18b62</contenuImg>
            <contenuImg b="67" coul="1" g="82" ordre="5" r="93" source="colorific" type="frg">#5d5243</contenuImg>
            <contenuImg b="90" coul="1" g="115" ordre="4" r="151" source="colorific" type="frg">#97735a</contenuImg>
            <contenuImg b="68" coul="1" g="144" ordre="3" r="188" source="colorific" type="frg">#bc9044</contenuImg>
            <contenuImg b="118" coul="1" g="128" ordre="2" r="136" source="colorific" type="frg">#888076</contenuImg>
            <contenuImg b="181" coul="1" g="211" ordre="1" r="237" source="colorific" type="frg">#edd3b5</contenuImg>
            <contenuImg CS="1.0" lang="fr" source="hm">vertébré</contenuImg>
            <contenuImg CS="1.0" lang="fr" source="hm">reptile</contenuImg>
            <contenuImg CS="1.0" lang="fr" source="hm">animal</contenuImg>
            <tech source="final">dessin</tech>
            <theme source="final">13</theme>
            <tech CS="0.9" source="md">estampe/gravure</tech>
            <theme CS="0.9" source="md">13</theme>
            <contenuImg CS="1.0" lang="en" source="hm">animal</contenuImg>
            <contenuImg CS="1.0" lang="en" source="hm">reptile</contenuImg>
            <contenuImg CS="1.0" lang="en" source="hm">verterbrate</contenuImg>
            <leg>lir,Z;mlZOdwys nladagaJ carÚvz,-s ls/ Grasiididier.</leg>
            <txt>Reptcl s. Pl. 2 -Z5. Kadagcucar.</txt>
            <tech source="hm" time="2019-04-27T18:26:42.6+02:00">dessin</tech>
          </ill>
        </ills>
      </page>
      <page h="5292" ordre="142" w="4044">
        <nbMot>0</nbMot>
        <blocTexte>0</blocTexte>
        <blocTab>0</blocTab>
        <blocPub>0</blocPub>
        <blocIll ocr="0">0</blocIll>
      </page>
      <page h="5260" ordre="143" w="4056">
        <nbMot>7</nbMot>
        <blocTexte>2</blocTexte>
        <blocTab>0</blocTab>
        <blocPub>0</blocPub>
        <blocIll ocr="1">1</blocIll>
        <ills>
          <ill edit="true" couleur="gris" h="4243" n="143-1" taille="0" w="3045" x="553" y="457">
            <contenuImg CS="1.0" lang="fr" source="hm">vertébré</contenuImg>
            <contenuImg CS="1.0" lang="fr" source="hm">reptile</contenuImg>
            <contenuImg CS="1.0" lang="fr" source="hm">animal</contenuImg>
            <tech source="final">estampe/gravure</tech>
            <theme source="final">13</theme>
            <tech CS="0.9" source="md">estampe/gravure</tech>
            <theme CS="0.9" source="md">13</theme>
            <contenuImg CS="1.0" lang="en" source="hm">animal</contenuImg>
            <contenuImg CS="1.0" lang="en" source="hm">reptile</contenuImg>
            <contenuImg CS="1.0" lang="en" source="hm">verterbrate</contenuImg>
            <leg>ErymrLOxJielys n^adag(iscarie risLs, Grandidier.</leg>
            <txt>Maddu/ascar. Reptile*. PI. 28. Maddu/ascar. Reptile*. PI. 28.</txt>
            <fonction source="hm" time="2020-10-25T17:47:49.828+01:00">graphique</fonction>
            <fonction source="final">graphique</fonction>
          </ill>
        </ills>
      </page>
      <page h="5280" ordre="144" w="4044">
        <nbMot>0</nbMot>
        <blocTexte>0</blocTexte>
        <blocTab>0</blocTab>
        <blocPub>0</blocPub>
        <blocIll ocr="0">0</blocIll>
      </page>
      <page h="5236" ordre="145" w="4044">
        <nbMot>8</nbMot>
        <blocTexte>3</blocTexte>
        <blocTab>0</blocTab>
        <blocPub>0</blocPub>
        <blocIll ocr="1">1</blocIll>
        <ills>
          <ill couleur="gris" edit="true" h="3852" n="145-1" taille="0" w="2863" x="528" y="669">
            <contenuImg CS="1.0" lang="fr" source="hm">vertébré</contenuImg>
            <contenuImg CS="1.0" lang="fr" source="hm">reptile</contenuImg>
            <contenuImg CS="1.0" lang="fr" source="hm">animal</contenuImg>
            <tech source="final">dessin</tech>
            <theme source="final">13</theme>
            <tech CS="0.9" source="md">estampe/gravure</tech>
            <theme CS="0.9" source="md">13</theme>
            <contenuImg CS="1.0" lang="en" source="hm">animal</contenuImg>
            <contenuImg CS="1.0" lang="en" source="hm">reptile</contenuImg>
            <contenuImg CS="1.0" lang="en" source="hm">verterbrate</contenuImg>
            <leg>ErymiWschelys madagascari risis, Gra/uiidier.</leg>
            <txt>ftep tiles. Pl. 27. Maiiagtiscar.</txt>
            <tech source="hm" time="2019-04-27T18:17:38.745+02:00">dessin</tech>
          </ill>
        </ills>
      </page>
      <page h="5280" ordre="146" w="4044">
        <nbMot>0</nbMot>
        <blocTexte>0</blocTexte>
        <blocTab>0</blocTab>
        <blocPub>0</blocPub>
        <blocIll ocr="0">0</blocIll>
      </page>
      <page h="5248" ordre="147" w="4032">
        <nbMot>0</nbMot>
        <blocTexte>0</blocTexte>
        <blocTab>0</blocTab>
        <blocPub>0</blocPub>
        <blocIll ocr="0">0</blocIll>
      </page>
      <page h="5292" ordre="148" w="4068">
        <nbMot>706</nbMot>
        <blocTexte>38</blocTexte>
        <blocTab>0</blocTab>
        <blocPub>0</blocPub>
        <blocIll ocr="0">0</blocIll>
      </page>
      <page h="5260" ordre="149" w="4044">
        <nbMot>0</nbMot>
        <blocTexte>0</blocTexte>
        <blocTab>0</blocTab>
        <blocPub>0</blocPub>
        <blocIll ocr="0">0</blocIll>
      </page>
      <page h="5268" ordre="150" w="4080">
        <nbMot>0</nbMot>
        <blocTexte>0</blocTexte>
        <blocTab>0</blocTab>
        <blocPub>0</blocPub>
        <blocIll ocr="0">0</blocIll>
      </page>
    </pages>
  </contenus>
</analyseAlto>