<analyseAlto>
  <metad>
    <type>I</type>
    <ID>btv1b10548853g</ID>
    <titre>Insectes : peinture / Yoeequa Painter</titre>
    <dateEdition>1830-1840</dateEdition>
    <auteur>Yoeequa (18..?-18..). Peintre Lagrené, Marie-Melchior-Joseph-Théodore de (1800-1862). Collecteur</auteur>
    <lang>0</lang>
    <source>Bibliothèque nationale de France, département Estampes et photographie, RESERVE PET FOL-OE-159 (A)</source>
    <nbPage>20</nbPage>
    <descr>Oiseaux -- Chine</descr>
  </metad>
  <contenus ocr="false" toc="false">
    <largeur>231</largeur>
    <hauteur>170</hauteur>
    <largeurPx>5468</largeurPx>
    <hauteurPx>4031</hauteurPx>
    <pages>
      <page ordre="3">
        <blocIll ocr="1">0</blocIll>
        <ills/>
      </page>
      <page ordre="4">
        <blocIll ocr="1">0</blocIll>
        <ills/>
      </page>
      <page ordre="5">
        <blocIll ocr="1">0</blocIll>
        <ills/>
      </page>
      <page ordre="6">
        <blocIll ocr="1">0</blocIll>
        <ills/>
      </page>
      <page ordre="7">
        <blocIll ocr="1">1</blocIll>
        <ills>
          <ill classif="CCibm" couleur="coul" h="4016" n="7-1" taille="10" w="5172" x="1" y="1">
            <contenuImg CS="0.668" lang="fr" source="ibm">appât</contenuImg>
            <contenuImg CS="0.574" lang="fr" source="ibm">bréviaire (livre)</contenuImg>
            <contenuImg CS="0.873" coul="1" lang="fr" source="ibm">vert olive</contenuImg>
            <contenuImg CS="0.518" lang="fr" source="ibm">canard</contenuImg>
            <contenuImg CS="0.594" lang="fr" source="ibm">tissu</contenuImg>
            <contenuImg b="78" coul="1" g="105" ordre="8" r="185" source="colorific" type="frg">#b9694e</contenuImg>
            <contenuImg b="135" coul="1" g="166" ordre="7" r="203" source="colorific" type="frg">#cba687</contenuImg>
            <contenuImg b="60" coul="1" g="65" ordre="6" r="69" source="colorific" type="frg">#45413c</contenuImg>
            <contenuImg b="91" coul="1" g="107" ordre="5" r="142" source="colorific" type="frg">#8e6b5b</contenuImg>
            <contenuImg b="80" coul="1" g="94" ordre="4" r="91" source="colorific" type="frg">#5b5e50</contenuImg>
            <contenuImg b="55" coul="1" g="59" ordre="3" r="89" source="colorific" type="frg">#593b37</contenuImg>
            <contenuImg b="158" coul="1" g="152" ordre="2" r="138" source="colorific" type="frg">#8a989e</contenuImg>
            <contenuImg b="166" coul="1" g="177" ordre="1" r="182" source="colorific" type="frg">#b6b1a6</contenuImg>
            <contenuImg CS="1.0" lang="fr" source="md">invertébré</contenuImg>
            <contenuImg CS="1.0" lang="fr" source="md">animal</contenuImg>
            <contenuImg CS="1.0" lang="fr" source="md">insecte</contenuImg>
            <contenuImg CS="0.59" lang="fr" source="ibm">poisson</contenuImg>
            <contenuImg CS="0.593" lang="fr" source="ibm">vertébré aquatique</contenuImg>
            <contenuImg CS="0.669" lang="fr" source="ibm">animal</contenuImg>
            <contenuImg CS="0.521" lang="fr" source="ibm">insecte</contenuImg>
            <contenuImg CS="0.522" lang="fr" source="ibm">invertébré</contenuImg>
            <contenuImg CS="0.873" coul="1" lang="fr" source="ibm">couleur vert olive</contenuImg>
            <contenuImg CS="0.873" coul="1" lang="en" source="ibm">olive green color</contenuImg>
            <contenuImg CS="0.594" lang="en" source="ibm">fabric</contenuImg>
            <contenuImg CS="0.522" lang="en" source="ibm">invertebrate</contenuImg>
            <contenuImg CS="0.521" lang="en" source="ibm">insect</contenuImg>
            <contenuImg CS="0.518" lang="en" source="ibm">cockroach</contenuImg>
            <contenuImg CS="0.5" lang="en" source="ibm">oriental cockroach</contenuImg>
            <contenuImg CS="0.669" lang="en" source="ibm">animal</contenuImg>
            <contenuImg CS="0.593" lang="en" source="ibm">aquatic vertebrate</contenuImg>
            <contenuImg CS="0.59" lang="en" source="ibm">fish</contenuImg>
            <contenuImg CS="0.548" lang="en" source="ibm">cardinal tetra</contenuImg>
            <contenuImg CS="0.574" lang="en" source="ibm">breviary (book)</contenuImg>
            <contenuImg CS="0.668" lang="en" source="ibm">bait</contenuImg>
            <tech source="final">estampe/gravure</tech>
            <theme source="final">13</theme>
            <tech CS="1" source="md">estampe/gravure</tech>
            <theme CS="1" source="md">13</theme>
            <contenuImg CS="1.0" lang="en" source="md">insect</contenuImg>
            <contenuImg CS="1.0" lang="en" source="md">animal</contenuImg>
            <contenuImg CS="1.0" lang="en" source="md">invertebrate</contenuImg>
            <titraille>Insectes : peinture / Yoeequa Painter</titraille>
          </ill>
        </ills>
      </page>
      <page ordre="8">
        <blocIll ocr="1">1</blocIll>
        <ills>
          <ill classif="CCibm" couleur="coul" h="4022" n="8-1" taille="10" w="5215" x="1" y="1">
            <contenuImg CS="0.746" lang="fr" source="ibm">torchon</contenuImg>
            <contenuImg CS="0.762" lang="fr" source="ibm">serviette</contenuImg>
            <contenuImg CS="0.519" lang="fr" source="ibm">bord de la feuille (fabrication du papier)</contenuImg>
            <contenuImg CS="0.5" lang="fr" source="ibm">enveloppe</contenuImg>
            <contenuImg CS="0.501" lang="fr" source="ibm">emballage</contenuImg>
            <contenuImg CS="0.966" coul="1" lang="fr" source="ibm">vert olive</contenuImg>
            <contenuImg CS="0.868" lang="fr" source="ibm">tissu</contenuImg>
            <contenuImg b="57" coul="1" g="71" ordre="6" r="78" source="colorific" type="frg">#4e4739</contenuImg>
            <contenuImg b="52" coul="1" g="58" ordre="5" r="135" source="colorific" type="frg">#873a34</contenuImg>
            <contenuImg b="79" coul="1" g="108" ordre="4" r="111" source="colorific" type="frg">#6f6c4f</contenuImg>
            <contenuImg b="83" coul="1" g="111" ordre="3" r="144" source="colorific" type="frg">#906f53</contenuImg>
            <contenuImg b="156" coul="1" g="161" ordre="2" r="152" source="colorific" type="frg">#98a19c</contenuImg>
            <contenuImg b="167" coul="1" g="158" ordre="1" r="140" source="colorific" type="frg">#8c9ea7</contenuImg>
            <contenuImg CS="1.0" lang="fr" source="md">invertébré</contenuImg>
            <contenuImg CS="1.0" lang="fr" source="md">animal</contenuImg>
            <contenuImg CS="1.0" lang="fr" source="md">insecte</contenuImg>
            <contenuImg CS="0.966" coul="1" lang="fr" source="ibm">couleur vert olive</contenuImg>
            <contenuImg CS="0.966" coul="1" lang="en" source="ibm">olive green color</contenuImg>
            <contenuImg CS="0.501" lang="en" source="ibm">wrapping</contenuImg>
            <contenuImg CS="0.5" lang="en" source="ibm">envelope</contenuImg>
            <contenuImg CS="0.519" lang="en" source="ibm">deckle edge (paper making)</contenuImg>
            <contenuImg CS="0.597" lang="en" source="ibm">handkerchief</contenuImg>
            <contenuImg CS="0.868" lang="en" source="ibm">fabric</contenuImg>
            <contenuImg CS="0.762" lang="en" source="ibm">towel</contenuImg>
            <contenuImg CS="0.746" lang="en" source="ibm">dishtowel</contenuImg>
            <tech source="final">estampe/gravure</tech>
            <theme source="final">13</theme>
            <tech CS="1" source="md">estampe/gravure</tech>
            <theme CS="1" source="md">13</theme>
            <contenuImg CS="1.0" lang="en" source="md">insect</contenuImg>
            <contenuImg CS="1.0" lang="en" source="md">animal</contenuImg>
            <contenuImg CS="1.0" lang="en" source="md">invertebrate</contenuImg>
            <titraille>Insectes : peinture / Yoeequa Painter</titraille>
          </ill>
        </ills>
      </page>
      <page ordre="9">
        <blocIll ocr="1">1</blocIll>
        <ills>
          <ill classif="CCibm" couleur="coul" h="4022" n="9-1" taille="10" w="5169" x="1" y="1">
            <contenuImg CS="0.807" lang="fr" source="ibm">bréviaire (livre)</contenuImg>
            <contenuImg CS="0.5" lang="fr" source="ibm">alimentation</contenuImg>
            <contenuImg CS="0.5" lang="fr" source="ibm">aliments</contenuImg>
            <contenuImg CS="0.891" coul="1" lang="fr" source="ibm">vert olive</contenuImg>
            <contenuImg CS="0.5" lang="fr" source="ibm">nourriture</contenuImg>
            <contenuImg CS="0.797" lang="fr" source="ibm">tissu</contenuImg>
            <contenuImg b="55" coul="1" g="63" ordre="7" r="117" source="colorific" type="frg">#753f37</contenuImg>
            <contenuImg b="46" coul="1" g="50" ordre="6" r="58" source="colorific" type="frg">#3a322e</contenuImg>
            <contenuImg b="84" coul="1" g="99" ordre="5" r="113" source="colorific" type="frg">#716354</contenuImg>
            <contenuImg b="83" coul="1" g="104" ordre="4" r="141" source="colorific" type="frg">#8d6853</contenuImg>
            <contenuImg b="115" coul="1" g="126" ordre="3" r="119" source="colorific" type="frg">#777e73</contenuImg>
            <contenuImg b="193" coul="1" g="183" ordre="2" r="164" source="colorific" type="frg">#a4b7c1</contenuImg>
            <contenuImg b="164" coul="1" g="180" ordre="1" r="194" source="colorific" type="frg">#c2b4a4</contenuImg>
            <contenuImg CS="1.0" lang="fr" source="md">invertébré</contenuImg>
            <contenuImg CS="1.0" lang="fr" source="md">animal</contenuImg>
            <contenuImg CS="1.0" lang="fr" source="md">insecte</contenuImg>
            <contenuImg CS="0.799" lang="fr" source="ibm">animal</contenuImg>
            <contenuImg CS="0.797" lang="fr" source="ibm">insecte</contenuImg>
            <contenuImg CS="0.891" coul="1" lang="fr" source="ibm">couleur vert olive</contenuImg>
            <contenuImg CS="0.891" coul="1" lang="en" source="ibm">olive green color</contenuImg>
            <contenuImg CS="0.797" lang="en" source="ibm">fabric</contenuImg>
            <contenuImg CS="0.797" lang="en" source="ibm">insect</contenuImg>
            <contenuImg CS="0.799" lang="en" source="ibm">animal</contenuImg>
            <contenuImg CS="0.5" lang="en" source="ibm">food</contenuImg>
            <contenuImg CS="0.5" lang="en" source="ibm">feed</contenuImg>
            <contenuImg CS="0.5" lang="en" source="ibm">bird feed</contenuImg>
            <contenuImg CS="0.807" lang="en" source="ibm">breviary (book)</contenuImg>
            <tech source="final">estampe/gravure</tech>
            <theme source="final">13</theme>
            <tech CS="1" source="md">estampe/gravure</tech>
            <theme CS="1" source="md">13</theme>
            <contenuImg CS="1.0" lang="en" source="md">insect</contenuImg>
            <contenuImg CS="1.0" lang="en" source="md">animal</contenuImg>
            <contenuImg CS="1.0" lang="en" source="md">invertebrate</contenuImg>
            <titraille>Insectes : peinture / Yoeequa Painter</titraille>
          </ill>
        </ills>
      </page>
      <page ordre="10">
        <blocIll ocr="1">1</blocIll>
        <ills>
          <ill classif="CCibm" couleur="coul" edit="true" h="4013" n="10-1" taille="10" w="5164" x="1" y="1">
            <contenuImg CS="0.824" lang="fr" source="ibm">torchon</contenuImg>
            <contenuImg CS="0.907" lang="fr" source="ibm">serviette</contenuImg>
            <contenuImg CS="0.606" lang="fr" source="ibm">essuie-main</contenuImg>
            <contenuImg CS="0.5" lang="fr" source="ibm">support papier (timbres/monnaie)</contenuImg>
            <contenuImg CS="0.501" lang="fr" source="ibm">document écrit</contenuImg>
            <contenuImg CS="0.947" coul="1" lang="fr" source="ibm">vert olive</contenuImg>
            <contenuImg CS="0.907" lang="fr" source="ibm">tissu</contenuImg>
            <contenuImg b="55" coul="1" g="57" ordre="10" r="59" source="colorific" type="frg">#3b3937</contenuImg>
            <contenuImg b="49" coul="1" g="51" ordre="9" r="128" source="colorific" type="frg">#803331</contenuImg>
            <contenuImg b="75" coul="1" g="99" ordre="8" r="134" source="colorific" type="frg">#86634b</contenuImg>
            <contenuImg b="81" coul="1" g="128" ordre="7" r="188" source="colorific" type="frg">#bc8051</contenuImg>
            <contenuImg b="128" coul="1" g="155" ordre="6" r="172" source="colorific" type="frg">#ac9b80</contenuImg>
            <contenuImg b="87" coul="1" g="154" ordre="5" r="193" source="colorific" type="frg">#c19a57</contenuImg>
            <contenuImg b="65" coul="1" g="83" ordre="4" r="78" source="colorific" type="frg">#4e5341</contenuImg>
            <contenuImg b="136" coul="1" g="143" ordre="3" r="140" source="colorific" type="frg">#8c8f88</contenuImg>
            <contenuImg b="160" coul="1" g="154" ordre="2" r="140" source="colorific" type="frg">#8c9aa0</contenuImg>
            <contenuImg b="193" coul="1" g="212" ordre="1" r="217" source="colorific" type="frg">#d9d4c1</contenuImg>
            <contenuImg CS="1" lang="fr" source="hm" time="2019-03-13T20:30:29.176+01:00">papillon</contenuImg>
            <contenuImg CS="1.0" lang="fr" source="md">invertébré</contenuImg>
            <contenuImg CS="1.0" lang="fr" source="md">animal</contenuImg>
            <contenuImg CS="1.0" lang="fr" source="md">insecte</contenuImg>
            <contenuImg CS="0.947" coul="1" lang="fr" source="ibm">couleur vert olive</contenuImg>
            <contenuImg CS="0.947" coul="1" lang="en" source="ibm">olive green color</contenuImg>
            <contenuImg CS="0.501" lang="en" source="ibm">written document</contenuImg>
            <contenuImg CS="0.5" lang="en" source="ibm">paper based (stamps/currency)</contenuImg>
            <contenuImg CS="0.606" lang="en" source="ibm">hand towel</contenuImg>
            <contenuImg CS="0.907" lang="en" source="ibm">fabric</contenuImg>
            <contenuImg CS="0.907" lang="en" source="ibm">towel</contenuImg>
            <contenuImg CS="0.824" lang="en" source="ibm">dishtowel</contenuImg>
            <tech source="final">estampe/gravure</tech>
            <theme source="final">13</theme>
            <tech CS="1" source="md">estampe/gravure</tech>
            <theme CS="1" source="md">13</theme>
            <contenuImg CS="1.0" lang="en" source="md">insect</contenuImg>
            <contenuImg CS="1.0" lang="en" source="md">animal</contenuImg>
            <contenuImg CS="1.0" lang="en" source="md">invertebrate</contenuImg>
            <titraille>Insectes : peinture / Yoeequa Painter</titraille>
            <contenuImg CS="1" lang="en" source="hm" time="2019-03-13T20:30:29.176+01:00">butterfly</contenuImg>
          </ill>
        </ills>
      </page>
      <page ordre="11">
        <blocIll ocr="1">1</blocIll>
        <ills>
          <ill classif="CCibm" couleur="coul" edit="true" h="4025" n="11-1" taille="10" w="5172" x="1" y="1">
            <contenuImg CS="0.613" lang="fr" source="ibm">coléoptère à longues cornes</contenuImg>
            <contenuImg CS="0.512" lang="fr" source="ibm">blason</contenuImg>
            <contenuImg CS="0.512" lang="fr" source="ibm">arbre</contenuImg>
            <contenuImg CS="0.512" lang="fr" source="ibm">silhouette</contenuImg>
            <contenuImg CS="0.781" lang="fr" source="ibm">intérieurs</contenuImg>
            <contenuImg CS="0.929" coul="1" lang="fr" source="ibm">vert olive</contenuImg>
            <contenuImg b="55" coul="1" g="62" ordre="8" r="116" source="colorific" type="frg">#743e37</contenuImg>
            <contenuImg b="49" coul="1" g="54" ordre="7" r="67" source="colorific" type="frg">#433631</contenuImg>
            <contenuImg b="157" coul="1" g="174" ordre="6" r="204" source="colorific" type="frg">#ccae9d</contenuImg>
            <contenuImg b="51" coul="1" g="68" ordre="5" r="68" source="colorific" type="frg">#444433</contenuImg>
            <contenuImg b="132" coul="1" g="141" ordre="4" r="139" source="colorific" type="frg">#8b8d84</contenuImg>
            <contenuImg b="76" coul="1" g="89" ordre="3" r="104" source="colorific" type="frg">#68594c</contenuImg>
            <contenuImg b="173" coul="1" g="162" ordre="2" r="139" source="colorific" type="frg">#8ba2ad</contenuImg>
            <contenuImg b="160" coul="1" g="178" ordre="1" r="191" source="colorific" type="frg">#bfb2a0</contenuImg>
            <contenuImg CS="1" lang="fr" source="hm" time="2019-03-13T20:30:24.236+01:00">araignée</contenuImg>
            <contenuImg CS="1.0" lang="fr" source="md">invertébré</contenuImg>
            <contenuImg CS="1.0" lang="fr" source="md">animal</contenuImg>
            <contenuImg CS="1.0" lang="fr" source="md">insecte</contenuImg>
            <contenuImg CS="0.681" lang="fr" source="ibm">araignée de grange</contenuImg>
            <contenuImg CS="0.703" lang="fr" source="ibm">araignée</contenuImg>
            <contenuImg CS="0.888" lang="fr" source="ibm">invertébré</contenuImg>
            <contenuImg CS="0.888" lang="fr" source="ibm">animal</contenuImg>
            <contenuImg CS="0.613" lang="fr" source="ibm">scarabée</contenuImg>
            <contenuImg CS="0.716" lang="fr" source="ibm">insecte</contenuImg>
            <contenuImg CS="0.929" coul="1" lang="fr" source="ibm">couleur vert olive</contenuImg>
            <contenuImg CS="0.929" coul="1" lang="en" source="ibm">olive green color</contenuImg>
            <contenuImg CS="0.781" lang="en" source="ibm">indoors</contenuImg>
            <contenuImg CS="0.5" lang="en" source="ibm">sea spider</contenuImg>
            <contenuImg CS="0.512" lang="en" source="ibm">figure</contenuImg>
            <contenuImg CS="0.512" lang="en" source="ibm">tree</contenuImg>
            <contenuImg CS="0.512" lang="en" source="ibm">stemma</contenuImg>
            <contenuImg CS="0.521" lang="en" source="ibm">ichneumon fly</contenuImg>
            <contenuImg CS="0.716" lang="en" source="ibm">insect</contenuImg>
            <contenuImg CS="0.613" lang="en" source="ibm">beetle</contenuImg>
            <contenuImg CS="0.613" lang="en" source="ibm">long-horned beetle</contenuImg>
            <contenuImg CS="0.888" lang="en" source="ibm">animal</contenuImg>
            <contenuImg CS="0.888" lang="en" source="ibm">invertebrate</contenuImg>
            <contenuImg CS="0.703" lang="en" source="ibm">spider</contenuImg>
            <contenuImg CS="0.681" lang="en" source="ibm">barn spider</contenuImg>
            <tech source="final">estampe/gravure</tech>
            <theme source="final">13</theme>
            <tech CS="1" source="md">estampe/gravure</tech>
            <theme CS="1" source="md">13</theme>
            <contenuImg CS="1.0" lang="en" source="md">insect</contenuImg>
            <contenuImg CS="1.0" lang="en" source="md">animal</contenuImg>
            <contenuImg CS="1.0" lang="en" source="md">invertebrate</contenuImg>
            <titraille>Insectes : peinture / Yoeequa Painter</titraille>
            <contenuImg CS="1" lang="en" source="hm" time="2019-03-13T20:30:24.236+01:00">spider</contenuImg>
          </ill>
        </ills>
      </page>
      <page ordre="12">
        <blocIll ocr="1">1</blocIll>
        <ills>
          <ill classif="CCibm" couleur="coul" h="4010" n="12-1" taille="10" w="5086" x="1" y="1">
            <contenuImg CS="0.628" lang="fr" source="ibm">support papier (timbres/monnaie)</contenuImg>
            <contenuImg CS="0.629" lang="fr" source="ibm">document écrit</contenuImg>
            <contenuImg CS="0.5" lang="fr" source="ibm">ver de terre</contenuImg>
            <contenuImg CS="0.616" lang="fr" source="ibm">ver</contenuImg>
            <contenuImg CS="0.805" lang="fr" source="ibm">mille-pattes</contenuImg>
            <contenuImg b="91" coul="1" g="105" ordre="6" r="109" source="colorific" type="frg">#6d695b</contenuImg>
            <contenuImg b="74" coul="1" g="86" ordre="5" r="133" source="colorific" type="frg">#85564a</contenuImg>
            <contenuImg b="122" coul="1" g="138" ordre="4" r="167" source="colorific" type="frg">#a78a7a</contenuImg>
            <contenuImg b="56" coul="1" g="62" ordre="3" r="80" source="colorific" type="frg">#503e38</contenuImg>
            <contenuImg b="188" coul="1" g="176" ordre="2" r="158" source="colorific" type="frg">#9eb0bc</contenuImg>
            <contenuImg b="169" coul="1" g="181" ordre="1" r="190" source="colorific" type="frg">#beb5a9</contenuImg>
            <contenuImg CS="1.0" lang="fr" source="md">invertébré</contenuImg>
            <contenuImg CS="1.0" lang="fr" source="md">animal</contenuImg>
            <contenuImg CS="1.0" lang="fr" source="md">insecte</contenuImg>
            <contenuImg CS="0.886" lang="fr" source="ibm">invertébré</contenuImg>
            <contenuImg CS="0.92" lang="fr" source="ibm">animal</contenuImg>
            <contenuImg CS="0.528" lang="fr" source="ibm">larve</contenuImg>
            <contenuImg CS="0.616" lang="fr" source="ibm">vers</contenuImg>
            <contenuImg CS="0.905" coul="1" lang="fr" source="ibm">rose (couleur)</contenuImg>
            <contenuImg CS="0.733" coul="1" lang="fr" source="ibm">oeillet (couleur)</contenuImg>
            <contenuImg CS="0.733" coul="1" lang="en" source="ibm">carnation color</contenuImg>
            <contenuImg CS="0.905" coul="1" lang="en" source="ibm">pink color</contenuImg>
            <contenuImg CS="0.616" lang="en" source="ibm">worm</contenuImg>
            <contenuImg CS="0.5" lang="en" source="ibm">earthworm</contenuImg>
            <contenuImg CS="0.528" lang="en" source="ibm">larva</contenuImg>
            <contenuImg CS="0.52" lang="en" source="ibm">mealworm</contenuImg>
            <contenuImg CS="0.629" lang="en" source="ibm">written document</contenuImg>
            <contenuImg CS="0.628" lang="en" source="ibm">paper based (stamps/currency)</contenuImg>
            <contenuImg CS="0.92" lang="en" source="ibm">animal</contenuImg>
            <contenuImg CS="0.886" lang="en" source="ibm">invertebrate</contenuImg>
            <contenuImg CS="0.805" lang="en" source="ibm">centipede</contenuImg>
            <tech source="final">estampe/gravure</tech>
            <theme source="final">13</theme>
            <tech CS="1" source="md">estampe/gravure</tech>
            <theme CS="1" source="md">13</theme>
            <contenuImg CS="1.0" lang="en" source="md">insect</contenuImg>
            <contenuImg CS="1.0" lang="en" source="md">animal</contenuImg>
            <contenuImg CS="1.0" lang="en" source="md">invertebrate</contenuImg>
            <titraille>Insectes : peinture / Yoeequa Painter</titraille>
          </ill>
        </ills>
      </page>
      <page ordre="13">
        <blocIll ocr="1">1</blocIll>
        <ills>
          <ill classif="CCibm" couleur="coul" edit="true" h="4031" n="13-1" taille="10" w="5175" x="1" y="1">
            <contenuImg CS="0.711" lang="fr" source="ibm">bord de la feuille (fabrication du papier)</contenuImg>
            <contenuImg CS="0.578" lang="fr" source="ibm">plateau</contenuImg>
            <contenuImg CS="0.578" lang="fr" source="ibm">ustensile</contenuImg>
            <contenuImg CS="0.552" lang="fr" source="ibm">bréviaire (livre)</contenuImg>
            <contenuImg CS="0.502" lang="fr" source="ibm">torchon</contenuImg>
            <contenuImg CS="0.514" lang="fr" source="ibm">serviette</contenuImg>
            <contenuImg CS="0.5" lang="fr" source="ibm">écran pare-feu</contenuImg>
            <contenuImg CS="0.5" lang="fr" source="ibm">écran</contenuImg>
            <contenuImg CS="0.5" lang="fr" source="ibm">revêtement de protection</contenuImg>
            <contenuImg CS="0.864" coul="1" lang="fr" source="ibm">vert olive</contenuImg>
            <contenuImg CS="0.515" lang="fr" source="ibm">tissu</contenuImg>
            <contenuImg b="52" coul="1" g="58" ordre="6" r="73" source="colorific" type="frg">#493a34</contenuImg>
            <contenuImg b="62" coul="1" g="72" ordre="5" r="76" source="colorific" type="frg">#4c483e</contenuImg>
            <contenuImg b="65" coul="1" g="77" ordre="4" r="108" source="colorific" type="frg">#6c4d41</contenuImg>
            <contenuImg b="91" coul="1" g="104" ordre="3" r="119" source="colorific" type="frg">#77685b</contenuImg>
            <contenuImg b="150" coul="1" g="147" ordre="2" r="136" source="colorific" type="frg">#889396</contenuImg>
            <contenuImg b="171" coul="1" g="184" ordre="1" r="193" source="colorific" type="frg">#c1b8ab</contenuImg>
            <contenuImg CS="1" lang="fr" source="hm" time="2019-03-13T20:30:32.928+01:00">araignée</contenuImg>
            <contenuImg CS="1.0" lang="fr" source="md">invertébré</contenuImg>
            <contenuImg CS="1.0" lang="fr" source="md">animal</contenuImg>
            <contenuImg CS="1.0" lang="fr" source="md">insecte</contenuImg>
            <contenuImg CS="0.864" coul="1" lang="fr" source="ibm">couleur vert olive</contenuImg>
            <contenuImg CS="0.864" coul="1" lang="en" source="ibm">olive green color</contenuImg>
            <contenuImg CS="0.5" lang="en" source="ibm">protective covering</contenuImg>
            <contenuImg CS="0.5" lang="en" source="ibm">screen</contenuImg>
            <contenuImg CS="0.5" lang="en" source="ibm">fire screen</contenuImg>
            <contenuImg CS="0.515" lang="en" source="ibm">fabric</contenuImg>
            <contenuImg CS="0.514" lang="en" source="ibm">towel</contenuImg>
            <contenuImg CS="0.502" lang="en" source="ibm">dishtowel</contenuImg>
            <contenuImg CS="0.552" lang="en" source="ibm">breviary (book)</contenuImg>
            <contenuImg CS="0.578" lang="en" source="ibm">utensil</contenuImg>
            <contenuImg CS="0.578" lang="en" source="ibm">tray</contenuImg>
            <contenuImg CS="0.711" lang="en" source="ibm">deckle edge (paper making)</contenuImg>
            <tech source="final">estampe/gravure</tech>
            <theme source="final">13</theme>
            <tech CS="1" source="md">estampe/gravure</tech>
            <theme CS="1" source="md">13</theme>
            <contenuImg CS="1.0" lang="en" source="md">insect</contenuImg>
            <contenuImg CS="1.0" lang="en" source="md">animal</contenuImg>
            <contenuImg CS="1.0" lang="en" source="md">invertebrate</contenuImg>
            <titraille>Insectes : peinture / Yoeequa Painter</titraille>
            <contenuImg CS="1" lang="en" source="hm" time="2019-03-13T20:30:32.928+01:00">spider</contenuImg>
          </ill>
        </ills>
      </page>
      <page ordre="14">
        <blocIll ocr="1">1</blocIll>
        <ills>
          <ill classif="CCibm" couleur="coul" h="4022" n="14-1" taille="10" w="5098" x="1" y="1">
            <contenuImg CS="0.531" lang="fr" source="ibm">torchon</contenuImg>
            <contenuImg CS="0.556" lang="fr" source="ibm">serviette</contenuImg>
            <contenuImg CS="0.515" lang="fr" source="ibm">appât</contenuImg>
            <contenuImg CS="0.503" lang="fr" source="ibm">support papier (timbres/monnaie)</contenuImg>
            <contenuImg CS="0.509" lang="fr" source="ibm">document écrit</contenuImg>
            <contenuImg CS="0.5" lang="fr" source="ibm">bréviaire (livre)</contenuImg>
            <contenuImg CS="0.936" coul="1" lang="fr" source="ibm">vert olive</contenuImg>
            <contenuImg CS="0.557" lang="fr" source="ibm">tissu</contenuImg>
            <contenuImg b="87" coul="1" g="97" ordre="9" r="129" source="colorific" type="frg">#816157</contenuImg>
            <contenuImg b="60" coul="1" g="64" ordre="8" r="131" source="colorific" type="frg">#83403c</contenuImg>
            <contenuImg b="118" coul="1" g="128" ordre="7" r="135" source="colorific" type="frg">#878076</contenuImg>
            <contenuImg b="43" coul="1" g="45" ordre="6" r="55" source="colorific" type="frg">#372d2b</contenuImg>
            <contenuImg b="136" coul="1" g="151" ordre="5" r="179" source="colorific" type="frg">#b39788</contenuImg>
            <contenuImg b="76" coul="1" g="96" ordre="4" r="92" source="colorific" type="frg">#5c604c</contenuImg>
            <contenuImg b="179" coul="1" g="183" ordre="3" r="183" source="colorific" type="frg">#b7b7b3</contenuImg>
            <contenuImg b="189" coul="1" g="176" ordre="2" r="159" source="colorific" type="frg">#9fb0bd</contenuImg>
            <contenuImg b="182" coul="1" g="199" ordre="1" r="207" source="colorific" type="frg">#cfc7b6</contenuImg>
            <contenuImg CS="1.0" lang="fr" source="md">invertébré</contenuImg>
            <contenuImg CS="1.0" lang="fr" source="md">animal</contenuImg>
            <contenuImg CS="1.0" lang="fr" source="md">insecte</contenuImg>
            <contenuImg CS="0.583" lang="fr" source="ibm">punaise</contenuImg>
            <contenuImg CS="0.587" lang="fr" source="ibm">insecte</contenuImg>
            <contenuImg CS="0.587" lang="fr" source="ibm">invertébré</contenuImg>
            <contenuImg CS="0.587" lang="fr" source="ibm">animal</contenuImg>
            <contenuImg CS="0.936" coul="1" lang="fr" source="ibm">couleur vert olive</contenuImg>
            <contenuImg CS="0.936" coul="1" lang="en" source="ibm">olive green color</contenuImg>
            <contenuImg CS="0.5" lang="en" source="ibm">breviary (book)</contenuImg>
            <contenuImg CS="0.509" lang="en" source="ibm">written document</contenuImg>
            <contenuImg CS="0.503" lang="en" source="ibm">paper based (stamps/currency)</contenuImg>
            <contenuImg CS="0.515" lang="en" source="ibm">bait</contenuImg>
            <contenuImg CS="0.557" lang="en" source="ibm">fabric</contenuImg>
            <contenuImg CS="0.556" lang="en" source="ibm">towel</contenuImg>
            <contenuImg CS="0.531" lang="en" source="ibm">dishtowel</contenuImg>
            <contenuImg CS="0.587" lang="en" source="ibm">animal</contenuImg>
            <contenuImg CS="0.587" lang="en" source="ibm">invertebrate</contenuImg>
            <contenuImg CS="0.587" lang="en" source="ibm">insect</contenuImg>
            <contenuImg CS="0.583" lang="en" source="ibm">bedbug</contenuImg>
            <tech source="final">estampe/gravure</tech>
            <theme source="final">13</theme>
            <tech CS="1" source="md">estampe/gravure</tech>
            <theme CS="1" source="md">13</theme>
            <contenuImg CS="1.0" lang="en" source="md">insect</contenuImg>
            <contenuImg CS="1.0" lang="en" source="md">animal</contenuImg>
            <contenuImg CS="1.0" lang="en" source="md">invertebrate</contenuImg>
            <titraille>Insectes : peinture / Yoeequa Painter</titraille>
          </ill>
        </ills>
      </page>
      <page ordre="15">
        <blocIll ocr="1">1</blocIll>
        <ills>
          <ill classif="CCibm" couleur="coul" edit="true" h="4025" n="15-1" taille="10" w="5181" x="1" y="1">
            <contenuImg CS="0.782" lang="fr" source="ibm">bord de la feuille (fabrication du papier)</contenuImg>
            <contenuImg CS="0.603" lang="fr" source="ibm">torchon</contenuImg>
            <contenuImg CS="0.618" lang="fr" source="ibm">serviette</contenuImg>
            <contenuImg CS="0.5" lang="fr" source="ibm">enveloppe</contenuImg>
            <contenuImg CS="0.5" lang="fr" source="ibm">emballage</contenuImg>
            <contenuImg CS="0.83" coul="1" lang="fr" source="ibm">vert olive</contenuImg>
            <contenuImg CS="0.618" lang="fr" source="ibm">tissu</contenuImg>
            <contenuImg b="65" coul="1" g="72" ordre="5" r="90" source="colorific" type="frg">#5a4841</contenuImg>
            <contenuImg b="60" coul="1" g="70" ordre="4" r="75" source="colorific" type="frg">#4b463c</contenuImg>
            <contenuImg b="110" coul="1" g="121" ordre="3" r="129" source="colorific" type="frg">#81796e</contenuImg>
            <contenuImg b="169" coul="1" g="161" ordre="2" r="143" source="colorific" type="frg">#8fa1a9</contenuImg>
            <contenuImg b="182" coul="1" g="200" ordre="1" r="209" source="colorific" type="frg">#d1c8b6</contenuImg>
            <contenuImg CS="1" lang="fr" source="hm" time="2019-03-13T20:30:37.278+01:00">araignée</contenuImg>
            <contenuImg CS="1.0" lang="fr" source="md">invertébré</contenuImg>
            <contenuImg CS="1.0" lang="fr" source="md">animal</contenuImg>
            <contenuImg CS="1.0" lang="fr" source="md">insecte</contenuImg>
            <contenuImg CS="0.83" coul="1" lang="fr" source="ibm">couleur vert olive</contenuImg>
            <contenuImg CS="0.83" coul="1" lang="en" source="ibm">olive green color</contenuImg>
            <contenuImg CS="0.5" lang="en" source="ibm">wrapping</contenuImg>
            <contenuImg CS="0.5" lang="en" source="ibm">envelope</contenuImg>
            <contenuImg CS="0.618" lang="en" source="ibm">fabric</contenuImg>
            <contenuImg CS="0.618" lang="en" source="ibm">towel</contenuImg>
            <contenuImg CS="0.603" lang="en" source="ibm">dishtowel</contenuImg>
            <contenuImg CS="0.782" lang="en" source="ibm">deckle edge (paper making)</contenuImg>
            <tech source="final">estampe/gravure</tech>
            <theme source="final">13</theme>
            <tech CS="1" source="md">estampe/gravure</tech>
            <theme CS="1" source="md">13</theme>
            <contenuImg CS="1.0" lang="en" source="md">insect</contenuImg>
            <contenuImg CS="1.0" lang="en" source="md">animal</contenuImg>
            <contenuImg CS="1.0" lang="en" source="md">invertebrate</contenuImg>
            <titraille>Insectes : peinture / Yoeequa Painter</titraille>
            <contenuImg CS="1" lang="en" source="hm" time="2019-03-13T20:30:37.278+01:00">spider</contenuImg>
          </ill>
        </ills>
      </page>
      <page ordre="16">
        <blocIll ocr="1">1</blocIll>
        <ills>
          <ill classif="CCibm" couleur="coul" h="4028" n="16-1" taille="10" w="5152" x="1" y="1">
            <contenuImg CS="0.609" lang="fr" source="ibm">bréviaire (livre)</contenuImg>
            <contenuImg CS="0.604" lang="fr" source="ibm">torchon</contenuImg>
            <contenuImg CS="0.606" lang="fr" source="ibm">serviette</contenuImg>
            <contenuImg CS="0.555" lang="fr" source="ibm">bord de la feuille (fabrication du papier)</contenuImg>
            <contenuImg CS="0.5" lang="fr" source="ibm">structure porteuse</contenuImg>
            <contenuImg CS="0.599" lang="fr" source="ibm">appareil électrique</contenuImg>
            <contenuImg CS="0.597" lang="fr" source="ibm">intérieurs</contenuImg>
            <contenuImg CS="0.606" lang="fr" source="ibm">tissu</contenuImg>
            <contenuImg CS="0.5" lang="fr" source="ibm">cadre</contenuImg>
            <contenuImg b="159" coul="1" g="165" ordre="7" r="159" source="colorific" type="frg">#9fa59f</contenuImg>
            <contenuImg b="85" coul="1" g="112" ordre="6" r="102" source="colorific" type="frg">#667055</contenuImg>
            <contenuImg b="52" coul="1" g="56" ordre="5" r="67" source="colorific" type="frg">#433834</contenuImg>
            <contenuImg b="84" coul="1" g="95" ordre="4" r="132" source="colorific" type="frg">#845f54</contenuImg>
            <contenuImg b="82" coul="1" g="93" ordre="3" r="105" source="colorific" type="frg">#695d52</contenuImg>
            <contenuImg b="174" coul="1" g="166" ordre="2" r="149" source="colorific" type="frg">#95a6ae</contenuImg>
            <contenuImg b="168" coul="1" g="179" ordre="1" r="193" source="colorific" type="frg">#c1b3a8</contenuImg>
            <contenuImg CS="1.0" lang="fr" source="md">invertébré</contenuImg>
            <contenuImg CS="1.0" lang="fr" source="md">animal</contenuImg>
            <contenuImg CS="1.0" lang="fr" source="md">insecte</contenuImg>
            <contenuImg CS="0.721" coul="1" lang="fr" source="ibm">rouge indien</contenuImg>
            <contenuImg CS="0.721" coul="1" lang="en" source="ibm">Indian red color</contenuImg>
            <contenuImg CS="0.597" lang="en" source="ibm">indoors</contenuImg>
            <contenuImg CS="0.599" lang="en" source="ibm">electrical device</contenuImg>
            <contenuImg CS="0.5" lang="en" source="ibm">supporting structure</contenuImg>
            <contenuImg CS="0.5" lang="en" source="ibm">framework</contenuImg>
            <contenuImg CS="0.5" lang="en" source="ibm">picture frame</contenuImg>
            <contenuImg CS="0.555" lang="en" source="ibm">deckle edge (paper making)</contenuImg>
            <contenuImg CS="0.606" lang="en" source="ibm">fabric</contenuImg>
            <contenuImg CS="0.606" lang="en" source="ibm">towel</contenuImg>
            <contenuImg CS="0.604" lang="en" source="ibm">dishtowel</contenuImg>
            <contenuImg CS="0.609" lang="en" source="ibm">breviary (book)</contenuImg>
            <tech source="final">estampe/gravure</tech>
            <theme source="final">13</theme>
            <tech CS="1" source="md">estampe/gravure</tech>
            <theme CS="1" source="md">13</theme>
            <contenuImg CS="1.0" lang="en" source="md">insect</contenuImg>
            <contenuImg CS="1.0" lang="en" source="md">animal</contenuImg>
            <contenuImg CS="1.0" lang="en" source="md">invertebrate</contenuImg>
            <titraille>Insectes : peinture / Yoeequa Painter</titraille>
          </ill>
        </ills>
      </page>
      <page ordre="17">
        <blocIll ocr="1">0</blocIll>
        <ills/>
      </page>
      <page ordre="18">
        <blocIll ocr="1">0</blocIll>
        <ills/>
      </page>
    </pages>
  </contenus>
</analyseAlto>