<analyseAlto>
  <metad>
    <type>I</type>
    <ID>btv1b23002431</ID>
    <titre>Illustrations de Abgekürzte Geschichte der Insecten nach dem Linaeischen System. Zweeter Theil / Non identifié   Sulzers, aut. du texte</titre>
    <dateEdition>1776</dateEdition>
    <auteur>Sulzers. Auteur du texte</auteur>
    <lang>ger</lang>
    <source>Bibliothèque nationale de France</source>
    <nbPage>32</nbPage>
    <descr>Insectes Entomologie Représentations animalières</descr>
  </metad>
  <contenus ocr="false" toc="false">
    <largeur>43</largeur>
    <hauteur>65</hauteur>
    <largeurPx>1024</largeurPx>
    <hauteurPx>1536</hauteurPx>
    <pages>
      <page ordre="1">
        <blocIll ocr="1">1</blocIll>
        <ills>
          <ill classif="CCibm" couleur="coul" h="1536" n="1-1" taille="0" w="1024" x="1" y="1">
            <contenuImg CS="0.807" lang="fr" source="ibm">canard</contenuImg>
            <contenuImg b="0" coul="1" g="0" ordre="7" r="0" source="colorific" type="frg">#000000</contenuImg>
            <contenuImg b="45" coul="1" g="34" ordre="6" r="97" source="colorific" type="frg">#61222d</contenuImg>
            <contenuImg b="32" coul="1" g="21" ordre="5" r="50" source="colorific" type="frg">#321520</contenuImg>
            <contenuImg b="55" coul="1" g="56" ordre="4" r="72" source="colorific" type="frg">#483837</contenuImg>
            <contenuImg b="32" coul="1" g="22" ordre="3" r="24" source="colorific" type="frg">#181620</contenuImg>
            <contenuImg b="111" coul="1" g="114" ordre="2" r="124" source="colorific" type="frg">#7c726f</contenuImg>
            <contenuImg b="161" coul="1" g="173" ordre="1" r="193" source="colorific" type="frg">#c1ada1</contenuImg>
            <contenuImg CS="1.0" lang="fr" source="md">invertébré</contenuImg>
            <contenuImg CS="1.0" lang="fr" source="md">animal</contenuImg>
            <contenuImg CS="1.0" lang="fr" source="md">insecte</contenuImg>
            <contenuImg CS="0.867" lang="fr" source="ibm">insecte</contenuImg>
            <contenuImg CS="0.867" lang="fr" source="ibm">invertébré</contenuImg>
            <contenuImg CS="0.867" lang="fr" source="ibm">animal</contenuImg>
            <contenuImg CS="0.518" lang="fr" source="ibm">lucane</contenuImg>
            <contenuImg CS="0.52" lang="fr" source="ibm">scarabée</contenuImg>
            <contenuImg CS="0.5" lang="fr" source="ibm">punaise</contenuImg>
            <contenuImg CS="0.706" coul="1" lang="fr" source="ibm">chocolat (couleur)</contenuImg>
            <contenuImg CS="0.679" coul="1" lang="fr" source="ibm">sanguine (rouge)</contenuImg>
            <contenuImg CS="0.679" coul="1" lang="en" source="ibm">sanguine (red) color</contenuImg>
            <contenuImg CS="0.706" coul="1" lang="en" source="ibm">chocolate color</contenuImg>
            <contenuImg CS="0.5" lang="en" source="ibm">bedbug</contenuImg>
            <contenuImg CS="0.52" lang="en" source="ibm">beetle</contenuImg>
            <contenuImg CS="0.518" lang="en" source="ibm">stag beetle</contenuImg>
            <contenuImg CS="0.867" lang="en" source="ibm">animal</contenuImg>
            <contenuImg CS="0.867" lang="en" source="ibm">invertebrate</contenuImg>
            <contenuImg CS="0.867" lang="en" source="ibm">insect</contenuImg>
            <contenuImg CS="0.807" lang="en" source="ibm">cockroach</contenuImg>
            <contenuImg CS="0.77" lang="en" source="ibm">oriental cockroach</contenuImg>
            <tech source="final">estampe/gravure</tech>
            <theme source="final">13</theme>
            <tech CS="1" source="md">estampe/gravure</tech>
            <theme CS="1" source="md">13</theme>
            <contenuImg CS="1.0" lang="en" source="md">insect</contenuImg>
            <contenuImg CS="1.0" lang="en" source="md">animal</contenuImg>
            <contenuImg CS="1.0" lang="en" source="md">invertebrate</contenuImg>
            <leg>pl.I : Coleoptera - Scarabeus cote : d11369</leg>
            <titraille>Illustrations de Abgekürzte Geschichte der Insecten nach dem Linaeischen System. Zweeter Theil / Non identifié   Sulzers, aut. du texte</titraille>
          </ill>
        </ills>
      </page>
      <page ordre="2">
        <blocIll ocr="1">1</blocIll>
        <ills>
          <ill classif="CCibm" couleur="coul" h="1469" n="2-1" taille="0" w="1024" x="1" y="1">
            <contenuImg CS="0.691" lang="fr" source="ibm">tique de cerf</contenuImg>
            <contenuImg b="0" coul="1" g="0" ordre="4" r="0" source="colorific" type="frg">#000000</contenuImg>
            <contenuImg b="41" coul="1" g="32" ordre="3" r="39" source="colorific" type="frg">#272029</contenuImg>
            <contenuImg b="67" coul="1" g="67" ordre="2" r="75" source="colorific" type="frg">#4b4343</contenuImg>
            <contenuImg b="113" coul="1" g="111" ordre="1" r="121" source="colorific" type="frg">#796f71</contenuImg>
            <contenuImg CS="1.0" lang="fr" source="md">invertébré</contenuImg>
            <contenuImg CS="1.0" lang="fr" source="md">animal</contenuImg>
            <contenuImg CS="1.0" lang="fr" source="md">insecte</contenuImg>
            <contenuImg CS="0.691" lang="fr" source="ibm">tique du chevreuil</contenuImg>
            <contenuImg CS="0.73" lang="fr" source="ibm">tique</contenuImg>
            <contenuImg CS="0.91" lang="fr" source="ibm">invertébré</contenuImg>
            <contenuImg CS="0.91" lang="fr" source="ibm">animal</contenuImg>
            <contenuImg CS="0.752" lang="fr" source="ibm">fourmi</contenuImg>
            <contenuImg CS="0.811" lang="fr" source="ibm">insecte</contenuImg>
            <contenuImg CS="0.515" lang="fr" source="ibm">punaise</contenuImg>
            <contenuImg CS="0.837" coul="1" lang="fr" source="ibm">bleu outremer</contenuImg>
            <contenuImg CS="0.65" coul="1" lang="fr" source="ibm">bleu</contenuImg>
            <contenuImg CS="0.65" coul="1" lang="en" source="ibm">blue color</contenuImg>
            <contenuImg CS="0.837" coul="1" lang="en" source="ibm">ultramarine color</contenuImg>
            <contenuImg CS="0.5" lang="en" source="ibm">carpenter ant</contenuImg>
            <contenuImg CS="0.515" lang="en" source="ibm">bedbug</contenuImg>
            <contenuImg CS="0.811" lang="en" source="ibm">insect</contenuImg>
            <contenuImg CS="0.752" lang="en" source="ibm">ant</contenuImg>
            <contenuImg CS="0.584" lang="en" source="ibm">fire ant</contenuImg>
            <contenuImg CS="0.91" lang="en" source="ibm">animal</contenuImg>
            <contenuImg CS="0.91" lang="en" source="ibm">invertebrate</contenuImg>
            <contenuImg CS="0.73" lang="en" source="ibm">tick</contenuImg>
            <contenuImg CS="0.691" lang="en" source="ibm">deer tick</contenuImg>
            <tech source="final">estampe/gravure</tech>
            <theme source="final">13</theme>
            <tech CS="1" source="md">estampe/gravure</tech>
            <theme CS="1" source="md">13</theme>
            <contenuImg CS="1.0" lang="en" source="md">insect</contenuImg>
            <contenuImg CS="1.0" lang="en" source="md">animal</contenuImg>
            <contenuImg CS="1.0" lang="en" source="md">invertebrate</contenuImg>
            <leg>pl.II : Coleoptera - Lucanus : 1-2. Dermestes : 3-5, 13. Ptinus : 6-8. Hister : 9. Gyrinus. 10. Byrrhus : 11. Cistela : 12. Silpha : 14-17 cote : d11370</leg>
            <titraille>Illustrations de Abgekürzte Geschichte der Insecten nach dem Linaeischen System. Zweeter Theil / Non identifié   Sulzers, aut. du texte</titraille>
          </ill>
        </ills>
      </page>
      <page ordre="3">
        <blocIll ocr="1">1</blocIll>
        <ills>
          <ill classif="CCibm" couleur="coul" h="1489" n="3-1" taille="0" w="1024" x="1" y="1">
            <contenuImg CS="0.682" lang="fr" source="ibm">tique de cerf</contenuImg>
            <contenuImg b="165" coul="1" g="179" ordre="6" r="206" source="colorific" type="frg">#ceb3a5</contenuImg>
            <contenuImg b="20" coul="1" g="11" ordre="5" r="34" source="colorific" type="frg">#220b14</contenuImg>
            <contenuImg b="58" coul="1" g="65" ordre="4" r="101" source="colorific" type="frg">#65413a</contenuImg>
            <contenuImg b="0" coul="1" g="0" ordre="3" r="0" source="colorific" type="frg">#000000</contenuImg>
            <contenuImg b="40" coul="1" g="35" ordre="2" r="45" source="colorific" type="frg">#2d2328</contenuImg>
            <contenuImg b="95" coul="1" g="98" ordre="1" r="109" source="colorific" type="frg">#6d625f</contenuImg>
            <contenuImg CS="1.0" lang="fr" source="md">invertébré</contenuImg>
            <contenuImg CS="1.0" lang="fr" source="md">animal</contenuImg>
            <contenuImg CS="1.0" lang="fr" source="md">insecte</contenuImg>
            <contenuImg CS="0.682" lang="fr" source="ibm">tique du chevreuil</contenuImg>
            <contenuImg CS="0.713" lang="fr" source="ibm">tique</contenuImg>
            <contenuImg CS="0.922" lang="fr" source="ibm">invertébré</contenuImg>
            <contenuImg CS="0.922" lang="fr" source="ibm">animal</contenuImg>
            <contenuImg CS="0.637" lang="fr" source="ibm">punaise</contenuImg>
            <contenuImg CS="0.848" lang="fr" source="ibm">insecte</contenuImg>
            <contenuImg CS="0.751" lang="fr" source="ibm">fourmi</contenuImg>
            <contenuImg CS="0.855" coul="1" lang="fr" source="ibm">beige</contenuImg>
            <contenuImg CS="0.855" coul="1" lang="en" source="ibm">beige color</contenuImg>
            <contenuImg CS="0.5" lang="en" source="ibm">army ant</contenuImg>
            <contenuImg CS="0.751" lang="en" source="ibm">ant</contenuImg>
            <contenuImg CS="0.62" lang="en" source="ibm">fire ant</contenuImg>
            <contenuImg CS="0.848" lang="en" source="ibm">insect</contenuImg>
            <contenuImg CS="0.637" lang="en" source="ibm">bedbug</contenuImg>
            <contenuImg CS="0.922" lang="en" source="ibm">animal</contenuImg>
            <contenuImg CS="0.922" lang="en" source="ibm">invertebrate</contenuImg>
            <contenuImg CS="0.713" lang="en" source="ibm">tick</contenuImg>
            <contenuImg CS="0.682" lang="en" source="ibm">deer tick</contenuImg>
            <tech source="final">estampe/gravure</tech>
            <theme source="final">13</theme>
            <tech CS="1" source="md">estampe/gravure</tech>
            <theme CS="1" source="md">13</theme>
            <contenuImg CS="1.0" lang="en" source="md">insect</contenuImg>
            <contenuImg CS="1.0" lang="en" source="md">animal</contenuImg>
            <contenuImg CS="1.0" lang="en" source="md">invertebrate</contenuImg>
            <leg>pl.III : Coleoptera - Cafsida : 1-2. Coccinella : 3-7. Chrysomela : 8-16 cote : d11371</leg>
            <titraille>Illustrations de Abgekürzte Geschichte der Insecten nach dem Linaeischen System. Zweeter Theil / Non identifié   Sulzers, aut. du texte</titraille>
          </ill>
        </ills>
      </page>
      <page ordre="4">
        <blocIll ocr="1">1</blocIll>
        <ills>
          <ill classif="CCibm" couleur="coul" h="1489" n="4-1" taille="0" w="1024" x="1" y="1">
            <contenuImg CS="0.749" lang="fr" source="ibm">bombe</contenuImg>
            <contenuImg CS="0.749" lang="fr" source="ibm">dispositif explosif</contenuImg>
            <contenuImg CS="0.546" lang="fr" source="ibm">Belostomatidae (insecte aquatique)</contenuImg>
            <contenuImg CS="0.5" lang="fr" source="ibm">insecte auriculaire</contenuImg>
            <contenuImg CS="0.546" lang="fr" source="ibm">araignée d'eau</contenuImg>
            <contenuImg b="0" coul="1" g="0" ordre="5" r="0" source="colorific" type="frg">#000000</contenuImg>
            <contenuImg b="62" coul="1" g="58" ordre="4" r="66" source="colorific" type="frg">#423a3e</contenuImg>
            <contenuImg b="36" coul="1" g="27" ordre="3" r="38" source="colorific" type="frg">#261b24</contenuImg>
            <contenuImg b="99" coul="1" g="92" ordre="2" r="99" source="colorific" type="frg">#635c63</contenuImg>
            <contenuImg b="186" coul="1" g="191" ordre="1" r="213" source="colorific" type="frg">#d5bfba</contenuImg>
            <contenuImg CS="1.0" lang="fr" source="md">invertébré</contenuImg>
            <contenuImg CS="1.0" lang="fr" source="md">animal</contenuImg>
            <contenuImg CS="1.0" lang="fr" source="md">insecte</contenuImg>
            <contenuImg CS="0.546" lang="fr" source="ibm">punaise aquatique</contenuImg>
            <contenuImg CS="0.641" lang="fr" source="ibm">insecte</contenuImg>
            <contenuImg CS="0.641" lang="fr" source="ibm">invertébré</contenuImg>
            <contenuImg CS="0.642" lang="fr" source="ibm">animal</contenuImg>
            <contenuImg CS="0.5" lang="fr" source="ibm">perce-oreilles</contenuImg>
            <contenuImg CS="0.797" coul="1" lang="fr" source="ibm">gris</contenuImg>
            <contenuImg CS="0.543" coul="1" lang="fr" source="ibm">bleu</contenuImg>
            <contenuImg CS="0.543" coul="1" lang="en" source="ibm">blue color</contenuImg>
            <contenuImg CS="0.797" coul="1" lang="en" source="ibm">gray color</contenuImg>
            <contenuImg CS="0.5" lang="en" source="ibm">earwig insect</contenuImg>
            <contenuImg CS="0.642" lang="en" source="ibm">animal</contenuImg>
            <contenuImg CS="0.641" lang="en" source="ibm">invertebrate</contenuImg>
            <contenuImg CS="0.641" lang="en" source="ibm">insect</contenuImg>
            <contenuImg CS="0.546" lang="en" source="ibm">water bug</contenuImg>
            <contenuImg CS="0.546" lang="en" source="ibm">water strider bug</contenuImg>
            <contenuImg CS="0.749" lang="en" source="ibm">explosive device</contenuImg>
            <contenuImg CS="0.749" lang="en" source="ibm">bomb</contenuImg>
            <contenuImg CS="0.748" lang="en" source="ibm">cluster bomb</contenuImg>
            <tech source="final">estampe/gravure</tech>
            <theme source="final">13</theme>
            <tech CS="1" source="md">estampe/gravure</tech>
            <theme CS="1" source="md">13</theme>
            <contenuImg CS="1.0" lang="en" source="md">insect</contenuImg>
            <contenuImg CS="1.0" lang="en" source="md">animal</contenuImg>
            <contenuImg CS="1.0" lang="en" source="md">invertebrate</contenuImg>
            <leg>pl.IV : Coleoptera - Hispa : 0. Bruchus : 2. Curculia : 3-11. Attelabus : 12-14 cote : d11372</leg>
            <titraille>Illustrations de Abgekürzte Geschichte der Insecten nach dem Linaeischen System. Zweeter Theil / Non identifié   Sulzers, aut. du texte</titraille>
          </ill>
        </ills>
      </page>
    </pages>
  </contenus>
</analyseAlto>