<analyseAlto>
  <metad>
    <type>I</type>
    <ID>btv1b10548854x</ID>
    <titre>Insectes : peinture / Yoeequa Painter</titre>
    <dateEdition>1830-1840</dateEdition>
    <auteur>Yoeequa (18..?-18..). Peintre Lagrené, Marie-Melchior-Joseph-Théodore de (1800-1862). Collecteur</auteur>
    <lang>0</lang>
    <source>Bibliothèque nationale de France, département Estampes et photographie, RESERVE PET FOL-OE-159</source>
    <nbPage>21</nbPage>
    <descr>Oiseaux -- Chine</descr>
  </metad>
  <contenus ocr="false" toc="false">
    <largeur>233</largeur>
    <hauteur>170</hauteur>
    <largeurPx>5527</largeurPx>
    <hauteurPx>4034</hauteurPx>
    <pages>
      <page ordre="3">
        <blocIll ocr="1">0</blocIll>
        <ills/>
      </page>
      <page ordre="4">
        <blocIll ocr="1">0</blocIll>
        <ills/>
      </page>
      <page ordre="5">
        <blocIll ocr="1">0</blocIll>
        <ills/>
      </page>
      <page ordre="6">
        <blocIll ocr="1">0</blocIll>
        <ills/>
      </page>
      <page ordre="7">
        <blocIll ocr="1">1</blocIll>
        <ills>
          <ill classif="CCibm" couleur="coul" h="4028" n="7-1" taille="10" w="5115" x="1" y="1">
            <contenuImg CS="0.621" lang="fr" source="ibm">étamine (tissu)</contenuImg>
            <contenuImg CS="0.591" lang="fr" source="ibm">découpage (art)</contenuImg>
            <contenuImg CS="0.546" lang="fr" source="ibm">essuie-main</contenuImg>
            <contenuImg CS="0.712" lang="fr" source="ibm">serviette</contenuImg>
            <contenuImg CS="0.535" lang="fr" source="ibm">bord de la feuille (fabrication du papier)</contenuImg>
            <contenuImg CS="0.5" lang="fr" source="ibm">torchon</contenuImg>
            <contenuImg CS="0.978" coul="1" lang="fr" source="ibm">vert olive</contenuImg>
            <contenuImg CS="0.817" lang="fr" source="ibm">tissu</contenuImg>
            <contenuImg b="49" coul="1" g="52" ordre="10" r="109" source="colorific" type="frg">#6d3431</contenuImg>
            <contenuImg b="117" coul="1" g="121" ordre="9" r="190" source="colorific" type="frg">#be7975</contenuImg>
            <contenuImg b="82" coul="1" g="95" ordre="8" r="123" source="colorific" type="frg">#7b5f52</contenuImg>
            <contenuImg b="136" coul="1" g="155" ordre="7" r="198" source="colorific" type="frg">#c69b88</contenuImg>
            <contenuImg b="139" coul="1" g="146" ordre="6" r="142" source="colorific" type="frg">#8e928b</contenuImg>
            <contenuImg b="68" coul="1" g="95" ordre="5" r="90" source="colorific" type="frg">#5a5f44</contenuImg>
            <contenuImg b="56" coul="1" g="59" ordre="4" r="68" source="colorific" type="frg">#443b38</contenuImg>
            <contenuImg b="111" coul="1" g="129" ordre="3" r="145" source="colorific" type="frg">#91816f</contenuImg>
            <contenuImg b="158" coul="1" g="151" ordre="2" r="136" source="colorific" type="frg">#88979e</contenuImg>
            <contenuImg b="183" coul="1" g="202" ordre="1" r="209" source="colorific" type="frg">#d1cab7</contenuImg>
            <contenuImg CS="1.0" lang="fr" source="md">invertébré</contenuImg>
            <contenuImg CS="1.0" lang="fr" source="md">animal</contenuImg>
            <contenuImg CS="1.0" lang="fr" source="md">insecte</contenuImg>
            <contenuImg CS="0.978" coul="1" lang="fr" source="ibm">couleur vert olive</contenuImg>
            <contenuImg CS="0.978" coul="1" lang="en" source="ibm">olive green color</contenuImg>
            <contenuImg CS="0.5" lang="en" source="ibm">dishtowel</contenuImg>
            <contenuImg CS="0.535" lang="en" source="ibm">deckle edge (paper making)</contenuImg>
            <contenuImg CS="0.712" lang="en" source="ibm">towel</contenuImg>
            <contenuImg CS="0.546" lang="en" source="ibm">hand towel</contenuImg>
            <contenuImg CS="0.591" lang="en" source="ibm">decoupage art</contenuImg>
            <contenuImg CS="0.817" lang="en" source="ibm">fabric</contenuImg>
            <contenuImg CS="0.621" lang="en" source="ibm">etamine (fabric)</contenuImg>
            <tech source="final">estampe/gravure</tech>
            <theme source="final">13</theme>
            <tech CS="1" source="md">estampe/gravure</tech>
            <theme CS="1" source="md">13</theme>
            <contenuImg CS="1.0" lang="en" source="md">insect</contenuImg>
            <contenuImg CS="1.0" lang="en" source="md">animal</contenuImg>
            <contenuImg CS="1.0" lang="en" source="md">invertebrate</contenuImg>
            <titraille>Insectes : peinture / Yoeequa Painter</titraille>
          </ill>
        </ills>
      </page>
      <page ordre="8">
        <blocIll ocr="1">1</blocIll>
        <ills>
          <ill classif="CCibm" couleur="coul" edit="true" h="4042" n="8-1" taille="10" w="5114" x="1" y="1">
            <contenuImg CS="0.628" lang="fr" source="ibm">tique de cerf</contenuImg>
            <contenuImg CS="0.538" lang="fr" source="ibm">bord de la feuille (fabrication du papier)</contenuImg>
            <contenuImg CS="0.798" coul="1" lang="fr" source="ibm">vert olive</contenuImg>
            <contenuImg b="49" coul="1" g="52" ordre="5" r="84" source="colorific" type="frg">#543431</contenuImg>
            <contenuImg b="50" coul="1" g="57" ordre="4" r="66" source="colorific" type="frg">#423932</contenuImg>
            <contenuImg b="113" coul="1" g="130" ordre="3" r="144" source="colorific" type="frg">#908271</contenuImg>
            <contenuImg b="177" coul="1" g="168" ordre="2" r="151" source="colorific" type="frg">#97a8b1</contenuImg>
            <contenuImg b="179" coul="1" g="198" ordre="1" r="207" source="colorific" type="frg">#cfc6b3</contenuImg>
            <contenuImg CS="1" lang="fr" source="hm" time="2019-03-13T20:30:41.104+01:00">araignée</contenuImg>
            <contenuImg CS="1.0" lang="fr" source="md">invertébré</contenuImg>
            <contenuImg CS="1.0" lang="fr" source="md">animal</contenuImg>
            <contenuImg CS="1.0" lang="fr" source="md">insecte</contenuImg>
            <contenuImg CS="0.721" lang="fr" source="ibm">tique des bois</contenuImg>
            <contenuImg CS="0.892" lang="fr" source="ibm">tique</contenuImg>
            <contenuImg CS="0.892" lang="fr" source="ibm">invertébré</contenuImg>
            <contenuImg CS="0.892" lang="fr" source="ibm">animal</contenuImg>
            <contenuImg CS="0.628" lang="fr" source="ibm">tique du chevreuil</contenuImg>
            <contenuImg CS="0.798" coul="1" lang="fr" source="ibm">couleur vert olive</contenuImg>
            <contenuImg CS="0.794" coul="1" lang="fr" source="ibm">brun rougeâtre</contenuImg>
            <contenuImg CS="0.794" coul="1" lang="en" source="ibm">reddish brown color</contenuImg>
            <contenuImg CS="0.798" coul="1" lang="en" source="ibm">olive green color</contenuImg>
            <contenuImg CS="0.5" lang="en" source="ibm">hard tick</contenuImg>
            <contenuImg CS="0.538" lang="en" source="ibm">deckle edge (paper making)</contenuImg>
            <contenuImg CS="0.628" lang="en" source="ibm">deer tick</contenuImg>
            <contenuImg CS="0.892" lang="en" source="ibm">animal</contenuImg>
            <contenuImg CS="0.892" lang="en" source="ibm">invertebrate</contenuImg>
            <contenuImg CS="0.892" lang="en" source="ibm">tick</contenuImg>
            <contenuImg CS="0.721" lang="en" source="ibm">wood tick</contenuImg>
            <tech source="final">estampe/gravure</tech>
            <theme source="final">13</theme>
            <tech CS="1" source="md">estampe/gravure</tech>
            <theme CS="1" source="md">13</theme>
            <contenuImg CS="1.0" lang="en" source="md">insect</contenuImg>
            <contenuImg CS="1.0" lang="en" source="md">animal</contenuImg>
            <contenuImg CS="1.0" lang="en" source="md">invertebrate</contenuImg>
            <titraille>Insectes : peinture / Yoeequa Painter</titraille>
            <contenuImg CS="1" lang="en" source="hm" time="2019-03-13T20:30:41.104+01:00">spider</contenuImg>
          </ill>
        </ills>
      </page>
      <page ordre="9">
        <blocIll ocr="1">1</blocIll>
        <ills>
          <ill classif="CCibm" couleur="coul" h="4031" n="9-1" taille="10" w="5115" x="1" y="1">
            <contenuImg CS="0.848" lang="fr" source="ibm">torchon</contenuImg>
            <contenuImg CS="0.857" lang="fr" source="ibm">serviette</contenuImg>
            <contenuImg CS="0.547" lang="fr" source="ibm">étamine (tissu)</contenuImg>
            <contenuImg CS="0.5" lang="fr" source="ibm">bord de la feuille (fabrication du papier)</contenuImg>
            <contenuImg CS="0.786" lang="fr" source="ibm">sac</contenuImg>
            <contenuImg CS="0.775" coul="1" lang="fr" source="ibm">vert olive</contenuImg>
            <contenuImg CS="0.896" lang="fr" source="ibm">tissu</contenuImg>
            <contenuImg b="64" coul="1" g="83" ordre="6" r="88" source="colorific" type="frg">#585340</contenuImg>
            <contenuImg b="140" coul="1" g="149" ordre="5" r="146" source="colorific" type="frg">#92958c</contenuImg>
            <contenuImg b="58" coul="1" g="72" ordre="4" r="98" source="colorific" type="frg">#62483a</contenuImg>
            <contenuImg b="111" coul="1" g="132" ordre="3" r="149" source="colorific" type="frg">#95846f</contenuImg>
            <contenuImg b="164" coul="1" g="157" ordre="2" r="139" source="colorific" type="frg">#8b9da4</contenuImg>
            <contenuImg b="183" coul="1" g="201" ordre="1" r="209" source="colorific" type="frg">#d1c9b7</contenuImg>
            <contenuImg CS="1.0" lang="fr" source="md">invertébré</contenuImg>
            <contenuImg CS="1.0" lang="fr" source="md">animal</contenuImg>
            <contenuImg CS="1.0" lang="fr" source="md">insecte</contenuImg>
            <contenuImg CS="0.896" coul="1" lang="fr" source="ibm">marron clair</contenuImg>
            <contenuImg CS="0.775" coul="1" lang="fr" source="ibm">couleur vert olive</contenuImg>
            <contenuImg CS="0.775" coul="1" lang="en" source="ibm">olive green color</contenuImg>
            <contenuImg CS="0.896" coul="1" lang="en" source="ibm">light brown color</contenuImg>
            <contenuImg CS="0.786" lang="en" source="ibm">bag</contenuImg>
            <contenuImg CS="0.5" lang="en" source="ibm">deckle edge (paper making)</contenuImg>
            <contenuImg CS="0.547" lang="en" source="ibm">etamine (fabric)</contenuImg>
            <contenuImg CS="0.896" lang="en" source="ibm">fabric</contenuImg>
            <contenuImg CS="0.857" lang="en" source="ibm">towel</contenuImg>
            <contenuImg CS="0.848" lang="en" source="ibm">dishtowel</contenuImg>
            <tech source="final">estampe/gravure</tech>
            <theme source="final">13</theme>
            <tech CS="1" source="md">estampe/gravure</tech>
            <theme CS="1" source="md">13</theme>
            <contenuImg CS="1.0" lang="en" source="md">insect</contenuImg>
            <contenuImg CS="1.0" lang="en" source="md">animal</contenuImg>
            <contenuImg CS="1.0" lang="en" source="md">invertebrate</contenuImg>
            <titraille>Insectes : peinture / Yoeequa Painter</titraille>
          </ill>
        </ills>
      </page>
      <page ordre="10">
        <blocIll ocr="1">1</blocIll>
        <ills>
          <ill classif="CCibm" couleur="coul" h="4048" n="10-1" taille="10" w="5108" x="1" y="1">
            <contenuImg CS="0.65" lang="fr" source="ibm">torchon</contenuImg>
            <contenuImg CS="0.795" lang="fr" source="ibm">serviette</contenuImg>
            <contenuImg CS="0.637" lang="fr" source="ibm">bréviaire (livre)</contenuImg>
            <contenuImg CS="0.541" lang="fr" source="ibm">bord de la feuille (fabrication du papier)</contenuImg>
            <contenuImg CS="0.532" lang="fr" source="ibm">étamine (tissu)</contenuImg>
            <contenuImg CS="0.5" lang="fr" source="ibm">essuie-main</contenuImg>
            <contenuImg CS="0.975" coul="1" lang="fr" source="ibm">vert olive</contenuImg>
            <contenuImg CS="0.862" lang="fr" source="ibm">tissu</contenuImg>
            <contenuImg b="116" coul="1" g="140" ordre="8" r="158" source="colorific" type="frg">#9e8c74</contenuImg>
            <contenuImg b="55" coul="1" g="70" ordre="7" r="122" source="colorific" type="frg">#7a4637</contenuImg>
            <contenuImg b="110" coul="1" g="165" ordre="6" r="189" source="colorific" type="frg">#bda56e</contenuImg>
            <contenuImg b="69" coul="1" g="79" ordre="5" r="81" source="colorific" type="frg">#514f45</contenuImg>
            <contenuImg b="85" coul="1" g="122" ordre="4" r="161" source="colorific" type="frg">#a17a55</contenuImg>
            <contenuImg b="44" coul="1" g="46" ordre="3" r="56" source="colorific" type="frg">#382e2c</contenuImg>
            <contenuImg b="176" coul="1" g="169" ordre="2" r="152" source="colorific" type="frg">#98a9b0</contenuImg>
            <contenuImg b="184" coul="1" g="201" ordre="1" r="209" source="colorific" type="frg">#d1c9b8</contenuImg>
            <contenuImg CS="1.0" lang="fr" source="md">invertébré</contenuImg>
            <contenuImg CS="1.0" lang="fr" source="md">animal</contenuImg>
            <contenuImg CS="1.0" lang="fr" source="md">insecte</contenuImg>
            <contenuImg CS="0.975" coul="1" lang="fr" source="ibm">couleur vert olive</contenuImg>
            <contenuImg CS="0.975" coul="1" lang="en" source="ibm">olive green color</contenuImg>
            <contenuImg CS="0.5" lang="en" source="ibm">hand towel</contenuImg>
            <contenuImg CS="0.532" lang="en" source="ibm">etamine (fabric)</contenuImg>
            <contenuImg CS="0.541" lang="en" source="ibm">deckle edge (paper making)</contenuImg>
            <contenuImg CS="0.637" lang="en" source="ibm">breviary (book)</contenuImg>
            <contenuImg CS="0.862" lang="en" source="ibm">fabric</contenuImg>
            <contenuImg CS="0.795" lang="en" source="ibm">towel</contenuImg>
            <contenuImg CS="0.65" lang="en" source="ibm">dishtowel</contenuImg>
            <tech source="final">estampe/gravure</tech>
            <theme source="final">13</theme>
            <tech CS="1" source="md">estampe/gravure</tech>
            <theme CS="1" source="md">13</theme>
            <contenuImg CS="1.0" lang="en" source="md">insect</contenuImg>
            <contenuImg CS="1.0" lang="en" source="md">animal</contenuImg>
            <contenuImg CS="1.0" lang="en" source="md">invertebrate</contenuImg>
            <titraille>Insectes : peinture / Yoeequa Painter</titraille>
          </ill>
        </ills>
      </page>
      <page ordre="11">
        <blocIll ocr="1">1</blocIll>
        <ills>
          <ill classif="CCibm" couleur="coul" edit="true" h="4025" n="11-1" taille="10" w="5109" x="1" y="1">
            <contenuImg CS="0.745" lang="fr" source="ibm">bord de la feuille (fabrication du papier)</contenuImg>
            <contenuImg CS="0.505" lang="fr" source="ibm">bréviaire (livre)</contenuImg>
            <contenuImg CS="0.5" lang="fr" source="ibm">astrocyte</contenuImg>
            <contenuImg b="134" coul="1" g="139" ordre="6" r="139" source="colorific" type="frg">#8b8b86</contenuImg>
            <contenuImg b="48" coul="1" g="49" ordre="5" r="70" source="colorific" type="frg">#463130</contenuImg>
            <contenuImg b="61" coul="1" g="72" ordre="4" r="88" source="colorific" type="frg">#58483d</contenuImg>
            <contenuImg b="109" coul="1" g="124" ordre="3" r="139" source="colorific" type="frg">#8b7c6d</contenuImg>
            <contenuImg b="156" coul="1" g="146" ordre="2" r="130" source="colorific" type="frg">#82929c</contenuImg>
            <contenuImg b="181" coul="1" g="201" ordre="1" r="209" source="colorific" type="frg">#d1c9b5</contenuImg>
            <contenuImg CS="1" lang="fr" source="hm" time="2019-03-13T20:30:44.936+01:00">araignée</contenuImg>
            <contenuImg CS="1.0" lang="fr" source="md">invertébré</contenuImg>
            <contenuImg CS="1.0" lang="fr" source="md">animal</contenuImg>
            <contenuImg CS="1.0" lang="fr" source="md">insecte</contenuImg>
            <contenuImg CS="0.51" lang="fr" source="ibm">cellule</contenuImg>
            <contenuImg CS="0.6" lang="fr" source="ibm">animal</contenuImg>
            <contenuImg CS="0.598" lang="fr" source="ibm">insecte</contenuImg>
            <contenuImg CS="0.536" coul="1" lang="fr" source="ibm">beige</contenuImg>
            <contenuImg CS="0.501" coul="1" lang="fr" source="ibm">brun rougeâtre</contenuImg>
            <contenuImg CS="0.501" coul="1" lang="en" source="ibm">reddish brown color</contenuImg>
            <contenuImg CS="0.536" coul="1" lang="en" source="ibm">beige color</contenuImg>
            <contenuImg CS="0.598" lang="en" source="ibm">insect</contenuImg>
            <contenuImg CS="0.6" lang="en" source="ibm">animal</contenuImg>
            <contenuImg CS="0.51" lang="en" source="ibm">cell</contenuImg>
            <contenuImg CS="0.5" lang="en" source="ibm">astrocyte</contenuImg>
            <contenuImg CS="0.505" lang="en" source="ibm">breviary (book)</contenuImg>
            <contenuImg CS="0.745" lang="en" source="ibm">deckle edge (paper making)</contenuImg>
            <tech source="final">estampe/gravure</tech>
            <theme source="final">13</theme>
            <tech CS="1" source="md">estampe/gravure</tech>
            <theme CS="1" source="md">13</theme>
            <contenuImg CS="1.0" lang="en" source="md">insect</contenuImg>
            <contenuImg CS="1.0" lang="en" source="md">animal</contenuImg>
            <contenuImg CS="1.0" lang="en" source="md">invertebrate</contenuImg>
            <titraille>Insectes : peinture / Yoeequa Painter</titraille>
            <contenuImg CS="1" lang="en" source="hm" time="2019-03-13T20:30:44.936+01:00">spider</contenuImg>
          </ill>
        </ills>
      </page>
      <page ordre="12">
        <blocIll ocr="1">1</blocIll>
        <ills>
          <ill classif="CCibm" couleur="coul" h="4015" n="12-1" taille="10" w="5027" x="1" y="1">
            <contenuImg CS="0.758" lang="fr" source="ibm">bord de la feuille (fabrication du papier)</contenuImg>
            <contenuImg CS="0.562" lang="fr" source="ibm">plateau</contenuImg>
            <contenuImg CS="0.562" lang="fr" source="ibm">ustensile</contenuImg>
            <contenuImg CS="0.548" lang="fr" source="ibm">essuie-main</contenuImg>
            <contenuImg CS="0.682" lang="fr" source="ibm">serviette</contenuImg>
            <contenuImg CS="0.506" lang="fr" source="ibm">torchon</contenuImg>
            <contenuImg CS="0.5" lang="fr" source="ibm">tesselle (mosaïque)</contenuImg>
            <contenuImg CS="0.594" lang="fr" source="ibm">sac</contenuImg>
            <contenuImg CS="0.909" coul="1" lang="fr" source="ibm">vert olive</contenuImg>
            <contenuImg CS="0.682" lang="fr" source="ibm">tissu</contenuImg>
            <contenuImg b="79" coul="1" g="102" ordre="6" r="148" source="colorific" type="frg">#94664f</contenuImg>
            <contenuImg b="66" coul="1" g="78" ordre="5" r="91" source="colorific" type="frg">#5b4e42</contenuImg>
            <contenuImg b="94" coul="1" g="115" ordre="4" r="110" source="colorific" type="frg">#6e735e</contenuImg>
            <contenuImg b="45" coul="1" g="47" ordre="3" r="53" source="colorific" type="frg">#352f2d</contenuImg>
            <contenuImg b="106" coul="1" g="123" ordre="2" r="140" source="colorific" type="frg">#8c7b6a</contenuImg>
            <contenuImg b="145" coul="1" g="145" ordre="1" r="136" source="colorific" type="frg">#889191</contenuImg>
            <contenuImg CS="1.0" lang="fr" source="md">invertébré</contenuImg>
            <contenuImg CS="1.0" lang="fr" source="md">animal</contenuImg>
            <contenuImg CS="1.0" lang="fr" source="md">insecte</contenuImg>
            <contenuImg CS="0.909" coul="1" lang="fr" source="ibm">couleur vert olive</contenuImg>
            <contenuImg CS="0.687" coul="1" lang="fr" source="ibm">beige</contenuImg>
            <contenuImg CS="0.687" coul="1" lang="en" source="ibm">beige color</contenuImg>
            <contenuImg CS="0.909" coul="1" lang="en" source="ibm">olive green color</contenuImg>
            <contenuImg CS="0.594" lang="en" source="ibm">bag</contenuImg>
            <contenuImg CS="0.5" lang="en" source="ibm">tessera (mosiac stones)</contenuImg>
            <contenuImg CS="0.506" lang="en" source="ibm">dishtowel</contenuImg>
            <contenuImg CS="0.682" lang="en" source="ibm">fabric</contenuImg>
            <contenuImg CS="0.682" lang="en" source="ibm">towel</contenuImg>
            <contenuImg CS="0.548" lang="en" source="ibm">hand towel</contenuImg>
            <contenuImg CS="0.562" lang="en" source="ibm">utensil</contenuImg>
            <contenuImg CS="0.562" lang="en" source="ibm">tray</contenuImg>
            <contenuImg CS="0.758" lang="en" source="ibm">deckle edge (paper making)</contenuImg>
            <tech source="final">estampe/gravure</tech>
            <theme source="final">13</theme>
            <tech CS="1" source="md">estampe/gravure</tech>
            <theme CS="1" source="md">13</theme>
            <contenuImg CS="1.0" lang="en" source="md">insect</contenuImg>
            <contenuImg CS="1.0" lang="en" source="md">animal</contenuImg>
            <contenuImg CS="1.0" lang="en" source="md">invertebrate</contenuImg>
            <titraille>Insectes : peinture / Yoeequa Painter</titraille>
          </ill>
        </ills>
      </page>
      <page ordre="13">
        <blocIll ocr="1">1</blocIll>
        <ills>
          <ill classif="CCibm" couleur="coul" h="3974" n="13-1" taille="10" w="5013" x="1" y="1">
            <contenuImg CS="0.585" lang="fr" source="ibm">support papier (timbres/monnaie)</contenuImg>
            <contenuImg CS="0.594" lang="fr" source="ibm">document écrit</contenuImg>
            <contenuImg CS="0.584" lang="fr" source="ibm">salle de cours</contenuImg>
            <contenuImg CS="0.584" lang="fr" source="ibm">intérieurs</contenuImg>
            <contenuImg CS="0.527" lang="fr" source="ibm">découpage (art)</contenuImg>
            <contenuImg CS="0.506" lang="fr" source="ibm">plateau</contenuImg>
            <contenuImg CS="0.506" lang="fr" source="ibm">ustensile</contenuImg>
            <contenuImg CS="0.505" lang="fr" source="ibm">caisse américaine (cadre)</contenuImg>
            <contenuImg CS="0.511" lang="fr" source="ibm">boîte</contenuImg>
            <contenuImg CS="0.5" lang="fr" source="ibm">bord de la feuille (fabrication du papier)</contenuImg>
            <contenuImg CS="0.994" coul="1" lang="fr" source="ibm">vert olive</contenuImg>
            <contenuImg CS="0.597" lang="fr" source="ibm">tissu</contenuImg>
            <contenuImg b="53" coul="1" g="68" ordre="10" r="70" source="colorific" type="frg">#464435</contenuImg>
            <contenuImg b="51" coul="1" g="86" ordre="9" r="76" source="colorific" type="frg">#4c5633</contenuImg>
            <contenuImg b="177" coul="1" g="191" ordre="8" r="218" source="colorific" type="frg">#dabfb1</contenuImg>
            <contenuImg b="57" coul="1" g="67" ordre="7" r="88" source="colorific" type="frg">#584339</contenuImg>
            <contenuImg b="144" coul="1" g="151" ordre="6" r="146" source="colorific" type="frg">#929790</contenuImg>
            <contenuImg b="95" coul="1" g="116" ordre="5" r="179" source="colorific" type="frg">#b3745f</contenuImg>
            <contenuImg b="121" coul="1" g="145" ordre="4" r="169" source="colorific" type="frg">#a99179</contenuImg>
            <contenuImg b="99" coul="1" g="124" ordre="3" r="126" source="colorific" type="frg">#7e7c63</contenuImg>
            <contenuImg b="155" coul="1" g="147" ordre="2" r="129" source="colorific" type="frg">#81939b</contenuImg>
            <contenuImg b="193" coul="1" g="212" ordre="1" r="217" source="colorific" type="frg">#d9d4c1</contenuImg>
            <contenuImg CS="1.0" lang="fr" source="md">invertébré</contenuImg>
            <contenuImg CS="1.0" lang="fr" source="md">animal</contenuImg>
            <contenuImg CS="1.0" lang="fr" source="md">insecte</contenuImg>
            <contenuImg CS="0.594" lang="fr" source="ibm">poisson</contenuImg>
            <contenuImg CS="0.994" coul="1" lang="fr" source="ibm">couleur vert olive</contenuImg>
            <contenuImg CS="0.994" coul="1" lang="en" source="ibm">olive green color</contenuImg>
            <contenuImg CS="0.597" lang="en" source="ibm">fabric</contenuImg>
            <contenuImg CS="0.594" lang="en" source="ibm">fish</contenuImg>
            <contenuImg CS="0.5" lang="en" source="ibm">deckle edge (paper making)</contenuImg>
            <contenuImg CS="0.511" lang="en" source="ibm">box</contenuImg>
            <contenuImg CS="0.505" lang="en" source="ibm">shadow box</contenuImg>
            <contenuImg CS="0.506" lang="en" source="ibm">utensil</contenuImg>
            <contenuImg CS="0.506" lang="en" source="ibm">tray</contenuImg>
            <contenuImg CS="0.527" lang="en" source="ibm">decoupage art</contenuImg>
            <contenuImg CS="0.584" lang="en" source="ibm">indoors</contenuImg>
            <contenuImg CS="0.584" lang="en" source="ibm">classroom</contenuImg>
            <contenuImg CS="0.594" lang="en" source="ibm">written document</contenuImg>
            <contenuImg CS="0.585" lang="en" source="ibm">paper based (stamps/currency)</contenuImg>
            <tech source="final">estampe/gravure</tech>
            <theme source="final">13</theme>
            <tech CS="1" source="md">estampe/gravure</tech>
            <theme CS="1" source="md">13</theme>
            <contenuImg CS="1.0" lang="en" source="md">insect</contenuImg>
            <contenuImg CS="1.0" lang="en" source="md">animal</contenuImg>
            <contenuImg CS="1.0" lang="en" source="md">invertebrate</contenuImg>
            <titraille>Insectes : peinture / Yoeequa Painter</titraille>
          </ill>
        </ills>
      </page>
      <page ordre="14">
        <blocIll ocr="1">1</blocIll>
        <ills>
          <ill classif="CCibm" couleur="coul" h="4015" n="14-1" taille="10" w="5030" x="1" y="1">
            <contenuImg CS="0.615" lang="fr" source="ibm">bréviaire (livre)</contenuImg>
            <contenuImg CS="0.572" lang="fr" source="ibm">étamine (tissu)</contenuImg>
            <contenuImg CS="0.564" lang="fr" source="ibm">bord de la feuille (fabrication du papier)</contenuImg>
            <contenuImg CS="0.541" lang="fr" source="ibm">blason</contenuImg>
            <contenuImg CS="0.541" lang="fr" source="ibm">arbre</contenuImg>
            <contenuImg CS="0.541" lang="fr" source="ibm">silhouette</contenuImg>
            <contenuImg CS="0.5" lang="fr" source="ibm">horloge murale</contenuImg>
            <contenuImg CS="0.578" lang="fr" source="ibm">horloge</contenuImg>
            <contenuImg CS="0.579" lang="fr" source="ibm">horloge montre</contenuImg>
            <contenuImg CS="0.579" lang="fr" source="ibm">instrument de mesure</contenuImg>
            <contenuImg CS="0.957" coul="1" lang="fr" source="ibm">vert olive</contenuImg>
            <contenuImg CS="0.576" lang="fr" source="ibm">tissu</contenuImg>
            <contenuImg b="97" coul="1" g="131" ordre="9" r="165" source="colorific" type="frg">#a58361</contenuImg>
            <contenuImg b="52" coul="1" g="61" ordre="8" r="109" source="colorific" type="frg">#6d3d34</contenuImg>
            <contenuImg b="115" coul="1" g="129" ordre="7" r="141" source="colorific" type="frg">#8d8173</contenuImg>
            <contenuImg b="69" coul="1" g="88" ordre="6" r="119" source="colorific" type="frg">#775845</contenuImg>
            <contenuImg b="48" coul="1" g="48" ordre="5" r="56" source="colorific" type="frg">#383030</contenuImg>
            <contenuImg b="131" coul="1" g="175" ordre="4" r="199" source="colorific" type="frg">#c7af83</contenuImg>
            <contenuImg b="141" coul="1" g="141" ordre="3" r="128" source="colorific" type="frg">#808d8d</contenuImg>
            <contenuImg b="178" coul="1" g="164" ordre="2" r="142" source="colorific" type="frg">#8ea4b2</contenuImg>
            <contenuImg b="189" coul="1" g="205" ordre="1" r="212" source="colorific" type="frg">#d4cdbd</contenuImg>
            <contenuImg CS="1.0" lang="fr" source="md">invertébré</contenuImg>
            <contenuImg CS="1.0" lang="fr" source="md">animal</contenuImg>
            <contenuImg CS="1.0" lang="fr" source="md">insecte</contenuImg>
            <contenuImg CS="0.957" coul="1" lang="fr" source="ibm">couleur vert olive</contenuImg>
            <contenuImg CS="0.957" coul="1" lang="en" source="ibm">olive green color</contenuImg>
            <contenuImg CS="0.579" lang="en" source="ibm">measuring instrument</contenuImg>
            <contenuImg CS="0.579" lang="en" source="ibm">timepiece</contenuImg>
            <contenuImg CS="0.578" lang="en" source="ibm">clock</contenuImg>
            <contenuImg CS="0.5" lang="en" source="ibm">wall clock</contenuImg>
            <contenuImg CS="0.541" lang="en" source="ibm">figure</contenuImg>
            <contenuImg CS="0.541" lang="en" source="ibm">tree</contenuImg>
            <contenuImg CS="0.541" lang="en" source="ibm">stemma</contenuImg>
            <contenuImg CS="0.564" lang="en" source="ibm">deckle edge (paper making)</contenuImg>
            <contenuImg CS="0.576" lang="en" source="ibm">fabric</contenuImg>
            <contenuImg CS="0.572" lang="en" source="ibm">etamine (fabric)</contenuImg>
            <contenuImg CS="0.615" lang="en" source="ibm">breviary (book)</contenuImg>
            <tech source="final">estampe/gravure</tech>
            <theme source="final">13</theme>
            <tech CS="1" source="md">estampe/gravure</tech>
            <theme CS="1" source="md">13</theme>
            <contenuImg CS="1.0" lang="en" source="md">insect</contenuImg>
            <contenuImg CS="1.0" lang="en" source="md">animal</contenuImg>
            <contenuImg CS="1.0" lang="en" source="md">invertebrate</contenuImg>
            <titraille>Insectes : peinture / Yoeequa Painter</titraille>
          </ill>
        </ills>
      </page>
      <page ordre="15">
        <blocIll ocr="1">1</blocIll>
        <ills>
          <ill classif="CCibm" couleur="coul" h="3974" n="15-1" taille="10" w="5052" x="1" y="1">
            <contenuImg CS="0.639" lang="fr" source="ibm">support papier (timbres/monnaie)</contenuImg>
            <contenuImg CS="0.65" lang="fr" source="ibm">document écrit</contenuImg>
            <contenuImg CS="0.592" lang="fr" source="ibm">bord de la feuille (fabrication du papier)</contenuImg>
            <contenuImg CS="0.551" lang="fr" source="ibm">blason</contenuImg>
            <contenuImg CS="0.551" lang="fr" source="ibm">arbre</contenuImg>
            <contenuImg CS="0.551" lang="fr" source="ibm">silhouette</contenuImg>
            <contenuImg CS="0.503" lang="fr" source="ibm">étamine (tissu)</contenuImg>
            <contenuImg CS="0.5" lang="fr" source="ibm">bréviaire (livre)</contenuImg>
            <contenuImg CS="0.593" lang="fr" source="ibm">produit alimentaire</contenuImg>
            <contenuImg CS="0.97" coul="1" lang="fr" source="ibm">vert olive</contenuImg>
            <contenuImg CS="0.504" lang="fr" source="ibm">tissu</contenuImg>
            <contenuImg b="63" coul="1" g="77" ordre="6" r="113" source="colorific" type="frg">#714d3f</contenuImg>
            <contenuImg b="47" coul="1" g="51" ordre="5" r="61" source="colorific" type="frg">#3d332f</contenuImg>
            <contenuImg b="65" coul="1" g="76" ordre="4" r="88" source="colorific" type="frg">#584c41</contenuImg>
            <contenuImg b="120" coul="1" g="135" ordre="3" r="145" source="colorific" type="frg">#918778</contenuImg>
            <contenuImg b="192" coul="1" g="212" ordre="2" r="217" source="colorific" type="frg">#d9d4c0</contenuImg>
            <contenuImg b="159" coul="1" g="151" ordre="1" r="134" source="colorific" type="frg">#86979f</contenuImg>
            <contenuImg CS="1.0" lang="fr" source="md">invertébré</contenuImg>
            <contenuImg CS="1.0" lang="fr" source="md">animal</contenuImg>
            <contenuImg CS="1.0" lang="fr" source="md">insecte</contenuImg>
            <contenuImg CS="0.598" lang="fr" source="ibm">animal</contenuImg>
            <contenuImg CS="0.599" lang="fr" source="ibm">insecte</contenuImg>
            <contenuImg CS="0.97" coul="1" lang="fr" source="ibm">couleur vert olive</contenuImg>
            <contenuImg CS="0.97" coul="1" lang="en" source="ibm">olive green color</contenuImg>
            <contenuImg CS="0.599" lang="en" source="ibm">insect</contenuImg>
            <contenuImg CS="0.598" lang="en" source="ibm">animal</contenuImg>
            <contenuImg CS="0.593" lang="en" source="ibm">food product</contenuImg>
            <contenuImg CS="0.5" lang="en" source="ibm">breviary (book)</contenuImg>
            <contenuImg CS="0.504" lang="en" source="ibm">fabric</contenuImg>
            <contenuImg CS="0.503" lang="en" source="ibm">etamine (fabric)</contenuImg>
            <contenuImg CS="0.551" lang="en" source="ibm">figure</contenuImg>
            <contenuImg CS="0.551" lang="en" source="ibm">tree</contenuImg>
            <contenuImg CS="0.551" lang="en" source="ibm">stemma</contenuImg>
            <contenuImg CS="0.592" lang="en" source="ibm">deckle edge (paper making)</contenuImg>
            <contenuImg CS="0.65" lang="en" source="ibm">written document</contenuImg>
            <contenuImg CS="0.639" lang="en" source="ibm">paper based (stamps/currency)</contenuImg>
            <tech source="final">estampe/gravure</tech>
            <theme source="final">13</theme>
            <tech CS="1" source="md">estampe/gravure</tech>
            <theme CS="1" source="md">13</theme>
            <contenuImg CS="1.0" lang="en" source="md">insect</contenuImg>
            <contenuImg CS="1.0" lang="en" source="md">animal</contenuImg>
            <contenuImg CS="1.0" lang="en" source="md">invertebrate</contenuImg>
            <titraille>Insectes : peinture / Yoeequa Painter</titraille>
          </ill>
        </ills>
      </page>
      <page ordre="16">
        <blocIll ocr="1">1</blocIll>
        <ills>
          <ill classif="CCibm" couleur="coul" h="4009" n="16-1" taille="10" w="5126" x="1" y="1">
            <contenuImg CS="0.59" lang="fr" source="ibm">torchon</contenuImg>
            <contenuImg CS="0.612" lang="fr" source="ibm">serviette</contenuImg>
            <contenuImg CS="0.552" lang="fr" source="ibm">découpage (art)</contenuImg>
            <contenuImg CS="0.626" lang="fr" source="ibm">structure porteuse</contenuImg>
            <contenuImg CS="0.501" lang="fr" source="ibm">bloc-notes</contenuImg>
            <contenuImg CS="0.5" lang="fr" source="ibm">bord de la feuille (fabrication du papier)</contenuImg>
            <contenuImg CS="0.989" coul="1" lang="fr" source="ibm">vert olive</contenuImg>
            <contenuImg CS="0.613" lang="fr" source="ibm">tissu</contenuImg>
            <contenuImg CS="0.626" lang="fr" source="ibm">cadre</contenuImg>
            <contenuImg b="83" coul="1" g="119" ordre="8" r="173" source="colorific" type="frg">#ad7753</contenuImg>
            <contenuImg b="83" coul="1" g="103" ordre="7" r="108" source="colorific" type="frg">#6c6753</contenuImg>
            <contenuImg b="106" coul="1" g="168" ordre="6" r="199" source="colorific" type="frg">#c7a86a</contenuImg>
            <contenuImg b="56" coul="1" g="62" ordre="5" r="70" source="colorific" type="frg">#463e38</contenuImg>
            <contenuImg b="52" coul="1" g="56" ordre="4" r="96" source="colorific" type="frg">#603834</contenuImg>
            <contenuImg b="134" coul="1" g="141" ordre="3" r="137" source="colorific" type="frg">#898d86</contenuImg>
            <contenuImg b="158" coul="1" g="173" ordre="2" r="193" source="colorific" type="frg">#c1ad9e</contenuImg>
            <contenuImg b="159" coul="1" g="152" ordre="1" r="138" source="colorific" type="frg">#8a989f</contenuImg>
            <contenuImg CS="1.0" lang="fr" source="md">invertébré</contenuImg>
            <contenuImg CS="1.0" lang="fr" source="md">animal</contenuImg>
            <contenuImg CS="1.0" lang="fr" source="md">insecte</contenuImg>
            <contenuImg CS="0.597" lang="fr" source="ibm">poisson</contenuImg>
            <contenuImg CS="0.989" coul="1" lang="fr" source="ibm">couleur vert olive</contenuImg>
            <contenuImg CS="0.989" coul="1" lang="en" source="ibm">olive green color</contenuImg>
            <contenuImg CS="0.597" lang="en" source="ibm">fish</contenuImg>
            <contenuImg CS="0.5" lang="en" source="ibm">deckle edge (paper making)</contenuImg>
            <contenuImg CS="0.501" lang="en" source="ibm">jotter (notebook)</contenuImg>
            <contenuImg CS="0.527" lang="en" source="ibm">frame</contenuImg>
            <contenuImg CS="0.626" lang="en" source="ibm">supporting structure</contenuImg>
            <contenuImg CS="0.626" lang="en" source="ibm">framework</contenuImg>
            <contenuImg CS="0.533" lang="en" source="ibm">picture frame</contenuImg>
            <contenuImg CS="0.552" lang="en" source="ibm">decoupage art</contenuImg>
            <contenuImg CS="0.613" lang="en" source="ibm">fabric</contenuImg>
            <contenuImg CS="0.612" lang="en" source="ibm">towel</contenuImg>
            <contenuImg CS="0.59" lang="en" source="ibm">dishtowel</contenuImg>
            <tech source="final">estampe/gravure</tech>
            <theme source="final">13</theme>
            <tech CS="1" source="md">estampe/gravure</tech>
            <theme CS="1" source="md">13</theme>
            <contenuImg CS="1.0" lang="en" source="md">insect</contenuImg>
            <contenuImg CS="1.0" lang="en" source="md">animal</contenuImg>
            <contenuImg CS="1.0" lang="en" source="md">invertebrate</contenuImg>
            <titraille>Insectes : peinture / Yoeequa Painter</titraille>
          </ill>
        </ills>
      </page>
      <page ordre="17">
        <blocIll ocr="1">1</blocIll>
        <ills>
          <ill classif="CCibm" couleur="coul" edit="true" h="4022" n="17-1" taille="10" w="5151" x="1" y="1">
            <contenuImg CS="0.846" lang="fr" source="ibm">appât</contenuImg>
            <contenuImg CS="0.5" lang="fr" source="ibm">appât de pêche</contenuImg>
            <contenuImg CS="0.967" coul="1" lang="fr" source="ibm">vert olive</contenuImg>
            <contenuImg CS="0.5" lang="fr" source="ibm">mouche (pêche)</contenuImg>
            <contenuImg b="63" coul="1" g="76" ordre="10" r="104" source="colorific" type="frg">#684c3f</contenuImg>
            <contenuImg b="49" coul="1" g="56" ordre="9" r="112" source="colorific" type="frg">#703831</contenuImg>
            <contenuImg b="102" coul="1" g="165" ordre="8" r="195" source="colorific" type="frg">#c3a566</contenuImg>
            <contenuImg b="44" coul="1" g="45" ordre="7" r="50" source="colorific" type="frg">#322d2c</contenuImg>
            <contenuImg b="101" coul="1" g="128" ordre="6" r="162" source="colorific" type="frg">#a28065</contenuImg>
            <contenuImg b="65" coul="1" g="90" ordre="5" r="86" source="colorific" type="frg">#565a41</contenuImg>
            <contenuImg b="156" coul="1" g="159" ordre="4" r="151" source="colorific" type="frg">#979f9c</contenuImg>
            <contenuImg b="134" coul="1" g="147" ordre="3" r="154" source="colorific" type="frg">#9a9386</contenuImg>
            <contenuImg b="171" coul="1" g="160" ordre="2" r="141" source="colorific" type="frg">#8da0ab</contenuImg>
            <contenuImg b="192" coul="1" g="211" ordre="1" r="216" source="colorific" type="frg">#d8d3c0</contenuImg>
            <contenuImg CS="1" coul="1" lang="fr" source="hm" time="2019-03-13T20:33:46.732+01:00">bleu</contenuImg>
            <contenuImg CS="1.0" lang="fr" source="md">invertébré</contenuImg>
            <contenuImg CS="1.0" lang="fr" source="md">animal</contenuImg>
            <contenuImg CS="1.0" lang="fr" source="md">insecte</contenuImg>
            <contenuImg CS="0.795" lang="fr" source="ibm">animal</contenuImg>
            <contenuImg CS="0.793" lang="fr" source="ibm">insecte</contenuImg>
            <contenuImg CS="0.794" lang="fr" source="ibm">poisson</contenuImg>
            <contenuImg CS="0.967" coul="1" lang="fr" source="ibm">couleur vert olive</contenuImg>
            <contenuImg CS="0.967" coul="1" lang="en" source="ibm">olive green color</contenuImg>
            <contenuImg CS="0.794" lang="en" source="ibm">fish</contenuImg>
            <contenuImg CS="0.793" lang="en" source="ibm">insect</contenuImg>
            <contenuImg CS="0.795" lang="en" source="ibm">animal</contenuImg>
            <contenuImg CS="0.5" lang="en" source="ibm">fisherman's lure</contenuImg>
            <contenuImg CS="0.846" lang="en" source="ibm">bait</contenuImg>
            <tech source="final">estampe/gravure</tech>
            <theme source="final">13</theme>
            <tech CS="1" source="md">estampe/gravure</tech>
            <theme CS="1" source="md">13</theme>
            <contenuImg CS="1.0" lang="en" source="md">insect</contenuImg>
            <contenuImg CS="1.0" lang="en" source="md">animal</contenuImg>
            <contenuImg CS="1.0" lang="en" source="md">invertebrate</contenuImg>
            <titraille>Insectes : peinture / Yoeequa Painter</titraille>
            <contenuImg CS="1" coul="1" lang="en" source="hm" time="2019-03-13T20:33:46.732+01:00">blue color</contenuImg>
          </ill>
        </ills>
      </page>
      <page ordre="18">
        <blocIll ocr="1">0</blocIll>
        <ills/>
      </page>
      <page ordre="19">
        <blocIll ocr="1">0</blocIll>
        <ills/>
      </page>
    </pages>
  </contenus>
</analyseAlto>