<analyseAlto>
  <metad>
    <type>I</type>
    <ID>btv1b10548856t</ID>
    <titre>Papillons : peinture / Yoeequa Painter</titre>
    <dateEdition>1830-1840</dateEdition>
    <auteur>Yoeequa (18..?-18..). Peintre Lagrené, Marie-Melchior-Joseph-Théodore de (1800-1862). Collecteur</auteur>
    <lang>0</lang>
    <source>Bibliothèque nationale de France, département Estampes et photographie, RESERVE PET FOL-OE-160 (B)</source>
    <nbPage>17</nbPage>
    <descr>Oiseaux -- Chine</descr>
  </metad>
  <contenus ocr="false" toc="false">
    <largeur>233</largeur>
    <hauteur>169</hauteur>
    <largeurPx>5513</largeurPx>
    <hauteurPx>4004</hauteurPx>
    <pages>
      <page ordre="3">
        <blocIll ocr="1">0</blocIll>
        <ills/>
      </page>
      <page ordre="4">
        <blocIll ocr="1">0</blocIll>
        <ills/>
      </page>
      <page ordre="5">
        <blocIll ocr="1">1</blocIll>
        <ills>
          <ill classif="CCibm" couleur="coul" edit="true" h="4025" n="5-1" taille="10" w="5149" x="1" y="1">
            <contenuImg CS="0.65" lang="fr" source="ibm">alimentation</contenuImg>
            <contenuImg CS="0.65" lang="fr" source="ibm">aliments</contenuImg>
            <contenuImg CS="0.553" lang="fr" source="ibm">torchon</contenuImg>
            <contenuImg CS="0.556" lang="fr" source="ibm">serviette</contenuImg>
            <contenuImg CS="0.532" lang="fr" source="ibm">appât</contenuImg>
            <contenuImg CS="0.51" lang="fr" source="ibm">support papier (timbres/monnaie)</contenuImg>
            <contenuImg CS="0.511" lang="fr" source="ibm">document écrit</contenuImg>
            <contenuImg CS="0.5" lang="fr" source="ibm">étamine (tissu)</contenuImg>
            <contenuImg CS="1" coul="1" lang="fr" source="ibm">vert olive</contenuImg>
            <contenuImg CS="0.65" lang="fr" source="ibm">nourriture</contenuImg>
            <contenuImg CS="0.612" lang="fr" source="ibm">tissu</contenuImg>
            <contenuImg b="120" coul="1" g="118" ordre="10" r="102" source="colorific" type="frg">#667678</contenuImg>
            <contenuImg b="58" coul="1" g="63" ordre="9" r="112" source="colorific" type="frg">#703f3a</contenuImg>
            <contenuImg b="153" coul="1" g="158" ordre="8" r="154" source="colorific" type="frg">#9a9e99</contenuImg>
            <contenuImg b="90" coul="1" g="160" ordre="7" r="191" source="colorific" type="frg">#bfa05a</contenuImg>
            <contenuImg b="112" coul="1" g="145" ordre="6" r="165" source="colorific" type="frg">#a59170</contenuImg>
            <contenuImg b="76" coul="1" g="98" ordre="5" r="137" source="colorific" type="frg">#89624c</contenuImg>
            <contenuImg b="53" coul="1" g="56" ordre="4" r="61" source="colorific" type="frg">#3d3835</contenuImg>
            <contenuImg b="68" coul="1" g="80" ordre="3" r="93" source="colorific" type="frg">#5d5044</contenuImg>
            <contenuImg b="177" coul="1" g="165" ordre="2" r="143" source="colorific" type="frg">#8fa5b1</contenuImg>
            <contenuImg b="179" coul="1" g="198" ordre="1" r="207" source="colorific" type="frg">#cfc6b3</contenuImg>
            <contenuImg CS="1" coul="1" lang="fr" source="hm" time="2019-03-13T20:33:31.466+01:00">bleu</contenuImg>
            <contenuImg CS="1.0" lang="fr" source="md">invertébré</contenuImg>
            <contenuImg CS="1.0" lang="fr" source="md">animal</contenuImg>
            <contenuImg CS="1.0" lang="fr" source="md">insecte</contenuImg>
            <contenuImg CS="1" coul="1" lang="fr" source="ibm">couleur vert olive</contenuImg>
            <contenuImg CS="1" coul="1" lang="en" source="ibm">olive green color</contenuImg>
            <contenuImg CS="0.5" lang="en" source="ibm">etamine (fabric)</contenuImg>
            <contenuImg CS="0.511" lang="en" source="ibm">written document</contenuImg>
            <contenuImg CS="0.51" lang="en" source="ibm">paper based (stamps/currency)</contenuImg>
            <contenuImg CS="0.532" lang="en" source="ibm">bait</contenuImg>
            <contenuImg CS="0.612" lang="en" source="ibm">fabric</contenuImg>
            <contenuImg CS="0.556" lang="en" source="ibm">towel</contenuImg>
            <contenuImg CS="0.553" lang="en" source="ibm">dishtowel</contenuImg>
            <contenuImg CS="0.65" lang="en" source="ibm">food</contenuImg>
            <contenuImg CS="0.65" lang="en" source="ibm">feed</contenuImg>
            <contenuImg CS="0.65" lang="en" source="ibm">bird feed</contenuImg>
            <tech source="final">estampe/gravure</tech>
            <theme source="final">13</theme>
            <tech CS="1" source="md">estampe/gravure</tech>
            <theme CS="1" source="md">13</theme>
            <contenuImg CS="1.0" lang="en" source="md">insect</contenuImg>
            <contenuImg CS="1.0" lang="en" source="md">animal</contenuImg>
            <contenuImg CS="1.0" lang="en" source="md">invertebrate</contenuImg>
            <titraille>Papillons : peinture / Yoeequa Painter</titraille>
            <contenuImg CS="1" coul="1" lang="en" source="hm" time="2019-03-13T20:33:31.466+01:00">blue color</contenuImg>
          </ill>
        </ills>
      </page>
      <page ordre="6">
        <blocIll ocr="1">1</blocIll>
        <ills>
          <ill classif="CCibm" couleur="coul" h="4016" n="6-1" taille="10" w="5143" x="1" y="1">
            <contenuImg CS="0.642" lang="fr" source="ibm">support papier (timbres/monnaie)</contenuImg>
            <contenuImg CS="0.643" lang="fr" source="ibm">document écrit</contenuImg>
            <contenuImg CS="0.616" lang="fr" source="ibm">tesselle (mosaïque)</contenuImg>
            <contenuImg CS="0.559" lang="fr" source="ibm">caisse américaine (cadre)</contenuImg>
            <contenuImg CS="0.565" lang="fr" source="ibm">boîte</contenuImg>
            <contenuImg CS="0.5" lang="fr" source="ibm">appât</contenuImg>
            <contenuImg CS="0.967" coul="1" lang="fr" source="ibm">vert olive</contenuImg>
            <contenuImg CS="0.598" lang="fr" source="ibm">tissu</contenuImg>
            <contenuImg b="128" coul="1" g="134" ordre="9" r="119" source="colorific" type="frg">#778680</contenuImg>
            <contenuImg b="46" coul="1" g="46" ordre="8" r="53" source="colorific" type="frg">#352e2e</contenuImg>
            <contenuImg b="87" coul="1" g="109" ordre="7" r="101" source="colorific" type="frg">#656d57</contenuImg>
            <contenuImg b="57" coul="1" g="61" ordre="6" r="96" source="colorific" type="frg">#603d39</contenuImg>
            <contenuImg b="141" coul="1" g="155" ordre="5" r="192" source="colorific" type="frg">#c09b8d</contenuImg>
            <contenuImg b="119" coul="1" g="138" ordre="4" r="151" source="colorific" type="frg">#978a77</contenuImg>
            <contenuImg b="90" coul="1" g="117" ordre="3" r="152" source="colorific" type="frg">#98755a</contenuImg>
            <contenuImg b="71" coul="1" g="77" ordre="2" r="83" source="colorific" type="frg">#534d47</contenuImg>
            <contenuImg b="159" coul="1" g="147" ordre="1" r="127" source="colorific" type="frg">#7f939f</contenuImg>
            <contenuImg CS="1.0" lang="fr" source="md">invertébré</contenuImg>
            <contenuImg CS="1.0" lang="fr" source="md">animal</contenuImg>
            <contenuImg CS="1.0" lang="fr" source="md">insecte</contenuImg>
            <contenuImg CS="0.597" lang="fr" source="ibm">animal</contenuImg>
            <contenuImg CS="0.967" coul="1" lang="fr" source="ibm">couleur vert olive</contenuImg>
            <contenuImg CS="0.967" coul="1" lang="en" source="ibm">olive green color</contenuImg>
            <contenuImg CS="0.598" lang="en" source="ibm">fabric</contenuImg>
            <contenuImg CS="0.597" lang="en" source="ibm">animal</contenuImg>
            <contenuImg CS="0.5" lang="en" source="ibm">bait</contenuImg>
            <contenuImg CS="0.565" lang="en" source="ibm">box</contenuImg>
            <contenuImg CS="0.559" lang="en" source="ibm">shadow box</contenuImg>
            <contenuImg CS="0.616" lang="en" source="ibm">tessera (mosiac stones)</contenuImg>
            <contenuImg CS="0.643" lang="en" source="ibm">written document</contenuImg>
            <contenuImg CS="0.642" lang="en" source="ibm">paper based (stamps/currency)</contenuImg>
            <tech source="final">estampe/gravure</tech>
            <theme source="final">13</theme>
            <tech CS="1" source="md">estampe/gravure</tech>
            <theme CS="1" source="md">13</theme>
            <contenuImg CS="1.0" lang="en" source="md">insect</contenuImg>
            <contenuImg CS="1.0" lang="en" source="md">animal</contenuImg>
            <contenuImg CS="1.0" lang="en" source="md">invertebrate</contenuImg>
            <titraille>Papillons : peinture / Yoeequa Painter</titraille>
          </ill>
        </ills>
      </page>
      <page ordre="7">
        <blocIll ocr="1">1</blocIll>
        <ills>
          <ill classif="CCibm" couleur="coul" edit="true" h="4034" n="7-1" taille="10" w="5143" x="1" y="1">
            <contenuImg CS="0.808" lang="fr" source="ibm">bord de la feuille (fabrication du papier)</contenuImg>
            <contenuImg CS="0.637" lang="fr" source="ibm">pyrographe</contenuImg>
            <contenuImg CS="0.5" lang="fr" source="ibm">écran pare-feu</contenuImg>
            <contenuImg CS="0.5" lang="fr" source="ibm">écran</contenuImg>
            <contenuImg CS="0.5" lang="fr" source="ibm">revêtement de protection</contenuImg>
            <contenuImg CS="0.89" coul="1" lang="fr" source="ibm">vert olive</contenuImg>
            <contenuImg b="127" coul="1" g="128" ordre="5" r="118" source="colorific" type="frg">#76807f</contenuImg>
            <contenuImg b="61" coul="1" g="71" ordre="4" r="84" source="colorific" type="frg">#54473d</contenuImg>
            <contenuImg b="124" coul="1" g="139" ordre="3" r="153" source="colorific" type="frg">#998b7c</contenuImg>
            <contenuImg b="192" coul="1" g="180" ordre="2" r="159" source="colorific" type="frg">#9fb4c0</contenuImg>
            <contenuImg b="189" coul="1" g="207" ordre="1" r="214" source="colorific" type="frg">#d6cfbd</contenuImg>
            <contenuImg CS="1" lang="fr" source="hm" time="2019-03-13T20:30:53.324+01:00">araignée</contenuImg>
            <contenuImg CS="1.0" lang="fr" source="md">invertébré</contenuImg>
            <contenuImg CS="1.0" lang="fr" source="md">animal</contenuImg>
            <contenuImg CS="1.0" lang="fr" source="md">insecte</contenuImg>
            <contenuImg CS="0.796" lang="fr" source="ibm">animal</contenuImg>
            <contenuImg CS="0.89" coul="1" lang="fr" source="ibm">couleur vert olive</contenuImg>
            <contenuImg CS="0.63" coul="1" lang="fr" source="ibm">brun rougeâtre</contenuImg>
            <contenuImg CS="0.63" coul="1" lang="en" source="ibm">reddish brown color</contenuImg>
            <contenuImg CS="0.89" coul="1" lang="en" source="ibm">olive green color</contenuImg>
            <contenuImg CS="0.796" lang="en" source="ibm">animal</contenuImg>
            <contenuImg CS="0.5" lang="en" source="ibm">protective covering</contenuImg>
            <contenuImg CS="0.5" lang="en" source="ibm">screen</contenuImg>
            <contenuImg CS="0.5" lang="en" source="ibm">fire screen</contenuImg>
            <contenuImg CS="0.637" lang="en" source="ibm">pyrograph (design)</contenuImg>
            <contenuImg CS="0.808" lang="en" source="ibm">deckle edge (paper making)</contenuImg>
            <tech source="final">estampe/gravure</tech>
            <theme source="final">13</theme>
            <tech CS="1" source="md">estampe/gravure</tech>
            <theme CS="1" source="md">13</theme>
            <contenuImg CS="1.0" lang="en" source="md">insect</contenuImg>
            <contenuImg CS="1.0" lang="en" source="md">animal</contenuImg>
            <contenuImg CS="1.0" lang="en" source="md">invertebrate</contenuImg>
            <titraille>Papillons : peinture / Yoeequa Painter</titraille>
            <contenuImg CS="1" lang="en" source="hm" time="2019-03-13T20:30:53.324+01:00">spider</contenuImg>
          </ill>
        </ills>
      </page>
      <page ordre="8">
        <blocIll ocr="1">1</blocIll>
        <ills>
          <ill classif="CCibm" couleur="coul" h="3992" n="8-1" taille="10" w="5128" x="1" y="1">
            <contenuImg CS="0.599" lang="fr" source="ibm">tique de cerf</contenuImg>
            <contenuImg CS="0.5" lang="fr" source="ibm">appât</contenuImg>
            <contenuImg CS="0.515" lang="fr" source="ibm">pseudoscorpion</contenuImg>
            <contenuImg b="52" coul="1" g="54" ordre="10" r="131" source="colorific" type="frg">#833634</contenuImg>
            <contenuImg b="81" coul="1" g="101" ordre="9" r="170" source="colorific" type="frg">#aa6551</contenuImg>
            <contenuImg b="43" coul="1" g="45" ordre="8" r="63" source="colorific" type="frg">#3f2d2b</contenuImg>
            <contenuImg b="99" coul="1" g="165" ordre="7" r="199" source="colorific" type="frg">#c7a563</contenuImg>
            <contenuImg b="77" coul="1" g="86" ordre="6" r="95" source="colorific" type="frg">#5f564d</contenuImg>
            <contenuImg b="145" coul="1" g="149" ordre="5" r="144" source="colorific" type="frg">#909591</contenuImg>
            <contenuImg b="112" coul="1" g="129" ordre="4" r="147" source="colorific" type="frg">#938170</contenuImg>
            <contenuImg b="61" coul="1" g="70" ordre="3" r="96" source="colorific" type="frg">#60463d</contenuImg>
            <contenuImg b="162" coul="1" g="152" ordre="2" r="134" source="colorific" type="frg">#8698a2</contenuImg>
            <contenuImg b="183" coul="1" g="200" ordre="1" r="209" source="colorific" type="frg">#d1c8b7</contenuImg>
            <contenuImg CS="1.0" lang="fr" source="md">invertébré</contenuImg>
            <contenuImg CS="1.0" lang="fr" source="md">animal</contenuImg>
            <contenuImg CS="1.0" lang="fr" source="md">insecte</contenuImg>
            <contenuImg CS="0.599" lang="fr" source="ibm">tique du chevreuil</contenuImg>
            <contenuImg CS="0.776" lang="fr" source="ibm">tique</contenuImg>
            <contenuImg CS="0.807" lang="fr" source="ibm">invertébré</contenuImg>
            <contenuImg CS="0.807" lang="fr" source="ibm">animal</contenuImg>
            <contenuImg CS="0.509" lang="fr" source="ibm">tique des bois</contenuImg>
            <contenuImg CS="0.514" coul="1" lang="fr" source="ibm">cuivre (couleur)</contenuImg>
            <contenuImg CS="0.514" coul="1" lang="en" source="ibm">copper color</contenuImg>
            <contenuImg CS="0.5" lang="en" source="ibm">bait</contenuImg>
            <contenuImg CS="0.509" lang="en" source="ibm">wood tick</contenuImg>
            <contenuImg CS="0.515" lang="en" source="ibm">false scorpion</contenuImg>
            <contenuImg CS="0.555" lang="en" source="ibm">hard tick</contenuImg>
            <contenuImg CS="0.807" lang="en" source="ibm">animal</contenuImg>
            <contenuImg CS="0.807" lang="en" source="ibm">invertebrate</contenuImg>
            <contenuImg CS="0.776" lang="en" source="ibm">tick</contenuImg>
            <contenuImg CS="0.599" lang="en" source="ibm">deer tick</contenuImg>
            <tech source="final">estampe/gravure</tech>
            <theme source="final">13</theme>
            <tech CS="1" source="md">estampe/gravure</tech>
            <theme CS="1" source="md">13</theme>
            <contenuImg CS="1.0" lang="en" source="md">insect</contenuImg>
            <contenuImg CS="1.0" lang="en" source="md">animal</contenuImg>
            <contenuImg CS="1.0" lang="en" source="md">invertebrate</contenuImg>
            <titraille>Papillons : peinture / Yoeequa Painter</titraille>
          </ill>
        </ills>
      </page>
      <page ordre="9">
        <blocIll ocr="1">1</blocIll>
        <ills>
          <ill classif="CCibm" couleur="coul" edit="true" h="4001" n="9-1" taille="10" w="5134" x="1" y="1">
            <contenuImg CS="0.525" lang="fr" source="ibm">assaisonnement alimentaire</contenuImg>
            <contenuImg CS="0.525" lang="fr" source="ibm">ingrédient alimentaire</contenuImg>
            <contenuImg CS="0.525" lang="fr" source="ibm">produit alimentaire</contenuImg>
            <contenuImg CS="0.525" lang="fr" source="ibm">aliments</contenuImg>
            <contenuImg CS="0.514" lang="fr" source="ibm">bréviaire (livre)</contenuImg>
            <contenuImg CS="0.512" lang="fr" source="ibm">tique de cerf</contenuImg>
            <contenuImg CS="0.787" coul="1" lang="fr" source="ibm">vert olive</contenuImg>
            <contenuImg CS="0.525" lang="fr" source="ibm">nourriture</contenuImg>
            <contenuImg CS="0.599" lang="fr" source="ibm">tissu</contenuImg>
            <contenuImg b="96" coul="1" g="134" ordre="8" r="186" source="colorific" type="frg">#ba8660</contenuImg>
            <contenuImg b="66" coul="1" g="86" ordre="7" r="132" source="colorific" type="frg">#845642</contenuImg>
            <contenuImg b="49" coul="1" g="50" ordre="6" r="59" source="colorific" type="frg">#3b3231</contenuImg>
            <contenuImg b="78" coul="1" g="86" ordre="5" r="93" source="colorific" type="frg">#5d564e</contenuImg>
            <contenuImg b="147" coul="1" g="148" ordre="4" r="145" source="colorific" type="frg">#919493</contenuImg>
            <contenuImg b="115" coul="1" g="134" ordre="3" r="153" source="colorific" type="frg">#998673</contenuImg>
            <contenuImg b="174" coul="1" g="161" ordre="2" r="142" source="colorific" type="frg">#8ea1ae</contenuImg>
            <contenuImg b="186" coul="1" g="203" ordre="1" r="211" source="colorific" type="frg">#d3cbba</contenuImg>
            <contenuImg CS="1" lang="fr" source="hm" time="2019-03-13T20:31:13.107+01:00">papillon</contenuImg>
            <contenuImg CS="1.0" lang="fr" source="md">invertébré</contenuImg>
            <contenuImg CS="1.0" lang="fr" source="md">animal</contenuImg>
            <contenuImg CS="1.0" lang="fr" source="md">insecte</contenuImg>
            <contenuImg CS="0.512" lang="fr" source="ibm">tique du chevreuil</contenuImg>
            <contenuImg CS="0.626" lang="fr" source="ibm">tique</contenuImg>
            <contenuImg CS="0.678" lang="fr" source="ibm">invertébré</contenuImg>
            <contenuImg CS="0.678" lang="fr" source="ibm">animal</contenuImg>
            <contenuImg CS="0.509" lang="fr" source="ibm">pseudoscorpion</contenuImg>
            <contenuImg CS="0.787" coul="1" lang="fr" source="ibm">couleur vert olive</contenuImg>
            <contenuImg CS="0.543" coul="1" lang="fr" source="ibm">marron clair</contenuImg>
            <contenuImg CS="0.543" coul="1" lang="en" source="ibm">light brown color</contenuImg>
            <contenuImg CS="0.787" coul="1" lang="en" source="ibm">olive green color</contenuImg>
            <contenuImg CS="0.599" lang="en" source="ibm">fabric</contenuImg>
            <contenuImg CS="0.5" lang="en" source="ibm">hard tick</contenuImg>
            <contenuImg CS="0.509" lang="en" source="ibm">book scorpion</contenuImg>
            <contenuImg CS="0.678" lang="en" source="ibm">animal</contenuImg>
            <contenuImg CS="0.678" lang="en" source="ibm">invertebrate</contenuImg>
            <contenuImg CS="0.626" lang="en" source="ibm">tick</contenuImg>
            <contenuImg CS="0.512" lang="en" source="ibm">deer tick</contenuImg>
            <contenuImg CS="0.514" lang="en" source="ibm">breviary (book)</contenuImg>
            <contenuImg CS="0.525" lang="en" source="ibm">food</contenuImg>
            <contenuImg CS="0.525" lang="en" source="ibm">food product</contenuImg>
            <contenuImg CS="0.525" lang="en" source="ibm">food ingredient</contenuImg>
            <contenuImg CS="0.525" lang="en" source="ibm">food seasoning</contenuImg>
            <contenuImg CS="0.525" lang="en" source="ibm">spice</contenuImg>
            <contenuImg CS="0.523" lang="en" source="ibm">Chinese anise</contenuImg>
            <tech source="final">estampe/gravure</tech>
            <theme source="final">13</theme>
            <tech CS="1" source="md">estampe/gravure</tech>
            <theme CS="1" source="md">13</theme>
            <contenuImg CS="1.0" lang="en" source="md">insect</contenuImg>
            <contenuImg CS="1.0" lang="en" source="md">animal</contenuImg>
            <contenuImg CS="1.0" lang="en" source="md">invertebrate</contenuImg>
            <titraille>Papillons : peinture / Yoeequa Painter</titraille>
            <contenuImg CS="1" lang="en" source="hm" time="2019-03-13T20:31:13.107+01:00">butterfly</contenuImg>
          </ill>
        </ills>
      </page>
      <page ordre="10">
        <blocIll ocr="1">1</blocIll>
        <ills>
          <ill classif="CCibm" couleur="coul" h="4019" n="10-1" taille="10" w="5128" x="1" y="1">
            <contenuImg CS="0.631" lang="fr" source="ibm">bréviaire (livre)</contenuImg>
            <contenuImg CS="0.549" lang="fr" source="ibm">étamine (tissu)</contenuImg>
            <contenuImg CS="0.52" lang="fr" source="ibm">support papier (timbres/monnaie)</contenuImg>
            <contenuImg CS="0.52" lang="fr" source="ibm">document écrit</contenuImg>
            <contenuImg CS="0.514" lang="fr" source="ibm">travaux d'aiguille</contenuImg>
            <contenuImg CS="0.512" lang="fr" source="ibm">blason</contenuImg>
            <contenuImg CS="0.512" lang="fr" source="ibm">arbre</contenuImg>
            <contenuImg CS="0.512" lang="fr" source="ibm">silhouette</contenuImg>
            <contenuImg CS="0.5" lang="fr" source="ibm">torchon</contenuImg>
            <contenuImg CS="0.545" lang="fr" source="ibm">serviette</contenuImg>
            <contenuImg CS="0.997" coul="1" lang="fr" source="ibm">vert olive</contenuImg>
            <contenuImg CS="0.652" lang="fr" source="ibm">tissu</contenuImg>
            <contenuImg b="50" coul="1" g="55" ordre="8" r="113" source="colorific" type="frg">#713732</contenuImg>
            <contenuImg b="86" coul="1" g="114" ordre="7" r="160" source="colorific" type="frg">#a07256</contenuImg>
            <contenuImg b="122" coul="1" g="134" ordre="6" r="143" source="colorific" type="frg">#8f867a</contenuImg>
            <contenuImg b="65" coul="1" g="70" ordre="5" r="79" source="colorific" type="frg">#4f4641</contenuImg>
            <contenuImg b="48" coul="1" g="47" ordre="4" r="50" source="colorific" type="frg">#322f30</contenuImg>
            <contenuImg b="168" coul="1" g="171" ordre="3" r="168" source="colorific" type="frg">#a8aba8</contenuImg>
            <contenuImg b="156" coul="1" g="146" ordre="2" r="128" source="colorific" type="frg">#80929c</contenuImg>
            <contenuImg b="182" coul="1" g="199" ordre="1" r="210" source="colorific" type="frg">#d2c7b6</contenuImg>
            <contenuImg CS="1.0" lang="fr" source="md">invertébré</contenuImg>
            <contenuImg CS="1.0" lang="fr" source="md">animal</contenuImg>
            <contenuImg CS="1.0" lang="fr" source="md">insecte</contenuImg>
            <contenuImg CS="0.597" lang="fr" source="ibm">animal</contenuImg>
            <contenuImg CS="0.997" coul="1" lang="fr" source="ibm">couleur vert olive</contenuImg>
            <contenuImg CS="0.997" coul="1" lang="en" source="ibm">olive green color</contenuImg>
            <contenuImg CS="0.597" lang="en" source="ibm">animal</contenuImg>
            <contenuImg CS="0.545" lang="en" source="ibm">towel</contenuImg>
            <contenuImg CS="0.5" lang="en" source="ibm">dishtowel</contenuImg>
            <contenuImg CS="0.512" lang="en" source="ibm">figure</contenuImg>
            <contenuImg CS="0.512" lang="en" source="ibm">tree</contenuImg>
            <contenuImg CS="0.512" lang="en" source="ibm">stemma</contenuImg>
            <contenuImg CS="0.514" lang="en" source="ibm">needlework</contenuImg>
            <contenuImg CS="0.52" lang="en" source="ibm">written document</contenuImg>
            <contenuImg CS="0.52" lang="en" source="ibm">paper based (stamps/currency)</contenuImg>
            <contenuImg CS="0.652" lang="en" source="ibm">fabric</contenuImg>
            <contenuImg CS="0.549" lang="en" source="ibm">etamine (fabric)</contenuImg>
            <contenuImg CS="0.631" lang="en" source="ibm">breviary (book)</contenuImg>
            <tech source="final">estampe/gravure</tech>
            <theme source="final">13</theme>
            <tech CS="1" source="md">estampe/gravure</tech>
            <theme CS="1" source="md">13</theme>
            <contenuImg CS="1.0" lang="en" source="md">insect</contenuImg>
            <contenuImg CS="1.0" lang="en" source="md">animal</contenuImg>
            <contenuImg CS="1.0" lang="en" source="md">invertebrate</contenuImg>
            <titraille>Papillons : peinture / Yoeequa Painter</titraille>
          </ill>
        </ills>
      </page>
      <page ordre="11">
        <blocIll ocr="1">1</blocIll>
        <ills>
          <ill classif="CCibm" couleur="coul" edit="true" h="4001" n="11-1" taille="10" w="5134" x="1" y="1">
            <contenuImg CS="0.534" lang="fr" source="ibm">torchon</contenuImg>
            <contenuImg CS="0.706" lang="fr" source="ibm">serviette</contenuImg>
            <contenuImg CS="0.534" lang="fr" source="ibm">étamine (tissu)</contenuImg>
            <contenuImg CS="0.53" lang="fr" source="ibm">essuie-main</contenuImg>
            <contenuImg CS="0.512" lang="fr" source="ibm">alimentation</contenuImg>
            <contenuImg CS="0.512" lang="fr" source="ibm">aliments</contenuImg>
            <contenuImg CS="0.5" lang="fr" source="ibm">structure porteuse</contenuImg>
            <contenuImg CS="0.943" coul="1" lang="fr" source="ibm">vert olive</contenuImg>
            <contenuImg CS="0.77" lang="fr" source="ibm">tissu</contenuImg>
            <contenuImg CS="0.512" lang="fr" source="ibm">nourriture</contenuImg>
            <contenuImg CS="0.5" lang="fr" source="ibm">cadre</contenuImg>
            <contenuImg b="59" coul="1" g="73" ordre="8" r="128" source="colorific" type="frg">#80493b</contenuImg>
            <contenuImg b="112" coul="1" g="170" ordre="7" r="203" source="colorific" type="frg">#cbaa70</contenuImg>
            <contenuImg b="47" coul="1" g="49" ordre="6" r="54" source="colorific" type="frg">#36312f</contenuImg>
            <contenuImg b="73" coul="1" g="91" ordre="5" r="93" source="colorific" type="frg">#5d5b49</contenuImg>
            <contenuImg b="64" coul="1" g="73" ordre="4" r="84" source="colorific" type="frg">#544940</contenuImg>
            <contenuImg b="91" coul="1" g="115" ordre="3" r="149" source="colorific" type="frg">#95735b</contenuImg>
            <contenuImg b="168" coul="1" g="164" ordre="2" r="146" source="colorific" type="frg">#92a4a8</contenuImg>
            <contenuImg b="185" coul="1" g="202" ordre="1" r="211" source="colorific" type="frg">#d3cab9</contenuImg>
            <contenuImg CS="1" lang="fr" source="hm" time="2019-03-13T20:30:58.419+01:00">papillon</contenuImg>
            <contenuImg CS="1.0" lang="fr" source="md">invertébré</contenuImg>
            <contenuImg CS="1.0" lang="fr" source="md">animal</contenuImg>
            <contenuImg CS="1.0" lang="fr" source="md">insecte</contenuImg>
            <contenuImg CS="0.943" coul="1" lang="fr" source="ibm">couleur vert olive</contenuImg>
            <contenuImg CS="0.63" coul="1" lang="fr" source="ibm">marron clair</contenuImg>
            <contenuImg CS="0.63" coul="1" lang="en" source="ibm">light brown color</contenuImg>
            <contenuImg CS="0.943" coul="1" lang="en" source="ibm">olive green color</contenuImg>
            <contenuImg CS="0.5" lang="en" source="ibm">supporting structure</contenuImg>
            <contenuImg CS="0.5" lang="en" source="ibm">framework</contenuImg>
            <contenuImg CS="0.5" lang="en" source="ibm">picture frame</contenuImg>
            <contenuImg CS="0.512" lang="en" source="ibm">food</contenuImg>
            <contenuImg CS="0.512" lang="en" source="ibm">feed</contenuImg>
            <contenuImg CS="0.512" lang="en" source="ibm">bird feed</contenuImg>
            <contenuImg CS="0.53" lang="en" source="ibm">hand towel</contenuImg>
            <contenuImg CS="0.534" lang="en" source="ibm">etamine (fabric)</contenuImg>
            <contenuImg CS="0.77" lang="en" source="ibm">fabric</contenuImg>
            <contenuImg CS="0.706" lang="en" source="ibm">towel</contenuImg>
            <contenuImg CS="0.534" lang="en" source="ibm">dishtowel</contenuImg>
            <tech source="final">estampe/gravure</tech>
            <theme source="final">13</theme>
            <tech CS="1" source="md">estampe/gravure</tech>
            <theme CS="1" source="md">13</theme>
            <contenuImg CS="1.0" lang="en" source="md">insect</contenuImg>
            <contenuImg CS="1.0" lang="en" source="md">animal</contenuImg>
            <contenuImg CS="1.0" lang="en" source="md">invertebrate</contenuImg>
            <titraille>Papillons : peinture / Yoeequa Painter</titraille>
            <contenuImg CS="1" lang="en" source="hm" time="2019-03-13T20:30:58.419+01:00">butterfly</contenuImg>
          </ill>
        </ills>
      </page>
      <page ordre="12">
        <blocIll ocr="1">1</blocIll>
        <ills>
          <ill classif="CCibm" couleur="coul" edit="true" h="4016" n="12-1" taille="10" w="5128" x="1" y="1">
            <contenuImg CS="0.715" lang="fr" source="ibm">torchon</contenuImg>
            <contenuImg CS="0.836" lang="fr" source="ibm">serviette</contenuImg>
            <contenuImg CS="0.574" lang="fr" source="ibm">blason</contenuImg>
            <contenuImg CS="0.574" lang="fr" source="ibm">arbre</contenuImg>
            <contenuImg CS="0.574" lang="fr" source="ibm">silhouette</contenuImg>
            <contenuImg CS="0.573" lang="fr" source="ibm">essuie-main</contenuImg>
            <contenuImg CS="0.5" lang="fr" source="ibm">étamine (tissu)</contenuImg>
            <contenuImg CS="0.98" coul="1" lang="fr" source="ibm">vert olive</contenuImg>
            <contenuImg CS="0.867" lang="fr" source="ibm">tissu</contenuImg>
            <contenuImg b="160" coul="1" g="178" ordre="9" r="132" source="colorific" type="frg">#84b2a0</contenuImg>
            <contenuImg b="59" coul="1" g="68" ordre="8" r="132" source="colorific" type="frg">#84443b</contenuImg>
            <contenuImg b="71" coul="1" g="96" ordre="7" r="145" source="colorific" type="frg">#916047</contenuImg>
            <contenuImg b="92" coul="1" g="143" ordre="6" r="176" source="colorific" type="frg">#b08f5c</contenuImg>
            <contenuImg b="97" coul="1" g="114" ordre="5" r="121" source="colorific" type="frg">#797261</contenuImg>
            <contenuImg b="154" coul="1" g="154" ordre="4" r="143" source="colorific" type="frg">#8f9a9a</contenuImg>
            <contenuImg b="67" coul="1" g="75" ordre="3" r="86" source="colorific" type="frg">#564b43</contenuImg>
            <contenuImg b="164" coul="1" g="149" ordre="2" r="126" source="colorific" type="frg">#7e95a4</contenuImg>
            <contenuImg b="180" coul="1" g="197" ordre="1" r="209" source="colorific" type="frg">#d1c5b4</contenuImg>
            <contenuImg CS="1" lang="fr" source="hm" time="2019-03-13T20:31:02.575+01:00">papillon</contenuImg>
            <contenuImg CS="1.0" lang="fr" source="md">invertébré</contenuImg>
            <contenuImg CS="1.0" lang="fr" source="md">animal</contenuImg>
            <contenuImg CS="1.0" lang="fr" source="md">insecte</contenuImg>
            <contenuImg CS="0.98" coul="1" lang="fr" source="ibm">couleur vert olive</contenuImg>
            <contenuImg CS="0.98" coul="1" lang="en" source="ibm">olive green color</contenuImg>
            <contenuImg CS="0.5" lang="en" source="ibm">etamine (fabric)</contenuImg>
            <contenuImg CS="0.573" lang="en" source="ibm">hand towel</contenuImg>
            <contenuImg CS="0.574" lang="en" source="ibm">figure</contenuImg>
            <contenuImg CS="0.574" lang="en" source="ibm">tree</contenuImg>
            <contenuImg CS="0.574" lang="en" source="ibm">stemma</contenuImg>
            <contenuImg CS="0.867" lang="en" source="ibm">fabric</contenuImg>
            <contenuImg CS="0.836" lang="en" source="ibm">towel</contenuImg>
            <contenuImg CS="0.715" lang="en" source="ibm">dishtowel</contenuImg>
            <tech source="final">estampe/gravure</tech>
            <theme source="final">13</theme>
            <tech CS="1" source="md">estampe/gravure</tech>
            <theme CS="1" source="md">13</theme>
            <contenuImg CS="1.0" lang="en" source="md">insect</contenuImg>
            <contenuImg CS="1.0" lang="en" source="md">animal</contenuImg>
            <contenuImg CS="1.0" lang="en" source="md">invertebrate</contenuImg>
            <titraille>Papillons : peinture / Yoeequa Painter</titraille>
            <contenuImg CS="1" lang="en" source="hm" time="2019-03-13T20:31:02.575+01:00">butterfly</contenuImg>
          </ill>
        </ills>
      </page>
      <page ordre="13">
        <blocIll ocr="1">1</blocIll>
        <ills>
          <ill classif="CCibm" couleur="coul" edit="true" h="4013" n="13-1" taille="10" w="5152" x="1" y="1">
            <contenuImg CS="0.691" lang="fr" source="ibm">alimentation</contenuImg>
            <contenuImg CS="0.691" lang="fr" source="ibm">aliments</contenuImg>
            <contenuImg CS="0.566" lang="fr" source="ibm">découpage (art)</contenuImg>
            <contenuImg CS="0.5" lang="fr" source="ibm">plateau</contenuImg>
            <contenuImg CS="0.5" lang="fr" source="ibm">ustensile</contenuImg>
            <contenuImg CS="0.821" coul="1" lang="fr" source="ibm">vert olive</contenuImg>
            <contenuImg CS="0.741" coul="1" lang="fr" source="ibm">olive</contenuImg>
            <contenuImg CS="0.691" lang="fr" source="ibm">nourriture</contenuImg>
            <contenuImg CS="0.598" lang="fr" source="ibm">tissu</contenuImg>
            <contenuImg b="138" coul="1" g="110" ordre="9" r="89" source="colorific" type="frg">#596e8a</contenuImg>
            <contenuImg b="68" coul="1" g="75" ordre="8" r="101" source="colorific" type="frg">#654b44</contenuImg>
            <contenuImg b="48" coul="1" g="45" ordre="7" r="50" source="colorific" type="frg">#322d30</contenuImg>
            <contenuImg b="82" coul="1" g="123" ordre="6" r="173" source="colorific" type="frg">#ad7b52</contenuImg>
            <contenuImg b="78" coul="1" g="72" ordre="5" r="74" source="colorific" type="frg">#4a484e</contenuImg>
            <contenuImg b="109" coul="1" g="123" ordre="4" r="137" source="colorific" type="frg">#897b6d</contenuImg>
            <contenuImg b="174" coul="1" g="179" ordre="3" r="178" source="colorific" type="frg">#b2b3ae</contenuImg>
            <contenuImg b="155" coul="1" g="149" ordre="2" r="136" source="colorific" type="frg">#88959b</contenuImg>
            <contenuImg b="179" coul="1" g="196" ordre="1" r="208" source="colorific" type="frg">#d0c4b3</contenuImg>
            <contenuImg CS="1" coul="1" lang="fr" source="hm" time="2019-03-13T20:33:36.495+01:00">bleu</contenuImg>
            <contenuImg CS="1.0" lang="fr" source="md">invertébré</contenuImg>
            <contenuImg CS="1.0" lang="fr" source="md">animal</contenuImg>
            <contenuImg CS="1.0" lang="fr" source="md">insecte</contenuImg>
            <contenuImg CS="0.596" lang="fr" source="ibm">animal</contenuImg>
            <contenuImg CS="0.821" coul="1" lang="fr" source="ibm">couleur vert olive</contenuImg>
            <contenuImg CS="0.741" coul="1" lang="fr" source="ibm">olive (couleur)</contenuImg>
            <contenuImg CS="0.741" coul="1" lang="en" source="ibm">olive color</contenuImg>
            <contenuImg CS="0.821" coul="1" lang="en" source="ibm">olive green color</contenuImg>
            <contenuImg CS="0.598" lang="en" source="ibm">fabric</contenuImg>
            <contenuImg CS="0.596" lang="en" source="ibm">animal</contenuImg>
            <contenuImg CS="0.5" lang="en" source="ibm">utensil</contenuImg>
            <contenuImg CS="0.5" lang="en" source="ibm">tray</contenuImg>
            <contenuImg CS="0.566" lang="en" source="ibm">decoupage art</contenuImg>
            <contenuImg CS="0.691" lang="en" source="ibm">food</contenuImg>
            <contenuImg CS="0.691" lang="en" source="ibm">feed</contenuImg>
            <contenuImg CS="0.691" lang="en" source="ibm">bird feed</contenuImg>
            <tech source="final">estampe/gravure</tech>
            <theme source="final">13</theme>
            <tech CS="1" source="md">estampe/gravure</tech>
            <theme CS="1" source="md">13</theme>
            <contenuImg CS="1.0" lang="en" source="md">insect</contenuImg>
            <contenuImg CS="1.0" lang="en" source="md">animal</contenuImg>
            <contenuImg CS="1.0" lang="en" source="md">invertebrate</contenuImg>
            <titraille>Papillons : peinture / Yoeequa Painter</titraille>
            <contenuImg CS="1" coul="1" lang="en" source="hm" time="2019-03-13T20:33:36.495+01:00">blue color</contenuImg>
          </ill>
        </ills>
      </page>
      <page ordre="14">
        <blocIll ocr="1">0</blocIll>
        <ills/>
      </page>
      <page ordre="15">
        <blocIll ocr="1">0</blocIll>
        <ills/>
      </page>
    </pages>
  </contenus>
</analyseAlto>