<analyseAlto>
  <metad>
    <type>I</type>
    <ID>btv1b105488578</ID>
    <titre>Papillons : peinture / Yoeequa Painter</titre>
    <dateEdition>1830-1840</dateEdition>
    <auteur>Yoeequa (18..?-18..). Peintre Lagrené, Marie-Melchior-Joseph-Théodore de (1800-1862). Collecteur</auteur>
    <lang>0</lang>
    <source>Bibliothèque nationale de France, département Estampes et photographie, RESERVE PET FOL-OE-160</source>
    <nbPage>19</nbPage>
    <descr>Oiseaux -- Chine</descr>
  </metad>
  <contenus ocr="false" toc="false">
    <largeur>232</largeur>
    <hauteur>175</hauteur>
    <largeurPx>5488</largeurPx>
    <hauteurPx>4135</hauteurPx>
    <pages>
      <page ordre="3">
        <blocIll ocr="1">0</blocIll>
        <ills/>
      </page>
      <page ordre="4">
        <blocIll ocr="1">0</blocIll>
        <ills/>
      </page>
      <page ordre="5">
        <blocIll ocr="1">0</blocIll>
        <ills/>
      </page>
      <page ordre="6">
        <blocIll ocr="1">0</blocIll>
        <ills/>
      </page>
      <page ordre="7">
        <blocIll ocr="1">1</blocIll>
        <ills>
          <ill classif="CCibm" couleur="coul" edit="true" h="3982" n="7-1" taille="10" w="5085" x="1" y="1">
            <contenuImg CS="0.802" lang="fr" source="ibm">torchon</contenuImg>
            <contenuImg CS="0.858" lang="fr" source="ibm">serviette</contenuImg>
            <contenuImg CS="0.588" lang="fr" source="ibm">alimentation</contenuImg>
            <contenuImg CS="0.588" lang="fr" source="ibm">aliments</contenuImg>
            <contenuImg CS="0.5" lang="fr" source="ibm">essuie-main</contenuImg>
            <contenuImg CS="0.999" coul="1" lang="fr" source="ibm">vert olive</contenuImg>
            <contenuImg CS="0.859" lang="fr" source="ibm">tissu</contenuImg>
            <contenuImg CS="0.588" lang="fr" source="ibm">nourriture</contenuImg>
            <contenuImg b="44" coul="1" g="43" ordre="10" r="44" source="colorific" type="frg">#2c2b2c</contenuImg>
            <contenuImg b="82" coul="1" g="165" ordre="9" r="194" source="colorific" type="frg">#c2a552</contenuImg>
            <contenuImg b="100" coul="1" g="102" ordre="8" r="105" source="colorific" type="frg">#696664</contenuImg>
            <contenuImg b="84" coul="1" g="92" ordre="7" r="75" source="colorific" type="frg">#4b5c54</contenuImg>
            <contenuImg b="55" coul="1" g="70" ordre="6" r="121" source="colorific" type="frg">#794637</contenuImg>
            <contenuImg b="50" coul="1" g="55" ordre="5" r="69" source="colorific" type="frg">#453732</contenuImg>
            <contenuImg b="80" coul="1" g="102" ordre="4" r="131" source="colorific" type="frg">#836650</contenuImg>
            <contenuImg b="163" coul="1" g="168" ordre="3" r="165" source="colorific" type="frg">#a5a8a3</contenuImg>
            <contenuImg b="159" coul="1" g="146" ordre="2" r="125" source="colorific" type="frg">#7d929f</contenuImg>
            <contenuImg b="182" coul="1" g="199" ordre="1" r="207" source="colorific" type="frg">#cfc7b6</contenuImg>
            <contenuImg CS="1" lang="fr" source="hm" time="2019-03-13T20:30:18.339+01:00">papillon</contenuImg>
            <contenuImg CS="1.0" lang="fr" source="md">invertébré</contenuImg>
            <contenuImg CS="1.0" lang="fr" source="md">animal</contenuImg>
            <contenuImg CS="1.0" lang="fr" source="md">insecte</contenuImg>
            <contenuImg CS="0.999" coul="1" lang="fr" source="ibm">couleur vert olive</contenuImg>
            <contenuImg CS="0.999" coul="1" lang="en" source="ibm">olive green color</contenuImg>
            <contenuImg CS="0.5" lang="en" source="ibm">hand towel</contenuImg>
            <contenuImg CS="0.588" lang="en" source="ibm">food</contenuImg>
            <contenuImg CS="0.588" lang="en" source="ibm">feed</contenuImg>
            <contenuImg CS="0.588" lang="en" source="ibm">bird feed</contenuImg>
            <contenuImg CS="0.859" lang="en" source="ibm">fabric</contenuImg>
            <contenuImg CS="0.858" lang="en" source="ibm">towel</contenuImg>
            <contenuImg CS="0.802" lang="en" source="ibm">dishtowel</contenuImg>
            <tech source="final">estampe/gravure</tech>
            <theme source="final">13</theme>
            <tech CS="1" source="md">estampe/gravure</tech>
            <theme CS="1" source="md">13</theme>
            <contenuImg CS="1.0" lang="en" source="md">insect</contenuImg>
            <contenuImg CS="1.0" lang="en" source="md">animal</contenuImg>
            <contenuImg CS="1.0" lang="en" source="md">invertebrate</contenuImg>
            <titraille>Papillons : peinture / Yoeequa Painter</titraille>
            <contenuImg CS="1" lang="en" source="hm" time="2019-03-13T20:30:18.339+01:00">butterfly</contenuImg>
          </ill>
        </ills>
      </page>
      <page ordre="8">
        <blocIll ocr="1">1</blocIll>
        <ills>
          <ill classif="CCibm" couleur="coul" h="4021" n="8-1" taille="10" w="5075" x="1" y="1">
            <contenuImg CS="0.613" lang="fr" source="ibm">alimentation</contenuImg>
            <contenuImg CS="0.613" lang="fr" source="ibm">aliments</contenuImg>
            <contenuImg CS="0.567" lang="fr" source="ibm">blason</contenuImg>
            <contenuImg CS="0.567" lang="fr" source="ibm">arbre</contenuImg>
            <contenuImg CS="0.567" lang="fr" source="ibm">silhouette</contenuImg>
            <contenuImg CS="0.512" lang="fr" source="ibm">support papier (timbres/monnaie)</contenuImg>
            <contenuImg CS="0.512" lang="fr" source="ibm">document écrit</contenuImg>
            <contenuImg CS="0.599" lang="fr" source="ibm">produit alimentaire</contenuImg>
            <contenuImg CS="0.928" coul="1" lang="fr" source="ibm">vert olive</contenuImg>
            <contenuImg CS="0.613" lang="fr" source="ibm">nourriture</contenuImg>
            <contenuImg CS="0.508" lang="fr" source="ibm">papillon de nuit</contenuImg>
            <contenuImg CS="0.597" lang="fr" source="ibm">tissu</contenuImg>
            <contenuImg b="127" coul="1" g="154" ordre="7" r="110" source="colorific" type="frg">#6e9a7f</contenuImg>
            <contenuImg b="71" coul="1" g="85" ordre="6" r="116" source="colorific" type="frg">#745547</contenuImg>
            <contenuImg b="118" coul="1" g="127" ordre="5" r="126" source="colorific" type="frg">#7e7f76</contenuImg>
            <contenuImg b="113" coul="1" g="136" ordre="4" r="155" source="colorific" type="frg">#9b8871</contenuImg>
            <contenuImg b="49" coul="1" g="52" ordre="3" r="53" source="colorific" type="frg">#353431</contenuImg>
            <contenuImg b="64" coul="1" g="73" ordre="2" r="82" source="colorific" type="frg">#524940</contenuImg>
            <contenuImg b="168" coul="1" g="164" ordre="1" r="148" source="colorific" type="frg">#94a4a8</contenuImg>
            <contenuImg CS="1.0" lang="fr" source="md">invertébré</contenuImg>
            <contenuImg CS="1.0" lang="fr" source="md">animal</contenuImg>
            <contenuImg CS="1.0" lang="fr" source="md">insecte</contenuImg>
            <contenuImg CS="0.5" lang="fr" source="ibm">cécropie</contenuImg>
            <contenuImg CS="0.514" lang="fr" source="ibm">insecte</contenuImg>
            <contenuImg CS="0.514" lang="fr" source="ibm">invertébré</contenuImg>
            <contenuImg CS="0.514" lang="fr" source="ibm">animal</contenuImg>
            <contenuImg CS="0.928" coul="1" lang="fr" source="ibm">couleur vert olive</contenuImg>
            <contenuImg CS="0.928" coul="1" lang="en" source="ibm">olive green color</contenuImg>
            <contenuImg CS="0.597" lang="en" source="ibm">fabric</contenuImg>
            <contenuImg CS="0.599" lang="en" source="ibm">food product</contenuImg>
            <contenuImg CS="0.514" lang="en" source="ibm">animal</contenuImg>
            <contenuImg CS="0.514" lang="en" source="ibm">invertebrate</contenuImg>
            <contenuImg CS="0.514" lang="en" source="ibm">insect</contenuImg>
            <contenuImg CS="0.508" lang="en" source="ibm">moth</contenuImg>
            <contenuImg CS="0.5" lang="en" source="ibm">cecropia moth</contenuImg>
            <contenuImg CS="0.512" lang="en" source="ibm">written document</contenuImg>
            <contenuImg CS="0.512" lang="en" source="ibm">paper based (stamps/currency)</contenuImg>
            <contenuImg CS="0.519" lang="en" source="ibm">clove</contenuImg>
            <contenuImg CS="0.567" lang="en" source="ibm">figure</contenuImg>
            <contenuImg CS="0.567" lang="en" source="ibm">tree</contenuImg>
            <contenuImg CS="0.567" lang="en" source="ibm">stemma</contenuImg>
            <contenuImg CS="0.613" lang="en" source="ibm">food</contenuImg>
            <contenuImg CS="0.613" lang="en" source="ibm">feed</contenuImg>
            <contenuImg CS="0.613" lang="en" source="ibm">bird feed</contenuImg>
            <tech source="final">estampe/gravure</tech>
            <theme source="final">13</theme>
            <tech CS="1" source="md">estampe/gravure</tech>
            <theme CS="1" source="md">13</theme>
            <contenuImg CS="1.0" lang="en" source="md">insect</contenuImg>
            <contenuImg CS="1.0" lang="en" source="md">animal</contenuImg>
            <contenuImg CS="1.0" lang="en" source="md">invertebrate</contenuImg>
            <titraille>Papillons : peinture / Yoeequa Painter</titraille>
          </ill>
        </ills>
      </page>
      <page ordre="9">
        <blocIll ocr="1">1</blocIll>
        <ills>
          <ill classif="CCibm" couleur="coul" edit="true" h="4018" n="9-1" taille="10" w="5097" x="1" y="1">
            <contenuImg CS="0.674" lang="fr" source="ibm">torchon</contenuImg>
            <contenuImg CS="0.707" lang="fr" source="ibm">serviette</contenuImg>
            <contenuImg CS="0.583" lang="fr" source="ibm">support papier (timbres/monnaie)</contenuImg>
            <contenuImg CS="0.583" lang="fr" source="ibm">document écrit</contenuImg>
            <contenuImg CS="0.546" lang="fr" source="ibm">caisse américaine (cadre)</contenuImg>
            <contenuImg CS="0.55" lang="fr" source="ibm">boîte</contenuImg>
            <contenuImg CS="0.541" lang="fr" source="ibm">travaux d'aiguille</contenuImg>
            <contenuImg CS="0.5" lang="fr" source="ibm">signet</contenuImg>
            <contenuImg CS="0.598" lang="fr" source="ibm">intérieurs</contenuImg>
            <contenuImg CS="0.787" coul="1" lang="fr" source="ibm">vert olive</contenuImg>
            <contenuImg CS="0.707" lang="fr" source="ibm">tissu</contenuImg>
            <contenuImg b="140" coul="1" g="160" ordre="9" r="119" source="colorific" type="frg">#77a08c</contenuImg>
            <contenuImg b="158" coul="1" g="164" ordre="8" r="161" source="colorific" type="frg">#a1a49e</contenuImg>
            <contenuImg b="127" coul="1" g="116" ordre="7" r="96" source="colorific" type="frg">#60747f</contenuImg>
            <contenuImg b="76" coul="1" g="73" ordre="6" r="72" source="colorific" type="frg">#48494c</contenuImg>
            <contenuImg b="90" coul="1" g="102" ordre="5" r="113" source="colorific" type="frg">#71665a</contenuImg>
            <contenuImg b="51" coul="1" g="59" ordre="4" r="84" source="colorific" type="frg">#543b33</contenuImg>
            <contenuImg b="43" coul="1" g="42" ordre="3" r="45" source="colorific" type="frg">#2d2a2b</contenuImg>
            <contenuImg b="189" coul="1" g="180" ordre="2" r="163" source="colorific" type="frg">#a3b4bd</contenuImg>
            <contenuImg b="187" coul="1" g="205" ordre="1" r="213" source="colorific" type="frg">#d5cdbb</contenuImg>
            <contenuImg CS="1" coul="1" lang="fr" source="hm" time="2019-03-13T20:33:17.426+01:00">bleu</contenuImg>
            <contenuImg CS="1.0" lang="fr" source="md">invertébré</contenuImg>
            <contenuImg CS="1.0" lang="fr" source="md">animal</contenuImg>
            <contenuImg CS="1.0" lang="fr" source="md">insecte</contenuImg>
            <contenuImg CS="0.787" coul="1" lang="fr" source="ibm">couleur vert olive</contenuImg>
            <contenuImg CS="0.787" coul="1" lang="en" source="ibm">olive green color</contenuImg>
            <contenuImg CS="0.598" lang="en" source="ibm">indoors</contenuImg>
            <contenuImg CS="0.5" lang="en" source="ibm">bookmark</contenuImg>
            <contenuImg CS="0.541" lang="en" source="ibm">needlework</contenuImg>
            <contenuImg CS="0.55" lang="en" source="ibm">box</contenuImg>
            <contenuImg CS="0.546" lang="en" source="ibm">shadow box</contenuImg>
            <contenuImg CS="0.583" lang="en" source="ibm">written document</contenuImg>
            <contenuImg CS="0.583" lang="en" source="ibm">paper based (stamps/currency)</contenuImg>
            <contenuImg CS="0.707" lang="en" source="ibm">fabric</contenuImg>
            <contenuImg CS="0.707" lang="en" source="ibm">towel</contenuImg>
            <contenuImg CS="0.674" lang="en" source="ibm">dishtowel</contenuImg>
            <tech source="final">estampe/gravure</tech>
            <theme source="final">13</theme>
            <tech CS="1" source="md">estampe/gravure</tech>
            <theme CS="1" source="md">13</theme>
            <contenuImg CS="1.0" lang="en" source="md">insect</contenuImg>
            <contenuImg CS="1.0" lang="en" source="md">animal</contenuImg>
            <contenuImg CS="1.0" lang="en" source="md">invertebrate</contenuImg>
            <titraille>Papillons : peinture / Yoeequa Painter</titraille>
            <contenuImg CS="1" coul="1" lang="en" source="hm" time="2019-03-13T20:33:17.426+01:00">blue color</contenuImg>
          </ill>
        </ills>
      </page>
      <page ordre="10">
        <blocIll ocr="1">1</blocIll>
        <ills>
          <ill classif="CCibm" couleur="coul" h="3979" n="10-1" taille="10" w="5066" x="1" y="1">
            <contenuImg CS="0.696" lang="fr" source="ibm">blason</contenuImg>
            <contenuImg CS="0.696" lang="fr" source="ibm">arbre</contenuImg>
            <contenuImg CS="0.696" lang="fr" source="ibm">silhouette</contenuImg>
            <contenuImg CS="0.577" lang="fr" source="ibm">torchon</contenuImg>
            <contenuImg CS="0.658" lang="fr" source="ibm">serviette</contenuImg>
            <contenuImg CS="0.517" lang="fr" source="ibm">appât</contenuImg>
            <contenuImg CS="0.5" lang="fr" source="ibm">alimentation</contenuImg>
            <contenuImg CS="0.5" lang="fr" source="ibm">aliments</contenuImg>
            <contenuImg CS="0.982" coul="1" lang="fr" source="ibm">vert olive</contenuImg>
            <contenuImg CS="0.661" lang="fr" source="ibm">tissu</contenuImg>
            <contenuImg CS="0.5" lang="fr" source="ibm">nourriture</contenuImg>
            <contenuImg b="121" coul="1" g="167" ordre="10" r="100" source="colorific" type="frg">#64a779</contenuImg>
            <contenuImg b="48" coul="1" g="49" ordre="9" r="59" source="colorific" type="frg">#3b3130</contenuImg>
            <contenuImg b="71" coul="1" g="105" ordre="8" r="167" source="colorific" type="frg">#a76947</contenuImg>
            <contenuImg b="94" coul="1" g="104" ordre="7" r="96" source="colorific" type="frg">#60685e</contenuImg>
            <contenuImg b="59" coul="1" g="78" ordre="6" r="118" source="colorific" type="frg">#764e3b</contenuImg>
            <contenuImg b="76" coul="1" g="108" ordre="5" r="141" source="colorific" type="frg">#8d6c4c</contenuImg>
            <contenuImg b="90" coul="1" g="164" ordre="4" r="193" source="colorific" type="frg">#c1a45a</contenuImg>
            <contenuImg b="66" coul="1" g="75" ordre="3" r="87" source="colorific" type="frg">#574b42</contenuImg>
            <contenuImg b="132" coul="1" g="146" ordre="2" r="152" source="colorific" type="frg">#989284</contenuImg>
            <contenuImg b="156" coul="1" g="147" ordre="1" r="133" source="colorific" type="frg">#85939c</contenuImg>
            <contenuImg CS="1.0" lang="fr" source="md">invertébré</contenuImg>
            <contenuImg CS="1.0" lang="fr" source="md">animal</contenuImg>
            <contenuImg CS="1.0" lang="fr" source="md">insecte</contenuImg>
            <contenuImg CS="0.982" coul="1" lang="fr" source="ibm">couleur vert olive</contenuImg>
            <contenuImg CS="0.982" coul="1" lang="en" source="ibm">olive green color</contenuImg>
            <contenuImg CS="0.5" lang="en" source="ibm">food</contenuImg>
            <contenuImg CS="0.5" lang="en" source="ibm">feed</contenuImg>
            <contenuImg CS="0.5" lang="en" source="ibm">bird feed</contenuImg>
            <contenuImg CS="0.517" lang="en" source="ibm">bait</contenuImg>
            <contenuImg CS="0.661" lang="en" source="ibm">fabric</contenuImg>
            <contenuImg CS="0.658" lang="en" source="ibm">towel</contenuImg>
            <contenuImg CS="0.577" lang="en" source="ibm">dishtowel</contenuImg>
            <contenuImg CS="0.696" lang="en" source="ibm">figure</contenuImg>
            <contenuImg CS="0.696" lang="en" source="ibm">tree</contenuImg>
            <contenuImg CS="0.696" lang="en" source="ibm">stemma</contenuImg>
            <tech source="final">estampe/gravure</tech>
            <theme source="final">13</theme>
            <tech CS="1" source="md">estampe/gravure</tech>
            <theme CS="1" source="md">13</theme>
            <contenuImg CS="1.0" lang="en" source="md">insect</contenuImg>
            <contenuImg CS="1.0" lang="en" source="md">animal</contenuImg>
            <contenuImg CS="1.0" lang="en" source="md">invertebrate</contenuImg>
            <titraille>Papillons : peinture / Yoeequa Painter</titraille>
          </ill>
        </ills>
      </page>
      <page ordre="11">
        <blocIll ocr="1">1</blocIll>
        <ills>
          <ill classif="CCibm" couleur="coul" h="4015" n="11-1" taille="10" w="5070" x="1" y="1">
            <contenuImg CS="0.619" lang="fr" source="ibm">torchon</contenuImg>
            <contenuImg CS="0.654" lang="fr" source="ibm">serviette</contenuImg>
            <contenuImg CS="0.5" lang="fr" source="ibm">tique de cerf</contenuImg>
            <contenuImg CS="0.783" lang="fr" source="ibm">épingle</contenuImg>
            <contenuImg CS="0.838" coul="1" lang="fr" source="ibm">vert olive</contenuImg>
            <contenuImg CS="0.654" lang="fr" source="ibm">tissu</contenuImg>
            <contenuImg b="101" coul="1" g="101" ordre="9" r="98" source="colorific" type="frg">#626565</contenuImg>
            <contenuImg b="41" coul="1" g="51" ordre="8" r="125" source="colorific" type="frg">#7d3329</contenuImg>
            <contenuImg b="49" coul="1" g="55" ordre="7" r="88" source="colorific" type="frg">#583731</contenuImg>
            <contenuImg b="50" coul="1" g="52" ordre="6" r="56" source="colorific" type="frg">#383432</contenuImg>
            <contenuImg b="64" coul="1" g="85" ordre="5" r="199" source="colorific" type="frg">#c75540</contenuImg>
            <contenuImg b="94" coul="1" g="109" ordre="4" r="127" source="colorific" type="frg">#7f6d5e</contenuImg>
            <contenuImg b="171" coul="1" g="175" ordre="3" r="167" source="colorific" type="frg">#a7afab</contenuImg>
            <contenuImg b="165" coul="1" g="156" ordre="2" r="138" source="colorific" type="frg">#8a9ca5</contenuImg>
            <contenuImg b="181" coul="1" g="200" ordre="1" r="207" source="colorific" type="frg">#cfc8b5</contenuImg>
            <contenuImg CS="1.0" lang="fr" source="md">invertébré</contenuImg>
            <contenuImg CS="1.0" lang="fr" source="md">animal</contenuImg>
            <contenuImg CS="1.0" lang="fr" source="md">insecte</contenuImg>
            <contenuImg CS="0.867" lang="fr" source="ibm">tique</contenuImg>
            <contenuImg CS="0.867" lang="fr" source="ibm">invertébré</contenuImg>
            <contenuImg CS="0.867" lang="fr" source="ibm">animal</contenuImg>
            <contenuImg CS="0.532" lang="fr" source="ibm">tique des bois</contenuImg>
            <contenuImg CS="0.5" lang="fr" source="ibm">tique du chevreuil</contenuImg>
            <contenuImg CS="0.838" coul="1" lang="fr" source="ibm">couleur vert olive</contenuImg>
            <contenuImg CS="0.838" coul="1" lang="en" source="ibm">olive green color</contenuImg>
            <contenuImg CS="0.783" lang="en" source="ibm">pin</contenuImg>
            <contenuImg CS="0.5" lang="en" source="ibm">deer tick</contenuImg>
            <contenuImg CS="0.532" lang="en" source="ibm">wood tick</contenuImg>
            <contenuImg CS="0.867" lang="en" source="ibm">animal</contenuImg>
            <contenuImg CS="0.867" lang="en" source="ibm">invertebrate</contenuImg>
            <contenuImg CS="0.867" lang="en" source="ibm">tick</contenuImg>
            <contenuImg CS="0.575" lang="en" source="ibm">hard tick</contenuImg>
            <contenuImg CS="0.654" lang="en" source="ibm">fabric</contenuImg>
            <contenuImg CS="0.654" lang="en" source="ibm">towel</contenuImg>
            <contenuImg CS="0.619" lang="en" source="ibm">dishtowel</contenuImg>
            <tech source="final">estampe/gravure</tech>
            <theme source="final">13</theme>
            <tech CS="1" source="md">estampe/gravure</tech>
            <theme CS="1" source="md">13</theme>
            <contenuImg CS="1.0" lang="en" source="md">insect</contenuImg>
            <contenuImg CS="1.0" lang="en" source="md">animal</contenuImg>
            <contenuImg CS="1.0" lang="en" source="md">invertebrate</contenuImg>
            <titraille>Papillons : peinture / Yoeequa Painter</titraille>
          </ill>
        </ills>
      </page>
      <page ordre="12">
        <blocIll ocr="1">1</blocIll>
        <ills>
          <ill classif="CCibm" couleur="coul" edit="true" h="3979" n="12-1" taille="10" w="5060" x="1" y="1">
            <contenuImg CS="0.619" lang="fr" source="ibm">torchon</contenuImg>
            <contenuImg CS="0.644" lang="fr" source="ibm">serviette</contenuImg>
            <contenuImg CS="0.609" lang="fr" source="ibm">fleur de lys</contenuImg>
            <contenuImg CS="0.555" lang="fr" source="ibm">blason</contenuImg>
            <contenuImg CS="0.555" lang="fr" source="ibm">arbre</contenuImg>
            <contenuImg CS="0.555" lang="fr" source="ibm">silhouette</contenuImg>
            <contenuImg CS="0.5" lang="fr" source="ibm">étamine (tissu)</contenuImg>
            <contenuImg CS="0.982" coul="1" lang="fr" source="ibm">vert olive</contenuImg>
            <contenuImg CS="0.711" lang="fr" source="ibm">tissu</contenuImg>
            <contenuImg b="55" coul="1" g="67" ordre="8" r="109" source="colorific" type="frg">#6d4337</contenuImg>
            <contenuImg b="89" coul="1" g="141" ordre="7" r="182" source="colorific" type="frg">#b68d59</contenuImg>
            <contenuImg b="108" coul="1" g="186" ordre="6" r="207" source="colorific" type="frg">#cfba6c</contenuImg>
            <contenuImg b="71" coul="1" g="97" ordre="5" r="130" source="colorific" type="frg">#826147</contenuImg>
            <contenuImg b="47" coul="1" g="49" ordre="4" r="49" source="colorific" type="frg">#31312f</contenuImg>
            <contenuImg b="80" coul="1" g="95" ordre="3" r="104" source="colorific" type="frg">#685f50</contenuImg>
            <contenuImg b="159" coul="1" g="153" ordre="2" r="138" source="colorific" type="frg">#8a999f</contenuImg>
            <contenuImg b="178" coul="1" g="191" ordre="1" r="198" source="colorific" type="frg">#c6bfb2</contenuImg>
            <contenuImg CS="1" coul="1" lang="fr" source="hm" time="2019-03-13T20:34:27.449+01:00">jaune</contenuImg>
            <contenuImg CS="1.0" lang="fr" source="md">invertébré</contenuImg>
            <contenuImg CS="1.0" lang="fr" source="md">animal</contenuImg>
            <contenuImg CS="1.0" lang="fr" source="md">insecte</contenuImg>
            <contenuImg CS="0.982" coul="1" lang="fr" source="ibm">couleur vert olive</contenuImg>
            <contenuImg CS="0.982" coul="1" lang="en" source="ibm">olive green color</contenuImg>
            <contenuImg CS="0.5" lang="en" source="ibm">etamine (fabric)</contenuImg>
            <contenuImg CS="0.555" lang="en" source="ibm">figure</contenuImg>
            <contenuImg CS="0.555" lang="en" source="ibm">tree</contenuImg>
            <contenuImg CS="0.555" lang="en" source="ibm">stemma</contenuImg>
            <contenuImg CS="0.609" lang="en" source="ibm">fleur-de-lis (badge)</contenuImg>
            <contenuImg CS="0.711" lang="en" source="ibm">fabric</contenuImg>
            <contenuImg CS="0.644" lang="en" source="ibm">towel</contenuImg>
            <contenuImg CS="0.619" lang="en" source="ibm">dishtowel</contenuImg>
            <tech source="final">estampe/gravure</tech>
            <theme source="final">13</theme>
            <tech CS="1" source="md">estampe/gravure</tech>
            <theme CS="1" source="md">13</theme>
            <contenuImg CS="1.0" lang="en" source="md">insect</contenuImg>
            <contenuImg CS="1.0" lang="en" source="md">animal</contenuImg>
            <contenuImg CS="1.0" lang="en" source="md">invertebrate</contenuImg>
            <titraille>Papillons : peinture / Yoeequa Painter</titraille>
            <contenuImg CS="1" coul="1" lang="en" source="hm" time="2019-03-13T20:34:27.449+01:00">yellow color</contenuImg>
          </ill>
        </ills>
      </page>
      <page ordre="13">
        <blocIll ocr="1">1</blocIll>
        <ills>
          <ill classif="CCibm" couleur="coul" h="3976" n="13-1" taille="10" w="5076" x="1" y="1">
            <contenuImg CS="0.792" lang="fr" source="ibm">torchon</contenuImg>
            <contenuImg CS="0.864" lang="fr" source="ibm">serviette</contenuImg>
            <contenuImg CS="0.512" lang="fr" source="ibm">alimentation</contenuImg>
            <contenuImg CS="0.512" lang="fr" source="ibm">aliments</contenuImg>
            <contenuImg CS="0.5" lang="fr" source="ibm">essuie-main</contenuImg>
            <contenuImg CS="0.844" coul="1" lang="fr" source="ibm">vert olive</contenuImg>
            <contenuImg CS="0.865" lang="fr" source="ibm">tissu</contenuImg>
            <contenuImg CS="0.512" lang="fr" source="ibm">nourriture</contenuImg>
            <contenuImg b="58" coul="1" g="71" ordre="8" r="105" source="colorific" type="frg">#69473a</contenuImg>
            <contenuImg b="79" coul="1" g="89" ordre="7" r="93" source="colorific" type="frg">#5d594f</contenuImg>
            <contenuImg b="93" coul="1" g="127" ordre="6" r="177" source="colorific" type="frg">#b17f5d</contenuImg>
            <contenuImg b="151" coul="1" g="158" ordre="5" r="154" source="colorific" type="frg">#9a9e97</contenuImg>
            <contenuImg b="47" coul="1" g="49" ordre="4" r="53" source="colorific" type="frg">#35312f</contenuImg>
            <contenuImg b="108" coul="1" g="127" ordre="3" r="140" source="colorific" type="frg">#8c7f6c</contenuImg>
            <contenuImg b="161" coul="1" g="155" ordre="2" r="136" source="colorific" type="frg">#889ba1</contenuImg>
            <contenuImg b="193" coul="1" g="212" ordre="1" r="217" source="colorific" type="frg">#d9d4c1</contenuImg>
            <contenuImg CS="1.0" lang="fr" source="md">invertébré</contenuImg>
            <contenuImg CS="1.0" lang="fr" source="md">animal</contenuImg>
            <contenuImg CS="1.0" lang="fr" source="md">insecte</contenuImg>
            <contenuImg CS="0.844" coul="1" lang="fr" source="ibm">couleur vert olive</contenuImg>
            <contenuImg CS="0.767" coul="1" lang="fr" source="ibm">marron clair</contenuImg>
            <contenuImg CS="0.767" coul="1" lang="en" source="ibm">light brown color</contenuImg>
            <contenuImg CS="0.844" coul="1" lang="en" source="ibm">olive green color</contenuImg>
            <contenuImg CS="0.5" lang="en" source="ibm">hand towel</contenuImg>
            <contenuImg CS="0.512" lang="en" source="ibm">food</contenuImg>
            <contenuImg CS="0.512" lang="en" source="ibm">feed</contenuImg>
            <contenuImg CS="0.512" lang="en" source="ibm">bird feed</contenuImg>
            <contenuImg CS="0.865" lang="en" source="ibm">fabric</contenuImg>
            <contenuImg CS="0.864" lang="en" source="ibm">towel</contenuImg>
            <contenuImg CS="0.792" lang="en" source="ibm">dishtowel</contenuImg>
            <tech source="final">estampe/gravure</tech>
            <theme source="final">13</theme>
            <tech CS="1" source="md">estampe/gravure</tech>
            <theme CS="1" source="md">13</theme>
            <contenuImg CS="1.0" lang="en" source="md">insect</contenuImg>
            <contenuImg CS="1.0" lang="en" source="md">animal</contenuImg>
            <contenuImg CS="1.0" lang="en" source="md">invertebrate</contenuImg>
            <titraille>Papillons : peinture / Yoeequa Painter</titraille>
          </ill>
        </ills>
      </page>
      <page ordre="14">
        <blocIll ocr="1">1</blocIll>
        <ills>
          <ill classif="CCibm" couleur="coul" edit="true" h="3985" n="14-1" taille="10" w="5069" x="1" y="1">
            <contenuImg CS="0.782" lang="fr" source="ibm">caisse américaine (cadre)</contenuImg>
            <contenuImg CS="0.786" lang="fr" source="ibm">boîte</contenuImg>
            <contenuImg CS="0.5" lang="fr" source="ibm">tesselle (mosaïque)</contenuImg>
            <contenuImg CS="0.974" coul="1" lang="fr" source="ibm">vert olive</contenuImg>
            <contenuImg CS="0.573" lang="fr" source="ibm">têtard</contenuImg>
            <contenuImg CS="0.599" lang="fr" source="ibm">tissu</contenuImg>
            <contenuImg b="84" coul="1" g="106" ordre="4" r="116" source="colorific" type="frg">#746a54</contenuImg>
            <contenuImg b="124" coul="1" g="133" ordre="3" r="129" source="colorific" type="frg">#81857c</contenuImg>
            <contenuImg b="57" coul="1" g="58" ordre="2" r="62" source="colorific" type="frg">#3e3a39</contenuImg>
            <contenuImg b="176" coul="1" g="172" ordre="1" r="156" source="colorific" type="frg">#9cacb0</contenuImg>
            <contenuImg CS="1" coul="1" lang="fr" source="hm" time="2019-03-13T20:33:20.938+01:00">bleu</contenuImg>
            <contenuImg CS="1.0" lang="fr" source="md">invertébré</contenuImg>
            <contenuImg CS="1.0" lang="fr" source="md">animal</contenuImg>
            <contenuImg CS="1.0" lang="fr" source="md">insecte</contenuImg>
            <contenuImg CS="0.573" lang="fr" source="ibm">tétard</contenuImg>
            <contenuImg CS="0.573" lang="fr" source="ibm">larve</contenuImg>
            <contenuImg CS="0.573" lang="fr" source="ibm">animal</contenuImg>
            <contenuImg CS="0.974" coul="1" lang="fr" source="ibm">couleur vert olive</contenuImg>
            <contenuImg CS="0.974" coul="1" lang="en" source="ibm">olive green color</contenuImg>
            <contenuImg CS="0.599" lang="en" source="ibm">fabric</contenuImg>
            <contenuImg CS="0.5" lang="en" source="ibm">tessera (mosiac stones)</contenuImg>
            <contenuImg CS="0.573" lang="en" source="ibm">animal</contenuImg>
            <contenuImg CS="0.573" lang="en" source="ibm">larva</contenuImg>
            <contenuImg CS="0.573" lang="en" source="ibm">tadpole</contenuImg>
            <contenuImg CS="0.786" lang="en" source="ibm">box</contenuImg>
            <contenuImg CS="0.782" lang="en" source="ibm">shadow box</contenuImg>
            <tech source="final">estampe/gravure</tech>
            <theme source="final">13</theme>
            <tech CS="1" source="md">estampe/gravure</tech>
            <theme CS="1" source="md">13</theme>
            <contenuImg CS="1.0" lang="en" source="md">insect</contenuImg>
            <contenuImg CS="1.0" lang="en" source="md">animal</contenuImg>
            <contenuImg CS="1.0" lang="en" source="md">invertebrate</contenuImg>
            <titraille>Papillons : peinture / Yoeequa Painter</titraille>
            <contenuImg CS="1" coul="1" lang="en" source="hm" time="2019-03-13T20:33:20.938+01:00">blue color</contenuImg>
          </ill>
        </ills>
      </page>
      <page ordre="15">
        <blocIll ocr="1">1</blocIll>
        <ills>
          <ill classif="CCibm" couleur="coul" h="3985" n="15-1" taille="10" w="5085" x="1" y="1">
            <contenuImg CS="0.86" lang="fr" source="ibm">caisse américaine (cadre)</contenuImg>
            <contenuImg CS="0.861" lang="fr" source="ibm">boîte</contenuImg>
            <contenuImg CS="0.5" lang="fr" source="ibm">support papier (timbres/monnaie)</contenuImg>
            <contenuImg CS="0.501" lang="fr" source="ibm">document écrit</contenuImg>
            <contenuImg CS="0.996" coul="1" lang="fr" source="ibm">vert olive</contenuImg>
            <contenuImg CS="0.797" lang="fr" source="ibm">tissu</contenuImg>
            <contenuImg b="84" coul="1" g="105" ordre="9" r="148" source="colorific" type="frg">#946954</contenuImg>
            <contenuImg b="131" coul="1" g="163" ordre="8" r="101" source="colorific" type="frg">#65a383</contenuImg>
            <contenuImg b="106" coul="1" g="167" ordre="7" r="200" source="colorific" type="frg">#c8a76a</contenuImg>
            <contenuImg b="50" coul="1" g="53" ordre="6" r="74" source="colorific" type="frg">#4a3532</contenuImg>
            <contenuImg b="165" coul="1" g="169" ordre="5" r="167" source="colorific" type="frg">#a7a9a5</contenuImg>
            <contenuImg b="89" coul="1" g="109" ordre="4" r="124" source="colorific" type="frg">#7c6d59</contenuImg>
            <contenuImg b="56" coul="1" g="58" ordre="3" r="63" source="colorific" type="frg">#3f3a38</contenuImg>
            <contenuImg b="157" coul="1" g="148" ordre="2" r="134" source="colorific" type="frg">#86949d</contenuImg>
            <contenuImg b="178" coul="1" g="196" ordre="1" r="206" source="colorific" type="frg">#cec4b2</contenuImg>
            <contenuImg CS="1.0" lang="fr" source="md">invertébré</contenuImg>
            <contenuImg CS="1.0" lang="fr" source="md">animal</contenuImg>
            <contenuImg CS="1.0" lang="fr" source="md">insecte</contenuImg>
            <contenuImg CS="0.996" coul="1" lang="fr" source="ibm">couleur vert olive</contenuImg>
            <contenuImg CS="0.996" coul="1" lang="en" source="ibm">olive green color</contenuImg>
            <contenuImg CS="0.797" lang="en" source="ibm">fabric</contenuImg>
            <contenuImg CS="0.501" lang="en" source="ibm">written document</contenuImg>
            <contenuImg CS="0.5" lang="en" source="ibm">paper based (stamps/currency)</contenuImg>
            <contenuImg CS="0.861" lang="en" source="ibm">box</contenuImg>
            <contenuImg CS="0.86" lang="en" source="ibm">shadow box</contenuImg>
            <tech source="final">estampe/gravure</tech>
            <theme source="final">13</theme>
            <tech CS="1" source="md">estampe/gravure</tech>
            <theme CS="1" source="md">13</theme>
            <contenuImg CS="1.0" lang="en" source="md">insect</contenuImg>
            <contenuImg CS="1.0" lang="en" source="md">animal</contenuImg>
            <contenuImg CS="1.0" lang="en" source="md">invertebrate</contenuImg>
            <titraille>Papillons : peinture / Yoeequa Painter</titraille>
          </ill>
        </ills>
      </page>
      <page ordre="16">
        <blocIll ocr="1">0</blocIll>
        <ills/>
      </page>
      <page ordre="17">
        <blocIll ocr="1">0</blocIll>
        <ills/>
      </page>
    </pages>
  </contenus>
</analyseAlto>