<analyseAlto>
  <metad>
    <type>M</type>
    <ID>bpt6k1520493z</ID>
    <titre>Recueil des divers oiseaux étrangers et peu connus qui se trouvent dans les ouvrages de Messieurs Edwards et Catesby, représentés en taille-douce et exactement coloriés par Jean-Michel Seligmann. Tome 6</titre>
    <dateEdition>1768-1776</dateEdition>
    <auteur>Seligmann, Johann Michael (1720-1762). Auteur du texte Edwards, George (naturaliste). Auteur du texte Catesby, Mark (1683-1749). Auteur du texte</auteur>
    <lang>fre</lang>
    <source>Bibliothèque nationale de France, département Réserve des livres rares, S-495</source>
    <nbPage>165</nbPage>
    <descr>Oiseaux -- Ouvrages illustrés</descr>
  </metad>
  <contenus ocr="false" toc="false">
    <largeur>272</largeur>
    <hauteur>437</hauteur>
    <largeurPx>4296</largeurPx>
    <hauteurPx>6895</hauteurPx>
    <pages>
      <page ordre="5">
        <blocIll ocr="1">0</blocIll>
        <ills/>
      </page>
      <page ordre="6">
        <blocIll ocr="1">0</blocIll>
        <ills/>
      </page>
      <page ordre="7">
        <blocIll ocr="1">0</blocIll>
        <ills/>
      </page>
      <page ordre="8">
        <blocIll ocr="1">1</blocIll>
        <ills>
          <ill couleur="coul" edit="1" h="6871" n="8-1" taille="30" w="4082" x="1" y="1">
            <contenuImg b="139" coul="1" g="135" ordre="10" r="118" source="colorific" type="frg">#76878b</contenuImg>
            <contenuImg b="122" coul="1" g="143" ordre="9" r="202" source="colorific" type="frg">#ca8f7a</contenuImg>
            <contenuImg b="60" coul="1" g="82" ordre="8" r="120" source="colorific" type="frg">#78523c</contenuImg>
            <contenuImg b="138" coul="1" g="162" ordre="7" r="187" source="colorific" type="frg">#bba28a</contenuImg>
            <contenuImg b="104" coul="1" g="114" ordre="6" r="110" source="colorific" type="frg">#6e7268</contenuImg>
            <contenuImg b="85" coul="1" g="78" ordre="5" r="64" source="colorific" type="frg">#404e55</contenuImg>
            <contenuImg b="64" coul="1" g="81" ordre="4" r="154" source="colorific" type="frg">#9a5140</contenuImg>
            <contenuImg b="31" coul="1" g="47" ordre="3" r="68" source="colorific" type="frg">#442f1f</contenuImg>
            <contenuImg b="128" coul="1" g="190" ordre="2" r="199" source="colorific" type="frg">#c7be80</contenuImg>
            <contenuImg b="80" coul="1" g="115" ordre="1" r="131" source="colorific" type="frg">#837350</contenuImg>
            <contenuImg CS="1" coul="1" lang="fr" source="hm" time="2019-05-01T18:21:14.073+02:00">rouge</contenuImg>
            <contenuImg CS="1" coul="1" lang="fr" source="hm" time="2019-05-01T18:21:12.899+02:00">rose</contenuImg>
            <contenuImg CS="1" coul="1" lang="fr" source="hm" time="2019-05-01T18:21:10.862+02:00">bleu</contenuImg>
            <contenuImg CS="1.0" lang="fr" source="md">vertébré</contenuImg>
            <contenuImg CS="1.0" lang="fr" source="md">oiseau</contenuImg>
            <contenuImg CS="1.0" lang="fr" source="md">animal</contenuImg>
            <txt source="google">"LHE - *, - Rother Bavagen vom erlter Kanze, mit blarien Chiaedir ruw Schwanth - JohSebahatner findes - I Aras Rouge ef Bleu - V7Kit - Plitacus maximus pumicense N - neus - ",</txt>
            <tech source="final">estampe/gravure</tech>
            <theme source="final">13</theme>
            <tech CS="1" source="md">estampe/gravure</tech>
            <theme CS="1" source="md">13</theme>
            <contenuImg CS="1.0" lang="en" source="md">animal</contenuImg>
            <contenuImg CS="1.0" lang="en" source="md">bird</contenuImg>
            <contenuImg CS="1.0" lang="en" source="md">verterbrate</contenuImg>
            <titraille>Recueil des divers oiseaux étrangers et peu connus qui se trouvent dans les ouvrages de Messieurs Edwards et Catesby, représentés en taille-douce et exactement coloriés par Jean-Michel Seligmann. Tome 6</titraille>
            <contenuImg CS="1" coul="1" lang="en" source="hm" time="2019-05-01T18:21:10.862+02:00">blue color</contenuImg>
            <contenuImg CS="1" coul="1" lang="en" source="hm" time="2019-05-01T18:21:12.899+02:00">pink color</contenuImg>
            <contenuImg CS="1" coul="1" lang="en" source="hm" time="2019-05-01T18:21:14.073+02:00">red color</contenuImg>
          </ill>
        </ills>
      </page>
      <page ordre="9">
        <blocIll ocr="1">0</blocIll>
        <ills/>
      </page>
      <page ordre="10">
        <blocIll ocr="1">0</blocIll>
        <ills/>
      </page>
      <page ordre="11">
        <blocIll ocr="1">1</blocIll>
        <ills>
          <ill couleur="coul" edit="1" h="6828" n="11-1" taille="30" w="3981" x="1" y="1">
            <contenuImg b="73" coul="1" g="57" ordre="10" r="45" source="colorific" type="frg">#2d3949</contenuImg>
            <contenuImg b="103" coul="1" g="92" ordre="9" r="84" source="colorific" type="frg">#545c67</contenuImg>
            <contenuImg b="57" coul="1" g="74" ordre="8" r="86" source="colorific" type="frg">#564a39</contenuImg>
            <contenuImg b="131" coul="1" g="131" ordre="7" r="120" source="colorific" type="frg">#788383</contenuImg>
            <contenuImg b="53" coul="1" g="92" ordre="6" r="137" source="colorific" type="frg">#895c35</contenuImg>
            <contenuImg b="119" coul="1" g="87" ordre="5" r="65" source="colorific" type="frg">#415777</contenuImg>
            <contenuImg b="27" coul="1" g="42" ordre="4" r="63" source="colorific" type="frg">#3f2a1b</contenuImg>
            <contenuImg b="110" coul="1" g="132" ordre="3" r="136" source="colorific" type="frg">#88846e</contenuImg>
            <contenuImg b="118" coul="1" g="174" ordre="2" r="192" source="colorific" type="frg">#c0ae76</contenuImg>
            <contenuImg b="54" coul="1" g="106" ordre="1" r="129" source="colorific" type="frg">#816a36</contenuImg>
            <contenuImg CS="1" coul="1" lang="fr" source="hm" time="2019-05-01T18:21:17.398+02:00">orange</contenuImg>
            <contenuImg CS="1" coul="1" lang="fr" source="hm" time="2019-05-01T18:21:16.557+02:00">bleu</contenuImg>
            <contenuImg CS="1.0" lang="fr" source="md">vertébré</contenuImg>
            <contenuImg CS="1.0" lang="fr" source="md">oiseau</contenuImg>
            <contenuImg CS="1.0" lang="fr" source="md">animal</contenuImg>
            <txt source="google">"Der blau ind gelbe Bavagery, rom erficn Rang - Tab. LIV - Fahari ular surface - ... See - Crema cuart - Pliftactis maximus çvano-croceus. N:34.VI. Toit. - L' Arax Bleu et larte - ",</txt>
            <tech source="final">estampe/gravure</tech>
            <theme source="final">13</theme>
            <tech CS="1" source="md">estampe/gravure</tech>
            <theme CS="1" source="md">13</theme>
            <contenuImg CS="1.0" lang="en" source="md">animal</contenuImg>
            <contenuImg CS="1.0" lang="en" source="md">bird</contenuImg>
            <contenuImg CS="1.0" lang="en" source="md">verterbrate</contenuImg>
            <titraille>Recueil des divers oiseaux étrangers et peu connus qui se trouvent dans les ouvrages de Messieurs Edwards et Catesby, représentés en taille-douce et exactement coloriés par Jean-Michel Seligmann. Tome 6</titraille>
            <contenuImg CS="1" coul="1" lang="en" source="hm" time="2019-05-01T18:21:16.557+02:00">blue color</contenuImg>
            <contenuImg CS="1" coul="1" lang="en" source="hm" time="2019-05-01T18:21:17.398+02:00">orange color</contenuImg>
          </ill>
        </ills>
      </page>
      <page ordre="12">
        <blocIll ocr="1">0</blocIll>
        <ills/>
      </page>
      <page ordre="13">
        <blocIll ocr="1">0</blocIll>
        <ills/>
      </page>
      <page ordre="14">
        <blocIll ocr="1">1</blocIll>
        <ills>
          <ill couleur="coul" h="6880" n="14-1" taille="30" w="4082" x="1" y="1">
            <contenuImg b="46" coul="1" g="59" ordre="6" r="114" source="colorific" type="frg">#723b2e</contenuImg>
            <contenuImg b="32" coul="1" g="41" ordre="5" r="60" source="colorific" type="frg">#3c2920</contenuImg>
            <contenuImg b="111" coul="1" g="138" ordre="4" r="184" source="colorific" type="frg">#b88a6f</contenuImg>
            <contenuImg b="56" coul="1" g="74" ordre="3" r="95" source="colorific" type="frg">#5f4a38</contenuImg>
            <contenuImg b="91" coul="1" g="116" ordre="2" r="133" source="colorific" type="frg">#85745b</contenuImg>
            <contenuImg b="198" coul="1" g="220" ordre="1" r="226" source="colorific" type="frg">#e2dcc6</contenuImg>
            <contenuImg CS="1.0" lang="fr" source="md">vertébré</contenuImg>
            <contenuImg CS="1.0" lang="fr" source="md">oiseau</contenuImg>
            <contenuImg CS="1.0" lang="fr" source="md">animal</contenuImg>
            <txt source="google">"Der größere Katatoeha - Tab.lv - 24.Salamuran necedir - Can P. Sac.Can Matador - Pfittacus albus criſtatus maximus. Niss. Theil. - 2. Rob. Seballstreer failpu - Le Grand Cacatua. - ",</txt>
            <tech source="final">estampe/gravure</tech>
            <theme source="final">13</theme>
            <tech CS="1" source="md">estampe/gravure</tech>
            <theme CS="1" source="md">13</theme>
            <contenuImg CS="1.0" lang="en" source="md">animal</contenuImg>
            <contenuImg CS="1.0" lang="en" source="md">bird</contenuImg>
            <contenuImg CS="1.0" lang="en" source="md">verterbrate</contenuImg>
            <titraille>Recueil des divers oiseaux étrangers et peu connus qui se trouvent dans les ouvrages de Messieurs Edwards et Catesby, représentés en taille-douce et exactement coloriés par Jean-Michel Seligmann. Tome 6</titraille>
          </ill>
        </ills>
      </page>
      <page ordre="15">
        <blocIll ocr="1">0</blocIll>
        <ills/>
      </page>
      <page ordre="16">
        <blocIll ocr="1">0</blocIll>
        <ills/>
      </page>
      <page ordre="17">
        <blocIll ocr="1">1</blocIll>
        <ills>
          <ill couleur="coul" h="6832" n="17-1" taille="30" w="4016" x="1" y="1">
            <contenuImg b="93" coul="1" g="99" ordre="9" r="92" source="colorific" type="frg">#5c635d</contenuImg>
            <contenuImg b="36" coul="1" g="48" ordre="8" r="59" source="colorific" type="frg">#3b3024</contenuImg>
            <contenuImg b="55" coul="1" g="62" ordre="7" r="59" source="colorific" type="frg">#3b3e37</contenuImg>
            <contenuImg b="18" coul="1" g="34" ordre="6" r="60" source="colorific" type="frg">#3c2212</contenuImg>
            <contenuImg b="93" coul="1" g="123" ordre="5" r="148" source="colorific" type="frg">#947b5d</contenuImg>
            <contenuImg b="42" coul="1" g="74" ordre="4" r="71" source="colorific" type="frg">#474a2a</contenuImg>
            <contenuImg b="122" coul="1" g="142" ordre="3" r="138" source="colorific" type="frg">#8a8e7a</contenuImg>
            <contenuImg b="43" coul="1" g="63" ordre="2" r="90" source="colorific" type="frg">#5a3f2b</contenuImg>
            <contenuImg b="102" coul="1" g="149" ordre="1" r="154" source="colorific" type="frg">#9a9566</contenuImg>
            <contenuImg CS="1.0" lang="fr" source="md">vertébré</contenuImg>
            <contenuImg CS="1.0" lang="fr" source="md">oiseau</contenuImg>
            <contenuImg CS="1.0" lang="fr" source="md">animal</contenuImg>
            <txt source="google">"Der Seafilimriſche grüne Bavagey. - Tab.LVI. - gere ud i deli - garage - Pubblys /amelyn - N:36. VI\"Theil. Le Perroquet Verd du Bresil - Pſittacus viridis Brafilienfis. - ",</txt>
            <tech source="final">estampe/gravure</tech>
            <theme source="final">13</theme>
            <tech CS="1" source="md">estampe/gravure</tech>
            <theme CS="1" source="md">13</theme>
            <contenuImg CS="1.0" lang="en" source="md">animal</contenuImg>
            <contenuImg CS="1.0" lang="en" source="md">bird</contenuImg>
            <contenuImg CS="1.0" lang="en" source="md">verterbrate</contenuImg>
            <titraille>Recueil des divers oiseaux étrangers et peu connus qui se trouvent dans les ouvrages de Messieurs Edwards et Catesby, représentés en taille-douce et exactement coloriés par Jean-Michel Seligmann. Tome 6</titraille>
          </ill>
        </ills>
      </page>
      <page ordre="18">
        <blocIll ocr="1">0</blocIll>
        <ills/>
      </page>
      <page ordre="19">
        <blocIll ocr="1">0</blocIll>
        <ills/>
      </page>
      <page ordre="20">
        <blocIll ocr="1">1</blocIll>
        <ills>
          <ill couleur="coul" h="6912" n="20-1" taille="30" w="4054" x="1" y="1">
            <contenuImg b="90" coul="1" g="123" ordre="6" r="163" source="colorific" type="frg">#a37b5a</contenuImg>
            <contenuImg b="28" coul="1" g="58" ordre="5" r="68" source="colorific" type="frg">#443a1c</contenuImg>
            <contenuImg b="45" coul="1" g="63" ordre="4" r="91" source="colorific" type="frg">#5b3f2d</contenuImg>
            <contenuImg b="36" coul="1" g="91" ordre="3" r="101" source="colorific" type="frg">#655b24</contenuImg>
            <contenuImg b="106" coul="1" g="150" ordre="2" r="174" source="colorific" type="frg">#ae966a</contenuImg>
            <contenuImg b="87" coul="1" g="109" ordre="1" r="116" source="colorific" type="frg">#746d57</contenuImg>
            <contenuImg CS="1.0" lang="fr" source="md">vertébré</contenuImg>
            <contenuImg CS="1.0" lang="fr" source="md">oiseau</contenuImg>
            <contenuImg CS="1.0" lang="fr" source="md">animal</contenuImg>
            <txt source="google">"Der große grüne Papagaj aus Helf-Indien - Tab II - G.hando el niv. dalim - A siger - Cam - Pfittacus viridis major, Occidentalis. N:57. V - dit - e rata - doh tudi nyt Lotter face - Theil. Le Grand Perroquet Verd des Indes - Occidentales - ",</txt>
            <tech source="final">estampe/gravure</tech>
            <theme source="final">13</theme>
            <tech CS="1" source="md">estampe/gravure</tech>
            <theme CS="1" source="md">13</theme>
            <contenuImg CS="1.0" lang="en" source="md">animal</contenuImg>
            <contenuImg CS="1.0" lang="en" source="md">bird</contenuImg>
            <contenuImg CS="1.0" lang="en" source="md">verterbrate</contenuImg>
            <titraille>Recueil des divers oiseaux étrangers et peu connus qui se trouvent dans les ouvrages de Messieurs Edwards et Catesby, représentés en taille-douce et exactement coloriés par Jean-Michel Seligmann. Tome 6</titraille>
          </ill>
        </ills>
      </page>
      <page ordre="21">
        <blocIll ocr="1">0</blocIll>
        <ills/>
      </page>
      <page ordre="22">
        <blocIll ocr="1">0</blocIll>
        <ills/>
      </page>
      <page ordre="23">
        <blocIll ocr="1">1</blocIll>
        <ills>
          <ill couleur="coul" h="6816" n="23-1" taille="30" w="4016" x="1" y="1">
            <contenuImg b="137" coul="1" g="155" ordre="5" r="201" source="colorific" type="frg">#c99b89</contenuImg>
            <contenuImg b="76" coul="1" g="100" ordre="4" r="128" source="colorific" type="frg">#80644c</contenuImg>
            <contenuImg b="66" coul="1" g="78" ordre="3" r="137" source="colorific" type="frg">#894e42</contenuImg>
            <contenuImg b="39" coul="1" g="54" ordre="2" r="73" source="colorific" type="frg">#493627</contenuImg>
            <contenuImg b="102" coul="1" g="129" ordre="1" r="137" source="colorific" type="frg">#898166</contenuImg>
            <contenuImg CS="1.0" lang="fr" source="md">vertébré</contenuImg>
            <contenuImg CS="1.0" lang="fr" source="md">oiseau</contenuImg>
            <contenuImg CS="1.0" lang="fr" source="md">animal</contenuImg>
            <txt source="google">"Der afhfarbe und rothe Maragen. - Thb. - in. - ve - 2. S ane de - Jokubale. Antrar flaulas - Cum 7 . Atlantis - Plittacus cinereus rubro maculatus. Nº.38.V7ter Theil. De Perroquet et Rouge et Cendré - ",</txt>
            <tech source="final">estampe/gravure</tech>
            <theme source="final">13</theme>
            <tech CS="1" source="md">estampe/gravure</tech>
            <theme CS="1" source="md">13</theme>
            <contenuImg CS="1.0" lang="en" source="md">animal</contenuImg>
            <contenuImg CS="1.0" lang="en" source="md">bird</contenuImg>
            <contenuImg CS="1.0" lang="en" source="md">verterbrate</contenuImg>
            <titraille>Recueil des divers oiseaux étrangers et peu connus qui se trouvent dans les ouvrages de Messieurs Edwards et Catesby, représentés en taille-douce et exactement coloriés par Jean-Michel Seligmann. Tome 6</titraille>
          </ill>
        </ills>
      </page>
      <page ordre="24">
        <blocIll ocr="1">0</blocIll>
        <ills/>
      </page>
      <page ordre="25">
        <blocIll ocr="1">0</blocIll>
        <ills/>
      </page>
      <page ordre="26">
        <blocIll ocr="1">1</blocIll>
        <ills>
          <ill couleur="coul" h="6914" n="26-1" taille="30" w="4070" x="1" y="1">
            <contenuImg b="30" coul="1" g="50" ordre="8" r="104" source="colorific" type="frg">#68321e</contenuImg>
            <contenuImg b="54" coul="1" g="83" ordre="7" r="133" source="colorific" type="frg">#855336</contenuImg>
            <contenuImg b="153" coul="1" g="170" ordre="6" r="199" source="colorific" type="frg">#c7aa99</contenuImg>
            <contenuImg b="23" coul="1" g="38" ordre="5" r="56" source="colorific" type="frg">#382617</contenuImg>
            <contenuImg b="51" coul="1" g="112" ordre="4" r="136" source="colorific" type="frg">#887033</contenuImg>
            <contenuImg b="27" coul="1" g="60" ordre="3" r="75" source="colorific" type="frg">#4b3c1b</contenuImg>
            <contenuImg b="87" coul="1" g="112" ordre="2" r="140" source="colorific" type="frg">#8c7057</contenuImg>
            <contenuImg b="104" coul="1" g="139" ordre="1" r="145" source="colorific" type="frg">#918b68</contenuImg>
            <contenuImg CS="1.0" lang="fr" source="md">vertébré</contenuImg>
            <contenuImg CS="1.0" lang="fr" source="md">oiseau</contenuImg>
            <contenuImg CS="1.0" lang="fr" source="md">animal</contenuImg>
            <txt source="google">"Der fleinere (rüne Papages. - Tab LIX - 9.dando ad edim - Cior Setar - Hifficus viridis minor, Occidentalis N° 39. V Theil - Boblebaft-Labor fundon - Le plus petit Perroquet Verd. - ",</txt>
            <tech source="final">estampe/gravure</tech>
            <theme source="final">13</theme>
            <tech CS="1" source="md">estampe/gravure</tech>
            <theme CS="1" source="md">13</theme>
            <contenuImg CS="1.0" lang="en" source="md">animal</contenuImg>
            <contenuImg CS="1.0" lang="en" source="md">bird</contenuImg>
            <contenuImg CS="1.0" lang="en" source="md">verterbrate</contenuImg>
            <titraille>Recueil des divers oiseaux étrangers et peu connus qui se trouvent dans les ouvrages de Messieurs Edwards et Catesby, représentés en taille-douce et exactement coloriés par Jean-Michel Seligmann. Tome 6</titraille>
          </ill>
        </ills>
      </page>
      <page ordre="27">
        <blocIll ocr="1">0</blocIll>
        <ills/>
      </page>
      <page ordre="28">
        <blocIll ocr="1">0</blocIll>
        <ills/>
      </page>
      <page ordre="29">
        <blocIll ocr="1">1</blocIll>
        <ills>
          <ill couleur="coul" h="6821" n="29-1" taille="30" w="4016" x="1" y="1">
            <contenuImg b="36" coul="1" g="50" ordre="7" r="100" source="colorific" type="frg">#643224</contenuImg>
            <contenuImg b="60" coul="1" g="82" ordre="6" r="121" source="colorific" type="frg">#79523c</contenuImg>
            <contenuImg b="72" coul="1" g="91" ordre="5" r="91" source="colorific" type="frg">#5b5b48</contenuImg>
            <contenuImg b="120" coul="1" g="141" ordre="4" r="164" source="colorific" type="frg">#a48d78</contenuImg>
            <contenuImg b="34" coul="1" g="55" ordre="3" r="72" source="colorific" type="frg">#483722</contenuImg>
            <contenuImg b="31" coul="1" g="80" ordre="2" r="89" source="colorific" type="frg">#59501f</contenuImg>
            <contenuImg b="108" coul="1" g="150" ordre="1" r="167" source="colorific" type="frg">#a7966c</contenuImg>
            <contenuImg CS="1.0" lang="fr" source="md">vertébré</contenuImg>
            <contenuImg CS="1.0" lang="fr" source="md">oiseau</contenuImg>
            <contenuImg CS="1.0" lang="fr" source="md">animal</contenuImg>
            <tech source="final">estampe/gravure</tech>
            <theme source="final">13</theme>
            <tech CS="1" source="md">estampe/gravure</tech>
            <theme CS="1" source="md">13</theme>
            <contenuImg CS="1.0" lang="en" source="md">animal</contenuImg>
            <contenuImg CS="1.0" lang="en" source="md">bird</contenuImg>
            <contenuImg CS="1.0" lang="en" source="md">verterbrate</contenuImg>
            <titraille>Recueil des divers oiseaux étrangers et peu connus qui se trouvent dans les ouvrages de Messieurs Edwards et Catesby, représentés en taille-douce et exactement coloriés par Jean-Michel Seligmann. Tome 6</titraille>
          </ill>
        </ills>
      </page>
      <page ordre="30">
        <blocIll ocr="1">0</blocIll>
        <ills/>
      </page>
      <page ordre="31">
        <blocIll ocr="1">0</blocIll>
        <ills/>
      </page>
      <page ordre="32">
        <blocIll ocr="1">1</blocIll>
        <ills>
          <ill couleur="coul" h="6914" n="32-1" taille="30" w="4070" x="1" y="1">
            <contenuImg b="74" coul="1" g="83" ordre="9" r="76" source="colorific" type="frg">#4c534a</contenuImg>
            <contenuImg b="39" coul="1" g="48" ordre="8" r="131" source="colorific" type="frg">#833027</contenuImg>
            <contenuImg b="27" coul="1" g="48" ordre="7" r="75" source="colorific" type="frg">#4b301b</contenuImg>
            <contenuImg b="66" coul="1" g="92" ordre="6" r="151" source="colorific" type="frg">#975c42</contenuImg>
            <contenuImg b="128" coul="1" g="142" ordre="5" r="142" source="colorific" type="frg">#8e8e80</contenuImg>
            <contenuImg b="16" coul="1" g="47" ordre="4" r="57" source="colorific" type="frg">#392f10</contenuImg>
            <contenuImg b="37" coul="1" g="73" ordre="3" r="94" source="colorific" type="frg">#5e4925</contenuImg>
            <contenuImg b="50" coul="1" g="110" ordre="2" r="137" source="colorific" type="frg">#896e32</contenuImg>
            <contenuImg b="142" coul="1" g="169" ordre="1" r="199" source="colorific" type="frg">#c7a98e</contenuImg>
            <contenuImg CS="1.0" lang="fr" source="md">vertébré</contenuImg>
            <contenuImg CS="1.0" lang="fr" source="md">oiseau</contenuImg>
            <contenuImg CS="1.0" lang="fr" source="md">animal</contenuImg>
            <txt source="google">"Der weiß Forfinte Papagey - \"Tab II - ...Salman - on the Sinaia - NOVI Thal - Jak sehallintor faulput - Le Perroquet a Tete blanche - P'liffacus virifis capite albo - ",</txt>
            <tech source="final">estampe/gravure</tech>
            <theme source="final">13</theme>
            <tech CS="1" source="md">estampe/gravure</tech>
            <theme CS="1" source="md">13</theme>
            <contenuImg CS="1.0" lang="en" source="md">animal</contenuImg>
            <contenuImg CS="1.0" lang="en" source="md">bird</contenuImg>
            <contenuImg CS="1.0" lang="en" source="md">verterbrate</contenuImg>
            <titraille>Recueil des divers oiseaux étrangers et peu connus qui se trouvent dans les ouvrages de Messieurs Edwards et Catesby, représentés en taille-douce et exactement coloriés par Jean-Michel Seligmann. Tome 6</titraille>
          </ill>
        </ills>
      </page>
      <page ordre="33">
        <blocIll ocr="1">0</blocIll>
        <ills/>
      </page>
      <page ordre="34">
        <blocIll ocr="1">0</blocIll>
        <ills/>
      </page>
      <page ordre="35">
        <blocIll ocr="1">1</blocIll>
        <ills>
          <ill couleur="coul" h="6853" n="35-1" taille="30" w="4028" x="1" y="1">
            <contenuImg b="31" coul="1" g="48" ordre="7" r="118" source="colorific" type="frg">#76301f</contenuImg>
            <contenuImg b="59" coul="1" g="86" ordre="6" r="136" source="colorific" type="frg">#88563b</contenuImg>
            <contenuImg b="129" coul="1" g="167" ordre="5" r="206" source="colorific" type="frg">#cea781</contenuImg>
            <contenuImg b="26" coul="1" g="42" ordre="4" r="63" source="colorific" type="frg">#3f2a1a</contenuImg>
            <contenuImg b="125" coul="1" g="147" ordre="3" r="154" source="colorific" type="frg">#9a937d</contenuImg>
            <contenuImg b="45" coul="1" g="74" ordre="2" r="98" source="colorific" type="frg">#624a2d</contenuImg>
            <contenuImg b="75" coul="1" g="117" ordre="1" r="135" source="colorific" type="frg">#87754b</contenuImg>
            <contenuImg CS="1.0" lang="fr" source="md">vertébré</contenuImg>
            <contenuImg CS="1.0" lang="fr" source="md">oiseau</contenuImg>
            <contenuImg CS="1.0" lang="fr" source="md">animal</contenuImg>
            <txt source="google">"Ser dundle Papageir - Thb. LXI. - Pistacu filets Mexican - Chica - N: 62.11.'Theil. - Le Perroquet Brunatre - ",</txt>
            <tech source="final">estampe/gravure</tech>
            <theme source="final">13</theme>
            <tech CS="1" source="md">estampe/gravure</tech>
            <theme CS="1" source="md">13</theme>
            <contenuImg CS="1.0" lang="en" source="md">animal</contenuImg>
            <contenuImg CS="1.0" lang="en" source="md">bird</contenuImg>
            <contenuImg CS="1.0" lang="en" source="md">verterbrate</contenuImg>
            <titraille>Recueil des divers oiseaux étrangers et peu connus qui se trouvent dans les ouvrages de Messieurs Edwards et Catesby, représentés en taille-douce et exactement coloriés par Jean-Michel Seligmann. Tome 6</titraille>
          </ill>
        </ills>
      </page>
      <page ordre="36">
        <blocIll ocr="1">0</blocIll>
        <ills/>
      </page>
      <page ordre="37">
        <blocIll ocr="1">0</blocIll>
        <ills/>
      </page>
      <page ordre="38">
        <blocIll ocr="1">1</blocIll>
        <ills>
          <ill couleur="coul" h="6914" n="38-1" taille="30" w="4070" x="1" y="1">
            <contenuImg b="58" coul="1" g="79" ordre="8" r="141" source="colorific" type="frg">#8d4f3a</contenuImg>
            <contenuImg b="31" coul="1" g="49" ordre="7" r="84" source="colorific" type="frg">#54311f</contenuImg>
            <contenuImg b="139" coul="1" g="176" ordre="6" r="213" source="colorific" type="frg">#d5b08b</contenuImg>
            <contenuImg b="10" coul="1" g="46" ordre="5" r="47" source="colorific" type="frg">#2f2e0a</contenuImg>
            <contenuImg b="72" coul="1" g="95" ordre="4" r="121" source="colorific" type="frg">#795f48</contenuImg>
            <contenuImg b="115" coul="1" g="139" ordre="3" r="149" source="colorific" type="frg">#958b73</contenuImg>
            <contenuImg b="15" coul="1" g="79" ordre="2" r="85" source="colorific" type="frg">#554f0f</contenuImg>
            <contenuImg b="71" coul="1" g="137" ordre="1" r="149" source="colorific" type="frg">#958947</contenuImg>
            <contenuImg CS="1.0" lang="fr" source="md">vertébré</contenuImg>
            <contenuImg CS="1.0" lang="fr" source="md">oiseau</contenuImg>
            <contenuImg CS="1.0" lang="fr" source="md">animal</contenuImg>
            <txt source="google">"Der kleine grüne Bavagaj - Tab. IXTIL - Eduard de dolar - Cam - A - Swart ronde - c ar apartat - N: 63 Vit Theil - JohSebaft-kisiner feelper - Le petit Ferroquet Verd. - Pfittacus minor viridis - ",</txt>
            <tech source="final">estampe/gravure</tech>
            <theme source="final">13</theme>
            <tech CS="1" source="md">estampe/gravure</tech>
            <theme CS="1" source="md">13</theme>
            <contenuImg CS="1.0" lang="en" source="md">animal</contenuImg>
            <contenuImg CS="1.0" lang="en" source="md">bird</contenuImg>
            <contenuImg CS="1.0" lang="en" source="md">verterbrate</contenuImg>
            <titraille>Recueil des divers oiseaux étrangers et peu connus qui se trouvent dans les ouvrages de Messieurs Edwards et Catesby, représentés en taille-douce et exactement coloriés par Jean-Michel Seligmann. Tome 6</titraille>
          </ill>
        </ills>
      </page>
      <page ordre="39">
        <blocIll ocr="1">0</blocIll>
        <ills/>
      </page>
      <page ordre="40">
        <blocIll ocr="1">0</blocIll>
        <ills/>
      </page>
      <page ordre="41">
        <blocIll ocr="1">1</blocIll>
        <ills>
          <ill couleur="coul" h="6878" n="41-1" taille="30" w="4084" x="1" y="1">
            <contenuImg b="62" coul="1" g="94" ordre="4" r="144" source="colorific" type="frg">#905e3e</contenuImg>
            <contenuImg b="122" coul="1" g="182" ordre="3" r="203" source="colorific" type="frg">#cbb67a</contenuImg>
            <contenuImg b="46" coul="1" g="70" ordre="2" r="84" source="colorific" type="frg">#54462e</contenuImg>
            <contenuImg b="107" coul="1" g="129" ordre="1" r="140" source="colorific" type="frg">#8c816b</contenuImg>
            <contenuImg CS="1.0" lang="fr" source="md">vertébré</contenuImg>
            <contenuImg CS="1.0" lang="fr" source="md">oiseau</contenuImg>
            <contenuImg CS="1.0" lang="fr" source="md">animal</contenuImg>
            <txt source="google">"Der weiß gebrüliete Bavagey - Tab. LXIV. - g. Eduard o - dolgt voor het - Pittactis viridis minor Mexicanus - pectore subo. - M - NS6.WeThel - e Perroquet a Poitrme blanche - ",</txt>
            <tech source="final">estampe/gravure</tech>
            <theme source="final">13</theme>
            <tech CS="1" source="md">estampe/gravure</tech>
            <theme CS="1" source="md">13</theme>
            <contenuImg CS="1.0" lang="en" source="md">animal</contenuImg>
            <contenuImg CS="1.0" lang="en" source="md">bird</contenuImg>
            <contenuImg CS="1.0" lang="en" source="md">verterbrate</contenuImg>
            <titraille>Recueil des divers oiseaux étrangers et peu connus qui se trouvent dans les ouvrages de Messieurs Edwards et Catesby, représentés en taille-douce et exactement coloriés par Jean-Michel Seligmann. Tome 6</titraille>
          </ill>
        </ills>
      </page>
      <page ordre="42">
        <blocIll ocr="1">0</blocIll>
        <ills/>
      </page>
      <page ordre="43">
        <blocIll ocr="1">0</blocIll>
        <ills/>
      </page>
      <page ordre="44">
        <blocIll ocr="1">1</blocIll>
        <ills>
          <ill couleur="coul" edit="1" h="6914" n="44-1" taille="30" w="4070" x="1" y="1">
            <contenuImg b="78" coul="1" g="97" ordre="10" r="162" source="colorific" type="frg">#a2614e</contenuImg>
            <contenuImg b="40" coul="1" g="37" ordre="9" r="43" source="colorific" type="frg">#2b2528</contenuImg>
            <contenuImg b="47" coul="1" g="55" ordre="8" r="63" source="colorific" type="frg">#3f372f</contenuImg>
            <contenuImg b="89" coul="1" g="73" ordre="7" r="65" source="colorific" type="frg">#414959</contenuImg>
            <contenuImg b="38" coul="1" g="79" ordre="6" r="100" source="colorific" type="frg">#644f26</contenuImg>
            <contenuImg b="41" coul="1" g="49" ordre="5" r="137" source="colorific" type="frg">#893129</contenuImg>
            <contenuImg b="101" coul="1" g="116" ordre="4" r="116" source="colorific" type="frg">#747465</contenuImg>
            <contenuImg b="109" coul="1" g="141" ordre="3" r="164" source="colorific" type="frg">#a48d6d</contenuImg>
            <contenuImg b="39" coul="1" g="56" ordre="2" r="86" source="colorific" type="frg">#563827</contenuImg>
            <contenuImg b="80" coul="1" g="141" ordre="1" r="162" source="colorific" type="frg">#a28d50</contenuImg>
            <contenuImg CS="1" coul="1" lang="fr" source="hm" time="2019-05-01T18:21:35.673+02:00">rose</contenuImg>
            <contenuImg CS="1" coul="1" lang="fr" source="hm" time="2019-05-01T18:21:33.375+02:00">bleu</contenuImg>
            <contenuImg CS="1.0" lang="fr" source="md">vertébré</contenuImg>
            <contenuImg CS="1.0" lang="fr" source="md">oiseau</contenuImg>
            <contenuImg CS="1.0" lang="fr" source="md">animal</contenuImg>
            <txt source="google">"Der erſte Lori mit lchwar3er Fappe. - Tab.LXV - vabattle trorpion culpa - Cum sa couganda - Plittacus coccineus Orientalis. N:65.VI.*Theil. Le Premier Lory à Calotte noir. - vertice nigro. - ",</txt>
            <tech source="final">estampe/gravure</tech>
            <theme source="final">13</theme>
            <tech CS="1" source="md">estampe/gravure</tech>
            <theme CS="1" source="md">13</theme>
            <contenuImg CS="1.0" lang="en" source="md">animal</contenuImg>
            <contenuImg CS="1.0" lang="en" source="md">bird</contenuImg>
            <contenuImg CS="1.0" lang="en" source="md">verterbrate</contenuImg>
            <titraille>Recueil des divers oiseaux étrangers et peu connus qui se trouvent dans les ouvrages de Messieurs Edwards et Catesby, représentés en taille-douce et exactement coloriés par Jean-Michel Seligmann. Tome 6</titraille>
            <contenuImg CS="1" coul="1" lang="en" source="hm" time="2019-05-01T18:21:33.375+02:00">blue color</contenuImg>
            <contenuImg CS="1" coul="1" lang="en" source="hm" time="2019-05-01T18:21:35.673+02:00">pink color</contenuImg>
          </ill>
        </ills>
      </page>
      <page ordre="45">
        <blocIll ocr="1">0</blocIll>
        <ills/>
      </page>
      <page ordre="46">
        <blocIll ocr="1">0</blocIll>
        <ills/>
      </page>
      <page ordre="47">
        <blocIll ocr="1">1</blocIll>
        <ills>
          <ill couleur="coul" edit="1" h="6878" n="47-1" taille="30" w="4084" x="1" y="1">
            <contenuImg b="124" coul="1" g="138" ordre="10" r="142" source="colorific" type="frg">#8e8a7c</contenuImg>
            <contenuImg b="86" coul="1" g="176" ordre="9" r="209" source="colorific" type="frg">#d1b056</contenuImg>
            <contenuImg b="46" coul="1" g="73" ordre="8" r="116" source="colorific" type="frg">#74492e</contenuImg>
            <contenuImg b="115" coul="1" g="140" ordre="7" r="206" source="colorific" type="frg">#ce8c73</contenuImg>
            <contenuImg b="48" coul="1" g="90" ordre="6" r="126" source="colorific" type="frg">#7e5a30</contenuImg>
            <contenuImg b="106" coul="1" g="159" ordre="5" r="167" source="colorific" type="frg">#a79f6a</contenuImg>
            <contenuImg b="33" coul="1" g="57" ordre="4" r="70" source="colorific" type="frg">#463921</contenuImg>
            <contenuImg b="53" coul="1" g="55" ordre="3" r="138" source="colorific" type="frg">#8a3735</contenuImg>
            <contenuImg b="94" coul="1" g="116" ordre="2" r="149" source="colorific" type="frg">#95745e</contenuImg>
            <contenuImg b="192" coul="1" g="214" ordre="1" r="219" source="colorific" type="frg">#dbd6c0</contenuImg>
            <contenuImg CS="1" coul="1" lang="fr" source="hm" time="2019-05-01T18:21:22.108+02:00">rose</contenuImg>
            <contenuImg CS="1.0" lang="fr" source="md">vertébré</contenuImg>
            <contenuImg CS="1.0" lang="fr" source="md">oiseau</contenuImg>
            <contenuImg CS="1.0" lang="fr" source="md">animal</contenuImg>
            <tech source="final">estampe/gravure</tech>
            <theme source="final">13</theme>
            <tech CS="1" source="md">estampe/gravure</tech>
            <theme CS="1" source="md">13</theme>
            <contenuImg CS="1.0" lang="en" source="md">animal</contenuImg>
            <contenuImg CS="1.0" lang="en" source="md">bird</contenuImg>
            <contenuImg CS="1.0" lang="en" source="md">verterbrate</contenuImg>
            <titraille>Recueil des divers oiseaux étrangers et peu connus qui se trouvent dans les ouvrages de Messieurs Edwards et Catesby, représentés en taille-douce et exactement coloriés par Jean-Michel Seligmann. Tome 6</titraille>
            <contenuImg CS="1" coul="1" lang="en" source="hm" time="2019-05-01T18:21:22.108+02:00">pink color</contenuImg>
          </ill>
        </ills>
      </page>
      <page ordre="48">
        <blocIll ocr="1">0</blocIll>
        <ills/>
      </page>
      <page ordre="49">
        <blocIll ocr="1">0</blocIll>
        <ills/>
      </page>
      <page ordre="50">
        <blocIll ocr="1">1</blocIll>
        <ills>
          <ill couleur="coul" edit="1" h="6929" n="50-1" taille="30" w="4091" x="1" y="1">
            <contenuImg b="55" coul="1" g="74" ordre="9" r="130" source="colorific" type="frg">#824a37</contenuImg>
            <contenuImg b="96" coul="1" g="127" ordre="8" r="175" source="colorific" type="frg">#af7f60</contenuImg>
            <contenuImg b="71" coul="1" g="79" ordre="7" r="76" source="colorific" type="frg">#4c4f47</contenuImg>
            <contenuImg b="127" coul="1" g="148" ordre="6" r="147" source="colorific" type="frg">#93947f</contenuImg>
            <contenuImg b="20" coul="1" g="20" ordre="5" r="106" source="colorific" type="frg">#6a1414</contenuImg>
            <contenuImg b="34" coul="1" g="56" ordre="4" r="83" source="colorific" type="frg">#533822</contenuImg>
            <contenuImg b="64" coul="1" g="72" ordre="3" r="163" source="colorific" type="frg">#a34840</contenuImg>
            <contenuImg b="110" coul="1" g="176" ordre="2" r="189" source="colorific" type="frg">#bdb06e</contenuImg>
            <contenuImg b="87" coul="1" g="128" ordre="1" r="146" source="colorific" type="frg">#928057</contenuImg>
            <contenuImg CS="1" coul="1" lang="fr" source="hm" time="2019-05-01T18:21:39.753+02:00">rouge</contenuImg>
            <contenuImg CS="1.0" lang="fr" source="md">vertébré</contenuImg>
            <contenuImg CS="1.0" lang="fr" source="md">oiseau</contenuImg>
            <contenuImg CS="1.0" lang="fr" source="md">animal</contenuImg>
            <txt source="google">"Der Teharlach Lorn - Tab IXVII - him www - Comercianti - Pfittacus coccineus Orientalis,alis N: 6V/Theit - ex viridi et nigro variis. - Joh. Babait-ister familjes - Le Lory Ecarlate - ",</txt>
            <tech source="final">estampe/gravure</tech>
            <theme source="final">13</theme>
            <tech CS="1" source="md">estampe/gravure</tech>
            <theme CS="1" source="md">13</theme>
            <contenuImg CS="1.0" lang="en" source="md">animal</contenuImg>
            <contenuImg CS="1.0" lang="en" source="md">bird</contenuImg>
            <contenuImg CS="1.0" lang="en" source="md">verterbrate</contenuImg>
            <titraille>Recueil des divers oiseaux étrangers et peu connus qui se trouvent dans les ouvrages de Messieurs Edwards et Catesby, représentés en taille-douce et exactement coloriés par Jean-Michel Seligmann. Tome 6</titraille>
            <contenuImg CS="1" coul="1" lang="en" source="hm" time="2019-05-01T18:21:39.753+02:00">red color</contenuImg>
          </ill>
        </ills>
      </page>
      <page ordre="51">
        <blocIll ocr="1">0</blocIll>
        <ills/>
      </page>
      <page ordre="52">
        <blocIll ocr="1">0</blocIll>
        <ills/>
      </page>
      <page ordre="53">
        <blocIll ocr="1">1</blocIll>
        <ills>
          <ill couleur="coul" edit="1" h="6878" n="53-1" taille="30" w="4084" x="1" y="1">
            <contenuImg b="116" coul="1" g="136" ordre="8" r="128" source="colorific" type="frg">#808874</contenuImg>
            <contenuImg b="38" coul="1" g="52" ordre="7" r="108" source="colorific" type="frg">#6c3426</contenuImg>
            <contenuImg b="118" coul="1" g="143" ordre="6" r="198" source="colorific" type="frg">#c68f76</contenuImg>
            <contenuImg b="60" coul="1" g="83" ordre="5" r="120" source="colorific" type="frg">#78533c</contenuImg>
            <contenuImg b="53" coul="1" g="78" ordre="4" r="93" source="colorific" type="frg">#5d4e35</contenuImg>
            <contenuImg b="92" coul="1" g="119" ordre="3" r="142" source="colorific" type="frg">#8e775c</contenuImg>
            <contenuImg b="63" coul="1" g="83" ordre="2" r="171" source="colorific" type="frg">#ab533f</contenuImg>
            <contenuImg b="194" coul="1" g="216" ordre="1" r="221" source="colorific" type="frg">#ddd8c2</contenuImg>
            <contenuImg CS="1" coul="1" lang="fr" source="hm" time="2019-05-01T18:21:43.372+02:00">rouge</contenuImg>
            <contenuImg CS="1.0" lang="fr" source="md">vertébré</contenuImg>
            <contenuImg CS="1.0" lang="fr" source="md">oiseau</contenuImg>
            <contenuImg CS="1.0" lang="fr" source="md">animal</contenuImg>
            <txt source="google">"Per lang geléhwänzte Tekrarladh Lory - Tab. LXVITE - . - Follobaptister Histour. - Te Lory Ecarlate a longue Quente - Pliftacus coccinetta cand longiore. N.OS V - eil. - ",</txt>
            <tech source="final">estampe/gravure</tech>
            <theme source="final">13</theme>
            <tech CS="1" source="md">estampe/gravure</tech>
            <theme CS="1" source="md">13</theme>
            <contenuImg CS="1.0" lang="en" source="md">animal</contenuImg>
            <contenuImg CS="1.0" lang="en" source="md">bird</contenuImg>
            <contenuImg CS="1.0" lang="en" source="md">verterbrate</contenuImg>
            <titraille>Recueil des divers oiseaux étrangers et peu connus qui se trouvent dans les ouvrages de Messieurs Edwards et Catesby, représentés en taille-douce et exactement coloriés par Jean-Michel Seligmann. Tome 6</titraille>
            <contenuImg CS="1" coul="1" lang="en" source="hm" time="2019-05-01T18:21:43.372+02:00">red color</contenuImg>
          </ill>
        </ills>
      </page>
      <page ordre="54">
        <blocIll ocr="1">0</blocIll>
        <ills/>
      </page>
      <page ordre="55">
        <blocIll ocr="1">0</blocIll>
        <ills/>
      </page>
      <page ordre="56">
        <blocIll ocr="1">1</blocIll>
        <ills>
          <ill couleur="coul" h="6929" n="56-1" taille="30" w="4091" x="1" y="1">
            <contenuImg b="116" coul="1" g="137" ordre="8" r="189" source="colorific" type="frg">#bd8974</contenuImg>
            <contenuImg b="47" coul="1" g="60" ordre="7" r="79" source="colorific" type="frg">#4f3c2f</contenuImg>
            <contenuImg b="53" coul="1" g="72" ordre="6" r="120" source="colorific" type="frg">#784835</contenuImg>
            <contenuImg b="104" coul="1" g="136" ordre="5" r="171" source="colorific" type="frg">#ab8868</contenuImg>
            <contenuImg b="60" coul="1" g="73" ordre="4" r="150" source="colorific" type="frg">#96493c</contenuImg>
            <contenuImg b="69" coul="1" g="119" ordre="3" r="137" source="colorific" type="frg">#897745</contenuImg>
            <contenuImg b="97" coul="1" g="117" ordre="2" r="115" source="colorific" type="frg">#737561</contenuImg>
            <contenuImg b="27" coul="1" g="61" ordre="1" r="77" source="colorific" type="frg">#4d3d1b</contenuImg>
            <contenuImg CS="1.0" lang="fr" source="md">vertébré</contenuImg>
            <contenuImg CS="1.0" lang="fr" source="md">oiseau</contenuImg>
            <contenuImg CS="1.0" lang="fr" source="md">animal</contenuImg>
            <txt source="google">"Der Lori Barratret. - Tab LXIX - Sad - Caracter - N269 V Thel. - Pitheu amor, e coccineo viridis, - Orrerfalis - Anh S akisatnom pevalper - Le Lory Perruche - ",</txt>
            <tech source="final">estampe/gravure</tech>
            <theme source="final">13</theme>
            <tech CS="1" source="md">estampe/gravure</tech>
            <theme CS="1" source="md">13</theme>
            <contenuImg CS="1.0" lang="en" source="md">animal</contenuImg>
            <contenuImg CS="1.0" lang="en" source="md">bird</contenuImg>
            <contenuImg CS="1.0" lang="en" source="md">verterbrate</contenuImg>
            <titraille>Recueil des divers oiseaux étrangers et peu connus qui se trouvent dans les ouvrages de Messieurs Edwards et Catesby, représentés en taille-douce et exactement coloriés par Jean-Michel Seligmann. Tome 6</titraille>
          </ill>
        </ills>
      </page>
      <page ordre="57">
        <blocIll ocr="1">0</blocIll>
        <ills/>
      </page>
      <page ordre="58">
        <blocIll ocr="1">0</blocIll>
        <ills/>
      </page>
      <page ordre="59">
        <blocIll ocr="1">1</blocIll>
        <ills>
          <ill couleur="coul" h="6864" n="59-1" taille="30" w="4084" x="1" y="1">
            <contenuImg b="32" coul="1" g="59" ordre="6" r="65" source="colorific" type="frg">#413b20</contenuImg>
            <contenuImg b="55" coul="1" g="82" ordre="5" r="118" source="colorific" type="frg">#765237</contenuImg>
            <contenuImg b="115" coul="1" g="134" ordre="4" r="139" source="colorific" type="frg">#8b8673</contenuImg>
            <contenuImg b="100" coul="1" g="135" ordre="3" r="167" source="colorific" type="frg">#a78764</contenuImg>
            <contenuImg b="54" coul="1" g="91" ordre="2" r="93" source="colorific" type="frg">#5d5b36</contenuImg>
            <contenuImg b="118" coul="1" g="176" ordre="1" r="188" source="colorific" type="frg">#bcb076</contenuImg>
            <contenuImg CS="1.0" lang="fr" source="md">vertébré</contenuImg>
            <contenuImg CS="1.0" lang="fr" source="md">oiseau</contenuImg>
            <contenuImg CS="1.0" lang="fr" source="md">animal</contenuImg>
            <txt source="google">"Der lang geſchwänste grüne Barrafeet. - Tab .IXX - 11.6 - w - ww - de longiore, No. - Vrheil. - er - Pittacus minor viridis - Le Perruche Verte i longue Queue. - Occidentalis. - ",</txt>
            <tech source="final">estampe/gravure</tech>
            <theme source="final">13</theme>
            <tech CS="1" source="md">estampe/gravure</tech>
            <theme CS="1" source="md">13</theme>
            <contenuImg CS="1.0" lang="en" source="md">animal</contenuImg>
            <contenuImg CS="1.0" lang="en" source="md">bird</contenuImg>
            <contenuImg CS="1.0" lang="en" source="md">verterbrate</contenuImg>
            <titraille>Recueil des divers oiseaux étrangers et peu connus qui se trouvent dans les ouvrages de Messieurs Edwards et Catesby, représentés en taille-douce et exactement coloriés par Jean-Michel Seligmann. Tome 6</titraille>
          </ill>
        </ills>
      </page>
      <page ordre="60">
        <blocIll ocr="1">0</blocIll>
        <ills/>
      </page>
      <page ordre="61">
        <blocIll ocr="1">0</blocIll>
        <ills/>
      </page>
      <page ordre="62">
        <blocIll ocr="1">1</blocIll>
        <ills>
          <ill couleur="coul" h="6813" n="62-1" taille="30" w="3970" x="1" y="1">
            <contenuImg b="83" coul="1" g="104" ordre="6" r="149" source="colorific" type="frg">#956853</contenuImg>
            <contenuImg b="81" coul="1" g="100" ordre="5" r="96" source="colorific" type="frg">#606451</contenuImg>
            <contenuImg b="66" coul="1" g="94" ordre="4" r="115" source="colorific" type="frg">#735e42</contenuImg>
            <contenuImg b="23" coul="1" g="53" ordre="3" r="57" source="colorific" type="frg">#393517</contenuImg>
            <contenuImg b="124" coul="1" g="150" ordre="2" r="185" source="colorific" type="frg">#b9967c</contenuImg>
            <contenuImg b="65" coul="1" g="110" ordre="1" r="116" source="colorific" type="frg">#746e41</contenuImg>
            <contenuImg CS="1.0" lang="fr" source="md">vertébré</contenuImg>
            <contenuImg CS="1.0" lang="fr" source="md">oiseau</contenuImg>
            <contenuImg CS="1.0" lang="fr" source="md">animal</contenuImg>
            <txt source="google">"Zer roth und blair konfigti Parakeef - \"Tab.LXXI - Pittacidus minor, capite e coccinea - ceruleo, Odcidental - Jok Sobalt. Later pidyon - La Perruche à Tête rouge et bleste. - N: *17 Thoil. - ",</txt>
            <tech source="final">estampe/gravure</tech>
            <theme source="final">13</theme>
            <tech CS="1" source="md">estampe/gravure</tech>
            <theme CS="1" source="md">13</theme>
            <contenuImg CS="1.0" lang="en" source="md">animal</contenuImg>
            <contenuImg CS="1.0" lang="en" source="md">bird</contenuImg>
            <contenuImg CS="1.0" lang="en" source="md">verterbrate</contenuImg>
            <titraille>Recueil des divers oiseaux étrangers et peu connus qui se trouvent dans les ouvrages de Messieurs Edwards et Catesby, représentés en taille-douce et exactement coloriés par Jean-Michel Seligmann. Tome 6</titraille>
          </ill>
        </ills>
      </page>
      <page ordre="63">
        <blocIll ocr="1">0</blocIll>
        <ills/>
      </page>
      <page ordre="64">
        <blocIll ocr="1">0</blocIll>
        <ills/>
      </page>
      <page ordre="65">
        <blocIll ocr="1">1</blocIll>
        <ills>
          <ill couleur="coul" edit="1" h="6864" n="65-1" taille="30" w="4084" x="1" y="1">
            <contenuImg b="57" coul="1" g="66" ordre="8" r="63" source="colorific" type="frg">#3f4239</contenuImg>
            <contenuImg b="69" coul="1" g="99" ordre="7" r="95" source="colorific" type="frg">#5f6345</contenuImg>
            <contenuImg b="35" coul="1" g="56" ordre="6" r="130" source="colorific" type="frg">#823823</contenuImg>
            <contenuImg b="101" coul="1" g="133" ordre="5" r="177" source="colorific" type="frg">#b18565</contenuImg>
            <contenuImg b="28" coul="1" g="51" ordre="4" r="77" source="colorific" type="frg">#4d331c</contenuImg>
            <contenuImg b="118" coul="1" g="158" ordre="3" r="187" source="colorific" type="frg">#bb9e76</contenuImg>
            <contenuImg b="34" coul="1" g="77" ordre="2" r="97" source="colorific" type="frg">#614d22</contenuImg>
            <contenuImg b="70" coul="1" g="143" ordre="1" r="152" source="colorific" type="frg">#988f46</contenuImg>
            <contenuImg CS="1" coul="1" lang="fr" source="hm" time="2019-05-01T18:21:47.823+02:00">vert</contenuImg>
            <contenuImg CS="1" coul="1" lang="fr" source="hm" time="2019-05-01T18:21:46.633+02:00">bleu</contenuImg>
            <contenuImg CS="1.0" lang="fr" source="md">vertébré</contenuImg>
            <contenuImg CS="1.0" lang="fr" source="md">oiseau</contenuImg>
            <contenuImg CS="1.0" lang="fr" source="md">animal</contenuImg>
            <txt source="google">"Der Barat'ecf mit der beraturen Selle - \"Tab1.XXII - G-Edusandr ad vir doline - Pfittacus minor, gutture fulco - Occidentalis. - Ce Pr Naecamatan - N:72. V Theil. - Joh. Sebast-lahar pups - La Perruche à Gorge brune. - ",</txt>
            <tech source="final">estampe/gravure</tech>
            <theme source="final">13</theme>
            <tech CS="1" source="md">estampe/gravure</tech>
            <theme CS="1" source="md">13</theme>
            <contenuImg CS="1.0" lang="en" source="md">animal</contenuImg>
            <contenuImg CS="1.0" lang="en" source="md">bird</contenuImg>
            <contenuImg CS="1.0" lang="en" source="md">verterbrate</contenuImg>
            <titraille>Recueil des divers oiseaux étrangers et peu connus qui se trouvent dans les ouvrages de Messieurs Edwards et Catesby, représentés en taille-douce et exactement coloriés par Jean-Michel Seligmann. Tome 6</titraille>
            <contenuImg CS="1" coul="1" lang="en" source="hm" time="2019-05-01T18:21:46.633+02:00">blue color</contenuImg>
            <contenuImg CS="1" coul="1" lang="en" source="hm" time="2019-05-01T18:21:47.823+02:00">green color</contenuImg>
          </ill>
        </ills>
      </page>
      <page ordre="66">
        <blocIll ocr="1">0</blocIll>
        <ills/>
      </page>
      <page ordre="67">
        <blocIll ocr="1">0</blocIll>
        <ills/>
      </page>
      <page ordre="68">
        <blocIll ocr="1">1</blocIll>
        <ills>
          <ill couleur="coul" h="6813" n="68-1" taille="30" w="3976" x="1" y="1">
            <contenuImg b="35" coul="1" g="46" ordre="6" r="61" source="colorific" type="frg">#3d2e23</contenuImg>
            <contenuImg b="30" coul="1" g="47" ordre="5" r="82" source="colorific" type="frg">#522f1e</contenuImg>
            <contenuImg b="54" coul="1" g="69" ordre="4" r="76" source="colorific" type="frg">#4c4536</contenuImg>
            <contenuImg b="53" coul="1" g="77" ordre="3" r="116" source="colorific" type="frg">#744d35</contenuImg>
            <contenuImg b="89" coul="1" g="156" ordre="2" r="168" source="colorific" type="frg">#a89c59</contenuImg>
            <contenuImg b="97" coul="1" g="135" ordre="1" r="160" source="colorific" type="frg">#a08761</contenuImg>
            <contenuImg CS="1.0" lang="fr" source="md">vertébré</contenuImg>
            <contenuImg CS="1.0" lang="fr" source="md">oiseau</contenuImg>
            <contenuImg CS="1.0" lang="fr" source="md">animal</contenuImg>
            <txt source="google">"Zer Serwadier. - Tab.1.XXII - J. Wegmann undet. - Cene B Sedaan antati - Haller, Angolenlis capite nigro,collo N75.7 Theil. - et uropyglo flavis. - Pabula Stur peuter - Le Grenadier - ",</txt>
            <tech source="final">estampe/gravure</tech>
            <theme source="final">13</theme>
            <tech CS="1" source="md">estampe/gravure</tech>
            <theme CS="1" source="md">13</theme>
            <contenuImg CS="1.0" lang="en" source="md">animal</contenuImg>
            <contenuImg CS="1.0" lang="en" source="md">bird</contenuImg>
            <contenuImg CS="1.0" lang="en" source="md">verterbrate</contenuImg>
            <titraille>Recueil des divers oiseaux étrangers et peu connus qui se trouvent dans les ouvrages de Messieurs Edwards et Catesby, représentés en taille-douce et exactement coloriés par Jean-Michel Seligmann. Tome 6</titraille>
          </ill>
        </ills>
      </page>
      <page ordre="69">
        <blocIll ocr="1">0</blocIll>
        <ills/>
      </page>
      <page ordre="70">
        <blocIll ocr="1">0</blocIll>
        <ills/>
      </page>
      <page ordre="71">
        <blocIll ocr="1">1</blocIll>
        <ills>
          <ill couleur="coul" h="6864" n="71-1" taille="30" w="4084" x="1" y="1">
            <contenuImg b="89" coul="1" g="122" ordre="8" r="171" source="colorific" type="frg">#ab7a59</contenuImg>
            <contenuImg b="26" coul="1" g="39" ordre="7" r="60" source="colorific" type="frg">#3c271a</contenuImg>
            <contenuImg b="44" coul="1" g="55" ordre="6" r="62" source="colorific" type="frg">#3e372c</contenuImg>
            <contenuImg b="78" coul="1" g="100" ordre="5" r="110" source="colorific" type="frg">#6e644e</contenuImg>
            <contenuImg b="33" coul="1" g="56" ordre="4" r="103" source="colorific" type="frg">#673821</contenuImg>
            <contenuImg b="124" coul="1" g="179" ordre="3" r="179" source="colorific" type="frg">#b3b37c</contenuImg>
            <contenuImg b="77" coul="1" g="121" ordre="2" r="154" source="colorific" type="frg">#9a794d</contenuImg>
            <contenuImg b="132" coul="1" g="150" ordre="1" r="154" source="colorific" type="frg">#9a9684</contenuImg>
            <contenuImg CS="1.0" lang="fr" source="md">vertébré</contenuImg>
            <contenuImg CS="1.0" lang="fr" source="md">oiseau</contenuImg>
            <contenuImg CS="1.0" lang="fr" source="md">animal</contenuImg>
            <txt source="google">"Der gratis Panet. - Tab. LXXIV - Our selama di - Thoit - Job Subayt katror jaulipas - Le Pingon Gris - Linaria cinerea, Orientalis - ",</txt>
            <tech source="final">estampe/gravure</tech>
            <theme source="final">13</theme>
            <tech CS="1" source="md">estampe/gravure</tech>
            <theme CS="1" source="md">13</theme>
            <contenuImg CS="1.0" lang="en" source="md">animal</contenuImg>
            <contenuImg CS="1.0" lang="en" source="md">bird</contenuImg>
            <contenuImg CS="1.0" lang="en" source="md">verterbrate</contenuImg>
            <titraille>Recueil des divers oiseaux étrangers et peu connus qui se trouvent dans les ouvrages de Messieurs Edwards et Catesby, représentés en taille-douce et exactement coloriés par Jean-Michel Seligmann. Tome 6</titraille>
          </ill>
        </ills>
      </page>
      <page ordre="72">
        <blocIll ocr="1">0</blocIll>
        <ills/>
      </page>
      <page ordre="73">
        <blocIll ocr="1">0</blocIll>
        <ills/>
      </page>
      <page ordre="74">
        <blocIll ocr="1">0</blocIll>
        <ills/>
      </page>
      <page ordre="75">
        <blocIll ocr="1">1</blocIll>
        <ills>
          <ill couleur="coul" h="6895" n="75-1" taille="30" w="4076" x="1" y="1">
            <contenuImg b="118" coul="1" g="149" ordre="7" r="182" source="colorific" type="frg">#b69576</contenuImg>
            <contenuImg b="52" coul="1" g="96" ordre="6" r="101" source="colorific" type="frg">#656034</contenuImg>
            <contenuImg b="32" coul="1" g="49" ordre="5" r="77" source="colorific" type="frg">#4d3120</contenuImg>
            <contenuImg b="128" coul="1" g="184" ordre="4" r="204" source="colorific" type="frg">#ccb880</contenuImg>
            <contenuImg b="53" coul="1" g="83" ordre="3" r="141" source="colorific" type="frg">#8d5335</contenuImg>
            <contenuImg b="62" coul="1" g="83" ordre="2" r="94" source="colorific" type="frg">#5e533e</contenuImg>
            <contenuImg b="110" coul="1" g="130" ordre="1" r="138" source="colorific" type="frg">#8a826e</contenuImg>
            <contenuImg CS="1.0" lang="fr" source="md">vertébré</contenuImg>
            <contenuImg CS="1.0" lang="fr" source="md">oiseau</contenuImg>
            <contenuImg CS="1.0" lang="fr" source="md">animal</contenuImg>
            <tech source="final">estampe/gravure</tech>
            <theme source="final">13</theme>
            <tech CS="1" source="md">estampe/gravure</tech>
            <theme CS="1" source="md">13</theme>
            <contenuImg CS="1.0" lang="en" source="md">animal</contenuImg>
            <contenuImg CS="1.0" lang="en" source="md">bird</contenuImg>
            <contenuImg CS="1.0" lang="en" source="md">verterbrate</contenuImg>
            <titraille>Recueil des divers oiseaux étrangers et peu connus qui se trouvent dans les ouvrages de Messieurs Edwards et Catesby, représentés en taille-douce et exactement coloriés par Jean-Michel Seligmann. Tome 6</titraille>
          </ill>
        </ills>
      </page>
      <page ordre="76">
        <blocIll ocr="1">0</blocIll>
        <ills/>
      </page>
      <page ordre="77">
        <blocIll ocr="1">0</blocIll>
        <ills/>
      </page>
      <page ordre="78">
        <blocIll ocr="1">1</blocIll>
        <ills>
          <ill couleur="coul" h="6813" n="78-1" taille="30" w="4006" x="1" y="1">
            <contenuImg b="37" coul="1" g="56" ordre="4" r="107" source="colorific" type="frg">#6b3825</contenuImg>
            <contenuImg b="42" coul="1" g="60" ordre="3" r="81" source="colorific" type="frg">#513c2a</contenuImg>
            <contenuImg b="121" coul="1" g="158" ordre="2" r="172" source="colorific" type="frg">#ac9e79</contenuImg>
            <contenuImg b="72" coul="1" g="98" ordre="1" r="119" source="colorific" type="frg">#776248</contenuImg>
            <contenuImg CS="1.0" lang="fr" source="md">vertébré</contenuImg>
            <contenuImg CS="1.0" lang="fr" source="md">oiseau</contenuImg>
            <contenuImg CS="1.0" lang="fr" source="md">animal</contenuImg>
            <txt source="google">"Der indiani lehe Sutforcht - Tab. IXXVII - Pol Schaft Letter farly - Le Pivert Mouchete des Todes. - ChemProdagrant - N 77. V Theil. - Bows, Benguenlis, maculatuu. - ",</txt>
            <tech source="final">estampe/gravure</tech>
            <theme source="final">13</theme>
            <tech CS="1" source="md">estampe/gravure</tech>
            <theme CS="1" source="md">13</theme>
            <contenuImg CS="1.0" lang="en" source="md">animal</contenuImg>
            <contenuImg CS="1.0" lang="en" source="md">bird</contenuImg>
            <contenuImg CS="1.0" lang="en" source="md">verterbrate</contenuImg>
            <titraille>Recueil des divers oiseaux étrangers et peu connus qui se trouvent dans les ouvrages de Messieurs Edwards et Catesby, représentés en taille-douce et exactement coloriés par Jean-Michel Seligmann. Tome 6</titraille>
          </ill>
        </ills>
      </page>
      <page ordre="79">
        <blocIll ocr="1">0</blocIll>
        <ills/>
      </page>
      <page ordre="80">
        <blocIll ocr="1">0</blocIll>
        <ills/>
      </page>
      <page ordre="81">
        <blocIll ocr="1">1</blocIll>
        <ills>
          <ill couleur="coul" h="6895" n="81-1" taille="30" w="4076" x="1" y="1">
            <contenuImg b="37" coul="1" g="58" ordre="6" r="79" source="colorific" type="frg">#4f3a25</contenuImg>
            <contenuImg b="148" coul="1" g="173" ordre="5" r="217" source="colorific" type="frg">#d9ad94</contenuImg>
            <contenuImg b="57" coul="1" g="82" ordre="4" r="145" source="colorific" type="frg">#915239</contenuImg>
            <contenuImg b="60" coul="1" g="96" ordre="3" r="98" source="colorific" type="frg">#62603c</contenuImg>
            <contenuImg b="116" coul="1" g="152" ordre="2" r="174" source="colorific" type="frg">#ae9874</contenuImg>
            <contenuImg b="77" coul="1" g="101" ordre="1" r="130" source="colorific" type="frg">#82654d</contenuImg>
            <contenuImg CS="1.0" lang="fr" source="md">vertébré</contenuImg>
            <contenuImg CS="1.0" lang="fr" source="md">oiseau</contenuImg>
            <contenuImg CS="1.0" lang="fr" source="md">animal</contenuImg>
            <txt source="google">"Der indianifie Bienenfuß - Tab. XXVII - JAS - dutela Leisur para finale - orril. Le Meropstungur Dabeille des Indes. - Meropa minor, Bengulenfis,qui duabus N - pe longioribus et tenuibus infignitu. - ",</txt>
            <tech source="final">estampe/gravure</tech>
            <theme source="final">13</theme>
            <tech CS="1" source="md">estampe/gravure</tech>
            <theme CS="1" source="md">13</theme>
            <contenuImg CS="1.0" lang="en" source="md">animal</contenuImg>
            <contenuImg CS="1.0" lang="en" source="md">bird</contenuImg>
            <contenuImg CS="1.0" lang="en" source="md">verterbrate</contenuImg>
            <titraille>Recueil des divers oiseaux étrangers et peu connus qui se trouvent dans les ouvrages de Messieurs Edwards et Catesby, représentés en taille-douce et exactement coloriés par Jean-Michel Seligmann. Tome 6</titraille>
          </ill>
        </ills>
      </page>
      <page ordre="82">
        <blocIll ocr="1">0</blocIll>
        <ills/>
      </page>
      <page ordre="83">
        <blocIll ocr="1">0</blocIll>
        <ills/>
      </page>
      <page ordre="84">
        <blocIll ocr="1">1</blocIll>
        <ills>
          <ill couleur="coul" h="6833" n="84-1" taille="30" w="4006" x="1" y="1">
            <contenuImg b="34" coul="1" g="60" ordre="4" r="88" source="colorific" type="frg">#583c22</contenuImg>
            <contenuImg b="24" coul="1" g="53" ordre="3" r="106" source="colorific" type="frg">#6a3518</contenuImg>
            <contenuImg b="113" coul="1" g="150" ordre="2" r="162" source="colorific" type="frg">#a29671</contenuImg>
            <contenuImg b="63" coul="1" g="99" ordre="1" r="130" source="colorific" type="frg">#82633f</contenuImg>
            <contenuImg CS="1.0" lang="fr" source="md">vertébré</contenuImg>
            <contenuImg CS="1.0" lang="fr" source="md">oiseau</contenuImg>
            <contenuImg CS="1.0" lang="fr" source="md">animal</contenuImg>
            <txt source="google">"Die bratiae indiamifche Rroffel - TWbLXXIX - Centar - Rot-sobatidarymas - Ta Grive Bruine des Indes - Tradus flous Bengalenfis,non mandates. N:79V-Theil - ",</txt>
            <tech source="final">estampe/gravure</tech>
            <theme source="final">13</theme>
            <tech CS="1" source="md">estampe/gravure</tech>
            <theme CS="1" source="md">13</theme>
            <contenuImg CS="1.0" lang="en" source="md">animal</contenuImg>
            <contenuImg CS="1.0" lang="en" source="md">bird</contenuImg>
            <contenuImg CS="1.0" lang="en" source="md">verterbrate</contenuImg>
            <titraille>Recueil des divers oiseaux étrangers et peu connus qui se trouvent dans les ouvrages de Messieurs Edwards et Catesby, représentés en taille-douce et exactement coloriés par Jean-Michel Seligmann. Tome 6</titraille>
          </ill>
        </ills>
      </page>
      <page ordre="85">
        <blocIll ocr="1">0</blocIll>
        <ills/>
      </page>
      <page ordre="86">
        <blocIll ocr="1">0</blocIll>
        <ills/>
      </page>
      <page ordre="87">
        <blocIll ocr="1">1</blocIll>
        <ills>
          <ill couleur="coul" edit="1" h="6880" n="87-1" taille="30" w="4076" x="1" y="1">
            <contenuImg b="44" coul="1" g="100" ordre="7" r="148" source="colorific" type="frg">#94642c</contenuImg>
            <contenuImg b="29" coul="1" g="35" ordre="6" r="49" source="colorific" type="frg">#31231d</contenuImg>
            <contenuImg b="74" coul="1" g="94" ordre="5" r="104" source="colorific" type="frg">#685e4a</contenuImg>
            <contenuImg b="36" coul="1" g="52" ordre="4" r="73" source="colorific" type="frg">#493424</contenuImg>
            <contenuImg b="73" coul="1" g="126" ordre="3" r="145" source="colorific" type="frg">#917e49</contenuImg>
            <contenuImg b="127" coul="1" g="155" ordre="2" r="173" source="colorific" type="frg">#ad9b7f</contenuImg>
            <contenuImg b="194" coul="1" g="214" ordre="1" r="219" source="colorific" type="frg">#dbd6c2</contenuImg>
            <contenuImg CS="1" coul="1" lang="fr" source="hm" time="2019-05-01T18:24:49.106+02:00">jaune</contenuImg>
            <contenuImg CS="1.0" lang="fr" source="md">vertébré</contenuImg>
            <contenuImg CS="1.0" lang="fr" source="md">oiseau</contenuImg>
            <contenuImg CS="1.0" lang="fr" source="md">animal</contenuImg>
            <txt source="google">"Solddrolled - Tab. LXXX - Jr. w - G. ad in - albula Bengalenfis. - Onkohatear fondo - Le Grive Doree, Iofertes - N! 80. - The - ",</txt>
            <tech source="final">estampe/gravure</tech>
            <theme source="final">13</theme>
            <tech CS="1" source="md">estampe/gravure</tech>
            <theme CS="1" source="md">13</theme>
            <contenuImg CS="1.0" lang="en" source="md">animal</contenuImg>
            <contenuImg CS="1.0" lang="en" source="md">bird</contenuImg>
            <contenuImg CS="1.0" lang="en" source="md">verterbrate</contenuImg>
            <titraille>Recueil des divers oiseaux étrangers et peu connus qui se trouvent dans les ouvrages de Messieurs Edwards et Catesby, représentés en taille-douce et exactement coloriés par Jean-Michel Seligmann. Tome 6</titraille>
            <contenuImg CS="1" coul="1" lang="en" source="hm" time="2019-05-01T18:24:49.106+02:00">yellow color</contenuImg>
          </ill>
        </ills>
      </page>
      <page ordre="88">
        <blocIll ocr="1">0</blocIll>
        <ills/>
      </page>
      <page ordre="89">
        <blocIll ocr="1">0</blocIll>
        <ills/>
      </page>
      <page ordre="90">
        <blocIll ocr="1">1</blocIll>
        <ills>
          <ill couleur="coul" edit="1" h="6833" n="90-1" taille="30" w="4006" x="1" y="1">
            <contenuImg b="9" coul="1" g="28" ordre="6" r="60" source="colorific" type="frg">#3c1c09</contenuImg>
            <contenuImg b="28" coul="1" g="49" ordre="5" r="69" source="colorific" type="frg">#45311c</contenuImg>
            <contenuImg b="124" coul="1" g="191" ordre="4" r="207" source="colorific" type="frg">#cfbf7c</contenuImg>
            <contenuImg b="135" coul="1" g="166" ordre="3" r="197" source="colorific" type="frg">#c5a687</contenuImg>
            <contenuImg b="50" coul="1" g="117" ordre="2" r="149" source="colorific" type="frg">#957532</contenuImg>
            <contenuImg b="67" coul="1" g="112" ordre="1" r="117" source="colorific" type="frg">#757043</contenuImg>
            <contenuImg CS="1" coul="1" lang="fr" source="hm" time="2019-05-01T18:24:51.456+02:00">jaune</contenuImg>
            <contenuImg CS="1.0" lang="fr" source="md">vertébré</contenuImg>
            <contenuImg CS="1.0" lang="fr" source="md">oiseau</contenuImg>
            <contenuImg CS="1.0" lang="fr" source="md">animal</contenuImg>
            <txt source="google">"Selber indierifcher Ffwar - Tab.XXX - Stems Inteus, Bengaleyfi - CASA - N°82V/Theil - Louren Texme des Indes - ",</txt>
            <tech source="final">estampe/gravure</tech>
            <theme source="final">13</theme>
            <tech CS="1" source="md">estampe/gravure</tech>
            <theme CS="1" source="md">13</theme>
            <contenuImg CS="1.0" lang="en" source="md">animal</contenuImg>
            <contenuImg CS="1.0" lang="en" source="md">bird</contenuImg>
            <contenuImg CS="1.0" lang="en" source="md">verterbrate</contenuImg>
            <titraille>Recueil des divers oiseaux étrangers et peu connus qui se trouvent dans les ouvrages de Messieurs Edwards et Catesby, représentés en taille-douce et exactement coloriés par Jean-Michel Seligmann. Tome 6</titraille>
            <contenuImg CS="1" coul="1" lang="en" source="hm" time="2019-05-01T18:24:51.456+02:00">yellow color</contenuImg>
          </ill>
        </ills>
      </page>
      <page ordre="91">
        <blocIll ocr="1">0</blocIll>
        <ills/>
      </page>
      <page ordre="92">
        <blocIll ocr="1">0</blocIll>
        <ills/>
      </page>
      <page ordre="93">
        <blocIll ocr="1">1</blocIll>
        <ills>
          <ill couleur="coul" h="6903" n="93-1" taille="30" w="4076" x="1" y="1">
            <contenuImg b="46" coul="1" g="79" ordre="8" r="87" source="colorific" type="frg">#574f2e</contenuImg>
            <contenuImg b="34" coul="1" g="48" ordre="7" r="67" source="colorific" type="frg">#433022</contenuImg>
            <contenuImg b="124" coul="1" g="203" ordre="6" r="217" source="colorific" type="frg">#d9cb7c</contenuImg>
            <contenuImg b="27" coul="1" g="43" ordre="5" r="86" source="colorific" type="frg">#562b1b</contenuImg>
            <contenuImg b="60" coul="1" g="86" ordre="4" r="121" source="colorific" type="frg">#79563c</contenuImg>
            <contenuImg b="71" coul="1" g="122" ordre="3" r="145" source="colorific" type="frg">#917a47</contenuImg>
            <contenuImg b="100" coul="1" g="135" ordre="2" r="133" source="colorific" type="frg">#858764</contenuImg>
            <contenuImg b="154" coul="1" g="183" ordre="1" r="213" source="colorific" type="frg">#d5b79a</contenuImg>
            <contenuImg CS="1.0" lang="fr" source="md">vertébré</contenuImg>
            <contenuImg CS="1.0" lang="fr" source="md">oiseau</contenuImg>
            <contenuImg CS="1.0" lang="fr" source="md">animal</contenuImg>
            <txt source="google">"Jdwars und weiler indiaxxiſcher Staar. - \"Tab LXXXII - civare - Edards and delen - Sturnus ex albo et fufco varius - Berglenlis - tvo. Nekalt Andreas found - LEtounen noir et blanc des Indes - N: 82 VIS Theil - ",</txt>
            <tech source="final">estampe/gravure</tech>
            <theme source="final">13</theme>
            <tech CS="1" source="md">estampe/gravure</tech>
            <theme CS="1" source="md">13</theme>
            <contenuImg CS="1.0" lang="en" source="md">animal</contenuImg>
            <contenuImg CS="1.0" lang="en" source="md">bird</contenuImg>
            <contenuImg CS="1.0" lang="en" source="md">verterbrate</contenuImg>
            <titraille>Recueil des divers oiseaux étrangers et peu connus qui se trouvent dans les ouvrages de Messieurs Edwards et Catesby, représentés en taille-douce et exactement coloriés par Jean-Michel Seligmann. Tome 6</titraille>
          </ill>
        </ills>
      </page>
      <page ordre="94">
        <blocIll ocr="1">0</blocIll>
        <ills/>
      </page>
      <page ordre="95">
        <blocIll ocr="1">0</blocIll>
        <ills/>
      </page>
      <page ordre="96">
        <blocIll ocr="1">1</blocIll>
        <ills>
          <ill couleur="coul" h="6813" n="96-1" taille="30" w="4021" x="1" y="1">
            <contenuImg b="41" coul="1" g="52" ordre="6" r="66" source="colorific" type="frg">#423429</contenuImg>
            <contenuImg b="86" coul="1" g="88" ordre="5" r="85" source="colorific" type="frg">#555856</contenuImg>
            <contenuImg b="122" coul="1" g="149" ordre="4" r="188" source="colorific" type="frg">#bc957a</contenuImg>
            <contenuImg b="36" coul="1" g="57" ordre="3" r="90" source="colorific" type="frg">#5a3924</contenuImg>
            <contenuImg b="86" coul="1" g="115" ordre="2" r="132" source="colorific" type="frg">#847356</contenuImg>
            <contenuImg b="198" coul="1" g="220" ordre="1" r="226" source="colorific" type="frg">#e2dcc6</contenuImg>
            <contenuImg CS="1.0" lang="fr" source="md">vertébré</contenuImg>
            <contenuImg CS="1.0" lang="fr" source="md">oiseau</contenuImg>
            <contenuImg CS="1.0" lang="fr" source="md">animal</contenuImg>
            <tech source="final">estampe/gravure</tech>
            <theme source="final">13</theme>
            <tech CS="1" source="md">estampe/gravure</tech>
            <theme CS="1" source="md">13</theme>
            <contenuImg CS="1.0" lang="en" source="md">animal</contenuImg>
            <contenuImg CS="1.0" lang="en" source="md">bird</contenuImg>
            <contenuImg CS="1.0" lang="en" source="md">verterbrate</contenuImg>
            <titraille>Recueil des divers oiseaux étrangers et peu connus qui se trouvent dans les ouvrages de Messieurs Edwards et Catesby, représentés en taille-douce et exactement coloriés par Jean-Michel Seligmann. Tome 6</titraille>
          </ill>
        </ills>
      </page>
      <page ordre="97">
        <blocIll ocr="1">0</blocIll>
        <ills/>
      </page>
      <page ordre="98">
        <blocIll ocr="1">0</blocIll>
        <ills/>
      </page>
      <page ordre="99">
        <blocIll ocr="1">1</blocIll>
        <ills>
          <ill couleur="coul" h="6903" n="99-1" taille="30" w="4076" x="1" y="1">
            <contenuImg b="97" coul="1" g="132" ordre="6" r="184" source="colorific" type="frg">#b88461</contenuImg>
            <contenuImg b="39" coul="1" g="53" ordre="5" r="72" source="colorific" type="frg">#483527</contenuImg>
            <contenuImg b="53" coul="1" g="76" ordre="4" r="110" source="colorific" type="frg">#6e4c35</contenuImg>
            <contenuImg b="86" coul="1" g="113" ordre="3" r="133" source="colorific" type="frg">#857156</contenuImg>
            <contenuImg b="132" coul="1" g="176" ordre="2" r="204" source="colorific" type="frg">#ccb084</contenuImg>
            <contenuImg b="193" coul="1" g="213" ordre="1" r="218" source="colorific" type="frg">#dad5c1</contenuImg>
            <contenuImg CS="1.0" lang="fr" source="md">vertébré</contenuImg>
            <contenuImg CS="1.0" lang="fr" source="md">oiseau</contenuImg>
            <contenuImg CS="1.0" lang="fr" source="md">animal</contenuImg>
            <txt source="google">"Der gelbekopfigfre indimiſelje Sperling. - Tab.1XXXTV - radi - why - mandar - Puller, Bengalenfis, Capite flavo - N! 8. V - Theil. Le Moineau des Indes à Tete jane - ",</txt>
            <tech source="final">estampe/gravure</tech>
            <theme source="final">13</theme>
            <tech CS="1" source="md">estampe/gravure</tech>
            <theme CS="1" source="md">13</theme>
            <contenuImg CS="1.0" lang="en" source="md">animal</contenuImg>
            <contenuImg CS="1.0" lang="en" source="md">bird</contenuImg>
            <contenuImg CS="1.0" lang="en" source="md">verterbrate</contenuImg>
            <titraille>Recueil des divers oiseaux étrangers et peu connus qui se trouvent dans les ouvrages de Messieurs Edwards et Catesby, représentés en taille-douce et exactement coloriés par Jean-Michel Seligmann. Tome 6</titraille>
          </ill>
        </ills>
      </page>
      <page ordre="100">
        <blocIll ocr="1">0</blocIll>
        <ills/>
      </page>
      <page ordre="101">
        <blocIll ocr="1">0</blocIll>
        <ills/>
      </page>
      <page ordre="102">
        <blocIll ocr="1">1</blocIll>
        <ills>
          <ill couleur="coul" h="6856" n="102-1" taille="30" w="4058" x="1" y="1">
            <contenuImg b="36" coul="1" g="44" ordre="5" r="58" source="colorific" type="frg">#3a2c24</contenuImg>
            <contenuImg b="73" coul="1" g="106" ordre="4" r="148" source="colorific" type="frg">#946a49</contenuImg>
            <contenuImg b="15" coul="1" g="37" ordre="3" r="80" source="colorific" type="frg">#50250f</contenuImg>
            <contenuImg b="62" coul="1" g="100" ordre="2" r="120" source="colorific" type="frg">#78643e</contenuImg>
            <contenuImg b="151" coul="1" g="180" ordre="1" r="209" source="colorific" type="frg">#d1b497</contenuImg>
            <contenuImg CS="1.0" lang="fr" source="md">vertébré</contenuImg>
            <contenuImg CS="1.0" lang="fr" source="md">oiseau</contenuImg>
            <contenuImg CS="1.0" lang="fr" source="md">animal</contenuImg>
            <txt source="google">"Der indianiſche Stüſwertel - Tab. LXXXV. - g - oodle - 2.P. We - Putieilla Bengalenfis. - N .. That - Lacertus è viridi grifens, Orientalis,cnada quammosa - Le Rouge-Queve des Indes. - Le Lezard des Indesa Querre d'Epine - ",</txt>
            <tech source="final">estampe/gravure</tech>
            <theme source="final">13</theme>
            <tech CS="1" source="md">estampe/gravure</tech>
            <theme CS="1" source="md">13</theme>
            <contenuImg CS="1.0" lang="en" source="md">animal</contenuImg>
            <contenuImg CS="1.0" lang="en" source="md">bird</contenuImg>
            <contenuImg CS="1.0" lang="en" source="md">verterbrate</contenuImg>
            <titraille>Recueil des divers oiseaux étrangers et peu connus qui se trouvent dans les ouvrages de Messieurs Edwards et Catesby, représentés en taille-douce et exactement coloriés par Jean-Michel Seligmann. Tome 6</titraille>
          </ill>
        </ills>
      </page>
      <page ordre="103">
        <blocIll ocr="1">0</blocIll>
        <ills/>
      </page>
      <page ordre="104">
        <blocIll ocr="1">0</blocIll>
        <ills/>
      </page>
      <page ordre="105">
        <blocIll ocr="1">1</blocIll>
        <ills>
          <ill couleur="coul" h="6867" n="105-1" taille="30" w="4076" x="1" y="1">
            <contenuImg b="51" coul="1" g="63" ordre="6" r="137" source="colorific" type="frg">#893f33</contenuImg>
            <contenuImg b="40" coul="1" g="62" ordre="5" r="75" source="colorific" type="frg">#4b3e28</contenuImg>
            <contenuImg b="13" coul="1" g="34" ordre="4" r="79" source="colorific" type="frg">#4f220d</contenuImg>
            <contenuImg b="50" coul="1" g="75" ordre="3" r="119" source="colorific" type="frg">#774b32</contenuImg>
            <contenuImg b="63" coul="1" g="123" ordre="2" r="137" source="colorific" type="frg">#897b3f</contenuImg>
            <contenuImg b="127" coul="1" g="150" ordre="1" r="164" source="colorific" type="frg">#a4967f</contenuImg>
            <contenuImg CS="1.0" lang="fr" source="md">vertébré</contenuImg>
            <contenuImg CS="1.0" lang="fr" source="md">oiseau</contenuImg>
            <contenuImg CS="1.0" lang="fr" source="md">animal</contenuImg>
            <txt source="google">"Der roth ünd blaue Smafiliatifihe Firef. - Tab. I.XXXVI - Cum s - Pringilla coloribus mifo et coeruleo Brafilienfina - Sciu s volans colore delrife fideo, Aamericanas. - Fort Sudele. Later felp - ariwa - m eit. Le Pingon Rouge et Bleu du Brelil - I. Ecureuil Volant. - ",</txt>
            <tech source="final">estampe/gravure</tech>
            <theme source="final">13</theme>
            <tech CS="1" source="md">estampe/gravure</tech>
            <theme CS="1" source="md">13</theme>
            <contenuImg CS="1.0" lang="en" source="md">animal</contenuImg>
            <contenuImg CS="1.0" lang="en" source="md">bird</contenuImg>
            <contenuImg CS="1.0" lang="en" source="md">verterbrate</contenuImg>
            <titraille>Recueil des divers oiseaux étrangers et peu connus qui se trouvent dans les ouvrages de Messieurs Edwards et Catesby, représentés en taille-douce et exactement coloriés par Jean-Michel Seligmann. Tome 6</titraille>
          </ill>
        </ills>
      </page>
      <page ordre="106">
        <blocIll ocr="1">0</blocIll>
        <ills/>
      </page>
      <page ordre="107">
        <blocIll ocr="1">0</blocIll>
        <ills/>
      </page>
      <page ordre="108">
        <blocIll ocr="1">1</blocIll>
        <ills>
          <ill couleur="coul" h="6856" n="108-1" taille="30" w="4058" x="1" y="1">
            <contenuImg b="25" coul="1" g="32" ordre="7" r="46" source="colorific" type="frg">#2e2019</contenuImg>
            <contenuImg b="44" coul="1" g="62" ordre="6" r="115" source="colorific" type="frg">#733e2c</contenuImg>
            <contenuImg b="72" coul="1" g="97" ordre="5" r="128" source="colorific" type="frg">#806148</contenuImg>
            <contenuImg b="64" coul="1" g="105" ordre="4" r="102" source="colorific" type="frg">#666940</contenuImg>
            <contenuImg b="116" coul="1" g="132" ordre="3" r="139" source="colorific" type="frg">#8b8474</contenuImg>
            <contenuImg b="122" coul="1" g="163" ordre="2" r="195" source="colorific" type="frg">#c3a37a</contenuImg>
            <contenuImg b="48" coul="1" g="59" ordre="1" r="74" source="colorific" type="frg">#4a3b30</contenuImg>
            <contenuImg CS="1.0" lang="fr" source="md">vertébré</contenuImg>
            <contenuImg CS="1.0" lang="fr" source="md">oiseau</contenuImg>
            <contenuImg CS="1.0" lang="fr" source="md">animal</contenuImg>
            <txt source="google">"Der gefröirde afrikaniſche Framiche - Tab. LXXXVII - mehr - vakale Bedrift - Grue Panachee te l'Afrique - Grue criata Africana - Anma ef farina - N°87 V1Theil. L - a - ",</txt>
            <tech source="final">estampe/gravure</tech>
            <theme source="final">13</theme>
            <tech CS="1" source="md">estampe/gravure</tech>
            <theme CS="1" source="md">13</theme>
            <contenuImg CS="1.0" lang="en" source="md">animal</contenuImg>
            <contenuImg CS="1.0" lang="en" source="md">bird</contenuImg>
            <contenuImg CS="1.0" lang="en" source="md">verterbrate</contenuImg>
            <titraille>Recueil des divers oiseaux étrangers et peu connus qui se trouvent dans les ouvrages de Messieurs Edwards et Catesby, représentés en taille-douce et exactement coloriés par Jean-Michel Seligmann. Tome 6</titraille>
          </ill>
        </ills>
      </page>
      <page ordre="109">
        <blocIll ocr="1">0</blocIll>
        <ills/>
      </page>
      <page ordre="110">
        <blocIll ocr="1">0</blocIll>
        <ills/>
      </page>
      <page ordre="111">
        <blocIll ocr="1">1</blocIll>
        <ills>
          <ill couleur="coul" h="6867" n="111-1" taille="30" w="4076" x="1" y="1">
            <contenuImg b="82" coul="1" g="103" ordre="6" r="163" source="colorific" type="frg">#a36752</contenuImg>
            <contenuImg b="66" coul="1" g="94" ordre="5" r="136" source="colorific" type="frg">#885e42</contenuImg>
            <contenuImg b="42" coul="1" g="49" ordre="4" r="59" source="colorific" type="frg">#3b312a</contenuImg>
            <contenuImg b="90" coul="1" g="100" ordre="3" r="110" source="colorific" type="frg">#6e645a</contenuImg>
            <contenuImg b="20" coul="1" g="39" ordre="2" r="81" source="colorific" type="frg">#512714</contenuImg>
            <contenuImg b="73" coul="1" g="115" ordre="1" r="139" source="colorific" type="frg">#8b7349</contenuImg>
            <contenuImg CS="1.0" lang="fr" source="md">vertébré</contenuImg>
            <contenuImg CS="1.0" lang="fr" source="md">oiseau</contenuImg>
            <contenuImg CS="1.0" lang="fr" source="md">animal</contenuImg>
            <txt source="google">"Die pfeiffende Sufe mif ſebweu-Sen Schuabel. - Tab. IXXXVI - Aswad tittaslawis tuca et macudeta, - Docidentalis - N88 Vtor Theil. Le Career - flunt u becue - ",</txt>
            <tech source="final">estampe/gravure</tech>
            <theme source="final">13</theme>
            <tech CS="1" source="md">estampe/gravure</tech>
            <theme CS="1" source="md">13</theme>
            <contenuImg CS="1.0" lang="en" source="md">animal</contenuImg>
            <contenuImg CS="1.0" lang="en" source="md">bird</contenuImg>
            <contenuImg CS="1.0" lang="en" source="md">verterbrate</contenuImg>
            <titraille>Recueil des divers oiseaux étrangers et peu connus qui se trouvent dans les ouvrages de Messieurs Edwards et Catesby, représentés en taille-douce et exactement coloriés par Jean-Michel Seligmann. Tome 6</titraille>
          </ill>
        </ills>
      </page>
      <page ordre="112">
        <blocIll ocr="1">0</blocIll>
        <ills/>
      </page>
      <page ordre="113">
        <blocIll ocr="1">0</blocIll>
        <ills/>
      </page>
      <page ordre="114">
        <blocIll ocr="1">1</blocIll>
        <ills>
          <ill couleur="coul" edit="1" h="6856" n="114-1" taille="30" w="4058" x="1" y="1">
            <contenuImg b="117" coul="1" g="148" ordre="8" r="190" source="colorific" type="frg">#be9475</contenuImg>
            <contenuImg b="27" coul="1" g="42" ordre="7" r="95" source="colorific" type="frg">#5f2a1b</contenuImg>
            <contenuImg b="44" coul="1" g="53" ordre="6" r="68" source="colorific" type="frg">#44352c</contenuImg>
            <contenuImg b="51" coul="1" g="78" ordre="5" r="116" source="colorific" type="frg">#744e33</contenuImg>
            <contenuImg b="85" coul="1" g="120" ordre="4" r="142" source="colorific" type="frg">#8e7855</contenuImg>
            <contenuImg b="54" coul="1" g="76" ordre="3" r="154" source="colorific" type="frg">#9a4c36</contenuImg>
            <contenuImg b="148" coul="1" g="186" ordre="2" r="202" source="colorific" type="frg">#caba94</contenuImg>
            <contenuImg b="183" coul="1" g="192" ordre="1" r="189" source="colorific" type="frg">#bdc0b7</contenuImg>
            <contenuImg CS="1" coul="1" lang="fr" source="hm" time="2019-05-01T18:24:56.718+02:00">rouge</contenuImg>
            <contenuImg CS="1.0" lang="fr" source="md">vertébré</contenuImg>
            <contenuImg CS="1.0" lang="fr" source="md">oiseau</contenuImg>
            <contenuImg CS="1.0" lang="fr" source="md">animal</contenuImg>
            <txt source="google">"Die pfeiffende Ente mit rothen Sehnabel. - Tab. IXXXIX - Edhund - s - om - Anus fiftulacis rufus roftro rudro - Occidentalis - Chave Sad. Narandaler - Noeg. Ve Theil. Le Canard Siflant au Bec rouge - ",</txt>
            <tech source="final">estampe/gravure</tech>
            <theme source="final">13</theme>
            <tech CS="1" source="md">estampe/gravure</tech>
            <theme CS="1" source="md">13</theme>
            <contenuImg CS="1.0" lang="en" source="md">animal</contenuImg>
            <contenuImg CS="1.0" lang="en" source="md">bird</contenuImg>
            <contenuImg CS="1.0" lang="en" source="md">verterbrate</contenuImg>
            <titraille>Recueil des divers oiseaux étrangers et peu connus qui se trouvent dans les ouvrages de Messieurs Edwards et Catesby, représentés en taille-douce et exactement coloriés par Jean-Michel Seligmann. Tome 6</titraille>
            <contenuImg CS="1" coul="1" lang="en" source="hm" time="2019-05-01T18:24:56.718+02:00">red color</contenuImg>
          </ill>
        </ills>
      </page>
      <page ordre="115">
        <blocIll ocr="1">0</blocIll>
        <ills/>
      </page>
      <page ordre="116">
        <blocIll ocr="1">0</blocIll>
        <ills/>
      </page>
      <page ordre="117">
        <blocIll ocr="1">0</blocIll>
        <ills/>
      </page>
      <page ordre="118">
        <blocIll ocr="1">0</blocIll>
        <ills/>
      </page>
      <page ordre="119">
        <blocIll ocr="1">0</blocIll>
        <ills/>
      </page>
      <page ordre="120">
        <blocIll ocr="1">0</blocIll>
        <ills/>
      </page>
      <page ordre="121">
        <blocIll ocr="1">0</blocIll>
        <ills/>
      </page>
      <page ordre="122">
        <blocIll ocr="1">0</blocIll>
        <ills/>
      </page>
      <page ordre="123">
        <blocIll ocr="1">0</blocIll>
        <ills/>
      </page>
      <page ordre="124">
        <blocIll ocr="1">0</blocIll>
        <ills/>
      </page>
      <page ordre="125">
        <blocIll ocr="1">0</blocIll>
        <ills/>
      </page>
      <page ordre="126">
        <blocIll ocr="1">0</blocIll>
        <ills/>
      </page>
      <page ordre="127">
        <blocIll ocr="1">1</blocIll>
        <ills>
          <ill couleur="coul" h="6880" n="127-1" taille="30" w="4050" x="1" y="1">
            <contenuImg b="41" coul="1" g="57" ordre="4" r="140" source="colorific" type="frg">#8c3929</contenuImg>
            <contenuImg b="32" coul="1" g="45" ordre="3" r="75" source="colorific" type="frg">#4b2d20</contenuImg>
            <contenuImg b="68" coul="1" g="85" ordre="2" r="112" source="colorific" type="frg">#705544</contenuImg>
            <contenuImg b="127" coul="1" g="145" ordre="1" r="167" source="colorific" type="frg">#a7917f</contenuImg>
            <contenuImg CS="1.0" lang="fr" source="md">vertébré</contenuImg>
            <contenuImg CS="1.0" lang="fr" source="md">oiseau</contenuImg>
            <contenuImg CS="1.0" lang="fr" source="md">animal</contenuImg>
            <txt source="google">"Drey fleuve Fledermippe - Tab. XCVI. - kas atraer ponude - MS Wigwa det. - chan sama - Vefperfilio paryunnaicenie, roftro N:96. Ver Theil. - wppendice duriculae forma donato - Vespertilio vulgaris, amibus brevibus - Velbertilio, Anglican arbre majoribus - Trois petites chauve-souris. - ",</txt>
            <tech source="final">estampe/gravure</tech>
            <theme source="final">13</theme>
            <tech CS="1" source="md">estampe/gravure</tech>
            <theme CS="1" source="md">13</theme>
            <contenuImg CS="1.0" lang="en" source="md">animal</contenuImg>
            <contenuImg CS="1.0" lang="en" source="md">bird</contenuImg>
            <contenuImg CS="1.0" lang="en" source="md">verterbrate</contenuImg>
            <titraille>Recueil des divers oiseaux étrangers et peu connus qui se trouvent dans les ouvrages de Messieurs Edwards et Catesby, représentés en taille-douce et exactement coloriés par Jean-Michel Seligmann. Tome 6</titraille>
          </ill>
        </ills>
      </page>
      <page ordre="128">
        <blocIll ocr="1">0</blocIll>
        <ills/>
      </page>
      <page ordre="129">
        <blocIll ocr="1">0</blocIll>
        <ills/>
      </page>
      <page ordre="130">
        <blocIll ocr="1">0</blocIll>
        <ills/>
      </page>
      <page ordre="131">
        <blocIll ocr="1">0</blocIll>
        <ills/>
      </page>
      <page ordre="132">
        <blocIll ocr="1">0</blocIll>
        <ills/>
      </page>
      <page ordre="133">
        <blocIll ocr="1">0</blocIll>
        <ills/>
      </page>
      <page ordre="134">
        <blocIll ocr="1">0</blocIll>
        <ills/>
      </page>
      <page ordre="135">
        <blocIll ocr="1">0</blocIll>
        <ills/>
      </page>
      <page ordre="136">
        <blocIll ocr="1">0</blocIll>
        <ills/>
      </page>
      <page ordre="137">
        <blocIll ocr="1">0</blocIll>
        <ills/>
      </page>
      <page ordre="138">
        <blocIll ocr="1">0</blocIll>
        <ills/>
      </page>
      <page ordre="139">
        <blocIll ocr="1">0</blocIll>
        <ills/>
      </page>
      <page ordre="140">
        <blocIll ocr="1">0</blocIll>
        <ills/>
      </page>
      <page ordre="141">
        <blocIll ocr="1">0</blocIll>
        <ills/>
      </page>
      <page ordre="142">
        <blocIll ocr="1">0</blocIll>
        <ills/>
      </page>
      <page ordre="143">
        <blocIll ocr="1">0</blocIll>
        <ills/>
      </page>
      <page ordre="144">
        <blocIll ocr="1">0</blocIll>
        <ills/>
      </page>
      <page ordre="145">
        <blocIll ocr="1">0</blocIll>
        <ills/>
      </page>
      <page ordre="146">
        <blocIll ocr="1">0</blocIll>
        <ills/>
      </page>
      <page ordre="147">
        <blocIll ocr="1">0</blocIll>
        <ills/>
      </page>
      <page ordre="148">
        <blocIll ocr="1">0</blocIll>
        <ills/>
      </page>
      <page ordre="149">
        <blocIll ocr="1">0</blocIll>
        <ills/>
      </page>
      <page ordre="150">
        <blocIll ocr="1">0</blocIll>
        <ills/>
      </page>
      <page ordre="151">
        <blocIll ocr="1">0</blocIll>
        <ills/>
      </page>
      <page ordre="152">
        <blocIll ocr="1">0</blocIll>
        <ills/>
      </page>
      <page ordre="153">
        <blocIll ocr="1">0</blocIll>
        <ills/>
      </page>
      <page ordre="154">
        <blocIll ocr="1">0</blocIll>
        <ills/>
      </page>
      <page ordre="155">
        <blocIll ocr="1">0</blocIll>
        <ills/>
      </page>
      <page ordre="156">
        <blocIll ocr="1">0</blocIll>
        <ills/>
      </page>
      <page ordre="157">
        <blocIll ocr="1">0</blocIll>
        <ills/>
      </page>
      <page ordre="158">
        <blocIll ocr="1">0</blocIll>
        <ills/>
      </page>
      <page ordre="159">
        <blocIll ocr="1">0</blocIll>
        <ills/>
      </page>
      <page ordre="160">
        <blocIll ocr="1">0</blocIll>
        <ills/>
      </page>
    </pages>
  </contenus>
</analyseAlto>