<analyseAlto>
  <metad>
    <type>M</type>
    <ID>bpt6k15206497</ID>
    <titre>Recueil des divers oiseaux étrangers et peu connus qui se trouvent dans les ouvrages de Messieurs Edwards et Catesby, représentés en taille-douce et exactement coloriés par Jean-Michel Seligmann. Tome 7</titre>
    <dateEdition>1768-1776</dateEdition>
    <auteur>Seligmann, Johann Michael (1720-1762). Auteur du texte Edwards, George (naturaliste). Auteur du texte Catesby, Mark (1683-1749). Auteur du texte</auteur>
    <lang>fre</lang>
    <source>Bibliothèque nationale de France, département Réserve des livres rares, S-496</source>
    <nbPage>157</nbPage>
    <descr>Oiseaux -- Ouvrages illustrés</descr>
  </metad>
  <contenus ocr="false" toc="false">
    <largeur>277</largeur>
    <hauteur>446</hauteur>
    <largeurPx>4365</largeurPx>
    <hauteurPx>7033</hauteurPx>
    <pages>
      <page ordre="5">
        <blocIll ocr="1">1</blocIll>
        <ills>
          <ill couleur="gris" edit="true" h="6912" n="5-1" taille="32" w="4108" x="1" y="1">
            <contenuImg CS="1.0" lang="fr" source="md">vertébré</contenuImg>
            <contenuImg CS="1.0" lang="fr" source="md">oiseau</contenuImg>
            <contenuImg CS="1.0" lang="fr" source="md">animal</contenuImg>
            <txt source="google">"Recueil des Oiſeaux etrangers de Catesby et Edwards - Tome IV - 0 - .22 - CAES - wy - tentero - atrsbur - Samling keltener - TV - dar - ",</txt>
            <tech source="final">estampe/gravure</tech>
            <theme source="final">13</theme>
            <tech CS="1" source="md">estampe/gravure</tech>
            <theme CS="1" source="md">13</theme>
            <contenuImg CS="1.0" lang="en" source="md">animal</contenuImg>
            <contenuImg CS="1.0" lang="en" source="md">bird</contenuImg>
            <contenuImg CS="1.0" lang="en" source="md">verterbrate</contenuImg>
            <titraille>Recueil des divers oiseaux étrangers et peu connus qui se trouvent dans les ouvrages de Messieurs Edwards et Catesby, représentés en taille-douce et exactement coloriés par Jean-Michel Seligmann. Tome 7</titraille>
          </ill>
        </ills>
      </page>
      <page ordre="6">
        <blocIll ocr="1">0</blocIll>
        <ills/>
      </page>
      <page ordre="7">
        <blocIll ocr="1">0</blocIll>
        <ills/>
      </page>
      <page ordre="8">
        <blocIll ocr="1">0</blocIll>
        <ills/>
      </page>
      <page ordre="9">
        <blocIll ocr="1">0</blocIll>
        <ills/>
      </page>
      <page ordre="10">
        <blocIll ocr="1">1</blocIll>
        <ills>
          <ill couleur="coul" h="6893" n="10-1" taille="32" w="4075" x="1" y="1">
            <contenuImg b="0" coul="1" g="0" ordre="8" r="0" source="colorific" type="frg">#000000</contenuImg>
            <contenuImg b="26" coul="1" g="51" ordre="7" r="87" source="colorific" type="frg">#57331a</contenuImg>
            <contenuImg b="140" coul="1" g="171" ordre="6" r="199" source="colorific" type="frg">#c7ab8c</contenuImg>
            <contenuImg b="51" coul="1" g="78" ordre="5" r="98" source="colorific" type="frg">#624e33</contenuImg>
            <contenuImg b="5" coul="1" g="23" ordre="4" r="44" source="colorific" type="frg">#2c1705</contenuImg>
            <contenuImg b="15" coul="1" g="38" ordre="3" r="54" source="colorific" type="frg">#36260f</contenuImg>
            <contenuImg b="52" coul="1" g="116" ordre="2" r="122" source="colorific" type="frg">#7a7434</contenuImg>
            <contenuImg b="118" coul="1" g="150" ordre="1" r="158" source="colorific" type="frg">#9e9676</contenuImg>
            <contenuImg CS="1.0" lang="fr" source="md">vertébré</contenuImg>
            <contenuImg CS="1.0" lang="fr" source="md">oiseau</contenuImg>
            <contenuImg CS="1.0" lang="fr" source="md">animal</contenuImg>
            <tech source="final">estampe/gravure</tech>
            <theme source="final">13</theme>
            <tech CS="1" source="md">estampe/gravure</tech>
            <theme CS="1" source="md">13</theme>
            <contenuImg CS="1.0" lang="en" source="md">animal</contenuImg>
            <contenuImg CS="1.0" lang="en" source="md">bird</contenuImg>
            <contenuImg CS="1.0" lang="en" source="md">verterbrate</contenuImg>
            <titraille>Recueil des divers oiseaux étrangers et peu connus qui se trouvent dans les ouvrages de Messieurs Edwards et Catesby, représentés en taille-douce et exactement coloriés par Jean-Michel Seligmann. Tome 7</titraille>
          </ill>
        </ills>
      </page>
      <page ordre="11">
        <blocIll ocr="1">0</blocIll>
        <ills/>
      </page>
      <page ordre="12">
        <blocIll ocr="1">0</blocIll>
        <ills/>
      </page>
      <page ordre="13">
        <blocIll ocr="1">1</blocIll>
        <ills>
          <ill couleur="coul" h="6912" n="13-1" taille="32" w="4108" x="1" y="1">
            <contenuImg b="49" coul="1" g="74" ordre="9" r="104" source="colorific" type="frg">#684a31</contenuImg>
            <contenuImg b="15" coul="1" g="26" ordre="8" r="30" source="colorific" type="frg">#1e1a0f</contenuImg>
            <contenuImg b="82" coul="1" g="90" ordre="7" r="92" source="colorific" type="frg">#5c5a52</contenuImg>
            <contenuImg b="37" coul="1" g="92" ordre="6" r="91" source="colorific" type="frg">#5b5c25</contenuImg>
            <contenuImg b="122" coul="1" g="167" ordre="5" r="174" source="colorific" type="frg">#aea77a</contenuImg>
            <contenuImg b="38" coul="1" g="51" ordre="4" r="54" source="colorific" type="frg">#363326</contenuImg>
            <contenuImg b="33" coul="1" g="56" ordre="3" r="107" source="colorific" type="frg">#6b3821</contenuImg>
            <contenuImg b="129" coul="1" g="151" ordre="2" r="184" source="colorific" type="frg">#b89781</contenuImg>
            <contenuImg b="122" coul="1" g="136" ordre="1" r="138" source="colorific" type="frg">#8a887a</contenuImg>
            <contenuImg CS="1.0" lang="fr" source="md">vertébré</contenuImg>
            <contenuImg CS="1.0" lang="fr" source="md">oiseau</contenuImg>
            <contenuImg CS="1.0" lang="fr" source="md">animal</contenuImg>
            <txt source="google">"Per blaite Falet. - Tab. - Foh Sabalhando com palpar. - Cauta Sumala - Accipiter subcaeruleus. N!2. V Theil. Le Faucon Bleu, et le petit - Tezaurd Brut - ",</txt>
            <tech source="final">estampe/gravure</tech>
            <theme source="final">13</theme>
            <tech CS="1" source="md">estampe/gravure</tech>
            <theme CS="1" source="md">13</theme>
            <contenuImg CS="1.0" lang="en" source="md">animal</contenuImg>
            <contenuImg CS="1.0" lang="en" source="md">bird</contenuImg>
            <contenuImg CS="1.0" lang="en" source="md">verterbrate</contenuImg>
            <titraille>Recueil des divers oiseaux étrangers et peu connus qui se trouvent dans les ouvrages de Messieurs Edwards et Catesby, représentés en taille-douce et exactement coloriés par Jean-Michel Seligmann. Tome 7</titraille>
          </ill>
        </ills>
      </page>
      <page ordre="14">
        <blocIll ocr="1">0</blocIll>
        <ills/>
      </page>
      <page ordre="15">
        <blocIll ocr="1">0</blocIll>
        <ills/>
      </page>
      <page ordre="16">
        <blocIll ocr="1">1</blocIll>
        <ills>
          <ill couleur="coul" h="6893" n="16-1" taille="32" w="4075" x="1" y="1">
            <contenuImg b="24" coul="1" g="55" ordre="6" r="78" source="colorific" type="frg">#4e3718</contenuImg>
            <contenuImg b="82" coul="1" g="110" ordre="5" r="132" source="colorific" type="frg">#846e52</contenuImg>
            <contenuImg b="17" coul="1" g="65" ordre="4" r="75" source="colorific" type="frg">#4b4111</contenuImg>
            <contenuImg b="46" coul="1" g="66" ordre="3" r="109" source="colorific" type="frg">#6d422e</contenuImg>
            <contenuImg b="48" coul="1" g="120" ordre="2" r="131" source="colorific" type="frg">#837830</contenuImg>
            <contenuImg b="124" coul="1" g="149" ordre="1" r="153" source="colorific" type="frg">#99957c</contenuImg>
            <contenuImg CS="1.0" lang="fr" source="md">vertébré</contenuImg>
            <contenuImg CS="1.0" lang="fr" source="md">oiseau</contenuImg>
            <contenuImg CS="1.0" lang="fr" source="md">animal</contenuImg>
            <tech source="final">estampe/gravure</tech>
            <theme source="final">13</theme>
            <tech CS="1" source="md">estampe/gravure</tech>
            <theme CS="1" source="md">13</theme>
            <contenuImg CS="1.0" lang="en" source="md">animal</contenuImg>
            <contenuImg CS="1.0" lang="en" source="md">bird</contenuImg>
            <contenuImg CS="1.0" lang="en" source="md">verterbrate</contenuImg>
            <titraille>Recueil des divers oiseaux étrangers et peu connus qui se trouvent dans les ouvrages de Messieurs Edwards et Catesby, représentés en taille-douce et exactement coloriés par Jean-Michel Seligmann. Tome 7</titraille>
          </ill>
        </ills>
      </page>
      <page ordre="17">
        <blocIll ocr="1">0</blocIll>
        <ills/>
      </page>
      <page ordre="18">
        <blocIll ocr="1">0</blocIll>
        <ills/>
      </page>
      <page ordre="19">
        <blocIll ocr="1">1</blocIll>
        <ills>
          <ill couleur="coul" h="6912" n="19-1" taille="32" w="4108" x="1" y="1">
            <contenuImg b="89" coul="1" g="89" ordre="10" r="82" source="colorific" type="frg">#525959</contenuImg>
            <contenuImg b="57" coul="1" g="73" ordre="9" r="63" source="colorific" type="frg">#3f4939</contenuImg>
            <contenuImg b="46" coul="1" g="74" ordre="8" r="93" source="colorific" type="frg">#5d4a2e</contenuImg>
            <contenuImg b="39" coul="1" g="100" ordre="7" r="90" source="colorific" type="frg">#5a6427</contenuImg>
            <contenuImg b="92" coul="1" g="130" ordre="6" r="113" source="colorific" type="frg">#71825c</contenuImg>
            <contenuImg b="5" coul="1" g="74" ordre="5" r="93" source="colorific" type="frg">#5d4a05</contenuImg>
            <contenuImg b="40" coul="1" g="61" ordre="4" r="102" source="colorific" type="frg">#663d28</contenuImg>
            <contenuImg b="83" coul="1" g="103" ordre="3" r="133" source="colorific" type="frg">#856753</contenuImg>
            <contenuImg b="60" coul="1" g="131" ordre="2" r="156" source="colorific" type="frg">#9c833c</contenuImg>
            <contenuImg b="125" coul="1" g="143" ordre="1" r="154" source="colorific" type="frg">#9a8f7d</contenuImg>
            <contenuImg CS="1.0" lang="fr" source="md">vertébré</contenuImg>
            <contenuImg CS="1.0" lang="fr" source="md">oiseau</contenuImg>
            <contenuImg CS="1.0" lang="fr" source="md">animal</contenuImg>
            <tech source="final">estampe/gravure</tech>
            <theme source="final">13</theme>
            <tech CS="1" source="md">estampe/gravure</tech>
            <theme CS="1" source="md">13</theme>
            <contenuImg CS="1.0" lang="en" source="md">animal</contenuImg>
            <contenuImg CS="1.0" lang="en" source="md">bird</contenuImg>
            <contenuImg CS="1.0" lang="en" source="md">verterbrate</contenuImg>
            <titraille>Recueil des divers oiseaux étrangers et peu connus qui se trouvent dans les ouvrages de Messieurs Edwards et Catesby, représentés en taille-douce et exactement coloriés par Jean-Michel Seligmann. Tome 7</titraille>
          </ill>
        </ills>
      </page>
      <page ordre="20">
        <blocIll ocr="1">0</blocIll>
        <ills/>
      </page>
      <page ordre="21">
        <blocIll ocr="1">0</blocIll>
        <ills/>
      </page>
      <page ordre="22">
        <blocIll ocr="1">1</blocIll>
        <ills>
          <ill couleur="coul" h="6893" n="22-1" taille="32" w="4047" x="1" y="1">
            <contenuImg b="69" coul="1" g="96" ordre="6" r="125" source="colorific" type="frg">#7d6045</contenuImg>
            <contenuImg b="24" coul="1" g="39" ordre="5" r="49" source="colorific" type="frg">#312718</contenuImg>
            <contenuImg b="27" coul="1" g="56" ordre="4" r="58" source="colorific" type="frg">#3a381b</contenuImg>
            <contenuImg b="137" coul="1" g="169" ordre="3" r="200" source="colorific" type="frg">#c8a989</contenuImg>
            <contenuImg b="64" coul="1" g="84" ordre="2" r="92" source="colorific" type="frg">#5c5440</contenuImg>
            <contenuImg b="96" coul="1" g="124" ordre="1" r="120" source="colorific" type="frg">#787c60</contenuImg>
            <contenuImg CS="1.0" lang="fr" source="md">vertébré</contenuImg>
            <contenuImg CS="1.0" lang="fr" source="md">oiseau</contenuImg>
            <contenuImg CS="1.0" lang="fr" source="md">animal</contenuImg>
            <tech source="final">estampe/gravure</tech>
            <theme source="final">13</theme>
            <tech CS="1" source="md">estampe/gravure</tech>
            <theme CS="1" source="md">13</theme>
            <contenuImg CS="1.0" lang="en" source="md">animal</contenuImg>
            <contenuImg CS="1.0" lang="en" source="md">bird</contenuImg>
            <contenuImg CS="1.0" lang="en" source="md">verterbrate</contenuImg>
            <titraille>Recueil des divers oiseaux étrangers et peu connus qui se trouvent dans les ouvrages de Messieurs Edwards et Catesby, représentés en taille-douce et exactement coloriés par Jean-Michel Seligmann. Tome 7</titraille>
          </ill>
        </ills>
      </page>
      <page ordre="23">
        <blocIll ocr="1">0</blocIll>
        <ills/>
      </page>
      <page ordre="24">
        <blocIll ocr="1">0</blocIll>
        <ills/>
      </page>
      <page ordre="25">
        <blocIll ocr="1">1</blocIll>
        <ills>
          <ill couleur="coul" h="6912" n="25-1" taille="32" w="4108" x="1" y="1">
            <contenuImg b="29" coul="1" g="41" ordre="5" r="47" source="colorific" type="frg">#2f291d</contenuImg>
            <contenuImg b="3" coul="1" g="17" ordre="4" r="32" source="colorific" type="frg">#201103</contenuImg>
            <contenuImg b="14" coul="1" g="33" ordre="3" r="53" source="colorific" type="frg">#35210e</contenuImg>
            <contenuImg b="54" coul="1" g="75" ordre="2" r="99" source="colorific" type="frg">#634b36</contenuImg>
            <contenuImg b="102" coul="1" g="130" ordre="1" r="144" source="colorific" type="frg">#908266</contenuImg>
            <contenuImg CS="1.0" lang="fr" source="md">vertébré</contenuImg>
            <contenuImg CS="1.0" lang="fr" source="md">oiseau</contenuImg>
            <contenuImg CS="1.0" lang="fr" source="md">animal</contenuImg>
            <tech source="final">estampe/gravure</tech>
            <theme source="final">13</theme>
            <tech CS="1" source="md">estampe/gravure</tech>
            <theme CS="1" source="md">13</theme>
            <contenuImg CS="1.0" lang="en" source="md">animal</contenuImg>
            <contenuImg CS="1.0" lang="en" source="md">bird</contenuImg>
            <contenuImg CS="1.0" lang="en" source="md">verterbrate</contenuImg>
            <titraille>Recueil des divers oiseaux étrangers et peu connus qui se trouvent dans les ouvrages de Messieurs Edwards et Catesby, représentés en taille-douce et exactement coloriés par Jean-Michel Seligmann. Tome 7</titraille>
          </ill>
        </ills>
      </page>
      <page ordre="26">
        <blocIll ocr="1">0</blocIll>
        <ills/>
      </page>
      <page ordre="27">
        <blocIll ocr="1">0</blocIll>
        <ills/>
      </page>
      <page ordre="28">
        <blocIll ocr="1">0</blocIll>
        <ills/>
      </page>
      <page ordre="29">
        <blocIll ocr="1">0</blocIll>
        <ills/>
      </page>
      <page ordre="30">
        <blocIll ocr="1">0</blocIll>
        <ills/>
      </page>
      <page ordre="31">
        <blocIll ocr="1">0</blocIll>
        <ills/>
      </page>
      <page ordre="32">
        <blocIll ocr="1">0</blocIll>
        <ills/>
      </page>
      <page ordre="33">
        <blocIll ocr="1">0</blocIll>
        <ills/>
      </page>
      <page ordre="34">
        <blocIll ocr="1">1</blocIll>
        <ills>
          <ill couleur="coul" h="6925" n="34-1" taille="32" w="4047" x="1" y="1">
            <contenuImg b="23" coul="1" g="44" ordre="7" r="74" source="colorific" type="frg">#4a2c17</contenuImg>
            <contenuImg b="51" coul="1" g="79" ordre="6" r="123" source="colorific" type="frg">#7b4f33</contenuImg>
            <contenuImg b="17" coul="1" g="34" ordre="5" r="44" source="colorific" type="frg">#2c2211</contenuImg>
            <contenuImg b="66" coul="1" g="87" ordre="4" r="99" source="colorific" type="frg">#635742</contenuImg>
            <contenuImg b="58" coul="1" g="119" ordre="3" r="129" source="colorific" type="frg">#81773a</contenuImg>
            <contenuImg b="134" coul="1" g="161" ordre="2" r="191" source="colorific" type="frg">#bfa186</contenuImg>
            <contenuImg b="122" coul="1" g="148" ordre="1" r="156" source="colorific" type="frg">#9c947a</contenuImg>
            <contenuImg CS="1.0" lang="fr" source="md">vertébré</contenuImg>
            <contenuImg CS="1.0" lang="fr" source="md">oiseau</contenuImg>
            <contenuImg CS="1.0" lang="fr" source="md">animal</contenuImg>
            <tech source="final">estampe/gravure</tech>
            <theme source="final">13</theme>
            <tech CS="1" source="md">estampe/gravure</tech>
            <theme CS="1" source="md">13</theme>
            <contenuImg CS="1.0" lang="en" source="md">animal</contenuImg>
            <contenuImg CS="1.0" lang="en" source="md">bird</contenuImg>
            <contenuImg CS="1.0" lang="en" source="md">verterbrate</contenuImg>
            <titraille>Recueil des divers oiseaux étrangers et peu connus qui se trouvent dans les ouvrages de Messieurs Edwards et Catesby, représentés en taille-douce et exactement coloriés par Jean-Michel Seligmann. Tome 7</titraille>
          </ill>
        </ills>
      </page>
      <page ordre="35">
        <blocIll ocr="1">0</blocIll>
        <ills/>
      </page>
      <page ordre="36">
        <blocIll ocr="1">0</blocIll>
        <ills/>
      </page>
      <page ordre="37">
        <blocIll ocr="1">1</blocIll>
        <ills>
          <ill couleur="coul" edit="1" h="6912" n="37-1" taille="32" w="4108" x="1" y="1">
            <contenuImg b="56" coul="1" g="73" ordre="6" r="68" source="colorific" type="frg">#444938</contenuImg>
            <contenuImg b="6" coul="1" g="30" ordre="5" r="47" source="colorific" type="frg">#2f1e06</contenuImg>
            <contenuImg b="25" coul="1" g="50" ordre="4" r="102" source="colorific" type="frg">#663219</contenuImg>
            <contenuImg b="134" coul="1" g="172" ordre="3" r="201" source="colorific" type="frg">#c9ac86</contenuImg>
            <contenuImg b="37" coul="1" g="61" ordre="2" r="74" source="colorific" type="frg">#4a3d25</contenuImg>
            <contenuImg b="86" coul="1" g="113" ordre="1" r="121" source="colorific" type="frg">#797156</contenuImg>
            <contenuImg CS="1" coul="1" lang="fr" source="hm" time="2019-05-01T18:25:40.374+02:00">bleu</contenuImg>
            <contenuImg CS="1.0" lang="fr" source="md">vertébré</contenuImg>
            <contenuImg CS="1.0" lang="fr" source="md">oiseau</contenuImg>
            <contenuImg CS="1.0" lang="fr" source="md">animal</contenuImg>
            <txt source="google">"Der Grafidianifihe yine Bavegej mi blauer Feheitelindrothem Felwande. - Tab. X. - Bukobashar forlar - 9. ends ad vir dolin. - t.. Salig e r - Carrara - Piffocus, live Macao viridis Brafilienfis. N:1.VII Theil. - L'Aras Verd du Bresil - ",</txt>
            <tech source="final">estampe/gravure</tech>
            <theme source="final">13</theme>
            <tech CS="1" source="md">estampe/gravure</tech>
            <theme CS="1" source="md">13</theme>
            <contenuImg CS="1.0" lang="en" source="md">animal</contenuImg>
            <contenuImg CS="1.0" lang="en" source="md">bird</contenuImg>
            <contenuImg CS="1.0" lang="en" source="md">verterbrate</contenuImg>
            <titraille>Recueil des divers oiseaux étrangers et peu connus qui se trouvent dans les ouvrages de Messieurs Edwards et Catesby, représentés en taille-douce et exactement coloriés par Jean-Michel Seligmann. Tome 7</titraille>
            <contenuImg CS="1" coul="1" lang="en" source="hm" time="2019-05-01T18:25:40.374+02:00">blue color</contenuImg>
          </ill>
        </ills>
      </page>
      <page ordre="38">
        <blocIll ocr="1">0</blocIll>
        <ills/>
      </page>
      <page ordre="39">
        <blocIll ocr="1">0</blocIll>
        <ills/>
      </page>
      <page ordre="40">
        <blocIll ocr="1">0</blocIll>
        <ills/>
      </page>
      <page ordre="41">
        <blocIll ocr="1">0</blocIll>
        <ills/>
      </page>
      <page ordre="42">
        <blocIll ocr="1">0</blocIll>
        <ills/>
      </page>
      <page ordre="43">
        <blocIll ocr="1">0</blocIll>
        <ills/>
      </page>
      <page ordre="44">
        <blocIll ocr="1">0</blocIll>
        <ills/>
      </page>
      <page ordre="45">
        <blocIll ocr="1">0</blocIll>
        <ills/>
      </page>
      <page ordre="46">
        <blocIll ocr="1">1</blocIll>
        <ills>
          <ill couleur="coul" h="6900" n="46-1" taille="32" w="4036" x="1" y="1">
            <contenuImg b="25" coul="1" g="46" ordre="8" r="117" source="colorific" type="frg">#752e19</contenuImg>
            <contenuImg b="68" coul="1" g="71" ordre="7" r="59" source="colorific" type="frg">#3b4744</contenuImg>
            <contenuImg b="61" coul="1" g="91" ordre="6" r="89" source="colorific" type="frg">#595b3d</contenuImg>
            <contenuImg b="55" coul="1" g="82" ordre="5" r="116" source="colorific" type="frg">#745237</contenuImg>
            <contenuImg b="11" coul="1" g="47" ordre="4" r="56" source="colorific" type="frg">#382f0b</contenuImg>
            <contenuImg b="98" coul="1" g="133" ordre="3" r="159" source="colorific" type="frg">#9f8562</contenuImg>
            <contenuImg b="19" coul="1" g="79" ordre="2" r="88" source="colorific" type="frg">#584f13</contenuImg>
            <contenuImg b="117" coul="1" g="154" ordre="1" r="156" source="colorific" type="frg">#9c9a75</contenuImg>
            <contenuImg CS="1.0" lang="fr" source="md">vertébré</contenuImg>
            <contenuImg CS="1.0" lang="fr" source="md">oiseau</contenuImg>
            <contenuImg CS="1.0" lang="fr" source="md">animal</contenuImg>
            <txt source="google">"Sangre pedry writ der bleiten Salat - Tab. - erkude kada sebelum per - Le Perroquet verd face de bleu - Phiffocus viridis fronte coerulea. - Ns Ver Theil. - ",</txt>
            <tech source="final">estampe/gravure</tech>
            <theme source="final">13</theme>
            <tech CS="1" source="md">estampe/gravure</tech>
            <theme CS="1" source="md">13</theme>
            <contenuImg CS="1.0" lang="en" source="md">animal</contenuImg>
            <contenuImg CS="1.0" lang="en" source="md">bird</contenuImg>
            <contenuImg CS="1.0" lang="en" source="md">verterbrate</contenuImg>
            <titraille>Recueil des divers oiseaux étrangers et peu connus qui se trouvent dans les ouvrages de Messieurs Edwards et Catesby, représentés en taille-douce et exactement coloriés par Jean-Michel Seligmann. Tome 7</titraille>
          </ill>
        </ills>
      </page>
      <page ordre="47">
        <blocIll ocr="1">0</blocIll>
        <ills/>
      </page>
      <page ordre="48">
        <blocIll ocr="1">0</blocIll>
        <ills/>
      </page>
      <page ordre="49">
        <blocIll ocr="1">1</blocIll>
        <ills>
          <ill couleur="coul" h="6887" n="49-1" taille="32" w="4044" x="1" y="1">
            <contenuImg b="21" coul="1" g="40" ordre="10" r="107" source="colorific" type="frg">#6b2815</contenuImg>
            <contenuImg b="54" coul="1" g="78" ordre="9" r="150" source="colorific" type="frg">#964e36</contenuImg>
            <contenuImg b="71" coul="1" g="102" ordre="8" r="137" source="colorific" type="frg">#896647</contenuImg>
            <contenuImg b="39" coul="1" g="99" ordre="7" r="99" source="colorific" type="frg">#636327</contenuImg>
            <contenuImg b="11" coul="1" g="56" ordre="6" r="57" source="colorific" type="frg">#39380b</contenuImg>
            <contenuImg b="35" coul="1" g="59" ordre="5" r="70" source="colorific" type="frg">#463b23</contenuImg>
            <contenuImg b="18" coul="1" g="35" ordre="4" r="45" source="colorific" type="frg">#2d2312</contenuImg>
            <contenuImg b="84" coul="1" g="139" ordre="3" r="155" source="colorific" type="frg">#9b8b54</contenuImg>
            <contenuImg b="107" coul="1" g="129" ordre="2" r="140" source="colorific" type="frg">#8c816b</contenuImg>
            <contenuImg b="193" coul="1" g="212" ordre="1" r="217" source="colorific" type="frg">#d9d4c1</contenuImg>
            <contenuImg CS="1.0" lang="fr" source="md">vertébré</contenuImg>
            <contenuImg CS="1.0" lang="fr" source="md">oiseau</contenuImg>
            <contenuImg CS="1.0" lang="fr" source="md">animal</contenuImg>
            <txt source="google">"Selnica o rother Bwegey wis China - Tab. XIV - Sunkul rindelin. - Searre - Prifcus chinenfis ruber et viridis. - N:14.VII - Theil Le Perroquet Rouge et Verd de la Chine - ",</txt>
            <tech source="final">estampe/gravure</tech>
            <theme source="final">13</theme>
            <tech CS="1" source="md">estampe/gravure</tech>
            <theme CS="1" source="md">13</theme>
            <contenuImg CS="1.0" lang="en" source="md">animal</contenuImg>
            <contenuImg CS="1.0" lang="en" source="md">bird</contenuImg>
            <contenuImg CS="1.0" lang="en" source="md">verterbrate</contenuImg>
            <titraille>Recueil des divers oiseaux étrangers et peu connus qui se trouvent dans les ouvrages de Messieurs Edwards et Catesby, représentés en taille-douce et exactement coloriés par Jean-Michel Seligmann. Tome 7</titraille>
          </ill>
        </ills>
      </page>
      <page ordre="50">
        <blocIll ocr="1">0</blocIll>
        <ills/>
      </page>
      <page ordre="51">
        <blocIll ocr="1">0</blocIll>
        <ills/>
      </page>
      <page ordre="52">
        <blocIll ocr="1">0</blocIll>
        <ills/>
      </page>
      <page ordre="53">
        <blocIll ocr="1">0</blocIll>
        <ills/>
      </page>
      <page ordre="54">
        <blocIll ocr="1">0</blocIll>
        <ills/>
      </page>
      <page ordre="55">
        <blocIll ocr="1">0</blocIll>
        <ills/>
      </page>
      <page ordre="56">
        <blocIll ocr="1">0</blocIll>
        <ills/>
      </page>
      <page ordre="57">
        <blocIll ocr="1">0</blocIll>
        <ills/>
      </page>
      <page ordre="58">
        <blocIll ocr="1">1</blocIll>
        <ills>
          <ill couleur="coul" h="6927" n="58-1" taille="32" w="4078" x="1" y="1">
            <contenuImg b="49" coul="1" g="89" ordre="9" r="123" source="colorific" type="frg">#7b5931</contenuImg>
            <contenuImg b="30" coul="1" g="43" ordre="8" r="119" source="colorific" type="frg">#772b1e</contenuImg>
            <contenuImg b="11" coul="1" g="37" ordre="7" r="61" source="colorific" type="frg">#3d250b</contenuImg>
            <contenuImg b="37" coul="1" g="66" ordre="6" r="117" source="colorific" type="frg">#754225</contenuImg>
            <contenuImg b="168" coul="1" g="190" ordre="5" r="214" source="colorific" type="frg">#d6bea8</contenuImg>
            <contenuImg b="123" coul="1" g="152" ordre="4" r="202" source="colorific" type="frg">#ca987b</contenuImg>
            <contenuImg b="38" coul="1" g="107" ordre="3" r="127" source="colorific" type="frg">#7f6b26</contenuImg>
            <contenuImg b="19" coul="1" g="62" ordre="2" r="76" source="colorific" type="frg">#4c3e13</contenuImg>
            <contenuImg b="94" coul="1" g="134" ordre="1" r="135" source="colorific" type="frg">#87865e</contenuImg>
            <contenuImg CS="1.0" lang="fr" source="md">vertébré</contenuImg>
            <contenuImg CS="1.0" lang="fr" source="md">oiseau</contenuImg>
            <contenuImg CS="1.0" lang="fr" source="md">animal</contenuImg>
            <txt source="google">"Ser rothbrillige Bavagry. - Tab.XVII - Xe gir. - Cumhiran wanita - Pfittacus minor India Orientalis N:/WItheit. - pectore rubro - Jokutoboadelor factor - La Perruche à Eftomach Rouge - ",</txt>
            <tech source="final">estampe/gravure</tech>
            <theme source="final">13</theme>
            <tech CS="1" source="md">estampe/gravure</tech>
            <theme CS="1" source="md">13</theme>
            <contenuImg CS="1.0" lang="en" source="md">animal</contenuImg>
            <contenuImg CS="1.0" lang="en" source="md">bird</contenuImg>
            <contenuImg CS="1.0" lang="en" source="md">verterbrate</contenuImg>
            <titraille>Recueil des divers oiseaux étrangers et peu connus qui se trouvent dans les ouvrages de Messieurs Edwards et Catesby, représentés en taille-douce et exactement coloriés par Jean-Michel Seligmann. Tome 7</titraille>
          </ill>
        </ills>
      </page>
      <page ordre="59">
        <blocIll ocr="1">0</blocIll>
        <ills/>
      </page>
      <page ordre="60">
        <blocIll ocr="1">0</blocIll>
        <ills/>
      </page>
      <page ordre="61">
        <blocIll ocr="1">1</blocIll>
        <ills>
          <ill couleur="coul" edit="1" h="6887" n="61-1" taille="32" w="4044" x="1" y="1">
            <contenuImg b="67" coul="1" g="86" ordre="8" r="70" source="colorific" type="frg">#465643</contenuImg>
            <contenuImg b="145" coul="1" g="139" ordre="7" r="111" source="colorific" type="frg">#6f8b91</contenuImg>
            <contenuImg b="18" coul="1" g="41" ordre="6" r="59" source="colorific" type="frg">#3b2912</contenuImg>
            <contenuImg b="102" coul="1" g="164" ordre="5" r="193" source="colorific" type="frg">#c1a466</contenuImg>
            <contenuImg b="14" coul="1" g="48" ordre="4" r="54" source="colorific" type="frg">#36300e</contenuImg>
            <contenuImg b="18" coul="1" g="72" ordre="3" r="81" source="colorific" type="frg">#514812</contenuImg>
            <contenuImg b="66" coul="1" g="87" ordre="2" r="104" source="colorific" type="frg">#685742</contenuImg>
            <contenuImg b="127" coul="1" g="148" ordre="1" r="162" source="colorific" type="frg">#a2947f</contenuImg>
            <contenuImg CS="1" coul="1" lang="fr" source="hm" time="2019-05-01T18:25:49.162+02:00">vert</contenuImg>
            <contenuImg CS="1" coul="1" lang="fr" source="hm" time="2019-05-01T18:25:48.299+02:00">jaune</contenuImg>
            <contenuImg CS="1.0" lang="fr" source="md">vertébré</contenuImg>
            <contenuImg CS="1.0" lang="fr" source="md">oiseau</contenuImg>
            <contenuImg CS="1.0" lang="fr" source="md">animal</contenuImg>
            <txt source="google">"Der roſadovlige Ring papages. - Tab. XVIII - bands adidas - Pogwa w - Jobbiadener page - Cada una - Prifcus minor forgruutuw dapire roleo. N:18 WITheil. La Terruche à Colier, à tête couleur de Roſe - ",</txt>
            <tech source="final">estampe/gravure</tech>
            <theme source="final">13</theme>
            <tech CS="1" source="md">estampe/gravure</tech>
            <theme CS="1" source="md">13</theme>
            <contenuImg CS="1.0" lang="en" source="md">animal</contenuImg>
            <contenuImg CS="1.0" lang="en" source="md">bird</contenuImg>
            <contenuImg CS="1.0" lang="en" source="md">verterbrate</contenuImg>
            <titraille>Recueil des divers oiseaux étrangers et peu connus qui se trouvent dans les ouvrages de Messieurs Edwards et Catesby, représentés en taille-douce et exactement coloriés par Jean-Michel Seligmann. Tome 7</titraille>
            <contenuImg CS="1" coul="1" lang="en" source="hm" time="2019-05-01T18:25:48.299+02:00">yellow color</contenuImg>
            <contenuImg CS="1" coul="1" lang="en" source="hm" time="2019-05-01T18:25:49.162+02:00">green color</contenuImg>
          </ill>
        </ills>
      </page>
      <page ordre="62">
        <blocIll ocr="1">0</blocIll>
        <ills/>
      </page>
      <page ordre="63">
        <blocIll ocr="1">0</blocIll>
        <ills/>
      </page>
      <page ordre="64">
        <blocIll ocr="1">0</blocIll>
        <ills/>
      </page>
      <page ordre="65">
        <blocIll ocr="1">0</blocIll>
        <ills/>
      </page>
      <page ordre="66">
        <blocIll ocr="1">0</blocIll>
        <ills/>
      </page>
      <page ordre="67">
        <blocIll ocr="1">0</blocIll>
        <ills/>
      </page>
      <page ordre="68">
        <blocIll ocr="1">0</blocIll>
        <ills/>
      </page>
      <page ordre="69">
        <blocIll ocr="1">0</blocIll>
        <ills/>
      </page>
      <page ordre="70">
        <blocIll ocr="1">1</blocIll>
        <ills>
          <ill couleur="coul" edit="1" h="6908" n="70-1" taille="32" w="4062" x="1" y="1">
            <contenuImg b="11" coul="1" g="34" ordre="9" r="49" source="colorific" type="frg">#31220b</contenuImg>
            <contenuImg b="19" coul="1" g="54" ordre="8" r="116" source="colorific" type="frg">#743613</contenuImg>
            <contenuImg b="53" coul="1" g="70" ordre="7" r="52" source="colorific" type="frg">#344635</contenuImg>
            <contenuImg b="50" coul="1" g="94" ordre="6" r="124" source="colorific" type="frg">#7c5e32</contenuImg>
            <contenuImg b="16" coul="1" g="50" ordre="5" r="42" source="colorific" type="frg">#2a3210</contenuImg>
            <contenuImg b="18" coul="1" g="79" ordre="4" r="80" source="colorific" type="frg">#504f12</contenuImg>
            <contenuImg b="19" coul="1" g="50" ordre="3" r="77" source="colorific" type="frg">#4d3213</contenuImg>
            <contenuImg b="128" coul="1" g="154" ordre="2" r="175" source="colorific" type="frg">#af9a80</contenuImg>
            <contenuImg b="42" coul="1" g="118" ordre="1" r="126" source="colorific" type="frg">#7e762a</contenuImg>
            <contenuImg CS="1" coul="1" lang="fr" source="hm" time="2019-05-01T18:25:45.543+02:00">vert</contenuImg>
            <contenuImg CS="1.0" lang="fr" source="md">vertébré</contenuImg>
            <contenuImg CS="1.0" lang="fr" source="md">oiseau</contenuImg>
            <contenuImg CS="1.0" lang="fr" source="md">animal</contenuImg>
            <txt source="google">"Briner Papeger mit gelben Bacfen. - Tab-XX1 - -Eduardo al rio delle - Jade - gradi - Varante - Theil - sob sebaft Lori foto - La Perruche fadee de jaune - Pfittacus minor fronte lutea. - 22.VII - ",</txt>
            <tech source="final">estampe/gravure</tech>
            <theme source="final">13</theme>
            <tech CS="1" source="md">estampe/gravure</tech>
            <theme CS="1" source="md">13</theme>
            <contenuImg CS="1.0" lang="en" source="md">animal</contenuImg>
            <contenuImg CS="1.0" lang="en" source="md">bird</contenuImg>
            <contenuImg CS="1.0" lang="en" source="md">verterbrate</contenuImg>
            <titraille>Recueil des divers oiseaux étrangers et peu connus qui se trouvent dans les ouvrages de Messieurs Edwards et Catesby, représentés en taille-douce et exactement coloriés par Jean-Michel Seligmann. Tome 7</titraille>
            <contenuImg CS="1" coul="1" lang="en" source="hm" time="2019-05-01T18:25:45.543+02:00">green color</contenuImg>
          </ill>
        </ills>
      </page>
      <page ordre="71">
        <blocIll ocr="1">0</blocIll>
        <ills/>
      </page>
      <page ordre="72">
        <blocIll ocr="1">0</blocIll>
        <ills/>
      </page>
      <page ordre="73">
        <blocIll ocr="1">1</blocIll>
        <ills>
          <ill couleur="coul" h="6887" n="73-1" taille="32" w="4044" x="1" y="1">
            <contenuImg b="6" coul="1" g="23" ordre="7" r="35" source="colorific" type="frg">#231706</contenuImg>
            <contenuImg b="25" coul="1" g="48" ordre="6" r="41" source="colorific" type="frg">#293019</contenuImg>
            <contenuImg b="69" coul="1" g="94" ordre="5" r="82" source="colorific" type="frg">#525e45</contenuImg>
            <contenuImg b="94" coul="1" g="150" ordre="4" r="163" source="colorific" type="frg">#a3965e</contenuImg>
            <contenuImg b="30" coul="1" g="83" ordre="3" r="96" source="colorific" type="frg">#60531e</contenuImg>
            <contenuImg b="11" coul="1" g="41" ordre="2" r="53" source="colorific" type="frg">#35290b</contenuImg>
            <contenuImg b="110" coul="1" g="134" ordre="1" r="141" source="colorific" type="frg">#8d866e</contenuImg>
            <contenuImg CS="1.0" lang="fr" source="md">vertébré</contenuImg>
            <contenuImg CS="1.0" lang="fr" source="md">oiseau</contenuImg>
            <contenuImg CS="1.0" lang="fr" source="md">animal</contenuImg>
            <tech source="final">estampe/gravure</tech>
            <theme source="final">13</theme>
            <tech CS="1" source="md">estampe/gravure</tech>
            <theme CS="1" source="md">13</theme>
            <contenuImg CS="1.0" lang="en" source="md">animal</contenuImg>
            <contenuImg CS="1.0" lang="en" source="md">bird</contenuImg>
            <contenuImg CS="1.0" lang="en" source="md">verterbrate</contenuImg>
            <titraille>Recueil des divers oiseaux étrangers et peu connus qui se trouvent dans les ouvrages de Messieurs Edwards et Catesby, représentés en taille-douce et exactement coloriés par Jean-Michel Seligmann. Tome 7</titraille>
          </ill>
        </ills>
      </page>
      <page ordre="74">
        <blocIll ocr="1">0</blocIll>
        <ills/>
      </page>
      <page ordre="75">
        <blocIll ocr="1">0</blocIll>
        <ills/>
      </page>
      <page ordre="76">
        <blocIll ocr="1">0</blocIll>
        <ills/>
      </page>
      <page ordre="77">
        <blocIll ocr="1">0</blocIll>
        <ills/>
      </page>
      <page ordre="78">
        <blocIll ocr="1">0</blocIll>
        <ills/>
      </page>
      <page ordre="79">
        <blocIll ocr="1">0</blocIll>
        <ills/>
      </page>
      <page ordre="80">
        <blocIll ocr="1">1</blocIll>
        <ills>
          <ill couleur="coul" h="6878" n="80-1" taille="32" w="4062" x="1" y="1">
            <contenuImg b="33" coul="1" g="51" ordre="6" r="85" source="colorific" type="frg">#553321</contenuImg>
            <contenuImg b="112" coul="1" g="136" ordre="5" r="130" source="colorific" type="frg">#828870</contenuImg>
            <contenuImg b="16" coul="1" g="32" ordre="4" r="33" source="colorific" type="frg">#212010</contenuImg>
            <contenuImg b="105" coul="1" g="147" ordre="3" r="172" source="colorific" type="frg">#ac9369</contenuImg>
            <contenuImg b="49" coul="1" g="82" ordre="2" r="88" source="colorific" type="frg">#585231</contenuImg>
            <contenuImg b="192" coul="1" g="211" ordre="1" r="216" source="colorific" type="frg">#d8d3c0</contenuImg>
            <contenuImg CS="1.0" lang="fr" source="md">vertébré</contenuImg>
            <contenuImg CS="1.0" lang="fr" source="md">oiseau</contenuImg>
            <contenuImg CS="1.0" lang="fr" source="md">animal</contenuImg>
            <txt source="google">"Der Meine Bappagey mit rotlet Flargehu. - \"Tab. XXIV - 2 - Galards ad - dedin - Jobs Baj. Gurer felpur - La petite Perruche à l'aile rouge - Pſittacus minor cauda longillim - viridis et ruber. - 1.2.VIIer Theil. - ",</txt>
            <tech source="final">estampe/gravure</tech>
            <theme source="final">13</theme>
            <tech CS="1" source="md">estampe/gravure</tech>
            <theme CS="1" source="md">13</theme>
            <contenuImg CS="1.0" lang="en" source="md">animal</contenuImg>
            <contenuImg CS="1.0" lang="en" source="md">bird</contenuImg>
            <contenuImg CS="1.0" lang="en" source="md">verterbrate</contenuImg>
            <titraille>Recueil des divers oiseaux étrangers et peu connus qui se trouvent dans les ouvrages de Messieurs Edwards et Catesby, représentés en taille-douce et exactement coloriés par Jean-Michel Seligmann. Tome 7</titraille>
          </ill>
        </ills>
      </page>
      <page ordre="81">
        <blocIll ocr="1">0</blocIll>
        <ills/>
      </page>
      <page ordre="82">
        <blocIll ocr="1">1</blocIll>
        <ills>
          <ill couleur="coul" h="6878" n="82-1" taille="32" w="4062" x="1" y="1">
            <contenuImg b="20" coul="1" g="37" ordre="8" r="99" source="colorific" type="frg">#632514</contenuImg>
            <contenuImg b="5" coul="1" g="26" ordre="7" r="35" source="colorific" type="frg">#231a05</contenuImg>
            <contenuImg b="27" coul="1" g="56" ordre="6" r="78" source="colorific" type="frg">#4e381b</contenuImg>
            <contenuImg b="148" coul="1" g="176" ordre="5" r="203" source="colorific" type="frg">#cbb094</contenuImg>
            <contenuImg b="20" coul="1" g="72" ordre="4" r="80" source="colorific" type="frg">#504814</contenuImg>
            <contenuImg b="15" coul="1" g="45" ordre="3" r="51" source="colorific" type="frg">#332d0f</contenuImg>
            <contenuImg b="65" coul="1" g="91" ordre="2" r="109" source="colorific" type="frg">#6d5b41</contenuImg>
            <contenuImg b="112" coul="1" g="134" ordre="1" r="142" source="colorific" type="frg">#8e8670</contenuImg>
            <contenuImg CS="1.0" lang="fr" source="md">vertébré</contenuImg>
            <contenuImg CS="1.0" lang="fr" source="md">oiseau</contenuImg>
            <contenuImg CS="1.0" lang="fr" source="md">animal</contenuImg>
            <tech source="final">estampe/gravure</tech>
            <theme source="final">13</theme>
            <tech CS="1" source="md">estampe/gravure</tech>
            <theme CS="1" source="md">13</theme>
            <contenuImg CS="1.0" lang="en" source="md">animal</contenuImg>
            <contenuImg CS="1.0" lang="en" source="md">bird</contenuImg>
            <contenuImg CS="1.0" lang="en" source="md">verterbrate</contenuImg>
            <titraille>Recueil des divers oiseaux étrangers et peu connus qui se trouvent dans les ouvrages de Messieurs Edwards et Catesby, représentés en taille-douce et exactement coloriés par Jean-Michel Seligmann. Tome 7</titraille>
          </ill>
        </ills>
      </page>
      <page ordre="83">
        <blocIll ocr="1">0</blocIll>
        <ills/>
      </page>
      <page ordre="84">
        <blocIll ocr="1">0</blocIll>
        <ills/>
      </page>
      <page ordre="85">
        <blocIll ocr="1">0</blocIll>
        <ills/>
      </page>
      <page ordre="86">
        <blocIll ocr="1">1</blocIll>
        <ills>
          <ill couleur="coul" h="6878" n="86-1" taille="32" w="4062" x="1" y="1">
            <contenuImg b="30" coul="1" g="46" ordre="7" r="67" source="colorific" type="frg">#432e1e</contenuImg>
            <contenuImg b="35" coul="1" g="44" ordre="6" r="134" source="colorific" type="frg">#862c23</contenuImg>
            <contenuImg b="99" coul="1" g="136" ordre="5" r="163" source="colorific" type="frg">#a38863</contenuImg>
            <contenuImg b="112" coul="1" g="160" ordre="4" r="161" source="colorific" type="frg">#a1a070</contenuImg>
            <contenuImg b="47" coul="1" g="59" ordre="3" r="62" source="colorific" type="frg">#3e3b2f</contenuImg>
            <contenuImg b="15" coul="1" g="28" ordre="2" r="37" source="colorific" type="frg">#251c0f</contenuImg>
            <contenuImg b="68" coul="1" g="93" ordre="1" r="96" source="colorific" type="frg">#605d44</contenuImg>
            <contenuImg CS="1.0" lang="fr" source="md">vertébré</contenuImg>
            <contenuImg CS="1.0" lang="fr" source="md">oiseau</contenuImg>
            <contenuImg CS="1.0" lang="fr" source="md">animal</contenuImg>
            <tech source="final">estampe/gravure</tech>
            <theme source="final">13</theme>
            <tech CS="1" source="md">estampe/gravure</tech>
            <theme CS="1" source="md">13</theme>
            <contenuImg CS="1.0" lang="en" source="md">animal</contenuImg>
            <contenuImg CS="1.0" lang="en" source="md">bird</contenuImg>
            <contenuImg CS="1.0" lang="en" source="md">verterbrate</contenuImg>
            <titraille>Recueil des divers oiseaux étrangers et peu connus qui se trouvent dans les ouvrages de Messieurs Edwards et Catesby, représentés en taille-douce et exactement coloriés par Jean-Michel Seligmann. Tome 7</titraille>
          </ill>
        </ills>
      </page>
      <page ordre="87">
        <blocIll ocr="1">0</blocIll>
        <ills/>
      </page>
      <page ordre="88">
        <blocIll ocr="1">0</blocIll>
        <ills/>
      </page>
      <page ordre="89">
        <blocIll ocr="1">1</blocIll>
        <ills>
          <ill couleur="coul" edit="1" h="6843" n="89-1" taille="32" w="4087" x="1" y="1">
            <contenuImg b="136" coul="1" g="135" ordre="10" r="119" source="colorific" type="frg">#778788</contenuImg>
            <contenuImg b="100" coul="1" g="151" ordre="9" r="152" source="colorific" type="frg">#989764</contenuImg>
            <contenuImg b="32" coul="1" g="30" ordre="8" r="22" source="colorific" type="frg">#161e20</contenuImg>
            <contenuImg b="21" coul="1" g="38" ordre="7" r="113" source="colorific" type="frg">#712615</contenuImg>
            <contenuImg b="31" coul="1" g="83" ordre="6" r="81" source="colorific" type="frg">#51531f</contenuImg>
            <contenuImg b="91" coul="1" g="84" ordre="5" r="71" source="colorific" type="frg">#47545b</contenuImg>
            <contenuImg b="116" coul="1" g="135" ordre="4" r="161" source="colorific" type="frg">#a18774</contenuImg>
            <contenuImg b="52" coul="1" g="97" ordre="3" r="130" source="colorific" type="frg">#826134</contenuImg>
            <contenuImg b="16" coul="1" g="50" ordre="2" r="72" source="colorific" type="frg">#483210</contenuImg>
            <contenuImg b="97" coul="1" g="117" ordre="1" r="125" source="colorific" type="frg">#7d7561</contenuImg>
            <contenuImg CS="1" coul="1" lang="fr" source="hm" time="2019-05-01T18:25:52.86+02:00">rouge</contenuImg>
            <contenuImg CS="1" coul="1" lang="fr" source="hm" time="2019-05-01T18:25:51.462+02:00">bleu</contenuImg>
            <contenuImg CS="1.0" lang="fr" source="md">vertébré</contenuImg>
            <contenuImg CS="1.0" lang="fr" source="md">oiseau</contenuImg>
            <contenuImg CS="1.0" lang="fr" source="md">animal</contenuImg>
            <tech source="final">estampe/gravure</tech>
            <theme source="final">13</theme>
            <tech CS="1" source="md">estampe/gravure</tech>
            <theme CS="1" source="md">13</theme>
            <contenuImg CS="1.0" lang="en" source="md">animal</contenuImg>
            <contenuImg CS="1.0" lang="en" source="md">bird</contenuImg>
            <contenuImg CS="1.0" lang="en" source="md">verterbrate</contenuImg>
            <titraille>Recueil des divers oiseaux étrangers et peu connus qui se trouvent dans les ouvrages de Messieurs Edwards et Catesby, représentés en taille-douce et exactement coloriés par Jean-Michel Seligmann. Tome 7</titraille>
            <contenuImg CS="1" coul="1" lang="en" source="hm" time="2019-05-01T18:25:51.462+02:00">blue color</contenuImg>
            <contenuImg CS="1" coul="1" lang="en" source="hm" time="2019-05-01T18:25:52.86+02:00">red color</contenuImg>
          </ill>
        </ills>
      </page>
      <page ordre="90">
        <blocIll ocr="1">0</blocIll>
        <ills/>
      </page>
      <page ordre="91">
        <blocIll ocr="1">0</blocIll>
        <ills/>
      </page>
      <page ordre="92">
        <blocIll ocr="1">1</blocIll>
        <ills>
          <ill couleur="coul" h="6900" n="92-1" taille="32" w="4062" x="1" y="1">
            <contenuImg b="68" coul="1" g="88" ordre="7" r="107" source="colorific" type="frg">#6b5844</contenuImg>
            <contenuImg b="14" coul="1" g="26" ordre="6" r="31" source="colorific" type="frg">#1f1a0e</contenuImg>
            <contenuImg b="148" coul="1" g="175" ordre="5" r="205" source="colorific" type="frg">#cdaf94</contenuImg>
            <contenuImg b="34" coul="1" g="52" ordre="4" r="55" source="colorific" type="frg">#373422</contenuImg>
            <contenuImg b="23" coul="1" g="38" ordre="3" r="65" source="colorific" type="frg">#412617</contenuImg>
            <contenuImg b="103" coul="1" g="160" ordre="2" r="163" source="colorific" type="frg">#a3a067</contenuImg>
            <contenuImg b="63" coul="1" g="88" ordre="1" r="92" source="colorific" type="frg">#5c583f</contenuImg>
            <contenuImg CS="1.0" lang="fr" source="md">vertébré</contenuImg>
            <contenuImg CS="1.0" lang="fr" source="md">oiseau</contenuImg>
            <contenuImg CS="1.0" lang="fr" source="md">animal</contenuImg>
            <txt source="google">"Der Daißbeißer. - Tab.xxx - Ce cecanja tudi - Caryocafactes, vel Nucifraga. N:30 Vrter Theil. - Le Caffe Noix - ",</txt>
            <tech source="final">estampe/gravure</tech>
            <theme source="final">13</theme>
            <tech CS="1" source="md">estampe/gravure</tech>
            <theme CS="1" source="md">13</theme>
            <contenuImg CS="1.0" lang="en" source="md">animal</contenuImg>
            <contenuImg CS="1.0" lang="en" source="md">bird</contenuImg>
            <contenuImg CS="1.0" lang="en" source="md">verterbrate</contenuImg>
            <titraille>Recueil des divers oiseaux étrangers et peu connus qui se trouvent dans les ouvrages de Messieurs Edwards et Catesby, représentés en taille-douce et exactement coloriés par Jean-Michel Seligmann. Tome 7</titraille>
          </ill>
        </ills>
      </page>
      <page ordre="93">
        <blocIll ocr="1">0</blocIll>
        <ills/>
      </page>
      <page ordre="94">
        <blocIll ocr="1">0</blocIll>
        <ills/>
      </page>
      <page ordre="95">
        <blocIll ocr="1">1</blocIll>
        <ills>
          <ill couleur="coul" h="6843" n="95-1" taille="32" w="4087" x="1" y="1">
            <contenuImg b="57" coul="1" g="74" ordre="10" r="117" source="colorific" type="frg">#754a39</contenuImg>
            <contenuImg b="117" coul="1" g="137" ordre="9" r="132" source="colorific" type="frg">#848975</contenuImg>
            <contenuImg b="111" coul="1" g="106" ordre="8" r="87" source="colorific" type="frg">#576a6f</contenuImg>
            <contenuImg b="36" coul="1" g="37" ordre="7" r="100" source="colorific" type="frg">#642524</contenuImg>
            <contenuImg b="71" coul="1" g="75" ordre="6" r="63" source="colorific" type="frg">#3f4b47</contenuImg>
            <contenuImg b="31" coul="1" g="44" ordre="5" r="53" source="colorific" type="frg">#352c1f</contenuImg>
            <contenuImg b="82" coul="1" g="112" ordre="4" r="145" source="colorific" type="frg">#917052</contenuImg>
            <contenuImg b="31" coul="1" g="55" ordre="3" r="81" source="colorific" type="frg">#51371f</contenuImg>
            <contenuImg b="107" coul="1" g="154" ordre="2" r="167" source="colorific" type="frg">#a79a6b</contenuImg>
            <contenuImg b="44" coul="1" g="90" ordre="1" r="105" source="colorific" type="frg">#695a2c</contenuImg>
            <contenuImg CS="1.0" lang="fr" source="md">vertébré</contenuImg>
            <contenuImg CS="1.0" lang="fr" source="md">oiseau</contenuImg>
            <contenuImg CS="1.0" lang="fr" source="md">animal</contenuImg>
            <txt source="google">"Der blaiv Yanafu mt Bürpurforber Bruſt. - Tab.XXXI - tom - obafalutem - Curren t - Pares coeruleus pectore purpureo. N:32.VI/Thail. Le Manakin Blue à poitrine pourpre - ",</txt>
            <tech source="final">estampe/gravure</tech>
            <theme source="final">13</theme>
            <tech CS="1" source="md">estampe/gravure</tech>
            <theme CS="1" source="md">13</theme>
            <contenuImg CS="1.0" lang="en" source="md">animal</contenuImg>
            <contenuImg CS="1.0" lang="en" source="md">bird</contenuImg>
            <contenuImg CS="1.0" lang="en" source="md">verterbrate</contenuImg>
            <titraille>Recueil des divers oiseaux étrangers et peu connus qui se trouvent dans les ouvrages de Messieurs Edwards et Catesby, représentés en taille-douce et exactement coloriés par Jean-Michel Seligmann. Tome 7</titraille>
          </ill>
        </ills>
      </page>
      <page ordre="96">
        <blocIll ocr="1">0</blocIll>
        <ills/>
      </page>
      <page ordre="97">
        <blocIll ocr="1">0</blocIll>
        <ills/>
      </page>
      <page ordre="98">
        <blocIll ocr="1">1</blocIll>
        <ills>
          <ill couleur="coul" h="6900" n="98-1" taille="32" w="4062" x="1" y="1">
            <contenuImg b="60" coul="1" g="62" ordre="9" r="46" source="colorific" type="frg">#2e3e3c</contenuImg>
            <contenuImg b="31" coul="1" g="42" ordre="8" r="35" source="colorific" type="frg">#232a1f</contenuImg>
            <contenuImg b="108" coul="1" g="147" ordre="7" r="183" source="colorific" type="frg">#b7936c</contenuImg>
            <contenuImg b="47" coul="1" g="75" ordre="6" r="102" source="colorific" type="frg">#664b2f</contenuImg>
            <contenuImg b="121" coul="1" g="147" ordre="5" r="142" source="colorific" type="frg">#8e9379</contenuImg>
            <contenuImg b="15" coul="1" g="34" ordre="4" r="47" source="colorific" type="frg">#2f220f</contenuImg>
            <contenuImg b="59" coul="1" g="72" ordre="3" r="70" source="colorific" type="frg">#46483b</contenuImg>
            <contenuImg b="24" coul="1" g="72" ordre="2" r="70" source="colorific" type="frg">#464818</contenuImg>
            <contenuImg b="100" coul="1" g="157" ordre="1" r="167" source="colorific" type="frg">#a79d64</contenuImg>
            <contenuImg CS="1.0" lang="fr" source="md">vertébré</contenuImg>
            <contenuImg CS="1.0" lang="fr" source="md">oiseau</contenuImg>
            <contenuImg CS="1.0" lang="fr" source="md">animal</contenuImg>
            <tech source="final">estampe/gravure</tech>
            <theme source="final">13</theme>
            <tech CS="1" source="md">estampe/gravure</tech>
            <theme CS="1" source="md">13</theme>
            <contenuImg CS="1.0" lang="en" source="md">animal</contenuImg>
            <contenuImg CS="1.0" lang="en" source="md">bird</contenuImg>
            <contenuImg CS="1.0" lang="en" source="md">verterbrate</contenuImg>
            <titraille>Recueil des divers oiseaux étrangers et peu connus qui se trouvent dans les ouvrages de Messieurs Edwards et Catesby, représentés en taille-douce et exactement coloriés par Jean-Michel Seligmann. Tome 7</titraille>
          </ill>
        </ills>
      </page>
      <page ordre="99">
        <blocIll ocr="1">0</blocIll>
        <ills/>
      </page>
      <page ordre="100">
        <blocIll ocr="1">0</blocIll>
        <ills/>
      </page>
      <page ordre="101">
        <blocIll ocr="1">1</blocIll>
        <ills>
          <ill couleur="coul" h="6843" n="101-1" taille="32" w="4087" x="1" y="1">
            <contenuImg b="26" coul="1" g="68" ordre="6" r="102" source="colorific" type="frg">#66441a</contenuImg>
            <contenuImg b="45" coul="1" g="116" ordre="5" r="155" source="colorific" type="frg">#9b742d</contenuImg>
            <contenuImg b="133" coul="1" g="187" ordre="4" r="197" source="colorific" type="frg">#c5bb85</contenuImg>
            <contenuImg b="30" coul="1" g="47" ordre="3" r="54" source="colorific" type="frg">#362f1e</contenuImg>
            <contenuImg b="85" coul="1" g="111" ordre="2" r="112" source="colorific" type="frg">#706f55</contenuImg>
            <contenuImg b="193" coul="1" g="212" ordre="1" r="217" source="colorific" type="frg">#d9d4c1</contenuImg>
            <contenuImg CS="1.0" lang="fr" source="md">vertébré</contenuImg>
            <contenuImg CS="1.0" lang="fr" source="md">oiseau</contenuImg>
            <contenuImg CS="1.0" lang="fr" source="md">animal</contenuImg>
            <tech source="final">estampe/gravure</tech>
            <theme source="final">13</theme>
            <tech CS="1" source="md">estampe/gravure</tech>
            <theme CS="1" source="md">13</theme>
            <contenuImg CS="1.0" lang="en" source="md">animal</contenuImg>
            <contenuImg CS="1.0" lang="en" source="md">bird</contenuImg>
            <contenuImg CS="1.0" lang="en" source="md">verterbrate</contenuImg>
            <titraille>Recueil des divers oiseaux étrangers et peu connus qui se trouvent dans les ouvrages de Messieurs Edwards et Catesby, représentés en taille-douce et exactement coloriés par Jean-Michel Seligmann. Tome 7</titraille>
          </ill>
        </ills>
      </page>
      <page ordre="102">
        <blocIll ocr="1">0</blocIll>
        <ills/>
      </page>
      <page ordre="103">
        <blocIll ocr="1">0</blocIll>
        <ills/>
      </page>
      <page ordre="104">
        <blocIll ocr="1">1</blocIll>
        <ills>
          <ill couleur="coul" h="6900" n="104-1" taille="32" w="4110" x="1" y="1">
            <contenuImg b="55" coul="1" g="76" ordre="9" r="118" source="colorific" type="frg">#764c37</contenuImg>
            <contenuImg b="0" coul="1" g="0" ordre="8" r="0" source="colorific" type="frg">#000000</contenuImg>
            <contenuImg b="28" coul="1" g="48" ordre="7" r="123" source="colorific" type="frg">#7b301c</contenuImg>
            <contenuImg b="9" coul="1" g="22" ordre="6" r="34" source="colorific" type="frg">#221609</contenuImg>
            <contenuImg b="96" coul="1" g="123" ordre="5" r="158" source="colorific" type="frg">#9e7b60</contenuImg>
            <contenuImg b="68" coul="1" g="91" ordre="4" r="100" source="colorific" type="frg">#645b44</contenuImg>
            <contenuImg b="107" coul="1" g="157" ordre="3" r="157" source="colorific" type="frg">#9d9d6b</contenuImg>
            <contenuImg b="21" coul="1" g="37" ordre="2" r="42" source="colorific" type="frg">#2a2515</contenuImg>
            <contenuImg b="42" coul="1" g="58" ordre="1" r="69" source="colorific" type="frg">#453a2a</contenuImg>
            <contenuImg CS="1.0" lang="fr" source="md">vertébré</contenuImg>
            <contenuImg CS="1.0" lang="fr" source="md">oiseau</contenuImg>
            <contenuImg CS="1.0" lang="fr" source="md">animal</contenuImg>
            <tech source="final">estampe/gravure</tech>
            <theme source="final">13</theme>
            <tech CS="1" source="md">estampe/gravure</tech>
            <theme CS="1" source="md">13</theme>
            <contenuImg CS="1.0" lang="en" source="md">animal</contenuImg>
            <contenuImg CS="1.0" lang="en" source="md">bird</contenuImg>
            <contenuImg CS="1.0" lang="en" source="md">verterbrate</contenuImg>
            <titraille>Recueil des divers oiseaux étrangers et peu connus qui se trouvent dans les ouvrages de Messieurs Edwards et Catesby, représentés en taille-douce et exactement coloriés par Jean-Michel Seligmann. Tome 7</titraille>
          </ill>
        </ills>
      </page>
      <page ordre="105">
        <blocIll ocr="1">0</blocIll>
        <ills/>
      </page>
      <page ordre="106">
        <blocIll ocr="1">0</blocIll>
        <ills/>
      </page>
      <page ordre="107">
        <blocIll ocr="1">1</blocIll>
        <ills>
          <ill couleur="coul" h="6843" n="107-1" taille="32" w="4115" x="1" y="1">
            <contenuImg b="37" coul="1" g="59" ordre="7" r="111" source="colorific" type="frg">#6f3b25</contenuImg>
            <contenuImg b="13" coul="1" g="39" ordre="6" r="64" source="colorific" type="frg">#40270d</contenuImg>
            <contenuImg b="99" coul="1" g="109" ordre="5" r="96" source="colorific" type="frg">#606d63</contenuImg>
            <contenuImg b="119" coul="1" g="145" ordre="4" r="173" source="colorific" type="frg">#ad9177</contenuImg>
            <contenuImg b="31" coul="1" g="95" ordre="3" r="103" source="colorific" type="frg">#675f1f</contenuImg>
            <contenuImg b="32" coul="1" g="64" ordre="2" r="83" source="colorific" type="frg">#534020</contenuImg>
            <contenuImg b="110" coul="1" g="161" ordre="1" r="177" source="colorific" type="frg">#b1a16e</contenuImg>
            <contenuImg CS="1.0" lang="fr" source="md">vertébré</contenuImg>
            <contenuImg CS="1.0" lang="fr" source="md">oiseau</contenuImg>
            <contenuImg CS="1.0" lang="fr" source="md">animal</contenuImg>
            <tech source="final">estampe/gravure</tech>
            <theme source="final">13</theme>
            <tech CS="1" source="md">estampe/gravure</tech>
            <theme CS="1" source="md">13</theme>
            <contenuImg CS="1.0" lang="en" source="md">animal</contenuImg>
            <contenuImg CS="1.0" lang="en" source="md">bird</contenuImg>
            <contenuImg CS="1.0" lang="en" source="md">verterbrate</contenuImg>
            <titraille>Recueil des divers oiseaux étrangers et peu connus qui se trouvent dans les ouvrages de Messieurs Edwards et Catesby, représentés en taille-douce et exactement coloriés par Jean-Michel Seligmann. Tome 7</titraille>
          </ill>
        </ills>
      </page>
      <page ordre="108">
        <blocIll ocr="1">0</blocIll>
        <ills/>
      </page>
      <page ordre="109">
        <blocIll ocr="1">0</blocIll>
        <ills/>
      </page>
      <page ordre="110">
        <blocIll ocr="1">1</blocIll>
        <ills>
          <ill couleur="coul" h="6936" n="110-1" taille="32" w="4116" x="1" y="1">
            <contenuImg b="3" coul="1" g="13" ordre="10" r="37" source="colorific" type="frg">#250d03</contenuImg>
            <contenuImg b="0" coul="1" g="0" ordre="9" r="0" source="colorific" type="frg">#000000</contenuImg>
            <contenuImg b="6" coul="1" g="21" ordre="8" r="59" source="colorific" type="frg">#3b1506</contenuImg>
            <contenuImg b="41" coul="1" g="58" ordre="7" r="68" source="colorific" type="frg">#443a29</contenuImg>
            <contenuImg b="57" coul="1" g="91" ordre="6" r="91" source="colorific" type="frg">#5b5b39</contenuImg>
            <contenuImg b="47" coul="1" g="72" ordre="5" r="105" source="colorific" type="frg">#69482f</contenuImg>
            <contenuImg b="92" coul="1" g="160" ordre="4" r="167" source="colorific" type="frg">#a7a05c</contenuImg>
            <contenuImg b="15" coul="1" g="28" ordre="3" r="33" source="colorific" type="frg">#211c0f</contenuImg>
            <contenuImg b="26" coul="1" g="45" ordre="2" r="82" source="colorific" type="frg">#522d1a</contenuImg>
            <contenuImg b="120" coul="1" g="148" ordre="1" r="160" source="colorific" type="frg">#a09478</contenuImg>
            <contenuImg CS="1.0" lang="fr" source="md">vertébré</contenuImg>
            <contenuImg CS="1.0" lang="fr" source="md">oiseau</contenuImg>
            <contenuImg CS="1.0" lang="fr" source="md">animal</contenuImg>
            <txt source="google">"Das Dabelhinha - Tab XXXVI - VID - an ada di - A - Affugen, verus Francolino Italorum, Nor - wow - ther - Le Francolin - ",</txt>
            <tech source="final">estampe/gravure</tech>
            <theme source="final">13</theme>
            <tech CS="1" source="md">estampe/gravure</tech>
            <theme CS="1" source="md">13</theme>
            <contenuImg CS="1.0" lang="en" source="md">animal</contenuImg>
            <contenuImg CS="1.0" lang="en" source="md">bird</contenuImg>
            <contenuImg CS="1.0" lang="en" source="md">verterbrate</contenuImg>
            <titraille>Recueil des divers oiseaux étrangers et peu connus qui se trouvent dans les ouvrages de Messieurs Edwards et Catesby, représentés en taille-douce et exactement coloriés par Jean-Michel Seligmann. Tome 7</titraille>
          </ill>
        </ills>
      </page>
      <page ordre="111">
        <blocIll ocr="1">0</blocIll>
        <ills/>
      </page>
      <page ordre="112">
        <blocIll ocr="1">0</blocIll>
        <ills/>
      </page>
      <page ordre="113">
        <blocIll ocr="1">1</blocIll>
        <ills>
          <ill couleur="coul" h="6843" n="113-1" taille="32" w="4115" x="1" y="1">
            <contenuImg b="32" coul="1" g="61" ordre="9" r="58" source="colorific" type="frg">#3a3d20</contenuImg>
            <contenuImg b="23" coul="1" g="43" ordre="8" r="75" source="colorific" type="frg">#4b2b17</contenuImg>
            <contenuImg b="15" coul="1" g="38" ordre="7" r="50" source="colorific" type="frg">#32260f</contenuImg>
            <contenuImg b="80" coul="1" g="89" ordre="6" r="84" source="colorific" type="frg">#545950</contenuImg>
            <contenuImg b="38" coul="1" g="88" ordre="5" r="89" source="colorific" type="frg">#595826</contenuImg>
            <contenuImg b="63" coul="1" g="87" ordre="4" r="115" source="colorific" type="frg">#73573f</contenuImg>
            <contenuImg b="176" coul="1" g="180" ordre="3" r="168" source="colorific" type="frg">#a8b4b0</contenuImg>
            <contenuImg b="83" coul="1" g="134" ordre="2" r="141" source="colorific" type="frg">#8d8653</contenuImg>
            <contenuImg b="127" coul="1" g="149" ordre="1" r="167" source="colorific" type="frg">#a7957f</contenuImg>
            <contenuImg CS="1.0" lang="fr" source="md">vertébré</contenuImg>
            <contenuImg CS="1.0" lang="fr" source="md">oiseau</contenuImg>
            <contenuImg CS="1.0" lang="fr" source="md">animal</contenuImg>
            <tech source="final">estampe/gravure</tech>
            <theme source="final">13</theme>
            <tech CS="1" source="md">estampe/gravure</tech>
            <theme CS="1" source="md">13</theme>
            <contenuImg CS="1.0" lang="en" source="md">animal</contenuImg>
            <contenuImg CS="1.0" lang="en" source="md">bird</contenuImg>
            <contenuImg CS="1.0" lang="en" source="md">verterbrate</contenuImg>
            <titraille>Recueil des divers oiseaux étrangers et peu connus qui se trouvent dans les ouvrages de Messieurs Edwards et Catesby, représentés en taille-douce et exactement coloriés par Jean-Michel Seligmann. Tome 7</titraille>
          </ill>
        </ills>
      </page>
      <page ordre="114">
        <blocIll ocr="1">0</blocIll>
        <ills/>
      </page>
      <page ordre="115">
        <blocIll ocr="1">0</blocIll>
        <ills/>
      </page>
      <page ordre="116">
        <blocIll ocr="1">0</blocIll>
        <ills/>
      </page>
      <page ordre="117">
        <blocIll ocr="1">1</blocIll>
        <ills>
          <ill couleur="coul" h="6793" n="117-1" taille="32" w="4115" x="1" y="1">
            <contenuImg b="18" coul="1" g="43" ordre="9" r="40" source="colorific" type="frg">#282b12</contenuImg>
            <contenuImg b="7" coul="1" g="20" ordre="8" r="32" source="colorific" type="frg">#201407</contenuImg>
            <contenuImg b="53" coul="1" g="77" ordre="7" r="113" source="colorific" type="frg">#714d35</contenuImg>
            <contenuImg b="39" coul="1" g="59" ordre="6" r="117" source="colorific" type="frg">#753b27</contenuImg>
            <contenuImg b="37" coul="1" g="70" ordre="5" r="65" source="colorific" type="frg">#414625</contenuImg>
            <contenuImg b="59" coul="1" g="83" ordre="4" r="99" source="colorific" type="frg">#63533b</contenuImg>
            <contenuImg b="14" coul="1" g="33" ordre="3" r="56" source="colorific" type="frg">#38210e</contenuImg>
            <contenuImg b="95" coul="1" g="154" ordre="2" r="163" source="colorific" type="frg">#a39a5f</contenuImg>
            <contenuImg b="115" coul="1" g="137" ordre="1" r="145" source="colorific" type="frg">#918973</contenuImg>
            <contenuImg CS="1.0" lang="fr" source="md">vertébré</contenuImg>
            <contenuImg CS="1.0" lang="fr" source="md">oiseau</contenuImg>
            <contenuImg CS="1.0" lang="fr" source="md">animal</contenuImg>
            <tech source="final">estampe/gravure</tech>
            <theme source="final">13</theme>
            <tech CS="1" source="md">estampe/gravure</tech>
            <theme CS="1" source="md">13</theme>
            <contenuImg CS="1.0" lang="en" source="md">animal</contenuImg>
            <contenuImg CS="1.0" lang="en" source="md">bird</contenuImg>
            <contenuImg CS="1.0" lang="en" source="md">verterbrate</contenuImg>
            <titraille>Recueil des divers oiseaux étrangers et peu connus qui se trouvent dans les ouvrages de Messieurs Edwards et Catesby, représentés en taille-douce et exactement coloriés par Jean-Michel Seligmann. Tome 7</titraille>
          </ill>
        </ills>
      </page>
      <page ordre="118">
        <blocIll ocr="1">0</blocIll>
        <ills/>
      </page>
      <page ordre="119">
        <blocIll ocr="1">0</blocIll>
        <ills/>
      </page>
      <page ordre="120">
        <blocIll ocr="1">1</blocIll>
        <ills>
          <ill couleur="coul" h="6938" n="120-1" taille="32" w="4115" x="1" y="1">
            <contenuImg b="51" coul="1" g="67" ordre="7" r="102" source="colorific" type="frg">#664333</contenuImg>
            <contenuImg b="13" coul="1" g="25" ordre="6" r="33" source="colorific" type="frg">#21190d</contenuImg>
            <contenuImg b="121" coul="1" g="147" ordre="5" r="169" source="colorific" type="frg">#a99379</contenuImg>
            <contenuImg b="25" coul="1" g="41" ordre="4" r="62" source="colorific" type="frg">#3e2919</contenuImg>
            <contenuImg b="40" coul="1" g="48" ordre="3" r="51" source="colorific" type="frg">#333028</contenuImg>
            <contenuImg b="47" coul="1" g="68" ordre="2" r="83" source="colorific" type="frg">#53442f</contenuImg>
            <contenuImg b="89" coul="1" g="119" ordre="1" r="124" source="colorific" type="frg">#7c7759</contenuImg>
            <contenuImg CS="1.0" lang="fr" source="md">vertébré</contenuImg>
            <contenuImg CS="1.0" lang="fr" source="md">oiseau</contenuImg>
            <contenuImg CS="1.0" lang="fr" source="md">animal</contenuImg>
            <txt source="google">"Der Tudiwariſche Erappe - TAXXXX - Ofis Bengalenfis,ibi charge daetud. NEVE - Z - Outarde des Indes - ",</txt>
            <tech source="final">estampe/gravure</tech>
            <theme source="final">13</theme>
            <tech CS="1" source="md">estampe/gravure</tech>
            <theme CS="1" source="md">13</theme>
            <contenuImg CS="1.0" lang="en" source="md">animal</contenuImg>
            <contenuImg CS="1.0" lang="en" source="md">bird</contenuImg>
            <contenuImg CS="1.0" lang="en" source="md">verterbrate</contenuImg>
            <titraille>Recueil des divers oiseaux étrangers et peu connus qui se trouvent dans les ouvrages de Messieurs Edwards et Catesby, représentés en taille-douce et exactement coloriés par Jean-Michel Seligmann. Tome 7</titraille>
          </ill>
        </ills>
      </page>
      <page ordre="121">
        <blocIll ocr="1">0</blocIll>
        <ills/>
      </page>
      <page ordre="122">
        <blocIll ocr="1">0</blocIll>
        <ills/>
      </page>
      <page ordre="123">
        <blocIll ocr="1">1</blocIll>
        <ills>
          <ill couleur="coul" h="6825" n="123-1" taille="32" w="4115" x="1" y="1">
            <contenuImg b="19" coul="1" g="38" ordre="7" r="42" source="colorific" type="frg">#2a2613</contenuImg>
            <contenuImg b="7" coul="1" g="20" ordre="6" r="29" source="colorific" type="frg">#1d1407</contenuImg>
            <contenuImg b="43" coul="1" g="62" ordre="5" r="77" source="colorific" type="frg">#4d3e2b</contenuImg>
            <contenuImg b="70" coul="1" g="94" ordre="4" r="119" source="colorific" type="frg">#775e46</contenuImg>
            <contenuImg b="50" coul="1" g="78" ordre="3" r="80" source="colorific" type="frg">#504e32</contenuImg>
            <contenuImg b="16" coul="1" g="31" ordre="2" r="51" source="colorific" type="frg">#331f10</contenuImg>
            <contenuImg b="100" coul="1" g="131" ordre="1" r="135" source="colorific" type="frg">#878364</contenuImg>
            <contenuImg CS="1.0" lang="fr" source="md">vertébré</contenuImg>
            <contenuImg CS="1.0" lang="fr" source="md">oiseau</contenuImg>
            <contenuImg CS="1.0" lang="fr" source="md">animal</contenuImg>
            <tech source="final">estampe/gravure</tech>
            <theme source="final">13</theme>
            <tech CS="1" source="md">estampe/gravure</tech>
            <theme CS="1" source="md">13</theme>
            <contenuImg CS="1.0" lang="en" source="md">animal</contenuImg>
            <contenuImg CS="1.0" lang="en" source="md">bird</contenuImg>
            <contenuImg CS="1.0" lang="en" source="md">verterbrate</contenuImg>
            <titraille>Recueil des divers oiseaux étrangers et peu connus qui se trouvent dans les ouvrages de Messieurs Edwards et Catesby, représentés en taille-douce et exactement coloriés par Jean-Michel Seligmann. Tome 7</titraille>
          </ill>
        </ills>
      </page>
      <page ordre="124">
        <blocIll ocr="1">0</blocIll>
        <ills/>
      </page>
      <page ordre="125">
        <blocIll ocr="1">0</blocIll>
        <ills/>
      </page>
      <page ordre="126">
        <blocIll ocr="1">0</blocIll>
        <ills/>
      </page>
      <page ordre="127">
        <blocIll ocr="1">1</blocIll>
        <ills>
          <ill couleur="coul" h="6825" n="127-1" taille="32" w="4115" x="1" y="1">
            <contenuImg b="117" coul="1" g="147" ordre="6" r="177" source="colorific" type="frg">#b19375</contenuImg>
            <contenuImg b="20" coul="1" g="56" ordre="5" r="74" source="colorific" type="frg">#4a3814</contenuImg>
            <contenuImg b="130" coul="1" g="199" ordre="4" r="213" source="colorific" type="frg">#d5c782</contenuImg>
            <contenuImg b="67" coul="1" g="126" ordre="3" r="143" source="colorific" type="frg">#8f7e43</contenuImg>
            <contenuImg b="86" coul="1" g="116" ordre="2" r="128" source="colorific" type="frg">#807456</contenuImg>
            <contenuImg b="193" coul="1" g="215" ordre="1" r="220" source="colorific" type="frg">#dcd7c1</contenuImg>
            <contenuImg CS="1.0" lang="fr" source="md">vertébré</contenuImg>
            <contenuImg CS="1.0" lang="fr" source="md">oiseau</contenuImg>
            <contenuImg CS="1.0" lang="fr" source="md">animal</contenuImg>
            <tech source="final">estampe/gravure</tech>
            <theme source="final">13</theme>
            <tech CS="1" source="md">estampe/gravure</tech>
            <theme CS="1" source="md">13</theme>
            <contenuImg CS="1.0" lang="en" source="md">animal</contenuImg>
            <contenuImg CS="1.0" lang="en" source="md">bird</contenuImg>
            <contenuImg CS="1.0" lang="en" source="md">verterbrate</contenuImg>
            <titraille>Recueil des divers oiseaux étrangers et peu connus qui se trouvent dans les ouvrages de Messieurs Edwards et Catesby, représentés en taille-douce et exactement coloriés par Jean-Michel Seligmann. Tome 7</titraille>
          </ill>
        </ills>
      </page>
      <page ordre="128">
        <blocIll ocr="1">0</blocIll>
        <ills/>
      </page>
      <page ordre="129">
        <blocIll ocr="1">0</blocIll>
        <ills/>
      </page>
      <page ordre="130">
        <blocIll ocr="1">1</blocIll>
        <ills>
          <ill couleur="coul" h="6930" n="130-1" taille="32" w="4155" x="1" y="1">
            <contenuImg b="41" coul="1" g="71" ordre="5" r="67" source="colorific" type="frg">#434729</contenuImg>
            <contenuImg b="104" coul="1" g="180" ordre="4" r="195" source="colorific" type="frg">#c3b468</contenuImg>
            <contenuImg b="133" coul="1" g="149" ordre="3" r="148" source="colorific" type="frg">#949585</contenuImg>
            <contenuImg b="21" coul="1" g="45" ordre="2" r="65" source="colorific" type="frg">#412d15</contenuImg>
            <contenuImg b="83" coul="1" g="107" ordre="1" r="121" source="colorific" type="frg">#796b53</contenuImg>
            <contenuImg CS="1.0" lang="fr" source="md">vertébré</contenuImg>
            <contenuImg CS="1.0" lang="fr" source="md">oiseau</contenuImg>
            <contenuImg CS="1.0" lang="fr" source="md">animal</contenuImg>
            <tech source="final">estampe/gravure</tech>
            <theme source="final">13</theme>
            <tech CS="1" source="md">estampe/gravure</tech>
            <theme CS="1" source="md">13</theme>
            <contenuImg CS="1.0" lang="en" source="md">animal</contenuImg>
            <contenuImg CS="1.0" lang="en" source="md">bird</contenuImg>
            <contenuImg CS="1.0" lang="en" source="md">verterbrate</contenuImg>
            <titraille>Recueil des divers oiseaux étrangers et peu connus qui se trouvent dans les ouvrages de Messieurs Edwards et Catesby, représentés en taille-douce et exactement coloriés par Jean-Michel Seligmann. Tome 7</titraille>
          </ill>
        </ills>
      </page>
      <page ordre="131">
        <blocIll ocr="1">0</blocIll>
        <ills/>
      </page>
      <page ordre="132">
        <blocIll ocr="1">0</blocIll>
        <ills/>
      </page>
      <page ordre="133">
        <blocIll ocr="1">1</blocIll>
        <ills>
          <ill couleur="coul" h="6831" n="133-1" taille="32" w="4115" x="1" y="1">
            <contenuImg b="47" coul="1" g="81" ordre="8" r="110" source="colorific" type="frg">#6e512f</contenuImg>
            <contenuImg b="20" coul="1" g="47" ordre="7" r="49" source="colorific" type="frg">#312f14</contenuImg>
            <contenuImg b="14" coul="1" g="41" ordre="6" r="63" source="colorific" type="frg">#3f290e</contenuImg>
            <contenuImg b="55" coul="1" g="78" ordre="5" r="77" source="colorific" type="frg">#4d4e37</contenuImg>
            <contenuImg b="115" coul="1" g="151" ordre="4" r="178" source="colorific" type="frg">#b29773</contenuImg>
            <contenuImg b="84" coul="1" g="144" ordre="3" r="161" source="colorific" type="frg">#a19054</contenuImg>
            <contenuImg b="109" coul="1" g="131" ordre="2" r="132" source="colorific" type="frg">#84836d</contenuImg>
            <contenuImg b="28" coul="1" g="77" ordre="1" r="76" source="colorific" type="frg">#4c4d1c</contenuImg>
            <contenuImg CS="1.0" lang="fr" source="md">vertébré</contenuImg>
            <contenuImg CS="1.0" lang="fr" source="md">oiseau</contenuImg>
            <contenuImg CS="1.0" lang="fr" source="md">animal</contenuImg>
            <txt source="google">"Der Fliegeringer uit gelber Bur3d, und der Enfian - būs der Buffe - Tab. XXXXV. - . - Bunda ad m ali - Take ofte er falar - Muloicapa utopygio luteo N 945 Ver Theil La Moncherolle uu Croupion Jaune, - Gentina mutumnalis Delerti. Agnus Seythieu. - et In Gentiante du Defert. - ",</txt>
            <tech source="final">estampe/gravure</tech>
            <theme source="final">13</theme>
            <tech CS="1" source="md">estampe/gravure</tech>
            <theme CS="1" source="md">13</theme>
            <contenuImg CS="1.0" lang="en" source="md">animal</contenuImg>
            <contenuImg CS="1.0" lang="en" source="md">bird</contenuImg>
            <contenuImg CS="1.0" lang="en" source="md">verterbrate</contenuImg>
            <titraille>Recueil des divers oiseaux étrangers et peu connus qui se trouvent dans les ouvrages de Messieurs Edwards et Catesby, représentés en taille-douce et exactement coloriés par Jean-Michel Seligmann. Tome 7</titraille>
          </ill>
        </ills>
      </page>
      <page ordre="134">
        <blocIll ocr="1">0</blocIll>
        <ills/>
      </page>
      <page ordre="135">
        <blocIll ocr="1">0</blocIll>
        <ills/>
      </page>
      <page ordre="136">
        <blocIll ocr="1">1</blocIll>
        <ills>
          <ill couleur="coul" h="6930" n="136-1" taille="32" w="4155" x="1" y="1">
            <contenuImg b="73" coul="1" g="102" ordre="8" r="109" source="colorific" type="frg">#6d6649</contenuImg>
            <contenuImg b="61" coul="1" g="113" ordre="7" r="141" source="colorific" type="frg">#8d713d</contenuImg>
            <contenuImg b="60" coul="1" g="86" ordre="6" r="72" source="colorific" type="frg">#48563c</contenuImg>
            <contenuImg b="25" coul="1" g="60" ordre="5" r="84" source="colorific" type="frg">#543c19</contenuImg>
            <contenuImg b="20" coul="1" g="52" ordre="4" r="53" source="colorific" type="frg">#353414</contenuImg>
            <contenuImg b="89" coul="1" g="158" ordre="3" r="174" source="colorific" type="frg">#ae9e59</contenuImg>
            <contenuImg b="30" coul="1" g="88" ordre="2" r="87" source="colorific" type="frg">#57581e</contenuImg>
            <contenuImg b="118" coul="1" g="139" ordre="1" r="131" source="colorific" type="frg">#838b76</contenuImg>
            <contenuImg CS="1.0" lang="fr" source="md">vertébré</contenuImg>
            <contenuImg CS="1.0" lang="fr" source="md">oiseau</contenuImg>
            <contenuImg CS="1.0" lang="fr" source="md">animal</contenuImg>
            <tech source="final">estampe/gravure</tech>
            <theme source="final">13</theme>
            <tech CS="1" source="md">estampe/gravure</tech>
            <theme CS="1" source="md">13</theme>
            <contenuImg CS="1.0" lang="en" source="md">animal</contenuImg>
            <contenuImg CS="1.0" lang="en" source="md">bird</contenuImg>
            <contenuImg CS="1.0" lang="en" source="md">verterbrate</contenuImg>
            <titraille>Recueil des divers oiseaux étrangers et peu connus qui se trouvent dans les ouvrages de Messieurs Edwards et Catesby, représentés en taille-douce et exactement coloriés par Jean-Michel Seligmann. Tome 7</titraille>
          </ill>
        </ills>
      </page>
      <page ordre="137">
        <blocIll ocr="1">0</blocIll>
        <ills/>
      </page>
      <page ordre="138">
        <blocIll ocr="1">0</blocIll>
        <ills/>
      </page>
      <page ordre="139">
        <blocIll ocr="1">1</blocIll>
        <ills>
          <ill couleur="coul" h="6831" n="139-1" taille="32" w="4115" x="1" y="1">
            <contenuImg b="29" coul="1" g="60" ordre="6" r="83" source="colorific" type="frg">#533c1d</contenuImg>
            <contenuImg b="13" coul="1" g="43" ordre="5" r="48" source="colorific" type="frg">#302b0d</contenuImg>
            <contenuImg b="33" coul="1" g="71" ordre="4" r="73" source="colorific" type="frg">#494721</contenuImg>
            <contenuImg b="112" coul="1" g="133" ordre="3" r="125" source="colorific" type="frg">#7d8570</contenuImg>
            <contenuImg b="48" coul="1" g="112" ordre="2" r="128" source="colorific" type="frg">#807030</contenuImg>
            <contenuImg b="125" coul="1" g="153" ordre="1" r="178" source="colorific" type="frg">#b2997d</contenuImg>
            <contenuImg CS="1.0" lang="fr" source="md">vertébré</contenuImg>
            <contenuImg CS="1.0" lang="fr" source="md">oiseau</contenuImg>
            <contenuImg CS="1.0" lang="fr" source="md">animal</contenuImg>
            <tech source="final">estampe/gravure</tech>
            <theme source="final">13</theme>
            <tech CS="1" source="md">estampe/gravure</tech>
            <theme CS="1" source="md">13</theme>
            <contenuImg CS="1.0" lang="en" source="md">animal</contenuImg>
            <contenuImg CS="1.0" lang="en" source="md">bird</contenuImg>
            <contenuImg CS="1.0" lang="en" source="md">verterbrate</contenuImg>
            <titraille>Recueil des divers oiseaux étrangers et peu connus qui se trouvent dans les ouvrages de Messieurs Edwards et Catesby, représentés en taille-douce et exactement coloriés par Jean-Michel Seligmann. Tome 7</titraille>
          </ill>
        </ills>
      </page>
      <page ordre="140">
        <blocIll ocr="1">0</blocIll>
        <ills/>
      </page>
      <page ordre="141">
        <blocIll ocr="1">0</blocIll>
        <ills/>
      </page>
      <page ordre="142">
        <blocIll ocr="1">1</blocIll>
        <ills>
          <ill couleur="coul" h="6930" n="142-1" taille="32" w="4155" x="1" y="1">
            <contenuImg b="35" coul="1" g="69" ordre="9" r="61" source="colorific" type="frg">#3d4523</contenuImg>
            <contenuImg b="85" coul="1" g="117" ordre="8" r="164" source="colorific" type="frg">#a47555</contenuImg>
            <contenuImg b="117" coul="1" g="173" ordre="7" r="192" source="colorific" type="frg">#c0ad75</contenuImg>
            <contenuImg b="17" coul="1" g="37" ordre="6" r="47" source="colorific" type="frg">#2f2511</contenuImg>
            <contenuImg b="113" coul="1" g="133" ordre="5" r="146" source="colorific" type="frg">#928571</contenuImg>
            <contenuImg b="64" coul="1" g="103" ordre="4" r="128" source="colorific" type="frg">#806740</contenuImg>
            <contenuImg b="42" coul="1" g="65" ordre="3" r="121" source="colorific" type="frg">#79412a</contenuImg>
            <contenuImg b="83" coul="1" g="130" ordre="2" r="116" source="colorific" type="frg">#748253</contenuImg>
            <contenuImg b="65" coul="1" g="76" ordre="1" r="86" source="colorific" type="frg">#564c41</contenuImg>
            <contenuImg CS="1.0" lang="fr" source="md">vertébré</contenuImg>
            <contenuImg CS="1.0" lang="fr" source="md">oiseau</contenuImg>
            <contenuImg CS="1.0" lang="fr" source="md">animal</contenuImg>
            <tech source="final">estampe/gravure</tech>
            <theme source="final">13</theme>
            <tech CS="1" source="md">estampe/gravure</tech>
            <theme CS="1" source="md">13</theme>
            <contenuImg CS="1.0" lang="en" source="md">animal</contenuImg>
            <contenuImg CS="1.0" lang="en" source="md">bird</contenuImg>
            <contenuImg CS="1.0" lang="en" source="md">verterbrate</contenuImg>
            <titraille>Recueil des divers oiseaux étrangers et peu connus qui se trouvent dans les ouvrages de Messieurs Edwards et Catesby, représentés en taille-douce et exactement coloriés par Jean-Michel Seligmann. Tome 7</titraille>
          </ill>
        </ills>
      </page>
      <page ordre="143">
        <blocIll ocr="1">0</blocIll>
        <ills/>
      </page>
      <page ordre="144">
        <blocIll ocr="1">0</blocIll>
        <ills/>
      </page>
      <page ordre="145">
        <blocIll ocr="1">1</blocIll>
        <ills>
          <ill couleur="coul" h="6834" n="145-1" taille="32" w="4118" x="1" y="1">
            <contenuImg b="92" coul="1" g="157" ordre="7" r="179" source="colorific" type="frg">#b39d5c</contenuImg>
            <contenuImg b="60" coul="1" g="86" ordre="6" r="110" source="colorific" type="frg">#6e563c</contenuImg>
            <contenuImg b="23" coul="1" g="44" ordre="5" r="73" source="colorific" type="frg">#492c17</contenuImg>
            <contenuImg b="34" coul="1" g="55" ordre="4" r="62" source="colorific" type="frg">#3e3722</contenuImg>
            <contenuImg b="128" coul="1" g="154" ordre="3" r="178" source="colorific" type="frg">#b29a80</contenuImg>
            <contenuImg b="59" coul="1" g="87" ordre="2" r="91" source="colorific" type="frg">#5b573b</contenuImg>
            <contenuImg b="116" coul="1" g="141" ordre="1" r="141" source="colorific" type="frg">#8d8d74</contenuImg>
            <contenuImg CS="1.0" lang="fr" source="md">vertébré</contenuImg>
            <contenuImg CS="1.0" lang="fr" source="md">oiseau</contenuImg>
            <contenuImg CS="1.0" lang="fr" source="md">animal</contenuImg>
            <tech source="final">estampe/gravure</tech>
            <theme source="final">13</theme>
            <tech CS="1" source="md">estampe/gravure</tech>
            <theme CS="1" source="md">13</theme>
            <contenuImg CS="1.0" lang="en" source="md">animal</contenuImg>
            <contenuImg CS="1.0" lang="en" source="md">bird</contenuImg>
            <contenuImg CS="1.0" lang="en" source="md">verterbrate</contenuImg>
            <titraille>Recueil des divers oiseaux étrangers et peu connus qui se trouvent dans les ouvrages de Messieurs Edwards et Catesby, représentés en taille-douce et exactement coloriés par Jean-Michel Seligmann. Tome 7</titraille>
          </ill>
        </ills>
      </page>
      <page ordre="146">
        <blocIll ocr="1">0</blocIll>
        <ills/>
      </page>
      <page ordre="147">
        <blocIll ocr="1">0</blocIll>
        <ills/>
      </page>
      <page ordre="148">
        <blocIll ocr="1">1</blocIll>
        <ills>
          <ill couleur="coul" h="6930" n="148-1" taille="32" w="4155" x="1" y="1">
            <contenuImg b="133" coul="1" g="160" ordre="8" r="190" source="colorific" type="frg">#bea085</contenuImg>
            <contenuImg b="67" coul="1" g="91" ordre="7" r="128" source="colorific" type="frg">#805b43</contenuImg>
            <contenuImg b="32" coul="1" g="45" ordre="6" r="54" source="colorific" type="frg">#362d20</contenuImg>
            <contenuImg b="54" coul="1" g="71" ordre="5" r="77" source="colorific" type="frg">#4d4736</contenuImg>
            <contenuImg b="30" coul="1" g="57" ordre="4" r="77" source="colorific" type="frg">#4d391e</contenuImg>
            <contenuImg b="31" coul="1" g="98" ordre="3" r="98" source="colorific" type="frg">#62621f</contenuImg>
            <contenuImg b="92" coul="1" g="114" ordre="2" r="127" source="colorific" type="frg">#7f725c</contenuImg>
            <contenuImg b="106" coul="1" g="172" ordre="1" r="175" source="colorific" type="frg">#afac6a</contenuImg>
            <contenuImg CS="1.0" lang="fr" source="md">vertébré</contenuImg>
            <contenuImg CS="1.0" lang="fr" source="md">oiseau</contenuImg>
            <contenuImg CS="1.0" lang="fr" source="md">animal</contenuImg>
            <txt source="google">"Der rewar3 geFappte Manafin, und der weil gePappfo Bevafin. Tab: - 27. - wa ubation for - Fran Surinamenlis vertide nigro. Nos. Varber Theil Le Manaquin chaperonte de noir, - Para Surinamens verfide nibo. - ob Te Manaquin chaperond de blanc - ",</txt>
            <tech source="final">estampe/gravure</tech>
            <theme source="final">13</theme>
            <tech CS="1" source="md">estampe/gravure</tech>
            <theme CS="1" source="md">13</theme>
            <contenuImg CS="1.0" lang="en" source="md">animal</contenuImg>
            <contenuImg CS="1.0" lang="en" source="md">bird</contenuImg>
            <contenuImg CS="1.0" lang="en" source="md">verterbrate</contenuImg>
            <titraille>Recueil des divers oiseaux étrangers et peu connus qui se trouvent dans les ouvrages de Messieurs Edwards et Catesby, représentés en taille-douce et exactement coloriés par Jean-Michel Seligmann. Tome 7</titraille>
          </ill>
        </ills>
      </page>
      <page ordre="149">
        <blocIll ocr="1">0</blocIll>
        <ills/>
      </page>
      <page ordre="150">
        <blocIll ocr="1">0</blocIll>
        <ills/>
      </page>
      <page ordre="151">
        <blocIll ocr="1">0</blocIll>
        <ills/>
      </page>
      <page ordre="152">
        <blocIll ocr="1">0</blocIll>
        <ills/>
      </page>
    </pages>
  </contenus>
</analyseAlto>