<analyseAlto>
  <metad>
    <type>M</type>
    <ID>bpt6k15177378</ID>
    <titre>Histoire naturelle des oiseaux d_Afrique, par Levaillant.... Tome 5</titre>
    <dateEdition>1799-1808</dateEdition>
    <auteur>Levaillant, François (1753-1824). Auteur du texte</auteur>
    <lang>fre</lang>
    <source>Bibliothèque nationale de France, département Réserve des livres rares, S-570</source>
    <nbPage>269</nbPage>
    <descr>Oiseaux -- Afrique</descr>
  </metad>
  <contenus ocr="false" toc="false">
    <largeur>298</largeur>
    <hauteur>379</hauteur>
    <largeurPx>4703</largeurPx>
    <hauteurPx>5983</hauteurPx>
    <pages>
      <page ordre="5">
        <blocIll ocr="1">0</blocIll>
        <ills/>
      </page>
      <page ordre="6">
        <blocIll ocr="1">0</blocIll>
        <ills/>
      </page>
      <page ordre="7">
        <blocIll ocr="1">0</blocIll>
        <ills/>
      </page>
      <page ordre="8">
        <blocIll ocr="1">0</blocIll>
        <ills/>
      </page>
      <page ordre="9">
        <blocIll ocr="1">0</blocIll>
        <ills/>
      </page>
      <page ordre="10">
        <blocIll ocr="1">0</blocIll>
        <ills/>
      </page>
      <page ordre="11">
        <blocIll ocr="1">0</blocIll>
        <ills/>
      </page>
      <page ordre="12">
        <blocIll ocr="1">0</blocIll>
        <ills/>
      </page>
      <page ordre="13">
        <blocIll ocr="1">0</blocIll>
        <ills/>
      </page>
      <page ordre="14">
        <blocIll ocr="1">0</blocIll>
        <ills/>
      </page>
      <page ordre="15">
        <blocIll ocr="1">0</blocIll>
        <ills/>
      </page>
      <page ordre="16">
        <blocIll ocr="1">0</blocIll>
        <ills/>
      </page>
      <page ordre="17">
        <blocIll ocr="1">0</blocIll>
        <ills/>
      </page>
      <page ordre="18">
        <blocIll ocr="1">0</blocIll>
        <ills/>
      </page>
      <page ordre="19">
        <blocIll ocr="1">0</blocIll>
        <ills/>
      </page>
      <page ordre="20">
        <blocIll ocr="1">0</blocIll>
        <ills/>
      </page>
      <page ordre="21">
        <blocIll ocr="1">0</blocIll>
        <ills/>
      </page>
      <page ordre="22">
        <blocIll ocr="1">0</blocIll>
        <ills/>
      </page>
      <page ordre="23">
        <blocIll ocr="1">0</blocIll>
        <ills/>
      </page>
      <page ordre="24">
        <blocIll ocr="1">0</blocIll>
        <ills/>
      </page>
      <page ordre="25">
        <blocIll ocr="1">1</blocIll>
        <ills>
          <ill couleur="coul" h="5958" n="25-1" taille="29" w="4361" x="1" y="1">
            <contenuImg b="60" coul="1" g="64" ordre="3" r="67" source="colorific" type="frg">#43403c</contenuImg>
            <contenuImg b="58" coul="1" g="75" ordre="2" r="89" source="colorific" type="frg">#594b3a</contenuImg>
            <contenuImg b="101" coul="1" g="106" ordre="1" r="109" source="colorific" type="frg">#6d6a65</contenuImg>
            <contenuImg CS="1.0" lang="fr" source="md">vertébré</contenuImg>
            <contenuImg CS="1.0" lang="fr" source="md">oiseau</contenuImg>
            <contenuImg CS="1.0" lang="fr" source="md">animal</contenuImg>
            <tech source="final">estampe/gravure</tech>
            <theme source="final">13</theme>
            <tech CS="1" source="md">estampe/gravure</tech>
            <theme CS="1" source="md">13</theme>
            <contenuImg CS="1.0" lang="en" source="md">animal</contenuImg>
            <contenuImg CS="1.0" lang="en" source="md">bird</contenuImg>
            <contenuImg CS="1.0" lang="en" source="md">verterbrate</contenuImg>
            <titraille>Histoire naturelle des oiseaux d_Afrique, par Levaillant.... Tome 5</titraille>
          </ill>
        </ills>
      </page>
      <page ordre="26">
        <blocIll ocr="1">0</blocIll>
        <ills/>
      </page>
      <page ordre="27">
        <blocIll ocr="1">0</blocIll>
        <ills/>
      </page>
      <page ordre="28">
        <blocIll ocr="1">0</blocIll>
        <ills/>
      </page>
      <page ordre="29">
        <blocIll ocr="1">0</blocIll>
        <ills/>
      </page>
      <page ordre="30">
        <blocIll ocr="1">1</blocIll>
        <ills>
          <ill couleur="coul" h="5864" n="30-1" taille="29" w="4254" x="1" y="1">
            <contenuImg b="60" coul="1" g="82" ordre="5" r="120" source="colorific" type="frg">#78523c</contenuImg>
            <contenuImg b="71" coul="1" g="92" ordre="4" r="96" source="colorific" type="frg">#605c47</contenuImg>
            <contenuImg b="107" coul="1" g="129" ordre="3" r="147" source="colorific" type="frg">#93816b</contenuImg>
            <contenuImg b="53" coul="1" g="60" ordre="2" r="76" source="colorific" type="frg">#4c3c35</contenuImg>
            <contenuImg b="193" coul="1" g="215" ordre="1" r="230" source="colorific" type="frg">#e6d7c1</contenuImg>
            <contenuImg CS="1.0" lang="fr" source="md">vertébré</contenuImg>
            <contenuImg CS="1.0" lang="fr" source="md">oiseau</contenuImg>
            <contenuImg CS="1.0" lang="fr" source="md">animal</contenuImg>
            <tech source="final">estampe/gravure</tech>
            <theme source="final">13</theme>
            <tech CS="1" source="md">estampe/gravure</tech>
            <theme CS="1" source="md">13</theme>
            <contenuImg CS="1.0" lang="en" source="md">animal</contenuImg>
            <contenuImg CS="1.0" lang="en" source="md">bird</contenuImg>
            <contenuImg CS="1.0" lang="en" source="md">verterbrate</contenuImg>
            <titraille>Histoire naturelle des oiseaux d_Afrique, par Levaillant.... Tome 5</titraille>
          </ill>
        </ills>
      </page>
      <page ordre="31">
        <blocIll ocr="1">0</blocIll>
        <ills/>
      </page>
      <page ordre="32">
        <blocIll ocr="1">0</blocIll>
        <ills/>
      </page>
      <page ordre="33">
        <blocIll ocr="1">0</blocIll>
        <ills/>
      </page>
      <page ordre="34">
        <blocIll ocr="1">0</blocIll>
        <ills/>
      </page>
      <page ordre="35">
        <blocIll ocr="1">1</blocIll>
        <ills>
          <ill couleur="coul" h="5958" n="35-1" taille="29" w="4361" x="1" y="1">
            <contenuImg b="139" coul="1" g="142" ordre="5" r="142" source="colorific" type="frg">#8e8e8b</contenuImg>
            <contenuImg b="73" coul="1" g="100" ordre="4" r="103" source="colorific" type="frg">#676449</contenuImg>
            <contenuImg b="49" coul="1" g="51" ordre="3" r="56" source="colorific" type="frg">#383331</contenuImg>
            <contenuImg b="82" coul="1" g="84" ordre="2" r="89" source="colorific" type="frg">#595452</contenuImg>
            <contenuImg b="193" coul="1" g="214" ordre="1" r="228" source="colorific" type="frg">#e4d6c1</contenuImg>
            <contenuImg CS="1.0" lang="fr" source="md">vertébré</contenuImg>
            <contenuImg CS="1.0" lang="fr" source="md">oiseau</contenuImg>
            <contenuImg CS="1.0" lang="fr" source="md">animal</contenuImg>
            <txt source="google">"Joltea - Planche 203 - Le Coucou vulgaire d'Europe, male, - yra - Lang - ",</txt>
            <tech source="final">estampe/gravure</tech>
            <theme source="final">13</theme>
            <tech CS="1" source="md">estampe/gravure</tech>
            <theme CS="1" source="md">13</theme>
            <contenuImg CS="1.0" lang="en" source="md">animal</contenuImg>
            <contenuImg CS="1.0" lang="en" source="md">bird</contenuImg>
            <contenuImg CS="1.0" lang="en" source="md">verterbrate</contenuImg>
            <titraille>Histoire naturelle des oiseaux d_Afrique, par Levaillant.... Tome 5</titraille>
          </ill>
        </ills>
      </page>
      <page ordre="36">
        <blocIll ocr="1">0</blocIll>
        <ills/>
      </page>
      <page ordre="37">
        <blocIll ocr="1">0</blocIll>
        <ills/>
      </page>
      <page ordre="38">
        <blocIll ocr="1">1</blocIll>
        <ills>
          <ill couleur="coul" edit="1" h="5864" n="38-1" taille="29" w="4254" x="1" y="1">
            <contenuImg b="86" coul="1" g="109" ordre="6" r="159" source="colorific" type="frg">#9f6d56</contenuImg>
            <contenuImg b="45" coul="1" g="57" ordre="5" r="71" source="colorific" type="frg">#47392d</contenuImg>
            <contenuImg b="40" coul="1" g="54" ordre="4" r="99" source="colorific" type="frg">#633628</contenuImg>
            <contenuImg b="58" coul="1" g="87" ordre="3" r="98" source="colorific" type="frg">#62573a</contenuImg>
            <contenuImg b="116" coul="1" g="138" ordre="2" r="152" source="colorific" type="frg">#988a74</contenuImg>
            <contenuImg b="193" coul="1" g="215" ordre="1" r="229" source="colorific" type="frg">#e5d7c1</contenuImg>
            <contenuImg CS="1" coul="1" lang="fr" source="hm" time="2019-05-01T18:02:15.775+02:00">rouge</contenuImg>
            <contenuImg CS="1" coul="1" lang="fr" source="hm" time="2019-05-01T18:02:14.953+02:00">marron</contenuImg>
            <contenuImg CS="1.0" lang="fr" source="md">vertébré</contenuImg>
            <contenuImg CS="1.0" lang="fr" source="md">oiseau</contenuImg>
            <contenuImg CS="1.0" lang="fr" source="md">animal</contenuImg>
            <txt source="google">"Joitte 5. - Planche 203 - Le Coucou vulgaire jeune age). - de l' - an - de la - ",</txt>
            <tech source="final">estampe/gravure</tech>
            <theme source="final">13</theme>
            <tech CS="1" source="md">estampe/gravure</tech>
            <theme CS="1" source="md">13</theme>
            <contenuImg CS="1.0" lang="en" source="md">animal</contenuImg>
            <contenuImg CS="1.0" lang="en" source="md">bird</contenuImg>
            <contenuImg CS="1.0" lang="en" source="md">verterbrate</contenuImg>
            <titraille>Histoire naturelle des oiseaux d_Afrique, par Levaillant.... Tome 5</titraille>
            <contenuImg CS="1" coul="1" lang="en" source="hm" time="2019-05-01T18:02:14.953+02:00">maroon color</contenuImg>
            <contenuImg CS="1" coul="1" lang="en" source="hm" time="2019-05-01T18:02:15.775+02:00">red color</contenuImg>
          </ill>
        </ills>
      </page>
      <page ordre="39">
        <blocIll ocr="1">0</blocIll>
        <ills/>
      </page>
      <page ordre="40">
        <blocIll ocr="1">0</blocIll>
        <ills/>
      </page>
      <page ordre="41">
        <blocIll ocr="1">1</blocIll>
        <ills>
          <ill couleur="coul" h="5958" n="41-1" taille="29" w="4361" x="1" y="1">
            <contenuImg b="61" coul="1" g="80" ordre="5" r="99" source="colorific" type="frg">#63503d</contenuImg>
            <contenuImg b="106" coul="1" g="112" ordre="4" r="112" source="colorific" type="frg">#70706a</contenuImg>
            <contenuImg b="92" coul="1" g="119" ordre="3" r="136" source="colorific" type="frg">#88775c</contenuImg>
            <contenuImg b="60" coul="1" g="62" ordre="2" r="62" source="colorific" type="frg">#3e3e3c</contenuImg>
            <contenuImg b="193" coul="1" g="217" ordre="1" r="231" source="colorific" type="frg">#e7d9c1</contenuImg>
            <contenuImg CS="1.0" lang="fr" source="md">vertébré</contenuImg>
            <contenuImg CS="1.0" lang="fr" source="md">oiseau</contenuImg>
            <contenuImg CS="1.0" lang="fr" source="md">animal</contenuImg>
            <txt source="google">"Tome 5 - Planche 201 - Le Coucou criard, male) - ",</txt>
            <tech source="final">estampe/gravure</tech>
            <theme source="final">13</theme>
            <tech CS="1" source="md">estampe/gravure</tech>
            <theme CS="1" source="md">13</theme>
            <contenuImg CS="1.0" lang="en" source="md">animal</contenuImg>
            <contenuImg CS="1.0" lang="en" source="md">bird</contenuImg>
            <contenuImg CS="1.0" lang="en" source="md">verterbrate</contenuImg>
            <titraille>Histoire naturelle des oiseaux d_Afrique, par Levaillant.... Tome 5</titraille>
          </ill>
        </ills>
      </page>
      <page ordre="42">
        <blocIll ocr="1">0</blocIll>
        <ills/>
      </page>
      <page ordre="43">
        <blocIll ocr="1">0</blocIll>
        <ills/>
      </page>
      <page ordre="44">
        <blocIll ocr="1">1</blocIll>
        <ills>
          <ill couleur="coul" h="5864" n="44-1" taille="29" w="4254" x="1" y="1">
            <contenuImg b="94" coul="1" g="107" ordre="4" r="117" source="colorific" type="frg">#756b5e</contenuImg>
            <contenuImg b="47" coul="1" g="57" ordre="3" r="69" source="colorific" type="frg">#45392f</contenuImg>
            <contenuImg b="51" coul="1" g="49" ordre="2" r="49" source="colorific" type="frg">#313133</contenuImg>
            <contenuImg b="187" coul="1" g="211" ordre="1" r="227" source="colorific" type="frg">#e3d3bb</contenuImg>
            <contenuImg CS="1.0" lang="fr" source="md">vertébré</contenuImg>
            <contenuImg CS="1.0" lang="fr" source="md">oiseau</contenuImg>
            <contenuImg CS="1.0" lang="fr" source="md">animal</contenuImg>
            <txt source="google">"Plauce 205 - Joute 3 - Le Coucou criard, femelles. - de - n - ylon - ",</txt>
            <tech source="final">estampe/gravure</tech>
            <theme source="final">13</theme>
            <tech CS="1" source="md">estampe/gravure</tech>
            <theme CS="1" source="md">13</theme>
            <contenuImg CS="1.0" lang="en" source="md">animal</contenuImg>
            <contenuImg CS="1.0" lang="en" source="md">bird</contenuImg>
            <contenuImg CS="1.0" lang="en" source="md">verterbrate</contenuImg>
            <titraille>Histoire naturelle des oiseaux d_Afrique, par Levaillant.... Tome 5</titraille>
          </ill>
        </ills>
      </page>
      <page ordre="45">
        <blocIll ocr="1">0</blocIll>
        <ills/>
      </page>
      <page ordre="46">
        <blocIll ocr="1">0</blocIll>
        <ills/>
      </page>
      <page ordre="47">
        <blocIll ocr="1">0</blocIll>
        <ills/>
      </page>
      <page ordre="48">
        <blocIll ocr="1">0</blocIll>
        <ills/>
      </page>
      <page ordre="49">
        <blocIll ocr="1">0</blocIll>
        <ills/>
      </page>
      <page ordre="50">
        <blocIll ocr="1">0</blocIll>
        <ills/>
      </page>
      <page ordre="51">
        <blocIll ocr="1">0</blocIll>
        <ills/>
      </page>
      <page ordre="52">
        <blocIll ocr="1">1</blocIll>
        <ills>
          <ill couleur="coul" h="5906" n="52-1" taille="29" w="4183" x="1" y="1">
            <contenuImg b="128" coul="1" g="149" ordre="4" r="157" source="colorific" type="frg">#9d9580</contenuImg>
            <contenuImg b="60" coul="1" g="63" ordre="3" r="68" source="colorific" type="frg">#443f3c</contenuImg>
            <contenuImg b="69" coul="1" g="85" ordre="2" r="97" source="colorific" type="frg">#615545</contenuImg>
            <contenuImg b="193" coul="1" g="215" ordre="1" r="230" source="colorific" type="frg">#e6d7c1</contenuImg>
            <contenuImg CS="1.0" lang="fr" source="md">vertébré</contenuImg>
            <contenuImg CS="1.0" lang="fr" source="md">oiseau</contenuImg>
            <contenuImg CS="1.0" lang="fr" source="md">animal</contenuImg>
            <txt source="google">"Jome - Planche 206 - Se Coucou solitaire, mâle. - de morte de Lange - ",</txt>
            <tech source="final">estampe/gravure</tech>
            <theme source="final">13</theme>
            <tech CS="1" source="md">estampe/gravure</tech>
            <theme CS="1" source="md">13</theme>
            <contenuImg CS="1.0" lang="en" source="md">animal</contenuImg>
            <contenuImg CS="1.0" lang="en" source="md">bird</contenuImg>
            <contenuImg CS="1.0" lang="en" source="md">verterbrate</contenuImg>
            <titraille>Histoire naturelle des oiseaux d_Afrique, par Levaillant.... Tome 5</titraille>
          </ill>
        </ills>
      </page>
      <page ordre="53">
        <blocIll ocr="1">0</blocIll>
        <ills/>
      </page>
      <page ordre="54">
        <blocIll ocr="1">0</blocIll>
        <ills/>
      </page>
      <page ordre="55">
        <blocIll ocr="1">0</blocIll>
        <ills/>
      </page>
      <page ordre="56">
        <blocIll ocr="1">0</blocIll>
        <ills/>
      </page>
      <page ordre="57">
        <blocIll ocr="1">0</blocIll>
        <ills/>
      </page>
      <page ordre="58">
        <blocIll ocr="1">1</blocIll>
        <ills>
          <ill couleur="coul" h="5840" n="58-1" taille="29" w="4214" x="1" y="1">
            <contenuImg b="111" coul="1" g="116" ordre="4" r="118" source="colorific" type="frg">#76746f</contenuImg>
            <contenuImg b="80" coul="1" g="96" ordre="3" r="113" source="colorific" type="frg">#716050</contenuImg>
            <contenuImg b="59" coul="1" g="62" ordre="2" r="66" source="colorific" type="frg">#423e3b</contenuImg>
            <contenuImg b="200" coul="1" g="221" ordre="1" r="234" source="colorific" type="frg">#eaddc8</contenuImg>
            <contenuImg CS="1.0" lang="fr" source="md">vertébré</contenuImg>
            <contenuImg CS="1.0" lang="fr" source="md">oiseau</contenuImg>
            <contenuImg CS="1.0" lang="fr" source="md">animal</contenuImg>
            <txt source="google">"Planche 20 - Jone 5 - Te Coucou Colio, male). - de l'homprende landets - ",</txt>
            <tech source="final">estampe/gravure</tech>
            <theme source="final">13</theme>
            <tech CS="1" source="md">estampe/gravure</tech>
            <theme CS="1" source="md">13</theme>
            <contenuImg CS="1.0" lang="en" source="md">animal</contenuImg>
            <contenuImg CS="1.0" lang="en" source="md">bird</contenuImg>
            <contenuImg CS="1.0" lang="en" source="md">verterbrate</contenuImg>
            <titraille>Histoire naturelle des oiseaux d_Afrique, par Levaillant.... Tome 5</titraille>
          </ill>
        </ills>
      </page>
      <page ordre="59">
        <blocIll ocr="1">0</blocIll>
        <ills/>
      </page>
      <page ordre="60">
        <blocIll ocr="1">0</blocIll>
        <ills/>
      </page>
      <page ordre="61">
        <blocIll ocr="1">0</blocIll>
        <ills/>
      </page>
      <page ordre="62">
        <blocIll ocr="1">1</blocIll>
        <ills>
          <ill couleur="coul" h="5824" n="62-1" taille="29" w="4163" x="1" y="1">
            <contenuImg b="147" coul="1" g="159" ordre="5" r="163" source="colorific" type="frg">#a39f93</contenuImg>
            <contenuImg b="51" coul="1" g="53" ordre="4" r="55" source="colorific" type="frg">#373533</contenuImg>
            <contenuImg b="127" coul="1" g="148" ordre="3" r="173" source="colorific" type="frg">#ad947f</contenuImg>
            <contenuImg b="80" coul="1" g="86" ordre="2" r="89" source="colorific" type="frg">#595650</contenuImg>
            <contenuImg b="203" coul="1" g="225" ordre="1" r="237" source="colorific" type="frg">#ede1cb</contenuImg>
            <contenuImg CS="1.0" lang="fr" source="md">vertébré</contenuImg>
            <contenuImg CS="1.0" lang="fr" source="md">oiseau</contenuImg>
            <contenuImg CS="1.0" lang="fr" source="md">animal</contenuImg>
            <txt source="google">"one 6 - Planche 208 - Se Coucou Evolio, femelle). - ",</txt>
            <tech source="final">estampe/gravure</tech>
            <theme source="final">13</theme>
            <tech CS="1" source="md">estampe/gravure</tech>
            <theme CS="1" source="md">13</theme>
            <contenuImg CS="1.0" lang="en" source="md">animal</contenuImg>
            <contenuImg CS="1.0" lang="en" source="md">bird</contenuImg>
            <contenuImg CS="1.0" lang="en" source="md">verterbrate</contenuImg>
            <titraille>Histoire naturelle des oiseaux d_Afrique, par Levaillant.... Tome 5</titraille>
          </ill>
        </ills>
      </page>
      <page ordre="63">
        <blocIll ocr="1">0</blocIll>
        <ills/>
      </page>
      <page ordre="64">
        <blocIll ocr="1">0</blocIll>
        <ills/>
      </page>
      <page ordre="65">
        <blocIll ocr="1">0</blocIll>
        <ills/>
      </page>
      <page ordre="66">
        <blocIll ocr="1">0</blocIll>
        <ills/>
      </page>
      <page ordre="67">
        <blocIll ocr="1">1</blocIll>
        <ills>
          <ill couleur="coul" h="5928" n="67-1" taille="29" w="4345" x="1" y="1">
            <contenuImg b="91" coul="1" g="95" ordre="4" r="98" source="colorific" type="frg">#625f5b</contenuImg>
            <contenuImg b="104" coul="1" g="119" ordre="3" r="130" source="colorific" type="frg">#827768</contenuImg>
            <contenuImg b="69" coul="1" g="64" ordre="2" r="63" source="colorific" type="frg">#3f4045</contenuImg>
            <contenuImg b="167" coul="1" g="185" ordre="1" r="198" source="colorific" type="frg">#c6b9a7</contenuImg>
            <contenuImg CS="1.0" lang="fr" source="md">vertébré</contenuImg>
            <contenuImg CS="1.0" lang="fr" source="md">oiseau</contenuImg>
            <contenuImg CS="1.0" lang="fr" source="md">animal</contenuImg>
            <txt source="google">"Planche 209 - Soute 3 - Varieté du Coucou Evolio. - de - prime - ",</txt>
            <tech source="final">estampe/gravure</tech>
            <theme source="final">13</theme>
            <tech CS="1" source="md">estampe/gravure</tech>
            <theme CS="1" source="md">13</theme>
            <contenuImg CS="1.0" lang="en" source="md">animal</contenuImg>
            <contenuImg CS="1.0" lang="en" source="md">bird</contenuImg>
            <contenuImg CS="1.0" lang="en" source="md">verterbrate</contenuImg>
            <titraille>Histoire naturelle des oiseaux d_Afrique, par Levaillant.... Tome 5</titraille>
          </ill>
        </ills>
      </page>
      <page ordre="68">
        <blocIll ocr="1">0</blocIll>
        <ills/>
      </page>
      <page ordre="69">
        <blocIll ocr="1">0</blocIll>
        <ills/>
      </page>
      <page ordre="70">
        <blocIll ocr="1">0</blocIll>
        <ills/>
      </page>
      <page ordre="71">
        <blocIll ocr="1">1</blocIll>
        <ills>
          <ill couleur="coul" h="5856" n="71-1" taille="29" w="4345" x="1" y="1">
            <contenuImg b="84" coul="1" g="121" ordre="5" r="112" source="colorific" type="frg">#707954</contenuImg>
            <contenuImg b="53" coul="1" g="68" ordre="4" r="82" source="colorific" type="frg">#524435</contenuImg>
            <contenuImg b="99" coul="1" g="121" ordre="3" r="142" source="colorific" type="frg">#8e7963</contenuImg>
            <contenuImg b="58" coul="1" g="75" ordre="2" r="73" source="colorific" type="frg">#494b3a</contenuImg>
            <contenuImg b="172" coul="1" g="191" ordre="1" r="200" source="colorific" type="frg">#c8bfac</contenuImg>
            <contenuImg CS="1.0" lang="fr" source="md">vertébré</contenuImg>
            <contenuImg CS="1.0" lang="fr" source="md">oiseau</contenuImg>
            <contenuImg CS="1.0" lang="fr" source="md">animal</contenuImg>
            <txt source="google">"Jowe 5. - Planche 210 - TE Coucou Didric, male. - ",</txt>
            <tech source="final">estampe/gravure</tech>
            <theme source="final">13</theme>
            <tech CS="1" source="md">estampe/gravure</tech>
            <theme CS="1" source="md">13</theme>
            <contenuImg CS="1.0" lang="en" source="md">animal</contenuImg>
            <contenuImg CS="1.0" lang="en" source="md">bird</contenuImg>
            <contenuImg CS="1.0" lang="en" source="md">verterbrate</contenuImg>
            <titraille>Histoire naturelle des oiseaux d_Afrique, par Levaillant.... Tome 5</titraille>
          </ill>
        </ills>
      </page>
      <page ordre="72">
        <blocIll ocr="1">0</blocIll>
        <ills/>
      </page>
      <page ordre="73">
        <blocIll ocr="1">1</blocIll>
        <ills>
          <ill couleur="coul" h="5856" n="73-1" taille="29" w="4345" x="1" y="1">
            <contenuImg b="77" coul="1" g="94" ordre="6" r="77" source="colorific" type="frg">#4d5e4d</contenuImg>
            <contenuImg b="67" coul="1" g="86" ordre="5" r="109" source="colorific" type="frg">#6d5643</contenuImg>
            <contenuImg b="53" coul="1" g="64" ordre="4" r="69" source="colorific" type="frg">#454035</contenuImg>
            <contenuImg b="112" coul="1" g="133" ordre="3" r="130" source="colorific" type="frg">#828570</contenuImg>
            <contenuImg b="120" coul="1" g="143" ordre="2" r="160" source="colorific" type="frg">#a08f78</contenuImg>
            <contenuImg b="198" coul="1" g="220" ordre="1" r="234" source="colorific" type="frg">#eadcc6</contenuImg>
            <contenuImg CS="1.0" lang="fr" source="md">vertébré</contenuImg>
            <contenuImg CS="1.0" lang="fr" source="md">oiseau</contenuImg>
            <contenuImg CS="1.0" lang="fr" source="md">animal</contenuImg>
            <txt source="google">"Planche 21 - Toute 5 - Se Coucou - Didric femelle - e nella - ",</txt>
            <tech source="final">estampe/gravure</tech>
            <theme source="final">13</theme>
            <tech CS="1" source="md">estampe/gravure</tech>
            <theme CS="1" source="md">13</theme>
            <contenuImg CS="1.0" lang="en" source="md">animal</contenuImg>
            <contenuImg CS="1.0" lang="en" source="md">bird</contenuImg>
            <contenuImg CS="1.0" lang="en" source="md">verterbrate</contenuImg>
            <titraille>Histoire naturelle des oiseaux d_Afrique, par Levaillant.... Tome 5</titraille>
          </ill>
        </ills>
      </page>
      <page ordre="74">
        <blocIll ocr="1">0</blocIll>
        <ills/>
      </page>
      <page ordre="75">
        <blocIll ocr="1">0</blocIll>
        <ills/>
      </page>
      <page ordre="76">
        <blocIll ocr="1">0</blocIll>
        <ills/>
      </page>
      <page ordre="77">
        <blocIll ocr="1">0</blocIll>
        <ills/>
      </page>
      <page ordre="78">
        <blocIll ocr="1">0</blocIll>
        <ills/>
      </page>
      <page ordre="79">
        <blocIll ocr="1">0</blocIll>
        <ills/>
      </page>
      <page ordre="80">
        <blocIll ocr="1">0</blocIll>
        <ills/>
      </page>
      <page ordre="81">
        <blocIll ocr="1">0</blocIll>
        <ills/>
      </page>
      <page ordre="82">
        <blocIll ocr="1">1</blocIll>
        <ills>
          <ill couleur="coul" edit="1" h="5808" n="82-1" taille="29" w="4249" x="1" y="1">
            <contenuImg b="40" coul="1" g="48" ordre="5" r="53" source="colorific" type="frg">#353028</contenuImg>
            <contenuImg b="47" coul="1" g="68" ordre="4" r="85" source="colorific" type="frg">#55442f</contenuImg>
            <contenuImg b="99" coul="1" g="124" ordre="3" r="138" source="colorific" type="frg">#8a7c63</contenuImg>
            <contenuImg b="69" coul="1" g="94" ordre="2" r="78" source="colorific" type="frg">#4e5e45</contenuImg>
            <contenuImg b="193" coul="1" g="217" ordre="1" r="231" source="colorific" type="frg">#e7d9c1</contenuImg>
            <contenuImg CS="1" coul="1" lang="fr" source="hm" time="2019-05-01T18:02:22.914+02:00">vert</contenuImg>
            <contenuImg CS="1.0" lang="fr" source="md">vertébré</contenuImg>
            <contenuImg CS="1.0" lang="fr" source="md">oiseau</contenuImg>
            <contenuImg CS="1.0" lang="fr" source="md">animal</contenuImg>
            <txt source="google">"Some 5. - Plaucke 212 - Je Coucou de Klaas, male). - de l'Empereella. - ",</txt>
            <tech source="final">estampe/gravure</tech>
            <theme source="final">13</theme>
            <tech CS="1" source="md">estampe/gravure</tech>
            <theme CS="1" source="md">13</theme>
            <contenuImg CS="1.0" lang="en" source="md">animal</contenuImg>
            <contenuImg CS="1.0" lang="en" source="md">bird</contenuImg>
            <contenuImg CS="1.0" lang="en" source="md">verterbrate</contenuImg>
            <titraille>Histoire naturelle des oiseaux d_Afrique, par Levaillant.... Tome 5</titraille>
            <contenuImg CS="1" coul="1" lang="en" source="hm" time="2019-05-01T18:02:22.914+02:00">green color</contenuImg>
          </ill>
        </ills>
      </page>
      <page ordre="83">
        <blocIll ocr="1">0</blocIll>
        <ills/>
      </page>
      <page ordre="84">
        <blocIll ocr="1">0</blocIll>
        <ills/>
      </page>
      <page ordre="85">
        <blocIll ocr="1">0</blocIll>
        <ills/>
      </page>
      <page ordre="86">
        <blocIll ocr="1">0</blocIll>
        <ills/>
      </page>
      <page ordre="87">
        <blocIll ocr="1">1</blocIll>
        <ills>
          <ill couleur="coul" h="5874" n="87-1" taille="29" w="4364" x="1" y="1">
            <contenuImg b="60" coul="1" g="62" ordre="4" r="64" source="colorific" type="frg">#403e3c</contenuImg>
            <contenuImg b="112" coul="1" g="123" ordre="3" r="125" source="colorific" type="frg">#7d7b70</contenuImg>
            <contenuImg b="63" coul="1" g="85" ordre="2" r="110" source="colorific" type="frg">#6e553f</contenuImg>
            <contenuImg b="182" coul="1" g="208" ordre="1" r="227" source="colorific" type="frg">#e3d0b6</contenuImg>
            <contenuImg CS="1.0" lang="fr" source="md">vertébré</contenuImg>
            <contenuImg CS="1.0" lang="fr" source="md">oiseau</contenuImg>
            <contenuImg CS="1.0" lang="fr" source="md">animal</contenuImg>
            <txt source="google">"Llanele 213 - Fonte) - RELATERAL - HE - Spam - . - 229 - COCO - COPAS - 99 - Le Coucou a collier blanc male. - de - primare de la - loir - ",</txt>
            <tech source="final">estampe/gravure</tech>
            <theme source="final">13</theme>
            <tech CS="1" source="md">estampe/gravure</tech>
            <theme CS="1" source="md">13</theme>
            <contenuImg CS="1.0" lang="en" source="md">animal</contenuImg>
            <contenuImg CS="1.0" lang="en" source="md">bird</contenuImg>
            <contenuImg CS="1.0" lang="en" source="md">verterbrate</contenuImg>
            <titraille>Histoire naturelle des oiseaux d_Afrique, par Levaillant.... Tome 5</titraille>
          </ill>
        </ills>
      </page>
      <page ordre="88">
        <blocIll ocr="1">0</blocIll>
        <ills/>
      </page>
      <page ordre="89">
        <blocIll ocr="1">0</blocIll>
        <ills/>
      </page>
      <page ordre="90">
        <blocIll ocr="1">0</blocIll>
        <ills/>
      </page>
      <page ordre="91">
        <blocIll ocr="1">0</blocIll>
        <ills/>
      </page>
      <page ordre="92">
        <blocIll ocr="1">1</blocIll>
        <ills>
          <ill couleur="coul" h="5840" n="92-1" taille="29" w="4220" x="1" y="1">
            <contenuImg b="108" coul="1" g="115" ordre="6" r="117" source="colorific" type="frg">#75736c</contenuImg>
            <contenuImg b="63" coul="1" g="65" ordre="5" r="69" source="colorific" type="frg">#45413f</contenuImg>
            <contenuImg b="100" coul="1" g="94" ordre="4" r="88" source="colorific" type="frg">#585e64</contenuImg>
            <contenuImg b="93" coul="1" g="118" ordre="3" r="138" source="colorific" type="frg">#8a765d</contenuImg>
            <contenuImg b="57" coul="1" g="49" ordre="2" r="46" source="colorific" type="frg">#2e3139</contenuImg>
            <contenuImg b="195" coul="1" g="217" ordre="1" r="234" source="colorific" type="frg">#ead9c3</contenuImg>
            <contenuImg CS="1.0" lang="fr" source="md">vertébré</contenuImg>
            <contenuImg CS="1.0" lang="fr" source="md">oiseau</contenuImg>
            <contenuImg CS="1.0" lang="fr" source="md">animal</contenuImg>
            <txt source="google">"Jome 5. - plauchen - Je Coucou a gros bec, malo. - de l'huimere de Langlais - ",</txt>
            <tech source="final">estampe/gravure</tech>
            <theme source="final">13</theme>
            <tech CS="1" source="md">estampe/gravure</tech>
            <theme CS="1" source="md">13</theme>
            <contenuImg CS="1.0" lang="en" source="md">animal</contenuImg>
            <contenuImg CS="1.0" lang="en" source="md">bird</contenuImg>
            <contenuImg CS="1.0" lang="en" source="md">verterbrate</contenuImg>
            <titraille>Histoire naturelle des oiseaux d_Afrique, par Levaillant.... Tome 5</titraille>
          </ill>
        </ills>
      </page>
      <page ordre="93">
        <blocIll ocr="1">0</blocIll>
        <ills/>
      </page>
      <page ordre="94">
        <blocIll ocr="1">0</blocIll>
        <ills/>
      </page>
      <page ordre="95">
        <blocIll ocr="1">1</blocIll>
        <ills>
          <ill couleur="coul" h="5874" n="95-1" taille="29" w="4364" x="1" y="1">
            <contenuImg b="74" coul="1" g="95" ordre="4" r="109" source="colorific" type="frg">#6d5f4a</contenuImg>
            <contenuImg b="76" coul="1" g="76" ordre="3" r="75" source="colorific" type="frg">#4b4c4c</contenuImg>
            <contenuImg b="44" coul="1" g="39" ordre="2" r="40" source="colorific" type="frg">#28272c</contenuImg>
            <contenuImg b="174" coul="1" g="198" ordre="1" r="215" source="colorific" type="frg">#d7c6ae</contenuImg>
            <contenuImg CS="1.0" lang="fr" source="md">vertébré</contenuImg>
            <contenuImg CS="1.0" lang="fr" source="md">oiseau</contenuImg>
            <contenuImg CS="1.0" lang="fr" source="md">animal</contenuImg>
            <txt source="google">"Planche 26 - Jome - Se Coucou gris-bronze - ",</txt>
            <tech source="final">estampe/gravure</tech>
            <theme source="final">13</theme>
            <tech CS="1" source="md">estampe/gravure</tech>
            <theme CS="1" source="md">13</theme>
            <contenuImg CS="1.0" lang="en" source="md">animal</contenuImg>
            <contenuImg CS="1.0" lang="en" source="md">bird</contenuImg>
            <contenuImg CS="1.0" lang="en" source="md">verterbrate</contenuImg>
            <titraille>Histoire naturelle des oiseaux d_Afrique, par Levaillant.... Tome 5</titraille>
          </ill>
        </ills>
      </page>
      <page ordre="96">
        <blocIll ocr="1">0</blocIll>
        <ills/>
      </page>
      <page ordre="97">
        <blocIll ocr="1">0</blocIll>
        <ills/>
      </page>
      <page ordre="98">
        <blocIll ocr="1">0</blocIll>
        <ills/>
      </page>
      <page ordre="99">
        <blocIll ocr="1">1</blocIll>
        <ills>
          <ill couleur="coul" h="5874" n="99-1" taille="29" w="4364" x="1" y="1">
            <contenuImg b="128" coul="1" g="139" ordre="4" r="142" source="colorific" type="frg">#8e8b80</contenuImg>
            <contenuImg b="48" coul="1" g="57" ordre="3" r="67" source="colorific" type="frg">#433930</contenuImg>
            <contenuImg b="71" coul="1" g="88" ordre="2" r="99" source="colorific" type="frg">#635847</contenuImg>
            <contenuImg b="162" coul="1" g="187" ordre="1" r="203" source="colorific" type="frg">#cbbba2</contenuImg>
            <contenuImg CS="1.0" lang="fr" source="md">vertébré</contenuImg>
            <contenuImg CS="1.0" lang="fr" source="md">oiseau</contenuImg>
            <contenuImg CS="1.0" lang="fr" source="md">animal</contenuImg>
            <tech source="final">estampe/gravure</tech>
            <theme source="final">13</theme>
            <tech CS="1" source="md">estampe/gravure</tech>
            <theme CS="1" source="md">13</theme>
            <contenuImg CS="1.0" lang="en" source="md">animal</contenuImg>
            <contenuImg CS="1.0" lang="en" source="md">bird</contenuImg>
            <contenuImg CS="1.0" lang="en" source="md">verterbrate</contenuImg>
            <titraille>Histoire naturelle des oiseaux d_Afrique, par Levaillant.... Tome 5</titraille>
          </ill>
        </ills>
      </page>
      <page ordre="100">
        <blocIll ocr="1">0</blocIll>
        <ills/>
      </page>
      <page ordre="101">
        <blocIll ocr="1">0</blocIll>
        <ills/>
      </page>
      <page ordre="102">
        <blocIll ocr="1">0</blocIll>
        <ills/>
      </page>
      <page ordre="103">
        <blocIll ocr="1">0</blocIll>
        <ills/>
      </page>
      <page ordre="104">
        <blocIll ocr="1">0</blocIll>
        <ills/>
      </page>
      <page ordre="105">
        <blocIll ocr="1">0</blocIll>
        <ills/>
      </page>
      <page ordre="106">
        <blocIll ocr="1">1</blocIll>
        <ills>
          <ill couleur="coul" h="5848" n="106-1" taille="29" w="4257" x="1" y="1">
            <contenuImg b="62" coul="1" g="77" ordre="6" r="93" source="colorific" type="frg">#5d4d3e</contenuImg>
            <contenuImg b="139" coul="1" g="147" ordre="5" r="148" source="colorific" type="frg">#94938b</contenuImg>
            <contenuImg b="88" coul="1" g="112" ordre="4" r="139" source="colorific" type="frg">#8b7058</contenuImg>
            <contenuImg b="58" coul="1" g="43" ordre="3" r="39" source="colorific" type="frg">#272b3a</contenuImg>
            <contenuImg b="54" coul="1" g="54" ordre="2" r="48" source="colorific" type="frg">#303636</contenuImg>
            <contenuImg b="197" coul="1" g="219" ordre="1" r="234" source="colorific" type="frg">#eadbc5</contenuImg>
            <contenuImg CS="1.0" lang="fr" source="md">vertébré</contenuImg>
            <contenuImg CS="1.0" lang="fr" source="md">oiseau</contenuImg>
            <contenuImg CS="1.0" lang="fr" source="md">animal</contenuImg>
            <tech source="final">estampe/gravure</tech>
            <theme source="final">13</theme>
            <tech CS="1" source="md">estampe/gravure</tech>
            <theme CS="1" source="md">13</theme>
            <contenuImg CS="1.0" lang="en" source="md">animal</contenuImg>
            <contenuImg CS="1.0" lang="en" source="md">bird</contenuImg>
            <contenuImg CS="1.0" lang="en" source="md">verterbrate</contenuImg>
            <titraille>Histoire naturelle des oiseaux d_Afrique, par Levaillant.... Tome 5</titraille>
          </ill>
        </ills>
      </page>
      <page ordre="107">
        <blocIll ocr="1">0</blocIll>
        <ills/>
      </page>
      <page ordre="108">
        <blocIll ocr="1">0</blocIll>
        <ills/>
      </page>
      <page ordre="109">
        <blocIll ocr="1">0</blocIll>
        <ills/>
      </page>
      <page ordre="110">
        <blocIll ocr="1">1</blocIll>
        <ills>
          <ill couleur="coul" h="5848" n="110-1" taille="29" w="4314" x="1" y="1">
            <contenuImg b="72" coul="1" g="91" ordre="4" r="100" source="colorific" type="frg">#645b48</contenuImg>
            <contenuImg b="59" coul="1" g="55" ordre="3" r="54" source="colorific" type="frg">#36373b</contenuImg>
            <contenuImg b="104" coul="1" g="87" ordre="2" r="74" source="colorific" type="frg">#4a5768</contenuImg>
            <contenuImg b="172" coul="1" g="197" ordre="1" r="216" source="colorific" type="frg">#d8c5ac</contenuImg>
            <contenuImg CS="1.0" lang="fr" source="md">vertébré</contenuImg>
            <contenuImg CS="1.0" lang="fr" source="md">oiseau</contenuImg>
            <contenuImg CS="1.0" lang="fr" source="md">animal</contenuImg>
            <txt source="google">"Se Coua -laitsou male. - twee bolo - ",</txt>
            <tech source="final">estampe/gravure</tech>
            <theme source="final">13</theme>
            <tech CS="1" source="md">estampe/gravure</tech>
            <theme CS="1" source="md">13</theme>
            <contenuImg CS="1.0" lang="en" source="md">animal</contenuImg>
            <contenuImg CS="1.0" lang="en" source="md">bird</contenuImg>
            <contenuImg CS="1.0" lang="en" source="md">verterbrate</contenuImg>
            <titraille>Histoire naturelle des oiseaux d_Afrique, par Levaillant.... Tome 5</titraille>
          </ill>
        </ills>
      </page>
      <page ordre="111">
        <blocIll ocr="1">0</blocIll>
        <ills/>
      </page>
      <page ordre="112">
        <blocIll ocr="1">0</blocIll>
        <ills/>
      </page>
      <page ordre="113">
        <blocIll ocr="1">0</blocIll>
        <ills/>
      </page>
      <page ordre="114">
        <blocIll ocr="1">0</blocIll>
        <ills/>
      </page>
      <page ordre="115">
        <blocIll ocr="1">1</blocIll>
        <ills>
          <ill couleur="coul" h="5854" n="115-1" taille="29" w="4348" x="1" y="1">
            <contenuImg b="45" coul="1" g="55" ordre="6" r="71" source="colorific" type="frg">#47372d</contenuImg>
            <contenuImg b="102" coul="1" g="134" ordre="5" r="161" source="colorific" type="frg">#a18666</contenuImg>
            <contenuImg b="113" coul="1" g="140" ordre="4" r="145" source="colorific" type="frg">#918c71</contenuImg>
            <contenuImg b="54" coul="1" g="70" ordre="3" r="108" source="colorific" type="frg">#6c4636</contenuImg>
            <contenuImg b="71" coul="1" g="86" ordre="2" r="101" source="colorific" type="frg">#655647</contenuImg>
            <contenuImg b="179" coul="1" g="203" ordre="1" r="220" source="colorific" type="frg">#dccbb3</contenuImg>
            <contenuImg CS="1.0" lang="fr" source="md">vertébré</contenuImg>
            <contenuImg CS="1.0" lang="fr" source="md">oiseau</contenuImg>
            <contenuImg CS="1.0" lang="fr" source="md">animal</contenuImg>
            <txt source="google">"Jom - Se Coucal houhou male. - ",</txt>
            <tech source="final">estampe/gravure</tech>
            <theme source="final">13</theme>
            <tech CS="1" source="md">estampe/gravure</tech>
            <theme CS="1" source="md">13</theme>
            <contenuImg CS="1.0" lang="en" source="md">animal</contenuImg>
            <contenuImg CS="1.0" lang="en" source="md">bird</contenuImg>
            <contenuImg CS="1.0" lang="en" source="md">verterbrate</contenuImg>
            <titraille>Histoire naturelle des oiseaux d_Afrique, par Levaillant.... Tome 5</titraille>
          </ill>
        </ills>
      </page>
      <page ordre="116">
        <blocIll ocr="1">0</blocIll>
        <ills/>
      </page>
      <page ordre="117">
        <blocIll ocr="1">0</blocIll>
        <ills/>
      </page>
      <page ordre="118">
        <blocIll ocr="1">0</blocIll>
        <ills/>
      </page>
      <page ordre="119">
        <blocIll ocr="1">0</blocIll>
        <ills/>
      </page>
      <page ordre="120">
        <blocIll ocr="1">0</blocIll>
        <ills/>
      </page>
      <page ordre="121">
        <blocIll ocr="1">0</blocIll>
        <ills/>
      </page>
      <page ordre="122">
        <blocIll ocr="1">0</blocIll>
        <ills/>
      </page>
      <page ordre="123">
        <blocIll ocr="1">1</blocIll>
        <ills>
          <ill couleur="coul" h="5824" n="123-1" taille="29" w="4311" x="1" y="1">
            <contenuImg b="47" coul="1" g="58" ordre="5" r="82" source="colorific" type="frg">#523a2f</contenuImg>
            <contenuImg b="101" coul="1" g="113" ordre="4" r="122" source="colorific" type="frg">#7a7165</contenuImg>
            <contenuImg b="77" coul="1" g="99" ordre="3" r="133" source="colorific" type="frg">#85634d</contenuImg>
            <contenuImg b="60" coul="1" g="64" ordre="2" r="67" source="colorific" type="frg">#43403c</contenuImg>
            <contenuImg b="141" coul="1" g="162" ordre="1" r="179" source="colorific" type="frg">#b3a28d</contenuImg>
            <contenuImg CS="1.0" lang="fr" source="md">vertébré</contenuImg>
            <contenuImg CS="1.0" lang="fr" source="md">oiseau</contenuImg>
            <contenuImg CS="1.0" lang="fr" source="md">animal</contenuImg>
            <txt source="google">"Se Coucal norou male. - ",</txt>
            <tech source="final">estampe/gravure</tech>
            <theme source="final">13</theme>
            <tech CS="1" source="md">estampe/gravure</tech>
            <theme CS="1" source="md">13</theme>
            <contenuImg CS="1.0" lang="en" source="md">animal</contenuImg>
            <contenuImg CS="1.0" lang="en" source="md">bird</contenuImg>
            <contenuImg CS="1.0" lang="en" source="md">verterbrate</contenuImg>
            <titraille>Histoire naturelle des oiseaux d_Afrique, par Levaillant.... Tome 5</titraille>
          </ill>
        </ills>
      </page>
      <page ordre="124">
        <blocIll ocr="1">0</blocIll>
        <ills/>
      </page>
      <page ordre="125">
        <blocIll ocr="1">0</blocIll>
        <ills/>
      </page>
      <page ordre="126">
        <blocIll ocr="1">0</blocIll>
        <ills/>
      </page>
      <page ordre="127">
        <blocIll ocr="1">0</blocIll>
        <ills/>
      </page>
      <page ordre="128">
        <blocIll ocr="1">0</blocIll>
        <ills/>
      </page>
      <page ordre="129">
        <blocIll ocr="1">1</blocIll>
        <ills>
          <ill couleur="coul" h="5824" n="129-1" taille="29" w="4311" x="1" y="1">
            <contenuImg b="38" coul="1" g="55" ordre="5" r="83" source="colorific" type="frg">#533726</contenuImg>
            <contenuImg b="122" coul="1" g="157" ordre="4" r="192" source="colorific" type="frg">#c09d7a</contenuImg>
            <contenuImg b="89" coul="1" g="118" ordre="3" r="128" source="colorific" type="frg">#807659</contenuImg>
            <contenuImg b="62" coul="1" g="87" ordre="2" r="121" source="colorific" type="frg">#79573e</contenuImg>
            <contenuImg b="188" coul="1" g="208" ordre="1" r="219" source="colorific" type="frg">#dbd0bc</contenuImg>
            <contenuImg CS="1.0" lang="fr" source="md">vertébré</contenuImg>
            <contenuImg CS="1.0" lang="fr" source="md">oiseau</contenuImg>
            <contenuImg CS="1.0" lang="fr" source="md">animal</contenuImg>
            <tech source="final">estampe/gravure</tech>
            <theme source="final">13</theme>
            <tech CS="1" source="md">estampe/gravure</tech>
            <theme CS="1" source="md">13</theme>
            <contenuImg CS="1.0" lang="en" source="md">animal</contenuImg>
            <contenuImg CS="1.0" lang="en" source="md">bird</contenuImg>
            <contenuImg CS="1.0" lang="en" source="md">verterbrate</contenuImg>
            <titraille>Histoire naturelle des oiseaux d_Afrique, par Levaillant.... Tome 5</titraille>
          </ill>
        </ills>
      </page>
      <page ordre="130">
        <blocIll ocr="1">0</blocIll>
        <ills/>
      </page>
      <page ordre="131">
        <blocIll ocr="1">0</blocIll>
        <ills/>
      </page>
      <page ordre="132">
        <blocIll ocr="1">0</blocIll>
        <ills/>
      </page>
      <page ordre="133">
        <blocIll ocr="1">1</blocIll>
        <ills>
          <ill couleur="coul" h="5875" n="133-1" taille="29" w="4311" x="1" y="1">
            <contenuImg b="40" coul="1" g="41" ordre="5" r="44" source="colorific" type="frg">#2c2928</contenuImg>
            <contenuImg b="119" coul="1" g="137" ordre="4" r="151" source="colorific" type="frg">#978977</contenuImg>
            <contenuImg b="66" coul="1" g="86" ordre="3" r="109" source="colorific" type="frg">#6d5642</contenuImg>
            <contenuImg b="63" coul="1" g="65" ordre="2" r="65" source="colorific" type="frg">#41413f</contenuImg>
            <contenuImg b="190" coul="1" g="214" ordre="1" r="231" source="colorific" type="frg">#e7d6be</contenuImg>
            <contenuImg CS="1.0" lang="fr" source="md">vertébré</contenuImg>
            <contenuImg CS="1.0" lang="fr" source="md">oiseau</contenuImg>
            <contenuImg CS="1.0" lang="fr" source="md">animal</contenuImg>
            <tech source="final">estampe/gravure</tech>
            <theme source="final">13</theme>
            <tech CS="1" source="md">estampe/gravure</tech>
            <theme CS="1" source="md">13</theme>
            <contenuImg CS="1.0" lang="en" source="md">animal</contenuImg>
            <contenuImg CS="1.0" lang="en" source="md">bird</contenuImg>
            <contenuImg CS="1.0" lang="en" source="md">verterbrate</contenuImg>
            <titraille>Histoire naturelle des oiseaux d_Afrique, par Levaillant.... Tome 5</titraille>
          </ill>
        </ills>
      </page>
      <page ordre="134">
        <blocIll ocr="1">0</blocIll>
        <ills/>
      </page>
      <page ordre="135">
        <blocIll ocr="1">0</blocIll>
        <ills/>
      </page>
      <page ordre="136">
        <blocIll ocr="1">0</blocIll>
        <ills/>
      </page>
      <page ordre="137">
        <blocIll ocr="1">1</blocIll>
        <ills>
          <ill couleur="coul" h="5875" n="137-1" taille="29" w="4311" x="1" y="1">
            <contenuImg b="102" coul="1" g="120" ordre="5" r="115" source="colorific" type="frg">#737866</contenuImg>
            <contenuImg b="40" coul="1" g="44" ordre="4" r="49" source="colorific" type="frg">#312c28</contenuImg>
            <contenuImg b="75" coul="1" g="95" ordre="3" r="113" source="colorific" type="frg">#715f4b</contenuImg>
            <contenuImg b="67" coul="1" g="74" ordre="2" r="82" source="colorific" type="frg">#524a43</contenuImg>
            <contenuImg b="186" coul="1" g="209" ordre="1" r="225" source="colorific" type="frg">#e1d1ba</contenuImg>
            <contenuImg CS="1.0" lang="fr" source="md">vertébré</contenuImg>
            <contenuImg CS="1.0" lang="fr" source="md">oiseau</contenuImg>
            <contenuImg CS="1.0" lang="fr" source="md">animal</contenuImg>
            <txt source="google">"Pl. 293 - LE Coucal Geant - ",</txt>
            <tech source="final">estampe/gravure</tech>
            <theme source="final">13</theme>
            <tech CS="1" source="md">estampe/gravure</tech>
            <theme CS="1" source="md">13</theme>
            <contenuImg CS="1.0" lang="en" source="md">animal</contenuImg>
            <contenuImg CS="1.0" lang="en" source="md">bird</contenuImg>
            <contenuImg CS="1.0" lang="en" source="md">verterbrate</contenuImg>
            <titraille>Histoire naturelle des oiseaux d_Afrique, par Levaillant.... Tome 5</titraille>
          </ill>
        </ills>
      </page>
      <page ordre="138">
        <blocIll ocr="1">0</blocIll>
        <ills/>
      </page>
      <page ordre="139">
        <blocIll ocr="1">0</blocIll>
        <ills/>
      </page>
      <page ordre="140">
        <blocIll ocr="1">0</blocIll>
        <ills/>
      </page>
      <page ordre="141">
        <blocIll ocr="1">0</blocIll>
        <ills/>
      </page>
      <page ordre="142">
        <blocIll ocr="1">0</blocIll>
        <ills/>
      </page>
      <page ordre="143">
        <blocIll ocr="1">1</blocIll>
        <ills>
          <ill couleur="coul" h="5875" n="143-1" taille="29" w="4311" x="1" y="1">
            <contenuImg b="64" coul="1" g="80" ordre="4" r="99" source="colorific" type="frg">#635040</contenuImg>
            <contenuImg b="126" coul="1" g="144" ordre="3" r="159" source="colorific" type="frg">#9f907e</contenuImg>
            <contenuImg b="66" coul="1" g="71" ordre="2" r="69" source="colorific" type="frg">#454742</contenuImg>
            <contenuImg b="189" coul="1" g="214" ordre="1" r="230" source="colorific" type="frg">#e6d6bd</contenuImg>
            <contenuImg CS="1.0" lang="fr" source="md">vertébré</contenuImg>
            <contenuImg CS="1.0" lang="fr" source="md">oiseau</contenuImg>
            <contenuImg CS="1.0" lang="fr" source="md">animal</contenuImg>
            <txt source="google">"9.994 - N - . - TeMalkoha. - ",</txt>
            <tech source="final">estampe/gravure</tech>
            <theme source="final">13</theme>
            <tech CS="1" source="md">estampe/gravure</tech>
            <theme CS="1" source="md">13</theme>
            <contenuImg CS="1.0" lang="en" source="md">animal</contenuImg>
            <contenuImg CS="1.0" lang="en" source="md">bird</contenuImg>
            <contenuImg CS="1.0" lang="en" source="md">verterbrate</contenuImg>
            <titraille>Histoire naturelle des oiseaux d_Afrique, par Levaillant.... Tome 5</titraille>
          </ill>
        </ills>
      </page>
      <page ordre="144">
        <blocIll ocr="1">0</blocIll>
        <ills/>
      </page>
      <page ordre="145">
        <blocIll ocr="1">0</blocIll>
        <ills/>
      </page>
      <page ordre="146">
        <blocIll ocr="1">0</blocIll>
        <ills/>
      </page>
      <page ordre="147">
        <blocIll ocr="1">1</blocIll>
        <ills>
          <ill couleur="coul" h="5875" n="147-1" taille="29" w="4277" x="1" y="1">
            <contenuImg b="93" coul="1" g="105" ordre="6" r="142" source="colorific" type="frg">#8e695d</contenuImg>
            <contenuImg b="117" coul="1" g="119" ordre="5" r="118" source="colorific" type="frg">#767775</contenuImg>
            <contenuImg b="102" coul="1" g="119" ordre="4" r="136" source="colorific" type="frg">#887766</contenuImg>
            <contenuImg b="56" coul="1" g="63" ordre="3" r="84" source="colorific" type="frg">#543f38</contenuImg>
            <contenuImg b="78" coul="1" g="70" ordre="2" r="62" source="colorific" type="frg">#3e464e</contenuImg>
            <contenuImg b="168" coul="1" g="192" ordre="1" r="209" source="colorific" type="frg">#d1c0a8</contenuImg>
            <contenuImg CS="1.0" lang="fr" source="md">vertébré</contenuImg>
            <contenuImg CS="1.0" lang="fr" source="md">oiseau</contenuImg>
            <contenuImg CS="1.0" lang="fr" source="md">animal</contenuImg>
            <txt source="google">"Cont - Se Malkoha, rouverdin - R - e - mpromo de la loir - ",</txt>
            <tech source="final">estampe/gravure</tech>
            <theme source="final">13</theme>
            <tech CS="1" source="md">estampe/gravure</tech>
            <theme CS="1" source="md">13</theme>
            <contenuImg CS="1.0" lang="en" source="md">animal</contenuImg>
            <contenuImg CS="1.0" lang="en" source="md">bird</contenuImg>
            <contenuImg CS="1.0" lang="en" source="md">verterbrate</contenuImg>
            <titraille>Histoire naturelle des oiseaux d_Afrique, par Levaillant.... Tome 5</titraille>
          </ill>
        </ills>
      </page>
      <page ordre="148">
        <blocIll ocr="1">0</blocIll>
        <ills/>
      </page>
      <page ordre="149">
        <blocIll ocr="1">0</blocIll>
        <ills/>
      </page>
      <page ordre="150">
        <blocIll ocr="1">0</blocIll>
        <ills/>
      </page>
      <page ordre="151">
        <blocIll ocr="1">1</blocIll>
        <ills>
          <ill couleur="coul" h="5875" n="151-1" taille="29" w="4277" x="1" y="1">
            <contenuImg b="79" coul="1" g="90" ordre="5" r="118" source="colorific" type="frg">#765a4f</contenuImg>
            <contenuImg b="145" coul="1" g="148" ordre="4" r="141" source="colorific" type="frg">#8d9491</contenuImg>
            <contenuImg b="54" coul="1" g="57" ordre="3" r="58" source="colorific" type="frg">#3a3936</contenuImg>
            <contenuImg b="83" coul="1" g="96" ordre="2" r="102" source="colorific" type="frg">#666053</contenuImg>
            <contenuImg b="185" coul="1" g="208" ordre="1" r="224" source="colorific" type="frg">#e0d0b9</contenuImg>
            <contenuImg CS="1.0" lang="fr" source="md">vertébré</contenuImg>
            <contenuImg CS="1.0" lang="fr" source="md">oiseau</contenuImg>
            <contenuImg CS="1.0" lang="fr" source="md">animal</contenuImg>
            <txt source="google">"PL 926 - Tout - 3:1 - 222158381 insis - Vourou-driou male. - le - mie de Lyon - ",</txt>
            <tech source="final">estampe/gravure</tech>
            <theme source="final">13</theme>
            <tech CS="1" source="md">estampe/gravure</tech>
            <theme CS="1" source="md">13</theme>
            <contenuImg CS="1.0" lang="en" source="md">animal</contenuImg>
            <contenuImg CS="1.0" lang="en" source="md">bird</contenuImg>
            <contenuImg CS="1.0" lang="en" source="md">verterbrate</contenuImg>
            <titraille>Histoire naturelle des oiseaux d_Afrique, par Levaillant.... Tome 5</titraille>
          </ill>
        </ills>
      </page>
      <page ordre="152">
        <blocIll ocr="1">0</blocIll>
        <ills/>
      </page>
      <page ordre="153">
        <blocIll ocr="1">0</blocIll>
        <ills/>
      </page>
      <page ordre="154">
        <blocIll ocr="1">0</blocIll>
        <ills/>
      </page>
      <page ordre="155">
        <blocIll ocr="1">0</blocIll>
        <ills/>
      </page>
      <page ordre="156">
        <blocIll ocr="1">0</blocIll>
        <ills/>
      </page>
      <page ordre="157">
        <blocIll ocr="1">1</blocIll>
        <ills>
          <ill couleur="coul" h="5875" n="157-1" taille="29" w="4277" x="1" y="1">
            <contenuImg b="35" coul="1" g="46" ordre="7" r="65" source="colorific" type="frg">#412e23</contenuImg>
            <contenuImg b="108" coul="1" g="114" ordre="6" r="113" source="colorific" type="frg">#71726c</contenuImg>
            <contenuImg b="69" coul="1" g="100" ordre="5" r="147" source="colorific" type="frg">#936445</contenuImg>
            <contenuImg b="56" coul="1" g="59" ordre="4" r="58" source="colorific" type="frg">#3a3b38</contenuImg>
            <contenuImg b="32" coul="1" g="52" ordre="3" r="93" source="colorific" type="frg">#5d3420</contenuImg>
            <contenuImg b="98" coul="1" g="118" ordre="2" r="135" source="colorific" type="frg">#877662</contenuImg>
            <contenuImg b="188" coul="1" g="210" ordre="1" r="226" source="colorific" type="frg">#e2d2bc</contenuImg>
            <contenuImg CS="1.0" lang="fr" source="md">vertébré</contenuImg>
            <contenuImg CS="1.0" lang="fr" source="md">oiseau</contenuImg>
            <contenuImg CS="1.0" lang="fr" source="md">animal</contenuImg>
            <txt source="google">"4297 - 0 0 - Je Vourouq-driou. Jei - Le Mini Lan - ",</txt>
            <tech source="final">estampe/gravure</tech>
            <theme source="final">13</theme>
            <tech CS="1" source="md">estampe/gravure</tech>
            <theme CS="1" source="md">13</theme>
            <contenuImg CS="1.0" lang="en" source="md">animal</contenuImg>
            <contenuImg CS="1.0" lang="en" source="md">bird</contenuImg>
            <contenuImg CS="1.0" lang="en" source="md">verterbrate</contenuImg>
            <titraille>Histoire naturelle des oiseaux d_Afrique, par Levaillant.... Tome 5</titraille>
          </ill>
        </ills>
      </page>
      <page ordre="158">
        <blocIll ocr="1">0</blocIll>
        <ills/>
      </page>
      <page ordre="159">
        <blocIll ocr="1">0</blocIll>
        <ills/>
      </page>
      <page ordre="160">
        <blocIll ocr="1">0</blocIll>
        <ills/>
      </page>
      <page ordre="161">
        <blocIll ocr="1">0</blocIll>
        <ills/>
      </page>
      <page ordre="162">
        <blocIll ocr="1">0</blocIll>
        <ills/>
      </page>
      <page ordre="163">
        <blocIll ocr="1">0</blocIll>
        <ills/>
      </page>
      <page ordre="164">
        <blocIll ocr="1">0</blocIll>
        <ills/>
      </page>
      <page ordre="165">
        <blocIll ocr="1">1</blocIll>
        <ills>
          <ill couleur="coul" edit="1" h="5846" n="165-1" taille="29" w="4235" x="1" y="1">
            <contenuImg b="129" coul="1" g="148" ordre="7" r="183" source="colorific" type="frg">#b79481</contenuImg>
            <contenuImg b="49" coul="1" g="44" ordre="6" r="116" source="colorific" type="frg">#742c31</contenuImg>
            <contenuImg b="77" coul="1" g="84" ordre="5" r="135" source="colorific" type="frg">#87544d</contenuImg>
            <contenuImg b="52" coul="1" g="62" ordre="4" r="68" source="colorific" type="frg">#443e34</contenuImg>
            <contenuImg b="85" coul="1" g="129" ordre="3" r="124" source="colorific" type="frg">#7c8155</contenuImg>
            <contenuImg b="124" coul="1" g="146" ordre="2" r="161" source="colorific" type="frg">#a1927c</contenuImg>
            <contenuImg b="202" coul="1" g="224" ordre="1" r="239" source="colorific" type="frg">#efe0ca</contenuImg>
            <contenuImg CS="1" coul="1" lang="fr" source="hm" time="2019-05-01T18:02:27.751+02:00">vert</contenuImg>
            <contenuImg CS="1" coul="1" lang="fr" source="hm" time="2019-05-01T18:02:27.121+02:00">rose</contenuImg>
            <contenuImg CS="1.0" lang="fr" source="md">vertébré</contenuImg>
            <contenuImg CS="1.0" lang="fr" source="md">oiseau</contenuImg>
            <contenuImg CS="1.0" lang="fr" source="md">animal</contenuImg>
            <txt source="google">"lonta - Se Couroucou Narina male. - ",</txt>
            <tech source="final">estampe/gravure</tech>
            <theme source="final">13</theme>
            <tech CS="1" source="md">estampe/gravure</tech>
            <theme CS="1" source="md">13</theme>
            <contenuImg CS="1.0" lang="en" source="md">animal</contenuImg>
            <contenuImg CS="1.0" lang="en" source="md">bird</contenuImg>
            <contenuImg CS="1.0" lang="en" source="md">verterbrate</contenuImg>
            <titraille>Histoire naturelle des oiseaux d_Afrique, par Levaillant.... Tome 5</titraille>
            <contenuImg CS="1" coul="1" lang="en" source="hm" time="2019-05-01T18:02:27.121+02:00">pink color</contenuImg>
            <contenuImg CS="1" coul="1" lang="en" source="hm" time="2019-05-01T18:02:27.751+02:00">green color</contenuImg>
          </ill>
        </ills>
      </page>
      <page ordre="166">
        <blocIll ocr="1">0</blocIll>
        <ills/>
      </page>
      <page ordre="167">
        <blocIll ocr="1">0</blocIll>
        <ills/>
      </page>
      <page ordre="168">
        <blocIll ocr="1">1</blocIll>
        <ills>
          <ill couleur="coul" h="5928" n="168-1" taille="29" w="4264" x="1" y="1">
            <contenuImg b="97" coul="1" g="114" ordre="5" r="166" source="colorific" type="frg">#a67261</contenuImg>
            <contenuImg b="116" coul="1" g="135" ordre="4" r="152" source="colorific" type="frg">#988774</contenuImg>
            <contenuImg b="121" coul="1" g="143" ordre="3" r="139" source="colorific" type="frg">#8b8f79</contenuImg>
            <contenuImg b="67" coul="1" g="89" ordre="2" r="97" source="colorific" type="frg">#615943</contenuImg>
            <contenuImg b="189" coul="1" g="213" ordre="1" r="230" source="colorific" type="frg">#e6d5bd</contenuImg>
            <contenuImg CS="1.0" lang="fr" source="md">vertébré</contenuImg>
            <contenuImg CS="1.0" lang="fr" source="md">oiseau</contenuImg>
            <contenuImg CS="1.0" lang="fr" source="md">animal</contenuImg>
            <txt source="google">"Jom - 5. - AY 229 - Se Couroucou Narina femelle). - ",</txt>
            <tech source="final">estampe/gravure</tech>
            <theme source="final">13</theme>
            <tech CS="1" source="md">estampe/gravure</tech>
            <theme CS="1" source="md">13</theme>
            <contenuImg CS="1.0" lang="en" source="md">animal</contenuImg>
            <contenuImg CS="1.0" lang="en" source="md">bird</contenuImg>
            <contenuImg CS="1.0" lang="en" source="md">verterbrate</contenuImg>
            <titraille>Histoire naturelle des oiseaux d_Afrique, par Levaillant.... Tome 5</titraille>
          </ill>
        </ills>
      </page>
      <page ordre="169">
        <blocIll ocr="1">0</blocIll>
        <ills/>
      </page>
      <page ordre="170">
        <blocIll ocr="1">0</blocIll>
        <ills/>
      </page>
      <page ordre="171">
        <blocIll ocr="1">0</blocIll>
        <ills/>
      </page>
      <page ordre="172">
        <blocIll ocr="1">0</blocIll>
        <ills/>
      </page>
      <page ordre="173">
        <blocIll ocr="1">0</blocIll>
        <ills/>
      </page>
      <page ordre="174">
        <blocIll ocr="1">1</blocIll>
        <ills>
          <ill couleur="coul" edit="true" h="5928" n="174-1" rotation="90" taille="29" w="4264" x="1" y="1">
            <contenuImg b="135" coul="1" g="148" ordre="8" r="156" source="colorific" type="frg">#9c9487</contenuImg>
            <contenuImg b="36" coul="1" g="36" ordre="7" r="39" source="colorific" type="frg">#272424</contenuImg>
            <contenuImg b="82" coul="1" g="103" ordre="6" r="137" source="colorific" type="frg">#896752</contenuImg>
            <contenuImg b="101" coul="1" g="93" ordre="5" r="83" source="colorific" type="frg">#535d65</contenuImg>
            <contenuImg b="62" coul="1" g="69" ordre="4" r="108" source="colorific" type="frg">#6c453e</contenuImg>
            <contenuImg b="87" coul="1" g="91" ordre="3" r="98" source="colorific" type="frg">#625b57</contenuImg>
            <contenuImg b="186" coul="1" g="211" ordre="2" r="227" source="colorific" type="frg">#e3d3ba</contenuImg>
            <contenuImg b="53" coul="1" g="57" ordre="1" r="63" source="colorific" type="frg">#3f3935</contenuImg>
            <contenuImg CS="1.0" lang="fr" source="md">vertébré</contenuImg>
            <contenuImg CS="1.0" lang="fr" source="md">oiseau</contenuImg>
            <contenuImg CS="1.0" lang="fr" source="md">animal</contenuImg>
            <txt source="google">"fom 6 - De Bee du Calao Caroneules, dans le premier age). - ",</txt>
            <tech source="final">estampe/gravure</tech>
            <theme source="final">13</theme>
            <tech CS="1" source="md">estampe/gravure</tech>
            <theme CS="1" source="md">13</theme>
            <contenuImg CS="1.0" lang="en" source="md">animal</contenuImg>
            <contenuImg CS="1.0" lang="en" source="md">bird</contenuImg>
            <contenuImg CS="1.0" lang="en" source="md">verterbrate</contenuImg>
            <titraille>Histoire naturelle des oiseaux d_Afrique, par Levaillant.... Tome 5</titraille>
          </ill>
        </ills>
      </page>
      <page ordre="175">
        <blocIll ocr="1">0</blocIll>
        <ills/>
      </page>
      <page ordre="176">
        <blocIll ocr="1">1</blocIll>
        <ills>
          <ill couleur="coul" edit="true" h="5919" n="176-1" rotation="90" taille="29" w="4139" x="1" y="1">
            <contenuImg b="85" coul="1" g="120" ordre="4" r="159" source="colorific" type="frg">#9f7855</contenuImg>
            <contenuImg b="60" coul="1" g="63" ordre="3" r="67" source="colorific" type="frg">#433f3c</contenuImg>
            <contenuImg b="95" coul="1" g="103" ordre="2" r="109" source="colorific" type="frg">#6d675f</contenuImg>
            <contenuImg b="130" coul="1" g="148" ordre="1" r="161" source="colorific" type="frg">#a19482</contenuImg>
            <contenuImg CS="1.0" lang="fr" source="md">vertébré</contenuImg>
            <contenuImg CS="1.0" lang="fr" source="md">oiseau</contenuImg>
            <contenuImg CS="1.0" lang="fr" source="md">animal</contenuImg>
            <tech source="final">estampe/gravure</tech>
            <theme source="final">13</theme>
            <tech CS="1" source="md">estampe/gravure</tech>
            <theme CS="1" source="md">13</theme>
            <contenuImg CS="1.0" lang="en" source="md">animal</contenuImg>
            <contenuImg CS="1.0" lang="en" source="md">bird</contenuImg>
            <contenuImg CS="1.0" lang="en" source="md">verterbrate</contenuImg>
            <titraille>Histoire naturelle des oiseaux d_Afrique, par Levaillant.... Tome 5</titraille>
          </ill>
        </ills>
      </page>
      <page ordre="177">
        <blocIll ocr="1">0</blocIll>
        <ills/>
      </page>
      <page ordre="178">
        <blocIll ocr="1">1</blocIll>
        <ills>
          <ill couleur="coul" h="5919" n="178-1" taille="29" w="4139" x="1" y="1">
            <contenuImg b="125" coul="1" g="133" ordre="6" r="133" source="colorific" type="frg">#85857d</contenuImg>
            <contenuImg b="54" coul="1" g="69" ordre="5" r="95" source="colorific" type="frg">#5f4536</contenuImg>
            <contenuImg b="90" coul="1" g="106" ordre="4" r="120" source="colorific" type="frg">#786a5a</contenuImg>
            <contenuImg b="45" coul="1" g="47" ordre="3" r="49" source="colorific" type="frg">#312f2d</contenuImg>
            <contenuImg b="73" coul="1" g="76" ordre="2" r="76" source="colorific" type="frg">#4c4c49</contenuImg>
            <contenuImg b="198" coul="1" g="219" ordre="1" r="232" source="colorific" type="frg">#e8dbc6</contenuImg>
            <contenuImg CS="1.0" lang="fr" source="md">vertébré</contenuImg>
            <contenuImg CS="1.0" lang="fr" source="md">oiseau</contenuImg>
            <contenuImg CS="1.0" lang="fr" source="md">animal</contenuImg>
            <txt source="google">"Jom - 3 - rall to - Se Calao Caroncule male - empre de Lyon - ",</txt>
            <tech source="final">estampe/gravure</tech>
            <theme source="final">13</theme>
            <tech CS="1" source="md">estampe/gravure</tech>
            <theme CS="1" source="md">13</theme>
            <contenuImg CS="1.0" lang="en" source="md">animal</contenuImg>
            <contenuImg CS="1.0" lang="en" source="md">bird</contenuImg>
            <contenuImg CS="1.0" lang="en" source="md">verterbrate</contenuImg>
            <titraille>Histoire naturelle des oiseaux d_Afrique, par Levaillant.... Tome 5</titraille>
          </ill>
        </ills>
      </page>
      <page ordre="179">
        <blocIll ocr="1">0</blocIll>
        <ills/>
      </page>
      <page ordre="180">
        <blocIll ocr="1">0</blocIll>
        <ills/>
      </page>
      <page ordre="181">
        <blocIll ocr="1">0</blocIll>
        <ills/>
      </page>
      <page ordre="182">
        <blocIll ocr="1">0</blocIll>
        <ills/>
      </page>
      <page ordre="183">
        <blocIll ocr="1">0</blocIll>
        <ills/>
      </page>
      <page ordre="184">
        <blocIll ocr="1">0</blocIll>
        <ills/>
      </page>
      <page ordre="185">
        <blocIll ocr="1">0</blocIll>
        <ills/>
      </page>
      <page ordre="186">
        <blocIll ocr="1">1</blocIll>
        <ills>
          <ill couleur="coul" h="5919" n="186-1" taille="29" w="4271" x="1" y="1">
            <contenuImg b="58" coul="1" g="70" ordre="4" r="87" source="colorific" type="frg">#57463a</contenuImg>
            <contenuImg b="101" coul="1" g="118" ordre="3" r="130" source="colorific" type="frg">#827665</contenuImg>
            <contenuImg b="46" coul="1" g="45" ordre="2" r="45" source="colorific" type="frg">#2d2d2e</contenuImg>
            <contenuImg b="200" coul="1" g="221" ordre="1" r="233" source="colorific" type="frg">#e9ddc8</contenuImg>
            <contenuImg CS="1.0" lang="fr" source="md">vertébré</contenuImg>
            <contenuImg CS="1.0" lang="fr" source="md">oiseau</contenuImg>
            <contenuImg CS="1.0" lang="fr" source="md">animal</contenuImg>
            <txt source="google">"Tone) - SOT23 - Be Calao Pengibandes. - de Lugo - ",</txt>
            <tech source="final">estampe/gravure</tech>
            <theme source="final">13</theme>
            <tech CS="1" source="md">estampe/gravure</tech>
            <theme CS="1" source="md">13</theme>
            <contenuImg CS="1.0" lang="en" source="md">animal</contenuImg>
            <contenuImg CS="1.0" lang="en" source="md">bird</contenuImg>
            <contenuImg CS="1.0" lang="en" source="md">verterbrate</contenuImg>
            <titraille>Histoire naturelle des oiseaux d_Afrique, par Levaillant.... Tome 5</titraille>
          </ill>
        </ills>
      </page>
      <page ordre="187">
        <blocIll ocr="1">0</blocIll>
        <ills/>
      </page>
      <page ordre="188">
        <blocIll ocr="1">0</blocIll>
        <ills/>
      </page>
      <page ordre="189">
        <blocIll ocr="1">0</blocIll>
        <ills/>
      </page>
      <page ordre="190">
        <blocIll ocr="1">1</blocIll>
        <ills>
          <ill couleur="coul" h="5875" n="190-1" taille="29" w="4130" x="1" y="1">
            <contenuImg b="122" coul="1" g="141" ordre="5" r="174" source="colorific" type="frg">#ae8d7a</contenuImg>
            <contenuImg b="83" coul="1" g="99" ordre="4" r="161" source="colorific" type="frg">#a16353</contenuImg>
            <contenuImg b="48" coul="1" g="52" ordre="3" r="57" source="colorific" type="frg">#393430</contenuImg>
            <contenuImg b="79" coul="1" g="88" ordre="2" r="96" source="colorific" type="frg">#60584f</contenuImg>
            <contenuImg b="174" coul="1" g="194" ordre="1" r="205" source="colorific" type="frg">#cdc2ae</contenuImg>
            <contenuImg CS="1.0" lang="fr" source="md">vertébré</contenuImg>
            <contenuImg CS="1.0" lang="fr" source="md">oiseau</contenuImg>
            <contenuImg CS="1.0" lang="fr" source="md">animal</contenuImg>
            <txt source="google">"Jon - 3 - Se Calao Couronne' male - ",</txt>
            <tech source="final">estampe/gravure</tech>
            <theme source="final">13</theme>
            <tech CS="1" source="md">estampe/gravure</tech>
            <theme CS="1" source="md">13</theme>
            <contenuImg CS="1.0" lang="en" source="md">animal</contenuImg>
            <contenuImg CS="1.0" lang="en" source="md">bird</contenuImg>
            <contenuImg CS="1.0" lang="en" source="md">verterbrate</contenuImg>
            <titraille>Histoire naturelle des oiseaux d_Afrique, par Levaillant.... Tome 5</titraille>
          </ill>
        </ills>
      </page>
      <page ordre="191">
        <blocIll ocr="1">0</blocIll>
        <ills/>
      </page>
      <page ordre="192">
        <blocIll ocr="1">0</blocIll>
        <ills/>
      </page>
      <page ordre="193">
        <blocIll ocr="1">1</blocIll>
        <ills>
          <ill couleur="coul" h="5815" n="193-1" taille="29" w="4088" x="1" y="1">
            <contenuImg b="51" coul="1" g="59" ordre="3" r="69" source="colorific" type="frg">#453b33</contenuImg>
            <contenuImg b="80" coul="1" g="93" ordre="2" r="106" source="colorific" type="frg">#6a5d50</contenuImg>
            <contenuImg b="161" coul="1" g="183" ordre="1" r="201" source="colorific" type="frg">#c9b7a1</contenuImg>
            <contenuImg CS="1.0" lang="fr" source="md">vertébré</contenuImg>
            <contenuImg CS="1.0" lang="fr" source="md">oiseau</contenuImg>
            <contenuImg CS="1.0" lang="fr" source="md">animal</contenuImg>
            <txt source="google">"V.35 - JUAN - SER - al - Temelle du Calao Courone. - ayrim - ke lang - ",</txt>
            <tech source="final">estampe/gravure</tech>
            <theme source="final">13</theme>
            <tech CS="1" source="md">estampe/gravure</tech>
            <theme CS="1" source="md">13</theme>
            <contenuImg CS="1.0" lang="en" source="md">animal</contenuImg>
            <contenuImg CS="1.0" lang="en" source="md">bird</contenuImg>
            <contenuImg CS="1.0" lang="en" source="md">verterbrate</contenuImg>
            <titraille>Histoire naturelle des oiseaux d_Afrique, par Levaillant.... Tome 5</titraille>
          </ill>
        </ills>
      </page>
      <page ordre="194">
        <blocIll ocr="1">0</blocIll>
        <ills/>
      </page>
      <page ordre="195">
        <blocIll ocr="1">0</blocIll>
        <ills/>
      </page>
      <page ordre="196">
        <blocIll ocr="1">0</blocIll>
        <ills/>
      </page>
      <page ordre="197">
        <blocIll ocr="1">1</blocIll>
        <ills>
          <ill couleur="coul" h="5815" n="197-1" taille="29" w="4262" x="1" y="1">
            <contenuImg b="74" coul="1" g="96" ordre="5" r="120" source="colorific" type="frg">#78604a</contenuImg>
            <contenuImg b="46" coul="1" g="56" ordre="4" r="66" source="colorific" type="frg">#42382e</contenuImg>
            <contenuImg b="117" coul="1" g="134" ordre="3" r="142" source="colorific" type="frg">#8e8675</contenuImg>
            <contenuImg b="119" coul="1" g="149" ordre="2" r="177" source="colorific" type="frg">#b19577</contenuImg>
            <contenuImg b="198" coul="1" g="220" ordre="1" r="234" source="colorific" type="frg">#eadcc6</contenuImg>
            <contenuImg CS="1.0" lang="fr" source="md">vertébré</contenuImg>
            <contenuImg CS="1.0" lang="fr" source="md">oiseau</contenuImg>
            <contenuImg CS="1.0" lang="fr" source="md">animal</contenuImg>
            <txt source="google">"Com - Se Calao Wasique, Måle. - Minya k - ",</txt>
            <tech source="final">estampe/gravure</tech>
            <theme source="final">13</theme>
            <tech CS="1" source="md">estampe/gravure</tech>
            <theme CS="1" source="md">13</theme>
            <contenuImg CS="1.0" lang="en" source="md">animal</contenuImg>
            <contenuImg CS="1.0" lang="en" source="md">bird</contenuImg>
            <contenuImg CS="1.0" lang="en" source="md">verterbrate</contenuImg>
            <titraille>Histoire naturelle des oiseaux d_Afrique, par Levaillant.... Tome 5</titraille>
          </ill>
        </ills>
      </page>
      <page ordre="198">
        <blocIll ocr="1">0</blocIll>
        <ills/>
      </page>
      <page ordre="199">
        <blocIll ocr="1">0</blocIll>
        <ills/>
      </page>
      <page ordre="200">
        <blocIll ocr="1">1</blocIll>
        <ills>
          <ill couleur="coul" h="5919" n="200-1" taille="29" w="4271" x="1" y="1">
            <contenuImg b="71" coul="1" g="82" ordre="5" r="90" source="colorific" type="frg">#5a5247</contenuImg>
            <contenuImg b="114" coul="1" g="139" ordre="4" r="169" source="colorific" type="frg">#a98b72</contenuImg>
            <contenuImg b="55" coul="1" g="71" ordre="3" r="97" source="colorific" type="frg">#614737</contenuImg>
            <contenuImg b="107" coul="1" g="129" ordre="2" r="138" source="colorific" type="frg">#8a816b</contenuImg>
            <contenuImg b="202" coul="1" g="226" ordre="1" r="238" source="colorific" type="frg">#eee2ca</contenuImg>
            <contenuImg CS="1.0" lang="fr" source="md">vertébré</contenuImg>
            <contenuImg CS="1.0" lang="fr" source="md">oiseau</contenuImg>
            <contenuImg CS="1.0" lang="fr" source="md">animal</contenuImg>
            <txt source="google">"Fonti 5 - te Calao Nasique, jeune age : - de m - ere - ",</txt>
            <tech source="final">estampe/gravure</tech>
            <theme source="final">13</theme>
            <tech CS="1" source="md">estampe/gravure</tech>
            <theme CS="1" source="md">13</theme>
            <contenuImg CS="1.0" lang="en" source="md">animal</contenuImg>
            <contenuImg CS="1.0" lang="en" source="md">bird</contenuImg>
            <contenuImg CS="1.0" lang="en" source="md">verterbrate</contenuImg>
            <titraille>Histoire naturelle des oiseaux d_Afrique, par Levaillant.... Tome 5</titraille>
          </ill>
        </ills>
      </page>
      <page ordre="201">
        <blocIll ocr="1">0</blocIll>
        <ills/>
      </page>
      <page ordre="202">
        <blocIll ocr="1">0</blocIll>
        <ills/>
      </page>
      <page ordre="203">
        <blocIll ocr="1">1</blocIll>
        <ills>
          <ill couleur="coul" h="5815" n="203-1" taille="29" w="4262" x="1" y="1">
            <contenuImg b="123" coul="1" g="146" ordre="5" r="167" source="colorific" type="frg">#a7927b</contenuImg>
            <contenuImg b="80" coul="1" g="103" ordre="4" r="140" source="colorific" type="frg">#8c6750</contenuImg>
            <contenuImg b="53" coul="1" g="60" ordre="3" r="71" source="colorific" type="frg">#473c35</contenuImg>
            <contenuImg b="108" coul="1" g="130" ordre="2" r="132" source="colorific" type="frg">#84826c</contenuImg>
            <contenuImg b="193" coul="1" g="215" ordre="1" r="231" source="colorific" type="frg">#e7d7c1</contenuImg>
            <contenuImg CS="1.0" lang="fr" source="md">vertébré</contenuImg>
            <contenuImg CS="1.0" lang="fr" source="md">oiseau</contenuImg>
            <contenuImg CS="1.0" lang="fr" source="md">animal</contenuImg>
            <txt source="google">"Pl. 238 - font - BALI - Le Calao Toc, Male - de la primera de langue - ",</txt>
            <tech source="final">estampe/gravure</tech>
            <theme source="final">13</theme>
            <tech CS="1" source="md">estampe/gravure</tech>
            <theme CS="1" source="md">13</theme>
            <contenuImg CS="1.0" lang="en" source="md">animal</contenuImg>
            <contenuImg CS="1.0" lang="en" source="md">bird</contenuImg>
            <contenuImg CS="1.0" lang="en" source="md">verterbrate</contenuImg>
            <titraille>Histoire naturelle des oiseaux d_Afrique, par Levaillant.... Tome 5</titraille>
          </ill>
        </ills>
      </page>
      <page ordre="204">
        <blocIll ocr="1">0</blocIll>
        <ills/>
      </page>
      <page ordre="205">
        <blocIll ocr="1">0</blocIll>
        <ills/>
      </page>
      <page ordre="206">
        <blocIll ocr="1">0</blocIll>
        <ills/>
      </page>
      <page ordre="207">
        <blocIll ocr="1">0</blocIll>
        <ills/>
      </page>
      <page ordre="208">
        <blocIll ocr="1">1</blocIll>
        <ills>
          <ill couleur="coul" h="5919" n="208-1" taille="29" w="4271" x="1" y="1">
            <contenuImg b="84" coul="1" g="104" ordre="4" r="127" source="colorific" type="frg">#7f6854</contenuImg>
            <contenuImg b="97" coul="1" g="116" ordre="3" r="121" source="colorific" type="frg">#797461</contenuImg>
            <contenuImg b="58" coul="1" g="62" ordre="2" r="64" source="colorific" type="frg">#403e3a</contenuImg>
            <contenuImg b="198" coul="1" g="218" ordre="1" r="230" source="colorific" type="frg">#e6dac6</contenuImg>
            <contenuImg CS="1.0" lang="fr" source="md">vertébré</contenuImg>
            <contenuImg CS="1.0" lang="fr" source="md">oiseau</contenuImg>
            <contenuImg CS="1.0" lang="fr" source="md">animal</contenuImg>
            <txt source="google">"Jout 3 - Se Calao Iavan, Male. - ",</txt>
            <tech source="final">estampe/gravure</tech>
            <theme source="final">13</theme>
            <tech CS="1" source="md">estampe/gravure</tech>
            <theme CS="1" source="md">13</theme>
            <contenuImg CS="1.0" lang="en" source="md">animal</contenuImg>
            <contenuImg CS="1.0" lang="en" source="md">bird</contenuImg>
            <contenuImg CS="1.0" lang="en" source="md">verterbrate</contenuImg>
            <titraille>Histoire naturelle des oiseaux d_Afrique, par Levaillant.... Tome 5</titraille>
          </ill>
        </ills>
      </page>
      <page ordre="209">
        <blocIll ocr="1">0</blocIll>
        <ills/>
      </page>
      <page ordre="210">
        <blocIll ocr="1">0</blocIll>
        <ills/>
      </page>
      <page ordre="211">
        <blocIll ocr="1">0</blocIll>
        <ills/>
      </page>
      <page ordre="212">
        <blocIll ocr="1">1</blocIll>
        <ills>
          <ill couleur="coul" edit="1" h="5951" n="212-1" taille="29" w="4271" x="1" y="1">
            <contenuImg b="43" coul="1" g="51" ordre="6" r="80" source="colorific" type="frg">#50332b</contenuImg>
            <contenuImg b="71" coul="1" g="86" ordre="5" r="111" source="colorific" type="frg">#6f5647</contenuImg>
            <contenuImg b="127" coul="1" g="151" ordre="4" r="182" source="colorific" type="frg">#b6977f</contenuImg>
            <contenuImg b="87" coul="1" g="102" ordre="3" r="184" source="colorific" type="frg">#b86657</contenuImg>
            <contenuImg b="34" coul="1" g="34" ordre="2" r="99" source="colorific" type="frg">#632222</contenuImg>
            <contenuImg b="195" coul="1" g="217" ordre="1" r="232" source="colorific" type="frg">#e8d9c3</contenuImg>
            <contenuImg CS="1" coul="1" lang="fr" source="hm" time="2019-05-01T18:02:31.825+02:00">rouge</contenuImg>
            <contenuImg CS="1.0" lang="fr" source="md">vertébré</contenuImg>
            <contenuImg CS="1.0" lang="fr" source="md">oiseau</contenuImg>
            <contenuImg CS="1.0" lang="fr" source="md">animal</contenuImg>
            <txt source="google">"Jout 3 - Code - TUOSAD - Bec de grandeur naturelle du Calao a Casque plat. - Hori de - la - ",</txt>
            <tech source="final">estampe/gravure</tech>
            <theme source="final">13</theme>
            <tech CS="1" source="md">estampe/gravure</tech>
            <theme CS="1" source="md">13</theme>
            <contenuImg CS="1.0" lang="en" source="md">animal</contenuImg>
            <contenuImg CS="1.0" lang="en" source="md">bird</contenuImg>
            <contenuImg CS="1.0" lang="en" source="md">verterbrate</contenuImg>
            <titraille>Histoire naturelle des oiseaux d_Afrique, par Levaillant.... Tome 5</titraille>
            <contenuImg CS="1" coul="1" lang="en" source="hm" time="2019-05-01T18:02:31.825+02:00">red color</contenuImg>
          </ill>
        </ills>
      </page>
      <page ordre="213">
        <blocIll ocr="1">0</blocIll>
        <ills/>
      </page>
      <page ordre="214">
        <blocIll ocr="1">0</blocIll>
        <ills/>
      </page>
      <page ordre="215">
        <blocIll ocr="1">0</blocIll>
        <ills/>
      </page>
      <page ordre="216">
        <blocIll ocr="1">0</blocIll>
        <ills/>
      </page>
      <page ordre="217">
        <blocIll ocr="1">0</blocIll>
        <ills/>
      </page>
      <page ordre="218">
        <blocIll ocr="1">0</blocIll>
        <ills/>
      </page>
      <page ordre="219">
        <blocIll ocr="1">0</blocIll>
        <ills/>
      </page>
      <page ordre="220">
        <blocIll ocr="1">0</blocIll>
        <ills/>
      </page>
      <page ordre="221">
        <blocIll ocr="1">0</blocIll>
        <ills/>
      </page>
      <page ordre="222">
        <blocIll ocr="1">1</blocIll>
        <ills>
          <ill couleur="coul" h="5933" n="222-1" taille="29" w="4311" x="1" y="1">
            <contenuImg b="110" coul="1" g="136" ordre="3" r="152" source="colorific" type="frg">#98886e</contenuImg>
            <contenuImg b="60" coul="1" g="78" ordre="2" r="96" source="colorific" type="frg">#604e3c</contenuImg>
            <contenuImg b="184" coul="1" g="207" ordre="1" r="223" source="colorific" type="frg">#dfcfb8</contenuImg>
            <contenuImg CS="1.0" lang="fr" source="md">vertébré</contenuImg>
            <contenuImg CS="1.0" lang="fr" source="md">oiseau</contenuImg>
            <contenuImg CS="1.0" lang="fr" source="md">animal</contenuImg>
            <txt source="google">"Le Grand Indicaleur, figste Mäle fij 2.la Fem - de Lim - ",</txt>
            <tech source="final">estampe/gravure</tech>
            <theme source="final">13</theme>
            <tech CS="1" source="md">estampe/gravure</tech>
            <theme CS="1" source="md">13</theme>
            <contenuImg CS="1.0" lang="en" source="md">animal</contenuImg>
            <contenuImg CS="1.0" lang="en" source="md">bird</contenuImg>
            <contenuImg CS="1.0" lang="en" source="md">verterbrate</contenuImg>
            <titraille>Histoire naturelle des oiseaux d_Afrique, par Levaillant.... Tome 5</titraille>
          </ill>
        </ills>
      </page>
      <page ordre="223">
        <blocIll ocr="1">0</blocIll>
        <ills/>
      </page>
      <page ordre="224">
        <blocIll ocr="1">0</blocIll>
        <ills/>
      </page>
      <page ordre="225">
        <blocIll ocr="1">0</blocIll>
        <ills/>
      </page>
      <page ordre="226">
        <blocIll ocr="1">1</blocIll>
        <ills>
          <ill couleur="coul" edit="true" h="5933" n="226-1" rotation="90" taille="29" w="4335" x="1" y="1">
            <contenuImg b="49" coul="1" g="63" ordre="3" r="72" source="colorific" type="frg">#483f31</contenuImg>
            <contenuImg b="67" coul="1" g="93" ordre="2" r="116" source="colorific" type="frg">#745d43</contenuImg>
            <contenuImg b="192" coul="1" g="212" ordre="1" r="227" source="colorific" type="frg">#e3d4c0</contenuImg>
            <contenuImg CS="1.0" lang="fr" source="md">vertébré</contenuImg>
            <contenuImg CS="1.0" lang="fr" source="md">oiseau</contenuImg>
            <contenuImg CS="1.0" lang="fr" source="md">animal</contenuImg>
            <tech source="final">estampe/gravure</tech>
            <theme source="final">13</theme>
            <tech CS="1" source="md">estampe/gravure</tech>
            <theme CS="1" source="md">13</theme>
            <contenuImg CS="1.0" lang="en" source="md">animal</contenuImg>
            <contenuImg CS="1.0" lang="en" source="md">bird</contenuImg>
            <contenuImg CS="1.0" lang="en" source="md">verterbrate</contenuImg>
            <titraille>Histoire naturelle des oiseaux d_Afrique, par Levaillant.... Tome 5</titraille>
          </ill>
        </ills>
      </page>
      <page ordre="227">
        <blocIll ocr="1">0</blocIll>
        <ills/>
      </page>
      <page ordre="228">
        <blocIll ocr="1">0</blocIll>
        <ills/>
      </page>
      <page ordre="229">
        <blocIll ocr="1">0</blocIll>
        <ills/>
      </page>
      <page ordre="230">
        <blocIll ocr="1">0</blocIll>
        <ills/>
      </page>
      <page ordre="231">
        <blocIll ocr="1">0</blocIll>
        <ills/>
      </page>
      <page ordre="232">
        <blocIll ocr="1">0</blocIll>
        <ills/>
      </page>
      <page ordre="233">
        <blocIll ocr="1">0</blocIll>
        <ills/>
      </page>
      <page ordre="234">
        <blocIll ocr="1">1</blocIll>
        <ills>
          <ill couleur="coul" h="5962" n="234-1" taille="29" w="4335" x="1" y="1">
            <contenuImg b="81" coul="1" g="99" ordre="2" r="112" source="colorific" type="frg">#706351</contenuImg>
            <contenuImg b="193" coul="1" g="214" ordre="1" r="229" source="colorific" type="frg">#e5d6c1</contenuImg>
            <contenuImg CS="1.0" lang="fr" source="md">vertébré</contenuImg>
            <contenuImg CS="1.0" lang="fr" source="md">oiseau</contenuImg>
            <contenuImg CS="1.0" lang="fr" source="md">animal</contenuImg>
            <txt source="google">"De Martinet a Gorge blanche Male - ",</txt>
            <tech source="final">estampe/gravure</tech>
            <theme source="final">13</theme>
            <tech CS="1" source="md">estampe/gravure</tech>
            <theme CS="1" source="md">13</theme>
            <contenuImg CS="1.0" lang="en" source="md">animal</contenuImg>
            <contenuImg CS="1.0" lang="en" source="md">bird</contenuImg>
            <contenuImg CS="1.0" lang="en" source="md">verterbrate</contenuImg>
            <titraille>Histoire naturelle des oiseaux d_Afrique, par Levaillant.... Tome 5</titraille>
          </ill>
        </ills>
      </page>
      <page ordre="235">
        <blocIll ocr="1">0</blocIll>
        <ills/>
      </page>
      <page ordre="236">
        <blocIll ocr="1">0</blocIll>
        <ills/>
      </page>
      <page ordre="237">
        <blocIll ocr="1">0</blocIll>
        <ills/>
      </page>
      <page ordre="238">
        <blocIll ocr="1">0</blocIll>
        <ills/>
      </page>
      <page ordre="239">
        <blocIll ocr="1">1</blocIll>
        <ills>
          <ill couleur="coul" h="5816" n="239-1" taille="29" w="4220" x="1" y="1">
            <contenuImg b="80" coul="1" g="93" ordre="5" r="96" source="colorific" type="frg">#605d50</contenuImg>
            <contenuImg b="60" coul="1" g="59" ordre="4" r="59" source="colorific" type="frg">#3b3b3c</contenuImg>
            <contenuImg b="119" coul="1" g="140" ordre="3" r="148" source="colorific" type="frg">#948c77</contenuImg>
            <contenuImg b="52" coul="1" g="61" ordre="2" r="77" source="colorific" type="frg">#4d3d34</contenuImg>
            <contenuImg b="173" coul="1" g="197" ordre="1" r="217" source="colorific" type="frg">#d9c5ad</contenuImg>
            <contenuImg CS="1.0" lang="fr" source="md">vertébré</contenuImg>
            <contenuImg CS="1.0" lang="fr" source="md">oiseau</contenuImg>
            <contenuImg CS="1.0" lang="fr" source="md">animal</contenuImg>
            <txt source="google">"P.244 - Totul 5 - Te Martinel a croupe blanche, Male fig., - fiq.2. Le Martinet Velocipere, Mále. - tyre e Lunge - ",</txt>
            <tech source="final">estampe/gravure</tech>
            <theme source="final">13</theme>
            <tech CS="1" source="md">estampe/gravure</tech>
            <theme CS="1" source="md">13</theme>
            <contenuImg CS="1.0" lang="en" source="md">animal</contenuImg>
            <contenuImg CS="1.0" lang="en" source="md">bird</contenuImg>
            <contenuImg CS="1.0" lang="en" source="md">verterbrate</contenuImg>
            <titraille>Histoire naturelle des oiseaux d_Afrique, par Levaillant.... Tome 5</titraille>
          </ill>
        </ills>
      </page>
      <page ordre="240">
        <blocIll ocr="1">0</blocIll>
        <ills/>
      </page>
      <page ordre="241">
        <blocIll ocr="1">0</blocIll>
        <ills/>
      </page>
      <page ordre="242">
        <blocIll ocr="1">0</blocIll>
        <ills/>
      </page>
      <page ordre="243">
        <blocIll ocr="1">0</blocIll>
        <ills/>
      </page>
      <page ordre="244">
        <blocIll ocr="1">0</blocIll>
        <ills/>
      </page>
      <page ordre="245">
        <blocIll ocr="1">0</blocIll>
        <ills/>
      </page>
      <page ordre="246">
        <blocIll ocr="1">0</blocIll>
        <ills/>
      </page>
      <page ordre="247">
        <blocIll ocr="1">1</blocIll>
        <ills>
          <ill couleur="coul" h="5816" n="247-1" taille="29" w="4220" x="1" y="1">
            <contenuImg b="61" coul="1" g="76" ordre="5" r="101" source="colorific" type="frg">#654c3d</contenuImg>
            <contenuImg b="50" coul="1" g="53" ordre="4" r="55" source="colorific" type="frg">#373532</contenuImg>
            <contenuImg b="110" coul="1" g="132" ordre="3" r="146" source="colorific" type="frg">#92846e</contenuImg>
            <contenuImg b="80" coul="1" g="84" ordre="2" r="86" source="colorific" type="frg">#565450</contenuImg>
            <contenuImg b="200" coul="1" g="221" ordre="1" r="233" source="colorific" type="frg">#e9ddc8</contenuImg>
            <contenuImg CS="1.0" lang="fr" source="md">vertébré</contenuImg>
            <contenuImg CS="1.0" lang="fr" source="md">oiseau</contenuImg>
            <contenuImg CS="1.0" lang="fr" source="md">animal</contenuImg>
            <txt source="google">"irondelle _Rousseline, Male piswa - fiqure . Birondelle a front roux;//uk. - ",</txt>
            <tech source="final">estampe/gravure</tech>
            <theme source="final">13</theme>
            <tech CS="1" source="md">estampe/gravure</tech>
            <theme CS="1" source="md">13</theme>
            <contenuImg CS="1.0" lang="en" source="md">animal</contenuImg>
            <contenuImg CS="1.0" lang="en" source="md">bird</contenuImg>
            <contenuImg CS="1.0" lang="en" source="md">verterbrate</contenuImg>
            <titraille>Histoire naturelle des oiseaux d_Afrique, par Levaillant.... Tome 5</titraille>
          </ill>
        </ills>
      </page>
      <page ordre="248">
        <blocIll ocr="1">0</blocIll>
        <ills/>
      </page>
      <page ordre="249">
        <blocIll ocr="1">0</blocIll>
        <ills/>
      </page>
      <page ordre="250">
        <blocIll ocr="1">0</blocIll>
        <ills/>
      </page>
      <page ordre="251">
        <blocIll ocr="1">0</blocIll>
        <ills/>
      </page>
      <page ordre="252">
        <blocIll ocr="1">0</blocIll>
        <ills/>
      </page>
      <page ordre="253">
        <blocIll ocr="1">1</blocIll>
        <ills>
          <ill couleur="coul" h="5816" n="253-1" taille="29" w="4220" x="1" y="1">
            <contenuImg b="49" coul="1" g="60" ordre="4" r="77" source="colorific" type="frg">#4d3c31</contenuImg>
            <contenuImg b="75" coul="1" g="93" ordre="3" r="99" source="colorific" type="frg">#635d4b</contenuImg>
            <contenuImg b="73" coul="1" g="93" ordre="2" r="119" source="colorific" type="frg">#775d49</contenuImg>
            <contenuImg b="139" coul="1" g="159" ordre="1" r="169" source="colorific" type="frg">#a99f8b</contenuImg>
            <contenuImg CS="1.0" lang="fr" source="md">vertébré</contenuImg>
            <contenuImg CS="1.0" lang="fr" source="md">oiseau</contenuImg>
            <contenuImg CS="1.0" lang="fr" source="md">animal</contenuImg>
            <txt source="google">"font - 1246 - RO - U birondelle faue, Måle fior. fige / birondelle de Marais Male - wa - Zan - ",</txt>
            <tech source="final">estampe/gravure</tech>
            <theme source="final">13</theme>
            <tech CS="1" source="md">estampe/gravure</tech>
            <theme CS="1" source="md">13</theme>
            <contenuImg CS="1.0" lang="en" source="md">animal</contenuImg>
            <contenuImg CS="1.0" lang="en" source="md">bird</contenuImg>
            <contenuImg CS="1.0" lang="en" source="md">verterbrate</contenuImg>
            <titraille>Histoire naturelle des oiseaux d_Afrique, par Levaillant.... Tome 5</titraille>
          </ill>
        </ills>
      </page>
      <page ordre="254">
        <blocIll ocr="1">0</blocIll>
        <ills/>
      </page>
      <page ordre="255">
        <blocIll ocr="1">0</blocIll>
        <ills/>
      </page>
      <page ordre="256">
        <blocIll ocr="1">0</blocIll>
        <ills/>
      </page>
      <page ordre="257">
        <blocIll ocr="1">0</blocIll>
        <ills/>
      </page>
      <page ordre="258">
        <blocIll ocr="1">1</blocIll>
        <ills>
          <ill couleur="coul" h="5986" n="258-1" taille="29" w="4266" x="1" y="1">
            <contenuImg b="71" coul="1" g="73" ordre="4" r="76" source="colorific" type="frg">#4c4947</contenuImg>
            <contenuImg b="79" coul="1" g="99" ordre="3" r="136" source="colorific" type="frg">#88634f</contenuImg>
            <contenuImg b="101" coul="1" g="109" ordre="2" r="116" source="colorific" type="frg">#746d65</contenuImg>
            <contenuImg b="171" coul="1" g="192" ordre="1" r="211" source="colorific" type="frg">#d3c0ab</contenuImg>
            <contenuImg CS="1.0" lang="fr" source="md">vertébré</contenuImg>
            <contenuImg CS="1.0" lang="fr" source="md">oiseau</contenuImg>
            <contenuImg CS="1.0" lang="fr" source="md">animal</contenuImg>
            <txt source="google">"Jouts - PL - l'Ibirondelle Suppeé Male. - e pe - ",</txt>
            <tech source="final">estampe/gravure</tech>
            <theme source="final">13</theme>
            <tech CS="1" source="md">estampe/gravure</tech>
            <theme CS="1" source="md">13</theme>
            <contenuImg CS="1.0" lang="en" source="md">animal</contenuImg>
            <contenuImg CS="1.0" lang="en" source="md">bird</contenuImg>
            <contenuImg CS="1.0" lang="en" source="md">verterbrate</contenuImg>
            <titraille>Histoire naturelle des oiseaux d_Afrique, par Levaillant.... Tome 5</titraille>
          </ill>
        </ills>
      </page>
      <page ordre="259">
        <blocIll ocr="1">0</blocIll>
        <ills/>
      </page>
      <page ordre="260">
        <blocIll ocr="1">0</blocIll>
        <ills/>
      </page>
      <page ordre="261">
        <blocIll ocr="1">0</blocIll>
        <ills/>
      </page>
      <page ordre="262">
        <blocIll ocr="1">0</blocIll>
        <ills/>
      </page>
      <page ordre="263">
        <blocIll ocr="1">0</blocIll>
        <ills/>
      </page>
      <page ordre="264">
        <blocIll ocr="1">0</blocIll>
        <ills/>
      </page>
    </pages>
  </contenus>
</analyseAlto>