<analyseAlto>
  <metad>
    <type>A</type>
    <ID>btv1b10548855c</ID>
    <titre>Papillons : peinture / Yoeequa Painter</titre>
    <dateEdition>1830-1840</dateEdition>
    <auteur>Yoeequa (18..?-18..). Peintre Lagrené, Marie-Melchior-Joseph-Théodore de (1800-1862). Collecteur</auteur>
    <lang>0</lang>
    <source>Bibliothèque nationale de France, département Estampes et photographie, RESERVE PET FOL-OE-160 (A)</source>
    <nbPage>21</nbPage>
    <descr>Oiseaux -- Chine</descr>
  </metad>
  <contenus ocr="false" toc="false">
    <largeur>235</largeur>
    <hauteur>171</hauteur>
    <largeurPx>5572</largeurPx>
    <hauteurPx>4048</hauteurPx>
    <pages>
      <page ordre="3">
        <blocIll ocr="1">0</blocIll>
        <ills/>
      </page>
      <page ordre="4">
        <blocIll ocr="1">0</blocIll>
        <ills/>
      </page>
      <page ordre="5">
        <blocIll ocr="1">0</blocIll>
        <ills/>
      </page>
      <page ordre="6">
        <blocIll ocr="1">0</blocIll>
        <ills/>
      </page>
      <page ordre="7">
        <blocIll ocr="1">1</blocIll>
        <ills>
          <ill couleur="coul" h="4033" n="7-1" taille="10" w="5218" x="1" y="1">
            <contenuImg b="69" coul="1" g="76" ordre="9" r="72" source="colorific" type="frg">#484c45</contenuImg>
            <contenuImg b="68" coul="1" g="84" ordre="8" r="133" source="colorific" type="frg">#855444</contenuImg>
            <contenuImg b="124" coul="1" g="145" ordre="7" r="112" source="colorific" type="frg">#70917c</contenuImg>
            <contenuImg b="72" coul="1" g="85" ordre="6" r="103" source="colorific" type="frg">#675548</contenuImg>
            <contenuImg b="94" coul="1" g="135" ordre="5" r="164" source="colorific" type="frg">#a4875e</contenuImg>
            <contenuImg b="120" coul="1" g="135" ordre="4" r="141" source="colorific" type="frg">#8d8778</contenuImg>
            <contenuImg b="140" coul="1" g="141" ordre="3" r="133" source="colorific" type="frg">#858d8c</contenuImg>
            <contenuImg b="55" coul="1" g="57" ordre="2" r="71" source="colorific" type="frg">#473937</contenuImg>
            <contenuImg b="160" coul="1" g="147" ordre="1" r="129" source="colorific" type="frg">#8193a0</contenuImg>
            <contenuImg CS="1.0" lang="fr" source="md">vertébré</contenuImg>
            <contenuImg CS="1.0" lang="fr" source="md">oiseau</contenuImg>
            <contenuImg CS="1.0" lang="fr" source="md">animal</contenuImg>
            <txt source="google">"SAY - ",</txt>
            <tech source="final">dessin</tech>
            <theme source="final">13</theme>
            <tech CS="1" source="md">dessin</tech>
            <theme CS="1" source="md">13</theme>
            <contenuImg CS="1.0" lang="en" source="md">animal</contenuImg>
            <contenuImg CS="1.0" lang="en" source="md">bird</contenuImg>
            <contenuImg CS="1.0" lang="en" source="md">verterbrate</contenuImg>
            <titraille>Papillons : peinture / Yoeequa Painter</titraille>
          </ill>
        </ills>
      </page>
      <page ordre="8">
        <blocIll ocr="1">0</blocIll>
        <ills/>
      </page>
      <page ordre="9">
        <blocIll ocr="1">0</blocIll>
        <ills/>
      </page>
      <page ordre="10">
        <blocIll ocr="1">0</blocIll>
        <ills/>
      </page>
      <page ordre="11">
        <blocIll ocr="1">0</blocIll>
        <ills/>
      </page>
      <page ordre="12">
        <blocIll ocr="1">0</blocIll>
        <ills/>
      </page>
      <page ordre="13">
        <blocIll ocr="1">0</blocIll>
        <ills/>
      </page>
      <page ordre="14">
        <blocIll ocr="1">0</blocIll>
        <ills/>
      </page>
      <page ordre="15">
        <blocIll ocr="1">0</blocIll>
        <ills/>
      </page>
      <page ordre="16">
        <blocIll ocr="1">0</blocIll>
        <ills/>
      </page>
      <page ordre="17">
        <blocIll ocr="1">0</blocIll>
        <ills/>
      </page>
      <page ordre="18">
        <blocIll ocr="1">0</blocIll>
        <ills/>
      </page>
      <page ordre="19">
        <blocIll ocr="1">0</blocIll>
        <ills/>
      </page>
    </pages>
  </contenus>
</analyseAlto>