<analyseAlto>
  <metad>
    <type>I</type>
    <ID>btv1b23000010</ID>
    <titre>Illustrations de The Birds of Europe, t. I, Raptores / John Gould, Elizabeth Gould, Edward Lear, ill.</titre>
    <dateEdition>1837</dateEdition>
    <auteur>Gould, John (1804-1881). Illustrateur Gould, Elizabeth (1804-1841). Illustrateur Lear, Edward (1812-1888). Illustrateur</auteur>
    <lang>Sans contenu linguistique</lang>
    <source>Bibliothèque nationale de France</source>
    <nbPage>50</nbPage>
    <descr>Rapaces -- Europe Ornithologie -- 19e siècle Représentations animalières</descr>
  </metad>
  <contenus ocr="false" toc="false">
    <largeur>21</largeur>
    <hauteur>32</hauteur>
    <largeurPx>512</largeurPx>
    <hauteurPx>768</hauteurPx>
    <pages>
      <page ordre="1">
        <blocIll ocr="1">1</blocIll>
        <ills>
          <ill couleur="coul" h="768" n="1-1" taille="0" w="512" x="1" y="1">
            <contenuImg b="78" coul="1" g="127" ordre="8" r="172" source="colorific" type="frg">#ac7f4e</contenuImg>
            <contenuImg b="34" coul="1" g="39" ordre="7" r="47" source="colorific" type="frg">#2f2722</contenuImg>
            <contenuImg b="123" coul="1" g="145" ordre="6" r="153" source="colorific" type="frg">#99917b</contenuImg>
            <contenuImg b="127" coul="1" g="174" ordre="5" r="188" source="colorific" type="frg">#bcae7f</contenuImg>
            <contenuImg b="17" coul="1" g="40" ordre="4" r="73" source="colorific" type="frg">#492811</contenuImg>
            <contenuImg b="0" coul="1" g="0" ordre="3" r="0" source="colorific" type="frg">#000000</contenuImg>
            <contenuImg b="8" coul="1" g="18" ordre="2" r="34" source="colorific" type="frg">#221208</contenuImg>
            <contenuImg b="52" coul="1" g="81" ordre="1" r="109" source="colorific" type="frg">#6d5134</contenuImg>
            <contenuImg CS="1.0" lang="fr" source="md">vertébré</contenuImg>
            <contenuImg CS="1.0" lang="fr" source="md">oiseau</contenuImg>
            <contenuImg CS="1.0" lang="fr" source="md">animal</contenuImg>
            <tech source="final">estampe/gravure</tech>
            <theme source="final">13</theme>
            <tech CS="1" source="md">estampe/gravure</tech>
            <theme CS="1" source="md">13</theme>
            <contenuImg CS="1.0" lang="en" source="md">animal</contenuImg>
            <contenuImg CS="1.0" lang="en" source="md">bird</contenuImg>
            <contenuImg CS="1.0" lang="en" source="md">verterbrate</contenuImg>
            <leg>pl.1: Griffon vulture, Vulture fuliris (Linn)/Drawn from Life and on Stone by John and Elizabeth Gould.Cote : D9927</leg>
            <titraille>Illustrations de The Birds of Europe, t. I, Raptores / John Gould, Elizabeth Gould, Edward Lear, ill.</titraille>
          </ill>
        </ills>
      </page>
      <page ordre="2">
        <blocIll ocr="1">1</blocIll>
        <ills>
          <ill couleur="coul" h="768" n="2-1" taille="0" w="512" x="1" y="1">
            <contenuImg b="147" coul="1" g="174" ordre="5" r="191" source="colorific" type="frg">#bfae93</contenuImg>
            <contenuImg b="86" coul="1" g="98" ordre="4" r="109" source="colorific" type="frg">#6d6256</contenuImg>
            <contenuImg b="0" coul="1" g="0" ordre="3" r="0" source="colorific" type="frg">#000000</contenuImg>
            <contenuImg b="43" coul="1" g="52" ordre="2" r="62" source="colorific" type="frg">#3e342b</contenuImg>
            <contenuImg b="22" coul="1" g="25" ordre="1" r="31" source="colorific" type="frg">#1f1916</contenuImg>
            <contenuImg CS="1.0" lang="fr" source="md">vertébré</contenuImg>
            <contenuImg CS="1.0" lang="fr" source="md">oiseau</contenuImg>
            <contenuImg CS="1.0" lang="fr" source="md">animal</contenuImg>
            <tech source="final">estampe/gravure</tech>
            <theme source="final">13</theme>
            <tech CS="1" source="md">estampe/gravure</tech>
            <theme CS="1" source="md">13</theme>
            <contenuImg CS="1.0" lang="en" source="md">animal</contenuImg>
            <contenuImg CS="1.0" lang="en" source="md">bird</contenuImg>
            <contenuImg CS="1.0" lang="en" source="md">verterbrate</contenuImg>
            <leg>pl.2: Cinereus vulture, Vultur cinereus (Linn)/Drawn from nature and on stone by John and Elizabeth Gould. Cote : D9928</leg>
            <titraille>Illustrations de The Birds of Europe, t. I, Raptores / John Gould, Elizabeth Gould, Edward Lear, ill.</titraille>
          </ill>
        </ills>
      </page>
      <page ordre="3">
        <blocIll ocr="1">1</blocIll>
        <ills>
          <ill couleur="coul" h="768" n="3-1" taille="0" w="512" x="1" y="1">
            <contenuImg b="0" coul="1" g="0" ordre="6" r="0" source="colorific" type="frg">#000000</contenuImg>
            <contenuImg b="61" coul="1" g="134" ordre="5" r="166" source="colorific" type="frg">#a6863d</contenuImg>
            <contenuImg b="24" coul="1" g="31" ordre="4" r="38" source="colorific" type="frg">#261f18</contenuImg>
            <contenuImg b="42" coul="1" g="53" ordre="3" r="63" source="colorific" type="frg">#3f352a</contenuImg>
            <contenuImg b="70" coul="1" g="86" ordre="2" r="95" source="colorific" type="frg">#5f5646</contenuImg>
            <contenuImg b="130" coul="1" g="153" ordre="1" r="160" source="colorific" type="frg">#a09982</contenuImg>
            <contenuImg CS="1.0" lang="fr" source="md">vertébré</contenuImg>
            <contenuImg CS="1.0" lang="fr" source="md">oiseau</contenuImg>
            <contenuImg CS="1.0" lang="fr" source="md">animal</contenuImg>
            <tech source="final">estampe/gravure</tech>
            <theme source="final">13</theme>
            <tech CS="1" source="md">estampe/gravure</tech>
            <theme CS="1" source="md">13</theme>
            <contenuImg CS="1.0" lang="en" source="md">animal</contenuImg>
            <contenuImg CS="1.0" lang="en" source="md">bird</contenuImg>
            <contenuImg CS="1.0" lang="en" source="md">verterbrate</contenuImg>
            <leg>pl.3: Egyptian Neophron, Neophron Percnopterus (Savig)/Edward Leardel et lithog. Cote : D9929</leg>
            <titraille>Illustrations de The Birds of Europe, t. I, Raptores / John Gould, Elizabeth Gould, Edward Lear, ill.</titraille>
          </ill>
        </ills>
      </page>
      <page ordre="4">
        <blocIll ocr="1">1</blocIll>
        <ills>
          <ill couleur="coul" h="768" n="4-1" taille="0" w="512" x="1" y="1">
            <contenuImg b="0" coul="1" g="0" ordre="5" r="0" source="colorific" type="frg">#000000</contenuImg>
            <contenuImg b="64" coul="1" g="77" ordre="4" r="82" source="colorific" type="frg">#524d40</contenuImg>
            <contenuImg b="103" coul="1" g="119" ordre="3" r="123" source="colorific" type="frg">#7b7767</contenuImg>
            <contenuImg b="155" coul="1" g="189" ordre="2" r="195" source="colorific" type="frg">#c3bd9b</contenuImg>
            <contenuImg b="32" coul="1" g="37" ordre="1" r="42" source="colorific" type="frg">#2a2520</contenuImg>
            <contenuImg CS="1.0" lang="fr" source="md">vertébré</contenuImg>
            <contenuImg CS="1.0" lang="fr" source="md">oiseau</contenuImg>
            <contenuImg CS="1.0" lang="fr" source="md">animal</contenuImg>
            <tech source="final">estampe/gravure</tech>
            <theme source="final">13</theme>
            <tech CS="1" source="md">estampe/gravure</tech>
            <theme CS="1" source="md">13</theme>
            <contenuImg CS="1.0" lang="en" source="md">animal</contenuImg>
            <contenuImg CS="1.0" lang="en" source="md">bird</contenuImg>
            <contenuImg CS="1.0" lang="en" source="md">verterbrate</contenuImg>
            <leg>pl.4 : Bearded Vulture or Loemmer Geyer, Gypaëtus barbatus(Storr)/Drawn from Life and Stone by John and ElizabethGould Cote : D9930</leg>
            <titraille>Illustrations de The Birds of Europe, t. I, Raptores / John Gould, Elizabeth Gould, Edward Lear, ill.</titraille>
          </ill>
        </ills>
      </page>
      <page ordre="5">
        <blocIll ocr="1">1</blocIll>
        <ills>
          <ill couleur="coul" h="768" n="5-1" taille="0" w="512" x="1" y="1">
            <contenuImg b="19" coul="1" g="32" ordre="5" r="58" source="colorific" type="frg">#3a2013</contenuImg>
            <contenuImg b="40" coul="1" g="57" ordre="4" r="74" source="colorific" type="frg">#4a3928</contenuImg>
            <contenuImg b="129" coul="1" g="164" ordre="3" r="186" source="colorific" type="frg">#baa481</contenuImg>
            <contenuImg b="20" coul="1" g="25" ordre="2" r="32" source="colorific" type="frg">#201914</contenuImg>
            <contenuImg b="73" coul="1" g="93" ordre="1" r="112" source="colorific" type="frg">#705d49</contenuImg>
            <contenuImg CS="1.0" lang="fr" source="md">vertébré</contenuImg>
            <contenuImg CS="1.0" lang="fr" source="md">oiseau</contenuImg>
            <contenuImg CS="1.0" lang="fr" source="md">animal</contenuImg>
            <tech source="final">estampe/gravure</tech>
            <theme source="final">13</theme>
            <tech CS="1" source="md">estampe/gravure</tech>
            <theme CS="1" source="md">13</theme>
            <contenuImg CS="1.0" lang="en" source="md">animal</contenuImg>
            <contenuImg CS="1.0" lang="en" source="md">bird</contenuImg>
            <contenuImg CS="1.0" lang="en" source="md">verterbrate</contenuImg>
            <leg>pl.5 : Imperial Eagle,Aquila Imperialis/Drawn from Nature and on Stone by John and Elizabeth Gould. Cote : D9931</leg>
            <titraille>Illustrations de The Birds of Europe, t. I, Raptores / John Gould, Elizabeth Gould, Edward Lear, ill.</titraille>
          </ill>
        </ills>
      </page>
      <page ordre="6">
        <blocIll ocr="1">1</blocIll>
        <ills>
          <ill couleur="coul" h="768" n="6-1" taille="0" w="512" x="1" y="1">
            <contenuImg b="0" coul="1" g="0" ordre="8" r="0" source="colorific" type="frg">#000000</contenuImg>
            <contenuImg b="76" coul="1" g="120" ordre="7" r="153" source="colorific" type="frg">#99784c</contenuImg>
            <contenuImg b="17" coul="1" g="38" ordre="6" r="66" source="colorific" type="frg">#422611</contenuImg>
            <contenuImg b="37" coul="1" g="64" ordre="5" r="97" source="colorific" type="frg">#614025</contenuImg>
            <contenuImg b="42" coul="1" g="54" ordre="4" r="64" source="colorific" type="frg">#40362a</contenuImg>
            <contenuImg b="72" coul="1" g="90" ordre="3" r="104" source="colorific" type="frg">#685a48</contenuImg>
            <contenuImg b="147" coul="1" g="176" ordre="2" r="188" source="colorific" type="frg">#bcb093</contenuImg>
            <contenuImg b="11" coul="1" g="22" ordre="1" r="36" source="colorific" type="frg">#24160b</contenuImg>
            <contenuImg CS="1.0" lang="fr" source="md">vertébré</contenuImg>
            <contenuImg CS="1.0" lang="fr" source="md">oiseau</contenuImg>
            <contenuImg CS="1.0" lang="fr" source="md">animal</contenuImg>
            <tech source="final">estampe/gravure</tech>
            <theme source="final">13</theme>
            <tech CS="1" source="md">estampe/gravure</tech>
            <theme CS="1" source="md">13</theme>
            <contenuImg CS="1.0" lang="en" source="md">animal</contenuImg>
            <contenuImg CS="1.0" lang="en" source="md">bird</contenuImg>
            <contenuImg CS="1.0" lang="en" source="md">verterbrate</contenuImg>
            <leg>pl.6 : Golden Eagle, Aquila chrysaëta (Briss)/Edward Lear et lithog. Cote D9932</leg>
            <titraille>Illustrations de The Birds of Europe, t. I, Raptores / John Gould, Elizabeth Gould, Edward Lear, ill.</titraille>
          </ill>
        </ills>
      </page>
      <page ordre="7">
        <blocIll ocr="1">1</blocIll>
        <ills>
          <ill couleur="coul" h="768" n="7-1" taille="0" w="512" x="1" y="1">
            <contenuImg b="0" coul="1" g="0" ordre="5" r="0" source="colorific" type="frg">#000000</contenuImg>
            <contenuImg b="121" coul="1" g="142" ordre="4" r="152" source="colorific" type="frg">#988e79</contenuImg>
            <contenuImg b="56" coul="1" g="71" ordre="3" r="82" source="colorific" type="frg">#524738</contenuImg>
            <contenuImg b="97" coul="1" g="141" ordre="2" r="165" source="colorific" type="frg">#a58d61</contenuImg>
            <contenuImg b="29" coul="1" g="36" ordre="1" r="43" source="colorific" type="frg">#2b241d</contenuImg>
            <contenuImg CS="1.0" lang="fr" source="md">vertébré</contenuImg>
            <contenuImg CS="1.0" lang="fr" source="md">oiseau</contenuImg>
            <contenuImg CS="1.0" lang="fr" source="md">animal</contenuImg>
            <tech source="final">estampe/gravure</tech>
            <theme source="final">13</theme>
            <tech CS="1" source="md">estampe/gravure</tech>
            <theme CS="1" source="md">13</theme>
            <contenuImg CS="1.0" lang="en" source="md">animal</contenuImg>
            <contenuImg CS="1.0" lang="en" source="md">bird</contenuImg>
            <contenuImg CS="1.0" lang="en" source="md">verterbrate</contenuImg>
            <leg>pl.7 : Bonelli_s Eagle, Aquila Bonelli. Falco (Temm)/Drawn from Nature ans on Stone by John and Elizabeth Gould. Cote :D9933</leg>
            <titraille>Illustrations de The Birds of Europe, t. I, Raptores / John Gould, Elizabeth Gould, Edward Lear, ill.</titraille>
          </ill>
        </ills>
      </page>
      <page ordre="8">
        <blocIll ocr="1">1</blocIll>
        <ills>
          <ill couleur="coul" h="768" n="8-1" taille="0" w="512" x="1" y="1">
            <contenuImg b="0" coul="1" g="0" ordre="5" r="0" source="colorific" type="frg">#000000</contenuImg>
            <contenuImg b="96" coul="1" g="121" ordre="4" r="138" source="colorific" type="frg">#8a7960</contenuImg>
            <contenuImg b="46" coul="1" g="60" ordre="3" r="71" source="colorific" type="frg">#473c2e</contenuImg>
            <contenuImg b="166" coul="1" g="196" ordre="2" r="207" source="colorific" type="frg">#cfc4a6</contenuImg>
            <contenuImg b="26" coul="1" g="31" ordre="1" r="38" source="colorific" type="frg">#261f1a</contenuImg>
            <contenuImg CS="1.0" lang="fr" source="md">vertébré</contenuImg>
            <contenuImg CS="1.0" lang="fr" source="md">oiseau</contenuImg>
            <contenuImg CS="1.0" lang="fr" source="md">animal</contenuImg>
            <tech source="final">estampe/gravure</tech>
            <theme source="final">13</theme>
            <tech CS="1" source="md">estampe/gravure</tech>
            <theme CS="1" source="md">13</theme>
            <contenuImg CS="1.0" lang="en" source="md">animal</contenuImg>
            <contenuImg CS="1.0" lang="en" source="md">bird</contenuImg>
            <contenuImg CS="1.0" lang="en" source="md">verterbrate</contenuImg>
            <leg>pl.8 : Spotted Eagle, Aquila naevia (Meyer)/Edward Lear del.Cote D9934</leg>
            <titraille>Illustrations de The Birds of Europe, t. I, Raptores / John Gould, Elizabeth Gould, Edward Lear, ill.</titraille>
          </ill>
        </ills>
      </page>
      <page ordre="9">
        <blocIll ocr="1">1</blocIll>
        <ills>
          <ill couleur="coul" h="768" n="9-1" taille="0" w="512" x="1" y="1">
            <contenuImg b="41" coul="1" g="59" ordre="4" r="78" source="colorific" type="frg">#4e3b29</contenuImg>
            <contenuImg b="69" coul="1" g="97" ordre="3" r="118" source="colorific" type="frg">#766145</contenuImg>
            <contenuImg b="22" coul="1" g="28" ordre="2" r="36" source="colorific" type="frg">#241c16</contenuImg>
            <contenuImg b="149" coul="1" g="175" ordre="1" r="186" source="colorific" type="frg">#baaf95</contenuImg>
            <contenuImg CS="1.0" lang="fr" source="md">vertébré</contenuImg>
            <contenuImg CS="1.0" lang="fr" source="md">oiseau</contenuImg>
            <contenuImg CS="1.0" lang="fr" source="md">animal</contenuImg>
            <tech source="final">estampe/gravure</tech>
            <theme source="final">13</theme>
            <tech CS="1" source="md">estampe/gravure</tech>
            <theme CS="1" source="md">13</theme>
            <contenuImg CS="1.0" lang="en" source="md">animal</contenuImg>
            <contenuImg CS="1.0" lang="en" source="md">bird</contenuImg>
            <contenuImg CS="1.0" lang="en" source="md">verterbrate</contenuImg>
            <leg>pl.9 : Booted Eagle, Aquila pennata (Steph.)/Drawn from Nature on Stone by John ans Elizabeth Gould. Cote D9935</leg>
            <titraille>Illustrations de The Birds of Europe, t. I, Raptores / John Gould, Elizabeth Gould, Edward Lear, ill.</titraille>
          </ill>
        </ills>
      </page>
      <page ordre="10">
        <blocIll ocr="1">1</blocIll>
        <ills>
          <ill couleur="coul" h="768" n="10-1" taille="0" w="512" x="1" y="1">
            <contenuImg b="124" coul="1" g="142" ordre="6" r="150" source="colorific" type="frg">#968e7c</contenuImg>
            <contenuImg b="33" coul="1" g="44" ordre="5" r="53" source="colorific" type="frg">#352c21</contenuImg>
            <contenuImg b="169" coul="1" g="202" ordre="4" r="212" source="colorific" type="frg">#d4caa9</contenuImg>
            <contenuImg b="73" coul="1" g="89" ordre="3" r="98" source="colorific" type="frg">#625949</contenuImg>
            <contenuImg b="29" coul="1" g="53" ordre="2" r="80" source="colorific" type="frg">#50351d</contenuImg>
            <contenuImg b="22" coul="1" g="25" ordre="1" r="33" source="colorific" type="frg">#211916</contenuImg>
            <contenuImg CS="1.0" lang="fr" source="md">vertébré</contenuImg>
            <contenuImg CS="1.0" lang="fr" source="md">oiseau</contenuImg>
            <contenuImg CS="1.0" lang="fr" source="md">animal</contenuImg>
            <tech source="final">estampe/gravure</tech>
            <theme source="final">13</theme>
            <tech CS="1" source="md">estampe/gravure</tech>
            <theme CS="1" source="md">13</theme>
            <contenuImg CS="1.0" lang="en" source="md">animal</contenuImg>
            <contenuImg CS="1.0" lang="en" source="md">bird</contenuImg>
            <contenuImg CS="1.0" lang="en" source="md">verterbrate</contenuImg>
            <leg>pl.10 : Sea Eagle, Haliaeëtus albicilla (Selby)/Edward Leardel et lithog. Cote D9936</leg>
            <titraille>Illustrations de The Birds of Europe, t. I, Raptores / John Gould, Elizabeth Gould, Edward Lear, ill.</titraille>
          </ill>
        </ills>
      </page>
      <page ordre="11">
        <blocIll ocr="1">1</blocIll>
        <ills>
          <ill couleur="coul" h="768" n="11-1" taille="0" w="512" x="1" y="1">
            <contenuImg b="70" coul="1" g="146" ordre="5" r="176" source="colorific" type="frg">#b09246</contenuImg>
            <contenuImg b="0" coul="1" g="0" ordre="4" r="0" source="colorific" type="frg">#000000</contenuImg>
            <contenuImg b="58" coul="1" g="80" ordre="3" r="95" source="colorific" type="frg">#5f503a</contenuImg>
            <contenuImg b="19" coul="1" g="31" ordre="2" r="44" source="colorific" type="frg">#2c1f13</contenuImg>
            <contenuImg b="138" coul="1" g="169" ordre="1" r="185" source="colorific" type="frg">#b9a98a</contenuImg>
            <contenuImg CS="1.0" lang="fr" source="md">vertébré</contenuImg>
            <contenuImg CS="1.0" lang="fr" source="md">oiseau</contenuImg>
            <contenuImg CS="1.0" lang="fr" source="md">animal</contenuImg>
            <tech source="final">estampe/gravure</tech>
            <theme source="final">13</theme>
            <tech CS="1" source="md">estampe/gravure</tech>
            <theme CS="1" source="md">13</theme>
            <contenuImg CS="1.0" lang="en" source="md">animal</contenuImg>
            <contenuImg CS="1.0" lang="en" source="md">bird</contenuImg>
            <contenuImg CS="1.0" lang="en" source="md">verterbrate</contenuImg>
            <leg>pl.11 : White headed Eagle. Haliaeëtus leucocephalus(Savigny)/Edward Lear del et lithog. Cote : D9937</leg>
            <titraille>Illustrations de The Birds of Europe, t. I, Raptores / John Gould, Elizabeth Gould, Edward Lear, ill.</titraille>
          </ill>
        </ills>
      </page>
      <page ordre="12">
        <blocIll ocr="1">1</blocIll>
        <ills>
          <ill couleur="coul" h="768" n="12-1" taille="0" w="512" x="1" y="1">
            <contenuImg b="77" coul="1" g="86" ordre="4" r="93" source="colorific" type="frg">#5d564d</contenuImg>
            <contenuImg b="150" coul="1" g="177" ordre="3" r="192" source="colorific" type="frg">#c0b196</contenuImg>
            <contenuImg b="40" coul="1" g="47" ordre="2" r="57" source="colorific" type="frg">#392f28</contenuImg>
            <contenuImg b="22" coul="1" g="26" ordre="1" r="33" source="colorific" type="frg">#211a16</contenuImg>
            <contenuImg CS="1.0" lang="fr" source="md">vertébré</contenuImg>
            <contenuImg CS="1.0" lang="fr" source="md">oiseau</contenuImg>
            <contenuImg CS="1.0" lang="fr" source="md">animal</contenuImg>
            <tech source="final">estampe/gravure</tech>
            <theme source="final">13</theme>
            <tech CS="1" source="md">estampe/gravure</tech>
            <theme CS="1" source="md">13</theme>
            <contenuImg CS="1.0" lang="en" source="md">animal</contenuImg>
            <contenuImg CS="1.0" lang="en" source="md">bird</contenuImg>
            <contenuImg CS="1.0" lang="en" source="md">verterbrate</contenuImg>
            <leg>pl.12 : Osprey, Pandion haeliaeëtus (Savig)/Drawn from Life and on Stone by Edward Lear. Cote : D9938</leg>
            <titraille>Illustrations de The Birds of Europe, t. I, Raptores / John Gould, Elizabeth Gould, Edward Lear, ill.</titraille>
          </ill>
        </ills>
      </page>
      <page ordre="13">
        <blocIll ocr="1">1</blocIll>
        <ills>
          <ill couleur="coul" h="768" n="13-1" taille="0" w="512" x="1" y="1">
            <contenuImg b="0" coul="1" g="0" ordre="5" r="0" source="colorific" type="frg">#000000</contenuImg>
            <contenuImg b="98" coul="1" g="124" ordre="4" r="141" source="colorific" type="frg">#8d7c62</contenuImg>
            <contenuImg b="163" coul="1" g="192" ordre="3" r="205" source="colorific" type="frg">#cdc0a3</contenuImg>
            <contenuImg b="31" coul="1" g="51" ordre="2" r="75" source="colorific" type="frg">#4b331f</contenuImg>
            <contenuImg b="26" coul="1" g="32" ordre="1" r="41" source="colorific" type="frg">#29201a</contenuImg>
            <contenuImg CS="1.0" lang="fr" source="md">vertébré</contenuImg>
            <contenuImg CS="1.0" lang="fr" source="md">oiseau</contenuImg>
            <contenuImg CS="1.0" lang="fr" source="md">animal</contenuImg>
            <tech source="final">estampe/gravure</tech>
            <theme source="final">13</theme>
            <tech CS="1" source="md">estampe/gravure</tech>
            <theme CS="1" source="md">13</theme>
            <contenuImg CS="1.0" lang="en" source="md">animal</contenuImg>
            <contenuImg CS="1.0" lang="en" source="md">bird</contenuImg>
            <contenuImg CS="1.0" lang="en" source="md">verterbrate</contenuImg>
            <leg>pl.13 : Short-toed Eagle, Circaëtus brachydactylus (Vieill.)/Edward Lear del et lithog. Cote : D9939</leg>
            <titraille>Illustrations de The Birds of Europe, t. I, Raptores / John Gould, Elizabeth Gould, Edward Lear, ill.</titraille>
          </ill>
        </ills>
      </page>
      <page ordre="14">
        <blocIll ocr="1">1</blocIll>
        <ills>
          <ill couleur="coul" h="768" n="14-1" taille="0" w="512" x="1" y="1">
            <contenuImg b="0" coul="1" g="0" ordre="6" r="0" source="colorific" type="frg">#000000</contenuImg>
            <contenuImg b="73" coul="1" g="108" ordre="5" r="140" source="colorific" type="frg">#8c6c49</contenuImg>
            <contenuImg b="15" coul="1" g="20" ordre="4" r="32" source="colorific" type="frg">#20140f</contenuImg>
            <contenuImg b="68" coul="1" g="81" ordre="3" r="94" source="colorific" type="frg">#5e5144</contenuImg>
            <contenuImg b="30" coul="1" g="40" ordre="2" r="54" source="colorific" type="frg">#36281e</contenuImg>
            <contenuImg b="122" coul="1" g="138" ordre="1" r="147" source="colorific" type="frg">#938a7a</contenuImg>
            <contenuImg CS="1.0" lang="fr" source="md">vertébré</contenuImg>
            <contenuImg CS="1.0" lang="fr" source="md">oiseau</contenuImg>
            <contenuImg CS="1.0" lang="fr" source="md">animal</contenuImg>
            <tech source="final">estampe/gravure</tech>
            <theme source="final">13</theme>
            <tech CS="1" source="md">estampe/gravure</tech>
            <theme CS="1" source="md">13</theme>
            <contenuImg CS="1.0" lang="en" source="md">animal</contenuImg>
            <contenuImg CS="1.0" lang="en" source="md">bird</contenuImg>
            <contenuImg CS="1.0" lang="en" source="md">verterbrate</contenuImg>
            <leg>pl.14 : Common buzzard, Buteo vulgaris (Bechst)/Edward Leardel et lithog. Cote : D9940</leg>
            <titraille>Illustrations de The Birds of Europe, t. I, Raptores / John Gould, Elizabeth Gould, Edward Lear, ill.</titraille>
          </ill>
        </ills>
      </page>
      <page ordre="15">
        <blocIll ocr="1">1</blocIll>
        <ills>
          <ill couleur="coul" h="768" n="15-1" taille="0" w="512" x="1" y="1">
            <contenuImg b="0" coul="1" g="0" ordre="5" r="0" source="colorific" type="frg">#000000</contenuImg>
            <contenuImg b="31" coul="1" g="57" ordre="4" r="86" source="colorific" type="frg">#56391f</contenuImg>
            <contenuImg b="66" coul="1" g="95" ordre="3" r="115" source="colorific" type="frg">#735f42</contenuImg>
            <contenuImg b="26" coul="1" g="36" ordre="2" r="46" source="colorific" type="frg">#2e241a</contenuImg>
            <contenuImg b="142" coul="1" g="172" ordre="1" r="186" source="colorific" type="frg">#baac8e</contenuImg>
            <contenuImg CS="1.0" lang="fr" source="md">vertébré</contenuImg>
            <contenuImg CS="1.0" lang="fr" source="md">oiseau</contenuImg>
            <contenuImg CS="1.0" lang="fr" source="md">animal</contenuImg>
            <tech source="final">estampe/gravure</tech>
            <theme source="final">13</theme>
            <tech CS="1" source="md">estampe/gravure</tech>
            <theme CS="1" source="md">13</theme>
            <contenuImg CS="1.0" lang="en" source="md">animal</contenuImg>
            <contenuImg CS="1.0" lang="en" source="md">bird</contenuImg>
            <contenuImg CS="1.0" lang="en" source="md">verterbrate</contenuImg>
            <leg>pl.15 : Rough-legged buzzard,Buteo Lagopus (Flem.)/Edward Lear del et lithog. Cote : D9941</leg>
            <titraille>Illustrations de The Birds of Europe, t. I, Raptores / John Gould, Elizabeth Gould, Edward Lear, ill.</titraille>
          </ill>
        </ills>
      </page>
      <page ordre="16">
        <blocIll ocr="1">1</blocIll>
        <ills>
          <ill couleur="coul" h="768" n="16-1" taille="0" w="512" x="1" y="1">
            <contenuImg b="0" coul="1" g="0" ordre="4" r="0" source="colorific" type="frg">#000000</contenuImg>
            <contenuImg b="67" coul="1" g="86" ordre="3" r="97" source="colorific" type="frg">#615643</contenuImg>
            <contenuImg b="109" coul="1" g="134" ordre="2" r="147" source="colorific" type="frg">#93866d</contenuImg>
            <contenuImg b="32" coul="1" g="41" ordre="1" r="48" source="colorific" type="frg">#302920</contenuImg>
            <contenuImg CS="1.0" lang="fr" source="md">vertébré</contenuImg>
            <contenuImg CS="1.0" lang="fr" source="md">oiseau</contenuImg>
            <contenuImg CS="1.0" lang="fr" source="md">animal</contenuImg>
            <tech source="final">estampe/gravure</tech>
            <theme source="final">13</theme>
            <tech CS="1" source="md">estampe/gravure</tech>
            <theme CS="1" source="md">13</theme>
            <contenuImg CS="1.0" lang="en" source="md">animal</contenuImg>
            <contenuImg CS="1.0" lang="en" source="md">bird</contenuImg>
            <contenuImg CS="1.0" lang="en" source="md">verterbrate</contenuImg>
            <leg>pl.16 : Honey Buzzard,Pernis apivorus (Cuv.)/Drawn from Nature and on Stone by John and Elizabeth Gould. Cote :D9942</leg>
            <titraille>Illustrations de The Birds of Europe, t. I, Raptores / John Gould, Elizabeth Gould, Edward Lear, ill.</titraille>
          </ill>
        </ills>
      </page>
      <page ordre="17">
        <blocIll ocr="1">1</blocIll>
        <ills>
          <ill couleur="coul" h="768" n="17-1" taille="0" w="512" x="1" y="1">
            <contenuImg b="0" coul="1" g="0" ordre="5" r="0" source="colorific" type="frg">#000000</contenuImg>
            <contenuImg b="69" coul="1" g="120" ordre="4" r="151" source="colorific" type="frg">#977845</contenuImg>
            <contenuImg b="75" coul="1" g="87" ordre="3" r="94" source="colorific" type="frg">#5e574b</contenuImg>
            <contenuImg b="123" coul="1" g="145" ordre="2" r="152" source="colorific" type="frg">#98917b</contenuImg>
            <contenuImg b="40" coul="1" g="46" ordre="1" r="54" source="colorific" type="frg">#362e28</contenuImg>
            <contenuImg CS="1.0" lang="fr" source="md">vertébré</contenuImg>
            <contenuImg CS="1.0" lang="fr" source="md">oiseau</contenuImg>
            <contenuImg CS="1.0" lang="fr" source="md">animal</contenuImg>
            <tech source="final">estampe/gravure</tech>
            <theme source="final">13</theme>
            <tech CS="1" source="md">estampe/gravure</tech>
            <theme CS="1" source="md">13</theme>
            <contenuImg CS="1.0" lang="en" source="md">animal</contenuImg>
            <contenuImg CS="1.0" lang="en" source="md">bird</contenuImg>
            <contenuImg CS="1.0" lang="en" source="md">verterbrate</contenuImg>
            <leg>pl.17 : Goshawk, Astur falumbarius (Bechst)/Drawn from Nature and on Stone by John and Elizabeth Gould. Cote :D9943</leg>
            <titraille>Illustrations de The Birds of Europe, t. I, Raptores / John Gould, Elizabeth Gould, Edward Lear, ill.</titraille>
          </ill>
        </ills>
      </page>
      <page ordre="18">
        <blocIll ocr="1">1</blocIll>
        <ills>
          <ill couleur="coul" h="768" n="18-1" taille="0" w="512" x="1" y="1">
            <contenuImg b="70" coul="1" g="120" ordre="5" r="171" source="colorific" type="frg">#ab7846</contenuImg>
            <contenuImg b="29" coul="1" g="33" ordre="4" r="38" source="colorific" type="frg">#26211d</contenuImg>
            <contenuImg b="88" coul="1" g="101" ordre="3" r="110" source="colorific" type="frg">#6e6558</contenuImg>
            <contenuImg b="138" coul="1" g="170" ordre="2" r="184" source="colorific" type="frg">#b8aa8a</contenuImg>
            <contenuImg b="55" coul="1" g="65" ordre="1" r="72" source="colorific" type="frg">#484137</contenuImg>
            <contenuImg CS="1.0" lang="fr" source="md">vertébré</contenuImg>
            <contenuImg CS="1.0" lang="fr" source="md">oiseau</contenuImg>
            <contenuImg CS="1.0" lang="fr" source="md">animal</contenuImg>
            <tech source="final">estampe/gravure</tech>
            <theme source="final">13</theme>
            <tech CS="1" source="md">estampe/gravure</tech>
            <theme CS="1" source="md">13</theme>
            <contenuImg CS="1.0" lang="en" source="md">animal</contenuImg>
            <contenuImg CS="1.0" lang="en" source="md">bird</contenuImg>
            <contenuImg CS="1.0" lang="en" source="md">verterbrate</contenuImg>
            <leg>pl.18 : Sparrow hawk, Accipiter fringillarius (Ray)- Falconisus (Linn.)/Drawn from Life and on Stone by John and Elizabeth Gould. Cote : D9944</leg>
            <titraille>Illustrations de The Birds of Europe, t. I, Raptores / John Gould, Elizabeth Gould, Edward Lear, ill.</titraille>
          </ill>
        </ills>
      </page>
      <page ordre="19">
        <blocIll ocr="1">1</blocIll>
        <ills>
          <ill couleur="coul" h="768" n="19-1" taille="0" w="512" x="1" y="1">
            <contenuImg b="0" coul="1" g="0" ordre="6" r="0" source="colorific" type="frg">#000000</contenuImg>
            <contenuImg b="74" coul="1" g="81" ordre="5" r="84" source="colorific" type="frg">#54514a</contenuImg>
            <contenuImg b="63" coul="1" g="81" ordre="4" r="96" source="colorific" type="frg">#60513f</contenuImg>
            <contenuImg b="139" coul="1" g="177" ordre="3" r="189" source="colorific" type="frg">#bdb18b</contenuImg>
            <contenuImg b="115" coul="1" g="128" ordre="2" r="133" source="colorific" type="frg">#858073</contenuImg>
            <contenuImg b="35" coul="1" g="43" ordre="1" r="51" source="colorific" type="frg">#332b23</contenuImg>
            <contenuImg CS="1.0" lang="fr" source="md">vertébré</contenuImg>
            <contenuImg CS="1.0" lang="fr" source="md">oiseau</contenuImg>
            <contenuImg CS="1.0" lang="fr" source="md">animal</contenuImg>
            <tech source="final">estampe/gravure</tech>
            <theme source="final">13</theme>
            <tech CS="1" source="md">estampe/gravure</tech>
            <theme CS="1" source="md">13</theme>
            <contenuImg CS="1.0" lang="en" source="md">animal</contenuImg>
            <contenuImg CS="1.0" lang="en" source="md">bird</contenuImg>
            <contenuImg CS="1.0" lang="en" source="md">verterbrate</contenuImg>
            <leg>pl.19 : Jer falcon, Falco Iscandicus (Lath.)/drawn from Life and on Syone by John and Elizabeth Gould. Cote : D9945</leg>
            <titraille>Illustrations de The Birds of Europe, t. I, Raptores / John Gould, Elizabeth Gould, Edward Lear, ill.</titraille>
          </ill>
        </ills>
      </page>
      <page ordre="20">
        <blocIll ocr="1">1</blocIll>
        <ills>
          <ill couleur="coul" h="768" n="20-1" taille="0" w="512" x="1" y="1">
            <contenuImg b="0" coul="1" g="0" ordre="5" r="0" source="colorific" type="frg">#000000</contenuImg>
            <contenuImg b="19" coul="1" g="23" ordre="4" r="31" source="colorific" type="frg">#1f1713</contenuImg>
            <contenuImg b="27" coul="1" g="39" ordre="3" r="51" source="colorific" type="frg">#33271b</contenuImg>
            <contenuImg b="71" coul="1" g="85" ordre="2" r="94" source="colorific" type="frg">#5e5547</contenuImg>
            <contenuImg b="121" coul="1" g="150" ordre="1" r="168" source="colorific" type="frg">#a89679</contenuImg>
            <contenuImg CS="1.0" lang="fr" source="md">vertébré</contenuImg>
            <contenuImg CS="1.0" lang="fr" source="md">oiseau</contenuImg>
            <contenuImg CS="1.0" lang="fr" source="md">animal</contenuImg>
            <tech source="final">estampe/gravure</tech>
            <theme source="final">13</theme>
            <tech CS="1" source="md">estampe/gravure</tech>
            <theme CS="1" source="md">13</theme>
            <contenuImg CS="1.0" lang="en" source="md">animal</contenuImg>
            <contenuImg CS="1.0" lang="en" source="md">bird</contenuImg>
            <contenuImg CS="1.0" lang="en" source="md">verterbrate</contenuImg>
            <leg>pl.20 : Lanner Falcon, Falco lanarius (Linn. )/Edward Leardel et lith. Cote : D9946</leg>
            <titraille>Illustrations de The Birds of Europe, t. I, Raptores / John Gould, Elizabeth Gould, Edward Lear, ill.</titraille>
          </ill>
        </ills>
      </page>
      <page ordre="21">
        <blocIll ocr="1">1</blocIll>
        <ills>
          <ill couleur="coul" h="768" n="21-1" taille="0" w="512" x="1" y="1">
            <contenuImg b="25" coul="1" g="31" ordre="4" r="37" source="colorific" type="frg">#251f19</contenuImg>
            <contenuImg b="95" coul="1" g="112" ordre="3" r="126" source="colorific" type="frg">#7e705f</contenuImg>
            <contenuImg b="46" coul="1" g="58" ordre="2" r="67" source="colorific" type="frg">#433a2e</contenuImg>
            <contenuImg b="139" coul="1" g="176" ordre="1" r="182" source="colorific" type="frg">#b6b08b</contenuImg>
            <contenuImg CS="1.0" lang="fr" source="md">vertébré</contenuImg>
            <contenuImg CS="1.0" lang="fr" source="md">oiseau</contenuImg>
            <contenuImg CS="1.0" lang="fr" source="md">animal</contenuImg>
            <tech source="final">estampe/gravure</tech>
            <theme source="final">13</theme>
            <tech CS="1" source="md">estampe/gravure</tech>
            <theme CS="1" source="md">13</theme>
            <contenuImg CS="1.0" lang="en" source="md">animal</contenuImg>
            <contenuImg CS="1.0" lang="en" source="md">bird</contenuImg>
            <contenuImg CS="1.0" lang="en" source="md">verterbrate</contenuImg>
            <leg>pl.21 : Peregrine Falcon,Falco peregrinus (Linn.)/Edward Leardel. Cote : D9947</leg>
            <titraille>Illustrations de The Birds of Europe, t. I, Raptores / John Gould, Elizabeth Gould, Edward Lear, ill.</titraille>
          </ill>
        </ills>
      </page>
      <page ordre="22">
        <blocIll ocr="1">1</blocIll>
        <ills>
          <ill couleur="coul" h="768" n="22-1" taille="0" w="512" x="1" y="1">
            <contenuImg b="0" coul="1" g="0" ordre="7" r="0" source="colorific" type="frg">#000000</contenuImg>
            <contenuImg b="52" coul="1" g="101" ordre="6" r="167" source="colorific" type="frg">#a76534</contenuImg>
            <contenuImg b="42" coul="1" g="60" ordre="5" r="80" source="colorific" type="frg">#503c2a</contenuImg>
            <contenuImg b="66" coul="1" g="67" ordre="4" r="65" source="colorific" type="frg">#414342</contenuImg>
            <contenuImg b="160" coul="1" g="187" ordre="3" r="199" source="colorific" type="frg">#c7bba0</contenuImg>
            <contenuImg b="30" coul="1" g="33" ordre="2" r="34" source="colorific" type="frg">#22211e</contenuImg>
            <contenuImg b="89" coul="1" g="118" ordre="1" r="134" source="colorific" type="frg">#867659</contenuImg>
            <contenuImg CS="1.0" lang="fr" source="md">vertébré</contenuImg>
            <contenuImg CS="1.0" lang="fr" source="md">oiseau</contenuImg>
            <contenuImg CS="1.0" lang="fr" source="md">animal</contenuImg>
            <tech source="final">estampe/gravure</tech>
            <theme source="final">13</theme>
            <tech CS="1" source="md">estampe/gravure</tech>
            <theme CS="1" source="md">13</theme>
            <contenuImg CS="1.0" lang="en" source="md">animal</contenuImg>
            <contenuImg CS="1.0" lang="en" source="md">bird</contenuImg>
            <contenuImg CS="1.0" lang="en" source="md">verterbrate</contenuImg>
            <leg>pl.22 : Hobby, Falco subbeteo (Linn.)/Drawn from Life and on Stone by John and Elizabeth Gould. Cote : D9948</leg>
            <titraille>Illustrations de The Birds of Europe, t. I, Raptores / John Gould, Elizabeth Gould, Edward Lear, ill.</titraille>
          </ill>
        </ills>
      </page>
      <page ordre="23">
        <blocIll ocr="1">1</blocIll>
        <ills>
          <ill couleur="coul" h="768" n="23-1" taille="0" w="512" x="1" y="1">
            <contenuImg b="30" coul="1" g="52" ordre="8" r="99" source="colorific" type="frg">#63341e</contenuImg>
            <contenuImg b="46" coul="1" g="80" ordre="7" r="144" source="colorific" type="frg">#90502e</contenuImg>
            <contenuImg b="48" coul="1" g="75" ordre="6" r="106" source="colorific" type="frg">#6a4b30</contenuImg>
            <contenuImg b="27" coul="1" g="34" ordre="5" r="43" source="colorific" type="frg">#2b221b</contenuImg>
            <contenuImg b="97" coul="1" g="110" ordre="4" r="120" source="colorific" type="frg">#786e61</contenuImg>
            <contenuImg b="85" coul="1" g="117" ordre="3" r="148" source="colorific" type="frg">#947555</contenuImg>
            <contenuImg b="47" coul="1" g="57" ordre="2" r="65" source="colorific" type="frg">#41392f</contenuImg>
            <contenuImg b="143" coul="1" g="174" ordre="1" r="185" source="colorific" type="frg">#b9ae8f</contenuImg>
            <contenuImg CS="1.0" lang="fr" source="md">vertébré</contenuImg>
            <contenuImg CS="1.0" lang="fr" source="md">oiseau</contenuImg>
            <contenuImg CS="1.0" lang="fr" source="md">animal</contenuImg>
            <tech source="final">estampe/gravure</tech>
            <theme source="final">13</theme>
            <tech CS="1" source="md">estampe/gravure</tech>
            <theme CS="1" source="md">13</theme>
            <contenuImg CS="1.0" lang="en" source="md">animal</contenuImg>
            <contenuImg CS="1.0" lang="en" source="md">bird</contenuImg>
            <contenuImg CS="1.0" lang="en" source="md">verterbrate</contenuImg>
            <leg>pl.23 : Red Footed Falcon,Falcon rufipes (Bechst)/Drawn from Life and on Stone by John and Elizabeth Gould.Cote : D9949</leg>
            <titraille>Illustrations de The Birds of Europe, t. I, Raptores / John Gould, Elizabeth Gould, Edward Lear, ill.</titraille>
          </ill>
        </ills>
      </page>
      <page ordre="24">
        <blocIll ocr="1">1</blocIll>
        <ills>
          <ill couleur="coul" h="768" n="24-1" taille="0" w="512" x="1" y="1">
            <contenuImg b="18" coul="1" g="37" ordre="9" r="65" source="colorific" type="frg">#412512</contenuImg>
            <contenuImg b="41" coul="1" g="73" ordre="8" r="113" source="colorific" type="frg">#714929</contenuImg>
            <contenuImg b="0" coul="1" g="0" ordre="7" r="0" source="colorific" type="frg">#000000</contenuImg>
            <contenuImg b="70" coul="1" g="74" ordre="6" r="72" source="colorific" type="frg">#484a46</contenuImg>
            <contenuImg b="70" coul="1" g="117" ordre="5" r="161" source="colorific" type="frg">#a17546</contenuImg>
            <contenuImg b="86" coul="1" g="116" ordre="4" r="136" source="colorific" type="frg">#887456</contenuImg>
            <contenuImg b="61" coul="1" g="74" ordre="3" r="84" source="colorific" type="frg">#544a3d</contenuImg>
            <contenuImg b="32" coul="1" g="37" ordre="2" r="40" source="colorific" type="frg">#282520</contenuImg>
            <contenuImg b="139" coul="1" g="169" ordre="1" r="173" source="colorific" type="frg">#ada98b</contenuImg>
            <contenuImg CS="1.0" lang="fr" source="md">vertébré</contenuImg>
            <contenuImg CS="1.0" lang="fr" source="md">oiseau</contenuImg>
            <contenuImg CS="1.0" lang="fr" source="md">animal</contenuImg>
            <tech source="final">estampe/gravure</tech>
            <theme source="final">13</theme>
            <tech CS="1" source="md">estampe/gravure</tech>
            <theme CS="1" source="md">13</theme>
            <contenuImg CS="1.0" lang="en" source="md">animal</contenuImg>
            <contenuImg CS="1.0" lang="en" source="md">bird</contenuImg>
            <contenuImg CS="1.0" lang="en" source="md">verterbrate</contenuImg>
            <leg>pl.24 : Merlin, Falco aesalon (Temm.)/Drawn from Life and on Stone by John and Elizabeth Gould. Cote : D9950</leg>
            <titraille>Illustrations de The Birds of Europe, t. I, Raptores / John Gould, Elizabeth Gould, Edward Lear, ill.</titraille>
          </ill>
        </ills>
      </page>
      <page ordre="25">
        <blocIll ocr="1">1</blocIll>
        <ills>
          <ill couleur="coul" h="768" n="25-1" taille="0" w="512" x="1" y="1">
            <contenuImg b="56" coul="1" g="54" ordre="5" r="55" source="colorific" type="frg">#373638</contenuImg>
            <contenuImg b="28" coul="1" g="34" ordre="4" r="41" source="colorific" type="frg">#29221c</contenuImg>
            <contenuImg b="53" coul="1" g="81" ordre="3" r="100" source="colorific" type="frg">#645135</contenuImg>
            <contenuImg b="122" coul="1" g="154" ordre="2" r="168" source="colorific" type="frg">#a89a7a</contenuImg>
            <contenuImg b="92" coul="1" g="89" ordre="1" r="91" source="colorific" type="frg">#5b595c</contenuImg>
            <contenuImg CS="1.0" lang="fr" source="md">vertébré</contenuImg>
            <contenuImg CS="1.0" lang="fr" source="md">oiseau</contenuImg>
            <contenuImg CS="1.0" lang="fr" source="md">animal</contenuImg>
            <tech source="final">estampe/gravure</tech>
            <theme source="final">13</theme>
            <tech CS="1" source="md">estampe/gravure</tech>
            <theme CS="1" source="md">13</theme>
            <contenuImg CS="1.0" lang="en" source="md">animal</contenuImg>
            <contenuImg CS="1.0" lang="en" source="md">bird</contenuImg>
            <contenuImg CS="1.0" lang="en" source="md">verterbrate</contenuImg>
            <leg>pl.25 : Lead-coloured Falcon,Falco concolor (Temm.)/Drawn from Nature and on Stone by John and Elizabeth Gould. Cote: D9951</leg>
            <titraille>Illustrations de The Birds of Europe, t. I, Raptores / John Gould, Elizabeth Gould, Edward Lear, ill.</titraille>
          </ill>
        </ills>
      </page>
      <page ordre="26">
        <blocIll ocr="1">1</blocIll>
        <ills>
          <ill couleur="coul" h="768" n="26-1" taille="0" w="512" x="1" y="1">
            <contenuImg b="8" coul="1" g="18" ordre="7" r="45" source="colorific" type="frg">#2d1208</contenuImg>
            <contenuImg b="55" coul="1" g="65" ordre="6" r="74" source="colorific" type="frg">#4a4137</contenuImg>
            <contenuImg b="27" coul="1" g="32" ordre="5" r="39" source="colorific" type="frg">#27201b</contenuImg>
            <contenuImg b="52" coul="1" g="82" ordre="4" r="130" source="colorific" type="frg">#825234</contenuImg>
            <contenuImg b="26" coul="1" g="41" ordre="3" r="66" source="colorific" type="frg">#42291a</contenuImg>
            <contenuImg b="85" coul="1" g="110" ordre="2" r="130" source="colorific" type="frg">#826e55</contenuImg>
            <contenuImg b="139" coul="1" g="172" ordre="1" r="185" source="colorific" type="frg">#b9ac8b</contenuImg>
            <contenuImg CS="1.0" lang="fr" source="md">vertébré</contenuImg>
            <contenuImg CS="1.0" lang="fr" source="md">oiseau</contenuImg>
            <contenuImg CS="1.0" lang="fr" source="md">animal</contenuImg>
            <tech source="final">estampe/gravure</tech>
            <theme source="final">13</theme>
            <tech CS="1" source="md">estampe/gravure</tech>
            <theme CS="1" source="md">13</theme>
            <contenuImg CS="1.0" lang="en" source="md">animal</contenuImg>
            <contenuImg CS="1.0" lang="en" source="md">bird</contenuImg>
            <contenuImg CS="1.0" lang="en" source="md">verterbrate</contenuImg>
            <leg>pl.26 : Kestrel, Falco tinnunculus (Linn.)/Drawn on Stone by Edward Lear. Cote : D9952</leg>
            <titraille>Illustrations de The Birds of Europe, t. I, Raptores / John Gould, Elizabeth Gould, Edward Lear, ill.</titraille>
          </ill>
        </ills>
      </page>
      <page ordre="27">
        <blocIll ocr="1">1</blocIll>
        <ills>
          <ill couleur="coul" h="768" n="27-1" taille="0" w="512" x="1" y="1">
            <contenuImg b="115" coul="1" g="114" ordre="7" r="114" source="colorific" type="frg">#727273</contenuImg>
            <contenuImg b="89" coul="1" g="98" ordre="6" r="105" source="colorific" type="frg">#696259</contenuImg>
            <contenuImg b="27" coul="1" g="47" ordre="5" r="98" source="colorific" type="frg">#622f1b</contenuImg>
            <contenuImg b="51" coul="1" g="88" ordre="4" r="152" source="colorific" type="frg">#985833</contenuImg>
            <contenuImg b="161" coul="1" g="186" ordre="3" r="198" source="colorific" type="frg">#c6baa1</contenuImg>
            <contenuImg b="25" coul="1" g="32" ordre="2" r="43" source="colorific" type="frg">#2b2019</contenuImg>
            <contenuImg b="90" coul="1" g="118" ordre="1" r="144" source="colorific" type="frg">#90765a</contenuImg>
            <contenuImg CS="1.0" lang="fr" source="md">vertébré</contenuImg>
            <contenuImg CS="1.0" lang="fr" source="md">oiseau</contenuImg>
            <contenuImg CS="1.0" lang="fr" source="md">animal</contenuImg>
            <tech source="final">estampe/gravure</tech>
            <theme source="final">13</theme>
            <tech CS="1" source="md">estampe/gravure</tech>
            <theme CS="1" source="md">13</theme>
            <contenuImg CS="1.0" lang="en" source="md">animal</contenuImg>
            <contenuImg CS="1.0" lang="en" source="md">bird</contenuImg>
            <contenuImg CS="1.0" lang="en" source="md">verterbrate</contenuImg>
            <leg>pl.27 : Lesser Kestril,Falco tinnunculoides/Drawn from Nature and on Stone by John and Elizabeth Gould. Cote :D9953</leg>
            <titraille>Illustrations de The Birds of Europe, t. I, Raptores / John Gould, Elizabeth Gould, Edward Lear, ill.</titraille>
          </ill>
        </ills>
      </page>
      <page ordre="28">
        <blocIll ocr="1">1</blocIll>
        <ills>
          <ill couleur="coul" h="768" n="28-1" taille="0" w="512" x="1" y="1">
            <contenuImg b="14" coul="1" g="37" ordre="8" r="84" source="colorific" type="frg">#54250e</contenuImg>
            <contenuImg b="71" coul="1" g="116" ordre="7" r="167" source="colorific" type="frg">#a77447</contenuImg>
            <contenuImg b="78" coul="1" g="97" ordre="6" r="112" source="colorific" type="frg">#70614e</contenuImg>
            <contenuImg b="27" coul="1" g="62" ordre="5" r="126" source="colorific" type="frg">#7e3e1b</contenuImg>
            <contenuImg b="92" coul="1" g="129" ordre="4" r="153" source="colorific" type="frg">#99815c</contenuImg>
            <contenuImg b="17" coul="1" g="22" ordre="3" r="31" source="colorific" type="frg">#1f1611</contenuImg>
            <contenuImg b="34" coul="1" g="53" ordre="2" r="76" source="colorific" type="frg">#4c3522</contenuImg>
            <contenuImg b="142" coul="1" g="170" ordre="1" r="175" source="colorific" type="frg">#afaa8e</contenuImg>
            <contenuImg CS="1.0" lang="fr" source="md">vertébré</contenuImg>
            <contenuImg CS="1.0" lang="fr" source="md">oiseau</contenuImg>
            <contenuImg CS="1.0" lang="fr" source="md">animal</contenuImg>
            <tech source="final">estampe/gravure</tech>
            <theme source="final">13</theme>
            <tech CS="1" source="md">estampe/gravure</tech>
            <theme CS="1" source="md">13</theme>
            <contenuImg CS="1.0" lang="en" source="md">animal</contenuImg>
            <contenuImg CS="1.0" lang="en" source="md">bird</contenuImg>
            <contenuImg CS="1.0" lang="en" source="md">verterbrate</contenuImg>
            <leg>pl.28 : Kite,Milvus vulgaris (Flem.)/Edward Lear del et lithog. Cote : D9954</leg>
            <titraille>Illustrations de The Birds of Europe, t. I, Raptores / John Gould, Elizabeth Gould, Edward Lear, ill.</titraille>
          </ill>
        </ills>
      </page>
      <page ordre="29">
        <blocIll ocr="1">1</blocIll>
        <ills>
          <ill couleur="coul" h="768" n="29-1" taille="0" w="512" x="1" y="1">
            <contenuImg b="17" coul="1" g="22" ordre="7" r="32" source="colorific" type="frg">#201611</contenuImg>
            <contenuImg b="64" coul="1" g="80" ordre="6" r="93" source="colorific" type="frg">#5d5040</contenuImg>
            <contenuImg b="0" coul="1" g="0" ordre="5" r="0" source="colorific" type="frg">#000000</contenuImg>
            <contenuImg b="25" coul="1" g="40" ordre="4" r="60" source="colorific" type="frg">#3c2819</contenuImg>
            <contenuImg b="44" coul="1" g="70" ordre="3" r="104" source="colorific" type="frg">#68462c</contenuImg>
            <contenuImg b="40" coul="1" g="46" ordre="2" r="52" source="colorific" type="frg">#342e28</contenuImg>
            <contenuImg b="119" coul="1" g="142" ordre="1" r="148" source="colorific" type="frg">#948e77</contenuImg>
            <contenuImg CS="1.0" lang="fr" source="md">vertébré</contenuImg>
            <contenuImg CS="1.0" lang="fr" source="md">oiseau</contenuImg>
            <contenuImg CS="1.0" lang="fr" source="md">animal</contenuImg>
            <tech source="final">estampe/gravure</tech>
            <theme source="final">13</theme>
            <tech CS="1" source="md">estampe/gravure</tech>
            <theme CS="1" source="md">13</theme>
            <contenuImg CS="1.0" lang="en" source="md">animal</contenuImg>
            <contenuImg CS="1.0" lang="en" source="md">bird</contenuImg>
            <contenuImg CS="1.0" lang="en" source="md">verterbrate</contenuImg>
            <leg>pl.29 : Black Kite, Milvus ater/Edward Lear del. Cote :D9955</leg>
            <titraille>Illustrations de The Birds of Europe, t. I, Raptores / John Gould, Elizabeth Gould, Edward Lear, ill.</titraille>
          </ill>
        </ills>
      </page>
      <page ordre="30">
        <blocIll ocr="1">1</blocIll>
        <ills>
          <ill couleur="coul" h="768" n="30-1" taille="0" w="512" x="1" y="1">
            <contenuImg b="0" coul="1" g="0" ordre="5" r="0" source="colorific" type="frg">#000000</contenuImg>
            <contenuImg b="43" coul="1" g="52" ordre="4" r="59" source="colorific" type="frg">#3b342b</contenuImg>
            <contenuImg b="118" coul="1" g="134" ordre="3" r="137" source="colorific" type="frg">#898676</contenuImg>
            <contenuImg b="165" coul="1" g="196" ordre="2" r="209" source="colorific" type="frg">#d1c4a5</contenuImg>
            <contenuImg b="25" coul="1" g="28" ordre="1" r="33" source="colorific" type="frg">#211c19</contenuImg>
            <contenuImg CS="1.0" lang="fr" source="md">vertébré</contenuImg>
            <contenuImg CS="1.0" lang="fr" source="md">oiseau</contenuImg>
            <contenuImg CS="1.0" lang="fr" source="md">animal</contenuImg>
            <tech source="final">estampe/gravure</tech>
            <theme source="final">13</theme>
            <tech CS="1" source="md">estampe/gravure</tech>
            <theme CS="1" source="md">13</theme>
            <contenuImg CS="1.0" lang="en" source="md">animal</contenuImg>
            <contenuImg CS="1.0" lang="en" source="md">bird</contenuImg>
            <contenuImg CS="1.0" lang="en" source="md">verterbrate</contenuImg>
            <leg>pl.30 : Swallow tailed Kite, Nauclerus furcatus (Vig.)/Drawn from Nature and on Stone by John and Elizabeth Gould.Cote : D9956</leg>
            <titraille>Illustrations de The Birds of Europe, t. I, Raptores / John Gould, Elizabeth Gould, Edward Lear, ill.</titraille>
          </ill>
        </ills>
      </page>
      <page ordre="31">
        <blocIll ocr="1">1</blocIll>
        <ills>
          <ill couleur="coul" h="768" n="31-1" taille="0" w="512" x="1" y="1">
            <contenuImg b="66" coul="1" g="101" ordre="5" r="121" source="colorific" type="frg">#796542</contenuImg>
            <contenuImg b="26" coul="1" g="29" ordre="4" r="34" source="colorific" type="frg">#221d1a</contenuImg>
            <contenuImg b="151" coul="1" g="184" ordre="3" r="203" source="colorific" type="frg">#cbb897</contenuImg>
            <contenuImg b="111" coul="1" g="128" ordre="2" r="131" source="colorific" type="frg">#83806f</contenuImg>
            <contenuImg b="49" coul="1" g="53" ordre="1" r="56" source="colorific" type="frg">#383531</contenuImg>
            <contenuImg CS="1.0" lang="fr" source="md">vertébré</contenuImg>
            <contenuImg CS="1.0" lang="fr" source="md">oiseau</contenuImg>
            <contenuImg CS="1.0" lang="fr" source="md">animal</contenuImg>
            <tech source="final">estampe/gravure</tech>
            <theme source="final">13</theme>
            <tech CS="1" source="md">estampe/gravure</tech>
            <theme CS="1" source="md">13</theme>
            <contenuImg CS="1.0" lang="en" source="md">animal</contenuImg>
            <contenuImg CS="1.0" lang="en" source="md">bird</contenuImg>
            <contenuImg CS="1.0" lang="en" source="md">verterbrate</contenuImg>
            <leg>pl.31 : Black-winged Kite, Elanus melanopterus (Steph.)/Drawn from Nature and on Stone by John and Elizabeth Gould.Cote : D9957</leg>
            <titraille>Illustrations de The Birds of Europe, t. I, Raptores / John Gould, Elizabeth Gould, Edward Lear, ill.</titraille>
          </ill>
        </ills>
      </page>
      <page ordre="32">
        <blocIll ocr="1">1</blocIll>
        <ills>
          <ill couleur="coul" edit="1" h="512" n="32-1" taille="0" w="768" x="1" y="1">
            <contenuImg b="14" coul="1" g="30" ordre="7" r="64" source="colorific" type="frg">#401e0e</contenuImg>
            <contenuImg b="57" coul="1" g="102" ordre="6" r="156" source="colorific" type="frg">#9c6639</contenuImg>
            <contenuImg b="42" coul="1" g="55" ordre="5" r="71" source="colorific" type="frg">#47372a</contenuImg>
            <contenuImg b="32" coul="1" g="55" ordre="4" r="93" source="colorific" type="frg">#5d3720</contenuImg>
            <contenuImg b="72" coul="1" g="86" ordre="3" r="92" source="colorific" type="frg">#5c5648</contenuImg>
            <contenuImg b="20" coul="1" g="25" ordre="2" r="34" source="colorific" type="frg">#221914</contenuImg>
            <contenuImg b="141" coul="1" g="170" ordre="1" r="186" source="colorific" type="frg">#baaa8d</contenuImg>
            <contenuImg CS="1" coul="1" lang="fr" source="hm" time="2019-05-01T18:27:38.278+02:00">marron</contenuImg>
            <contenuImg CS="1.0" lang="fr" source="md">vertébré</contenuImg>
            <contenuImg CS="1.0" lang="fr" source="md">oiseau</contenuImg>
            <contenuImg CS="1.0" lang="fr" source="md">animal</contenuImg>
            <tech source="final">estampe/gravure</tech>
            <theme source="final">13</theme>
            <tech CS="1" source="md">estampe/gravure</tech>
            <theme CS="1" source="md">13</theme>
            <contenuImg CS="1.0" lang="en" source="md">animal</contenuImg>
            <contenuImg CS="1.0" lang="en" source="md">bird</contenuImg>
            <contenuImg CS="1.0" lang="en" source="md">verterbrate</contenuImg>
            <leg>pl.32 : Marsh Harrier, Circus rufus (Briss.)/Edward Lear del and lithog. Cote : D9958</leg>
            <titraille>Illustrations de The Birds of Europe, t. I, Raptores / John Gould, Elizabeth Gould, Edward Lear, ill.</titraille>
            <contenuImg CS="1" coul="1" lang="en" source="hm" time="2019-05-01T18:27:38.278+02:00">maroon color</contenuImg>
          </ill>
        </ills>
      </page>
      <page ordre="33">
        <blocIll ocr="1">1</blocIll>
        <ills>
          <ill couleur="coul" h="512" n="33-1" taille="0" w="768" x="1" y="1">
            <contenuImg b="0" coul="1" g="0" ordre="7" r="0" source="colorific" type="frg">#000000</contenuImg>
            <contenuImg b="15" coul="1" g="31" ordre="6" r="53" source="colorific" type="frg">#351f0f</contenuImg>
            <contenuImg b="77" coul="1" g="75" ordre="5" r="72" source="colorific" type="frg">#484b4d</contenuImg>
            <contenuImg b="36" coul="1" g="44" ordre="4" r="50" source="colorific" type="frg">#322c24</contenuImg>
            <contenuImg b="54" coul="1" g="85" ordre="3" r="109" source="colorific" type="frg">#6d5536</contenuImg>
            <contenuImg b="152" coul="1" g="183" ordre="2" r="196" source="colorific" type="frg">#c4b798</contenuImg>
            <contenuImg b="113" coul="1" g="126" ordre="1" r="130" source="colorific" type="frg">#827e71</contenuImg>
            <contenuImg CS="1.0" lang="fr" source="md">vertébré</contenuImg>
            <contenuImg CS="1.0" lang="fr" source="md">oiseau</contenuImg>
            <contenuImg CS="1.0" lang="fr" source="md">animal</contenuImg>
            <tech source="final">estampe/gravure</tech>
            <theme source="final">13</theme>
            <tech CS="1" source="md">estampe/gravure</tech>
            <theme CS="1" source="md">13</theme>
            <contenuImg CS="1.0" lang="en" source="md">animal</contenuImg>
            <contenuImg CS="1.0" lang="en" source="md">bird</contenuImg>
            <contenuImg CS="1.0" lang="en" source="md">verterbrate</contenuImg>
            <leg>pl.33 : Hen Harrier,circus cyaneus (Flem.)/Drawn from Nature and on Stone by John and Elizabeth Gould. Cote :D9959</leg>
            <titraille>Illustrations de The Birds of Europe, t. I, Raptores / John Gould, Elizabeth Gould, Edward Lear, ill.</titraille>
          </ill>
        </ills>
      </page>
      <page ordre="34">
        <blocIll ocr="1">1</blocIll>
        <ills>
          <ill couleur="coul" edit="1" h="512" n="34-1" taille="0" w="768" x="1" y="1">
            <contenuImg b="53" coul="1" g="65" ordre="5" r="78" source="colorific" type="frg">#4e4135</contenuImg>
            <contenuImg b="21" coul="1" g="27" ordre="4" r="38" source="colorific" type="frg">#261b15</contenuImg>
            <contenuImg b="79" coul="1" g="108" ordre="3" r="135" source="colorific" type="frg">#876c4f</contenuImg>
            <contenuImg b="94" coul="1" g="96" ordre="2" r="104" source="colorific" type="frg">#68605e</contenuImg>
            <contenuImg b="150" coul="1" g="178" ordre="1" r="196" source="colorific" type="frg">#c4b296</contenuImg>
            <contenuImg CS="1" coul="1" lang="fr" source="hm" time="2019-05-01T18:27:40.825+02:00">gris</contenuImg>
            <contenuImg CS="1.0" lang="fr" source="md">vertébré</contenuImg>
            <contenuImg CS="1.0" lang="fr" source="md">oiseau</contenuImg>
            <contenuImg CS="1.0" lang="fr" source="md">animal</contenuImg>
            <tech source="final">estampe/gravure</tech>
            <theme source="final">13</theme>
            <tech CS="1" source="md">estampe/gravure</tech>
            <theme CS="1" source="md">13</theme>
            <contenuImg CS="1.0" lang="en" source="md">animal</contenuImg>
            <contenuImg CS="1.0" lang="en" source="md">bird</contenuImg>
            <contenuImg CS="1.0" lang="en" source="md">verterbrate</contenuImg>
            <leg>pl.34 : Pallid Harrier,Circus pallidus (Sykes)/Drawn from Nature and on Stone by John and Elizabeth Gould. Cote :D9960</leg>
            <titraille>Illustrations de The Birds of Europe, t. I, Raptores / John Gould, Elizabeth Gould, Edward Lear, ill.</titraille>
            <contenuImg CS="1" coul="1" lang="en" source="hm" time="2019-05-01T18:27:40.825+02:00">gray color</contenuImg>
          </ill>
        </ills>
      </page>
      <page ordre="35">
        <blocIll ocr="1">1</blocIll>
        <ills>
          <ill couleur="coul" h="512" n="35-1" taille="0" w="768" x="1" y="1">
            <contenuImg b="11" coul="1" g="20" ordre="9" r="36" source="colorific" type="frg">#24140b</contenuImg>
            <contenuImg b="81" coul="1" g="148" ordre="8" r="191" source="colorific" type="frg">#bf9451</contenuImg>
            <contenuImg b="24" coul="1" g="54" ordre="7" r="90" source="colorific" type="frg">#5a3618</contenuImg>
            <contenuImg b="55" coul="1" g="91" ordre="6" r="104" source="colorific" type="frg">#685b37</contenuImg>
            <contenuImg b="52" coul="1" g="102" ordre="5" r="146" source="colorific" type="frg">#926634</contenuImg>
            <contenuImg b="183" coul="1" g="210" ordre="4" r="214" source="colorific" type="frg">#d6d2b7</contenuImg>
            <contenuImg b="31" coul="1" g="44" ordre="3" r="58" source="colorific" type="frg">#3a2c1f</contenuImg>
            <contenuImg b="81" coul="1" g="83" ordre="2" r="83" source="colorific" type="frg">#535351</contenuImg>
            <contenuImg b="110" coul="1" g="148" ordre="1" r="163" source="colorific" type="frg">#a3946e</contenuImg>
            <contenuImg CS="1.0" lang="fr" source="md">vertébré</contenuImg>
            <contenuImg CS="1.0" lang="fr" source="md">oiseau</contenuImg>
            <contenuImg CS="1.0" lang="fr" source="md">animal</contenuImg>
            <tech source="final">estampe/gravure</tech>
            <theme source="final">13</theme>
            <tech CS="1" source="md">estampe/gravure</tech>
            <theme CS="1" source="md">13</theme>
            <contenuImg CS="1.0" lang="en" source="md">animal</contenuImg>
            <contenuImg CS="1.0" lang="en" source="md">bird</contenuImg>
            <contenuImg CS="1.0" lang="en" source="md">verterbrate</contenuImg>
            <leg>pl.35 : Ash-coloured Harrier, Circus cineraceus (Meyer)/Drawn from Nature and on Stone by John and Elizabeth Gould. Cote : D9961</leg>
            <titraille>Illustrations de The Birds of Europe, t. I, Raptores / John Gould, Elizabeth Gould, Edward Lear, ill.</titraille>
          </ill>
        </ills>
      </page>
      <page ordre="36">
        <blocIll ocr="1">1</blocIll>
        <ills>
          <ill couleur="coul" h="768" n="36-1" taille="0" w="512" x="1" y="1">
            <contenuImg b="34" coul="1" g="46" ordre="5" r="60" source="colorific" type="frg">#3c2e22</contenuImg>
            <contenuImg b="38" coul="1" g="69" ordre="4" r="111" source="colorific" type="frg">#6f4526</contenuImg>
            <contenuImg b="88" coul="1" g="134" ordre="3" r="173" source="colorific" type="frg">#ad8658</contenuImg>
            <contenuImg b="65" coul="1" g="77" ordre="2" r="88" source="colorific" type="frg">#584d41</contenuImg>
            <contenuImg b="126" coul="1" g="142" ordre="1" r="154" source="colorific" type="frg">#9a8e7e</contenuImg>
            <contenuImg CS="1.0" lang="fr" source="md">vertébré</contenuImg>
            <contenuImg CS="1.0" lang="fr" source="md">oiseau</contenuImg>
            <contenuImg CS="1.0" lang="fr" source="md">animal</contenuImg>
            <tech source="final">estampe/gravure</tech>
            <theme source="final">13</theme>
            <tech CS="1" source="md">estampe/gravure</tech>
            <theme CS="1" source="md">13</theme>
            <contenuImg CS="1.0" lang="en" source="md">animal</contenuImg>
            <contenuImg CS="1.0" lang="en" source="md">bird</contenuImg>
            <contenuImg CS="1.0" lang="en" source="md">verterbrate</contenuImg>
            <leg>pl.36 : Barn Owl, Strix flammea (Linn.)/drawn from Life and on Stone by John and Elizabeth Gould. Cote : D9962</leg>
            <titraille>Illustrations de The Birds of Europe, t. I, Raptores / John Gould, Elizabeth Gould, Edward Lear, ill.</titraille>
          </ill>
        </ills>
      </page>
      <page ordre="37">
        <blocIll ocr="1">1</blocIll>
        <ills>
          <ill couleur="coul" h="768" n="37-1" taille="0" w="512" x="1" y="1">
            <contenuImg b="40" coul="1" g="54" ordre="7" r="63" source="colorific" type="frg">#3f3628</contenuImg>
            <contenuImg b="17" coul="1" g="40" ordre="6" r="62" source="colorific" type="frg">#3e2811</contenuImg>
            <contenuImg b="101" coul="1" g="120" ordre="5" r="124" source="colorific" type="frg">#7c7865</contenuImg>
            <contenuImg b="17" coul="1" g="24" ordre="4" r="34" source="colorific" type="frg">#221811</contenuImg>
            <contenuImg b="96" coul="1" g="135" ordre="3" r="163" source="colorific" type="frg">#a38760</contenuImg>
            <contenuImg b="45" coul="1" g="71" ordre="2" r="92" source="colorific" type="frg">#5c472d</contenuImg>
            <contenuImg b="179" coul="1" g="208" ordre="1" r="217" source="colorific" type="frg">#d9d0b3</contenuImg>
            <contenuImg CS="1.0" lang="fr" source="md">vertébré</contenuImg>
            <contenuImg CS="1.0" lang="fr" source="md">oiseau</contenuImg>
            <contenuImg CS="1.0" lang="fr" source="md">animal</contenuImg>
            <tech source="final">estampe/gravure</tech>
            <theme source="final">13</theme>
            <tech CS="1" source="md">estampe/gravure</tech>
            <theme CS="1" source="md">13</theme>
            <contenuImg CS="1.0" lang="en" source="md">animal</contenuImg>
            <contenuImg CS="1.0" lang="en" source="md">bird</contenuImg>
            <contenuImg CS="1.0" lang="en" source="md">verterbrate</contenuImg>
            <leg>pl.37 : Eagle owl, Bubo maximus (Sibbald)/Drawn on Stone by Edward Lear. Cote : D9963</leg>
            <titraille>Illustrations de The Birds of Europe, t. I, Raptores / John Gould, Elizabeth Gould, Edward Lear, ill.</titraille>
          </ill>
        </ills>
      </page>
      <page ordre="38">
        <blocIll ocr="1">1</blocIll>
        <ills>
          <ill couleur="coul" h="768" n="38-1" taille="0" w="512" x="1" y="1">
            <contenuImg b="18" coul="1" g="27" ordre="4" r="40" source="colorific" type="frg">#281b12</contenuImg>
            <contenuImg b="32" coul="1" g="51" ordre="3" r="69" source="colorific" type="frg">#453320</contenuImg>
            <contenuImg b="73" coul="1" g="112" ordre="2" r="147" source="colorific" type="frg">#937049</contenuImg>
            <contenuImg b="143" coul="1" g="173" ordre="1" r="188" source="colorific" type="frg">#bcad8f</contenuImg>
            <contenuImg CS="1.0" lang="fr" source="md">vertébré</contenuImg>
            <contenuImg CS="1.0" lang="fr" source="md">oiseau</contenuImg>
            <contenuImg CS="1.0" lang="fr" source="md">animal</contenuImg>
            <tech source="final">estampe/gravure</tech>
            <theme source="final">13</theme>
            <tech CS="1" source="md">estampe/gravure</tech>
            <theme CS="1" source="md">13</theme>
            <contenuImg CS="1.0" lang="en" source="md">animal</contenuImg>
            <contenuImg CS="1.0" lang="en" source="md">bird</contenuImg>
            <contenuImg CS="1.0" lang="en" source="md">verterbrate</contenuImg>
            <leg>pl.38 : Eastern great horned owl,Bubo Ascalaphus/Edward Lear del et lith. Cote : D9964</leg>
            <titraille>Illustrations de The Birds of Europe, t. I, Raptores / John Gould, Elizabeth Gould, Edward Lear, ill.</titraille>
          </ill>
        </ills>
      </page>
      <page ordre="39">
        <blocIll ocr="1">1</blocIll>
        <ills>
          <ill couleur="coul" h="768" n="39-1" taille="0" w="512" x="1" y="1">
            <contenuImg b="35" coul="1" g="67" ordre="6" r="101" source="colorific" type="frg">#654323</contenuImg>
            <contenuImg b="60" coul="1" g="105" ordre="5" r="150" source="colorific" type="frg">#96693c</contenuImg>
            <contenuImg b="9" coul="1" g="22" ordre="4" r="39" source="colorific" type="frg">#271609</contenuImg>
            <contenuImg b="30" coul="1" g="45" ordre="3" r="54" source="colorific" type="frg">#362d1e</contenuImg>
            <contenuImg b="86" coul="1" g="111" ordre="2" r="123" source="colorific" type="frg">#7b6f56</contenuImg>
            <contenuImg b="146" coul="1" g="178" ordre="1" r="191" source="colorific" type="frg">#bfb292</contenuImg>
            <contenuImg CS="1.0" lang="fr" source="md">vertébré</contenuImg>
            <contenuImg CS="1.0" lang="fr" source="md">oiseau</contenuImg>
            <contenuImg CS="1.0" lang="fr" source="md">animal</contenuImg>
            <tech source="final">estampe/gravure</tech>
            <theme source="final">13</theme>
            <tech CS="1" source="md">estampe/gravure</tech>
            <theme CS="1" source="md">13</theme>
            <contenuImg CS="1.0" lang="en" source="md">animal</contenuImg>
            <contenuImg CS="1.0" lang="en" source="md">bird</contenuImg>
            <contenuImg CS="1.0" lang="en" source="md">verterbrate</contenuImg>
            <leg>pl.39 : Long eared owl, Strix otus (Linn.) Otus vulgaris (Flem.)/Drawn from Nature and on Stone by John and Elizabeth Gould. Cote : D9965</leg>
            <titraille>Illustrations de The Birds of Europe, t. I, Raptores / John Gould, Elizabeth Gould, Edward Lear, ill.</titraille>
          </ill>
        </ills>
      </page>
      <page ordre="40">
        <blocIll ocr="1">1</blocIll>
        <ills>
          <ill couleur="coul" h="768" n="40-1" taille="0" w="512" x="1" y="1">
            <contenuImg b="0" coul="1" g="0" ordre="6" r="0" source="colorific" type="frg">#000000</contenuImg>
            <contenuImg b="17" coul="1" g="29" ordre="5" r="43" source="colorific" type="frg">#2b1d11</contenuImg>
            <contenuImg b="59" coul="1" g="108" ordre="4" r="156" source="colorific" type="frg">#9c6c3b</contenuImg>
            <contenuImg b="14" coul="1" g="34" ordre="3" r="64" source="colorific" type="frg">#40220e</contenuImg>
            <contenuImg b="57" coul="1" g="85" ordre="2" r="105" source="colorific" type="frg">#695539</contenuImg>
            <contenuImg b="140" coul="1" g="178" ordre="1" r="195" source="colorific" type="frg">#c3b28c</contenuImg>
            <contenuImg CS="1.0" lang="fr" source="md">vertébré</contenuImg>
            <contenuImg CS="1.0" lang="fr" source="md">oiseau</contenuImg>
            <contenuImg CS="1.0" lang="fr" source="md">animal</contenuImg>
            <tech source="final">estampe/gravure</tech>
            <theme source="final">13</theme>
            <tech CS="1" source="md">estampe/gravure</tech>
            <theme CS="1" source="md">13</theme>
            <contenuImg CS="1.0" lang="en" source="md">animal</contenuImg>
            <contenuImg CS="1.0" lang="en" source="md">bird</contenuImg>
            <contenuImg CS="1.0" lang="en" source="md">verterbrate</contenuImg>
            <leg>pl.40 : Short-eared owl, Strix brachyotos (Linn.) Otusbrachytos (Cuv.)/Drawn from Nature and on Stone by John and Elizabeth Gould. Cote : D9966</leg>
            <titraille>Illustrations de The Birds of Europe, t. I, Raptores / John Gould, Elizabeth Gould, Edward Lear, ill.</titraille>
          </ill>
        </ills>
      </page>
      <page ordre="41">
        <blocIll ocr="1">1</blocIll>
        <ills>
          <ill couleur="coul" h="768" n="41-1" taille="0" w="512" x="1" y="1">
            <contenuImg b="19" coul="1" g="30" ordre="4" r="41" source="colorific" type="frg">#291e13</contenuImg>
            <contenuImg b="142" coul="1" g="174" ordre="3" r="193" source="colorific" type="frg">#c1ae8e</contenuImg>
            <contenuImg b="36" coul="1" g="56" ordre="2" r="77" source="colorific" type="frg">#4d3824</contenuImg>
            <contenuImg b="81" coul="1" g="106" ordre="1" r="118" source="colorific" type="frg">#766a51</contenuImg>
            <contenuImg CS="1.0" lang="fr" source="md">vertébré</contenuImg>
            <contenuImg CS="1.0" lang="fr" source="md">oiseau</contenuImg>
            <contenuImg CS="1.0" lang="fr" source="md">animal</contenuImg>
            <tech source="final">estampe/gravure</tech>
            <theme source="final">13</theme>
            <tech CS="1" source="md">estampe/gravure</tech>
            <theme CS="1" source="md">13</theme>
            <contenuImg CS="1.0" lang="en" source="md">animal</contenuImg>
            <contenuImg CS="1.0" lang="en" source="md">bird</contenuImg>
            <contenuImg CS="1.0" lang="en" source="md">verterbrate</contenuImg>
            <leg>pl.41 : Scops-eared owl, Scops-Aldrovandi (Will. and Ray)/Drawn from Nature and on Stone by John and Elizabeth Gould.Cote : D9967</leg>
            <titraille>Illustrations de The Birds of Europe, t. I, Raptores / John Gould, Elizabeth Gould, Edward Lear, ill.</titraille>
          </ill>
        </ills>
      </page>
      <page ordre="42">
        <blocIll ocr="1">1</blocIll>
        <ills>
          <ill couleur="coul" h="768" n="42-1" taille="0" w="512" x="1" y="1">
            <contenuImg b="0" coul="1" g="0" ordre="4" r="0" source="colorific" type="frg">#000000</contenuImg>
            <contenuImg b="139" coul="1" g="163" ordre="3" r="179" source="colorific" type="frg">#b3a38b</contenuImg>
            <contenuImg b="23" coul="1" g="29" ordre="2" r="36" source="colorific" type="frg">#241d17</contenuImg>
            <contenuImg b="80" coul="1" g="89" ordre="1" r="100" source="colorific" type="frg">#645950</contenuImg>
            <contenuImg CS="1.0" lang="fr" source="md">vertébré</contenuImg>
            <contenuImg CS="1.0" lang="fr" source="md">oiseau</contenuImg>
            <contenuImg CS="1.0" lang="fr" source="md">animal</contenuImg>
            <tech source="final">estampe/gravure</tech>
            <theme source="final">13</theme>
            <tech CS="1" source="md">estampe/gravure</tech>
            <theme CS="1" source="md">13</theme>
            <contenuImg CS="1.0" lang="en" source="md">animal</contenuImg>
            <contenuImg CS="1.0" lang="en" source="md">bird</contenuImg>
            <contenuImg CS="1.0" lang="en" source="md">verterbrate</contenuImg>
            <leg>pl.42 : Great cinereous owl, Strix Lapponica (Retz). Strixcinerea (Gmel.)Sturnia cinerea/Edward Lear del. Cote :D9968</leg>
            <titraille>Illustrations de The Birds of Europe, t. I, Raptores / John Gould, Elizabeth Gould, Edward Lear, ill.</titraille>
          </ill>
        </ills>
      </page>
      <page ordre="43">
        <blocIll ocr="1">1</blocIll>
        <ills>
          <ill couleur="coul" h="768" n="43-1" taille="0" w="512" x="1" y="1">
            <contenuImg b="57" coul="1" g="88" ordre="5" r="118" source="colorific" type="frg">#765839</contenuImg>
            <contenuImg b="70" coul="1" g="81" ordre="4" r="88" source="colorific" type="frg">#585146</contenuImg>
            <contenuImg b="145" coul="1" g="176" ordre="3" r="193" source="colorific" type="frg">#c1b091</contenuImg>
            <contenuImg b="28" coul="1" g="37" ordre="2" r="43" source="colorific" type="frg">#2b251c</contenuImg>
            <contenuImg b="115" coul="1" g="129" ordre="1" r="132" source="colorific" type="frg">#848173</contenuImg>
            <contenuImg CS="1.0" lang="fr" source="md">vertébré</contenuImg>
            <contenuImg CS="1.0" lang="fr" source="md">oiseau</contenuImg>
            <contenuImg CS="1.0" lang="fr" source="md">animal</contenuImg>
            <tech source="final">estampe/gravure</tech>
            <theme source="final">13</theme>
            <tech CS="1" source="md">estampe/gravure</tech>
            <theme CS="1" source="md">13</theme>
            <contenuImg CS="1.0" lang="en" source="md">animal</contenuImg>
            <contenuImg CS="1.0" lang="en" source="md">bird</contenuImg>
            <contenuImg CS="1.0" lang="en" source="md">verterbrate</contenuImg>
            <leg>pl.43 : Snowy owl, Strix Nyetea (Linn.).Surnia Nyetea (Dum.)/Edward Lear del et lith. Cote : D9969</leg>
            <titraille>Illustrations de The Birds of Europe, t. I, Raptores / John Gould, Elizabeth Gould, Edward Lear, ill.</titraille>
          </ill>
        </ills>
      </page>
      <page ordre="44">
        <blocIll ocr="1">1</blocIll>
        <ills>
          <ill couleur="coul" h="768" n="44-1" taille="0" w="512" x="1" y="1">
            <contenuImg b="15" coul="1" g="24" ordre="4" r="34" source="colorific" type="frg">#22180f</contenuImg>
            <contenuImg b="32" coul="1" g="46" ordre="3" r="59" source="colorific" type="frg">#3b2e20</contenuImg>
            <contenuImg b="91" coul="1" g="108" ordre="2" r="117" source="colorific" type="frg">#756c5b</contenuImg>
            <contenuImg b="131" coul="1" g="160" ordre="1" r="176" source="colorific" type="frg">#b0a083</contenuImg>
            <contenuImg CS="1.0" lang="fr" source="md">vertébré</contenuImg>
            <contenuImg CS="1.0" lang="fr" source="md">oiseau</contenuImg>
            <contenuImg CS="1.0" lang="fr" source="md">animal</contenuImg>
            <tech source="final">estampe/gravure</tech>
            <theme source="final">13</theme>
            <tech CS="1" source="md">estampe/gravure</tech>
            <theme CS="1" source="md">13</theme>
            <contenuImg CS="1.0" lang="en" source="md">animal</contenuImg>
            <contenuImg CS="1.0" lang="en" source="md">bird</contenuImg>
            <contenuImg CS="1.0" lang="en" source="md">verterbrate</contenuImg>
            <leg>pl.44 : Ural owl, Surnia Uralensis/Drawn from Nature and on Stone by John and Elizabeth Gould. Cote : D9970</leg>
            <titraille>Illustrations de The Birds of Europe, t. I, Raptores / John Gould, Elizabeth Gould, Edward Lear, ill.</titraille>
          </ill>
        </ills>
      </page>
      <page ordre="45">
        <blocIll ocr="1">1</blocIll>
        <ills>
          <ill couleur="coul" h="768" n="45-1" taille="0" w="512" x="1" y="1">
            <contenuImg b="20" coul="1" g="32" ordre="3" r="42" source="colorific" type="frg">#2a2014</contenuImg>
            <contenuImg b="137" coul="1" g="167" ordre="2" r="182" source="colorific" type="frg">#b6a789</contenuImg>
            <contenuImg b="91" coul="1" g="105" ordre="1" r="111" source="colorific" type="frg">#6f695b</contenuImg>
            <contenuImg CS="1.0" lang="fr" source="md">vertébré</contenuImg>
            <contenuImg CS="1.0" lang="fr" source="md">oiseau</contenuImg>
            <contenuImg CS="1.0" lang="fr" source="md">animal</contenuImg>
            <tech source="final">estampe/gravure</tech>
            <theme source="final">13</theme>
            <tech CS="1" source="md">estampe/gravure</tech>
            <theme CS="1" source="md">13</theme>
            <contenuImg CS="1.0" lang="en" source="md">animal</contenuImg>
            <contenuImg CS="1.0" lang="en" source="md">bird</contenuImg>
            <contenuImg CS="1.0" lang="en" source="md">verterbrate</contenuImg>
            <leg>pl.45 : Hawk owl, Surnia funerea (Dumeril).Strix funerea(Gmel.)/Drawn from Nature and on Stone by John and Elizabeth Gould. Cote : D9971</leg>
            <titraille>Illustrations de The Birds of Europe, t. I, Raptores / John Gould, Elizabeth Gould, Edward Lear, ill.</titraille>
          </ill>
        </ills>
      </page>
      <page ordre="46">
        <blocIll ocr="1">1</blocIll>
        <ills>
          <ill couleur="coul" h="768" n="46-1" taille="0" w="512" x="1" y="1">
            <contenuImg b="24" coul="1" g="33" ordre="4" r="41" source="colorific" type="frg">#292118</contenuImg>
            <contenuImg b="46" coul="1" g="59" ordre="3" r="71" source="colorific" type="frg">#473b2e</contenuImg>
            <contenuImg b="166" coul="1" g="194" ordre="2" r="205" source="colorific" type="frg">#cdc2a6</contenuImg>
            <contenuImg b="103" coul="1" g="118" ordre="1" r="125" source="colorific" type="frg">#7d7667</contenuImg>
            <contenuImg CS="1.0" lang="fr" source="md">vertébré</contenuImg>
            <contenuImg CS="1.0" lang="fr" source="md">oiseau</contenuImg>
            <contenuImg CS="1.0" lang="fr" source="md">animal</contenuImg>
            <tech source="final">estampe/gravure</tech>
            <theme source="final">13</theme>
            <tech CS="1" source="md">estampe/gravure</tech>
            <theme CS="1" source="md">13</theme>
            <contenuImg CS="1.0" lang="en" source="md">animal</contenuImg>
            <contenuImg CS="1.0" lang="en" source="md">bird</contenuImg>
            <contenuImg CS="1.0" lang="en" source="md">verterbrate</contenuImg>
            <leg>pl.46 : Barred owl, Strix nebulosa (Linn.) Ulula nebulosa (Cuv.)/Edward Lear del and lith. Cote : D9972</leg>
            <titraille>Illustrations de The Birds of Europe, t. I, Raptores / John Gould, Elizabeth Gould, Edward Lear, ill.</titraille>
          </ill>
        </ills>
      </page>
      <page ordre="47">
        <blocIll ocr="1">1</blocIll>
        <ills>
          <ill couleur="coul" h="768" n="47-1" taille="0" w="512" x="1" y="1">
            <contenuImg b="8" coul="1" g="30" ordre="8" r="76" source="colorific" type="frg">#4c1e08</contenuImg>
            <contenuImg b="101" coul="1" g="151" ordre="7" r="188" source="colorific" type="frg">#bc9765</contenuImg>
            <contenuImg b="17" coul="1" g="24" ordre="6" r="35" source="colorific" type="frg">#231811</contenuImg>
            <contenuImg b="27" coul="1" g="57" ordre="5" r="97" source="colorific" type="frg">#61391b</contenuImg>
            <contenuImg b="40" coul="1" g="58" ordre="4" r="78" source="colorific" type="frg">#4e3a28</contenuImg>
            <contenuImg b="52" coul="1" g="99" ordre="3" r="156" source="colorific" type="frg">#9c6334</contenuImg>
            <contenuImg b="103" coul="1" g="121" ordre="2" r="124" source="colorific" type="frg">#7c7967</contenuImg>
            <contenuImg b="151" coul="1" g="178" ordre="1" r="189" source="colorific" type="frg">#bdb297</contenuImg>
            <contenuImg CS="1.0" lang="fr" source="md">vertébré</contenuImg>
            <contenuImg CS="1.0" lang="fr" source="md">oiseau</contenuImg>
            <contenuImg CS="1.0" lang="fr" source="md">animal</contenuImg>
            <tech source="final">estampe/gravure</tech>
            <theme source="final">13</theme>
            <tech CS="1" source="md">estampe/gravure</tech>
            <theme CS="1" source="md">13</theme>
            <contenuImg CS="1.0" lang="en" source="md">animal</contenuImg>
            <contenuImg CS="1.0" lang="en" source="md">bird</contenuImg>
            <contenuImg CS="1.0" lang="en" source="md">verterbrate</contenuImg>
            <leg>pl.47 : Tawny or Wood owl, Strix aluco (Linn.). Stunia aluco (Dum.)/Drawn from Life and on Stone by John and Elizabeth Gould. Cote : D9973</leg>
            <titraille>Illustrations de The Birds of Europe, t. I, Raptores / John Gould, Elizabeth Gould, Edward Lear, ill.</titraille>
          </ill>
        </ills>
      </page>
      <page ordre="48">
        <blocIll ocr="1">1</blocIll>
        <ills>
          <ill couleur="coul" h="768" n="48-1" taille="0" w="512" x="1" y="1">
            <contenuImg b="18" coul="1" g="25" ordre="4" r="32" source="colorific" type="frg">#201912</contenuImg>
            <contenuImg b="145" coul="1" g="172" ordre="3" r="185" source="colorific" type="frg">#b9ac91</contenuImg>
            <contenuImg b="48" coul="1" g="59" ordre="2" r="67" source="colorific" type="frg">#433b30</contenuImg>
            <contenuImg b="97" coul="1" g="114" ordre="1" r="117" source="colorific" type="frg">#757261</contenuImg>
            <contenuImg CS="1.0" lang="fr" source="md">vertébré</contenuImg>
            <contenuImg CS="1.0" lang="fr" source="md">oiseau</contenuImg>
            <contenuImg CS="1.0" lang="fr" source="md">animal</contenuImg>
            <tech source="final">estampe/gravure</tech>
            <theme source="final">13</theme>
            <tech CS="1" source="md">estampe/gravure</tech>
            <theme CS="1" source="md">13</theme>
            <contenuImg CS="1.0" lang="en" source="md">animal</contenuImg>
            <contenuImg CS="1.0" lang="en" source="md">bird</contenuImg>
            <contenuImg CS="1.0" lang="en" source="md">verterbrate</contenuImg>
            <leg>pl.48 : Little owl, Strix nudipes (Nilsson). Noctua nudipes (Mihi)/Edward Lear del et lith. Cote : D9974</leg>
            <titraille>Illustrations de The Birds of Europe, t. I, Raptores / John Gould, Elizabeth Gould, Edward Lear, ill.</titraille>
          </ill>
        </ills>
      </page>
      <page ordre="49">
        <blocIll ocr="1">1</blocIll>
        <ills>
          <ill couleur="coul" h="768" n="49-1" taille="0" w="512" x="1" y="1">
            <contenuImg b="21" coul="1" g="33" ordre="3" r="51" source="colorific" type="frg">#332115</contenuImg>
            <contenuImg b="59" coul="1" g="82" ordre="2" r="105" source="colorific" type="frg">#69523b</contenuImg>
            <contenuImg b="127" coul="1" g="146" ordre="1" r="162" source="colorific" type="frg">#a2927f</contenuImg>
            <contenuImg CS="1.0" lang="fr" source="md">vertébré</contenuImg>
            <contenuImg CS="1.0" lang="fr" source="md">oiseau</contenuImg>
            <contenuImg CS="1.0" lang="fr" source="md">animal</contenuImg>
            <tech source="final">estampe/gravure</tech>
            <theme source="final">13</theme>
            <tech CS="1" source="md">estampe/gravure</tech>
            <theme CS="1" source="md">13</theme>
            <contenuImg CS="1.0" lang="en" source="md">animal</contenuImg>
            <contenuImg CS="1.0" lang="en" source="md">bird</contenuImg>
            <contenuImg CS="1.0" lang="en" source="md">verterbrate</contenuImg>
            <leg>pl.49 : Tengmalm_s owl, Strix Tenmalmi (Gmel.) Noctua Tengmalmi (Selb.)/Edward Lear del et lith. Cote : D9975</leg>
            <titraille>Illustrations de The Birds of Europe, t. I, Raptores / John Gould, Elizabeth Gould, Edward Lear, ill.</titraille>
          </ill>
        </ills>
      </page>
      <page ordre="50">
        <blocIll ocr="1">1</blocIll>
        <ills>
          <ill couleur="coul" h="768" n="50-1" taille="0" w="512" x="1" y="1">
            <contenuImg b="31" coul="1" g="42" ordre="3" r="59" source="colorific" type="frg">#3b2a1f</contenuImg>
            <contenuImg b="158" coul="1" g="183" ordre="2" r="198" source="colorific" type="frg">#c6b79e</contenuImg>
            <contenuImg b="97" coul="1" g="113" ordre="1" r="129" source="colorific" type="frg">#817161</contenuImg>
            <contenuImg CS="1.0" lang="fr" source="md">vertébré</contenuImg>
            <contenuImg CS="1.0" lang="fr" source="md">oiseau</contenuImg>
            <contenuImg CS="1.0" lang="fr" source="md">animal</contenuImg>
            <tech source="final">estampe/gravure</tech>
            <theme source="final">13</theme>
            <tech CS="1" source="md">estampe/gravure</tech>
            <theme CS="1" source="md">13</theme>
            <contenuImg CS="1.0" lang="en" source="md">animal</contenuImg>
            <contenuImg CS="1.0" lang="en" source="md">bird</contenuImg>
            <contenuImg CS="1.0" lang="en" source="md">verterbrate</contenuImg>
            <leg>pl.50 : Sparrow owl, Strix passerina (Linn.). Noctua passerina (Mihi)/Drawn from Life and on Stone by John and Elizabeth Gould. Cote : D9976</leg>
            <titraille>Illustrations de The Birds of Europe, t. I, Raptores / John Gould, Elizabeth Gould, Edward Lear, ill.</titraille>
          </ill>
        </ills>
      </page>
    </pages>
  </contenus>
</analyseAlto>