<analyseAlto>
  <metad>
    <type>A</type>
    <ID>btv1b10548860j</ID>
    <titre>Oiseaux : peinture / Yoeequa Painter</titre>
    <dateEdition>1830-1840</dateEdition>
    <auteur>Yoeequa (18..?-18..). Peintre Lagrené, Marie-Melchior-Joseph-Théodore de (1800-1862). Collecteur</auteur>
    <lang>0</lang>
    <source>Bibliothèque nationale de France, département Estampes et photographie, RESERVE PET FOL-OE-155</source>
    <nbPage>16</nbPage>
    <descr>Oiseaux -- Chine</descr>
  </metad>
  <contenus ocr="false" toc="false">
    <largeur>221</largeur>
    <hauteur>171</hauteur>
    <largeurPx>5223</largeurPx>
    <hauteurPx>4057</hauteurPx>
    <pages>
      <page ordre="3">
        <blocIll ocr="1">0</blocIll>
        <ills/>
      </page>
      <page ordre="4">
        <blocIll ocr="1">0</blocIll>
        <ills/>
      </page>
      <page ordre="5">
        <blocIll ocr="1">0</blocIll>
        <ills/>
      </page>
      <page ordre="6">
        <blocIll ocr="1">0</blocIll>
        <ills/>
      </page>
      <page ordre="7">
        <blocIll ocr="1">1</blocIll>
        <ills>
          <ill couleur="coul" h="3988" n="7-1" taille="9" w="5145" x="1" y="1">
            <contenuImg b="59" coul="1" g="67" ordre="5" r="70" source="colorific" type="frg">#46433b</contenuImg>
            <contenuImg b="50" coul="1" g="49" ordre="4" r="73" source="colorific" type="frg">#493132</contenuImg>
            <contenuImg b="152" coul="1" g="156" ordre="3" r="147" source="colorific" type="frg">#939c98</contenuImg>
            <contenuImg b="90" coul="1" g="109" ordre="2" r="111" source="colorific" type="frg">#6f6d5a</contenuImg>
            <contenuImg b="191" coul="1" g="184" ordre="1" r="160" source="colorific" type="frg">#a0b8bf</contenuImg>
            <contenuImg CS="1.0" lang="fr" source="md">vertébré</contenuImg>
            <contenuImg CS="1.0" lang="fr" source="md">oiseau</contenuImg>
            <contenuImg CS="1.0" lang="fr" source="md">animal</contenuImg>
            <tech source="final">dessin</tech>
            <theme source="final">13</theme>
            <tech CS="1" source="md">dessin</tech>
            <theme CS="1" source="md">13</theme>
            <contenuImg CS="1.0" lang="en" source="md">animal</contenuImg>
            <contenuImg CS="1.0" lang="en" source="md">bird</contenuImg>
            <contenuImg CS="1.0" lang="en" source="md">verterbrate</contenuImg>
            <titraille>Oiseaux : peinture / Yoeequa Painter</titraille>
          </ill>
        </ills>
      </page>
      <page ordre="8">
        <blocIll ocr="1">1</blocIll>
        <ills>
          <ill couleur="coul" edit="1" h="3977" n="8-1" taille="9" w="5156" x="1" y="1">
            <contenuImg b="116" coul="1" g="140" ordre="9" r="133" source="colorific" type="frg">#858c74</contenuImg>
            <contenuImg b="76" coul="1" g="87" ordre="8" r="117" source="colorific" type="frg">#75574c</contenuImg>
            <contenuImg b="60" coul="1" g="64" ordre="7" r="70" source="colorific" type="frg">#46403c</contenuImg>
            <contenuImg b="104" coul="1" g="107" ordre="6" r="101" source="colorific" type="frg">#656b68</contenuImg>
            <contenuImg b="127" coul="1" g="143" ordre="5" r="160" source="colorific" type="frg">#a08f7f</contenuImg>
            <contenuImg b="68" coul="1" g="114" ordre="4" r="109" source="colorific" type="frg">#6d7244</contenuImg>
            <contenuImg b="177" coul="1" g="185" ordre="3" r="182" source="colorific" type="frg">#b6b9b1</contenuImg>
            <contenuImg b="175" coul="1" g="200" ordre="2" r="208" source="colorific" type="frg">#d0c8af</contenuImg>
            <contenuImg b="155" coul="1" g="144" ordre="1" r="132" source="colorific" type="frg">#84909b</contenuImg>
            <contenuImg CS="1" coul="1" lang="fr" source="hm" time="2019-05-01T18:03:31.34+02:00">bleu</contenuImg>
            <contenuImg CS="1.0" lang="fr" source="md">vertébré</contenuImg>
            <contenuImg CS="1.0" lang="fr" source="md">oiseau</contenuImg>
            <contenuImg CS="1.0" lang="fr" source="md">animal</contenuImg>
            <txt source="google">"Hokou - ",</txt>
            <tech source="final">dessin</tech>
            <theme source="final">13</theme>
            <tech CS="1" source="md">dessin</tech>
            <theme CS="1" source="md">13</theme>
            <contenuImg CS="1.0" lang="en" source="md">animal</contenuImg>
            <contenuImg CS="1.0" lang="en" source="md">bird</contenuImg>
            <contenuImg CS="1.0" lang="en" source="md">verterbrate</contenuImg>
            <titraille>Oiseaux : peinture / Yoeequa Painter</titraille>
            <contenuImg CS="1" coul="1" lang="en" source="hm" time="2019-05-01T18:03:31.34+02:00">blue color</contenuImg>
          </ill>
        </ills>
      </page>
      <page ordre="9">
        <blocIll ocr="1">1</blocIll>
        <ills>
          <ill couleur="coul" h="3979" n="9-1" taille="9" w="5142" x="1" y="1">
            <contenuImg b="124" coul="1" g="136" ordre="5" r="129" source="colorific" type="frg">#81887c</contenuImg>
            <contenuImg b="57" coul="1" g="63" ordre="4" r="109" source="colorific" type="frg">#6d3f39</contenuImg>
            <contenuImg b="67" coul="1" g="81" ordre="3" r="99" source="colorific" type="frg">#635143</contenuImg>
            <contenuImg b="107" coul="1" g="125" ordre="2" r="141" source="colorific" type="frg">#8d7d6b</contenuImg>
            <contenuImg b="157" coul="1" g="151" ordre="1" r="135" source="colorific" type="frg">#87979d</contenuImg>
            <contenuImg CS="1.0" lang="fr" source="md">vertébré</contenuImg>
            <contenuImg CS="1.0" lang="fr" source="md">oiseau</contenuImg>
            <contenuImg CS="1.0" lang="fr" source="md">animal</contenuImg>
            <txt source="google">"the - Mei. Hona Tchule - ",</txt>
            <tech source="final">dessin</tech>
            <theme source="final">13</theme>
            <tech CS="1" source="md">dessin</tech>
            <theme CS="1" source="md">13</theme>
            <contenuImg CS="1.0" lang="en" source="md">animal</contenuImg>
            <contenuImg CS="1.0" lang="en" source="md">bird</contenuImg>
            <contenuImg CS="1.0" lang="en" source="md">verterbrate</contenuImg>
            <titraille>Oiseaux : peinture / Yoeequa Painter</titraille>
          </ill>
        </ills>
      </page>
      <page ordre="10">
        <blocIll ocr="1">1</blocIll>
        <ills>
          <ill couleur="coul" h="3974" n="10-1" taille="9" w="5135" x="1" y="1">
            <contenuImg b="147" coul="1" g="154" ordre="8" r="150" source="colorific" type="frg">#969a93</contenuImg>
            <contenuImg b="82" coul="1" g="96" ordre="7" r="113" source="colorific" type="frg">#716052</contenuImg>
            <contenuImg b="121" coul="1" g="136" ordre="6" r="168" source="colorific" type="frg">#a88879</contenuImg>
            <contenuImg b="59" coul="1" g="57" ordre="5" r="58" source="colorific" type="frg">#3a393b</contenuImg>
            <contenuImg b="81" coul="1" g="95" ordre="4" r="91" source="colorific" type="frg">#5b5f51</contenuImg>
            <contenuImg b="122" coul="1" g="151" ordre="3" r="151" source="colorific" type="frg">#97977a</contenuImg>
            <contenuImg b="162" coul="1" g="156" ordre="2" r="138" source="colorific" type="frg">#8a9ca2</contenuImg>
            <contenuImg b="189" coul="1" g="207" ordre="1" r="213" source="colorific" type="frg">#d5cfbd</contenuImg>
            <contenuImg CS="1.0" lang="fr" source="md">vertébré</contenuImg>
            <contenuImg CS="1.0" lang="fr" source="md">oiseau</contenuImg>
            <contenuImg CS="1.0" lang="fr" source="md">animal</contenuImg>
            <txt source="google">"z - Tao Louo ki - ",</txt>
            <tech source="final">dessin</tech>
            <theme source="final">13</theme>
            <tech CS="1" source="md">dessin</tech>
            <theme CS="1" source="md">13</theme>
            <contenuImg CS="1.0" lang="en" source="md">animal</contenuImg>
            <contenuImg CS="1.0" lang="en" source="md">bird</contenuImg>
            <contenuImg CS="1.0" lang="en" source="md">verterbrate</contenuImg>
            <titraille>Oiseaux : peinture / Yoeequa Painter</titraille>
          </ill>
        </ills>
      </page>
      <page ordre="11">
        <blocIll ocr="1">1</blocIll>
        <ills>
          <ill couleur="coul" h="3979" n="11-1" taille="9" w="5154" x="1" y="1">
            <contenuImg b="79" coul="1" g="74" ordre="8" r="62" source="colorific" type="frg">#3e4a4f</contenuImg>
            <contenuImg b="59" coul="1" g="49" ordre="7" r="54" source="colorific" type="frg">#36313b</contenuImg>
            <contenuImg b="46" coul="1" g="44" ordre="6" r="102" source="colorific" type="frg">#662c2e</contenuImg>
            <contenuImg b="77" coul="1" g="93" ordre="5" r="82" source="colorific" type="frg">#525d4d</contenuImg>
            <contenuImg b="101" coul="1" g="124" ordre="4" r="132" source="colorific" type="frg">#847c65</contenuImg>
            <contenuImg b="63" coul="1" g="78" ordre="3" r="99" source="colorific" type="frg">#634e3f</contenuImg>
            <contenuImg b="167" coul="1" g="165" ordre="2" r="150" source="colorific" type="frg">#96a5a7</contenuImg>
            <contenuImg b="190" coul="1" g="207" ordre="1" r="213" source="colorific" type="frg">#d5cfbe</contenuImg>
            <contenuImg CS="1.0" lang="fr" source="md">vertébré</contenuImg>
            <contenuImg CS="1.0" lang="fr" source="md">oiseau</contenuImg>
            <contenuImg CS="1.0" lang="fr" source="md">animal</contenuImg>
            <tech source="final">dessin</tech>
            <theme source="final">13</theme>
            <tech CS="1" source="md">dessin</tech>
            <theme CS="1" source="md">13</theme>
            <contenuImg CS="1.0" lang="en" source="md">animal</contenuImg>
            <contenuImg CS="1.0" lang="en" source="md">bird</contenuImg>
            <contenuImg CS="1.0" lang="en" source="md">verterbrate</contenuImg>
            <titraille>Oiseaux : peinture / Yoeequa Painter</titraille>
          </ill>
        </ills>
      </page>
      <page ordre="12">
        <blocIll ocr="1">1</blocIll>
        <ills>
          <ill couleur="coul" h="3974" n="12-1" taille="9" w="5141" x="1" y="1">
            <contenuImg b="117" coul="1" g="127" ordre="10" r="169" source="colorific" type="frg">#a97f75</contenuImg>
            <contenuImg b="56" coul="1" g="58" ordre="9" r="111" source="colorific" type="frg">#6f3a38</contenuImg>
            <contenuImg b="47" coul="1" g="46" ordre="8" r="66" source="colorific" type="frg">#422e2f</contenuImg>
            <contenuImg b="58" coul="1" g="49" ordre="7" r="50" source="colorific" type="frg">#32313a</contenuImg>
            <contenuImg b="105" coul="1" g="113" ordre="6" r="96" source="colorific" type="frg">#607169</contenuImg>
            <contenuImg b="60" coul="1" g="76" ordre="5" r="71" source="colorific" type="frg">#474c3c</contenuImg>
            <contenuImg b="108" coul="1" g="126" ordre="4" r="145" source="colorific" type="frg">#917e6c</contenuImg>
            <contenuImg b="76" coul="1" g="115" ordre="3" r="110" source="colorific" type="frg">#6e734c</contenuImg>
            <contenuImg b="179" coul="1" g="173" ordre="2" r="154" source="colorific" type="frg">#9aadb3</contenuImg>
            <contenuImg b="186" coul="1" g="202" ordre="1" r="207" source="colorific" type="frg">#cfcaba</contenuImg>
            <contenuImg CS="1.0" lang="fr" source="md">vertébré</contenuImg>
            <contenuImg CS="1.0" lang="fr" source="md">oiseau</contenuImg>
            <contenuImg CS="1.0" lang="fr" source="md">animal</contenuImg>
            <txt source="google">"* - * - Ta Ts'ai Tehue - ",</txt>
            <tech source="final">dessin</tech>
            <theme source="final">13</theme>
            <tech CS="1" source="md">dessin</tech>
            <theme CS="1" source="md">13</theme>
            <contenuImg CS="1.0" lang="en" source="md">animal</contenuImg>
            <contenuImg CS="1.0" lang="en" source="md">bird</contenuImg>
            <contenuImg CS="1.0" lang="en" source="md">verterbrate</contenuImg>
            <titraille>Oiseaux : peinture / Yoeequa Painter</titraille>
          </ill>
        </ills>
      </page>
      <page ordre="13">
        <blocIll ocr="1">0</blocIll>
        <ills/>
      </page>
      <page ordre="14">
        <blocIll ocr="1">0</blocIll>
        <ills/>
      </page>
    </pages>
  </contenus>
</analyseAlto>