<analyseAlto>
  <metad>
    <type>A</type>
    <ID>btv1b10548839b</ID>
    <titre>Oiseaux : peinture / Li Youen Kien</titre>
    <dateEdition>17..-18..</dateEdition>
    <auteur>Lagrené, Marie-Melchior-Joseph-Théodore de (1800-1862). Collecteur</auteur>
    <lang>0</lang>
    <source>Bibliothèque nationale de France, département Estampes et photographie, RESERVE PET FOL-OE-158</source>
    <nbPage>26</nbPage>
    <descr>Oiseaux -- Chine</descr>
  </metad>
  <contenus ocr="false" toc="false">
    <largeur>238</largeur>
    <hauteur>291</hauteur>
    <largeurPx>5631</largeurPx>
    <hauteurPx>6888</hauteurPx>
    <pages>
      <page ordre="7">
        <blocIll ocr="1">0</blocIll>
        <ills/>
      </page>
      <page ordre="8">
        <blocIll ocr="1">1</blocIll>
        <ills>
          <ill couleur="coul" edit="true" h="6749" n="8-1" rotation="90" taille="17" w="5358" x="1" y="1">
            <contenuImg b="58" coul="1" g="62" ordre="5" r="120" source="colorific" type="frg">#783e3a</contenuImg>
            <contenuImg b="57" coul="1" g="64" ordre="4" r="70" source="colorific" type="frg">#464039</contenuImg>
            <contenuImg b="63" coul="1" g="86" ordre="3" r="106" source="colorific" type="frg">#6a563f</contenuImg>
            <contenuImg b="97" coul="1" g="115" ordre="2" r="165" source="colorific" type="frg">#a57361</contenuImg>
            <contenuImg b="178" coul="1" g="204" ordre="1" r="211" source="colorific" type="frg">#d3ccb2</contenuImg>
            <contenuImg CS="1.0" lang="fr" source="md">vertébré</contenuImg>
            <contenuImg CS="1.0" lang="fr" source="md">oiseau</contenuImg>
            <contenuImg CS="1.0" lang="fr" source="md">animal</contenuImg>
            <tech source="final">dessin</tech>
            <theme source="final">13</theme>
            <tech CS="1" source="md">dessin</tech>
            <theme CS="1" source="md">13</theme>
            <contenuImg CS="1.0" lang="en" source="md">animal</contenuImg>
            <contenuImg CS="1.0" lang="en" source="md">bird</contenuImg>
            <contenuImg CS="1.0" lang="en" source="md">verterbrate</contenuImg>
            <titraille>Oiseaux : peinture / Li Youen Kien</titraille>
          </ill>
        </ills>
      </page>
      <page ordre="9">
        <blocIll ocr="1">1</blocIll>
        <ills>
          <ill couleur="coul" edit="true" h="6739" n="9-1" rotation="90" taille="17" w="5329" x="1" y="1">
            <contenuImg b="57" coul="1" g="76" ordre="5" r="113" source="colorific" type="frg">#714c39</contenuImg>
            <contenuImg b="54" coul="1" g="64" ordre="4" r="74" source="colorific" type="frg">#4a4036</contenuImg>
            <contenuImg b="100" coul="1" g="124" ordre="3" r="170" source="colorific" type="frg">#aa7c64</contenuImg>
            <contenuImg b="60" coul="1" g="85" ordre="2" r="99" source="colorific" type="frg">#63553c</contenuImg>
            <contenuImg b="190" coul="1" g="209" ordre="1" r="217" source="colorific" type="frg">#d9d1be</contenuImg>
            <contenuImg CS="1.0" lang="fr" source="md">vertébré</contenuImg>
            <contenuImg CS="1.0" lang="fr" source="md">oiseau</contenuImg>
            <contenuImg CS="1.0" lang="fr" source="md">animal</contenuImg>
            <tech source="final">dessin</tech>
            <theme source="final">13</theme>
            <tech CS="1" source="md">dessin</tech>
            <theme CS="1" source="md">13</theme>
            <contenuImg CS="1.0" lang="en" source="md">animal</contenuImg>
            <contenuImg CS="1.0" lang="en" source="md">bird</contenuImg>
            <contenuImg CS="1.0" lang="en" source="md">verterbrate</contenuImg>
            <titraille>Oiseaux : peinture / Li Youen Kien</titraille>
          </ill>
        </ills>
      </page>
      <page ordre="10">
        <blocIll ocr="1">1</blocIll>
        <ills>
          <ill couleur="coul" edit="true" h="6755" n="10-1" rotation="90" taille="17" w="5349" x="1" y="1">
            <contenuImg b="55" coul="1" g="70" ordre="5" r="99" source="colorific" type="frg">#634637</contenuImg>
            <contenuImg b="88" coul="1" g="111" ordre="4" r="153" source="colorific" type="frg">#996f58</contenuImg>
            <contenuImg b="60" coul="1" g="76" ordre="3" r="81" source="colorific" type="frg">#514c3c</contenuImg>
            <contenuImg b="76" coul="1" g="111" ordre="2" r="117" source="colorific" type="frg">#756f4c</contenuImg>
            <contenuImg b="192" coul="1" g="211" ordre="1" r="219" source="colorific" type="frg">#dbd3c0</contenuImg>
            <contenuImg CS="1.0" lang="fr" source="md">vertébré</contenuImg>
            <contenuImg CS="1.0" lang="fr" source="md">oiseau</contenuImg>
            <contenuImg CS="1.0" lang="fr" source="md">animal</contenuImg>
            <tech source="final">dessin</tech>
            <theme source="final">13</theme>
            <tech CS="1" source="md">dessin</tech>
            <theme CS="1" source="md">13</theme>
            <contenuImg CS="1.0" lang="en" source="md">animal</contenuImg>
            <contenuImg CS="1.0" lang="en" source="md">bird</contenuImg>
            <contenuImg CS="1.0" lang="en" source="md">verterbrate</contenuImg>
            <titraille>Oiseaux : peinture / Li Youen Kien</titraille>
          </ill>
        </ills>
      </page>
      <page ordre="11">
        <blocIll ocr="1">0</blocIll>
        <ills/>
      </page>
      <page ordre="12">
        <blocIll ocr="1">1</blocIll>
        <ills>
          <ill couleur="coul" edit="true" h="6761" n="12-1" rotation="90" taille="17" w="5346" x="1" y="1">
            <contenuImg b="60" coul="1" g="77" ordre="5" r="110" source="colorific" type="frg">#6e4d3c</contenuImg>
            <contenuImg b="116" coul="1" g="127" ordre="4" r="175" source="colorific" type="frg">#af7f74</contenuImg>
            <contenuImg b="119" coul="1" g="141" ordre="3" r="179" source="colorific" type="frg">#b38d77</contenuImg>
            <contenuImg b="60" coul="1" g="82" ordre="2" r="97" source="colorific" type="frg">#61523c</contenuImg>
            <contenuImg b="189" coul="1" g="208" ordre="1" r="216" source="colorific" type="frg">#d8d0bd</contenuImg>
            <contenuImg CS="1" coul="1" lang="fr" source="hm" time="2019-05-01T17:59:11.264+02:00">rose</contenuImg>
            <contenuImg CS="1.0" lang="fr" source="md">vertébré</contenuImg>
            <contenuImg CS="1.0" lang="fr" source="md">oiseau</contenuImg>
            <contenuImg CS="1.0" lang="fr" source="md">animal</contenuImg>
            <tech source="final">dessin</tech>
            <theme source="final">13</theme>
            <tech CS="1" source="md">dessin</tech>
            <theme CS="1" source="md">13</theme>
            <contenuImg CS="1.0" lang="en" source="md">animal</contenuImg>
            <contenuImg CS="1.0" lang="en" source="md">bird</contenuImg>
            <contenuImg CS="1.0" lang="en" source="md">verterbrate</contenuImg>
            <titraille>Oiseaux : peinture / Li Youen Kien</titraille>
            <contenuImg CS="1" coul="1" lang="en" source="hm" time="2019-05-01T17:59:11.264+02:00">pink color</contenuImg>
          </ill>
        </ills>
      </page>
      <page ordre="13">
        <blocIll ocr="1">1</blocIll>
        <ills>
          <ill couleur="coul" edit="true" h="6739" n="13-1" rotation="90" taille="17" w="5302" x="1" y="1">
            <contenuImg b="79" coul="1" g="83" ordre="4" r="131" source="colorific" type="frg">#83534f</contenuImg>
            <contenuImg b="92" coul="1" g="109" ordre="3" r="151" source="colorific" type="frg">#976d5c</contenuImg>
            <contenuImg b="60" coul="1" g="81" ordre="2" r="97" source="colorific" type="frg">#61513c</contenuImg>
            <contenuImg b="189" coul="1" g="208" ordre="1" r="216" source="colorific" type="frg">#d8d0bd</contenuImg>
            <contenuImg CS="1.0" lang="fr" source="md">vertébré</contenuImg>
            <contenuImg CS="1.0" lang="fr" source="md">oiseau</contenuImg>
            <contenuImg CS="1.0" lang="fr" source="md">animal</contenuImg>
            <tech source="final">dessin</tech>
            <theme source="final">13</theme>
            <tech CS="1" source="md">dessin</tech>
            <theme CS="1" source="md">13</theme>
            <contenuImg CS="1.0" lang="en" source="md">animal</contenuImg>
            <contenuImg CS="1.0" lang="en" source="md">bird</contenuImg>
            <contenuImg CS="1.0" lang="en" source="md">verterbrate</contenuImg>
            <titraille>Oiseaux : peinture / Li Youen Kien</titraille>
          </ill>
        </ills>
      </page>
      <page ordre="14">
        <blocIll ocr="1">1</blocIll>
        <ills>
          <ill couleur="coul" edit="true" h="6770" n="14-1" rotation="90" taille="17" w="5292" x="1" y="1">
            <contenuImg b="49" coul="1" g="68" ordre="5" r="96" source="colorific" type="frg">#604431</contenuImg>
            <contenuImg b="79" coul="1" g="92" ordre="4" r="145" source="colorific" type="frg">#915c4f</contenuImg>
            <contenuImg b="113" coul="1" g="135" ordre="3" r="177" source="colorific" type="frg">#b18771</contenuImg>
            <contenuImg b="63" coul="1" g="91" ordre="2" r="110" source="colorific" type="frg">#6e5b3f</contenuImg>
            <contenuImg b="189" coul="1" g="208" ordre="1" r="216" source="colorific" type="frg">#d8d0bd</contenuImg>
            <contenuImg CS="1.0" lang="fr" source="md">vertébré</contenuImg>
            <contenuImg CS="1.0" lang="fr" source="md">oiseau</contenuImg>
            <contenuImg CS="1.0" lang="fr" source="md">animal</contenuImg>
            <tech source="final">dessin</tech>
            <theme source="final">13</theme>
            <tech CS="1" source="md">dessin</tech>
            <theme CS="1" source="md">13</theme>
            <contenuImg CS="1.0" lang="en" source="md">animal</contenuImg>
            <contenuImg CS="1.0" lang="en" source="md">bird</contenuImg>
            <contenuImg CS="1.0" lang="en" source="md">verterbrate</contenuImg>
            <titraille>Oiseaux : peinture / Li Youen Kien</titraille>
          </ill>
        </ills>
      </page>
      <page ordre="15">
        <blocIll ocr="1">1</blocIll>
        <ills>
          <ill couleur="coul" edit="true" h="6769" n="15-1" rotation="90" taille="17" w="5293" x="1" y="1">
            <contenuImg b="70" coul="1" g="90" ordre="6" r="121" source="colorific" type="frg">#795a46</contenuImg>
            <contenuImg b="67" coul="1" g="78" ordre="5" r="82" source="colorific" type="frg">#524e43</contenuImg>
            <contenuImg b="98" coul="1" g="108" ordre="4" r="164" source="colorific" type="frg">#a46c62</contenuImg>
            <contenuImg b="113" coul="1" g="135" ordre="3" r="178" source="colorific" type="frg">#b28771</contenuImg>
            <contenuImg b="65" coul="1" g="99" ordre="2" r="111" source="colorific" type="frg">#6f6341</contenuImg>
            <contenuImg b="176" coul="1" g="201" ordre="1" r="211" source="colorific" type="frg">#d3c9b0</contenuImg>
            <contenuImg CS="1.0" lang="fr" source="md">vertébré</contenuImg>
            <contenuImg CS="1.0" lang="fr" source="md">oiseau</contenuImg>
            <contenuImg CS="1.0" lang="fr" source="md">animal</contenuImg>
            <tech source="final">dessin</tech>
            <theme source="final">13</theme>
            <tech CS="1" source="md">dessin</tech>
            <theme CS="1" source="md">13</theme>
            <contenuImg CS="1.0" lang="en" source="md">animal</contenuImg>
            <contenuImg CS="1.0" lang="en" source="md">bird</contenuImg>
            <contenuImg CS="1.0" lang="en" source="md">verterbrate</contenuImg>
            <titraille>Oiseaux : peinture / Li Youen Kien</titraille>
          </ill>
        </ills>
      </page>
      <page ordre="16">
        <blocIll ocr="1">1</blocIll>
        <ills>
          <ill couleur="coul" edit="true" h="6770" n="16-1" rotation="90" taille="17" w="5283" x="1" y="1">
            <contenuImg b="59" coul="1" g="73" ordre="4" r="80" source="colorific" type="frg">#50493b</contenuImg>
            <contenuImg b="75" coul="1" g="102" ordre="3" r="139" source="colorific" type="frg">#8b664b</contenuImg>
            <contenuImg b="77" coul="1" g="103" ordre="2" r="119" source="colorific" type="frg">#77674d</contenuImg>
            <contenuImg b="189" coul="1" g="208" ordre="1" r="216" source="colorific" type="frg">#d8d0bd</contenuImg>
            <contenuImg CS="1.0" lang="fr" source="md">vertébré</contenuImg>
            <contenuImg CS="1.0" lang="fr" source="md">oiseau</contenuImg>
            <contenuImg CS="1.0" lang="fr" source="md">animal</contenuImg>
            <tech source="final">dessin</tech>
            <theme source="final">13</theme>
            <tech CS="1" source="md">dessin</tech>
            <theme CS="1" source="md">13</theme>
            <contenuImg CS="1.0" lang="en" source="md">animal</contenuImg>
            <contenuImg CS="1.0" lang="en" source="md">bird</contenuImg>
            <contenuImg CS="1.0" lang="en" source="md">verterbrate</contenuImg>
            <titraille>Oiseaux : peinture / Li Youen Kien</titraille>
          </ill>
        </ills>
      </page>
      <page ordre="17">
        <blocIll ocr="1">1</blocIll>
        <ills>
          <ill couleur="coul" edit="true" h="6757" n="17-1" rotation="90" taille="17" w="5281" x="1" y="1">
            <contenuImg b="94" coul="1" g="119" ordre="4" r="164" source="colorific" type="frg">#a4775e</contenuImg>
            <contenuImg b="57" coul="1" g="71" ordre="3" r="83" source="colorific" type="frg">#534739</contenuImg>
            <contenuImg b="81" coul="1" g="108" ordre="2" r="119" source="colorific" type="frg">#776c51</contenuImg>
            <contenuImg b="190" coul="1" g="208" ordre="1" r="215" source="colorific" type="frg">#d7d0be</contenuImg>
            <contenuImg CS="1.0" lang="fr" source="md">vertébré</contenuImg>
            <contenuImg CS="1.0" lang="fr" source="md">oiseau</contenuImg>
            <contenuImg CS="1.0" lang="fr" source="md">animal</contenuImg>
            <tech source="final">dessin</tech>
            <theme source="final">13</theme>
            <tech CS="1" source="md">dessin</tech>
            <theme CS="1" source="md">13</theme>
            <contenuImg CS="1.0" lang="en" source="md">animal</contenuImg>
            <contenuImg CS="1.0" lang="en" source="md">bird</contenuImg>
            <contenuImg CS="1.0" lang="en" source="md">verterbrate</contenuImg>
            <titraille>Oiseaux : peinture / Li Youen Kien</titraille>
          </ill>
        </ills>
      </page>
      <page ordre="18">
        <blocIll ocr="1">1</blocIll>
        <ills>
          <ill couleur="coul" edit="true" h="6767" n="18-1" rotation="90" taille="17" w="5268" x="1" y="1">
            <tech source="final">imp photoméca</tech>
            <tech source="md">imp photoméca</tech>
            <contenuImg b="52" coul="1" g="61" ordre="5" r="70" source="colorific" type="frg">#463d34</contenuImg>
            <contenuImg b="84" coul="1" g="95" ordre="4" r="150" source="colorific" type="frg">#965f54</contenuImg>
            <contenuImg b="105" coul="1" g="128" ordre="3" r="172" source="colorific" type="frg">#ac8069</contenuImg>
            <contenuImg b="66" coul="1" g="88" ordre="2" r="106" source="colorific" type="frg">#6a5842</contenuImg>
            <contenuImg b="190" coul="1" g="207" ordre="1" r="216" source="colorific" type="frg">#d8cfbe</contenuImg>
            <contenuImg CS="1.0" lang="fr" source="md">vertébré</contenuImg>
            <contenuImg CS="1.0" lang="fr" source="md">oiseau</contenuImg>
            <contenuImg CS="1.0" lang="fr" source="md">animal</contenuImg>
            <theme source="final">13</theme>
            <tech CS="1" source="md">dessin</tech>
            <theme CS="1" source="md">13</theme>
            <contenuImg CS="1.0" lang="en" source="md">animal</contenuImg>
            <contenuImg CS="1.0" lang="en" source="md">bird</contenuImg>
            <contenuImg CS="1.0" lang="en" source="md">verterbrate</contenuImg>
            <titraille>Oiseaux : peinture / Li Youen Kien</titraille>
            <fonction source="hm" time="2019-03-12T08:57:40.496+01:00">graphique</fonction>
            <fonction source="final">graphique</fonction>
          </ill>
        </ills>
      </page>
      <page ordre="19">
        <blocIll ocr="1">1</blocIll>
        <ills>
          <ill couleur="coul" edit="true" h="6763" n="19-1" rotation="90" taille="17" w="5296" x="1" y="1">
            <contenuImg b="63" coul="1" g="69" ordre="4" r="129" source="colorific" type="frg">#81453f</contenuImg>
            <contenuImg b="79" coul="1" g="102" ordre="3" r="146" source="colorific" type="frg">#92664f</contenuImg>
            <contenuImg b="62" coul="1" g="91" ordre="2" r="108" source="colorific" type="frg">#6c5b3e</contenuImg>
            <contenuImg b="189" coul="1" g="208" ordre="1" r="216" source="colorific" type="frg">#d8d0bd</contenuImg>
            <contenuImg CS="1.0" lang="fr" source="md">vertébré</contenuImg>
            <contenuImg CS="1.0" lang="fr" source="md">oiseau</contenuImg>
            <contenuImg CS="1.0" lang="fr" source="md">animal</contenuImg>
            <tech source="final">dessin</tech>
            <theme source="final">13</theme>
            <tech CS="1" source="md">dessin</tech>
            <theme CS="1" source="md">13</theme>
            <contenuImg CS="1.0" lang="en" source="md">animal</contenuImg>
            <contenuImg CS="1.0" lang="en" source="md">bird</contenuImg>
            <contenuImg CS="1.0" lang="en" source="md">verterbrate</contenuImg>
            <titraille>Oiseaux : peinture / Li Youen Kien</titraille>
          </ill>
        </ills>
      </page>
      <page ordre="20">
        <blocIll ocr="1">1</blocIll>
        <ills>
          <ill couleur="coul" edit="true" h="6770" n="20-1" rotation="90" taille="17" w="5361" x="1" y="1">
            <contenuImg b="66" coul="1" g="87" ordre="5" r="114" source="colorific" type="frg">#725742</contenuImg>
            <contenuImg b="103" coul="1" g="128" ordre="4" r="168" source="colorific" type="frg">#a88067</contenuImg>
            <contenuImg b="83" coul="1" g="98" ordre="3" r="149" source="colorific" type="frg">#956253</contenuImg>
            <contenuImg b="65" coul="1" g="91" ordre="2" r="103" source="colorific" type="frg">#675b41</contenuImg>
            <contenuImg b="189" coul="1" g="208" ordre="1" r="216" source="colorific" type="frg">#d8d0bd</contenuImg>
            <contenuImg CS="1.0" lang="fr" source="md">vertébré</contenuImg>
            <contenuImg CS="1.0" lang="fr" source="md">oiseau</contenuImg>
            <contenuImg CS="1.0" lang="fr" source="md">animal</contenuImg>
            <tech source="final">dessin</tech>
            <theme source="final">13</theme>
            <tech CS="1" source="md">dessin</tech>
            <theme CS="1" source="md">13</theme>
            <contenuImg CS="1.0" lang="en" source="md">animal</contenuImg>
            <contenuImg CS="1.0" lang="en" source="md">bird</contenuImg>
            <contenuImg CS="1.0" lang="en" source="md">verterbrate</contenuImg>
            <titraille>Oiseaux : peinture / Li Youen Kien</titraille>
          </ill>
        </ills>
      </page>
    </pages>
  </contenus>
</analyseAlto>