<analyseAlto>
  <metad>
    <type>A</type>
    <ID>btv1b105488595</ID>
    <titre>Oiseaux : peinture / Yoeequa Painter</titre>
    <dateEdition>1830-1840</dateEdition>
    <auteur>Yoeequa (18..?-18..). Peintre Lagrené, Marie-Melchior-Joseph-Théodore de (1800-1862). Collecteur</auteur>
    <lang>0</lang>
    <source>Bibliothèque nationale de France, département Estampes et photographie, RESERVE PET FOL-OE-154</source>
    <nbPage>23</nbPage>
    <descr>Oiseaux -- Chine</descr>
  </metad>
  <contenus ocr="false" toc="false">
    <largeur>220</largeur>
    <hauteur>169</hauteur>
    <largeurPx>5207</largeurPx>
    <hauteurPx>4012</hauteurPx>
    <pages>
      <page ordre="3">
        <blocIll ocr="1">0</blocIll>
        <ills/>
      </page>
      <page ordre="4">
        <blocIll ocr="1">0</blocIll>
        <ills/>
      </page>
      <page ordre="5">
        <blocIll ocr="1">0</blocIll>
        <ills/>
      </page>
      <page ordre="6">
        <blocIll ocr="1">0</blocIll>
        <ills/>
      </page>
      <page ordre="7">
        <blocIll ocr="1">0</blocIll>
        <ills/>
      </page>
      <page ordre="8">
        <blocIll ocr="1">0</blocIll>
        <ills/>
      </page>
      <page ordre="9">
        <blocIll ocr="1">1</blocIll>
        <ills>
          <ill couleur="coul" edit="1" h="3937" n="9-1" taille="9" w="5072" x="1" y="1">
            <contenuImg b="123" coul="1" g="137" ordre="10" r="160" source="colorific" type="frg">#a0897b</contenuImg>
            <contenuImg b="54" coul="1" g="51" ordre="9" r="58" source="colorific" type="frg">#3a3336</contenuImg>
            <contenuImg b="85" coul="1" g="66" ordre="8" r="59" source="colorific" type="frg">#3b4255</contenuImg>
            <contenuImg b="110" coul="1" g="118" ordre="7" r="163" source="colorific" type="frg">#a3766e</contenuImg>
            <contenuImg b="85" coul="1" g="106" ordre="6" r="97" source="colorific" type="frg">#616a55</contenuImg>
            <contenuImg b="80" coul="1" g="83" ordre="5" r="89" source="colorific" type="frg">#595350</contenuImg>
            <contenuImg b="179" coul="1" g="178" ordre="4" r="175" source="colorific" type="frg">#afb2b3</contenuImg>
            <contenuImg b="124" coul="1" g="124" ordre="3" r="104" source="colorific" type="frg">#687c7c</contenuImg>
            <contenuImg b="168" coul="1" g="190" ordre="2" r="199" source="colorific" type="frg">#c7bea8</contenuImg>
            <contenuImg b="177" coul="1" g="163" ordre="1" r="145" source="colorific" type="frg">#91a3b1</contenuImg>
            <contenuImg CS="1" coul="1" lang="fr" source="hm" time="2019-05-01T18:03:22.051+02:00">bleu</contenuImg>
            <contenuImg CS="1.0" lang="fr" source="md">vertébré</contenuImg>
            <contenuImg CS="1.0" lang="fr" source="md">oiseau</contenuImg>
            <contenuImg CS="1.0" lang="fr" source="md">animal</contenuImg>
            <tech source="final">dessin</tech>
            <theme source="final">13</theme>
            <tech CS="1" source="md">dessin</tech>
            <theme CS="1" source="md">13</theme>
            <contenuImg CS="1.0" lang="en" source="md">animal</contenuImg>
            <contenuImg CS="1.0" lang="en" source="md">bird</contenuImg>
            <contenuImg CS="1.0" lang="en" source="md">verterbrate</contenuImg>
            <titraille>Oiseaux : peinture / Yoeequa Painter</titraille>
            <contenuImg CS="1" coul="1" lang="en" source="hm" time="2019-05-01T18:03:22.051+02:00">blue color</contenuImg>
          </ill>
        </ills>
      </page>
      <page ordre="10">
        <blocIll ocr="1">1</blocIll>
        <ills>
          <ill couleur="coul" h="3909" n="10-1" taille="9" w="5029" x="1" y="1">
            <contenuImg b="67" coul="1" g="68" ordre="9" r="104" source="colorific" type="frg">#684443</contenuImg>
            <contenuImg b="121" coul="1" g="118" ordre="8" r="172" source="colorific" type="frg">#ac7679</contenuImg>
            <contenuImg b="66" coul="1" g="94" ordre="7" r="87" source="colorific" type="frg">#575e42</contenuImg>
            <contenuImg b="183" coul="1" g="193" ordre="6" r="185" source="colorific" type="frg">#b9c1b7</contenuImg>
            <contenuImg b="98" coul="1" g="113" ordre="5" r="136" source="colorific" type="frg">#887162</contenuImg>
            <contenuImg b="64" coul="1" g="70" ordre="4" r="77" source="colorific" type="frg">#4d4640</contenuImg>
            <contenuImg b="117" coul="1" g="144" ordre="3" r="136" source="colorific" type="frg">#889075</contenuImg>
            <contenuImg b="161" coul="1" g="175" ordre="2" r="192" source="colorific" type="frg">#c0afa1</contenuImg>
            <contenuImg b="162" coul="1" g="155" ordre="1" r="139" source="colorific" type="frg">#8b9ba2</contenuImg>
            <contenuImg CS="1.0" lang="fr" source="md">vertébré</contenuImg>
            <contenuImg CS="1.0" lang="fr" source="md">oiseau</contenuImg>
            <contenuImg CS="1.0" lang="fr" source="md">animal</contenuImg>
            <tech source="final">dessin</tech>
            <theme source="final">13</theme>
            <tech CS="1" source="md">dessin</tech>
            <theme CS="1" source="md">13</theme>
            <contenuImg CS="1.0" lang="en" source="md">animal</contenuImg>
            <contenuImg CS="1.0" lang="en" source="md">bird</contenuImg>
            <contenuImg CS="1.0" lang="en" source="md">verterbrate</contenuImg>
            <titraille>Oiseaux : peinture / Yoeequa Painter</titraille>
          </ill>
        </ills>
      </page>
      <page ordre="11">
        <blocIll ocr="1">1</blocIll>
        <ills>
          <ill couleur="coul" h="3922" n="11-1" taille="9" w="5021" x="1" y="1">
            <contenuImg b="69" coul="1" g="77" ordre="7" r="101" source="colorific" type="frg">#654d45</contenuImg>
            <contenuImg b="138" coul="1" g="147" ordre="6" r="134" source="colorific" type="frg">#86938a</contenuImg>
            <contenuImg b="60" coul="1" g="65" ordre="5" r="68" source="colorific" type="frg">#44413c</contenuImg>
            <contenuImg b="69" coul="1" g="99" ordre="4" r="88" source="colorific" type="frg">#586345</contenuImg>
            <contenuImg b="96" coul="1" g="106" ordre="3" r="114" source="colorific" type="frg">#726a60</contenuImg>
            <contenuImg b="171" coul="1" g="191" ordre="2" r="198" source="colorific" type="frg">#c6bfab</contenuImg>
            <contenuImg b="156" coul="1" g="149" ordre="1" r="132" source="colorific" type="frg">#84959c</contenuImg>
            <contenuImg CS="1.0" lang="fr" source="md">vertébré</contenuImg>
            <contenuImg CS="1.0" lang="fr" source="md">oiseau</contenuImg>
            <contenuImg CS="1.0" lang="fr" source="md">animal</contenuImg>
            <tech source="final">dessin</tech>
            <theme source="final">13</theme>
            <tech CS="1" source="md">dessin</tech>
            <theme CS="1" source="md">13</theme>
            <contenuImg CS="1.0" lang="en" source="md">animal</contenuImg>
            <contenuImg CS="1.0" lang="en" source="md">bird</contenuImg>
            <contenuImg CS="1.0" lang="en" source="md">verterbrate</contenuImg>
            <titraille>Oiseaux : peinture / Yoeequa Painter</titraille>
          </ill>
        </ills>
      </page>
      <page ordre="12">
        <blocIll ocr="1">1</blocIll>
        <ills>
          <ill couleur="coul" h="3897" n="12-1" taille="9" w="4999" x="1" y="1">
            <contenuImg b="54" coul="1" g="61" ordre="7" r="88" source="colorific" type="frg">#583d36</contenuImg>
            <contenuImg b="49" coul="1" g="52" ordre="6" r="117" source="colorific" type="frg">#753431</contenuImg>
            <contenuImg b="84" coul="1" g="122" ordre="5" r="123" source="colorific" type="frg">#7b7a54</contenuImg>
            <contenuImg b="152" coul="1" g="160" ordre="4" r="152" source="colorific" type="frg">#98a098</contenuImg>
            <contenuImg b="92" coul="1" g="105" ordre="3" r="112" source="colorific" type="frg">#70695c</contenuImg>
            <contenuImg b="159" coul="1" g="182" ordre="2" r="191" source="colorific" type="frg">#bfb69f</contenuImg>
            <contenuImg b="163" coul="1" g="157" ordre="1" r="140" source="colorific" type="frg">#8c9da3</contenuImg>
            <contenuImg CS="1.0" lang="fr" source="md">vertébré</contenuImg>
            <contenuImg CS="1.0" lang="fr" source="md">oiseau</contenuImg>
            <contenuImg CS="1.0" lang="fr" source="md">animal</contenuImg>
            <tech source="final">dessin</tech>
            <theme source="final">13</theme>
            <tech CS="1" source="md">dessin</tech>
            <theme CS="1" source="md">13</theme>
            <contenuImg CS="1.0" lang="en" source="md">animal</contenuImg>
            <contenuImg CS="1.0" lang="en" source="md">bird</contenuImg>
            <contenuImg CS="1.0" lang="en" source="md">verterbrate</contenuImg>
            <titraille>Oiseaux : peinture / Yoeequa Painter</titraille>
          </ill>
        </ills>
      </page>
      <page ordre="13">
        <blocIll ocr="1">1</blocIll>
        <ills>
          <ill couleur="coul" edit="1" h="3886" n="13-1" taille="9" w="5003" x="1" y="1">
            <contenuImg b="127" coul="1" g="144" ordre="7" r="186" source="colorific" type="frg">#ba907f</contenuImg>
            <contenuImg b="121" coul="1" g="118" ordre="6" r="162" source="colorific" type="frg">#a27679</contenuImg>
            <contenuImg b="70" coul="1" g="118" ordre="5" r="118" source="colorific" type="frg">#767646</contenuImg>
            <contenuImg b="120" coul="1" g="173" ordre="4" r="199" source="colorific" type="frg">#c7ad78</contenuImg>
            <contenuImg b="72" coul="1" g="89" ordre="3" r="105" source="colorific" type="frg">#695948</contenuImg>
            <contenuImg b="163" coul="1" g="158" ordre="2" r="143" source="colorific" type="frg">#8f9ea3</contenuImg>
            <contenuImg b="151" coul="1" g="163" ordre="1" r="176" source="colorific" type="frg">#b0a397</contenuImg>
            <contenuImg CS="1" coul="1" lang="fr" source="hm" time="2019-05-01T18:03:26.179+02:00">jaune</contenuImg>
            <contenuImg CS="1.0" lang="fr" source="md">vertébré</contenuImg>
            <contenuImg CS="1.0" lang="fr" source="md">oiseau</contenuImg>
            <contenuImg CS="1.0" lang="fr" source="md">animal</contenuImg>
            <tech source="final">dessin</tech>
            <theme source="final">13</theme>
            <tech CS="1" source="md">dessin</tech>
            <theme CS="1" source="md">13</theme>
            <contenuImg CS="1.0" lang="en" source="md">animal</contenuImg>
            <contenuImg CS="1.0" lang="en" source="md">bird</contenuImg>
            <contenuImg CS="1.0" lang="en" source="md">verterbrate</contenuImg>
            <titraille>Oiseaux : peinture / Yoeequa Painter</titraille>
            <contenuImg CS="1" coul="1" lang="en" source="hm" time="2019-05-01T18:03:26.179+02:00">yellow color</contenuImg>
          </ill>
        </ills>
      </page>
      <page ordre="14">
        <blocIll ocr="1">1</blocIll>
        <ills>
          <ill couleur="coul" h="3885" n="14-1" taille="9" w="4990" x="1" y="1">
            <contenuImg b="85" coul="1" g="85" ordre="7" r="70" source="colorific" type="frg">#465555</contenuImg>
            <contenuImg b="86" coul="1" g="74" ordre="6" r="64" source="colorific" type="frg">#404a56</contenuImg>
            <contenuImg b="64" coul="1" g="79" ordre="5" r="159" source="colorific" type="frg">#9f4f40</contenuImg>
            <contenuImg b="84" coul="1" g="91" ordre="4" r="103" source="colorific" type="frg">#675b54</contenuImg>
            <contenuImg b="138" coul="1" g="145" ordre="3" r="139" source="colorific" type="frg">#8b918a</contenuImg>
            <contenuImg b="174" coul="1" g="168" ordre="2" r="154" source="colorific" type="frg">#9aa8ae</contenuImg>
            <contenuImg b="186" coul="1" g="203" ordre="1" r="210" source="colorific" type="frg">#d2cbba</contenuImg>
            <contenuImg CS="1.0" lang="fr" source="md">vertébré</contenuImg>
            <contenuImg CS="1.0" lang="fr" source="md">oiseau</contenuImg>
            <contenuImg CS="1.0" lang="fr" source="md">animal</contenuImg>
            <tech source="final">dessin</tech>
            <theme source="final">13</theme>
            <tech CS="1" source="md">dessin</tech>
            <theme CS="1" source="md">13</theme>
            <contenuImg CS="1.0" lang="en" source="md">animal</contenuImg>
            <contenuImg CS="1.0" lang="en" source="md">bird</contenuImg>
            <contenuImg CS="1.0" lang="en" source="md">verterbrate</contenuImg>
            <titraille>Oiseaux : peinture / Yoeequa Painter</titraille>
          </ill>
        </ills>
      </page>
      <page ordre="15">
        <blocIll ocr="1">1</blocIll>
        <ills>
          <ill couleur="coul" h="3880" n="15-1" taille="9" w="4994" x="1" y="1">
            <contenuImg b="57" coul="1" g="71" ordre="8" r="118" source="colorific" type="frg">#764739</contenuImg>
            <contenuImg b="72" coul="1" g="88" ordre="7" r="94" source="colorific" type="frg">#5e5848</contenuImg>
            <contenuImg b="60" coul="1" g="73" ordre="6" r="91" source="colorific" type="frg">#5b493c</contenuImg>
            <contenuImg b="130" coul="1" g="177" ordre="5" r="205" source="colorific" type="frg">#cdb182</contenuImg>
            <contenuImg b="71" coul="1" g="100" ordre="4" r="146" source="colorific" type="frg">#926447</contenuImg>
            <contenuImg b="118" coul="1" g="139" ordre="3" r="141" source="colorific" type="frg">#8d8b76</contenuImg>
            <contenuImg b="159" coul="1" g="158" ordre="2" r="145" source="colorific" type="frg">#919e9f</contenuImg>
            <contenuImg b="191" coul="1" g="209" ordre="1" r="215" source="colorific" type="frg">#d7d1bf</contenuImg>
            <contenuImg CS="1.0" lang="fr" source="md">vertébré</contenuImg>
            <contenuImg CS="1.0" lang="fr" source="md">oiseau</contenuImg>
            <contenuImg CS="1.0" lang="fr" source="md">animal</contenuImg>
            <tech source="final">dessin</tech>
            <theme source="final">13</theme>
            <tech CS="1" source="md">dessin</tech>
            <theme CS="1" source="md">13</theme>
            <contenuImg CS="1.0" lang="en" source="md">animal</contenuImg>
            <contenuImg CS="1.0" lang="en" source="md">bird</contenuImg>
            <contenuImg CS="1.0" lang="en" source="md">verterbrate</contenuImg>
            <titraille>Oiseaux : peinture / Yoeequa Painter</titraille>
          </ill>
        </ills>
      </page>
      <page ordre="16">
        <blocIll ocr="1">1</blocIll>
        <ills>
          <ill couleur="coul" h="3891" n="16-1" taille="9" w="5023" x="1" y="1">
            <contenuImg b="74" coul="1" g="106" ordre="6" r="94" source="colorific" type="frg">#5e6a4a</contenuImg>
            <contenuImg b="65" coul="1" g="65" ordre="5" r="64" source="colorific" type="frg">#404141</contenuImg>
            <contenuImg b="71" coul="1" g="87" ordre="4" r="103" source="colorific" type="frg">#675747</contenuImg>
            <contenuImg b="124" coul="1" g="139" ordre="3" r="140" source="colorific" type="frg">#8c8b7c</contenuImg>
            <contenuImg b="158" coul="1" g="156" ordre="2" r="143" source="colorific" type="frg">#8f9c9e</contenuImg>
            <contenuImg b="182" coul="1" g="199" ordre="1" r="206" source="colorific" type="frg">#cec7b6</contenuImg>
            <contenuImg CS="1.0" lang="fr" source="md">vertébré</contenuImg>
            <contenuImg CS="1.0" lang="fr" source="md">oiseau</contenuImg>
            <contenuImg CS="1.0" lang="fr" source="md">animal</contenuImg>
            <tech source="final">dessin</tech>
            <theme source="final">13</theme>
            <tech CS="1" source="md">dessin</tech>
            <theme CS="1" source="md">13</theme>
            <contenuImg CS="1.0" lang="en" source="md">animal</contenuImg>
            <contenuImg CS="1.0" lang="en" source="md">bird</contenuImg>
            <contenuImg CS="1.0" lang="en" source="md">verterbrate</contenuImg>
            <titraille>Oiseaux : peinture / Yoeequa Painter</titraille>
          </ill>
        </ills>
      </page>
      <page ordre="17">
        <blocIll ocr="1">1</blocIll>
        <ills>
          <ill couleur="coul" h="3883" n="17-1" taille="9" w="5012" x="1" y="1">
            <contenuImg b="122" coul="1" g="117" ordre="9" r="162" source="colorific" type="frg">#a2757a</contenuImg>
            <contenuImg b="126" coul="1" g="135" ordre="8" r="136" source="colorific" type="frg">#88877e</contenuImg>
            <contenuImg b="66" coul="1" g="81" ordre="7" r="88" source="colorific" type="frg">#585142</contenuImg>
            <contenuImg b="124" coul="1" g="172" ordre="6" r="197" source="colorific" type="frg">#c5ac7c</contenuImg>
            <contenuImg b="105" coul="1" g="118" ordre="5" r="139" source="colorific" type="frg">#8b7669</contenuImg>
            <contenuImg b="75" coul="1" g="115" ordre="4" r="117" source="colorific" type="frg">#75734b</contenuImg>
            <contenuImg b="167" coul="1" g="176" ordre="3" r="194" source="colorific" type="frg">#c2b0a7</contenuImg>
            <contenuImg b="154" coul="1" g="177" ordre="2" r="180" source="colorific" type="frg">#b4b19a</contenuImg>
            <contenuImg b="170" coul="1" g="171" ordre="1" r="154" source="colorific" type="frg">#9aabaa</contenuImg>
            <contenuImg CS="1.0" lang="fr" source="md">vertébré</contenuImg>
            <contenuImg CS="1.0" lang="fr" source="md">oiseau</contenuImg>
            <contenuImg CS="1.0" lang="fr" source="md">animal</contenuImg>
            <tech source="final">dessin</tech>
            <theme source="final">13</theme>
            <tech CS="1" source="md">dessin</tech>
            <theme CS="1" source="md">13</theme>
            <contenuImg CS="1.0" lang="en" source="md">animal</contenuImg>
            <contenuImg CS="1.0" lang="en" source="md">bird</contenuImg>
            <contenuImg CS="1.0" lang="en" source="md">verterbrate</contenuImg>
            <titraille>Oiseaux : peinture / Yoeequa Painter</titraille>
          </ill>
        </ills>
      </page>
      <page ordre="18">
        <blocIll ocr="1">0</blocIll>
        <ills/>
      </page>
      <page ordre="19">
        <blocIll ocr="1">0</blocIll>
        <ills/>
      </page>
      <page ordre="20">
        <blocIll ocr="1">0</blocIll>
        <ills/>
      </page>
      <page ordre="21">
        <blocIll ocr="1">0</blocIll>
        <ills/>
      </page>
    </pages>
  </contenus>
</analyseAlto>