<analyseAlto>
  <metad>
    <type>A</type>
    <ID>btv1b10548858q</ID>
    <titre>Oiseaux : peinture / Yoeequa Painter</titre>
    <dateEdition>1830-1840</dateEdition>
    <auteur>Yoeequa (18..?-18..). Peintre Lagrené, Marie-Melchior-Joseph-Théodore de (1800-1862). Collecteur</auteur>
    <lang>0</lang>
    <source>Bibliothèque nationale de France, département Estampes et photographie, RESERVE PET FOL-OE-153</source>
    <nbPage>20</nbPage>
    <descr>Oiseaux -- Chine</descr>
  </metad>
  <contenus ocr="false" toc="false">
    <largeur>233</largeur>
    <hauteur>171</hauteur>
    <largeurPx>5506</largeurPx>
    <hauteurPx>4052</hauteurPx>
    <pages>
      <page ordre="3">
        <blocIll ocr="1">0</blocIll>
        <ills/>
      </page>
      <page ordre="4">
        <blocIll ocr="1">0</blocIll>
        <ills/>
      </page>
      <page ordre="5">
        <blocIll ocr="1">0</blocIll>
        <ills/>
      </page>
      <page ordre="6">
        <blocIll ocr="1">0</blocIll>
        <ills/>
      </page>
      <page ordre="7">
        <blocIll ocr="1">1</blocIll>
        <ills>
          <ill couleur="coul" h="3980" n="7-1" taille="10" w="5164" x="1" y="1">
            <contenuImg b="150" coul="1" g="157" ordre="4" r="155" source="colorific" type="frg">#9b9d96</contenuImg>
            <contenuImg b="64" coul="1" g="76" ordre="3" r="85" source="colorific" type="frg">#554c40</contenuImg>
            <contenuImg b="95" coul="1" g="122" ordre="2" r="134" source="colorific" type="frg">#867a5f</contenuImg>
            <contenuImg b="186" coul="1" g="181" ordre="1" r="167" source="colorific" type="frg">#a7b5ba</contenuImg>
            <contenuImg CS="1.0" lang="fr" source="md">vertébré</contenuImg>
            <contenuImg CS="1.0" lang="fr" source="md">oiseau</contenuImg>
            <contenuImg CS="1.0" lang="fr" source="md">animal</contenuImg>
            <txt source="google">"44 - Tchan ke - ",</txt>
            <tech source="final">dessin</tech>
            <theme source="final">13</theme>
            <tech CS="1" source="md">dessin</tech>
            <theme CS="1" source="md">13</theme>
            <contenuImg CS="1.0" lang="en" source="md">animal</contenuImg>
            <contenuImg CS="1.0" lang="en" source="md">bird</contenuImg>
            <contenuImg CS="1.0" lang="en" source="md">verterbrate</contenuImg>
            <titraille>Oiseaux : peinture / Yoeequa Painter</titraille>
          </ill>
        </ills>
      </page>
      <page ordre="8">
        <blocIll ocr="1">1</blocIll>
        <ills>
          <ill couleur="coul" h="3965" n="8-1" taille="10" w="5176" x="1" y="1">
            <contenuImg b="79" coul="1" g="88" ordre="10" r="81" source="colorific" type="frg">#51584f</contenuImg>
            <contenuImg b="47" coul="1" g="49" ordre="9" r="74" source="colorific" type="frg">#4a312f</contenuImg>
            <contenuImg b="61" coul="1" g="61" ordre="8" r="117" source="colorific" type="frg">#753d3d</contenuImg>
            <contenuImg b="68" coul="1" g="102" ordre="7" r="184" source="colorific" type="frg">#b86644</contenuImg>
            <contenuImg b="62" coul="1" g="73" ordre="6" r="91" source="colorific" type="frg">#5b493e</contenuImg>
            <contenuImg b="66" coul="1" g="100" ordre="5" r="100" source="colorific" type="frg">#646442</contenuImg>
            <contenuImg b="115" coul="1" g="128" ordre="4" r="147" source="colorific" type="frg">#938073</contenuImg>
            <contenuImg b="108" coul="1" g="154" ordre="3" r="155" source="colorific" type="frg">#9b9a6c</contenuImg>
            <contenuImg b="166" coul="1" g="165" ordre="2" r="150" source="colorific" type="frg">#96a5a6</contenuImg>
            <contenuImg b="189" coul="1" g="207" ordre="1" r="214" source="colorific" type="frg">#d6cfbd</contenuImg>
            <contenuImg CS="1.0" lang="fr" source="md">vertébré</contenuImg>
            <contenuImg CS="1.0" lang="fr" source="md">oiseau</contenuImg>
            <contenuImg CS="1.0" lang="fr" source="md">animal</contenuImg>
            <txt source="google">"YRA Tai Lai Tchue - ",</txt>
            <tech source="final">dessin</tech>
            <theme source="final">13</theme>
            <tech CS="1" source="md">dessin</tech>
            <theme CS="1" source="md">13</theme>
            <contenuImg CS="1.0" lang="en" source="md">animal</contenuImg>
            <contenuImg CS="1.0" lang="en" source="md">bird</contenuImg>
            <contenuImg CS="1.0" lang="en" source="md">verterbrate</contenuImg>
            <titraille>Oiseaux : peinture / Yoeequa Painter</titraille>
          </ill>
        </ills>
      </page>
      <page ordre="9">
        <blocIll ocr="1">1</blocIll>
        <ills>
          <ill couleur="coul" h="3971" n="9-1" taille="10" w="5152" x="1" y="1">
            <contenuImg b="52" coul="1" g="57" ordre="6" r="112" source="colorific" type="frg">#703934</contenuImg>
            <contenuImg b="147" coul="1" g="157" ordre="5" r="151" source="colorific" type="frg">#979d93</contenuImg>
            <contenuImg b="57" coul="1" g="68" ordre="4" r="80" source="colorific" type="frg">#504439</contenuImg>
            <contenuImg b="102" coul="1" g="123" ordre="3" r="137" source="colorific" type="frg">#897b66</contenuImg>
            <contenuImg b="176" coul="1" g="171" ordre="2" r="152" source="colorific" type="frg">#98abb0</contenuImg>
            <contenuImg b="193" coul="1" g="212" ordre="1" r="217" source="colorific" type="frg">#d9d4c1</contenuImg>
            <contenuImg CS="1.0" lang="fr" source="md">vertébré</contenuImg>
            <contenuImg CS="1.0" lang="fr" source="md">oiseau</contenuImg>
            <contenuImg CS="1.0" lang="fr" source="md">animal</contenuImg>
            <txt source="google">"23 - the - Mei Hona Tehue - ",</txt>
            <tech source="final">dessin</tech>
            <theme source="final">13</theme>
            <tech CS="1" source="md">dessin</tech>
            <theme CS="1" source="md">13</theme>
            <contenuImg CS="1.0" lang="en" source="md">animal</contenuImg>
            <contenuImg CS="1.0" lang="en" source="md">bird</contenuImg>
            <contenuImg CS="1.0" lang="en" source="md">verterbrate</contenuImg>
            <titraille>Oiseaux : peinture / Yoeequa Painter</titraille>
          </ill>
        </ills>
      </page>
      <page ordre="10">
        <blocIll ocr="1">1</blocIll>
        <ills>
          <ill couleur="coul" h="3956" n="10-1" taille="10" w="5167" x="1" y="1">
            <contenuImg b="83" coul="1" g="83" ordre="8" r="147" source="colorific" type="frg">#935353</contenuImg>
            <contenuImg b="70" coul="1" g="82" ordre="7" r="101" source="colorific" type="frg">#655246</contenuImg>
            <contenuImg b="98" coul="1" g="151" ordre="6" r="157" source="colorific" type="frg">#9d9762</contenuImg>
            <contenuImg b="145" coul="1" g="152" ordre="5" r="198" source="colorific" type="frg">#c69891</contenuImg>
            <contenuImg b="71" coul="1" g="109" ordre="4" r="98" source="colorific" type="frg">#626d47</contenuImg>
            <contenuImg b="87" coul="1" g="111" ordre="3" r="118" source="colorific" type="frg">#766f57</contenuImg>
            <contenuImg b="194" coul="1" g="187" ordre="2" r="168" source="colorific" type="frg">#a8bbc2</contenuImg>
            <contenuImg b="191" coul="1" g="209" ordre="1" r="216" source="colorific" type="frg">#d8d1bf</contenuImg>
            <contenuImg CS="1.0" lang="fr" source="md">vertébré</contenuImg>
            <contenuImg CS="1.0" lang="fr" source="md">oiseau</contenuImg>
            <contenuImg CS="1.0" lang="fr" source="md">animal</contenuImg>
            <txt source="google">"26 - Tsling Che Tchie - ",</txt>
            <tech source="final">dessin</tech>
            <theme source="final">13</theme>
            <tech CS="1" source="md">dessin</tech>
            <theme CS="1" source="md">13</theme>
            <contenuImg CS="1.0" lang="en" source="md">animal</contenuImg>
            <contenuImg CS="1.0" lang="en" source="md">bird</contenuImg>
            <contenuImg CS="1.0" lang="en" source="md">verterbrate</contenuImg>
            <titraille>Oiseaux : peinture / Yoeequa Painter</titraille>
          </ill>
        </ills>
      </page>
      <page ordre="11">
        <blocIll ocr="1">1</blocIll>
        <ills>
          <ill couleur="coul" h="3974" n="11-1" taille="10" w="5131" x="1" y="1">
            <contenuImg b="120" coul="1" g="131" ordre="8" r="176" source="colorific" type="frg">#b08378</contenuImg>
            <contenuImg b="59" coul="1" g="74" ordre="7" r="160" source="colorific" type="frg">#a04a3b</contenuImg>
            <contenuImg b="61" coul="1" g="69" ordre="6" r="102" source="colorific" type="frg">#66453d</contenuImg>
            <contenuImg b="57" coul="1" g="93" ordre="5" r="92" source="colorific" type="frg">#5c5d39</contenuImg>
            <contenuImg b="76" coul="1" g="132" ordre="4" r="137" source="colorific" type="frg">#89844c</contenuImg>
            <contenuImg b="57" coul="1" g="66" ordre="3" r="74" source="colorific" type="frg">#4a4239</contenuImg>
            <contenuImg b="91" coul="1" g="108" ordre="2" r="128" source="colorific" type="frg">#806c5b</contenuImg>
            <contenuImg b="144" coul="1" g="149" ordre="1" r="142" source="colorific" type="frg">#8e9590</contenuImg>
            <contenuImg CS="1.0" lang="fr" source="md">vertébré</contenuImg>
            <contenuImg CS="1.0" lang="fr" source="md">oiseau</contenuImg>
            <contenuImg CS="1.0" lang="fr" source="md">animal</contenuImg>
            <txt source="google">"Tekana Chebu - Ni - ",</txt>
            <tech source="final">dessin</tech>
            <theme source="final">13</theme>
            <tech CS="1" source="md">dessin</tech>
            <theme CS="1" source="md">13</theme>
            <contenuImg CS="1.0" lang="en" source="md">animal</contenuImg>
            <contenuImg CS="1.0" lang="en" source="md">bird</contenuImg>
            <contenuImg CS="1.0" lang="en" source="md">verterbrate</contenuImg>
            <titraille>Oiseaux : peinture / Yoeequa Painter</titraille>
          </ill>
        </ills>
      </page>
      <page ordre="12">
        <blocIll ocr="1">1</blocIll>
        <ills>
          <ill couleur="coul" h="3965" n="12-1" taille="10" w="5149" x="1" y="1">
            <contenuImg b="89" coul="1" g="107" ordre="10" r="145" source="colorific" type="frg">#916b59</contenuImg>
            <contenuImg b="91" coul="1" g="132" ordre="9" r="191" source="colorific" type="frg">#bf845b</contenuImg>
            <contenuImg b="49" coul="1" g="50" ordre="8" r="112" source="colorific" type="frg">#703231</contenuImg>
            <contenuImg b="61" coul="1" g="60" ordre="7" r="72" source="colorific" type="frg">#483c3d</contenuImg>
            <contenuImg b="102" coul="1" g="137" ordre="6" r="127" source="colorific" type="frg">#7f8966</contenuImg>
            <contenuImg b="134" coul="1" g="183" ordre="5" r="203" source="colorific" type="frg">#cbb786</contenuImg>
            <contenuImg b="131" coul="1" g="154" ordre="4" r="168" source="colorific" type="frg">#a89a83</contenuImg>
            <contenuImg b="68" coul="1" g="86" ordre="3" r="95" source="colorific" type="frg">#5f5644</contenuImg>
            <contenuImg b="194" coul="1" g="188" ordre="2" r="172" source="colorific" type="frg">#acbcc2</contenuImg>
            <contenuImg b="176" coul="1" g="188" ordre="1" r="185" source="colorific" type="frg">#b9bcb0</contenuImg>
            <contenuImg CS="1.0" lang="fr" source="md">vertébré</contenuImg>
            <contenuImg CS="1.0" lang="fr" source="md">oiseau</contenuImg>
            <contenuImg CS="1.0" lang="fr" source="md">animal</contenuImg>
            <txt source="google">"3 - Yuan Yang - ",</txt>
            <tech source="final">dessin</tech>
            <theme source="final">13</theme>
            <tech CS="1" source="md">dessin</tech>
            <theme CS="1" source="md">13</theme>
            <contenuImg CS="1.0" lang="en" source="md">animal</contenuImg>
            <contenuImg CS="1.0" lang="en" source="md">bird</contenuImg>
            <contenuImg CS="1.0" lang="en" source="md">verterbrate</contenuImg>
            <titraille>Oiseaux : peinture / Yoeequa Painter</titraille>
          </ill>
        </ills>
      </page>
      <page ordre="13">
        <blocIll ocr="1">1</blocIll>
        <ills>
          <ill couleur="coul" h="3959" n="13-1" taille="10" w="5131" x="1" y="1">
            <contenuImg b="88" coul="1" g="108" ordre="7" r="147" source="colorific" type="frg">#936c58</contenuImg>
            <contenuImg b="71" coul="1" g="86" ordre="6" r="99" source="colorific" type="frg">#635647</contenuImg>
            <contenuImg b="121" coul="1" g="148" ordre="5" r="170" source="colorific" type="frg">#aa9479</contenuImg>
            <contenuImg b="62" coul="1" g="88" ordre="4" r="80" source="colorific" type="frg">#50583e</contenuImg>
            <contenuImg b="117" coul="1" g="142" ordre="3" r="141" source="colorific" type="frg">#8d8e75</contenuImg>
            <contenuImg b="159" coul="1" g="158" ordre="2" r="146" source="colorific" type="frg">#929e9f</contenuImg>
            <contenuImg b="193" coul="1" g="212" ordre="1" r="217" source="colorific" type="frg">#d9d4c1</contenuImg>
            <contenuImg CS="1.0" lang="fr" source="md">vertébré</contenuImg>
            <contenuImg CS="1.0" lang="fr" source="md">oiseau</contenuImg>
            <contenuImg CS="1.0" lang="fr" source="md">animal</contenuImg>
            <txt source="google">"DA Z - Ma Tche Tchue - ",</txt>
            <tech source="final">dessin</tech>
            <theme source="final">13</theme>
            <tech CS="1" source="md">dessin</tech>
            <theme CS="1" source="md">13</theme>
            <contenuImg CS="1.0" lang="en" source="md">animal</contenuImg>
            <contenuImg CS="1.0" lang="en" source="md">bird</contenuImg>
            <contenuImg CS="1.0" lang="en" source="md">verterbrate</contenuImg>
            <titraille>Oiseaux : peinture / Yoeequa Painter</titraille>
          </ill>
        </ills>
      </page>
      <page ordre="14">
        <blocIll ocr="1">1</blocIll>
        <ills>
          <ill couleur="coul" h="3983" n="14-1" taille="10" w="5149" x="1" y="1">
            <contenuImg b="55" coul="1" g="65" ordre="7" r="78" source="colorific" type="frg">#4e4137</contenuImg>
            <contenuImg b="108" coul="1" g="121" ordre="6" r="159" source="colorific" type="frg">#9f796c</contenuImg>
            <contenuImg b="66" coul="1" g="88" ordre="5" r="96" source="colorific" type="frg">#605842</contenuImg>
            <contenuImg b="124" coul="1" g="175" ordre="4" r="188" source="colorific" type="frg">#bcaf7c</contenuImg>
            <contenuImg b="118" coul="1" g="139" ordre="3" r="144" source="colorific" type="frg">#908b76</contenuImg>
            <contenuImg b="166" coul="1" g="163" ordre="2" r="148" source="colorific" type="frg">#94a3a6</contenuImg>
            <contenuImg b="187" coul="1" g="205" ordre="1" r="212" source="colorific" type="frg">#d4cdbb</contenuImg>
            <contenuImg CS="1.0" lang="fr" source="md">vertébré</contenuImg>
            <contenuImg CS="1.0" lang="fr" source="md">oiseau</contenuImg>
            <contenuImg CS="1.0" lang="fr" source="md">animal</contenuImg>
            <txt source="google">"Wom - Horang yang - ",</txt>
            <tech source="final">dessin</tech>
            <theme source="final">13</theme>
            <tech CS="1" source="md">dessin</tech>
            <theme CS="1" source="md">13</theme>
            <contenuImg CS="1.0" lang="en" source="md">animal</contenuImg>
            <contenuImg CS="1.0" lang="en" source="md">bird</contenuImg>
            <contenuImg CS="1.0" lang="en" source="md">verterbrate</contenuImg>
            <titraille>Oiseaux : peinture / Yoeequa Painter</titraille>
          </ill>
        </ills>
      </page>
      <page ordre="15">
        <blocIll ocr="1">1</blocIll>
        <ills>
          <ill couleur="coul" h="3974" n="15-1" taille="10" w="5167" x="1" y="1">
            <contenuImg b="95" coul="1" g="116" ordre="10" r="153" source="colorific" type="frg">#99745f</contenuImg>
            <contenuImg b="87" coul="1" g="106" ordre="9" r="121" source="colorific" type="frg">#796a57</contenuImg>
            <contenuImg b="56" coul="1" g="61" ordre="8" r="57" source="colorific" type="frg">#393d38</contenuImg>
            <contenuImg b="63" coul="1" g="82" ordre="7" r="143" source="colorific" type="frg">#8f523f</contenuImg>
            <contenuImg b="139" coul="1" g="149" ordre="6" r="135" source="colorific" type="frg">#87958b</contenuImg>
            <contenuImg b="60" coul="1" g="67" ordre="5" r="86" source="colorific" type="frg">#56433c</contenuImg>
            <contenuImg b="56" coul="1" g="80" ordre="4" r="74" source="colorific" type="frg">#4a5038</contenuImg>
            <contenuImg b="103" coul="1" g="148" ordre="3" r="147" source="colorific" type="frg">#939467</contenuImg>
            <contenuImg b="184" coul="1" g="179" ordre="2" r="161" source="colorific" type="frg">#a1b3b8</contenuImg>
            <contenuImg b="192" coul="1" g="211" ordre="1" r="218" source="colorific" type="frg">#dad3c0</contenuImg>
            <contenuImg CS="1.0" lang="fr" source="md">vertébré</contenuImg>
            <contenuImg CS="1.0" lang="fr" source="md">oiseau</contenuImg>
            <contenuImg CS="1.0" lang="fr" source="md">animal</contenuImg>
            <txt source="google">"E - L - Tchang Cheou Nico - ",</txt>
            <tech source="final">dessin</tech>
            <theme source="final">13</theme>
            <tech CS="1" source="md">dessin</tech>
            <theme CS="1" source="md">13</theme>
            <contenuImg CS="1.0" lang="en" source="md">animal</contenuImg>
            <contenuImg CS="1.0" lang="en" source="md">bird</contenuImg>
            <contenuImg CS="1.0" lang="en" source="md">verterbrate</contenuImg>
            <titraille>Oiseaux : peinture / Yoeequa Painter</titraille>
          </ill>
        </ills>
      </page>
      <page ordre="16">
        <blocIll ocr="1">1</blocIll>
        <ills>
          <ill couleur="coul" h="3986" n="16-1" taille="10" w="5149" x="1" y="1">
            <contenuImg b="50" coul="1" g="51" ordre="10" r="68" source="colorific" type="frg">#443332</contenuImg>
            <contenuImg b="96" coul="1" g="121" ordre="9" r="89" source="colorific" type="frg">#597960</contenuImg>
            <contenuImg b="81" coul="1" g="61" ordre="8" r="52" source="colorific" type="frg">#343d51</contenuImg>
            <contenuImg b="55" coul="1" g="63" ordre="7" r="96" source="colorific" type="frg">#603f37</contenuImg>
            <contenuImg b="114" coul="1" g="151" ordre="6" r="182" source="colorific" type="frg">#b69772</contenuImg>
            <contenuImg b="143" coul="1" g="152" ordre="5" r="143" source="colorific" type="frg">#8f988f</contenuImg>
            <contenuImg b="63" coul="1" g="75" ordre="4" r="79" source="colorific" type="frg">#4f4b3f</contenuImg>
            <contenuImg b="104" coul="1" g="144" ordre="3" r="148" source="colorific" type="frg">#949068</contenuImg>
            <contenuImg b="186" coul="1" g="180" ordre="2" r="162" source="colorific" type="frg">#a2b4ba</contenuImg>
            <contenuImg b="192" coul="1" g="211" ordre="1" r="218" source="colorific" type="frg">#dad3c0</contenuImg>
            <contenuImg CS="1.0" lang="fr" source="md">vertébré</contenuImg>
            <contenuImg CS="1.0" lang="fr" source="md">oiseau</contenuImg>
            <contenuImg CS="1.0" lang="fr" source="md">animal</contenuImg>
            <txt source="google">"Pa - 3 Tiao Yue lang - ",</txt>
            <tech source="final">dessin</tech>
            <theme source="final">13</theme>
            <tech CS="1" source="md">dessin</tech>
            <theme CS="1" source="md">13</theme>
            <contenuImg CS="1.0" lang="en" source="md">animal</contenuImg>
            <contenuImg CS="1.0" lang="en" source="md">bird</contenuImg>
            <contenuImg CS="1.0" lang="en" source="md">verterbrate</contenuImg>
            <titraille>Oiseaux : peinture / Yoeequa Painter</titraille>
          </ill>
        </ills>
      </page>
      <page ordre="17">
        <blocIll ocr="1">0</blocIll>
        <ills/>
      </page>
      <page ordre="18">
        <blocIll ocr="1">0</blocIll>
        <ills/>
      </page>
    </pages>
  </contenus>
</analyseAlto>