<analyseAlto>
  <metad>
    <type>M</type>
    <ID>bpt6k9771661h</ID>
    <titre>Histoire naturelle, générale et particulière, de tous les genres de coquilles univalves marines, à l'état vivant et fossile, publiée par monographies... par P.-L. Duclos,...</titre>
    <dateEdition>1835</dateEdition>
    <lang>fre</lang>
    <notice>ark:/12148/cb30365628c</notice>
    <source>Université de Caen Normandie</source>
    <nbPage>80</nbPage>
  </metad>
  <contenus ocr="true">
    <largeur>0</largeur>
    <hauteur>0</hauteur>
    <largeurPx>4908</largeurPx>
    <hauteurPx>7044</hauteurPx>
    <pages>
      <page h="7044" ordre="1" w="4908">
        <nbMot>95</nbMot>
        <blocTexte>15</blocTexte>
        <blocTab>0</blocTab>
        <blocPub>0</blocPub>
        <blocIll ocr="0">0</blocIll>
      </page>
      <page h="7038" ordre="2" w="4920">
        <nbMot>0</nbMot>
        <blocTexte>0</blocTexte>
        <blocTab>0</blocTab>
        <blocPub>0</blocPub>
        <blocIll ocr="0">0</blocIll>
      </page>
      <page h="6935" ordre="3" w="4920">
        <nbMot>115</nbMot>
        <blocTexte>15</blocTexte>
        <blocTab>0</blocTab>
        <blocPub>0</blocPub>
        <blocIll ocr="0">0</blocIll>
      </page>
      <page h="6954" ordre="4" w="4896">
        <nbMot>0</nbMot>
        <blocTexte>0</blocTexte>
        <blocTab>0</blocTab>
        <blocPub>0</blocPub>
        <blocIll ocr="0">0</blocIll>
      </page>
      <page h="6960" ordre="5" w="4896">
        <nbMot>23</nbMot>
        <blocTexte>6</blocTexte>
        <blocTab>0</blocTab>
        <blocPub>0</blocPub>
        <blocIll ocr="0">0</blocIll>
      </page>
      <page h="6942" ordre="6" w="4896">
        <nbMot>0</nbMot>
        <blocTexte>0</blocTexte>
        <blocTab>0</blocTab>
        <blocPub>0</blocPub>
        <blocIll ocr="0">0</blocIll>
      </page>
      <page h="6960" ordre="7" w="4896">
        <nbMot>897</nbMot>
        <blocTexte>31</blocTexte>
        <blocTab>0</blocTab>
        <blocPub>0</blocPub>
        <blocIll ocr="0">0</blocIll>
      </page>
      <page h="6932" ordre="8" w="4896">
        <nbMot>909</nbMot>
        <blocTexte>26</blocTexte>
        <blocTab>0</blocTab>
        <blocPub>0</blocPub>
        <blocIll ocr="0">0</blocIll>
      </page>
      <page h="6948" ordre="9" w="4896">
        <nbMot>912</nbMot>
        <blocTexte>16</blocTexte>
        <blocTab>0</blocTab>
        <blocPub>0</blocPub>
        <blocIll ocr="0">0</blocIll>
      </page>
      <page h="6917" ordre="10" w="4896">
        <nbMot>417</nbMot>
        <blocTexte>6</blocTexte>
        <blocTab>0</blocTab>
        <blocPub>0</blocPub>
        <blocIll ocr="0">0</blocIll>
      </page>
      <page h="6894" ordre="11" w="4896">
        <nbMot>77</nbMot>
        <blocTexte>6</blocTexte>
        <blocTab>0</blocTab>
        <blocPub>0</blocPub>
        <blocIll ocr="1">1</blocIll>
        <ills>
          <ill couleur="coul" h="3643" n="11-1" taille="0" w="2967" x="911" y="1397">
            <contenuImg b="144" coul="1" g="157" ordre="2" r="164" source="colorific" type="frg">#a49d90</contenuImg>
            <contenuImg b="98" coul="1" g="125" ordre="1" r="156" source="colorific" type="frg">#9c7d62</contenuImg>
            <contenuImg CS="1.0" lang="fr" source="hm">coquillage,crustacé</contenuImg>
            <contenuImg CS="1.0" lang="fr" source="hm">animal</contenuImg>
            <tech source="final">estampe/gravure</tech>
            <theme source="final">13</theme>
            <tech CS="0.9" source="md">estampe/gravure</tech>
            <theme CS="0.9" source="md">13</theme>
            <contenuImg CS="1.0" lang="en" source="hm">animal</contenuImg>
            <contenuImg CS="1.0" lang="en" source="hm">shellfish</contenuImg>
            <contenuImg CS="1.0" lang="en" source="hm">inverterbrate</contenuImg>
            <leg>1.2. 0 LI VI : Kosolino. (JAi\ A 1( l.I  lti   Ô 4* OL. Zonai,  OA /:0/( ;(: , ô. () OL. Kronicnl (JI  ¡;.(i(;.,   8 01, Lrpîe (/A. /.  / / *.</leg>
          </ill>
        </ills>
      </page>
      <page h="6932" ordre="12" w="4920">
        <nbMot>0</nbMot>
        <blocTexte>0</blocTexte>
        <blocTab>0</blocTab>
        <blocPub>0</blocPub>
        <blocIll ocr="0">0</blocIll>
      </page>
      <page h="6984" ordre="13" w="4896">
        <nbMot>79</nbMot>
        <blocTexte>10</blocTexte>
        <blocTab>0</blocTab>
        <blocPub>0</blocPub>
        <blocIll ocr="1">1</blocIll>
        <ills>
          <ill couleur="coul" h="3637" n="13-1" taille="0" w="2785" x="1030" y="1378">
            <contenuImg b="86" coul="1" g="102" ordre="3" r="126" source="colorific" type="frg">#7e6656</contenuImg>
            <contenuImg b="130" coul="1" g="144" ordre="2" r="150" source="colorific" type="frg">#969082</contenuImg>
            <contenuImg b="200" coul="1" g="222" ordre="1" r="234" source="colorific" type="frg">#eadec8</contenuImg>
            <contenuImg CS="1.0" lang="fr" source="hm">coquillage,crustacé</contenuImg>
            <contenuImg CS="1.0" lang="fr" source="hm">animal</contenuImg>
            <tech source="final">estampe/gravure</tech>
            <theme source="final">13</theme>
            <tech CS="0.9" source="md">estampe/gravure</tech>
            <theme CS="0.9" source="md">13</theme>
            <contenuImg CS="1.0" lang="en" source="hm">animal</contenuImg>
            <contenuImg CS="1.0" lang="en" source="hm">shellfish</contenuImg>
            <contenuImg CS="1.0" lang="en" source="hm">inverterbrate</contenuImg>
            <leg>1 2. OI.IVK Zi^-Ziui; OIJJ:,j Z 0).. Ici. Of., /,/. 4-■ oi Id Of. Id,</leg>
            <txt>//. //.</txt>
          </ill>
        </ills>
      </page>
      <page h="6932" ordre="14" w="4884">
        <nbMot>0</nbMot>
        <blocTexte>0</blocTexte>
        <blocTab>0</blocTab>
        <blocPub>0</blocPub>
        <blocIll ocr="0">0</blocIll>
      </page>
      <page h="6936" ordre="15" w="4884">
        <nbMot>76</nbMot>
        <blocTexte>6</blocTexte>
        <blocTab>0</blocTab>
        <blocPub>0</blocPub>
        <blocIll ocr="1">1</blocIll>
        <ills>
          <ill couleur="coul" h="3641" n="15-1" taille="0" w="2866" x="973" y="1305">
            <contenuImg b="68" coul="1" g="87" ordre="3" r="105" source="colorific" type="frg">#695744</contenuImg>
            <contenuImg b="113" coul="1" g="152" ordre="2" r="179" source="colorific" type="frg">#b39871</contenuImg>
            <contenuImg b="139" coul="1" g="156" ordre="1" r="163" source="colorific" type="frg">#a39c8b</contenuImg>
            <contenuImg CS="1.0" lang="fr" source="hm">coquillage,crustacé</contenuImg>
            <contenuImg CS="1.0" lang="fr" source="hm">animal</contenuImg>
            <tech source="final">estampe/gravure</tech>
            <theme source="final">13</theme>
            <tech CS="0.9" source="md">estampe/gravure</tech>
            <theme CS="0.9" source="md">13</theme>
            <contenuImg CS="1.0" lang="en" source="hm">animal</contenuImg>
            <contenuImg CS="1.0" lang="en" source="hm">shellfish</contenuImg>
            <contenuImg CS="1.0" lang="en" source="hm">inverterbrate</contenuImg>
            <leg>1.2. OI.IYK \, U h m(JI.! \ I .1 ilr/ui.i , i + (H.. t n li. in l c (JI., (\  /mu /   . :, G. 0 1,. J)  ¡11), (JI</leg>
            <txt>/l/. l-, /l/. l-,</txt>
          </ill>
        </ills>
      </page>
      <page h="6920" ordre="16" w="4872">
        <nbMot>0</nbMot>
        <blocTexte>0</blocTexte>
        <blocTab>0</blocTab>
        <blocPub>0</blocPub>
        <blocIll ocr="0">0</blocIll>
      </page>
      <page h="6960" ordre="17" w="4872">
        <nbMot>68</nbMot>
        <blocTexte>5</blocTexte>
        <blocTab>0</blocTab>
        <blocPub>0</blocPub>
        <blocIll ocr="1">1</blocIll>
        <ills>
          <ill couleur="coul" h="3597" n="17-1" taille="0" w="2790" x="1019" y="1302">
            <contenuImg b="94" coul="1" g="102" ordre="3" r="107" source="colorific" type="frg">#6b665e</contenuImg>
            <contenuImg b="122" coul="1" g="145" ordre="2" r="162" source="colorific" type="frg">#a2917a</contenuImg>
            <contenuImg b="198" coul="1" g="220" ordre="1" r="232" source="colorific" type="frg">#e8dcc6</contenuImg>
            <contenuImg CS="1.0" lang="fr" source="hm">coquillage,crustacé</contenuImg>
            <contenuImg CS="1.0" lang="fr" source="hm">animal</contenuImg>
            <tech source="final">estampe/gravure</tech>
            <theme source="final">13</theme>
            <tech CS="0.9" source="md">estampe/gravure</tech>
            <theme CS="0.9" source="md">13</theme>
            <contenuImg CS="1.0" lang="en" source="hm">animal</contenuImg>
            <contenuImg CS="1.0" lang="en" source="hm">shellfish</contenuImg>
            <contenuImg CS="1.0" lang="en" source="hm">inverterbrate</contenuImg>
            <leg>i 2 OLIVE .Witrcole. O/./ 1 .1 3,4., OL I.auOlonl, OI..  nfm/i 1 1 .6 OL Ks mil oie. (JI., / J,rmi/o(a 7 -8. OL(lalioLine, Of., / ¡1I/otina  ).io. 01,. (ioiiUieiv. Of, (ir/ur/f/tvtr</leg>
            <txt>j l, J. j l, J.</txt>
          </ill>
        </ills>
      </page>
      <page h="6930" ordre="18" w="4884">
        <nbMot>0</nbMot>
        <blocTexte>0</blocTexte>
        <blocTab>0</blocTab>
        <blocPub>0</blocPub>
        <blocIll ocr="0">0</blocIll>
      </page>
      <page h="6960" ordre="19" w="4908">
        <nbMot>67</nbMot>
        <blocTexte>6</blocTexte>
        <blocTab>0</blocTab>
        <blocPub>0</blocPub>
        <blocIll ocr="1">1</blocIll>
        <ills>
          <ill couleur="coul" h="3597" n="19-1" taille="0" w="2790" x="1019" y="1302">
            <contenuImg b="201" coul="1" g="227" ordre="4" r="237" source="colorific" type="frg">#ede3c9</contenuImg>
            <contenuImg b="63" coul="1" g="78" ordre="3" r="102" source="colorific" type="frg">#664e3f</contenuImg>
            <contenuImg b="109" coul="1" g="138" ordre="2" r="157" source="colorific" type="frg">#9d8a6d</contenuImg>
            <contenuImg b="150" coul="1" g="160" ordre="1" r="169" source="colorific" type="frg">#a9a096</contenuImg>
            <contenuImg CS="1.0" lang="fr" source="hm">coquillage,crustacé</contenuImg>
            <contenuImg CS="1.0" lang="fr" source="hm">animal</contenuImg>
            <tech source="final">estampe/gravure</tech>
            <theme source="final">13</theme>
            <tech CS="0.9" source="md">estampe/gravure</tech>
            <theme CS="0.9" source="md">13</theme>
            <contenuImg CS="1.0" lang="en" source="hm">animal</contenuImg>
            <contenuImg CS="1.0" lang="en" source="hm">shellfish</contenuImg>
            <contenuImg CS="1.0" lang="en" source="hm">inverterbrate</contenuImg>
            <leg>/ re/re aet 1.2.3. OLIVK l uelche /«w son. Moliusquey UL!\ A / (lelœfta 4, ),6,01.,_ld, OL Id 8.i).0l/.. Téhuelchc/aiwj-onMot/nj-^ney 01. li nue/dur iod-4 0h. -Id .-01. Id, // i.tyrand</leg>
            <txt>1 / j Il,, 1 / j Il,,</txt>
          </ill>
        </ills>
      </page>
      <page h="7004" ordre="20" w="4932">
        <nbMot>0</nbMot>
        <blocTexte>0</blocTexte>
        <blocTab>0</blocTab>
        <blocPub>0</blocPub>
        <blocIll ocr="0">0</blocIll>
      </page>
      <page h="6960" ordre="21" w="4980">
        <nbMot>79</nbMot>
        <blocTexte>4</blocTexte>
        <blocTab>0</blocTab>
        <blocPub>0</blocPub>
        <blocIll ocr="1">1</blocIll>
        <ills>
          <ill couleur="coul" h="3597" n="21-1" taille="0" w="2824" x="1041" y="1372">
            <contenuImg b="92" coul="1" g="122" ordre="3" r="152" source="colorific" type="frg">#987a5c</contenuImg>
            <contenuImg b="94" coul="1" g="105" ordre="2" r="112" source="colorific" type="frg">#70695e</contenuImg>
            <contenuImg b="173" coul="1" g="190" ordre="1" r="198" source="colorific" type="frg">#c6bead</contenuImg>
            <contenuImg CS="1.0" lang="fr" source="hm">coquillage,crustacé</contenuImg>
            <contenuImg CS="1.0" lang="fr" source="hm">animal</contenuImg>
            <tech source="final">estampe/gravure</tech>
            <theme source="final">13</theme>
            <tech CS="0.9" source="md">estampe/gravure</tech>
            <theme CS="0.9" source="md">13</theme>
            <contenuImg CS="1.0" lang="en" source="hm">animal</contenuImg>
            <contenuImg CS="1.0" lang="en" source="hm">shellfish</contenuImg>
            <contenuImg CS="1.0" lang="en" source="hm">inverterbrate</contenuImg>
            <leg>.. 2, 0 LIV K At inadino. OLI i  Il Miriadista 0.4. 01. Anazoro. OL An i\ora. ô 6. 0 L OndatoIIa. ()/. ( /n/a/?//n. ,-  10, 01.. ---Id, OfM.  a/  Il, 11. OL Aliji-none. (J/. .-h.ddÍelln..</leg>
            <txt>fi X fi X</txt>
          </ill>
        </ills>
      </page>
      <page h="6942" ordre="22" w="4956">
        <nbMot>0</nbMot>
        <blocTexte>0</blocTexte>
        <blocTab>0</blocTab>
        <blocPub>0</blocPub>
        <blocIll ocr="0">0</blocIll>
      </page>
      <page h="6996" ordre="23" w="4932">
        <nbMot>54</nbMot>
        <blocTexte>3</blocTexte>
        <blocTab>0</blocTab>
        <blocPub>0</blocPub>
        <blocIll ocr="1">1</blocIll>
        <ills>
          <ill couleur="coul" h="3597" n="23-1" taille="0" w="2856" x="939" y="1451">
            <contenuImg b="74" coul="1" g="79" ordre="3" r="83" source="colorific" type="frg">#534f4a</contenuImg>
            <contenuImg b="114" coul="1" g="150" ordre="2" r="180" source="colorific" type="frg">#b49672</contenuImg>
            <contenuImg b="131" coul="1" g="146" ordre="1" r="151" source="colorific" type="frg">#979283</contenuImg>
            <contenuImg CS="1.0" lang="fr" source="hm">coquillage,crustacé</contenuImg>
            <contenuImg CS="1.0" lang="fr" source="hm">animal</contenuImg>
            <tech source="final">estampe/gravure</tech>
            <theme source="final">13</theme>
            <tech CS="0.9" source="md">estampe/gravure</tech>
            <theme CS="0.9" source="md">13</theme>
            <contenuImg CS="1.0" lang="en" source="hm">animal</contenuImg>
            <contenuImg CS="1.0" lang="en" source="hm">shellfish</contenuImg>
            <contenuImg CS="1.0" lang="en" source="hm">inverterbrate</contenuImg>
            <leg>l, a. () LI VI : Ton ]urne. OLIVA /u/u[iti/ut 34. OI C al d an 1 o Of, CaMastt a ci. G. OL. Razamole. Ol lia^anio/a.</leg>
            <txt>f !, o. f !, o.</txt>
          </ill>
        </ills>
      </page>
      <page h="7028" ordre="24" w="4956">
        <nbMot>0</nbMot>
        <blocTexte>0</blocTexte>
        <blocTab>0</blocTab>
        <blocPub>0</blocPub>
        <blocIll ocr="0">0</blocIll>
      </page>
      <page h="6996" ordre="25" w="4992">
        <nbMot>92</nbMot>
        <blocTexte>10</blocTexte>
        <blocTab>0</blocTab>
        <blocPub>0</blocPub>
        <blocIll ocr="1">1</blocIll>
        <ills>
          <ill couleur="coul" h="3633" n="25-1" taille="0" w="2790" x="1048" y="1380">
            <contenuImg b="56" coul="1" g="60" ordre="4" r="64" source="colorific" type="frg">#403c38</contenuImg>
            <contenuImg b="95" coul="1" g="125" ordre="3" r="152" source="colorific" type="frg">#987d5f</contenuImg>
            <contenuImg b="102" coul="1" g="117" ordre="2" r="124" source="colorific" type="frg">#7c7566</contenuImg>
            <contenuImg b="199" coul="1" g="221" ordre="1" r="233" source="colorific" type="frg">#e9ddc7</contenuImg>
            <contenuImg CS="1.0" lang="fr" source="hm">coquillage,crustacé</contenuImg>
            <contenuImg CS="1.0" lang="fr" source="hm">animal</contenuImg>
            <tech source="final">estampe/gravure</tech>
            <theme source="final">13</theme>
            <tech CS="0.9" source="md">estampe/gravure</tech>
            <theme CS="0.9" source="md">13</theme>
            <contenuImg CS="1.0" lang="en" source="hm">animal</contenuImg>
            <contenuImg CS="1.0" lang="en" source="hm">shellfish</contenuImg>
            <contenuImg CS="1.0" lang="en" source="hm">inverterbrate</contenuImg>
            <leg>i. ()).tVK Isjiu]uIr ( /./\ /.r/uthtfa Ot.. [cl tatrr son //u //tt,rytit\r () /, . III imr. :;, 01.. rd, (JI. , 1,/</leg>
            <txt>[texte_manquant] [texte_manquant]</txt>
          </ill>
        </ills>
      </page>
      <page h="6992" ordre="26" w="4956">
        <nbMot>0</nbMot>
        <blocTexte>0</blocTexte>
        <blocTab>0</blocTab>
        <blocPub>0</blocPub>
        <blocIll ocr="0">0</blocIll>
      </page>
      <page h="6945" ordre="27" w="4944">
        <nbMot>87</nbMot>
        <blocTexte>7</blocTexte>
        <blocTab>0</blocTab>
        <blocPub>0</blocPub>
        <blocIll ocr="1">1</blocIll>
        <ills>
          <ill couleur="coul" h="3597" n="27-1" taille="0" w="2790" x="1019" y="1359">
            <contenuImg b="64" coul="1" g="75" ordre="3" r="91" source="colorific" type="frg">#5b4b40</contenuImg>
            <contenuImg b="110" coul="1" g="124" ordre="2" r="131" source="colorific" type="frg">#837c6e</contenuImg>
            <contenuImg b="197" coul="1" g="217" ordre="1" r="228" source="colorific" type="frg">#e4d9c5</contenuImg>
            <contenuImg CS="1.0" lang="fr" source="hm">coquillage,crustacé</contenuImg>
            <contenuImg CS="1.0" lang="fr" source="hm">animal</contenuImg>
            <tech source="final">estampe/gravure</tech>
            <theme source="final">13</theme>
            <tech CS="0.9" source="md">estampe/gravure</tech>
            <theme CS="0.9" source="md">13</theme>
            <contenuImg CS="1.0" lang="en" source="hm">animal</contenuImg>
            <contenuImg CS="1.0" lang="en" source="hm">shellfish</contenuImg>
            <contenuImg CS="1.0" lang="en" source="hm">inverterbrate</contenuImg>
            <leg>1 2. OLIVE Aniomiiic. ()f,fY. I .III/OIII///{[, 5 i. 01. Austra)c. Of.. Iii.f/rit/is 01,. gi :5,u,, èe, ()/.. zi,,« I l ,.</leg>
          </ill>
        </ills>
      </page>
      <page h="6968" ordre="28" w="4944">
        <nbMot>0</nbMot>
        <blocTexte>0</blocTexte>
        <blocTab>0</blocTab>
        <blocPub>0</blocPub>
        <blocIll ocr="0">0</blocIll>
      </page>
      <page h="6972" ordre="29" w="4944">
        <nbMot>78</nbMot>
        <blocTexte>6</blocTexte>
        <blocTab>0</blocTab>
        <blocPub>0</blocPub>
        <blocIll ocr="1">1</blocIll>
        <ills>
          <ill couleur="coul" h="3687" n="29-1" taille="0" w="2802" x="943" y="1361">
            <contenuImg b="75" coul="1" g="111" ordre="5" r="151" source="colorific" type="frg">#976f4b</contenuImg>
            <contenuImg b="58" coul="1" g="75" ordre="4" r="99" source="colorific" type="frg">#634b3a</contenuImg>
            <contenuImg b="144" coul="1" g="158" ordre="3" r="166" source="colorific" type="frg">#a69e90</contenuImg>
            <contenuImg b="123" coul="1" g="154" ordre="2" r="176" source="colorific" type="frg">#b09a7b</contenuImg>
            <contenuImg b="200" coul="1" g="222" ordre="1" r="234" source="colorific" type="frg">#eadec8</contenuImg>
            <contenuImg CS="1.0" lang="fr" source="hm">coquillage,crustacé</contenuImg>
            <contenuImg CS="1.0" lang="fr" source="hm">animal</contenuImg>
            <tech source="final">estampe/gravure</tech>
            <theme source="final">13</theme>
            <tech CS="0.9" source="md">estampe/gravure</tech>
            <theme CS="0.9" source="md">13</theme>
            <contenuImg CS="1.0" lang="en" source="hm">animal</contenuImg>
            <contenuImg CS="1.0" lang="en" source="hm">shellfish</contenuImg>
            <contenuImg CS="1.0" lang="en" source="hm">inverterbrate</contenuImg>
            <leg>j. Ol.IVIi llnllante. (J/JJ:t S/ / ■» /«/«/„. 5 +• 01.. Kc lie j a ré e Jl. /ù /rsu/nr/j 01. Id /)/. /,/</leg>
          </ill>
        </ills>
      </page>
      <page h="6962" ordre="30" w="4956">
        <nbMot>0</nbMot>
        <blocTexte>0</blocTexte>
        <blocTab>0</blocTab>
        <blocPub>0</blocPub>
        <blocIll ocr="0">0</blocIll>
      </page>
      <page h="6972" ordre="31" w="4980">
        <nbMot>52</nbMot>
        <blocTexte>4</blocTexte>
        <blocTab>0</blocTab>
        <blocPub>0</blocPub>
        <blocIll ocr="1">1</blocIll>
        <ills>
          <ill couleur="coul" h="3690" n="31-1" taille="0" w="2789" x="1120" y="1437">
            <contenuImg b="104" coul="1" g="109" ordre="3" r="113" source="colorific" type="frg">#716d68</contenuImg>
            <contenuImg b="84" coul="1" g="100" ordre="2" r="118" source="colorific" type="frg">#766454</contenuImg>
            <contenuImg b="179" coul="1" g="198" ordre="1" r="206" source="colorific" type="frg">#cec6b3</contenuImg>
            <contenuImg CS="1.0" lang="fr" source="hm">coquillage,crustacé</contenuImg>
            <contenuImg CS="1.0" lang="fr" source="hm">animal</contenuImg>
            <tech source="final">estampe/gravure</tech>
            <theme source="final">13</theme>
            <tech CS="0.9" source="md">estampe/gravure</tech>
            <theme CS="0.9" source="md">13</theme>
            <contenuImg CS="1.0" lang="en" source="hm">animal</contenuImg>
            <contenuImg CS="1.0" lang="en" source="hm">shellfish</contenuImg>
            <contenuImg CS="1.0" lang="en" source="hm">inverterbrate</contenuImg>
            <leg>1. 2. OLIVE Oriole. OLZVJl Oriultv. 3. 4   OL.-,Nitidule. OZ Jfùidula/. 6 6 OL : Deuil. OZ. Zuguèrùr.</leg>
            <txt>.Pl, io. .Pl, io.</txt>
          </ill>
        </ills>
      </page>
      <page h="6974" ordre="32" w="4968">
        <nbMot>0</nbMot>
        <blocTexte>0</blocTexte>
        <blocTab>0</blocTab>
        <blocPub>0</blocPub>
        <blocIll ocr="0">0</blocIll>
      </page>
      <page h="6972" ordre="33" w="5002">
        <nbMot>70</nbMot>
        <blocTexte>4</blocTexte>
        <blocTab>0</blocTab>
        <blocPub>0</blocPub>
        <blocIll ocr="1">1</blocIll>
        <ills>
          <ill couleur="coul" h="3656" n="33-1" taille="0" w="2788" x="1064" y="1365">
            <contenuImg b="108" coul="1" g="134" ordre="3" r="177" source="colorific" type="frg">#b1866c</contenuImg>
            <contenuImg b="66" coul="1" g="77" ordre="2" r="97" source="colorific" type="frg">#614d42</contenuImg>
            <contenuImg b="98" coul="1" g="118" ordre="1" r="134" source="colorific" type="frg">#867662</contenuImg>
            <contenuImg CS="1.0" lang="fr" source="hm">coquillage,crustacé</contenuImg>
            <contenuImg CS="1.0" lang="fr" source="hm">animal</contenuImg>
            <tech source="final">estampe/gravure</tech>
            <theme source="final">13</theme>
            <tech CS="0.9" source="md">estampe/gravure</tech>
            <theme CS="0.9" source="md">13</theme>
            <contenuImg CS="1.0" lang="en" source="hm">animal</contenuImg>
            <contenuImg CS="1.0" lang="en" source="hm">shellfish</contenuImg>
            <contenuImg CS="1.0" lang="en" source="hm">inverterbrate</contenuImg>
            <leg>1. OLf VE Trémuline OL/VA. Tremulina. 2. OL Id .--,,OL Id. var. 3. OI. Id -var. OL Id. var. i. OL fd OL Id. ~var.</leg>
            <txt>PI, /7. PI, /7.</txt>
          </ill>
        </ills>
      </page>
      <page h="6962" ordre="34" w="5016">
        <nbMot>0</nbMot>
        <blocTexte>0</blocTexte>
        <blocTab>0</blocTab>
        <blocPub>0</blocPub>
        <blocIll ocr="0">0</blocIll>
      </page>
      <page h="6960" ordre="35" w="4944">
        <nbMot>64</nbMot>
        <blocTexte>4</blocTexte>
        <blocTab>0</blocTab>
        <blocPub>0</blocPub>
        <blocIll ocr="1">1</blocIll>
        <ills>
          <ill couleur="coul" h="3597" n="35-1" taille="0" w="2790" x="1019" y="1373">
            <contenuImg b="62" coul="1" g="70" ordre="4" r="78" source="colorific" type="frg">#4e463e</contenuImg>
            <contenuImg b="70" coul="1" g="86" ordre="3" r="109" source="colorific" type="frg">#6d5646</contenuImg>
            <contenuImg b="121" coul="1" g="137" ordre="2" r="149" source="colorific" type="frg">#958979</contenuImg>
            <contenuImg b="189" coul="1" g="212" ordre="1" r="228" source="colorific" type="frg">#e4d4bd</contenuImg>
            <contenuImg CS="1.0" lang="fr" source="hm">coquillage,crustacé</contenuImg>
            <contenuImg CS="1.0" lang="fr" source="hm">animal</contenuImg>
            <tech source="final">estampe/gravure</tech>
            <theme source="final">13</theme>
            <tech CS="0.9" source="md">estampe/gravure</tech>
            <theme CS="0.9" source="md">13</theme>
            <contenuImg CS="1.0" lang="en" source="hm">animal</contenuImg>
            <contenuImg CS="1.0" lang="en" source="hm">shellfish</contenuImg>
            <contenuImg CS="1.0" lang="en" source="hm">inverterbrate</contenuImg>
            <leg>1.2. 0 1.1\  ; Aouminoe. OL! IA Aat/tu/inCit 5. Ol.. — Id. iépot-illée. OL. /,/.4. () 1 Id. car ol. /d var. ô (i. \)J  --Subuloo. 01,., --j ubuùilii</leg>
            <txt>M I:J M I:J</txt>
          </ill>
        </ills>
      </page>
      <page h="6962" ordre="36" w="4932">
        <nbMot>0</nbMot>
        <blocTexte>0</blocTexte>
        <blocTab>0</blocTab>
        <blocPub>0</blocPub>
        <blocIll ocr="0">0</blocIll>
      </page>
      <page h="6960" ordre="37" w="4944">
        <nbMot>53</nbMot>
        <blocTexte>4</blocTexte>
        <blocTab>0</blocTab>
        <blocPub>0</blocPub>
        <blocIll ocr="1">1</blocIll>
        <ills>
          <ill couleur="coul" h="3675" n="37-1" taille="0" w="2867" x="942" y="1260">
            <contenuImg b="79" coul="1" g="89" ordre="5" r="99" source="colorific" type="frg">#63594f</contenuImg>
            <contenuImg b="90" coul="1" g="99" ordre="4" r="169" source="colorific" type="frg">#a9635a</contenuImg>
            <contenuImg b="92" coul="1" g="113" ordre="3" r="142" source="colorific" type="frg">#8e715c</contenuImg>
            <contenuImg b="124" coul="1" g="137" ordre="2" r="143" source="colorific" type="frg">#8f897c</contenuImg>
            <contenuImg b="180" coul="1" g="200" ordre="1" r="210" source="colorific" type="frg">#d2c8b4</contenuImg>
            <contenuImg CS="1.0" lang="fr" source="hm">coquillage,crustacé</contenuImg>
            <contenuImg CS="1.0" lang="fr" source="hm">animal</contenuImg>
            <tech source="final">estampe/gravure</tech>
            <theme source="final">13</theme>
            <tech CS="0.9" source="md">estampe/gravure</tech>
            <theme CS="0.9" source="md">13</theme>
            <contenuImg CS="1.0" lang="en" source="hm">animal</contenuImg>
            <contenuImg CS="1.0" lang="en" source="hm">shellfish</contenuImg>
            <contenuImg CS="1.0" lang="en" source="hm">inverterbrate</contenuImg>
            <leg>I. J ,OI.LVI : Krythrostome OLI-I,,l Eri/t/irostoma. 5. OL ~ id -mrr OL Id »«/•</leg>
            <txt>7Y y. r 7Y y. r</txt>
          </ill>
        </ills>
      </page>
      <page h="6992" ordre="38" w="4932">
        <nbMot>0</nbMot>
        <blocTexte>0</blocTexte>
        <blocTab>0</blocTab>
        <blocPub>0</blocPub>
        <blocIll ocr="0">0</blocIll>
      </page>
      <page h="6996" ordre="39" w="4956">
        <nbMot>66</nbMot>
        <blocTexte>3</blocTexte>
        <blocTab>0</blocTab>
        <blocPub>0</blocPub>
        <blocIll ocr="1">1</blocIll>
        <ills>
          <ill couleur="coul" h="3636" n="39-1" taille="0" w="2719" x="1019" y="1253">
            <contenuImg b="68" coul="1" g="84" ordre="2" r="104" source="colorific" type="frg">#685444</contenuImg>
            <contenuImg b="144" coul="1" g="156" ordre="1" r="163" source="colorific" type="frg">#a39c90</contenuImg>
            <contenuImg CS="1.0" lang="fr" source="hm">coquillage,crustacé</contenuImg>
            <contenuImg CS="1.0" lang="fr" source="hm">animal</contenuImg>
            <tech source="final">estampe/gravure</tech>
            <theme source="final">13</theme>
            <tech CS="0.9" source="md">estampe/gravure</tech>
            <theme CS="0.9" source="md">13</theme>
            <contenuImg CS="1.0" lang="en" source="hm">animal</contenuImg>
            <contenuImg CS="1.0" lang="en" source="hm">shellfish</contenuImg>
            <contenuImg CS="1.0" lang="en" source="hm">inverterbrate</contenuImg>
            <leg>1.2 01.1\ 1 : Azomulo OU VA A;;NI/ula, 5. OL.  ) cx.Uhnc Of., r;u.ftkna 4. 0!.. il .V.V. O!. Id,-,VlU  5. 01 --(d,_v lr OC_td—.var.</leg>
            <txt>/V. ,i.. /V. ,i..</txt>
          </ill>
        </ills>
      </page>
      <page h="7016" ordre="40" w="4932">
        <nbMot>0</nbMot>
        <blocTexte>0</blocTexte>
        <blocTab>0</blocTab>
        <blocPub>0</blocPub>
        <blocIll ocr="0">0</blocIll>
      </page>
      <page h="7052" ordre="41" w="4956">
        <nbMot>56</nbMot>
        <blocTexte>4</blocTexte>
        <blocTab>0</blocTab>
        <blocPub>0</blocPub>
        <blocIll ocr="1">1</blocIll>
        <ills>
          <ill couleur="coul" h="3716" n="41-1" taille="0" w="2790" x="1019" y="1370">
            <contenuImg b="61" coul="1" g="81" ordre="3" r="121" source="colorific" type="frg">#79513d</contenuImg>
            <contenuImg b="141" coul="1" g="149" ordre="2" r="155" source="colorific" type="frg">#9b958d</contenuImg>
            <contenuImg b="93" coul="1" g="113" ordre="1" r="130" source="colorific" type="frg">#82715d</contenuImg>
            <contenuImg CS="1.0" lang="fr" source="hm">coquillage,crustacé</contenuImg>
            <contenuImg CS="1.0" lang="fr" source="hm">animal</contenuImg>
            <tech source="final">estampe/gravure</tech>
            <theme source="final">13</theme>
            <tech CS="0.9" source="md">estampe/gravure</tech>
            <theme CS="0.9" source="md">13</theme>
            <contenuImg CS="1.0" lang="en" source="hm">animal</contenuImg>
            <contenuImg CS="1.0" lang="en" source="hm">shellfish</contenuImg>
            <contenuImg CS="1.0" lang="en" source="hm">inverterbrate</contenuImg>
            <leg>1,2 OIJVIÏ \laculce. OLJVA Uand.tf.i 01 lit.... «w. {JI  Id  v,,r 4.. 01 Id, O/... Id, .-  11  j. 0) --Id   „r Of., Id G OI.IV H .\tacufcc. (JI. /1 l ,/lil( tt/a/a 8 0).. M.-uilioliorc. (JI., J/(l//I/,./¡(II fl 1) à -2. DL, — l cniv ie 110 (JI. /  ■/■/tvia/ui. 1 àIG,Or., !li.(JI., /d. -oar</leg>
            <txt>[texte_manquant] [texte_manquant]</txt>
          </ill>
        </ills>
      </page>
      <page h="7048" ordre="42" w="4992">
        <nbMot>0</nbMot>
        <blocTexte>0</blocTexte>
        <blocTab>0</blocTab>
        <blocPub>0</blocPub>
        <blocIll ocr="0">0</blocIll>
      </page>
      <page h="7056" ordre="43" w="4944">
        <nbMot>64</nbMot>
        <blocTexte>4</blocTexte>
        <blocTab>0</blocTab>
        <blocPub>0</blocPub>
        <blocIll ocr="1">1</blocIll>
        <ills>
          <ill couleur="coul" h="3772" n="43-1" taille="0" w="2985" x="990" y="1252">
            <contenuImg b="86" coul="1" g="104" ordre="2" r="127" source="colorific" type="frg">#7f6856</contenuImg>
            <contenuImg b="166" coul="1" g="184" ordre="1" r="193" source="colorific" type="frg">#c1b8a6</contenuImg>
            <contenuImg CS="1.0" lang="fr" source="hm">coquillage,crustacé</contenuImg>
            <contenuImg CS="1.0" lang="fr" source="hm">animal</contenuImg>
            <tech source="final">estampe/gravure</tech>
            <theme source="final">13</theme>
            <tech CS="0.9" source="md">estampe/gravure</tech>
            <theme CS="0.9" source="md">13</theme>
            <contenuImg CS="1.0" lang="en" source="hm">animal</contenuImg>
            <contenuImg CS="1.0" lang="en" source="hm">shellfish</contenuImg>
            <contenuImg CS="1.0" lang="en" source="hm">inverterbrate</contenuImg>
            <leg>1. 2. OLTVE Polpastc. O/ II A l olpu,( /n 5.4.. 01. Julicle. OL Julie/a,</leg>
          </ill>
        </ills>
      </page>
      <page h="7046" ordre="44" w="4932">
        <nbMot>0</nbMot>
        <blocTexte>0</blocTexte>
        <blocTab>0</blocTab>
        <blocPub>0</blocPub>
        <blocIll ocr="0">0</blocIll>
      </page>
      <page h="7008" ordre="45" w="4896">
        <nbMot>73</nbMot>
        <blocTexte>4</blocTexte>
        <blocTab>0</blocTab>
        <blocPub>0</blocPub>
        <blocIll ocr="1">1</blocIll>
        <ills>
          <ill couleur="coul" h="3688" n="45-1" taille="0" w="2758" x="969" y="1402">
            <contenuImg b="67" coul="1" g="83" ordre="3" r="108" source="colorific" type="frg">#6c5343</contenuImg>
            <contenuImg b="117" coul="1" g="127" ordre="2" r="132" source="colorific" type="frg">#847f75</contenuImg>
            <contenuImg b="135" coul="1" g="159" ordre="1" r="174" source="colorific" type="frg">#ae9f87</contenuImg>
            <contenuImg CS="1.0" lang="fr" source="hm">coquillage,crustacé</contenuImg>
            <contenuImg CS="1.0" lang="fr" source="hm">animal</contenuImg>
            <tech source="final">estampe/gravure</tech>
            <theme source="final">13</theme>
            <tech CS="0.9" source="md">estampe/gravure</tech>
            <theme CS="0.9" source="md">13</theme>
            <contenuImg CS="1.0" lang="en" source="hm">animal</contenuImg>
            <contenuImg CS="1.0" lang="en" source="hm">shellfish</contenuImg>
            <contenuImg CS="1.0" lang="en" source="hm">inverterbrate</contenuImg>
            <leg>1.2. OlJVIi l Irioulo. OL/VA CO-ù uiu.r. ■     0 I. loi ()/, Il i</leg>
          </ill>
        </ills>
      </page>
      <page h="7046" ordre="46" w="4932">
        <nbMot>0</nbMot>
        <blocTexte>0</blocTexte>
        <blocTab>0</blocTab>
        <blocPub>0</blocPub>
        <blocIll ocr="0">0</blocIll>
      </page>
      <page h="7008" ordre="47" w="4980">
        <nbMot>71</nbMot>
        <blocTexte>3</blocTexte>
        <blocTab>0</blocTab>
        <blocPub>0</blocPub>
        <blocIll ocr="1">1</blocIll>
        <ills>
          <ill couleur="coul" h="3573" n="47-1" taille="0" w="2790" x="1090" y="1438">
            <contenuImg b="67" coul="1" g="83" ordre="3" r="100" source="colorific" type="frg">#645343</contenuImg>
            <contenuImg b="199" coul="1" g="224" ordre="2" r="234" source="colorific" type="frg">#eae0c7</contenuImg>
            <contenuImg b="126" coul="1" g="148" ordre="1" r="164" source="colorific" type="frg">#a4947e</contenuImg>
            <contenuImg CS="1.0" lang="fr" source="hm">coquillage,crustacé</contenuImg>
            <contenuImg CS="1.0" lang="fr" source="hm">animal</contenuImg>
            <tech source="final">estampe/gravure</tech>
            <theme source="final">13</theme>
            <tech CS="0.9" source="md">estampe/gravure</tech>
            <theme CS="0.9" source="md">13</theme>
            <contenuImg CS="1.0" lang="en" source="hm">animal</contenuImg>
            <contenuImg CS="1.0" lang="en" source="hm">shellfish</contenuImg>
            <contenuImg CS="1.0" lang="en" source="hm">inverterbrate</contenuImg>
            <leg>1-2. 0 1, V K \ o Li d e OZ* / K1 Ndo{¡da 5.4 0L. -Phillips. OZJ. ZVUY/T/WF 5.6. 01 Pirholine. OZJ Z icZiv Zï/ia -.8. 0 L PadohdeOZ* Z,adohita</leg>
          </ill>
        </ills>
      </page>
      <page h="6962" ordre="48" w="4956">
        <nbMot>0</nbMot>
        <blocTexte>0</blocTexte>
        <blocTab>0</blocTab>
        <blocPub>0</blocPub>
        <blocIll ocr="0">0</blocIll>
      </page>
      <page h="7008" ordre="49" w="4956">
        <nbMot>62</nbMot>
        <blocTexte>7</blocTexte>
        <blocTab>0</blocTab>
        <blocPub>0</blocPub>
        <blocIll ocr="1">1</blocIll>
        <ills>
          <ill couleur="coul" h="3688" n="49-1" taille="0" w="2790" x="1019" y="1359">
            <contenuImg b="115" coul="1" g="134" ordre="1" r="147" source="colorific" type="frg">#938673</contenuImg>
            <contenuImg CS="1.0" lang="fr" source="hm">coquillage,crustacé</contenuImg>
            <contenuImg CS="1.0" lang="fr" source="hm">animal</contenuImg>
            <tech source="final">estampe/gravure</tech>
            <theme source="final">13</theme>
            <tech CS="0.9" source="md">estampe/gravure</tech>
            <theme CS="0.9" source="md">13</theme>
            <contenuImg CS="1.0" lang="en" source="hm">animal</contenuImg>
            <contenuImg CS="1.0" lang="en" source="hm">shellfish</contenuImg>
            <contenuImg CS="1.0" lang="en" source="hm">inverterbrate</contenuImg>
            <leg>I. .. O I. I Y K Minime. 0 /,It,-l /■ /il Aiunma. 5.4. 0L. l ipile. O!.. PipiUl. .) 6 0t.. Oriolidit . O/. Orialidùi. 7.8. 01.Hoint)yhnc. O¿. -Domln/hs.</leg>
            <txt>Pt, / ?. b,.*,,. Pt, / ?. b,.*,,.</txt>
          </ill>
        </ills>
      </page>
      <page h="6992" ordre="50" w="4956">
        <nbMot>0</nbMot>
        <blocTexte>0</blocTexte>
        <blocTab>0</blocTab>
        <blocPub>0</blocPub>
        <blocIll ocr="0">0</blocIll>
      </page>
      <page h="6912" ordre="51" w="4956">
        <nbMot>43</nbMot>
        <blocTexte>4</blocTexte>
        <blocTab>0</blocTab>
        <blocPub>0</blocPub>
        <blocIll ocr="1">1</blocIll>
        <ills>
          <ill couleur="coul" h="3597" n="51-1" taille="0" w="2756" x="1033" y="1401">
            <contenuImg b="63" coul="1" g="69" ordre="5" r="108" source="colorific" type="frg">#6c453f</contenuImg>
            <contenuImg b="86" coul="1" g="94" ordre="4" r="97" source="colorific" type="frg">#615e56</contenuImg>
            <contenuImg b="81" coul="1" g="101" ordre="3" r="120" source="colorific" type="frg">#786551</contenuImg>
            <contenuImg b="127" coul="1" g="164" ordre="2" r="183" source="colorific" type="frg">#b7a47f</contenuImg>
            <contenuImg b="142" coul="1" g="153" ordre="1" r="160" source="colorific" type="frg">#a0998e</contenuImg>
            <contenuImg CS="1.0" lang="fr" source="hm">coquillage,crustacé</contenuImg>
            <contenuImg CS="1.0" lang="fr" source="hm">animal</contenuImg>
            <tech source="final">estampe/gravure</tech>
            <theme source="final">13</theme>
            <tech CS="0.9" source="md">estampe/gravure</tech>
            <theme CS="0.9" source="md">13</theme>
            <contenuImg CS="1.0" lang="en" source="hm">animal</contenuImg>
            <contenuImg CS="1.0" lang="en" source="hm">shellfish</contenuImg>
            <contenuImg CS="1.0" lang="en" source="hm">inverterbrate</contenuImg>
            <leg>12, 01.1 VK Sidôlie. fJlJf//1 .l ttlt IÙl. 3. 4 Ci,. _ . Hômillonc. OJ. I/tWldlt W</leg>
            <txt>/ /■ /.IJ. / /■ /.IJ.</txt>
          </ill>
        </ills>
      </page>
      <page h="6896" ordre="52" w="4956">
        <nbMot>0</nbMot>
        <blocTexte>0</blocTexte>
        <blocTab>0</blocTab>
        <blocPub>0</blocPub>
        <blocIll ocr="0">0</blocIll>
      </page>
      <page h="6996" ordre="53" w="4944">
        <nbMot>68</nbMot>
        <blocTexte>4</blocTexte>
        <blocTab>0</blocTab>
        <blocPub>0</blocPub>
        <blocIll ocr="1">1</blocIll>
        <ills>
          <ill couleur="coul" h="3651" n="53-1" taille="0" w="2790" x="1033" y="1302">
            <contenuImg b="91" coul="1" g="118" ordre="4" r="168" source="colorific" type="frg">#a8765b</contenuImg>
            <contenuImg b="114" coul="1" g="151" ordre="3" r="193" source="colorific" type="frg">#c19772</contenuImg>
            <contenuImg b="81" coul="1" g="101" ordre="2" r="118" source="colorific" type="frg">#766551</contenuImg>
            <contenuImg b="169" coul="1" g="189" ordre="1" r="198" source="colorific" type="frg">#c6bda9</contenuImg>
            <contenuImg CS="1.0" lang="fr" source="hm">coquillage,crustacé</contenuImg>
            <contenuImg CS="1.0" lang="fr" source="hm">animal</contenuImg>
            <tech source="final">estampe/gravure</tech>
            <theme source="final">13</theme>
            <tech CS="0.9" source="md">estampe/gravure</tech>
            <theme CS="0.9" source="md">13</theme>
            <contenuImg CS="1.0" lang="en" source="hm">animal</contenuImg>
            <contenuImg CS="1.0" lang="en" source="hm">shellfish</contenuImg>
            <contenuImg CS="1.0" lang="en" source="hm">inverterbrate</contenuImg>
            <leg>i.2. 0 I. I V Il Mustel.no 01..11:,1 Alu teIÙ¡a 3. 4 ()!.._ __ Kvanic. (,)/, __    lltVZÚl. S(), l hilanliio. 0/ l jUtant/Ill ~ ()l, Masare. ()/.. Ahufafitf.</leg>
            <txt>/Ji.20. /Ji.20.</txt>
          </ill>
        </ills>
      </page>
      <page h="7004" ordre="54" w="4932">
        <nbMot>0</nbMot>
        <blocTexte>0</blocTexte>
        <blocTab>0</blocTab>
        <blocPub>0</blocPub>
        <blocIll ocr="0">0</blocIll>
      </page>
      <page h="6852" ordre="55" w="4896">
        <nbMot>59</nbMot>
        <blocTexte>4</blocTexte>
        <blocTab>0</blocTab>
        <blocPub>0</blocPub>
        <blocIll ocr="1">1</blocIll>
        <ills>
          <ill couleur="coul" h="3597" n="55-1" taille="0" w="2781" x="1082" y="1239">
            <contenuImg b="103" coul="1" g="135" ordre="4" r="169" source="colorific" type="frg">#a98767</contenuImg>
            <contenuImg b="55" coul="1" g="66" ordre="3" r="90" source="colorific" type="frg">#5a4237</contenuImg>
            <contenuImg b="77" coul="1" g="94" ordre="2" r="109" source="colorific" type="frg">#6d5e4d</contenuImg>
            <contenuImg b="145" coul="1" g="160" ordre="1" r="169" source="colorific" type="frg">#a9a091</contenuImg>
            <contenuImg CS="1.0" lang="fr" source="hm">coquillage,crustacé</contenuImg>
            <contenuImg CS="1.0" lang="fr" source="hm">animal</contenuImg>
            <tech source="final">estampe/gravure</tech>
            <theme source="final">13</theme>
            <tech CS="0.9" source="md">estampe/gravure</tech>
            <theme CS="0.9" source="md">13</theme>
            <contenuImg CS="1.0" lang="en" source="hm">animal</contenuImg>
            <contenuImg CS="1.0" lang="en" source="hm">shellfish</contenuImg>
            <contenuImg CS="1.0" lang="en" source="hm">inverterbrate</contenuImg>
            <txt>/Y jv. /Y jv.</txt>
          </ill>
        </ills>
      </page>
      <page h="6890" ordre="56" w="4908">
        <nbMot>0</nbMot>
        <blocTexte>0</blocTexte>
        <blocTab>0</blocTab>
        <blocPub>0</blocPub>
        <blocIll ocr="0">0</blocIll>
      </page>
      <page h="7088" ordre="57" w="4968">
        <nbMot>17</nbMot>
        <blocTexte>2</blocTexte>
        <blocTab>0</blocTab>
        <blocPub>0</blocPub>
        <blocIll ocr="1">1</blocIll>
        <ills>
          <ill couleur="coul" h="3717" n="57-1" taille="0" w="2851" x="1023" y="1402">
            <contenuImg b="86" coul="1" g="122" ordre="4" r="169" source="colorific" type="frg">#a97a56</contenuImg>
            <contenuImg b="58" coul="1" g="66" ordre="3" r="73" source="colorific" type="frg">#49423a</contenuImg>
            <contenuImg b="91" coul="1" g="106" ordre="2" r="120" source="colorific" type="frg">#786a5b</contenuImg>
            <contenuImg b="157" coul="1" g="173" ordre="1" r="181" source="colorific" type="frg">#b5ad9d</contenuImg>
            <contenuImg CS="1.0" lang="fr" source="hm">coquillage,crustacé</contenuImg>
            <contenuImg CS="1.0" lang="fr" source="hm">animal</contenuImg>
            <tech source="final">estampe/gravure</tech>
            <theme source="final">13</theme>
            <tech CS="0.9" source="md">estampe/gravure</tech>
            <theme CS="0.9" source="md">13</theme>
            <contenuImg CS="1.0" lang="en" source="hm">animal</contenuImg>
            <contenuImg CS="1.0" lang="en" source="hm">shellfish</contenuImg>
            <contenuImg CS="1.0" lang="en" source="hm">inverterbrate</contenuImg>
            <leg>1.2.3. OLIVE Enflée. OLIVA /n/iata 4 à i6 0 L -Id.- l1ar OL Id. var.</leg>
            <txt>Pl. 22.  Pl. 22.</txt>
          </ill>
        </ills>
      </page>
      <page h="7034" ordre="58" w="4944">
        <nbMot>0</nbMot>
        <blocTexte>0</blocTexte>
        <blocTab>0</blocTab>
        <blocPub>0</blocPub>
        <blocIll ocr="0">0</blocIll>
      </page>
      <page h="7056" ordre="59" w="4992">
        <nbMot>16</nbMot>
        <blocTexte>2</blocTexte>
        <blocTab>0</blocTab>
        <blocPub>0</blocPub>
        <blocIll ocr="1">1</blocIll>
        <ills>
          <ill couleur="coul" h="3730" n="59-1" taille="0" w="2887" x="991" y="1366">
            <contenuImg b="200" coul="1" g="231" ordre="5" r="240" source="colorific" type="frg">#f0e7c8</contenuImg>
            <contenuImg b="60" coul="1" g="132" ordre="4" r="186" source="colorific" type="frg">#ba843c</contenuImg>
            <contenuImg b="60" coul="1" g="70" ordre="3" r="87" source="colorific" type="frg">#57463c</contenuImg>
            <contenuImg b="68" coul="1" g="94" ordre="2" r="133" source="colorific" type="frg">#855e44</contenuImg>
            <contenuImg b="134" coul="1" g="162" ordre="1" r="184" source="colorific" type="frg">#b8a286</contenuImg>
            <contenuImg CS="1.0" lang="fr" source="hm">coquillage,crustacé</contenuImg>
            <contenuImg CS="1.0" lang="fr" source="hm">animal</contenuImg>
            <tech source="final">estampe/gravure</tech>
            <theme source="final">13</theme>
            <tech CS="0.9" source="md">estampe/gravure</tech>
            <theme CS="0.9" source="md">13</theme>
            <contenuImg CS="1.0" lang="en" source="hm">animal</contenuImg>
            <contenuImg CS="1.0" lang="en" source="hm">shellfish</contenuImg>
            <contenuImg CS="1.0" lang="en" source="hm">inverterbrate</contenuImg>
            <leg>1 Il 2 0 LI V K Maure Of,TVA Al aup,y ,,,e, j-ejVariétés</leg>
            <txt>PI, 23. PI, 23.</txt>
          </ill>
        </ills>
      </page>
      <page h="6974" ordre="60" w="5024">
        <nbMot>0</nbMot>
        <blocTexte>0</blocTexte>
        <blocTab>0</blocTab>
        <blocPub>0</blocPub>
        <blocIll ocr="0">0</blocIll>
      </page>
      <page h="7023" ordre="61" w="4920">
        <nbMot>28</nbMot>
        <blocTexte>3</blocTexte>
        <blocTab>0</blocTab>
        <blocPub>0</blocPub>
        <blocIll ocr="1">1</blocIll>
        <ills>
          <ill couleur="coul" h="3713" n="61-1" taille="0" w="2790" x="1019" y="1302">
            <contenuImg b="60" coul="1" g="74" ordre="3" r="101" source="colorific" type="frg">#654a3c</contenuImg>
            <contenuImg b="149" coul="1" g="172" ordre="2" r="200" source="colorific" type="frg">#c8ac95</contenuImg>
            <contenuImg b="82" coul="1" g="104" ordre="1" r="129" source="colorific" type="frg">#816852</contenuImg>
            <contenuImg CS="1.0" lang="fr" source="hm">coquillage,crustacé</contenuImg>
            <contenuImg CS="1.0" lang="fr" source="hm">animal</contenuImg>
            <tech source="final">estampe/gravure</tech>
            <theme source="final">13</theme>
            <tech CS="0.9" source="md">estampe/gravure</tech>
            <theme CS="0.9" source="md">13</theme>
            <contenuImg CS="1.0" lang="en" source="hm">animal</contenuImg>
            <contenuImg CS="1.0" lang="en" source="hm">shellfish</contenuImg>
            <contenuImg CS="1.0" lang="en" source="hm">inverterbrate</contenuImg>
            <leg>1.2. 0L1VK [ il r phy r e Afâk. OI.EVA .Porphyrlà, 3 01, [d Z etne/le ()/^ ///-. —</leg>
            <txt>/lé. 21. /lé. 21.</txt>
          </ill>
        </ills>
      </page>
      <page h="7046" ordre="62" w="4956">
        <nbMot>0</nbMot>
        <blocTexte>0</blocTexte>
        <blocTab>0</blocTab>
        <blocPub>0</blocPub>
        <blocIll ocr="0">0</blocIll>
      </page>
      <page h="7056" ordre="63" w="4956">
        <nbMot>103</nbMot>
        <blocTexte>6</blocTexte>
        <blocTab>0</blocTab>
        <blocPub>0</blocPub>
        <blocIll ocr="1">1</blocIll>
        <ills>
          <ill couleur="coul" h="3693" n="63-1" taille="0" w="2758" x="991" y="1302">
            <contenuImg b="78" coul="1" g="98" ordre="2" r="137" source="colorific" type="frg">#89624e</contenuImg>
            <contenuImg b="127" coul="1" g="143" ordre="1" r="155" source="colorific" type="frg">#9b8f7f</contenuImg>
            <contenuImg CS="1.0" lang="fr" source="hm">coquillage,crustacé</contenuImg>
            <contenuImg CS="1.0" lang="fr" source="hm">animal</contenuImg>
            <tech source="final">estampe/gravure</tech>
            <theme source="final">13</theme>
            <tech CS="0.9" source="md">estampe/gravure</tech>
            <theme CS="0.9" source="md">13</theme>
            <contenuImg CS="1.0" lang="en" source="hm">animal</contenuImg>
            <contenuImg CS="1.0" lang="en" source="hm">shellfish</contenuImg>
            <contenuImg CS="1.0" lang="en" source="hm">inverterbrate</contenuImg>
            <leg>1 2 0 Ii IVK .Mille points OLI VA MMepuncta/œ 5 0 Ii Id. var. OL /d var. + OTi Id var. OL fd var .) 6 OL. \aine OL Aanti.</leg>
          </ill>
        </ills>
      </page>
      <page h="7034" ordre="64" w="4992">
        <nbMot>0</nbMot>
        <blocTexte>0</blocTexte>
        <blocTab>0</blocTab>
        <blocPub>0</blocPub>
        <blocIll ocr="0">0</blocIll>
      </page>
      <page h="6972" ordre="65" w="4908">
        <nbMot>22</nbMot>
        <blocTexte>2</blocTexte>
        <blocTab>0</blocTab>
        <blocPub>0</blocPub>
        <blocIll ocr="1">1</blocIll>
        <ills>
          <ill couleur="coul" h="3726" n="65-1" taille="0" w="2790" x="1040" y="1323">
            <contenuImg b="87" coul="1" g="119" ordre="4" r="165" source="colorific" type="frg">#a57757</contenuImg>
            <contenuImg b="131" coul="1" g="175" ordre="3" r="213" source="colorific" type="frg">#d5af83</contenuImg>
            <contenuImg b="203" coul="1" g="225" ordre="2" r="237" source="colorific" type="frg">#ede1cb</contenuImg>
            <contenuImg b="123" coul="1" g="143" ordre="1" r="156" source="colorific" type="frg">#9c8f7b</contenuImg>
            <contenuImg CS="1.0" lang="fr" source="hm">coquillage,crustacé</contenuImg>
            <contenuImg CS="1.0" lang="fr" source="hm">animal</contenuImg>
            <tech source="final">estampe/gravure</tech>
            <theme source="final">13</theme>
            <tech CS="0.9" source="md">estampe/gravure</tech>
            <theme CS="0.9" source="md">13</theme>
            <contenuImg CS="1.0" lang="en" source="hm">animal</contenuImg>
            <contenuImg CS="1.0" lang="en" source="hm">shellfish</contenuImg>
            <contenuImg CS="1.0" lang="en" source="hm">inverterbrate</contenuImg>
            <leg>i.s. OLIVK Cfdôsomo. O Lf \ ,-t ( 1l(O,WIJIll 3-i6 . Or, Carncole. O/.. (tU lIt OÙ  vj- ïo. OI, Athouie 0/  -Athcnia</leg>
            <txt>Pl. 20 . Pl. 20 .</txt>
          </ill>
        </ills>
      </page>
      <page h="6902" ordre="66" w="4920">
        <nbMot>0</nbMot>
        <blocTexte>0</blocTexte>
        <blocTab>0</blocTab>
        <blocPub>0</blocPub>
        <blocIll ocr="0">0</blocIll>
      </page>
      <page h="6984" ordre="67" w="4908">
        <nbMot>46</nbMot>
        <blocTexte>4</blocTexte>
        <blocTab>0</blocTab>
        <blocPub>0</blocPub>
        <blocIll ocr="1">1</blocIll>
        <ills>
          <ill couleur="coul" h="3678" n="67-1" taille="0" w="2790" x="1019" y="1302">
            <contenuImg b="50" coul="1" g="63" ordre="4" r="76" source="colorific" type="frg">#4c3f32</contenuImg>
            <contenuImg b="127" coul="1" g="173" ordre="3" r="206" source="colorific" type="frg">#cead7f</contenuImg>
            <contenuImg b="105" coul="1" g="126" ordre="2" r="141" source="colorific" type="frg">#8d7e69</contenuImg>
            <contenuImg b="203" coul="1" g="225" ordre="1" r="237" source="colorific" type="frg">#ede1cb</contenuImg>
            <contenuImg CS="1.0" lang="fr" source="hm">coquillage,crustacé</contenuImg>
            <contenuImg CS="1.0" lang="fr" source="hm">animal</contenuImg>
            <tech source="final">estampe/gravure</tech>
            <theme source="final">13</theme>
            <tech CS="0.9" source="md">estampe/gravure</tech>
            <theme CS="0.9" source="md">13</theme>
            <contenuImg CS="1.0" lang="en" source="hm">animal</contenuImg>
            <contenuImg CS="1.0" lang="en" source="hm">shellfish</contenuImg>
            <contenuImg CS="1.0" lang="en" source="hm">inverterbrate</contenuImg>
            <leg>iakOLIVE Marquetée. O /. /VA Tesseilata. 6a 8. O L Dact,lii.l, OL /Jadlllt ota. 3 OL. y. Id. var. ()L, / / var</leg>
          </ill>
        </ills>
      </page>
      <page h="6962" ordre="68" w="4956">
        <nbMot>0</nbMot>
        <blocTexte>0</blocTexte>
        <blocTab>0</blocTab>
        <blocPub>0</blocPub>
        <blocIll ocr="0">0</blocIll>
      </page>
      <page h="7020" ordre="69" w="4956">
        <nbMot>30</nbMot>
        <blocTexte>3</blocTexte>
        <blocTab>0</blocTab>
        <blocPub>0</blocPub>
        <blocIll ocr="1">1</blocIll>
        <ills>
          <ill couleur="coul" h="3689" n="69-1" taille="0" w="2752" x="1014" y="1259">
            <contenuImg b="71" coul="1" g="102" ordre="5" r="155" source="colorific" type="frg">#9b6647</contenuImg>
            <contenuImg b="64" coul="1" g="67" ordre="4" r="85" source="colorific" type="frg">#554340</contenuImg>
            <contenuImg b="86" coul="1" g="136" ordre="3" r="187" source="colorific" type="frg">#bb8856</contenuImg>
            <contenuImg b="76" coul="1" g="93" ordre="2" r="110" source="colorific" type="frg">#6e5d4c</contenuImg>
            <contenuImg b="145" coul="1" g="172" ordre="1" r="191" source="colorific" type="frg">#bfac91</contenuImg>
            <contenuImg CS="1.0" lang="fr" source="hm">coquillage,crustacé</contenuImg>
            <contenuImg CS="1.0" lang="fr" source="hm">animal</contenuImg>
            <tech source="final">estampe/gravure</tech>
            <theme source="final">13</theme>
            <tech CS="0.9" source="md">estampe/gravure</tech>
            <theme CS="0.9" source="md">13</theme>
            <contenuImg CS="1.0" lang="en" source="hm">animal</contenuImg>
            <contenuImg CS="1.0" lang="en" source="hm">shellfish</contenuImg>
            <contenuImg CS="1.0" lang="en" source="hm">inverterbrate</contenuImg>
            <leg>1.2.3. OLIVF, Aveline Of. /VA A uo/ta/ia 4-5.6. OL Oalcole O/* Oaleo/a.</leg>
            <txt>Pl. 28, Pl. 28,</txt>
          </ill>
        </ills>
      </page>
      <page h="7034" ordre="70" w="5076">
        <nbMot>0</nbMot>
        <blocTexte>0</blocTexte>
        <blocTab>0</blocTab>
        <blocPub>0</blocPub>
        <blocIll ocr="0">0</blocIll>
      </page>
      <page h="7092" ordre="71" w="4992">
        <nbMot>27</nbMot>
        <blocTexte>2</blocTexte>
        <blocTab>0</blocTab>
        <blocPub>0</blocPub>
        <blocIll ocr="1">1</blocIll>
        <ills>
          <ill couleur="coul" h="3630" n="71-1" taille="0" w="2790" x="1048" y="1341">
            <contenuImg b="154" coul="1" g="165" ordre="2" r="171" source="colorific" type="frg">#aba59a</contenuImg>
            <contenuImg b="111" coul="1" g="136" ordre="1" r="157" source="colorific" type="frg">#9d886f</contenuImg>
            <contenuImg CS="1.0" lang="fr" source="hm">coquillage,crustacé</contenuImg>
            <contenuImg CS="1.0" lang="fr" source="hm">animal</contenuImg>
            <tech source="final">estampe/gravure</tech>
            <theme source="final">13</theme>
            <tech CS="0.9" source="md">estampe/gravure</tech>
            <theme CS="0.9" source="md">13</theme>
            <contenuImg CS="1.0" lang="en" source="hm">animal</contenuImg>
            <contenuImg CS="1.0" lang="en" source="hm">shellfish</contenuImg>
            <contenuImg CS="1.0" lang="en" source="hm">inverterbrate</contenuImg>
            <leg>1-5. 0 l. fVK Brésilicne. O/. Il  /1 IJNulÙana 4 -7. O I.___Aur ou)aire 0/, --Aurtcti/ana 8. 9 0 1Clanéophyle. O f. Clan  iJphila</leg>
            <txt>PI PI</txt>
          </ill>
        </ills>
      </page>
      <page h="7010" ordre="72" w="4932">
        <nbMot>0</nbMot>
        <blocTexte>0</blocTexte>
        <blocTab>0</blocTab>
        <blocPub>0</blocPub>
        <blocIll ocr="0">0</blocIll>
      </page>
      <page h="6879" ordre="73" w="4944">
        <nbMot>33</nbMot>
        <blocTexte>2</blocTexte>
        <blocTab>0</blocTab>
        <blocPub>0</blocPub>
        <blocIll ocr="1">1</blocIll>
        <ills>
          <ill couleur="coul" h="3729" n="73-1" taille="0" w="2790" x="1019" y="1302">
            <contenuImg b="89" coul="1" g="110" ordre="2" r="139" source="colorific" type="frg">#8b6e59</contenuImg>
            <contenuImg b="195" coul="1" g="218" ordre="1" r="233" source="colorific" type="frg">#e9dac3</contenuImg>
            <contenuImg CS="1.0" lang="fr" source="hm">coquillage,crustacé</contenuImg>
            <contenuImg CS="1.0" lang="fr" source="hm">animal</contenuImg>
            <tech source="final">estampe/gravure</tech>
            <theme source="final">13</theme>
            <tech CS="0.9" source="md">estampe/gravure</tech>
            <theme CS="0.9" source="md">13</theme>
            <contenuImg CS="1.0" lang="en" source="hm">animal</contenuImg>
            <contenuImg CS="1.0" lang="en" source="hm">shellfish</contenuImg>
            <contenuImg CS="1.0" lang="en" source="hm">inverterbrate</contenuImg>
            <leg>1 ,2 O I VK I N K S llbuloi  cl .son .YÏoHu.sqiie. « I rt Óu/ata, 3.4. OJ. )  !:\nnnutoc IJ. Of.. —— FlaOlnudata,  .C . 01 Kcrile ld (JI., -— Scnp/n</leg>
            <txt>/Y. ,;(J /Y. ,;(J</txt>
          </ill>
        </ills>
      </page>
      <page h="6842" ordre="74" w="4932">
        <nbMot>0</nbMot>
        <blocTexte>0</blocTexte>
        <blocTab>0</blocTab>
        <blocPub>0</blocPub>
        <blocIll ocr="0">0</blocIll>
      </page>
      <page h="6924" ordre="75" w="4968">
        <nbMot>35</nbMot>
        <blocTexte>2</blocTexte>
        <blocTab>0</blocTab>
        <blocPub>0</blocPub>
        <blocIll ocr="1">1</blocIll>
        <ills>
          <ill couleur="coul" h="3719" n="75-1" taille="0" w="2869" x="901" y="1267">
            <contenuImg b="70" coul="1" g="76" ordre="5" r="85" source="colorific" type="frg">#554c46</contenuImg>
            <contenuImg b="70" coul="1" g="92" ordre="4" r="117" source="colorific" type="frg">#755c46</contenuImg>
            <contenuImg b="120" coul="1" g="132" ordre="3" r="139" source="colorific" type="frg">#8b8478</contenuImg>
            <contenuImg b="122" coul="1" g="147" ordre="2" r="171" source="colorific" type="frg">#ab937a</contenuImg>
            <contenuImg b="201" coul="1" g="222" ordre="1" r="236" source="colorific" type="frg">#ecdec9</contenuImg>
            <contenuImg CS="1.0" lang="fr" source="hm">coquillage,crustacé</contenuImg>
            <contenuImg CS="1.0" lang="fr" source="hm">animal</contenuImg>
            <tech source="final">estampe/gravure</tech>
            <theme source="final">13</theme>
            <tech CS="0.9" source="md">estampe/gravure</tech>
            <theme CS="0.9" source="md">13</theme>
            <contenuImg CS="1.0" lang="en" source="hm">animal</contenuImg>
            <contenuImg CS="1.0" lang="en" source="hm">shellfish</contenuImg>
            <contenuImg CS="1.0" lang="en" source="hm">inverterbrate</contenuImg>
            <leg>i z 6 Analoitue du Mollusque de 1 OLIVK. t. 0 U V K Kry Ihroslomc. O /. / \ / Eryl/iros/oma 8. 01.,1 lJtU  ÛA /d. ---</leg>
            <txt>/Y J/ /Y J/</txt>
          </ill>
        </ills>
      </page>
      <page h="6986" ordre="76" w="4932">
        <nbMot>0</nbMot>
        <blocTexte>0</blocTexte>
        <blocTab>0</blocTab>
        <blocPub>0</blocPub>
        <blocIll ocr="0">0</blocIll>
      </page>
      <page h="7100" ordre="77" w="4944">
        <nbMot>35</nbMot>
        <blocTexte>2</blocTexte>
        <blocTab>0</blocTab>
        <blocPub>0</blocPub>
        <blocIll ocr="1">1</blocIll>
        <ills>
          <ill couleur="coul" h="3597" n="77-1" taille="0" w="2842" x="1024" y="1425">
            <contenuImg b="53" coul="1" g="62" ordre="3" r="74" source="colorific" type="frg">#4a3e35</contenuImg>
            <contenuImg b="118" coul="1" g="155" ordre="2" r="180" source="colorific" type="frg">#b49b76</contenuImg>
            <contenuImg b="93" coul="1" g="113" ordre="1" r="134" source="colorific" type="frg">#86715d</contenuImg>
            <contenuImg CS="1.0" lang="fr" source="hm">coquillage,crustacé</contenuImg>
            <contenuImg CS="1.0" lang="fr" source="hm">animal</contenuImg>
            <tech source="final">estampe/gravure</tech>
            <theme source="final">13</theme>
            <tech CS="0.9" source="md">estampe/gravure</tech>
            <theme CS="0.9" source="md">13</theme>
            <contenuImg CS="1.0" lang="en" source="hm">animal</contenuImg>
            <contenuImg CS="1.0" lang="en" source="hm">shellfish</contenuImg>
            <contenuImg CS="1.0" lang="en" source="hm">inverterbrate</contenuImg>
            <leg>1.2. O LIVE Micgajut.c et son Mo 11 IL m que () /. / l A /l y tins 3.4. OL, Ma.ure. Ld OL Màllra. 5.6. 01. Texhttne. li OL. -ltu:tt IÙw</leg>
            <txt>Pl. 32. Pl. 32.</txt>
          </ill>
        </ills>
      </page>
      <page h="7072" ordre="78" w="4956">
        <nbMot>0</nbMot>
        <blocTexte>0</blocTexte>
        <blocTab>0</blocTab>
        <blocPub>0</blocPub>
        <blocIll ocr="0">0</blocIll>
      </page>
      <page h="7028" ordre="79" w="4939">
        <nbMot>42</nbMot>
        <blocTexte>3</blocTexte>
        <blocTab>0</blocTab>
        <blocPub>0</blocPub>
        <blocIll ocr="1">1</blocIll>
        <ills>
          <ill couleur="coul" h="3702" n="79-1" taille="0" w="2790" x="1062" y="1474">
            <contenuImg b="140" coul="1" g="194" ordre="3" r="214" source="colorific" type="frg">#d6c28c</contenuImg>
            <contenuImg b="77" coul="1" g="96" ordre="2" r="111" source="colorific" type="frg">#6f604d</contenuImg>
            <contenuImg b="144" coul="1" g="163" ordre="1" r="173" source="colorific" type="frg">#ada390</contenuImg>
            <contenuImg CS="1.0" lang="fr" source="hm">coquillage,crustacé</contenuImg>
            <contenuImg CS="1.0" lang="fr" source="hm">animal</contenuImg>
            <tech source="final">estampe/gravure</tech>
            <theme source="final">13</theme>
            <tech CS="0.9" source="md">estampe/gravure</tech>
            <theme CS="0.9" source="md">13</theme>
            <contenuImg CS="1.0" lang="en" source="hm">animal</contenuImg>
            <contenuImg CS="1.0" lang="en" source="hm">shellfish</contenuImg>
            <contenuImg CS="1.0" lang="en" source="hm">inverterbrate</contenuImg>
            <leg>j ï OLIVE Auriculaire, avec «on Mollusque OL f VA AurieaAvi a5.1OL Sallsuino!( llle Id O f  S asiq uùio lenla. ô 6 OL Bresiliene I L O£ Brasilia/ict</leg>
            <txt>/Y. JJ. /Y. JJ.</txt>
          </ill>
        </ills>
      </page>
      <page h="6986" ordre="80" w="4908">
        <nbMot>0</nbMot>
        <blocTexte>0</blocTexte>
        <blocTab>0</blocTab>
        <blocPub>0</blocPub>
        <blocIll ocr="0">0</blocIll>
      </page>
    </pages>
  </contenus>
</analyseAlto>