<analyseAlto>
  <metad>
    <type>M</type>
    <ID>bpt6k9613530b</ID>
    <titre>La Zoologie agricole, par Émile Blanchard, ouvrage comprenant l'histoire entière des animaux nuisibles et des animaux utiles...</titre>
    <dateEdition>1854</dateEdition>
    <lang>fre</lang>
    <notice>ark:/12148/cb301110229</notice>
    <source>BnF</source>
    <nbPage>246</nbPage>
  </metad>
  <contenus ocr="true">
    <largeur>225</largeur>
    <hauteur>318</hauteur>
    <largeurPx>3556</largeurPx>
    <hauteurPx>5016</hauteurPx>
    <pages>
      <page h="5016" ordre="1" w="3556">
        <nbMot>0</nbMot>
        <blocTexte>0</blocTexte>
        <blocTab>0</blocTab>
        <blocPub>0</blocPub>
        <blocIll ocr="0">0</blocIll>
      </page>
      <page h="5012" ordre="2" w="3504">
        <nbMot>0</nbMot>
        <blocTexte>0</blocTexte>
        <blocTab>0</blocTab>
        <blocPub>0</blocPub>
        <blocIll ocr="0">0</blocIll>
      </page>
      <page h="5040" ordre="3" w="3556">
        <nbMot>0</nbMot>
        <blocTexte>0</blocTexte>
        <blocTab>0</blocTab>
        <blocPub>0</blocPub>
        <blocIll ocr="0">0</blocIll>
      </page>
      <page h="5012" ordre="4" w="3504">
        <nbMot>0</nbMot>
        <blocTexte>0</blocTexte>
        <blocTab>0</blocTab>
        <blocPub>0</blocPub>
        <blocIll ocr="0">0</blocIll>
      </page>
      <page h="5040" ordre="5" w="3556">
        <nbMot>53</nbMot>
        <blocTexte>16</blocTexte>
        <blocTab>0</blocTab>
        <blocPub>0</blocPub>
        <blocIll ocr="0">0</blocIll>
      </page>
      <page h="5036" ordre="6" w="3516">
        <nbMot>0</nbMot>
        <blocTexte>0</blocTexte>
        <blocTab>0</blocTab>
        <blocPub>0</blocPub>
        <blocIll ocr="0">0</blocIll>
      </page>
      <page h="5028" ordre="7" w="3544">
        <nbMot>3</nbMot>
        <blocTexte>3</blocTexte>
        <blocTab>0</blocTab>
        <blocPub>0</blocPub>
        <blocIll ocr="0">0</blocIll>
      </page>
      <page h="5036" ordre="8" w="3528">
        <nbMot>9</nbMot>
        <blocTexte>1</blocTexte>
        <blocTab>0</blocTab>
        <blocPub>0</blocPub>
        <blocIll ocr="0">0</blocIll>
      </page>
      <page h="3036" ordre="9" w="2356">
        <nbMot>0</nbMot>
        <blocTexte>0</blocTexte>
        <blocTab>0</blocTab>
        <blocPub>0</blocPub>
        <blocIll ocr="0">0</blocIll>
      </page>
      <page h="3032" ordre="10" w="2220">
        <nbMot>0</nbMot>
        <blocTexte>0</blocTexte>
        <blocTab>0</blocTab>
        <blocPub>0</blocPub>
        <blocIll ocr="0">0</blocIll>
      </page>
      <page h="5052" ordre="11" w="3520">
        <nbMot>40</nbMot>
        <blocTexte>15</blocTexte>
        <blocTab>0</blocTab>
        <blocPub>0</blocPub>
        <blocIll ocr="0">0</blocIll>
      </page>
      <page h="5036" ordre="12" w="3540">
        <nbMot>0</nbMot>
        <blocTexte>0</blocTexte>
        <blocTab>0</blocTab>
        <blocPub>0</blocPub>
        <blocIll ocr="0">0</blocIll>
      </page>
      <page h="5040" ordre="13" w="3532">
        <nbMot>352</nbMot>
        <blocTexte>10</blocTexte>
        <blocTab>0</blocTab>
        <blocPub>0</blocPub>
        <blocIll ocr="0">0</blocIll>
      </page>
      <page h="5048" ordre="14" w="3516">
        <nbMot>527</nbMot>
        <blocTexte>7</blocTexte>
        <blocTab>0</blocTab>
        <blocPub>0</blocPub>
        <blocIll ocr="0">0</blocIll>
      </page>
      <page h="5028" ordre="15" w="3520">
        <nbMot>524</nbMot>
        <blocTexte>7</blocTexte>
        <blocTab>0</blocTab>
        <blocPub>0</blocPub>
        <blocIll ocr="0">0</blocIll>
      </page>
      <page h="5036" ordre="16" w="3456">
        <nbMot>481</nbMot>
        <blocTexte>10</blocTexte>
        <blocTab>0</blocTab>
        <blocPub>0</blocPub>
        <blocIll ocr="0">0</blocIll>
      </page>
      <page h="5040" ordre="17" w="3532">
        <nbMot>511</nbMot>
        <blocTexte>11</blocTexte>
        <blocTab>0</blocTab>
        <blocPub>0</blocPub>
        <blocIll ocr="0">0</blocIll>
      </page>
      <page h="5048" ordre="18" w="3528">
        <nbMot>558</nbMot>
        <blocTexte>8</blocTexte>
        <blocTab>0</blocTab>
        <blocPub>0</blocPub>
        <blocIll ocr="0">0</blocIll>
      </page>
      <page h="5028" ordre="19" w="3520">
        <nbMot>531</nbMot>
        <blocTexte>7</blocTexte>
        <blocTab>0</blocTab>
        <blocPub>0</blocPub>
        <blocIll ocr="0">0</blocIll>
      </page>
      <page h="5048" ordre="20" w="3516">
        <nbMot>457</nbMot>
        <blocTexte>11</blocTexte>
        <blocTab>0</blocTab>
        <blocPub>0</blocPub>
        <blocIll ocr="0">0</blocIll>
      </page>
      <page h="5040" ordre="21" w="3508">
        <nbMot>11</nbMot>
        <blocTexte>4</blocTexte>
        <blocTab>0</blocTab>
        <blocPub>0</blocPub>
        <blocIll ocr="0">0</blocIll>
      </page>
      <page h="5060" ordre="22" w="3516">
        <nbMot>0</nbMot>
        <blocTexte>0</blocTexte>
        <blocTab>0</blocTab>
        <blocPub>0</blocPub>
        <blocIll ocr="0">0</blocIll>
      </page>
      <page h="5040" ordre="23" w="3508">
        <nbMot>389</nbMot>
        <blocTexte>6</blocTexte>
        <blocTab>0</blocTab>
        <blocPub>0</blocPub>
        <blocIll ocr="0">0</blocIll>
      </page>
      <page h="5060" ordre="24" w="3504">
        <nbMot>225</nbMot>
        <blocTexte>4</blocTexte>
        <blocTab>0</blocTab>
        <blocPub>0</blocPub>
        <blocIll ocr="0">0</blocIll>
      </page>
      <page h="5040" ordre="25" w="3508">
        <nbMot>15</nbMot>
        <blocTexte>2</blocTexte>
        <blocTab>0</blocTab>
        <blocPub>0</blocPub>
        <blocIll ocr="1">1</blocIll>
        <ills>
          <ill couleur="coul" h="3657" n="25-1" taille="9" w="2428" x="436" y="474">
            <contenuImg b="90" coul="1" g="121" ordre="4" r="144" source="colorific" type="frg">#90795a</contenuImg>
            <contenuImg b="66" coul="1" g="94" ordre="3" r="94" source="colorific" type="frg">#5e5e42</contenuImg>
            <contenuImg b="96" coul="1" g="102" ordre="2" r="111" source="colorific" type="frg">#6f6660</contenuImg>
            <contenuImg b="116" coul="1" g="147" ordre="1" r="147" source="colorific" type="frg">#939374</contenuImg>
            <contenuImg CS="1.0" lang="fr" source="hm">insecte</contenuImg>
            <contenuImg CS="1.0" lang="fr" source="hm">animal</contenuImg>
            <theme source="final">13</theme>
            <tech source="final">estampe/gravure</tech>
            <tech CS="0.9" source="md">estampe/gravure</tech>
            <theme CS="0.9" source="md">13</theme>
            <contenuImg CS="1.0" lang="en" source="hm">animal</contenuImg>
            <contenuImg CS="1.0" lang="en" source="hm">insect</contenuImg>
            <contenuImg CS="1.0" lang="en" source="hm">inverterbrate</contenuImg>
          </ill>
        </ills>
      </page>
      <page h="5048" ordre="26" w="3528">
        <nbMot>0</nbMot>
        <blocTexte>0</blocTexte>
        <blocTab>0</blocTab>
        <blocPub>0</blocPub>
        <blocIll ocr="0">0</blocIll>
      </page>
      <page h="5040" ordre="27" w="3460">
        <nbMot>406</nbMot>
        <blocTexte>8</blocTexte>
        <blocTab>0</blocTab>
        <blocPub>0</blocPub>
        <blocIll ocr="0">0</blocIll>
      </page>
      <page h="5048" ordre="28" w="3504">
        <nbMot>467</nbMot>
        <blocTexte>10</blocTexte>
        <blocTab>0</blocTab>
        <blocPub>0</blocPub>
        <blocIll ocr="0">0</blocIll>
      </page>
      <page h="5040" ordre="29" w="3472">
        <nbMot>516</nbMot>
        <blocTexte>10</blocTexte>
        <blocTab>0</blocTab>
        <blocPub>0</blocPub>
        <blocIll ocr="0">0</blocIll>
      </page>
      <page h="5048" ordre="30" w="3492">
        <nbMot>515</nbMot>
        <blocTexte>7</blocTexte>
        <blocTab>0</blocTab>
        <blocPub>0</blocPub>
        <blocIll ocr="0">0</blocIll>
      </page>
      <page h="5040" ordre="31" w="3460">
        <nbMot>521</nbMot>
        <blocTexte>10</blocTexte>
        <blocTab>0</blocTab>
        <blocPub>0</blocPub>
        <blocIll ocr="0">0</blocIll>
      </page>
      <page h="5036" ordre="32" w="3492">
        <nbMot>518</nbMot>
        <blocTexte>6</blocTexte>
        <blocTab>0</blocTab>
        <blocPub>0</blocPub>
        <blocIll ocr="0">0</blocIll>
      </page>
      <page h="5028" ordre="33" w="3460">
        <nbMot>515</nbMot>
        <blocTexte>8</blocTexte>
        <blocTab>0</blocTab>
        <blocPub>0</blocPub>
        <blocIll ocr="0">0</blocIll>
      </page>
      <page h="5048" ordre="34" w="3516">
        <nbMot>462</nbMot>
        <blocTexte>11</blocTexte>
        <blocTab>0</blocTab>
        <blocPub>0</blocPub>
        <blocIll ocr="0">0</blocIll>
      </page>
      <page h="5052" ordre="35" w="3484">
        <nbMot>543</nbMot>
        <blocTexte>11</blocTexte>
        <blocTab>0</blocTab>
        <blocPub>0</blocPub>
        <blocIll ocr="0">0</blocIll>
      </page>
      <page h="5048" ordre="36" w="3528">
        <nbMot>542</nbMot>
        <blocTexte>6</blocTexte>
        <blocTab>0</blocTab>
        <blocPub>0</blocPub>
        <blocIll ocr="0">0</blocIll>
      </page>
      <page h="5052" ordre="37" w="3424">
        <nbMot>550</nbMot>
        <blocTexte>8</blocTexte>
        <blocTab>0</blocTab>
        <blocPub>0</blocPub>
        <blocIll ocr="0">0</blocIll>
      </page>
      <page h="5036" ordre="38" w="3540">
        <nbMot>476</nbMot>
        <blocTexte>10</blocTexte>
        <blocTab>0</blocTab>
        <blocPub>0</blocPub>
        <blocIll ocr="0">0</blocIll>
      </page>
      <page h="5052" ordre="39" w="3424">
        <nbMot>9</nbMot>
        <blocTexte>1</blocTexte>
        <blocTab>0</blocTab>
        <blocPub>0</blocPub>
        <blocIll ocr="1">1</blocIll>
        <ills>
          <ill couleur="coul" h="3516" n="39-1" taille="8" w="2191" x="767" y="537">
            <contenuImg b="49" coul="1" g="64" ordre="4" r="82" source="colorific" type="frg">#524031</contenuImg>
            <contenuImg b="86" coul="1" g="116" ordre="3" r="152" source="colorific" type="frg">#987456</contenuImg>
            <contenuImg b="111" coul="1" g="168" ordre="2" r="171" source="colorific" type="frg">#aba86f</contenuImg>
            <contenuImg b="85" coul="1" g="106" ordre="1" r="112" source="colorific" type="frg">#706a55</contenuImg>
            <contenuImg CS="1.0" lang="fr" source="hm">insecte</contenuImg>
            <contenuImg CS="1.0" lang="fr" source="hm">animal</contenuImg>
            <theme source="final">13</theme>
            <tech source="final">estampe/gravure</tech>
            <tech CS="0.9" source="md">estampe/gravure</tech>
            <theme CS="0.9" source="md">13</theme>
            <contenuImg CS="1.0" lang="en" source="hm">animal</contenuImg>
            <contenuImg CS="1.0" lang="en" source="hm">insect</contenuImg>
            <contenuImg CS="1.0" lang="en" source="hm">inverterbrate</contenuImg>
            <leg>Les Lilas /.r   i   /u / Troène</leg>
          </ill>
        </ills>
      </page>
      <page h="5036" ordre="40" w="3540">
        <nbMot>0</nbMot>
        <blocTexte>0</blocTexte>
        <blocTab>0</blocTab>
        <blocPub>0</blocPub>
        <blocIll ocr="0">0</blocIll>
      </page>
      <page h="5052" ordre="41" w="3424">
        <nbMot>506</nbMot>
        <blocTexte>9</blocTexte>
        <blocTab>0</blocTab>
        <blocPub>0</blocPub>
        <blocIll ocr="0">0</blocIll>
      </page>
      <page h="5036" ordre="42" w="3528">
        <nbMot>488</nbMot>
        <blocTexte>10</blocTexte>
        <blocTab>0</blocTab>
        <blocPub>0</blocPub>
        <blocIll ocr="0">0</blocIll>
      </page>
      <page h="5052" ordre="43" w="3424">
        <nbMot>7</nbMot>
        <blocTexte>1</blocTexte>
        <blocTab>0</blocTab>
        <blocPub>0</blocPub>
        <blocIll ocr="1">1</blocIll>
        <ills>
          <ill couleur="coul" h="3460" n="43-1" taille="8" w="2318" x="619" y="424">
            <contenuImg b="37" coul="1" g="44" ordre="7" r="58" source="colorific" type="frg">#3a2c25</contenuImg>
            <contenuImg b="67" coul="1" g="122" ordre="6" r="165" source="colorific" type="frg">#a57a43</contenuImg>
            <contenuImg b="83" coul="1" g="114" ordre="5" r="134" source="colorific" type="frg">#867253</contenuImg>
            <contenuImg b="115" coul="1" g="181" ordre="4" r="212" source="colorific" type="frg">#d4b573</contenuImg>
            <contenuImg b="50" coul="1" g="68" ordre="3" r="99" source="colorific" type="frg">#634432</contenuImg>
            <contenuImg b="115" coul="1" g="163" ordre="2" r="162" source="colorific" type="frg">#a2a373</contenuImg>
            <contenuImg b="93" coul="1" g="115" ordre="1" r="111" source="colorific" type="frg">#6f735d</contenuImg>
            <contenuImg CS="1.0" lang="fr" source="hm">insecte</contenuImg>
            <contenuImg CS="1.0" lang="fr" source="hm">animal</contenuImg>
            <theme source="final">13</theme>
            <tech source="final">estampe/gravure</tech>
            <tech CS="0.9" source="md">estampe/gravure</tech>
            <theme CS="0.9" source="md">13</theme>
            <contenuImg CS="1.0" lang="en" source="hm">animal</contenuImg>
            <contenuImg CS="1.0" lang="en" source="hm">insect</contenuImg>
            <contenuImg CS="1.0" lang="en" source="hm">inverterbrate</contenuImg>
            <leg>es Lilas J.,Minime    ~bandes</leg>
          </ill>
        </ills>
      </page>
      <page h="5048" ordre="44" w="3528">
        <nbMot>0</nbMot>
        <blocTexte>0</blocTexte>
        <blocTab>0</blocTab>
        <blocPub>0</blocPub>
        <blocIll ocr="0">0</blocIll>
      </page>
      <page h="5028" ordre="45" w="3472">
        <nbMot>478</nbMot>
        <blocTexte>11</blocTexte>
        <blocTab>0</blocTab>
        <blocPub>0</blocPub>
        <blocIll ocr="0">0</blocIll>
      </page>
      <page h="5048" ordre="46" w="3528">
        <nbMot>513</nbMot>
        <blocTexte>9</blocTexte>
        <blocTab>0</blocTab>
        <blocPub>0</blocPub>
        <blocIll ocr="0">0</blocIll>
      </page>
      <page h="5028" ordre="47" w="3472">
        <nbMot>486</nbMot>
        <blocTexte>18</blocTexte>
        <blocTab>0</blocTab>
        <blocPub>0</blocPub>
        <blocIll ocr="0">0</blocIll>
      </page>
      <page h="5060" ordre="48" w="3528">
        <nbMot>555</nbMot>
        <blocTexte>9</blocTexte>
        <blocTab>0</blocTab>
        <blocPub>0</blocPub>
        <blocIll ocr="0">0</blocIll>
      </page>
      <page h="5040" ordre="49" w="3472">
        <nbMot>484</nbMot>
        <blocTexte>14</blocTexte>
        <blocTab>0</blocTab>
        <blocPub>0</blocPub>
        <blocIll ocr="0">0</blocIll>
      </page>
      <page h="5048" ordre="50" w="3528">
        <nbMot>520</nbMot>
        <blocTexte>7</blocTexte>
        <blocTab>0</blocTab>
        <blocPub>0</blocPub>
        <blocIll ocr="0">0</blocIll>
      </page>
      <page h="5040" ordre="51" w="3484">
        <nbMot>486</nbMot>
        <blocTexte>11</blocTexte>
        <blocTab>0</blocTab>
        <blocPub>0</blocPub>
        <blocIll ocr="0">0</blocIll>
      </page>
      <page h="5048" ordre="52" w="3540">
        <nbMot>545</nbMot>
        <blocTexte>9</blocTexte>
        <blocTab>0</blocTab>
        <blocPub>0</blocPub>
        <blocIll ocr="0">0</blocIll>
      </page>
      <page h="5040" ordre="53" w="3472">
        <nbMot>469</nbMot>
        <blocTexte>12</blocTexte>
        <blocTab>0</blocTab>
        <blocPub>0</blocPub>
        <blocIll ocr="0">0</blocIll>
      </page>
      <page h="5048" ordre="54" w="3540">
        <nbMot>526</nbMot>
        <blocTexte>9</blocTexte>
        <blocTab>0</blocTab>
        <blocPub>0</blocPub>
        <blocIll ocr="0">0</blocIll>
      </page>
      <page h="5052" ordre="55" w="3496">
        <nbMot>533</nbMot>
        <blocTexte>12</blocTexte>
        <blocTab>0</blocTab>
        <blocPub>0</blocPub>
        <blocIll ocr="0">0</blocIll>
      </page>
      <page h="5060" ordre="56" w="3528">
        <nbMot>434</nbMot>
        <blocTexte>5</blocTexte>
        <blocTab>0</blocTab>
        <blocPub>0</blocPub>
        <blocIll ocr="0">0</blocIll>
      </page>
      <page h="5064" ordre="57" w="3484">
        <nbMot>439</nbMot>
        <blocTexte>6</blocTexte>
        <blocTab>0</blocTab>
        <blocPub>0</blocPub>
        <blocIll ocr="0">0</blocIll>
      </page>
      <page h="5060" ordre="58" w="3516">
        <nbMot>443</nbMot>
        <blocTexte>10</blocTexte>
        <blocTab>0</blocTab>
        <blocPub>0</blocPub>
        <blocIll ocr="0">0</blocIll>
      </page>
      <page h="5064" ordre="59" w="3484">
        <nbMot>524</nbMot>
        <blocTexte>8</blocTexte>
        <blocTab>0</blocTab>
        <blocPub>0</blocPub>
        <blocIll ocr="0">0</blocIll>
      </page>
      <page h="5036" ordre="60" w="3480">
        <nbMot>372</nbMot>
        <blocTexte>5</blocTexte>
        <blocTab>0</blocTab>
        <blocPub>0</blocPub>
        <blocIll ocr="0">0</blocIll>
      </page>
      <page h="5052" ordre="61" w="3484">
        <nbMot>420</nbMot>
        <blocTexte>7</blocTexte>
        <blocTab>0</blocTab>
        <blocPub>0</blocPub>
        <blocIll ocr="0">0</blocIll>
      </page>
      <page h="5048" ordre="62" w="3480">
        <nbMot>107</nbMot>
        <blocTexte>3</blocTexte>
        <blocTab>0</blocTab>
        <blocPub>0</blocPub>
        <blocIll ocr="0">0</blocIll>
      </page>
      <page h="5052" ordre="63" w="3484">
        <nbMot>18</nbMot>
        <blocTexte>2</blocTexte>
        <blocTab>0</blocTab>
        <blocPub>0</blocPub>
        <blocIll ocr="1">1</blocIll>
        <ills>
          <ill couleur="coul" h="3737" n="63-1" taille="8" w="2284" x="491" y="634">
            <contenuImg b="120" coul="1" g="140" ordre="7" r="166" source="colorific" type="frg">#a68c78</contenuImg>
            <contenuImg b="72" coul="1" g="169" ordre="6" r="197" source="colorific" type="frg">#c5a948</contenuImg>
            <contenuImg b="95" coul="1" g="95" ordre="5" r="96" source="colorific" type="frg">#605f5f</contenuImg>
            <contenuImg b="117" coul="1" g="124" ordre="4" r="154" source="colorific" type="frg">#9a7c75</contenuImg>
            <contenuImg b="120" coul="1" g="111" ordre="3" r="176" source="colorific" type="frg">#b06f78</contenuImg>
            <contenuImg b="87" coul="1" g="159" ordre="2" r="156" source="colorific" type="frg">#9c9f57</contenuImg>
            <contenuImg b="105" coul="1" g="137" ordre="1" r="141" source="colorific" type="frg">#8d8969</contenuImg>
            <contenuImg CS="1.0" lang="fr" source="hm">insecte</contenuImg>
            <contenuImg CS="1.0" lang="fr" source="hm">animal</contenuImg>
            <theme source="final">13</theme>
            <tech source="final">estampe/gravure</tech>
            <tech CS="0.9" source="md">estampe/gravure</tech>
            <theme CS="0.9" source="md">13</theme>
            <contenuImg CS="1.0" lang="en" source="hm">animal</contenuImg>
            <contenuImg CS="1.0" lang="en" source="hm">insect</contenuImg>
            <contenuImg CS="1.0" lang="en" source="hm">inverterbrate</contenuImg>
          </ill>
        </ills>
      </page>
      <page h="5048" ordre="64" w="3480">
        <nbMot>0</nbMot>
        <blocTexte>0</blocTexte>
        <blocTab>0</blocTab>
        <blocPub>0</blocPub>
        <blocIll ocr="0">0</blocIll>
      </page>
      <page h="5052" ordre="65" w="3484">
        <nbMot>365</nbMot>
        <blocTexte>9</blocTexte>
        <blocTab>0</blocTab>
        <blocPub>0</blocPub>
        <blocIll ocr="0">0</blocIll>
      </page>
      <page h="5048" ordre="66" w="3480">
        <nbMot>485</nbMot>
        <blocTexte>11</blocTexte>
        <blocTab>0</blocTab>
        <blocPub>0</blocPub>
        <blocIll ocr="0">0</blocIll>
      </page>
      <page h="5052" ordre="67" w="3484">
        <nbMot>486</nbMot>
        <blocTexte>6</blocTexte>
        <blocTab>0</blocTab>
        <blocPub>0</blocPub>
        <blocIll ocr="0">0</blocIll>
      </page>
      <page h="5060" ordre="68" w="3504">
        <nbMot>536</nbMot>
        <blocTexte>5</blocTexte>
        <blocTab>0</blocTab>
        <blocPub>0</blocPub>
        <blocIll ocr="0">0</blocIll>
      </page>
      <page h="5040" ordre="69" w="3484">
        <nbMot>480</nbMot>
        <blocTexte>6</blocTexte>
        <blocTab>0</blocTab>
        <blocPub>0</blocPub>
        <blocIll ocr="0">0</blocIll>
      </page>
      <page h="5060" ordre="70" w="3516">
        <nbMot>543</nbMot>
        <blocTexte>4</blocTexte>
        <blocTab>0</blocTab>
        <blocPub>0</blocPub>
        <blocIll ocr="0">0</blocIll>
      </page>
      <page h="5028" ordre="71" w="3484">
        <nbMot>515</nbMot>
        <blocTexte>9</blocTexte>
        <blocTab>0</blocTab>
        <blocPub>0</blocPub>
        <blocIll ocr="0">0</blocIll>
      </page>
      <page h="5048" ordre="72" w="3528">
        <nbMot>540</nbMot>
        <blocTexte>7</blocTexte>
        <blocTab>0</blocTab>
        <blocPub>0</blocPub>
        <blocIll ocr="0">0</blocIll>
      </page>
      <page h="5028" ordre="73" w="3484">
        <nbMot>13</nbMot>
        <blocTexte>2</blocTexte>
        <blocTab>0</blocTab>
        <blocPub>0</blocPub>
        <blocIll ocr="1">1</blocIll>
        <ills>
          <ill couleur="coul" h="3694" n="73-1" taille="9" w="2338" x="483" y="417">
            <contenuImg b="125" coul="1" g="126" ordre="6" r="168" source="colorific" type="frg">#a87e7d</contenuImg>
            <contenuImg b="106" coul="1" g="130" ordre="5" r="149" source="colorific" type="frg">#95826a</contenuImg>
            <contenuImg b="72" coul="1" g="73" ordre="4" r="113" source="colorific" type="frg">#714948</contenuImg>
            <contenuImg b="91" coul="1" g="104" ordre="3" r="136" source="colorific" type="frg">#88685b</contenuImg>
            <contenuImg b="52" coul="1" g="65" ordre="2" r="81" source="colorific" type="frg">#514134</contenuImg>
            <contenuImg b="80" coul="1" g="107" ordre="1" r="110" source="colorific" type="frg">#6e6b50</contenuImg>
            <contenuImg CS="1.0" lang="fr" source="hm">insecte</contenuImg>
            <contenuImg CS="1.0" lang="fr" source="hm">animal</contenuImg>
            <theme source="final">13</theme>
            <tech source="final">estampe/gravure</tech>
            <tech CS="0.9" source="md">estampe/gravure</tech>
            <theme CS="0.9" source="md">13</theme>
            <contenuImg CS="1.0" lang="en" source="hm">animal</contenuImg>
            <contenuImg CS="1.0" lang="en" source="hm">insect</contenuImg>
            <contenuImg CS="1.0" lang="en" source="hm">inverterbrate</contenuImg>
          </ill>
        </ills>
      </page>
      <page h="5048" ordre="74" w="3528">
        <nbMot>0</nbMot>
        <blocTexte>0</blocTexte>
        <blocTab>0</blocTab>
        <blocPub>0</blocPub>
        <blocIll ocr="0">0</blocIll>
      </page>
      <page h="5028" ordre="75" w="3484">
        <nbMot>428</nbMot>
        <blocTexte>12</blocTexte>
        <blocTab>0</blocTab>
        <blocPub>0</blocPub>
        <blocIll ocr="0">0</blocIll>
      </page>
      <page h="5048" ordre="76" w="3492">
        <nbMot>488</nbMot>
        <blocTexte>9</blocTexte>
        <blocTab>0</blocTab>
        <blocPub>0</blocPub>
        <blocIll ocr="0">0</blocIll>
      </page>
      <page h="5040" ordre="77" w="3484">
        <nbMot>518</nbMot>
        <blocTexte>7</blocTexte>
        <blocTab>0</blocTab>
        <blocPub>0</blocPub>
        <blocIll ocr="0">0</blocIll>
      </page>
      <page h="5060" ordre="78" w="3504">
        <nbMot>396</nbMot>
        <blocTexte>17</blocTexte>
        <blocTab>0</blocTab>
        <blocPub>0</blocPub>
        <blocIll ocr="0">0</blocIll>
      </page>
      <page h="5052" ordre="79" w="3496">
        <nbMot>486</nbMot>
        <blocTexte>12</blocTexte>
        <blocTab>0</blocTab>
        <blocPub>0</blocPub>
        <blocIll ocr="0">0</blocIll>
      </page>
      <page h="5084" ordre="80" w="3528">
        <nbMot>424</nbMot>
        <blocTexte>8</blocTexte>
        <blocTab>0</blocTab>
        <blocPub>0</blocPub>
        <blocIll ocr="0">0</blocIll>
      </page>
      <page h="5040" ordre="81" w="3484">
        <nbMot>481</nbMot>
        <blocTexte>10</blocTexte>
        <blocTab>0</blocTab>
        <blocPub>0</blocPub>
        <blocIll ocr="0">0</blocIll>
      </page>
      <page h="5060" ordre="82" w="3504">
        <nbMot>436</nbMot>
        <blocTexte>10</blocTexte>
        <blocTab>0</blocTab>
        <blocPub>0</blocPub>
        <blocIll ocr="0">0</blocIll>
      </page>
      <page h="5040" ordre="83" w="3496">
        <nbMot>498</nbMot>
        <blocTexte>10</blocTexte>
        <blocTab>0</blocTab>
        <blocPub>0</blocPub>
        <blocIll ocr="0">0</blocIll>
      </page>
      <page h="5060" ordre="84" w="3528">
        <nbMot>533</nbMot>
        <blocTexte>8</blocTexte>
        <blocTab>0</blocTab>
        <blocPub>0</blocPub>
        <blocIll ocr="0">0</blocIll>
      </page>
      <page h="5052" ordre="85" w="3508">
        <nbMot>495</nbMot>
        <blocTexte>10</blocTexte>
        <blocTab>0</blocTab>
        <blocPub>0</blocPub>
        <blocIll ocr="0">0</blocIll>
      </page>
      <page h="5084" ordre="86" w="3540">
        <nbMot>490</nbMot>
        <blocTexte>17</blocTexte>
        <blocTab>0</blocTab>
        <blocPub>0</blocPub>
        <blocIll ocr="0">0</blocIll>
      </page>
      <page h="5052" ordre="87" w="3496">
        <nbMot>434</nbMot>
        <blocTexte>8</blocTexte>
        <blocTab>0</blocTab>
        <blocPub>0</blocPub>
        <blocIll ocr="0">0</blocIll>
      </page>
      <page h="5084" ordre="88" w="3528">
        <nbMot>438</nbMot>
        <blocTexte>9</blocTexte>
        <blocTab>0</blocTab>
        <blocPub>0</blocPub>
        <blocIll ocr="0">0</blocIll>
      </page>
      <page h="5052" ordre="89" w="3496">
        <nbMot>513</nbMot>
        <blocTexte>7</blocTexte>
        <blocTab>0</blocTab>
        <blocPub>0</blocPub>
        <blocIll ocr="0">0</blocIll>
      </page>
      <page h="5048" ordre="90" w="3528">
        <nbMot>494</nbMot>
        <blocTexte>9</blocTexte>
        <blocTab>0</blocTab>
        <blocPub>0</blocPub>
        <blocIll ocr="0">0</blocIll>
      </page>
      <page h="5052" ordre="91" w="3508">
        <nbMot>106</nbMot>
        <blocTexte>4</blocTexte>
        <blocTab>0</blocTab>
        <blocPub>0</blocPub>
        <blocIll ocr="0">0</blocIll>
      </page>
      <page h="5072" ordre="92" w="3516">
        <nbMot>359</nbMot>
        <blocTexte>8</blocTexte>
        <blocTab>0</blocTab>
        <blocPub>0</blocPub>
        <blocIll ocr="0">0</blocIll>
      </page>
      <page h="5040" ordre="93" w="3496">
        <nbMot>519</nbMot>
        <blocTexte>10</blocTexte>
        <blocTab>0</blocTab>
        <blocPub>0</blocPub>
        <blocIll ocr="0">0</blocIll>
      </page>
      <page h="5060" ordre="94" w="3528">
        <nbMot>432</nbMot>
        <blocTexte>10</blocTexte>
        <blocTab>0</blocTab>
        <blocPub>0</blocPub>
        <blocIll ocr="0">0</blocIll>
      </page>
      <page h="5064" ordre="95" w="3508">
        <nbMot>328</nbMot>
        <blocTexte>11</blocTexte>
        <blocTab>0</blocTab>
        <blocPub>0</blocPub>
        <blocIll ocr="0">0</blocIll>
      </page>
      <page h="5060" ordre="96" w="3528">
        <nbMot>354</nbMot>
        <blocTexte>7</blocTexte>
        <blocTab>0</blocTab>
        <blocPub>0</blocPub>
        <blocIll ocr="0">0</blocIll>
      </page>
      <page h="5064" ordre="97" w="3508">
        <nbMot>530</nbMot>
        <blocTexte>7</blocTexte>
        <blocTab>0</blocTab>
        <blocPub>0</blocPub>
        <blocIll ocr="0">0</blocIll>
      </page>
      <page h="5060" ordre="98" w="3528">
        <nbMot>520</nbMot>
        <blocTexte>5</blocTexte>
        <blocTab>0</blocTab>
        <blocPub>0</blocPub>
        <blocIll ocr="0">0</blocIll>
      </page>
      <page h="5052" ordre="99" w="3508">
        <nbMot>431</nbMot>
        <blocTexte>18</blocTexte>
        <blocTab>0</blocTab>
        <blocPub>0</blocPub>
        <blocIll ocr="0">0</blocIll>
      </page>
      <page h="5060" ordre="100" w="3528">
        <nbMot>509</nbMot>
        <blocTexte>8</blocTexte>
        <blocTab>0</blocTab>
        <blocPub>0</blocPub>
        <blocIll ocr="0">0</blocIll>
      </page>
      <page h="5040" ordre="101" w="3508">
        <nbMot>394</nbMot>
        <blocTexte>7</blocTexte>
        <blocTab>0</blocTab>
        <blocPub>0</blocPub>
        <blocIll ocr="0">0</blocIll>
      </page>
      <page h="5084" ordre="102" w="3504">
        <nbMot>427</nbMot>
        <blocTexte>11</blocTexte>
        <blocTab>0</blocTab>
        <blocPub>0</blocPub>
        <blocIll ocr="0">0</blocIll>
      </page>
      <page h="5040" ordre="103" w="3508">
        <nbMot>21</nbMot>
        <blocTexte>3</blocTexte>
        <blocTab>0</blocTab>
        <blocPub>0</blocPub>
        <blocIll ocr="1">1</blocIll>
        <ills>
          <ill couleur="coul" h="3452" n="103-1" taille="9" w="2489" x="636" y="740">
            <contenuImg b="142" coul="1" g="151" ordre="7" r="175" source="colorific" type="frg">#af978e</contenuImg>
            <contenuImg b="115" coul="1" g="137" ordre="6" r="152" source="colorific" type="frg">#988973</contenuImg>
            <contenuImg b="83" coul="1" g="95" ordre="5" r="111" source="colorific" type="frg">#6f5f53</contenuImg>
            <contenuImg b="66" coul="1" g="77" ordre="4" r="75" source="colorific" type="frg">#4b4d42</contenuImg>
            <contenuImg b="96" coul="1" g="124" ordre="3" r="162" source="colorific" type="frg">#a27c60</contenuImg>
            <contenuImg b="106" coul="1" g="105" ordre="2" r="111" source="colorific" type="frg">#6f696a</contenuImg>
            <contenuImg b="72" coul="1" g="107" ordre="1" r="104" source="colorific" type="frg">#686b48</contenuImg>
            <contenuImg CS="1.0" lang="fr" source="hm">insecte</contenuImg>
            <contenuImg CS="1.0" lang="fr" source="hm">animal</contenuImg>
            <theme source="final">13</theme>
            <tech source="final">estampe/gravure</tech>
            <tech CS="0.9" source="md">estampe/gravure</tech>
            <theme CS="0.9" source="md">13</theme>
            <contenuImg CS="1.0" lang="en" source="hm">animal</contenuImg>
            <contenuImg CS="1.0" lang="en" source="hm">insect</contenuImg>
            <contenuImg CS="1.0" lang="en" source="hm">inverterbrate</contenuImg>
            <txt>~ 1 11 Plantes d  Ornement PJ 8 ~ 1 11 Plantes d  Ornement PJ 8</txt>
          </ill>
        </ills>
      </page>
      <page h="5048" ordre="104" w="3468">
        <nbMot>0</nbMot>
        <blocTexte>0</blocTexte>
        <blocTab>0</blocTab>
        <blocPub>0</blocPub>
        <blocIll ocr="0">0</blocIll>
      </page>
      <page h="5064" ordre="105" w="3484">
        <nbMot>468</nbMot>
        <blocTexte>9</blocTexte>
        <blocTab>0</blocTab>
        <blocPub>0</blocPub>
        <blocIll ocr="0">0</blocIll>
      </page>
      <page h="5048" ordre="106" w="3516">
        <nbMot>510</nbMot>
        <blocTexte>10</blocTexte>
        <blocTab>0</blocTab>
        <blocPub>0</blocPub>
        <blocIll ocr="0">0</blocIll>
      </page>
      <page h="5076" ordre="107" w="3508">
        <nbMot>479</nbMot>
        <blocTexte>9</blocTexte>
        <blocTab>0</blocTab>
        <blocPub>0</blocPub>
        <blocIll ocr="0">0</blocIll>
      </page>
      <page h="5084" ordre="108" w="3504">
        <nbMot>483</nbMot>
        <blocTexte>10</blocTexte>
        <blocTab>0</blocTab>
        <blocPub>0</blocPub>
        <blocIll ocr="0">0</blocIll>
      </page>
      <page h="5064" ordre="109" w="3496">
        <nbMot>515</nbMot>
        <blocTexte>10</blocTexte>
        <blocTab>0</blocTab>
        <blocPub>0</blocPub>
        <blocIll ocr="0">0</blocIll>
      </page>
      <page h="5084" ordre="110" w="3492">
        <nbMot>508</nbMot>
        <blocTexte>8</blocTexte>
        <blocTab>0</blocTab>
        <blocPub>0</blocPub>
        <blocIll ocr="0">0</blocIll>
      </page>
      <page h="5052" ordre="111" w="3484">
        <nbMot>440</nbMot>
        <blocTexte>7</blocTexte>
        <blocTab>0</blocTab>
        <blocPub>0</blocPub>
        <blocIll ocr="0">0</blocIll>
      </page>
      <page h="5072" ordre="112" w="3516">
        <nbMot>418</nbMot>
        <blocTexte>16</blocTexte>
        <blocTab>0</blocTab>
        <blocPub>0</blocPub>
        <blocIll ocr="0">0</blocIll>
      </page>
      <page h="5052" ordre="113" w="3484">
        <nbMot>19</nbMot>
        <blocTexte>4</blocTexte>
        <blocTab>0</blocTab>
        <blocPub>0</blocPub>
        <blocIll ocr="1">1</blocIll>
        <ills>
          <ill couleur="coul" h="3594" n="113-1" taille="9" w="2429" x="533" y="674">
            <contenuImg b="75" coul="1" g="75" ordre="4" r="119" source="colorific" type="frg">#774b4b</contenuImg>
            <contenuImg b="60" coul="1" g="73" ordre="3" r="77" source="colorific" type="frg">#4d493c</contenuImg>
            <contenuImg b="56" coul="1" g="88" ordre="2" r="87" source="colorific" type="frg">#575838</contenuImg>
            <contenuImg b="109" coul="1" g="133" ordre="1" r="132" source="colorific" type="frg">#84856d</contenuImg>
            <contenuImg CS="1.0" lang="fr" source="hm">insecte</contenuImg>
            <contenuImg CS="1.0" lang="fr" source="hm">animal</contenuImg>
            <theme source="final">13</theme>
            <tech source="final">estampe/gravure</tech>
            <tech CS="0.9" source="md">estampe/gravure</tech>
            <theme CS="0.9" source="md">13</theme>
            <contenuImg CS="1.0" lang="en" source="hm">animal</contenuImg>
            <contenuImg CS="1.0" lang="en" source="hm">insect</contenuImg>
            <contenuImg CS="1.0" lang="en" source="hm">inverterbrate</contenuImg>
            <leg>Les Rosiers Le Cladie Paris [mp Geny-Gros r S1 Jacques, 33</leg>
            <txt>],A ZOOLOGIE AGRICOLE „ Plantes d Ornement PJ. 9</txt>
          </ill>
        </ills>
      </page>
      <page h="5048" ordre="114" w="3336">
        <nbMot>0</nbMot>
        <blocTexte>0</blocTexte>
        <blocTab>0</blocTab>
        <blocPub>0</blocPub>
        <blocIll ocr="0">0</blocIll>
      </page>
      <page h="5052" ordre="115" w="3484">
        <nbMot>563</nbMot>
        <blocTexte>7</blocTexte>
        <blocTab>0</blocTab>
        <blocPub>0</blocPub>
        <blocIll ocr="0">0</blocIll>
      </page>
      <page h="5060" ordre="116" w="3540">
        <nbMot>480</nbMot>
        <blocTexte>13</blocTexte>
        <blocTab>0</blocTab>
        <blocPub>0</blocPub>
        <blocIll ocr="0">0</blocIll>
      </page>
      <page h="5064" ordre="117" w="3484">
        <nbMot>10</nbMot>
        <blocTexte>3</blocTexte>
        <blocTab>0</blocTab>
        <blocPub>0</blocPub>
        <blocIll ocr="1">1</blocIll>
        <ills>
          <ill couleur="coul" h="3063" n="117-1" taille="7" w="2396" x="518" y="1005">
            <contenuImg b="91" coul="1" g="90" ordre="5" r="133" source="colorific" type="frg">#855a5b</contenuImg>
            <contenuImg b="119" coul="1" g="181" ordre="4" r="185" source="colorific" type="frg">#b9b577</contenuImg>
            <contenuImg b="113" coul="1" g="132" ordre="3" r="159" source="colorific" type="frg">#9f8471</contenuImg>
            <contenuImg b="65" coul="1" g="87" ordre="2" r="91" source="colorific" type="frg">#5b5741</contenuImg>
            <contenuImg b="107" coul="1" g="137" ordre="1" r="134" source="colorific" type="frg">#86896b</contenuImg>
            <contenuImg CS="1.0" lang="fr" source="hm">insecte</contenuImg>
            <contenuImg CS="1.0" lang="fr" source="hm">animal</contenuImg>
            <theme source="final">13</theme>
            <tech source="final">estampe/gravure</tech>
            <tech CS="0.9" source="md">estampe/gravure</tech>
            <theme CS="0.9" source="md">13</theme>
            <contenuImg CS="1.0" lang="en" source="hm">animal</contenuImg>
            <contenuImg CS="1.0" lang="en" source="hm">insect</contenuImg>
            <contenuImg CS="1.0" lang="en" source="hm">inverterbrate</contenuImg>
            <leg>Les Rosiers Â ? Tenthrède ~\  /uu  Paris . w. Geny-Gros r</leg>
            <txt>[texte_manquant] [texte_manquant]</txt>
          </ill>
        </ills>
      </page>
      <page h="5072" ordre="118" w="3384">
        <nbMot>0</nbMot>
        <blocTexte>0</blocTexte>
        <blocTab>0</blocTab>
        <blocPub>0</blocPub>
        <blocIll ocr="0">0</blocIll>
      </page>
      <page h="5040" ordre="119" w="3400">
        <nbMot>441</nbMot>
        <blocTexte>21</blocTexte>
        <blocTab>0</blocTab>
        <blocPub>0</blocPub>
        <blocIll ocr="0">0</blocIll>
      </page>
      <page h="5084" ordre="120" w="3540">
        <nbMot>503</nbMot>
        <blocTexte>13</blocTexte>
        <blocTab>0</blocTab>
        <blocPub>0</blocPub>
        <blocIll ocr="0">0</blocIll>
      </page>
      <page h="5088" ordre="121" w="3544">
        <nbMot>443</nbMot>
        <blocTexte>18</blocTexte>
        <blocTab>0</blocTab>
        <blocPub>0</blocPub>
        <blocIll ocr="0">0</blocIll>
      </page>
      <page h="5096" ordre="122" w="3564">
        <nbMot>402</nbMot>
        <blocTexte>12</blocTexte>
        <blocTab>0</blocTab>
        <blocPub>0</blocPub>
        <blocIll ocr="0">0</blocIll>
      </page>
      <page h="5052" ordre="123" w="3508">
        <nbMot>475</nbMot>
        <blocTexte>8</blocTexte>
        <blocTab>0</blocTab>
        <blocPub>0</blocPub>
        <blocIll ocr="0">0</blocIll>
      </page>
      <page h="5108" ordre="124" w="3540">
        <nbMot>376</nbMot>
        <blocTexte>16</blocTexte>
        <blocTab>0</blocTab>
        <blocPub>0</blocPub>
        <blocIll ocr="0">0</blocIll>
      </page>
      <page h="5052" ordre="125" w="3496">
        <nbMot>458</nbMot>
        <blocTexte>9</blocTexte>
        <blocTab>0</blocTab>
        <blocPub>0</blocPub>
        <blocIll ocr="0">0</blocIll>
      </page>
      <page h="5084" ordre="126" w="3504">
        <nbMot>376</nbMot>
        <blocTexte>14</blocTexte>
        <blocTab>0</blocTab>
        <blocPub>0</blocPub>
        <blocIll ocr="0">0</blocIll>
      </page>
      <page h="5052" ordre="127" w="3496">
        <nbMot>458</nbMot>
        <blocTexte>7</blocTexte>
        <blocTab>0</blocTab>
        <blocPub>0</blocPub>
        <blocIll ocr="0">0</blocIll>
      </page>
      <page h="5084" ordre="128" w="3576">
        <nbMot>489</nbMot>
        <blocTexte>10</blocTexte>
        <blocTab>0</blocTab>
        <blocPub>0</blocPub>
        <blocIll ocr="0">0</blocIll>
      </page>
      <page h="5040" ordre="129" w="3472">
        <nbMot>506</nbMot>
        <blocTexte>11</blocTexte>
        <blocTab>0</blocTab>
        <blocPub>0</blocPub>
        <blocIll ocr="0">0</blocIll>
      </page>
      <page h="5084" ordre="130" w="3480">
        <nbMot>414</nbMot>
        <blocTexte>12</blocTexte>
        <blocTab>0</blocTab>
        <blocPub>0</blocPub>
        <blocIll ocr="0">0</blocIll>
      </page>
      <page h="5040" ordre="131" w="3472">
        <nbMot>20</nbMot>
        <blocTexte>3</blocTexte>
        <blocTab>0</blocTab>
        <blocPub>0</blocPub>
        <blocIll ocr="1">1</blocIll>
        <ills>
          <ill couleur="coul" h="3640" n="131-1" taille="9" w="2468" x="493" y="700">
            <contenuImg b="60" coul="1" g="72" ordre="6" r="85" source="colorific" type="frg">#55483c</contenuImg>
            <contenuImg b="144" coul="1" g="163" ordre="5" r="189" source="colorific" type="frg">#bda390</contenuImg>
            <contenuImg b="76" coul="1" g="100" ordre="4" r="124" source="colorific" type="frg">#7c644c</contenuImg>
            <contenuImg b="103" coul="1" g="154" ordre="3" r="148" source="colorific" type="frg">#949a67</contenuImg>
            <contenuImg b="96" coul="1" g="117" ordre="2" r="122" source="colorific" type="frg">#7a7560</contenuImg>
            <contenuImg b="154" coul="1" g="172" ordre="1" r="178" source="colorific" type="frg">#b2ac9a</contenuImg>
            <contenuImg CS="1.0" lang="fr" source="hm">insecte</contenuImg>
            <contenuImg CS="1.0" lang="fr" source="hm">animal</contenuImg>
            <theme source="final">13</theme>
            <tech source="final">estampe/gravure</tech>
            <tech CS="0.9" source="md">estampe/gravure</tech>
            <theme CS="0.9" source="md">13</theme>
            <contenuImg CS="1.0" lang="en" source="hm">animal</contenuImg>
            <contenuImg CS="1.0" lang="en" source="hm">insect</contenuImg>
            <contenuImg CS="1.0" lang="en" source="hm">inverterbrate</contenuImg>
            <leg>Les Rosiers Le de Reaumur Paris Imp. GenyGros r Jacques ~,1,1</leg>
            <txt>LA ZOOLOGIE AGRICOLE Plantes d Ornement Pl 12 bja LA ZOOLOGIE AGRICOLE Plantes d Ornement Pl 12 bja</txt>
          </ill>
        </ills>
      </page>
      <page h="5084" ordre="132" w="3384">
        <nbMot>0</nbMot>
        <blocTexte>0</blocTexte>
        <blocTab>0</blocTab>
        <blocPub>0</blocPub>
        <blocIll ocr="0">0</blocIll>
      </page>
      <page h="5064" ordre="133" w="3376">
        <nbMot>491</nbMot>
        <blocTexte>10</blocTexte>
        <blocTab>0</blocTab>
        <blocPub>0</blocPub>
        <blocIll ocr="0">0</blocIll>
      </page>
      <page h="5072" ordre="134" w="3492">
        <nbMot>476</nbMot>
        <blocTexte>9</blocTexte>
        <blocTab>0</blocTab>
        <blocPub>0</blocPub>
        <blocIll ocr="0">0</blocIll>
      </page>
      <page h="5040" ordre="135" w="3460">
        <nbMot>395</nbMot>
        <blocTexte>19</blocTexte>
        <blocTab>0</blocTab>
        <blocPub>0</blocPub>
        <blocIll ocr="0">0</blocIll>
      </page>
      <page h="5060" ordre="136" w="3468">
        <nbMot>394</nbMot>
        <blocTexte>15</blocTexte>
        <blocTab>0</blocTab>
        <blocPub>0</blocPub>
        <blocIll ocr="0">0</blocIll>
      </page>
      <page h="5040" ordre="137" w="3472">
        <nbMot>415</nbMot>
        <blocTexte>15</blocTexte>
        <blocTab>0</blocTab>
        <blocPub>0</blocPub>
        <blocIll ocr="0">0</blocIll>
      </page>
      <page h="5084" ordre="138" w="3516">
        <nbMot>370</nbMot>
        <blocTexte>14</blocTexte>
        <blocTab>0</blocTab>
        <blocPub>0</blocPub>
        <blocIll ocr="0">0</blocIll>
      </page>
      <page h="5028" ordre="139" w="3472">
        <nbMot>444</nbMot>
        <blocTexte>10</blocTexte>
        <blocTab>0</blocTab>
        <blocPub>0</blocPub>
        <blocIll ocr="0">0</blocIll>
      </page>
      <page h="5060" ordre="140" w="3504">
        <nbMot>519</nbMot>
        <blocTexte>10</blocTexte>
        <blocTab>0</blocTab>
        <blocPub>0</blocPub>
        <blocIll ocr="0">0</blocIll>
      </page>
      <page h="5052" ordre="141" w="3484">
        <nbMot>508</nbMot>
        <blocTexte>9</blocTexte>
        <blocTab>0</blocTab>
        <blocPub>0</blocPub>
        <blocIll ocr="0">0</blocIll>
      </page>
      <page h="5060" ordre="142" w="3480">
        <nbMot>471</nbMot>
        <blocTexte>16</blocTexte>
        <blocTab>0</blocTab>
        <blocPub>0</blocPub>
        <blocIll ocr="0">0</blocIll>
      </page>
      <page h="5052" ordre="143" w="3508">
        <nbMot>454</nbMot>
        <blocTexte>7</blocTexte>
        <blocTab>0</blocTab>
        <blocPub>0</blocPub>
        <blocIll ocr="0">0</blocIll>
      </page>
      <page h="5084" ordre="144" w="3504">
        <nbMot>461</nbMot>
        <blocTexte>9</blocTexte>
        <blocTab>0</blocTab>
        <blocPub>0</blocPub>
        <blocIll ocr="0">0</blocIll>
      </page>
      <page h="5052" ordre="145" w="3508">
        <nbMot>408</nbMot>
        <blocTexte>13</blocTexte>
        <blocTab>0</blocTab>
        <blocPub>0</blocPub>
        <blocIll ocr="0">0</blocIll>
      </page>
      <page h="5060" ordre="146" w="3492">
        <nbMot>426</nbMot>
        <blocTexte>11</blocTexte>
        <blocTab>0</blocTab>
        <blocPub>0</blocPub>
        <blocIll ocr="0">0</blocIll>
      </page>
      <page h="5052" ordre="147" w="3508">
        <nbMot>20</nbMot>
        <blocTexte>4</blocTexte>
        <blocTab>0</blocTab>
        <blocPub>0</blocPub>
        <blocIll ocr="1">1</blocIll>
        <ills>
          <ill couleur="coul" h="3676" n="147-1" taille="9" w="2380" x="436" y="664">
            <contenuImg b="57" coul="1" g="73" ordre="3" r="74" source="colorific" type="frg">#4a4939</contenuImg>
            <contenuImg b="96" coul="1" g="113" ordre="2" r="150" source="colorific" type="frg">#967160</contenuImg>
            <contenuImg b="80" coul="1" g="112" ordre="1" r="103" source="colorific" type="frg">#677050</contenuImg>
            <contenuImg CS="1.0" lang="fr" source="hm">insecte</contenuImg>
            <contenuImg CS="1.0" lang="fr" source="hm">animal</contenuImg>
            <theme source="final">13</theme>
            <tech source="final">estampe/gravure</tech>
            <tech CS="0.9" source="md">estampe/gravure</tech>
            <theme CS="0.9" source="md">13</theme>
            <contenuImg CS="1.0" lang="en" source="hm">animal</contenuImg>
            <contenuImg CS="1.0" lang="en" source="hm">insect</contenuImg>
            <contenuImg CS="1.0" lang="en" source="hm">inverterbrate</contenuImg>
            <leg>Les Rosiers .1 \4r()\/roto\a\^^^^rijman/i Par un Imp. Geny-Gros ~r. St Jacques 33.</leg>
            <txt>Pt an ■;H (. LA LOOLOGH: AGRICOLE</txt>
          </ill>
        </ills>
      </page>
      <page h="5060" ordre="148" w="3456">
        <nbMot>0</nbMot>
        <blocTexte>0</blocTexte>
        <blocTab>0</blocTab>
        <blocPub>0</blocPub>
        <blocIll ocr="0">0</blocIll>
      </page>
      <page h="5052" ordre="149" w="3508">
        <nbMot>485</nbMot>
        <blocTexte>10</blocTexte>
        <blocTab>0</blocTab>
        <blocPub>0</blocPub>
        <blocIll ocr="0">0</blocIll>
      </page>
      <page h="5048" ordre="150" w="3468">
        <nbMot>477</nbMot>
        <blocTexte>9</blocTexte>
        <blocTab>0</blocTab>
        <blocPub>0</blocPub>
        <blocIll ocr="0">0</blocIll>
      </page>
      <page h="5052" ordre="151" w="3484">
        <nbMot>455</nbMot>
        <blocTexte>16</blocTexte>
        <blocTab>0</blocTab>
        <blocPub>0</blocPub>
        <blocIll ocr="0">0</blocIll>
      </page>
      <page h="5048" ordre="152" w="3468">
        <nbMot>422</nbMot>
        <blocTexte>13</blocTexte>
        <blocTab>0</blocTab>
        <blocPub>0</blocPub>
        <blocIll ocr="0">0</blocIll>
      </page>
      <page h="5052" ordre="153" w="3472">
        <nbMot>8</nbMot>
        <blocTexte>1</blocTexte>
        <blocTab>0</blocTab>
        <blocPub>0</blocPub>
        <blocIll ocr="1">1</blocIll>
        <ills>
          <ill couleur="coul" h="3742" n="153-1" taille="9" w="2319" x="768" y="455">
            <contenuImg b="75" coul="1" g="90" ordre="3" r="109" source="colorific" type="frg">#6d5a4b</contenuImg>
            <contenuImg b="165" coul="1" g="178" ordre="2" r="197" source="colorific" type="frg">#c5b2a5</contenuImg>
            <contenuImg b="104" coul="1" g="128" ordre="1" r="124" source="colorific" type="frg">#7c8068</contenuImg>
            <contenuImg CS="1.0" lang="fr" source="hm">insecte</contenuImg>
            <contenuImg CS="1.0" lang="fr" source="hm">animal</contenuImg>
            <theme source="final">13</theme>
            <tech source="final">estampe/gravure</tech>
            <tech CS="0.9" source="md">estampe/gravure</tech>
            <theme CS="0.9" source="md">13</theme>
            <contenuImg CS="1.0" lang="en" source="hm">animal</contenuImg>
            <contenuImg CS="1.0" lang="en" source="hm">insect</contenuImg>
            <contenuImg CS="1.0" lang="en" source="hm">inverterbrate</contenuImg>
            <leg>Les Rosie rs /11 ~ /orf/f usf /. .yu/  ys/r</leg>
          </ill>
        </ills>
      </page>
      <page h="5060" ordre="154" w="3372">
        <nbMot>0</nbMot>
        <blocTexte>0</blocTexte>
        <blocTab>0</blocTab>
        <blocPub>0</blocPub>
        <blocIll ocr="0">0</blocIll>
      </page>
      <page h="5064" ordre="155" w="3424">
        <nbMot>429</nbMot>
        <blocTexte>10</blocTexte>
        <blocTab>0</blocTab>
        <blocPub>0</blocPub>
        <blocIll ocr="0">0</blocIll>
      </page>
      <page h="5060" ordre="156" w="3456">
        <nbMot>421</nbMot>
        <blocTexte>8</blocTexte>
        <blocTab>0</blocTab>
        <blocPub>0</blocPub>
        <blocIll ocr="0">0</blocIll>
      </page>
      <page h="5064" ordre="157" w="3508">
        <nbMot>490</nbMot>
        <blocTexte>8</blocTexte>
        <blocTab>0</blocTab>
        <blocPub>0</blocPub>
        <blocIll ocr="0">0</blocIll>
      </page>
      <page h="5072" ordre="158" w="3492">
        <nbMot>526</nbMot>
        <blocTexte>8</blocTexte>
        <blocTab>0</blocTab>
        <blocPub>0</blocPub>
        <blocIll ocr="0">0</blocIll>
      </page>
      <page h="5040" ordre="159" w="3484">
        <nbMot>459</nbMot>
        <blocTexte>12</blocTexte>
        <blocTab>0</blocTab>
        <blocPub>0</blocPub>
        <blocIll ocr="0">0</blocIll>
      </page>
      <page h="5048" ordre="160" w="3480">
        <nbMot>456</nbMot>
        <blocTexte>9</blocTexte>
        <blocTab>0</blocTab>
        <blocPub>0</blocPub>
        <blocIll ocr="0">0</blocIll>
      </page>
      <page h="5052" ordre="161" w="3508">
        <nbMot>527</nbMot>
        <blocTexte>5</blocTexte>
        <blocTab>0</blocTab>
        <blocPub>0</blocPub>
        <blocIll ocr="0">0</blocIll>
      </page>
      <page h="5072" ordre="162" w="3492">
        <nbMot>537</nbMot>
        <blocTexte>6</blocTexte>
        <blocTab>0</blocTab>
        <blocPub>0</blocPub>
        <blocIll ocr="0">0</blocIll>
      </page>
      <page h="5076" ordre="163" w="3532">
        <nbMot>492</nbMot>
        <blocTexte>8</blocTexte>
        <blocTab>0</blocTab>
        <blocPub>0</blocPub>
        <blocIll ocr="0">0</blocIll>
      </page>
      <page h="5048" ordre="164" w="3480">
        <nbMot>465</nbMot>
        <blocTexte>7</blocTexte>
        <blocTab>0</blocTab>
        <blocPub>0</blocPub>
        <blocIll ocr="0">0</blocIll>
      </page>
      <page h="5040" ordre="165" w="3508">
        <nbMot>14</nbMot>
        <blocTexte>2</blocTexte>
        <blocTab>0</blocTab>
        <blocPub>0</blocPub>
        <blocIll ocr="1">1</blocIll>
        <ills>
          <ill couleur="coul" h="3594" n="165-1" taille="9" w="2393" x="471" y="669">
            <contenuImg b="84" coul="1" g="97" ordre="8" r="131" source="colorific" type="frg">#836154</contenuImg>
            <contenuImg b="123" coul="1" g="146" ordre="7" r="167" source="colorific" type="frg">#a7927b</contenuImg>
            <contenuImg b="41" coul="1" g="60" ordre="6" r="56" source="colorific" type="frg">#383c29</contenuImg>
            <contenuImg b="55" coul="1" g="78" ordre="5" r="92" source="colorific" type="frg">#5c4e37</contenuImg>
            <contenuImg b="113" coul="1" g="97" ordre="4" r="165" source="colorific" type="frg">#a56171</contenuImg>
            <contenuImg b="176" coul="1" g="178" ordre="3" r="207" source="colorific" type="frg">#cfb2b0</contenuImg>
            <contenuImg b="102" coul="1" g="173" ordre="2" r="173" source="colorific" type="frg">#adad66</contenuImg>
            <contenuImg b="78" coul="1" g="111" ordre="1" r="112" source="colorific" type="frg">#706f4e</contenuImg>
            <contenuImg CS="1.0" lang="fr" source="hm">insecte</contenuImg>
            <contenuImg CS="1.0" lang="fr" source="hm">animal</contenuImg>
            <theme source="final">13</theme>
            <tech source="final">estampe/gravure</tech>
            <tech CS="0.9" source="md">estampe/gravure</tech>
            <theme CS="0.9" source="md">13</theme>
            <contenuImg CS="1.0" lang="en" source="hm">animal</contenuImg>
            <contenuImg CS="1.0" lang="en" source="hm">insect</contenuImg>
            <contenuImg CS="1.0" lang="en" source="hm">inverterbrate</contenuImg>
            <leg>Les Rosiers La ( ~\ iome dorée.</leg>
            <txt>LA ZOOLOGIE AGRICOLE • Mantes d Ornement Pi y!  LA ZOOLOGIE AGRICOLE • Mantes d Ornement Pi y!</txt>
          </ill>
        </ills>
      </page>
      <page h="5048" ordre="166" w="3360">
        <nbMot>0</nbMot>
        <blocTexte>0</blocTexte>
        <blocTab>0</blocTab>
        <blocPub>0</blocPub>
        <blocIll ocr="0">0</blocIll>
      </page>
      <page h="5040" ordre="167" w="3412">
        <nbMot>424</nbMot>
        <blocTexte>9</blocTexte>
        <blocTab>0</blocTab>
        <blocPub>0</blocPub>
        <blocIll ocr="0">0</blocIll>
      </page>
      <page h="5060" ordre="168" w="3492">
        <nbMot>502</nbMot>
        <blocTexte>11</blocTexte>
        <blocTab>0</blocTab>
        <blocPub>0</blocPub>
        <blocIll ocr="0">0</blocIll>
      </page>
      <page h="5064" ordre="169" w="3520">
        <nbMot>435</nbMot>
        <blocTexte>18</blocTexte>
        <blocTab>0</blocTab>
        <blocPub>0</blocPub>
        <blocIll ocr="0">0</blocIll>
      </page>
      <page h="5072" ordre="170" w="3552">
        <nbMot>440</nbMot>
        <blocTexte>9</blocTexte>
        <blocTab>0</blocTab>
        <blocPub>0</blocPub>
        <blocIll ocr="0">0</blocIll>
      </page>
      <page h="5064" ordre="171" w="3508">
        <nbMot>457</nbMot>
        <blocTexte>13</blocTexte>
        <blocTab>0</blocTab>
        <blocPub>0</blocPub>
        <blocIll ocr="0">0</blocIll>
      </page>
      <page h="5072" ordre="172" w="3516">
        <nbMot>459</nbMot>
        <blocTexte>9</blocTexte>
        <blocTab>0</blocTab>
        <blocPub>0</blocPub>
        <blocIll ocr="0">0</blocIll>
      </page>
      <page h="5064" ordre="173" w="3496">
        <nbMot>417</nbMot>
        <blocTexte>9</blocTexte>
        <blocTab>0</blocTab>
        <blocPub>0</blocPub>
        <blocIll ocr="0">0</blocIll>
      </page>
      <page h="5072" ordre="174" w="3528">
        <nbMot>374</nbMot>
        <blocTexte>14</blocTexte>
        <blocTab>0</blocTab>
        <blocPub>0</blocPub>
        <blocIll ocr="0">0</blocIll>
      </page>
      <page h="5076" ordre="175" w="3532">
        <nbMot>494</nbMot>
        <blocTexte>9</blocTexte>
        <blocTab>0</blocTab>
        <blocPub>0</blocPub>
        <blocIll ocr="0">0</blocIll>
      </page>
      <page h="5048" ordre="176" w="3516">
        <nbMot>477</nbMot>
        <blocTexte>9</blocTexte>
        <blocTab>0</blocTab>
        <blocPub>0</blocPub>
        <blocIll ocr="0">0</blocIll>
      </page>
      <page h="5040" ordre="177" w="3532">
        <nbMot>497</nbMot>
        <blocTexte>11</blocTexte>
        <blocTab>0</blocTab>
        <blocPub>0</blocPub>
        <blocIll ocr="0">0</blocIll>
      </page>
      <page h="5072" ordre="178" w="3504">
        <nbMot>464</nbMot>
        <blocTexte>15</blocTexte>
        <blocTab>0</blocTab>
        <blocPub>0</blocPub>
        <blocIll ocr="0">0</blocIll>
      </page>
      <page h="5040" ordre="179" w="3520">
        <nbMot>501</nbMot>
        <blocTexte>10</blocTexte>
        <blocTab>0</blocTab>
        <blocPub>0</blocPub>
        <blocIll ocr="0">0</blocIll>
      </page>
      <page h="5072" ordre="180" w="3516">
        <nbMot>536</nbMot>
        <blocTexte>5</blocTexte>
        <blocTab>0</blocTab>
        <blocPub>0</blocPub>
        <blocIll ocr="0">0</blocIll>
      </page>
      <page h="5052" ordre="181" w="3520">
        <nbMot>473</nbMot>
        <blocTexte>10</blocTexte>
        <blocTab>0</blocTab>
        <blocPub>0</blocPub>
        <blocIll ocr="0">0</blocIll>
      </page>
      <page h="5060" ordre="182" w="3504">
        <nbMot>418</nbMot>
        <blocTexte>17</blocTexte>
        <blocTab>0</blocTab>
        <blocPub>0</blocPub>
        <blocIll ocr="0">0</blocIll>
      </page>
      <page h="5052" ordre="183" w="3520">
        <nbMot>493</nbMot>
        <blocTexte>11</blocTexte>
        <blocTab>0</blocTab>
        <blocPub>0</blocPub>
        <blocIll ocr="0">0</blocIll>
      </page>
      <page h="5060" ordre="184" w="3504">
        <nbMot>427</nbMot>
        <blocTexte>15</blocTexte>
        <blocTab>0</blocTab>
        <blocPub>0</blocPub>
        <blocIll ocr="0">0</blocIll>
      </page>
      <page h="5076" ordre="185" w="3508">
        <nbMot>497</nbMot>
        <blocTexte>12</blocTexte>
        <blocTab>0</blocTab>
        <blocPub>0</blocPub>
        <blocIll ocr="0">0</blocIll>
      </page>
      <page h="5084" ordre="186" w="3528">
        <nbMot>376</nbMot>
        <blocTexte>10</blocTexte>
        <blocTab>0</blocTab>
        <blocPub>0</blocPub>
        <blocIll ocr="0">0</blocIll>
      </page>
      <page h="5076" ordre="187" w="3496">
        <nbMot>436</nbMot>
        <blocTexte>10</blocTexte>
        <blocTab>0</blocTab>
        <blocPub>0</blocPub>
        <blocIll ocr="0">0</blocIll>
      </page>
      <page h="5084" ordre="188" w="3480">
        <nbMot>437</nbMot>
        <blocTexte>20</blocTexte>
        <blocTab>0</blocTab>
        <blocPub>0</blocPub>
        <blocIll ocr="0">0</blocIll>
      </page>
      <page h="5076" ordre="189" w="3508">
        <nbMot>455</nbMot>
        <blocTexte>11</blocTexte>
        <blocTab>0</blocTab>
        <blocPub>0</blocPub>
        <blocIll ocr="0">0</blocIll>
      </page>
      <page h="5072" ordre="190" w="3480">
        <nbMot>408</nbMot>
        <blocTexte>13</blocTexte>
        <blocTab>0</blocTab>
        <blocPub>0</blocPub>
        <blocIll ocr="0">0</blocIll>
      </page>
      <page h="5064" ordre="191" w="3496">
        <nbMot>152</nbMot>
        <blocTexte>10</blocTexte>
        <blocTab>0</blocTab>
        <blocPub>0</blocPub>
        <blocIll ocr="0">0</blocIll>
      </page>
      <page h="5072" ordre="192" w="3492">
        <nbMot>320</nbMot>
        <blocTexte>8</blocTexte>
        <blocTab>0</blocTab>
        <blocPub>0</blocPub>
        <blocIll ocr="0">0</blocIll>
      </page>
      <page h="5052" ordre="193" w="3484">
        <nbMot>1</nbMot>
        <blocTexte>1</blocTexte>
        <blocTab>0</blocTab>
        <blocPub>0</blocPub>
        <blocIll ocr="1">1</blocIll>
        <ills>
          <ill couleur="coul" h="3465" n="193-1" taille="6" w="1923" x="711" y="542">
            <contenuImg b="62" coul="1" g="74" ordre="7" r="90" source="colorific" type="frg">#5a4a3e</contenuImg>
            <contenuImg b="103" coul="1" g="111" ordre="6" r="111" source="colorific" type="frg">#6f6f67</contenuImg>
            <contenuImg b="87" coul="1" g="112" ordre="5" r="124" source="colorific" type="frg">#7c7057</contenuImg>
            <contenuImg b="103" coul="1" g="103" ordre="4" r="141" source="colorific" type="frg">#8d6767</contenuImg>
            <contenuImg b="156" coul="1" g="164" ordre="3" r="192" source="colorific" type="frg">#c0a49c</contenuImg>
            <contenuImg b="105" coul="1" g="148" ordre="2" r="148" source="colorific" type="frg">#949469</contenuImg>
            <contenuImg b="123" coul="1" g="114" ordre="1" r="111" source="colorific" type="frg">#6f727b</contenuImg>
            <contenuImg CS="1.0" lang="fr" source="hm">insecte</contenuImg>
            <contenuImg CS="1.0" lang="fr" source="hm">animal</contenuImg>
            <theme source="final">13</theme>
            <tech source="final">estampe/gravure</tech>
            <tech CS="0.9" source="md">estampe/gravure</tech>
            <theme CS="0.9" source="md">13</theme>
            <contenuImg CS="1.0" lang="en" source="hm">animal</contenuImg>
            <contenuImg CS="1.0" lang="en" source="hm">insect</contenuImg>
            <contenuImg CS="1.0" lang="en" source="hm">inverterbrate</contenuImg>
            <leg>[texte_manquant]</leg>
          </ill>
        </ills>
      </page>
      <page h="5072" ordre="194" w="3396">
        <nbMot>0</nbMot>
        <blocTexte>0</blocTexte>
        <blocTab>0</blocTab>
        <blocPub>0</blocPub>
        <blocIll ocr="0">0</blocIll>
      </page>
      <page h="5052" ordre="195" w="3400">
        <nbMot>467</nbMot>
        <blocTexte>12</blocTexte>
        <blocTab>0</blocTab>
        <blocPub>0</blocPub>
        <blocIll ocr="0">0</blocIll>
      </page>
      <page h="5048" ordre="196" w="3492">
        <nbMot>419</nbMot>
        <blocTexte>11</blocTexte>
        <blocTab>0</blocTab>
        <blocPub>0</blocPub>
        <blocIll ocr="0">0</blocIll>
      </page>
      <page h="5076" ordre="197" w="3508">
        <nbMot>211</nbMot>
        <blocTexte>3</blocTexte>
        <blocTab>0</blocTab>
        <blocPub>0</blocPub>
        <blocIll ocr="0">0</blocIll>
      </page>
      <page h="5072" ordre="198" w="3540">
        <nbMot>343</nbMot>
        <blocTexte>9</blocTexte>
        <blocTab>0</blocTab>
        <blocPub>0</blocPub>
        <blocIll ocr="0">0</blocIll>
      </page>
      <page h="5052" ordre="199" w="3496">
        <nbMot>8</nbMot>
        <blocTexte>1</blocTexte>
        <blocTab>0</blocTab>
        <blocPub>0</blocPub>
        <blocIll ocr="1">1</blocIll>
        <ills>
          <ill couleur="coul" h="3567" n="199-1" taille="8" w="2339" x="436" y="445">
            <contenuImg b="66" coul="1" g="90" ordre="4" r="84" source="colorific" type="frg">#545a42</contenuImg>
            <contenuImg b="75" coul="1" g="155" ordre="3" r="193" source="colorific" type="frg">#c19b4b</contenuImg>
            <contenuImg b="67" coul="1" g="109" ordre="2" r="151" source="colorific" type="frg">#976d43</contenuImg>
            <contenuImg b="117" coul="1" g="141" ordre="1" r="145" source="colorific" type="frg">#918d75</contenuImg>
            <contenuImg CS="1.0" lang="fr" source="hm">insecte</contenuImg>
            <contenuImg CS="1.0" lang="fr" source="hm">animal</contenuImg>
            <theme source="final">13</theme>
            <tech source="final">estampe/gravure</tech>
            <tech CS="0.9" source="md">estampe/gravure</tech>
            <theme CS="0.9" source="md">13</theme>
            <contenuImg CS="1.0" lang="en" source="hm">animal</contenuImg>
            <contenuImg CS="1.0" lang="en" source="hm">insect</contenuImg>
            <contenuImg CS="1.0" lang="en" source="hm">inverterbrate</contenuImg>
            <leg>La Rose il Inde Le ~ / ••/r/t m/y/tr A .r.ivvv/////</leg>
          </ill>
        </ills>
      </page>
      <page h="5072" ordre="200" w="3396">
        <nbMot>0</nbMot>
        <blocTexte>0</blocTexte>
        <blocTab>0</blocTab>
        <blocPub>0</blocPub>
        <blocIll ocr="0">0</blocIll>
      </page>
      <page h="5064" ordre="201" w="3400">
        <nbMot>506</nbMot>
        <blocTexte>7</blocTexte>
        <blocTab>0</blocTab>
        <blocPub>0</blocPub>
        <blocIll ocr="0">0</blocIll>
      </page>
      <page h="5060" ordre="202" w="3504">
        <nbMot>489</nbMot>
        <blocTexte>7</blocTexte>
        <blocTab>0</blocTab>
        <blocPub>0</blocPub>
        <blocIll ocr="0">0</blocIll>
      </page>
      <page h="5052" ordre="203" w="3520">
        <nbMot>160</nbMot>
        <blocTexte>10</blocTexte>
        <blocTab>0</blocTab>
        <blocPub>0</blocPub>
        <blocIll ocr="0">0</blocIll>
      </page>
      <page h="5084" ordre="204" w="3564">
        <nbMot>379</nbMot>
        <blocTexte>5</blocTexte>
        <blocTab>0</blocTab>
        <blocPub>0</blocPub>
        <blocIll ocr="0">0</blocIll>
      </page>
      <page h="5052" ordre="205" w="3484">
        <nbMot>18</nbMot>
        <blocTexte>3</blocTexte>
        <blocTab>0</blocTab>
        <blocPub>0</blocPub>
        <blocIll ocr="1">1</blocIll>
        <ills>
          <ill couleur="coul" h="2902" n="205-1" taille="7" w="2348" x="716" y="1039">
            <contenuImg b="68" coul="1" g="91" ordre="2" r="90" source="colorific" type="frg">#5a5b44</contenuImg>
            <contenuImg b="119" coul="1" g="151" ordre="1" r="148" source="colorific" type="frg">#949777</contenuImg>
            <contenuImg CS="1.0" lang="fr" source="hm">insecte</contenuImg>
            <contenuImg CS="1.0" lang="fr" source="hm">animal</contenuImg>
            <theme source="final">13</theme>
            <tech source="final">estampe/gravure</tech>
            <tech CS="0.9" source="md">estampe/gravure</tech>
            <theme CS="0.9" source="md">13</theme>
            <contenuImg CS="1.0" lang="en" source="hm">animal</contenuImg>
            <contenuImg CS="1.0" lang="en" source="hm">insect</contenuImg>
            <contenuImg CS="1.0" lang="en" source="hm">inverterbrate</contenuImg>
            <leg>La Julienne L AluÚte porrectelle Paris lmp r St .1.1</leg>
            <txt>LA ZOOLOGIE AGRICOLE ~F J vr.i . C v 11;   ? LA ZOOLOGIE AGRICOLE ~F J vr.i . C v 11;   ?</txt>
          </ill>
        </ills>
      </page>
      <page h="5084" ordre="206" w="3456">
        <nbMot>0</nbMot>
        <blocTexte>0</blocTexte>
        <blocTab>0</blocTab>
        <blocPub>0</blocPub>
        <blocIll ocr="0">0</blocIll>
      </page>
      <page h="5052" ordre="207" w="3400">
        <nbMot>496</nbMot>
        <blocTexte>15</blocTexte>
        <blocTab>0</blocTab>
        <blocPub>0</blocPub>
        <blocIll ocr="0">0</blocIll>
      </page>
      <page h="5072" ordre="208" w="3516">
        <nbMot>409</nbMot>
        <blocTexte>13</blocTexte>
        <blocTab>0</blocTab>
        <blocPub>0</blocPub>
        <blocIll ocr="0">0</blocIll>
      </page>
      <page h="5064" ordre="209" w="3520">
        <nbMot>368</nbMot>
        <blocTexte>6</blocTexte>
        <blocTab>0</blocTab>
        <blocPub>0</blocPub>
        <blocIll ocr="0">0</blocIll>
      </page>
      <page h="5048" ordre="210" w="3504">
        <nbMot>436</nbMot>
        <blocTexte>13</blocTexte>
        <blocTab>0</blocTab>
        <blocPub>0</blocPub>
        <blocIll ocr="0">0</blocIll>
      </page>
      <page h="5040" ordre="211" w="3508">
        <nbMot>479</nbMot>
        <blocTexte>10</blocTexte>
        <blocTab>0</blocTab>
        <blocPub>0</blocPub>
        <blocIll ocr="0">0</blocIll>
      </page>
      <page h="5060" ordre="212" w="3492">
        <nbMot>466</nbMot>
        <blocTexte>12</blocTexte>
        <blocTab>0</blocTab>
        <blocPub>0</blocPub>
        <blocIll ocr="0">0</blocIll>
      </page>
      <page h="5064" ordre="213" w="3508">
        <nbMot>284</nbMot>
        <blocTexte>13</blocTexte>
        <blocTab>0</blocTab>
        <blocPub>0</blocPub>
        <blocIll ocr="0">0</blocIll>
      </page>
      <page h="5072" ordre="214" w="3504">
        <nbMot>355</nbMot>
        <blocTexte>6</blocTexte>
        <blocTab>0</blocTab>
        <blocPub>0</blocPub>
        <blocIll ocr="0">0</blocIll>
      </page>
      <page h="5064" ordre="215" w="3508">
        <nbMot>23</nbMot>
        <blocTexte>3</blocTexte>
        <blocTab>0</blocTab>
        <blocPub>0</blocPub>
        <blocIll ocr="1">1</blocIll>
        <ills>
          <ill couleur="coul" h="3222" n="215-1" taille="5" w="1672" x="897" y="897">
            <contenuImg b="102" coul="1" g="118" ordre="5" r="128" source="colorific" type="frg">#807666</contenuImg>
            <contenuImg b="100" coul="1" g="160" ordre="4" r="158" source="colorific" type="frg">#9ea064</contenuImg>
            <contenuImg b="133" coul="1" g="133" ordre="3" r="175" source="colorific" type="frg">#af8585</contenuImg>
            <contenuImg b="173" coul="1" g="181" ordre="2" r="208" source="colorific" type="frg">#d0b5ad</contenuImg>
            <contenuImg b="96" coul="1" g="123" ordre="1" r="109" source="colorific" type="frg">#6d7b60</contenuImg>
            <contenuImg CS="1.0" lang="fr" source="hm">insecte</contenuImg>
            <contenuImg CS="1.0" lang="fr" source="hm">animal</contenuImg>
            <theme source="final">13</theme>
            <tech source="final">estampe/gravure</tech>
            <tech CS="0.9" source="md">estampe/gravure</tech>
            <theme CS="0.9" source="md">13</theme>
            <contenuImg CS="1.0" lang="en" source="hm">animal</contenuImg>
            <contenuImg CS="1.0" lang="en" source="hm">insect</contenuImg>
            <contenuImg CS="1.0" lang="en" source="hm">inverterbrate</contenuImg>
            <leg>I.a petite Centauree_ _Z  Eupithecia le la Centaurée</leg>
            <txt>L\ ZOOLOGIE AGRICOLE Pentes d Ornement PJ 26 L\ ZOOLOGIE AGRICOLE Pentes d Ornement PJ 26</txt>
          </ill>
        </ills>
      </page>
      <page h="5072" ordre="216" w="3504">
        <nbMot>0</nbMot>
        <blocTexte>0</blocTexte>
        <blocTab>0</blocTab>
        <blocPub>0</blocPub>
        <blocIll ocr="0">0</blocIll>
      </page>
      <page h="5076" ordre="217" w="3508">
        <nbMot>492</nbMot>
        <blocTexte>13</blocTexte>
        <blocTab>0</blocTab>
        <blocPub>0</blocPub>
        <blocIll ocr="0">0</blocIll>
      </page>
      <page h="5096" ordre="218" w="3504">
        <nbMot>375</nbMot>
        <blocTexte>7</blocTexte>
        <blocTab>0</blocTab>
        <blocPub>0</blocPub>
        <blocIll ocr="0">0</blocIll>
      </page>
      <page h="5064" ordre="219" w="3496">
        <nbMot>442</nbMot>
        <blocTexte>7</blocTexte>
        <blocTab>0</blocTab>
        <blocPub>0</blocPub>
        <blocIll ocr="0">0</blocIll>
      </page>
      <page h="5048" ordre="220" w="3480">
        <nbMot>501</nbMot>
        <blocTexte>8</blocTexte>
        <blocTab>0</blocTab>
        <blocPub>0</blocPub>
        <blocIll ocr="0">0</blocIll>
      </page>
      <page h="5052" ordre="221" w="3508">
        <nbMot>390</nbMot>
        <blocTexte>17</blocTexte>
        <blocTab>0</blocTab>
        <blocPub>0</blocPub>
        <blocIll ocr="0">0</blocIll>
      </page>
      <page h="5096" ordre="222" w="3492">
        <nbMot>419</nbMot>
        <blocTexte>9</blocTexte>
        <blocTab>0</blocTab>
        <blocPub>0</blocPub>
        <blocIll ocr="0">0</blocIll>
      </page>
      <page h="5064" ordre="223" w="3508">
        <nbMot>381</nbMot>
        <blocTexte>13</blocTexte>
        <blocTab>0</blocTab>
        <blocPub>0</blocPub>
        <blocIll ocr="0">0</blocIll>
      </page>
      <page h="5060" ordre="224" w="3492">
        <nbMot>524</nbMot>
        <blocTexte>6</blocTexte>
        <blocTab>0</blocTab>
        <blocPub>0</blocPub>
        <blocIll ocr="0">0</blocIll>
      </page>
      <page h="5064" ordre="225" w="3508">
        <nbMot>489</nbMot>
        <blocTexte>14</blocTexte>
        <blocTab>0</blocTab>
        <blocPub>0</blocPub>
        <blocIll ocr="0">0</blocIll>
      </page>
      <page h="5060" ordre="226" w="3480">
        <nbMot>231</nbMot>
        <blocTexte>5</blocTexte>
        <blocTab>0</blocTab>
        <blocPub>0</blocPub>
        <blocIll ocr="0">0</blocIll>
      </page>
      <page h="5064" ordre="227" w="3508">
        <nbMot>21</nbMot>
        <blocTexte>3</blocTexte>
        <blocTab>0</blocTab>
        <blocPub>0</blocPub>
        <blocIll ocr="1">1</blocIll>
        <ills>
          <ill couleur="coul" h="3507" n="227-1" taille="8" w="2369" x="533" y="659">
            <contenuImg b="70" coul="1" g="98" ordre="6" r="128" source="colorific" type="frg">#806246</contenuImg>
            <contenuImg b="27" coul="1" g="142" ordre="5" r="205" source="colorific" type="frg">#cd8e1b</contenuImg>
            <contenuImg b="52" coul="1" g="98" ordre="4" r="167" source="colorific" type="frg">#a76234</contenuImg>
            <contenuImg b="121" coul="1" g="181" ordre="3" r="181" source="colorific" type="frg">#b5b579</contenuImg>
            <contenuImg b="54" coul="1" g="88" ordre="2" r="84" source="colorific" type="frg">#545836</contenuImg>
            <contenuImg b="116" coul="1" g="144" ordre="1" r="148" source="colorific" type="frg">#949074</contenuImg>
            <contenuImg CS="1.0" lang="fr" source="hm">insecte</contenuImg>
            <contenuImg CS="1.0" lang="fr" source="hm">animal</contenuImg>
            <theme source="final">13</theme>
            <tech source="final">estampe/gravure</tech>
            <tech CS="0.9" source="md">estampe/gravure</tech>
            <theme CS="0.9" source="md">13</theme>
            <contenuImg CS="1.0" lang="en" source="hm">animal</contenuImg>
            <contenuImg CS="1.0" lang="en" source="hm">insect</contenuImg>
            <contenuImg CS="1.0" lang="en" source="hm">inverterbrate</contenuImg>
            <leg>Les C apucines La Mélanthie ondée P,. Imp. Genv-Gros r St Jacques. XI.</leg>
            <txt>LA ZOOLOGIE AGRICLOE riantes d Ornement PI 30, LA ZOOLOGIE AGRICLOE riantes d Ornement PI 30,</txt>
          </ill>
        </ills>
      </page>
      <page h="5048" ordre="228" w="3372">
        <nbMot>0</nbMot>
        <blocTexte>0</blocTexte>
        <blocTab>0</blocTab>
        <blocPub>0</blocPub>
        <blocIll ocr="0">0</blocIll>
      </page>
      <page h="5040" ordre="229" w="3424">
        <nbMot>353</nbMot>
        <blocTexte>6</blocTexte>
        <blocTab>0</blocTab>
        <blocPub>0</blocPub>
        <blocIll ocr="0">0</blocIll>
      </page>
      <page h="5072" ordre="230" w="3552">
        <nbMot>519</nbMot>
        <blocTexte>8</blocTexte>
        <blocTab>0</blocTab>
        <blocPub>0</blocPub>
        <blocIll ocr="0">0</blocIll>
      </page>
      <page h="5040" ordre="231" w="3520">
        <nbMot>14</nbMot>
        <blocTexte>2</blocTexte>
        <blocTab>0</blocTab>
        <blocPub>0</blocPub>
        <blocIll ocr="1">1</blocIll>
        <ills>
          <ill couleur="coul" h="3615" n="231-1" taille="9" w="2593" x="441" y="434">
            <contenuImg b="59" coul="1" g="75" ordre="5" r="112" source="colorific" type="frg">#704b3b</contenuImg>
            <contenuImg b="79" coul="1" g="120" ordre="4" r="171" source="colorific" type="frg">#ab784f</contenuImg>
            <contenuImg b="75" coul="1" g="106" ordre="3" r="129" source="colorific" type="frg">#816a4b</contenuImg>
            <contenuImg b="106" coul="1" g="166" ordre="2" r="179" source="colorific" type="frg">#b3a66a</contenuImg>
            <contenuImg b="91" coul="1" g="121" ordre="1" r="116" source="colorific" type="frg">#74795b</contenuImg>
            <contenuImg CS="1.0" lang="fr" source="hm">insecte</contenuImg>
            <contenuImg CS="1.0" lang="fr" source="hm">animal</contenuImg>
            <theme source="final">13</theme>
            <tech source="final">estampe/gravure</tech>
            <tech CS="0.9" source="md">estampe/gravure</tech>
            <theme CS="0.9" source="md">13</theme>
            <contenuImg CS="1.0" lang="en" source="hm">animal</contenuImg>
            <contenuImg CS="1.0" lang="en" source="hm">insect</contenuImg>
            <contenuImg CS="1.0" lang="en" source="hm">inverterbrate</contenuImg>
            <leg>Les ( apucines La Piéride du Choit Imp Grac r .r! uec 33.</leg>
          </ill>
        </ills>
      </page>
      <page h="5060" ordre="232" w="3360">
        <nbMot>0</nbMot>
        <blocTexte>0</blocTexte>
        <blocTab>0</blocTab>
        <blocPub>0</blocPub>
        <blocIll ocr="0">0</blocIll>
      </page>
      <page h="5028" ordre="233" w="3388">
        <nbMot>458</nbMot>
        <blocTexte>14</blocTexte>
        <blocTab>0</blocTab>
        <blocPub>0</blocPub>
        <blocIll ocr="0">0</blocIll>
      </page>
      <page h="5048" ordre="234" w="3504">
        <nbMot>521</nbMot>
        <blocTexte>7</blocTexte>
        <blocTab>0</blocTab>
        <blocPub>0</blocPub>
        <blocIll ocr="0">0</blocIll>
      </page>
      <page h="5076" ordre="235" w="3556">
        <nbMot>527</nbMot>
        <blocTexte>6</blocTexte>
        <blocTab>0</blocTab>
        <blocPub>0</blocPub>
        <blocIll ocr="0">0</blocIll>
      </page>
      <page h="5060" ordre="236" w="3540">
        <nbMot>471</nbMot>
        <blocTexte>12</blocTexte>
        <blocTab>0</blocTab>
        <blocPub>0</blocPub>
        <blocIll ocr="0">0</blocIll>
      </page>
      <page h="5040" ordre="237" w="3520">
        <nbMot>7</nbMot>
        <blocTexte>2</blocTexte>
        <blocTab>0</blocTab>
        <blocPub>0</blocPub>
        <blocIll ocr="1">1</blocIll>
        <ills>
          <ill couleur="coul" h="3650" n="237-1" taille="9" w="2445" x="717" y="613">
            <contenuImg b="81" coul="1" g="130" ordre="5" r="163" source="colorific" type="frg">#a38251</contenuImg>
            <contenuImg b="107" coul="1" g="115" ordre="4" r="123" source="colorific" type="frg">#7b736b</contenuImg>
            <contenuImg b="83" coul="1" g="160" ordre="3" r="184" source="colorific" type="frg">#b8a053</contenuImg>
            <contenuImg b="59" coul="1" g="87" ordre="2" r="82" source="colorific" type="frg">#52573b</contenuImg>
            <contenuImg b="122" coul="1" g="150" ordre="1" r="151" source="colorific" type="frg">#97967a</contenuImg>
            <contenuImg CS="1.0" lang="fr" source="hm">insecte</contenuImg>
            <contenuImg CS="1.0" lang="fr" source="hm">animal</contenuImg>
            <theme source="final">13</theme>
            <tech source="final">estampe/gravure</tech>
            <tech CS="0.9" source="md">estampe/gravure</tech>
            <theme CS="0.9" source="md">13</theme>
            <contenuImg CS="1.0" lang="en" source="hm">animal</contenuImg>
            <contenuImg CS="1.0" lang="en" source="hm">insect</contenuImg>
            <contenuImg CS="1.0" lang="en" source="hm">inverterbrate</contenuImg>
            <leg>Les Ca paris Il /.,, Tordeure</leg>
            <txt>[texte_manquant] [texte_manquant]</txt>
          </ill>
        </ills>
      </page>
      <page h="5060" ordre="238" w="3528">
        <nbMot>0</nbMot>
        <blocTexte>0</blocTexte>
        <blocTab>0</blocTab>
        <blocPub>0</blocPub>
        <blocIll ocr="0">0</blocIll>
      </page>
      <page h="5040" ordre="239" w="3520">
        <nbMot>16</nbMot>
        <blocTexte>3</blocTexte>
        <blocTab>0</blocTab>
        <blocPub>0</blocPub>
        <blocIll ocr="1">1</blocIll>
        <ills>
          <ill couleur="coul" h="3625" n="239-1" taille="9" w="2517" x="630" y="695">
            <contenuImg b="57" coul="1" g="71" ordre="5" r="97" source="colorific" type="frg">#614739</contenuImg>
            <contenuImg b="76" coul="1" g="111" ordre="4" r="140" source="colorific" type="frg">#8c6f4c</contenuImg>
            <contenuImg b="126" coul="1" g="144" ordre="3" r="149" source="colorific" type="frg">#95907e</contenuImg>
            <contenuImg b="59" coul="1" g="77" ordre="2" r="81" source="colorific" type="frg">#514d3b</contenuImg>
            <contenuImg b="105" coul="1" g="139" ordre="1" r="130" source="colorific" type="frg">#828b69</contenuImg>
            <contenuImg CS="1.0" lang="fr" source="hm">insecte</contenuImg>
            <contenuImg CS="1.0" lang="fr" source="hm">animal</contenuImg>
            <theme source="final">13</theme>
            <tech source="final">estampe/gravure</tech>
            <tech CS="0.9" source="md">estampe/gravure</tech>
            <theme CS="0.9" source="md">13</theme>
            <contenuImg CS="1.0" lang="en" source="hm">animal</contenuImg>
            <contenuImg CS="1.0" lang="en" source="hm">insect</contenuImg>
            <contenuImg CS="1.0" lang="en" source="hm">inverterbrate</contenuImg>
            <leg>Les LYS Griocère du Lys  ,., Imp, 33</leg>
            <txt>LA 7,001 OGIE AGRICOLE Plantes d Ornement Pl 47. LA 7,001 OGIE AGRICOLE Plantes d Ornement Pl 47.</txt>
          </ill>
        </ills>
      </page>
      <page h="5048" ordre="240" w="3528">
        <nbMot>0</nbMot>
        <blocTexte>0</blocTexte>
        <blocTab>0</blocTab>
        <blocPub>0</blocPub>
        <blocIll ocr="0">0</blocIll>
      </page>
      <page h="5016" ordre="241" w="3496">
        <nbMot>0</nbMot>
        <blocTexte>0</blocTexte>
        <blocTab>0</blocTab>
        <blocPub>0</blocPub>
        <blocIll ocr="0">0</blocIll>
      </page>
      <page h="5036" ordre="242" w="3528">
        <nbMot>263</nbMot>
        <blocTexte>12</blocTexte>
        <blocTab>0</blocTab>
        <blocPub>0</blocPub>
        <blocIll ocr="0">0</blocIll>
      </page>
      <page h="5016" ordre="243" w="3496">
        <nbMot>0</nbMot>
        <blocTexte>0</blocTexte>
        <blocTab>0</blocTab>
        <blocPub>0</blocPub>
        <blocIll ocr="0">0</blocIll>
      </page>
      <page h="5048" ordre="244" w="3540">
        <nbMot>0</nbMot>
        <blocTexte>0</blocTexte>
        <blocTab>0</blocTab>
        <blocPub>0</blocPub>
        <blocIll ocr="0">0</blocIll>
      </page>
      <page h="5016" ordre="245" w="3496">
        <nbMot>0</nbMot>
        <blocTexte>0</blocTexte>
        <blocTab>0</blocTab>
        <blocPub>0</blocPub>
        <blocIll ocr="0">0</blocIll>
      </page>
      <page h="5036" ordre="246" w="3564">
        <nbMot>0</nbMot>
        <blocTexte>0</blocTexte>
        <blocTab>0</blocTab>
        <blocPub>0</blocPub>
        <blocIll ocr="0">0</blocIll>
      </page>
    </pages>
  </contenus>
</analyseAlto>