<analyseAlto>
  <metad>
    <type>I</type>
    <ID>btv1b105488309</ID>
    <titre>Poissons : peinture / Yoeequa Painter</titre>
    <dateEdition>1830-1840</dateEdition>
    <auteur>Yoeequa (18..?-18..). Dessinateur Lagrené, Marie-Melchior-Joseph-Théodore de (1800-1862). Collecteur</auteur>
    <lang>0</lang>
    <source>Bibliothèque nationale de France, département Estampes et photographie, RESERVE PET FOL-OE-163 (G)</source>
    <nbPage>22</nbPage>
    <descr>Poissons -- Chine</descr>
  </metad>
  <contenus ocr="false" toc="false">
    <largeur>236</largeur>
    <hauteur>170</hauteur>
    <largeurPx>5577</largeurPx>
    <hauteurPx>4031</hauteurPx>
    <pages>
      <page ordre="3">
        <blocIll ocr="1">0</blocIll>
        <ills/>
      </page>
      <page ordre="4">
        <blocIll ocr="1">0</blocIll>
        <ills/>
      </page>
      <page ordre="5">
        <blocIll ocr="1">0</blocIll>
        <ills/>
      </page>
      <page ordre="6">
        <blocIll ocr="1">0</blocIll>
        <ills/>
      </page>
      <page ordre="7">
        <blocIll ocr="1">1</blocIll>
        <ills>
          <ill couleur="coul" edit="1" h="4014" n="7-1" taille="10" w="5174" x="1" y="1">
            <contenuImg b="48" coul="1" g="49" ordre="8" r="83" source="colorific" type="frg">#533130</contenuImg>
            <contenuImg b="150" coul="1" g="165" ordre="7" r="195" source="colorific" type="frg">#c3a596</contenuImg>
            <contenuImg b="58" coul="1" g="66" ordre="6" r="69" source="colorific" type="frg">#45423a</contenuImg>
            <contenuImg b="52" coul="1" g="48" ordre="5" r="115" source="colorific" type="frg">#733034</contenuImg>
            <contenuImg b="111" coul="1" g="114" ordre="4" r="163" source="colorific" type="frg">#a3726f</contenuImg>
            <contenuImg b="118" coul="1" g="131" ordre="3" r="141" source="colorific" type="frg">#8d8376</contenuImg>
            <contenuImg b="166" coul="1" g="165" ordre="2" r="149" source="colorific" type="frg">#95a5a6</contenuImg>
            <contenuImg b="190" coul="1" g="210" ordre="1" r="215" source="colorific" type="frg">#d7d2be</contenuImg>
            <contenuImg CS="1" coul="1" lang="fr" source="hm" time="2019-05-01T18:40:28.862+02:00">rose</contenuImg>
            <contenuImg CS="1" coul="1" lang="fr" source="hm" time="2019-05-01T18:40:28.055+02:00">gris</contenuImg>
            <contenuImg CS="1.0" lang="fr" source="md">vertébré aquatique</contenuImg>
            <contenuImg CS="1.0" lang="fr" source="md">animal</contenuImg>
            <contenuImg CS="1.0" lang="fr" source="md">poisson</contenuImg>
            <tech source="final">estampe/gravure</tech>
            <theme source="final">13</theme>
            <tech CS="1" source="md">estampe/gravure</tech>
            <theme CS="1" source="md">13</theme>
            <contenuImg CS="1.0" lang="en" source="md">fish</contenuImg>
            <contenuImg CS="1.0" lang="en" source="md">animal</contenuImg>
            <contenuImg CS="1.0" lang="en" source="md">aquatic vertebrate</contenuImg>
            <titraille>Poissons : peinture / Yoeequa Painter</titraille>
            <contenuImg CS="1" coul="1" lang="en" source="hm" time="2019-05-01T18:40:28.055+02:00">gray color</contenuImg>
            <contenuImg CS="1" coul="1" lang="en" source="hm" time="2019-05-01T18:40:28.862+02:00">pink color</contenuImg>
          </ill>
        </ills>
      </page>
      <page ordre="8">
        <blocIll ocr="1">1</blocIll>
        <ills>
          <ill couleur="coul" h="4009" n="8-1" taille="10" w="5157" x="1" y="1">
            <contenuImg b="72" coul="1" g="84" ordre="4" r="88" source="colorific" type="frg">#585448</contenuImg>
            <contenuImg b="116" coul="1" g="133" ordre="3" r="140" source="colorific" type="frg">#8c8574</contenuImg>
            <contenuImg b="164" coul="1" g="160" ordre="2" r="144" source="colorific" type="frg">#90a0a4</contenuImg>
            <contenuImg b="190" coul="1" g="207" ordre="1" r="213" source="colorific" type="frg">#d5cfbe</contenuImg>
            <contenuImg CS="1.0" lang="fr" source="md">vertébré aquatique</contenuImg>
            <contenuImg CS="1.0" lang="fr" source="md">animal</contenuImg>
            <contenuImg CS="1.0" lang="fr" source="md">poisson</contenuImg>
            <tech source="final">estampe/gravure</tech>
            <theme source="final">13</theme>
            <tech CS="1" source="md">estampe/gravure</tech>
            <theme CS="1" source="md">13</theme>
            <contenuImg CS="1.0" lang="en" source="md">fish</contenuImg>
            <contenuImg CS="1.0" lang="en" source="md">animal</contenuImg>
            <contenuImg CS="1.0" lang="en" source="md">aquatic vertebrate</contenuImg>
            <titraille>Poissons : peinture / Yoeequa Painter</titraille>
          </ill>
        </ills>
      </page>
      <page ordre="9">
        <blocIll ocr="1">1</blocIll>
        <ills>
          <ill couleur="coul" h="4014" n="9-1" taille="10" w="5174" x="1" y="1">
            <contenuImg b="152" coul="1" g="158" ordre="6" r="149" source="colorific" type="frg">#959e98</contenuImg>
            <contenuImg b="62" coul="1" g="79" ordre="5" r="101" source="colorific" type="frg">#654f3e</contenuImg>
            <contenuImg b="88" coul="1" g="127" ordre="4" r="151" source="colorific" type="frg">#977f58</contenuImg>
            <contenuImg b="127" coul="1" g="147" ordre="3" r="155" source="colorific" type="frg">#9b937f</contenuImg>
            <contenuImg b="195" coul="1" g="187" ordre="2" r="169" source="colorific" type="frg">#a9bbc3</contenuImg>
            <contenuImg b="193" coul="1" g="212" ordre="1" r="217" source="colorific" type="frg">#d9d4c1</contenuImg>
            <contenuImg CS="1.0" lang="fr" source="md">vertébré aquatique</contenuImg>
            <contenuImg CS="1.0" lang="fr" source="md">animal</contenuImg>
            <contenuImg CS="1.0" lang="fr" source="md">poisson</contenuImg>
            <tech source="final">estampe/gravure</tech>
            <theme source="final">13</theme>
            <tech CS="1" source="md">estampe/gravure</tech>
            <theme CS="1" source="md">13</theme>
            <contenuImg CS="1.0" lang="en" source="md">fish</contenuImg>
            <contenuImg CS="1.0" lang="en" source="md">animal</contenuImg>
            <contenuImg CS="1.0" lang="en" source="md">aquatic vertebrate</contenuImg>
            <titraille>Poissons : peinture / Yoeequa Painter</titraille>
          </ill>
        </ills>
      </page>
      <page ordre="10">
        <blocIll ocr="1">1</blocIll>
        <ills>
          <ill couleur="coul" h="4009" n="10-1" taille="10" w="5169" x="1" y="1">
            <contenuImg b="50" coul="1" g="56" ordre="5" r="59" source="colorific" type="frg">#3b3832</contenuImg>
            <contenuImg b="79" coul="1" g="90" ordre="4" r="93" source="colorific" type="frg">#5d5a4f</contenuImg>
            <contenuImg b="126" coul="1" g="140" ordre="3" r="144" source="colorific" type="frg">#908c7e</contenuImg>
            <contenuImg b="168" coul="1" g="167" ordre="2" r="151" source="colorific" type="frg">#97a7a8</contenuImg>
            <contenuImg b="190" coul="1" g="209" ordre="1" r="215" source="colorific" type="frg">#d7d1be</contenuImg>
            <contenuImg CS="1.0" lang="fr" source="md">vertébré aquatique</contenuImg>
            <contenuImg CS="1.0" lang="fr" source="md">animal</contenuImg>
            <contenuImg CS="1.0" lang="fr" source="md">poisson</contenuImg>
            <tech source="final">estampe/gravure</tech>
            <theme source="final">13</theme>
            <tech CS="1" source="md">estampe/gravure</tech>
            <theme CS="1" source="md">13</theme>
            <contenuImg CS="1.0" lang="en" source="md">fish</contenuImg>
            <contenuImg CS="1.0" lang="en" source="md">animal</contenuImg>
            <contenuImg CS="1.0" lang="en" source="md">aquatic vertebrate</contenuImg>
            <titraille>Poissons : peinture / Yoeequa Painter</titraille>
          </ill>
        </ills>
      </page>
      <page ordre="11">
        <blocIll ocr="1">1</blocIll>
        <ills>
          <ill couleur="coul" h="4014" n="11-1" taille="10" w="5174" x="1" y="1">
            <contenuImg b="121" coul="1" g="132" ordre="5" r="147" source="colorific" type="frg">#938479</contenuImg>
            <contenuImg b="56" coul="1" g="60" ordre="4" r="68" source="colorific" type="frg">#443c38</contenuImg>
            <contenuImg b="170" coul="1" g="193" ordre="3" r="207" source="colorific" type="frg">#cfc1aa</contenuImg>
            <contenuImg b="120" coul="1" g="135" ordre="2" r="137" source="colorific" type="frg">#898778</contenuImg>
            <contenuImg b="174" coul="1" g="172" ordre="1" r="157" source="colorific" type="frg">#9dacae</contenuImg>
            <contenuImg CS="1.0" lang="fr" source="md">vertébré aquatique</contenuImg>
            <contenuImg CS="1.0" lang="fr" source="md">animal</contenuImg>
            <contenuImg CS="1.0" lang="fr" source="md">poisson</contenuImg>
            <tech source="final">estampe/gravure</tech>
            <theme source="final">13</theme>
            <tech CS="1" source="md">estampe/gravure</tech>
            <theme CS="1" source="md">13</theme>
            <contenuImg CS="1.0" lang="en" source="md">fish</contenuImg>
            <contenuImg CS="1.0" lang="en" source="md">animal</contenuImg>
            <contenuImg CS="1.0" lang="en" source="md">aquatic vertebrate</contenuImg>
            <titraille>Poissons : peinture / Yoeequa Painter</titraille>
          </ill>
        </ills>
      </page>
      <page ordre="12">
        <blocIll ocr="1">1</blocIll>
        <ills>
          <ill couleur="coul" h="4009" n="12-1" taille="10" w="5121" x="1" y="1">
            <contenuImg b="75" coul="1" g="89" ordre="4" r="96" source="colorific" type="frg">#60594b</contenuImg>
            <contenuImg b="127" coul="1" g="154" ordre="3" r="157" source="colorific" type="frg">#9d9a7f</contenuImg>
            <contenuImg b="197" coul="1" g="192" ordre="2" r="176" source="colorific" type="frg">#b0c0c5</contenuImg>
            <contenuImg b="175" coul="1" g="185" ordre="1" r="189" source="colorific" type="frg">#bdb9af</contenuImg>
            <contenuImg CS="1.0" lang="fr" source="md">vertébré aquatique</contenuImg>
            <contenuImg CS="1.0" lang="fr" source="md">animal</contenuImg>
            <contenuImg CS="1.0" lang="fr" source="md">poisson</contenuImg>
            <txt source="google">"Po - che - ",</txt>
            <tech source="final">estampe/gravure</tech>
            <theme source="final">13</theme>
            <tech CS="1" source="md">estampe/gravure</tech>
            <theme CS="1" source="md">13</theme>
            <contenuImg CS="1.0" lang="en" source="md">fish</contenuImg>
            <contenuImg CS="1.0" lang="en" source="md">animal</contenuImg>
            <contenuImg CS="1.0" lang="en" source="md">aquatic vertebrate</contenuImg>
            <titraille>Poissons : peinture / Yoeequa Painter</titraille>
          </ill>
        </ills>
      </page>
      <page ordre="13">
        <blocIll ocr="1">1</blocIll>
        <ills>
          <ill couleur="coul" h="4068" n="13-1" taille="10" w="5093" x="1" y="1">
            <contenuImg b="58" coul="1" g="67" ordre="4" r="72" source="colorific" type="frg">#48433a</contenuImg>
            <contenuImg b="96" coul="1" g="149" ordre="3" r="165" source="colorific" type="frg">#a59560</contenuImg>
            <contenuImg b="93" coul="1" g="109" ordre="2" r="114" source="colorific" type="frg">#726d5d</contenuImg>
            <contenuImg b="185" coul="1" g="182" ordre="1" r="167" source="colorific" type="frg">#a7b6b9</contenuImg>
            <contenuImg CS="1.0" lang="fr" source="md">vertébré aquatique</contenuImg>
            <contenuImg CS="1.0" lang="fr" source="md">animal</contenuImg>
            <contenuImg CS="1.0" lang="fr" source="md">poisson</contenuImg>
            <tech source="final">estampe/gravure</tech>
            <theme source="final">13</theme>
            <tech CS="1" source="md">estampe/gravure</tech>
            <theme CS="1" source="md">13</theme>
            <contenuImg CS="1.0" lang="en" source="md">fish</contenuImg>
            <contenuImg CS="1.0" lang="en" source="md">animal</contenuImg>
            <contenuImg CS="1.0" lang="en" source="md">aquatic vertebrate</contenuImg>
            <titraille>Poissons : peinture / Yoeequa Painter</titraille>
          </ill>
        </ills>
      </page>
      <page ordre="14">
        <blocIll ocr="1">1</blocIll>
        <ills>
          <ill couleur="coul" h="4009" n="14-1" taille="10" w="5055" x="1" y="1">
            <contenuImg b="50" coul="1" g="53" ordre="6" r="57" source="colorific" type="frg">#393532</contenuImg>
            <contenuImg b="137" coul="1" g="169" ordre="5" r="195" source="colorific" type="frg">#c3a989</contenuImg>
            <contenuImg b="75" coul="1" g="84" ordre="4" r="87" source="colorific" type="frg">#57544b</contenuImg>
            <contenuImg b="116" coul="1" g="129" ordre="3" r="134" source="colorific" type="frg">#868174</contenuImg>
            <contenuImg b="188" coul="1" g="184" ordre="2" r="167" source="colorific" type="frg">#a7b8bc</contenuImg>
            <contenuImg b="193" coul="1" g="212" ordre="1" r="217" source="colorific" type="frg">#d9d4c1</contenuImg>
            <contenuImg CS="1.0" lang="fr" source="md">vertébré aquatique</contenuImg>
            <contenuImg CS="1.0" lang="fr" source="md">animal</contenuImg>
            <contenuImg CS="1.0" lang="fr" source="md">poisson</contenuImg>
            <txt source="google">"But - I - ",</txt>
            <tech source="final">estampe/gravure</tech>
            <theme source="final">13</theme>
            <tech CS="1" source="md">estampe/gravure</tech>
            <theme CS="1" source="md">13</theme>
            <contenuImg CS="1.0" lang="en" source="md">fish</contenuImg>
            <contenuImg CS="1.0" lang="en" source="md">animal</contenuImg>
            <contenuImg CS="1.0" lang="en" source="md">aquatic vertebrate</contenuImg>
            <titraille>Poissons : peinture / Yoeequa Painter</titraille>
          </ill>
        </ills>
      </page>
      <page ordre="15">
        <blocIll ocr="1">1</blocIll>
        <ills>
          <ill couleur="coul" edit="true" h="4044" n="15-1" taille="10" w="5162" x="1" y="1">
            <contenuImg b="54" coul="1" g="60" ordre="7" r="64" source="colorific" type="frg">#403c36</contenuImg>
            <contenuImg b="109" coul="1" g="110" ordre="6" r="176" source="colorific" type="frg">#b06e6d</contenuImg>
            <contenuImg b="94" coul="1" g="110" ordre="5" r="150" source="colorific" type="frg">#966e5e</contenuImg>
            <contenuImg b="137" coul="1" g="149" ordre="4" r="141" source="colorific" type="frg">#8d9589</contenuImg>
            <contenuImg b="81" coul="1" g="93" ordre="3" r="97" source="colorific" type="frg">#615d51</contenuImg>
            <contenuImg b="118" coul="1" g="159" ordre="2" r="182" source="colorific" type="frg">#b69f76</contenuImg>
            <contenuImg b="192" coul="1" g="188" ordre="1" r="172" source="colorific" type="frg">#acbcc0</contenuImg>
            <contenuImg CS="1" coul="1" lang="fr" source="hm" time="2019-05-01T18:40:32.377+02:00">gris</contenuImg>
            <contenuImg CS="1" coul="1" lang="fr" source="hm" time="2019-03-17T19:15:55.659+01:00">rose</contenuImg>
            <contenuImg CS="1.0" lang="fr" source="md">vertébré aquatique</contenuImg>
            <contenuImg CS="1.0" lang="fr" source="md">animal</contenuImg>
            <contenuImg CS="1.0" lang="fr" source="md">poisson</contenuImg>
            <tech source="final">estampe/gravure</tech>
            <theme source="final">13</theme>
            <tech CS="1" source="md">estampe/gravure</tech>
            <theme CS="1" source="md">13</theme>
            <contenuImg CS="1.0" lang="en" source="md">fish</contenuImg>
            <contenuImg CS="1.0" lang="en" source="md">animal</contenuImg>
            <contenuImg CS="1.0" lang="en" source="md">aquatic vertebrate</contenuImg>
            <titraille>Poissons : peinture / Yoeequa Painter</titraille>
            <contenuImg CS="1" coul="1" lang="en" source="hm" time="2019-03-17T19:15:55.659+01:00">pink color</contenuImg>
            <contenuImg CS="1" coul="1" lang="en" source="hm" time="2019-05-01T18:40:32.377+02:00">gray color</contenuImg>
            <contenuImg CS="1" coul="1" lang="en" source="hm" time="2019-05-01T18:40:33.302+02:00">pink color</contenuImg>
          </ill>
        </ills>
      </page>
      <page ordre="16">
        <blocIll ocr="1">1</blocIll>
        <ills>
          <ill couleur="coul" h="4026" n="16-1" taille="10" w="5171" x="1" y="1">
            <contenuImg b="107" coul="1" g="119" ordre="5" r="139" source="colorific" type="frg">#8b776b</contenuImg>
            <contenuImg b="75" coul="1" g="86" ordre="4" r="93" source="colorific" type="frg">#5d564b</contenuImg>
            <contenuImg b="117" coul="1" g="132" ordre="3" r="139" source="colorific" type="frg">#8b8475</contenuImg>
            <contenuImg b="173" coul="1" g="172" ordre="2" r="153" source="colorific" type="frg">#99acad</contenuImg>
            <contenuImg b="167" coul="1" g="190" ordre="1" r="201" source="colorific" type="frg">#c9bea7</contenuImg>
            <contenuImg CS="1.0" lang="fr" source="md">vertébré aquatique</contenuImg>
            <contenuImg CS="1.0" lang="fr" source="md">animal</contenuImg>
            <contenuImg CS="1.0" lang="fr" source="md">poisson</contenuImg>
            <tech source="final">estampe/gravure</tech>
            <theme source="final">13</theme>
            <tech CS="1" source="md">estampe/gravure</tech>
            <theme CS="1" source="md">13</theme>
            <contenuImg CS="1.0" lang="en" source="md">fish</contenuImg>
            <contenuImg CS="1.0" lang="en" source="md">animal</contenuImg>
            <contenuImg CS="1.0" lang="en" source="md">aquatic vertebrate</contenuImg>
            <titraille>Poissons : peinture / Yoeequa Painter</titraille>
          </ill>
        </ills>
      </page>
      <page ordre="17">
        <blocIll ocr="1">1</blocIll>
        <ills>
          <ill couleur="coul" h="4044" n="17-1" taille="10" w="5162" x="1" y="1">
            <contenuImg b="69" coul="1" g="80" ordre="7" r="102" source="colorific" type="frg">#665045</contenuImg>
            <contenuImg b="93" coul="1" g="115" ordre="6" r="146" source="colorific" type="frg">#92735d</contenuImg>
            <contenuImg b="143" coul="1" g="172" ordre="5" r="202" source="colorific" type="frg">#caac8f</contenuImg>
            <contenuImg b="66" coul="1" g="79" ordre="4" r="87" source="colorific" type="frg">#574f42</contenuImg>
            <contenuImg b="124" coul="1" g="141" ordre="3" r="143" source="colorific" type="frg">#8f8d7c</contenuImg>
            <contenuImg b="196" coul="1" g="190" ordre="2" r="169" source="colorific" type="frg">#a9bec4</contenuImg>
            <contenuImg b="193" coul="1" g="212" ordre="1" r="217" source="colorific" type="frg">#d9d4c1</contenuImg>
            <contenuImg CS="1.0" lang="fr" source="md">vertébré aquatique</contenuImg>
            <contenuImg CS="1.0" lang="fr" source="md">animal</contenuImg>
            <contenuImg CS="1.0" lang="fr" source="md">poisson</contenuImg>
            <tech source="final">estampe/gravure</tech>
            <theme source="final">13</theme>
            <tech CS="1" source="md">estampe/gravure</tech>
            <theme CS="1" source="md">13</theme>
            <contenuImg CS="1.0" lang="en" source="md">fish</contenuImg>
            <contenuImg CS="1.0" lang="en" source="md">animal</contenuImg>
            <contenuImg CS="1.0" lang="en" source="md">aquatic vertebrate</contenuImg>
            <titraille>Poissons : peinture / Yoeequa Painter</titraille>
          </ill>
        </ills>
      </page>
      <page ordre="18">
        <blocIll ocr="1">1</blocIll>
        <ills>
          <ill couleur="coul" h="4026" n="18-1" taille="10" w="5171" x="1" y="1">
            <contenuImg b="61" coul="1" g="71" ordre="5" r="78" source="colorific" type="frg">#4e473d</contenuImg>
            <contenuImg b="140" coul="1" g="148" ordre="4" r="149" source="colorific" type="frg">#95948c</contenuImg>
            <contenuImg b="102" coul="1" g="123" ordre="3" r="135" source="colorific" type="frg">#877b66</contenuImg>
            <contenuImg b="187" coul="1" g="177" ordre="2" r="156" source="colorific" type="frg">#9cb1bb</contenuImg>
            <contenuImg b="193" coul="1" g="212" ordre="1" r="217" source="colorific" type="frg">#d9d4c1</contenuImg>
            <contenuImg CS="1.0" lang="fr" source="md">vertébré aquatique</contenuImg>
            <contenuImg CS="1.0" lang="fr" source="md">animal</contenuImg>
            <contenuImg CS="1.0" lang="fr" source="md">poisson</contenuImg>
            <tech source="final">estampe/gravure</tech>
            <theme source="final">13</theme>
            <tech CS="1" source="md">estampe/gravure</tech>
            <theme CS="1" source="md">13</theme>
            <contenuImg CS="1.0" lang="en" source="md">fish</contenuImg>
            <contenuImg CS="1.0" lang="en" source="md">animal</contenuImg>
            <contenuImg CS="1.0" lang="en" source="md">aquatic vertebrate</contenuImg>
            <titraille>Poissons : peinture / Yoeequa Painter</titraille>
          </ill>
        </ills>
      </page>
      <page ordre="19">
        <blocIll ocr="1">0</blocIll>
        <ills/>
      </page>
      <page ordre="20">
        <blocIll ocr="1">0</blocIll>
        <ills/>
      </page>
    </pages>
  </contenus>
</analyseAlto>