<analyseAlto>
  <metad>
    <type>I</type>
    <ID>btv1b10548828g</ID>
    <titre>Poissons : peinture / Yoeequa Painter</titre>
    <dateEdition>1830-1840</dateEdition>
    <auteur>Yoeequa (18..?-18..). Dessinateur Lagrené, Marie-Melchior-Joseph-Théodore de (1800-1862). Collecteur</auteur>
    <lang>0</lang>
    <source>Bibliothèque nationale de France, département Estampes et photographie, RESERVE PET FOL-OE-163 (B)</source>
    <nbPage>22</nbPage>
    <descr>Poissons -- Chine</descr>
  </metad>
  <contenus ocr="false" toc="false">
    <largeur>234</largeur>
    <hauteur>171</hauteur>
    <largeurPx>5547</largeurPx>
    <hauteurPx>4041</hauteurPx>
    <pages>
      <page ordre="3">
        <blocIll ocr="1">0</blocIll>
        <ills/>
      </page>
      <page ordre="4">
        <blocIll ocr="1">0</blocIll>
        <ills/>
      </page>
      <page ordre="5">
        <blocIll ocr="1">0</blocIll>
        <ills/>
      </page>
      <page ordre="6">
        <blocIll ocr="1">0</blocIll>
        <ills/>
      </page>
      <page ordre="7">
        <blocIll ocr="1">1</blocIll>
        <ills>
          <ill couleur="coul" h="4071" n="7-1" taille="10" w="5253" x="1" y="1">
            <contenuImg b="58" coul="1" g="66" ordre="7" r="74" source="colorific" type="frg">#4a423a</contenuImg>
            <contenuImg b="117" coul="1" g="114" ordre="6" r="184" source="colorific" type="frg">#b87275</contenuImg>
            <contenuImg b="124" coul="1" g="138" ordre="5" r="165" source="colorific" type="frg">#a58a7c</contenuImg>
            <contenuImg b="151" coul="1" g="156" ordre="4" r="153" source="colorific" type="frg">#999c97</contenuImg>
            <contenuImg b="87" coul="1" g="103" ordre="3" r="116" source="colorific" type="frg">#746757</contenuImg>
            <contenuImg b="167" coul="1" g="161" ordre="2" r="142" source="colorific" type="frg">#8ea1a7</contenuImg>
            <contenuImg b="182" coul="1" g="202" ordre="1" r="209" source="colorific" type="frg">#d1cab6</contenuImg>
            <contenuImg CS="1.0" lang="fr" source="md">vertébré aquatique</contenuImg>
            <contenuImg CS="1.0" lang="fr" source="md">animal</contenuImg>
            <contenuImg CS="1.0" lang="fr" source="md">poisson</contenuImg>
            <tech source="final">estampe/gravure</tech>
            <theme source="final">13</theme>
            <tech CS="1" source="md">estampe/gravure</tech>
            <theme CS="1" source="md">13</theme>
            <contenuImg CS="1.0" lang="en" source="md">fish</contenuImg>
            <contenuImg CS="1.0" lang="en" source="md">animal</contenuImg>
            <contenuImg CS="1.0" lang="en" source="md">aquatic vertebrate</contenuImg>
            <titraille>Poissons : peinture / Yoeequa Painter</titraille>
          </ill>
        </ills>
      </page>
      <page ordre="8">
        <blocIll ocr="1">1</blocIll>
        <ills>
          <ill couleur="coul" h="4040" n="8-1" taille="10" w="5225" x="1" y="1">
            <contenuImg b="64" coul="1" g="72" ordre="5" r="76" source="colorific" type="frg">#4c4840</contenuImg>
            <contenuImg b="94" coul="1" g="114" ordre="4" r="123" source="colorific" type="frg">#7b725e</contenuImg>
            <contenuImg b="168" coul="1" g="173" ordre="3" r="170" source="colorific" type="frg">#aaada8</contenuImg>
            <contenuImg b="174" coul="1" g="167" ordre="2" r="148" source="colorific" type="frg">#94a7ae</contenuImg>
            <contenuImg b="186" coul="1" g="204" ordre="1" r="211" source="colorific" type="frg">#d3ccba</contenuImg>
            <contenuImg CS="1.0" lang="fr" source="md">vertébré aquatique</contenuImg>
            <contenuImg CS="1.0" lang="fr" source="md">animal</contenuImg>
            <contenuImg CS="1.0" lang="fr" source="md">poisson</contenuImg>
            <tech source="final">estampe/gravure</tech>
            <theme source="final">13</theme>
            <tech CS="1" source="md">estampe/gravure</tech>
            <theme CS="1" source="md">13</theme>
            <contenuImg CS="1.0" lang="en" source="md">fish</contenuImg>
            <contenuImg CS="1.0" lang="en" source="md">animal</contenuImg>
            <contenuImg CS="1.0" lang="en" source="md">aquatic vertebrate</contenuImg>
            <titraille>Poissons : peinture / Yoeequa Painter</titraille>
          </ill>
        </ills>
      </page>
      <page ordre="9">
        <blocIll ocr="1">1</blocIll>
        <ills>
          <ill couleur="coul" h="4071" n="9-1" taille="10" w="5196" x="1" y="1">
            <contenuImg b="68" coul="1" g="76" ordre="4" r="80" source="colorific" type="frg">#504c44</contenuImg>
            <contenuImg b="106" coul="1" g="119" ordre="3" r="124" source="colorific" type="frg">#7c776a</contenuImg>
            <contenuImg b="179" coul="1" g="175" ordre="2" r="162" source="colorific" type="frg">#a2afb3</contenuImg>
            <contenuImg b="175" coul="1" g="194" ordre="1" r="203" source="colorific" type="frg">#cbc2af</contenuImg>
            <contenuImg CS="1.0" lang="fr" source="md">vertébré aquatique</contenuImg>
            <contenuImg CS="1.0" lang="fr" source="md">animal</contenuImg>
            <contenuImg CS="1.0" lang="fr" source="md">poisson</contenuImg>
            <tech source="final">estampe/gravure</tech>
            <theme source="final">13</theme>
            <tech CS="1" source="md">estampe/gravure</tech>
            <theme CS="1" source="md">13</theme>
            <contenuImg CS="1.0" lang="en" source="md">fish</contenuImg>
            <contenuImg CS="1.0" lang="en" source="md">animal</contenuImg>
            <contenuImg CS="1.0" lang="en" source="md">aquatic vertebrate</contenuImg>
            <titraille>Poissons : peinture / Yoeequa Painter</titraille>
          </ill>
        </ills>
      </page>
      <page ordre="10">
        <blocIll ocr="1">1</blocIll>
        <ills>
          <ill couleur="coul" h="4040" n="10-1" taille="10" w="5225" x="1" y="1">
            <contenuImg b="149" coul="1" g="158" ordre="4" r="152" source="colorific" type="frg">#989e95</contenuImg>
            <contenuImg b="62" coul="1" g="71" ordre="3" r="69" source="colorific" type="frg">#45473e</contenuImg>
            <contenuImg b="78" coul="1" g="103" ordre="2" r="114" source="colorific" type="frg">#72674e</contenuImg>
            <contenuImg b="176" coul="1" g="168" ordre="1" r="151" source="colorific" type="frg">#97a8b0</contenuImg>
            <contenuImg CS="1.0" lang="fr" source="md">vertébré aquatique</contenuImg>
            <contenuImg CS="1.0" lang="fr" source="md">animal</contenuImg>
            <contenuImg CS="1.0" lang="fr" source="md">poisson</contenuImg>
            <tech source="final">estampe/gravure</tech>
            <theme source="final">13</theme>
            <tech CS="1" source="md">estampe/gravure</tech>
            <theme CS="1" source="md">13</theme>
            <contenuImg CS="1.0" lang="en" source="md">fish</contenuImg>
            <contenuImg CS="1.0" lang="en" source="md">animal</contenuImg>
            <contenuImg CS="1.0" lang="en" source="md">aquatic vertebrate</contenuImg>
            <titraille>Poissons : peinture / Yoeequa Painter</titraille>
          </ill>
        </ills>
      </page>
      <page ordre="11">
        <blocIll ocr="1">1</blocIll>
        <ills>
          <ill couleur="coul" h="4071" n="11-1" taille="10" w="5142" x="1" y="1">
            <contenuImg b="79" coul="1" g="87" ordre="6" r="119" source="colorific" type="frg">#77574f</contenuImg>
            <contenuImg b="52" coul="1" g="58" ordre="5" r="65" source="colorific" type="frg">#413a34</contenuImg>
            <contenuImg b="121" coul="1" g="135" ordre="4" r="160" source="colorific" type="frg">#a08779</contenuImg>
            <contenuImg b="106" coul="1" g="135" ordre="3" r="139" source="colorific" type="frg">#8b876a</contenuImg>
            <contenuImg b="77" coul="1" g="93" ordre="2" r="98" source="colorific" type="frg">#625d4d</contenuImg>
            <contenuImg b="178" coul="1" g="175" ordre="1" r="164" source="colorific" type="frg">#a4afb2</contenuImg>
            <contenuImg CS="1.0" lang="fr" source="md">vertébré aquatique</contenuImg>
            <contenuImg CS="1.0" lang="fr" source="md">animal</contenuImg>
            <contenuImg CS="1.0" lang="fr" source="md">poisson</contenuImg>
            <tech source="final">estampe/gravure</tech>
            <theme source="final">13</theme>
            <tech CS="1" source="md">estampe/gravure</tech>
            <theme CS="1" source="md">13</theme>
            <contenuImg CS="1.0" lang="en" source="md">fish</contenuImg>
            <contenuImg CS="1.0" lang="en" source="md">animal</contenuImg>
            <contenuImg CS="1.0" lang="en" source="md">aquatic vertebrate</contenuImg>
            <titraille>Poissons : peinture / Yoeequa Painter</titraille>
          </ill>
        </ills>
      </page>
      <page ordre="12">
        <blocIll ocr="1">1</blocIll>
        <ills>
          <ill couleur="coul" h="4040" n="12-1" taille="10" w="5186" x="1" y="1">
            <contenuImg b="49" coul="1" g="52" ordre="6" r="57" source="colorific" type="frg">#393431</contenuImg>
            <contenuImg b="85" coul="1" g="94" ordre="5" r="111" source="colorific" type="frg">#6f5e55</contenuImg>
            <contenuImg b="92" coul="1" g="97" ordre="4" r="143" source="colorific" type="frg">#8f615c</contenuImg>
            <contenuImg b="73" coul="1" g="83" ordre="3" r="84" source="colorific" type="frg">#545349</contenuImg>
            <contenuImg b="119" coul="1" g="131" ordre="2" r="139" source="colorific" type="frg">#8b8377</contenuImg>
            <contenuImg b="156" coul="1" g="154" ordre="1" r="146" source="colorific" type="frg">#929a9c</contenuImg>
            <contenuImg CS="1.0" lang="fr" source="md">vertébré aquatique</contenuImg>
            <contenuImg CS="1.0" lang="fr" source="md">animal</contenuImg>
            <contenuImg CS="1.0" lang="fr" source="md">poisson</contenuImg>
            <tech source="final">estampe/gravure</tech>
            <theme source="final">13</theme>
            <tech CS="1" source="md">estampe/gravure</tech>
            <theme CS="1" source="md">13</theme>
            <contenuImg CS="1.0" lang="en" source="md">fish</contenuImg>
            <contenuImg CS="1.0" lang="en" source="md">animal</contenuImg>
            <contenuImg CS="1.0" lang="en" source="md">aquatic vertebrate</contenuImg>
            <titraille>Poissons : peinture / Yoeequa Painter</titraille>
          </ill>
        </ills>
      </page>
      <page ordre="13">
        <blocIll ocr="1">1</blocIll>
        <ills>
          <ill couleur="coul" h="4071" n="13-1" taille="10" w="5142" x="1" y="1">
            <contenuImg b="164" coul="1" g="165" ordre="5" r="164" source="colorific" type="frg">#a4a5a4</contenuImg>
            <contenuImg b="64" coul="1" g="74" ordre="4" r="94" source="colorific" type="frg">#5e4a40</contenuImg>
            <contenuImg b="113" coul="1" g="128" ordre="3" r="143" source="colorific" type="frg">#8f8071</contenuImg>
            <contenuImg b="197" coul="1" g="190" ordre="2" r="175" source="colorific" type="frg">#afbec5</contenuImg>
            <contenuImg b="183" coul="1" g="202" ordre="1" r="209" source="colorific" type="frg">#d1cab7</contenuImg>
            <contenuImg CS="1.0" lang="fr" source="md">vertébré aquatique</contenuImg>
            <contenuImg CS="1.0" lang="fr" source="md">animal</contenuImg>
            <contenuImg CS="1.0" lang="fr" source="md">poisson</contenuImg>
            <tech source="final">estampe/gravure</tech>
            <theme source="final">13</theme>
            <tech CS="1" source="md">estampe/gravure</tech>
            <theme CS="1" source="md">13</theme>
            <contenuImg CS="1.0" lang="en" source="md">fish</contenuImg>
            <contenuImg CS="1.0" lang="en" source="md">animal</contenuImg>
            <contenuImg CS="1.0" lang="en" source="md">aquatic vertebrate</contenuImg>
            <titraille>Poissons : peinture / Yoeequa Painter</titraille>
          </ill>
        </ills>
      </page>
      <page ordre="14">
        <blocIll ocr="1">1</blocIll>
        <ills>
          <ill couleur="coul" edit="true" h="4052" n="14-1" taille="10" w="5141" x="1" y="1">
            <contenuImg b="80" coul="1" g="82" ordre="8" r="123" source="colorific" type="frg">#7b5250</contenuImg>
            <contenuImg b="136" coul="1" g="142" ordre="7" r="140" source="colorific" type="frg">#8c8e88</contenuImg>
            <contenuImg b="123" coul="1" g="124" ordre="6" r="190" source="colorific" type="frg">#be7c7b</contenuImg>
            <contenuImg b="92" coul="1" g="122" ordre="5" r="144" source="colorific" type="frg">#907a5c</contenuImg>
            <contenuImg b="117" coul="1" g="124" ordre="4" r="143" source="colorific" type="frg">#8f7c75</contenuImg>
            <contenuImg b="57" coul="1" g="59" ordre="3" r="69" source="colorific" type="frg">#453b39</contenuImg>
            <contenuImg b="188" coul="1" g="184" ordre="2" r="171" source="colorific" type="frg">#abb8bc</contenuImg>
            <contenuImg b="184" coul="1" g="200" ordre="1" r="208" source="colorific" type="frg">#d0c8b8</contenuImg>
            <contenuImg CS="1" coul="1" lang="fr" source="hm" time="2019-05-01T18:40:36.908+02:00">bleu</contenuImg>
            <contenuImg CS="1" coul="1" lang="fr" source="hm" time="2019-03-17T19:15:58.723+01:00">rose</contenuImg>
            <contenuImg CS="1.0" lang="fr" source="md">vertébré aquatique</contenuImg>
            <contenuImg CS="1.0" lang="fr" source="md">animal</contenuImg>
            <contenuImg CS="1.0" lang="fr" source="md">poisson</contenuImg>
            <txt source="google">"kita - pe - ",</txt>
            <tech source="final">estampe/gravure</tech>
            <theme source="final">13</theme>
            <tech CS="1" source="md">estampe/gravure</tech>
            <theme CS="1" source="md">13</theme>
            <contenuImg CS="1.0" lang="en" source="md">fish</contenuImg>
            <contenuImg CS="1.0" lang="en" source="md">animal</contenuImg>
            <contenuImg CS="1.0" lang="en" source="md">aquatic vertebrate</contenuImg>
            <titraille>Poissons : peinture / Yoeequa Painter</titraille>
            <contenuImg CS="1" coul="1" lang="en" source="hm" time="2019-03-17T19:15:58.723+01:00">pink color</contenuImg>
            <contenuImg CS="1" coul="1" lang="en" source="hm" time="2019-05-01T18:40:36.908+02:00">blue color</contenuImg>
            <contenuImg CS="1" coul="1" lang="en" source="hm" time="2019-05-01T18:40:40.979+02:00">pink color</contenuImg>
          </ill>
        </ills>
      </page>
      <page ordre="15">
        <blocIll ocr="1">1</blocIll>
        <ills>
          <ill couleur="coul" edit="1" h="4044" n="15-1" taille="10" w="5181" x="1" y="1">
            <contenuImg b="50" coul="1" g="53" ordre="6" r="58" source="colorific" type="frg">#3a3532</contenuImg>
            <contenuImg b="58" coul="1" g="94" ordre="5" r="134" source="colorific" type="frg">#865e3a</contenuImg>
            <contenuImg b="106" coul="1" g="165" ordre="4" r="185" source="colorific" type="frg">#b9a56a</contenuImg>
            <contenuImg b="71" coul="1" g="83" ordre="3" r="91" source="colorific" type="frg">#5b5347</contenuImg>
            <contenuImg b="185" coul="1" g="181" ordre="2" r="167" source="colorific" type="frg">#a7b5b9</contenuImg>
            <contenuImg b="171" coul="1" g="189" ordre="1" r="197" source="colorific" type="frg">#c5bdab</contenuImg>
            <contenuImg CS="1" coul="1" lang="fr" source="hm" time="2019-05-01T18:40:45.288+02:00">jaune</contenuImg>
            <contenuImg CS="1.0" lang="fr" source="md">vertébré aquatique</contenuImg>
            <contenuImg CS="1.0" lang="fr" source="md">animal</contenuImg>
            <contenuImg CS="1.0" lang="fr" source="md">poisson</contenuImg>
            <txt source="google">"e a este - ABARA - XXX - MALAVALAVA ALBA - A2 - ",</txt>
            <tech source="final">estampe/gravure</tech>
            <theme source="final">13</theme>
            <tech CS="1" source="md">estampe/gravure</tech>
            <theme CS="1" source="md">13</theme>
            <contenuImg CS="1.0" lang="en" source="md">fish</contenuImg>
            <contenuImg CS="1.0" lang="en" source="md">animal</contenuImg>
            <contenuImg CS="1.0" lang="en" source="md">aquatic vertebrate</contenuImg>
            <titraille>Poissons : peinture / Yoeequa Painter</titraille>
            <contenuImg CS="1" coul="1" lang="en" source="hm" time="2019-05-01T18:40:45.288+02:00">yellow color</contenuImg>
          </ill>
        </ills>
      </page>
      <page ordre="16">
        <blocIll ocr="1">1</blocIll>
        <ills>
          <ill couleur="coul" h="4052" n="16-1" taille="10" w="5189" x="1" y="1">
            <contenuImg b="67" coul="1" g="76" ordre="5" r="78" source="colorific" type="frg">#4e4c43</contenuImg>
            <contenuImg b="166" coul="1" g="168" ordre="4" r="158" source="colorific" type="frg">#9ea8a6</contenuImg>
            <contenuImg b="115" coul="1" g="126" ordre="3" r="133" source="colorific" type="frg">#857e73</contenuImg>
            <contenuImg b="186" coul="1" g="174" ordre="2" r="152" source="colorific" type="frg">#98aeba</contenuImg>
            <contenuImg b="178" coul="1" g="197" ordre="1" r="204" source="colorific" type="frg">#ccc5b2</contenuImg>
            <contenuImg CS="1.0" lang="fr" source="md">vertébré aquatique</contenuImg>
            <contenuImg CS="1.0" lang="fr" source="md">animal</contenuImg>
            <contenuImg CS="1.0" lang="fr" source="md">poisson</contenuImg>
            <txt source="google">"HP - Le - ",</txt>
            <tech source="final">estampe/gravure</tech>
            <theme source="final">13</theme>
            <tech CS="1" source="md">estampe/gravure</tech>
            <theme CS="1" source="md">13</theme>
            <contenuImg CS="1.0" lang="en" source="md">fish</contenuImg>
            <contenuImg CS="1.0" lang="en" source="md">animal</contenuImg>
            <contenuImg CS="1.0" lang="en" source="md">aquatic vertebrate</contenuImg>
            <titraille>Poissons : peinture / Yoeequa Painter</titraille>
          </ill>
        </ills>
      </page>
      <page ordre="17">
        <blocIll ocr="1">1</blocIll>
        <ills>
          <ill couleur="coul" edit="true" h="4044" n="17-1" taille="10" w="5181" x="1" y="1">
            <contenuImg b="122" coul="1" g="129" ordre="5" r="132" source="colorific" type="frg">#84817a</contenuImg>
            <contenuImg b="48" coul="1" g="55" ordre="4" r="70" source="colorific" type="frg">#463730</contenuImg>
            <contenuImg b="68" coul="1" g="88" ordre="3" r="115" source="colorific" type="frg">#735844</contenuImg>
            <contenuImg b="196" coul="1" g="191" ordre="2" r="176" source="colorific" type="frg">#b0bfc4</contenuImg>
            <contenuImg b="182" coul="1" g="201" ordre="1" r="207" source="colorific" type="frg">#cfc9b6</contenuImg>
            <contenuImg CS="1.0" lang="fr" source="md">vertébré aquatique</contenuImg>
            <contenuImg CS="1.0" lang="fr" source="md">animal</contenuImg>
            <contenuImg CS="1.0" lang="fr" source="md">poisson</contenuImg>
            <tech source="final">estampe/gravure</tech>
            <theme source="final">13</theme>
            <tech CS="1" source="md">estampe/gravure</tech>
            <theme CS="1" source="md">13</theme>
            <contenuImg CS="1.0" lang="en" source="md">fish</contenuImg>
            <contenuImg CS="1.0" lang="en" source="md">animal</contenuImg>
            <contenuImg CS="1.0" lang="en" source="md">aquatic vertebrate</contenuImg>
            <titraille>Poissons : peinture / Yoeequa Painter</titraille>
            <contenuImg CS="1" coul="1" lang="en" source="hm" time="2019-03-17T19:17:11.324+01:00">brown color</contenuImg>
          </ill>
        </ills>
      </page>
      <page ordre="18">
        <blocIll ocr="1">1</blocIll>
        <ills>
          <ill couleur="coul" h="4052" n="18-1" taille="10" w="5189" x="1" y="1">
            <contenuImg b="75" coul="1" g="82" ordre="4" r="83" source="colorific" type="frg">#53524b</contenuImg>
            <contenuImg b="110" coul="1" g="123" ordre="3" r="126" source="colorific" type="frg">#7e7b6e</contenuImg>
            <contenuImg b="187" coul="1" g="179" ordre="2" r="162" source="colorific" type="frg">#a2b3bb</contenuImg>
            <contenuImg b="179" coul="1" g="198" ordre="1" r="205" source="colorific" type="frg">#cdc6b3</contenuImg>
            <contenuImg CS="1.0" lang="fr" source="md">vertébré aquatique</contenuImg>
            <contenuImg CS="1.0" lang="fr" source="md">animal</contenuImg>
            <contenuImg CS="1.0" lang="fr" source="md">poisson</contenuImg>
            <tech source="final">estampe/gravure</tech>
            <theme source="final">13</theme>
            <tech CS="1" source="md">estampe/gravure</tech>
            <theme CS="1" source="md">13</theme>
            <contenuImg CS="1.0" lang="en" source="md">fish</contenuImg>
            <contenuImg CS="1.0" lang="en" source="md">animal</contenuImg>
            <contenuImg CS="1.0" lang="en" source="md">aquatic vertebrate</contenuImg>
            <titraille>Poissons : peinture / Yoeequa Painter</titraille>
          </ill>
        </ills>
      </page>
      <page ordre="19">
        <blocIll ocr="1">0</blocIll>
        <ills/>
      </page>
      <page ordre="20">
        <blocIll ocr="1">0</blocIll>
        <ills/>
      </page>
    </pages>
  </contenus>
</analyseAlto>