<analyseAlto>
  <metad>
    <type>I</type>
    <ID>btv1b8470167h</ID>
    <titre>Recueil de poissons de la Chine / imprimés en couleur par les missionnaires</titre>
    <dateEdition>17..</dateEdition>
    <lang>0</lang>
    <source>Bibliothèque nationale de France, département Estampes et photographie, PETFOL-JB-60</source>
    <nbPage>46</nbPage>
    <descr>Animaux -- Chine Sciences naturelles -- Chine Poissons -- Chine</descr>
  </metad>
  <contenus ocr="false" toc="false">
    <largeur>175</largeur>
    <hauteur>250</hauteur>
    <largeurPx>4151</largeurPx>
    <hauteurPx>5916</hauteurPx>
    <pages>
      <page ordre="5">
        <blocIll ocr="1">0</blocIll>
        <ills/>
      </page>
      <page ordre="6">
        <blocIll ocr="1">1</blocIll>
        <ills>
          <ill couleur="coul" edit="true" h="5000" n="6-1" rotation="90" seg="1" source="hm" taille="11" w="2425" x="241" y="271">
            <contenuImg b="83" coul="1" g="88" ordre="2" r="93" source="colorific" type="frg">#5d5853</contenuImg>
            <contenuImg b="166" coul="1" g="174" ordre="1" r="183" source="colorific" type="frg">#b7aea6</contenuImg>
            <contenuImg CS="1.0" lang="fr" source="md">vertébré aquatique</contenuImg>
            <contenuImg CS="1.0" lang="fr" source="md">animal</contenuImg>
            <contenuImg CS="1.0" lang="fr" source="md">poisson</contenuImg>
            <tech source="final">estampe/gravure</tech>
            <theme source="final">13</theme>
            <tech CS="1" source="md">estampe/gravure</tech>
            <theme CS="1" source="md">13</theme>
            <contenuImg CS="1.0" lang="en" source="md">fish</contenuImg>
            <contenuImg CS="1.0" lang="en" source="md">animal</contenuImg>
            <contenuImg CS="1.0" lang="en" source="md">aquatic vertebrate</contenuImg>
            <titraille>Recueil de poissons de la Chine / imprimés en couleur par les missionnaires</titraille>
          </ill>
        </ills>
      </page>
      <page ordre="7">
        <blocIll ocr="1">1</blocIll>
        <ills>
          <ill couleur="gris" edit="true" h="5850" n="7-1" rotation="90" seg="1" source="hm" taille="11" w="2340" x="461" y="61">
            <contenuImg CS="1.0" lang="fr" source="md">vertébré aquatique</contenuImg>
            <contenuImg CS="1.0" lang="fr" source="md">animal</contenuImg>
            <contenuImg CS="1.0" lang="fr" source="md">poisson</contenuImg>
            <txt source="google">"Eut, - heillon de la merr - Celtdegrada - TO - forhon de Menhar - ",</txt>
            <theme source="final">13</theme>
            <tech CS="1" source="md">estampe/gravure</tech>
            <theme CS="1" source="md">13</theme>
            <contenuImg CS="1.0" lang="en" source="md">fish</contenuImg>
            <contenuImg CS="1.0" lang="en" source="md">animal</contenuImg>
            <contenuImg CS="1.0" lang="en" source="md">aquatic vertebrate</contenuImg>
            <titraille>Recueil de poissons de la Chine / imprimés en couleur par les missionnaires</titraille>
            <tech source="hm" time="2019-03-10T10:26:50.01+01:00">dessin</tech>
            <tech source="final">dessin</tech>
          </ill>
        </ills>
      </page>
      <page ordre="8">
        <blocIll ocr="1">0</blocIll>
        <ills/>
      </page>
      <page ordre="9">
        <blocIll ocr="1">0</blocIll>
        <ills/>
      </page>
      <page ordre="10">
        <blocIll ocr="1">1</blocIll>
        <ills>
          <ill couleur="gris" edit="true" h="5425" n="10-1" rotation="90" seg="1" source="hm" taille="11" w="2050" x="691" y="171">
            <contenuImg CS="1.0" lang="fr" source="md">vertébré aquatique</contenuImg>
            <contenuImg CS="1.0" lang="fr" source="md">animal</contenuImg>
            <contenuImg CS="1.0" lang="fr" source="md">poisson</contenuImg>
            <theme source="final">13</theme>
            <tech CS="1" source="md">estampe/gravure</tech>
            <theme CS="1" source="md">13</theme>
            <contenuImg CS="1.0" lang="en" source="md">fish</contenuImg>
            <contenuImg CS="1.0" lang="en" source="md">animal</contenuImg>
            <contenuImg CS="1.0" lang="en" source="md">aquatic vertebrate</contenuImg>
            <titraille>Recueil de poissons de la Chine / imprimés en couleur par les missionnaires</titraille>
            <tech source="hm" time="2019-03-10T10:26:59.182+01:00">dessin</tech>
            <tech source="final">dessin</tech>
          </ill>
        </ills>
      </page>
      <page ordre="11">
        <blocIll ocr="1">1</blocIll>
        <ills>
          <ill couleur="gris" edit="true" filtretf="1" h="1990" n="11-1" seg="1" source="hm" taille="11" w="3420" x="156" y="786">
            <contenuImg CS="1.0" lang="fr" source="md">vertébré aquatique</contenuImg>
            <contenuImg CS="1.0" lang="fr" source="md">animal</contenuImg>
            <contenuImg CS="1.0" lang="fr" source="md">poisson</contenuImg>
            <txt source="google">"Bahar rouge - non molege, colle degiada - . - ",</txt>
            <genre CS="0.39" source="TensorFlow">filtrecouv</genre>
            <theme source="final">13</theme>
            <tech CS="1" source="md">estampe/gravure</tech>
            <theme CS="1" source="md">13</theme>
            <contenuImg CS="1.0" lang="en" source="md">fish</contenuImg>
            <contenuImg CS="1.0" lang="en" source="md">animal</contenuImg>
            <contenuImg CS="1.0" lang="en" source="md">aquatic vertebrate</contenuImg>
            <titraille>Recueil de poissons de la Chine / imprimés en couleur par les missionnaires</titraille>
            <tech source="hm" time="2019-03-02T12:36:31.45+01:00">dessin</tech>
            <tech source="hm" time="2019-03-02T17:13:07.205+01:00">dessin</tech>
            <tech source="hm" time="2019-03-10T10:27:22.976+01:00">dessin</tech>
            <tech source="final">dessin</tech>
            <fonction source="hm" time="2020-10-25T17:50:57.837+01:00">graphique</fonction>
            <fonction source="final">graphique</fonction>
          </ill>
        </ills>
      </page>
      <page ordre="12">
        <blocIll ocr="1">0</blocIll>
        <ills/>
      </page>
      <page ordre="13">
        <blocIll ocr="1">1</blocIll>
        <ills>
          <ill couleur="gris" edit="true" h="3900" n="13-1" rotation="90" seg="1" source="hm" taille="11" w="2460" x="601" y="941">
            <contenuImg CS="1.0" lang="fr" source="md">vertébré aquatique</contenuImg>
            <contenuImg CS="1.0" lang="fr" source="md">animal</contenuImg>
            <contenuImg CS="1.0" lang="fr" source="md">poisson</contenuImg>
            <txt source="google">"proillow dela mer wune - cole de, gia - Ce millors pe couleur are fine buitel u : les bailly fonde stor grader #parfaitement som - hely : prane gume interame Board core by bahar - en - conhen sheva...l'eil - dla na may baladhat come forw'y pinia - de mere - romagnetnulien Hoi qui ellende in - ng play muy mejnye ven deathe Yew, navoib pay ful fait mufie Pelery Saw fute Son Sandui. - M45658 - ",</txt>
            <theme source="final">13</theme>
            <tech CS="1" source="md">estampe/gravure</tech>
            <theme CS="1" source="md">13</theme>
            <contenuImg CS="1.0" lang="en" source="md">fish</contenuImg>
            <contenuImg CS="1.0" lang="en" source="md">animal</contenuImg>
            <contenuImg CS="1.0" lang="en" source="md">aquatic vertebrate</contenuImg>
            <titraille>Recueil de poissons de la Chine / imprimés en couleur par les missionnaires</titraille>
            <tech source="hm" time="2019-03-10T10:27:13.468+01:00">dessin</tech>
            <tech source="final">dessin</tech>
            <fonction source="hm" time="2020-10-25T17:50:59.575+01:00">graphique</fonction>
            <fonction source="final">graphique</fonction>
          </ill>
        </ills>
      </page>
      <page ordre="14">
        <blocIll ocr="1">2</blocIll>
        <ills>
          <ill couleur="coul" edit="true" h="1480" n="14-1" seg="1" source="hm" taille="11" w="3490" x="201" y="436">
            <contenuImg b="116" coul="1" g="116" ordre="3" r="157" source="colorific" type="frg">#9d7474</contenuImg>
            <contenuImg b="103" coul="1" g="111" ordre="2" r="120" source="colorific" type="frg">#786f67</contenuImg>
            <contenuImg b="171" coul="1" g="175" ordre="1" r="181" source="colorific" type="frg">#b5afab</contenuImg>
            <contenuImg CS="1.0" lang="fr" source="md">vertébré aquatique</contenuImg>
            <contenuImg CS="1.0" lang="fr" source="md">animal</contenuImg>
            <contenuImg CS="1.0" lang="fr" source="md">poisson</contenuImg>
            <tech source="final">estampe/gravure</tech>
            <theme source="final">13</theme>
            <tech CS="1" source="md">estampe/gravure</tech>
            <theme CS="1" source="md">13</theme>
            <contenuImg CS="1.0" lang="en" source="md">fish</contenuImg>
            <contenuImg CS="1.0" lang="en" source="md">animal</contenuImg>
            <contenuImg CS="1.0" lang="en" source="md">aquatic vertebrate</contenuImg>
            <titraille>Recueil de poissons de la Chine / imprimés en couleur par les missionnaires</titraille>
          </ill>
          <ill couleur="coul" edit="true" h="1580" n="14-2" seg="1" source="hm" taille="11" w="3690" x="56" y="3060">
            <contenuImg b="185" coul="1" g="197" ordre="10" r="225" source="colorific" type="frg">#e1c5b9</contenuImg>
            <contenuImg b="79" coul="1" g="68" ordre="9" r="127" source="colorific" type="frg">#7f444f</contenuImg>
            <contenuImg b="76" coul="1" g="95" ordre="8" r="179" source="colorific" type="frg">#b35f4c</contenuImg>
            <contenuImg b="130" coul="1" g="184" ordre="7" r="220" source="colorific" type="frg">#dcb882</contenuImg>
            <contenuImg b="178" coul="1" g="180" ordre="6" r="222" source="colorific" type="frg">#deb4b2</contenuImg>
            <contenuImg b="51" coul="1" g="95" ordre="5" r="179" source="colorific" type="frg">#b35f33</contenuImg>
            <contenuImg b="71" coul="1" g="143" ordre="4" r="201" source="colorific" type="frg">#c98f47</contenuImg>
            <contenuImg b="137" coul="1" g="126" ordre="3" r="212" source="colorific" type="frg">#d47e89</contenuImg>
            <contenuImg b="76" coul="1" g="58" ordre="2" r="166" source="colorific" type="frg">#a63a4c</contenuImg>
            <contenuImg b="190" coul="1" g="208" ordre="1" r="219" source="colorific" type="frg">#dbd0be</contenuImg>
            <contenuImg CS="1" coul="1" lang="fr" source="hm" time="2019-05-01T18:42:33.693+02:00">rose</contenuImg>
            <contenuImg CS="1.0" lang="fr" source="md">vertébré aquatique</contenuImg>
            <contenuImg CS="1.0" lang="fr" source="md">animal</contenuImg>
            <contenuImg CS="1.0" lang="fr" source="md">poisson</contenuImg>
            <theme source="final">13</theme>
            <tech CS="1" source="md">estampe/gravure</tech>
            <theme CS="1" source="md">13</theme>
            <contenuImg CS="1.0" lang="en" source="md">fish</contenuImg>
            <contenuImg CS="1.0" lang="en" source="md">animal</contenuImg>
            <contenuImg CS="1.0" lang="en" source="md">aquatic vertebrate</contenuImg>
            <titraille>Recueil de poissons de la Chine / imprimés en couleur par les missionnaires</titraille>
            <tech source="hm" time="2019-03-10T16:18:54.891+01:00">dessin</tech>
            <tech source="final">dessin</tech>
            <contenuImg CS="1" coul="1" lang="en" source="hm" time="2019-05-01T18:42:33.693+02:00">pink color</contenuImg>
          </ill>
        </ills>
      </page>
      <page ordre="15">
        <blocIll ocr="1">1</blocIll>
        <ills>
          <ill couleur="gris" edit="true" h="3910" n="15-1" rotation="90" seg="1" source="hm" taille="11" w="2490" x="506" y="916">
            <contenuImg CS="1.0" lang="fr" source="md">vertébré aquatique</contenuImg>
            <contenuImg CS="1.0" lang="fr" source="md">animal</contenuImg>
            <contenuImg CS="1.0" lang="fr" source="md">poisson</contenuImg>
            <txt source="google">"imme - er si - Se - Sanec - hebben dela mer mouse - collega - diye felles - ))))) - Les gui Alpende i silnviron 14 France - De bony any found on whoes.My on a beaucoup plytyral. - Cele Areee? Millen we couleur blanche, mentine Heelatante como la nave perle. Ce qu'il y a - to boy - Deparkeliary hype To Bailles, qui fut pe meine g eur parfaitement anti e ke ballehanen - Dagen forme De flery.ca yeridire Pucolle lour Yofertion, we ait gu' Hly tiennenhundermentado por: - pour é p re qu'il avoit froid Play Dens; 6. Mai alebosit Pelayuenda juu - A nh Le l e milieu - la cario. la best and la gry: Sl . bonito. la la linkun membeliebly he wheel - Mantelor - peneme Sorum. Non Pet fijniente come ankle brollen illerd, indeniumallenben ny - Chap wilacha yule Wink s .com caillon for fuk laulawala langue, hable leng is.goday they hey - ang/encolo... mano gal inh Nywillen M la langue in Wi g ang - Hoe will carry - on achegam maye Alen bollur. Wer ca. hionnaire, Wairar alymed - la Llwent le vin altr e guanil Andebo hacharyabmand fully weir que te millesimiert. - embla briewe / wingi noh panelas menulaye la mia for.confinh buon me prane shtarine. - M45660 - ",</txt>
            <theme source="final">13</theme>
            <tech CS="1" source="md">estampe/gravure</tech>
            <theme CS="1" source="md">13</theme>
            <contenuImg CS="1.0" lang="en" source="md">fish</contenuImg>
            <contenuImg CS="1.0" lang="en" source="md">animal</contenuImg>
            <contenuImg CS="1.0" lang="en" source="md">aquatic vertebrate</contenuImg>
            <titraille>Recueil de poissons de la Chine / imprimés en couleur par les missionnaires</titraille>
            <tech source="hm" time="2019-03-10T16:18:58.649+01:00">dessin</tech>
            <tech source="final">dessin</tech>
            <fonction source="hm" time="2020-10-25T17:51:06.788+01:00">graphique</fonction>
            <fonction source="final">graphique</fonction>
          </ill>
        </ills>
      </page>
      <page ordre="16">
        <blocIll ocr="1">1</blocIll>
        <ills>
          <ill couleur="coul" edit="true" h="5220" n="16-1" rotation="90" seg="1" source="hm" taille="11" w="1755" x="651" y="201">
            <contenuImg b="183" coul="1" g="192" ordre="2" r="218" source="colorific" type="frg">#dac0b7</contenuImg>
            <contenuImg b="155" coul="1" g="160" ordre="1" r="164" source="colorific" type="frg">#a4a09b</contenuImg>
            <contenuImg CS="1.0" lang="fr" source="md">vertébré aquatique</contenuImg>
            <contenuImg CS="1.0" lang="fr" source="md">animal</contenuImg>
            <contenuImg CS="1.0" lang="fr" source="md">poisson</contenuImg>
            <tech source="final">estampe/gravure</tech>
            <theme source="final">13</theme>
            <tech CS="1" source="md">estampe/gravure</tech>
            <theme CS="1" source="md">13</theme>
            <contenuImg CS="1.0" lang="en" source="md">fish</contenuImg>
            <contenuImg CS="1.0" lang="en" source="md">animal</contenuImg>
            <contenuImg CS="1.0" lang="en" source="md">aquatic vertebrate</contenuImg>
            <titraille>Recueil de poissons de la Chine / imprimés en couleur par les missionnaires</titraille>
          </ill>
        </ills>
      </page>
      <page ordre="17">
        <blocIll ocr="1">1</blocIll>
        <ills>
          <ill couleur="gris" edit="true" h="4440" n="17-1" rotation="90" seg="1" source="hm" taille="11" w="2355" x="411" y="781">
            <contenuImg CS="1.0" lang="fr" source="md">vertébré aquatique</contenuImg>
            <contenuImg CS="1.0" lang="fr" source="md">animal</contenuImg>
            <contenuImg CS="1.0" lang="fr" source="md">poisson</contenuImg>
            <txt source="google">"Warit - tort de la mente - ",</txt>
            <theme source="final">13</theme>
            <tech CS="1" source="md">estampe/gravure</tech>
            <theme CS="1" source="md">13</theme>
            <contenuImg CS="1.0" lang="en" source="md">fish</contenuImg>
            <contenuImg CS="1.0" lang="en" source="md">animal</contenuImg>
            <contenuImg CS="1.0" lang="en" source="md">aquatic vertebrate</contenuImg>
            <titraille>Recueil de poissons de la Chine / imprimés en couleur par les missionnaires</titraille>
            <tech source="hm" time="2019-03-10T10:27:20.345+01:00">dessin</tech>
            <tech source="hm" time="2019-03-10T10:27:33.173+01:00">dessin</tech>
            <tech source="final">dessin</tech>
            <fonction source="hm" time="2020-10-25T17:51:10.784+01:00">graphique</fonction>
            <fonction source="final">graphique</fonction>
          </ill>
        </ills>
      </page>
      <page ordre="18">
        <blocIll ocr="1">0</blocIll>
        <ills/>
      </page>
      <page ordre="19">
        <blocIll ocr="1">0</blocIll>
        <ills/>
      </page>
      <page ordre="20">
        <blocIll ocr="1">1</blocIll>
        <ills>
          <ill couleur="coul" edit="true" h="4510" n="20-1" rotation="90" seg="1" source="hm" taille="11" w="2520" x="486" y="441">
            <contenuImg b="73" coul="1" g="84" ordre="10" r="74" source="colorific" type="frg">#4a5449</contenuImg>
            <contenuImg b="110" coul="1" g="116" ordre="9" r="119" source="colorific" type="frg">#77746e</contenuImg>
            <contenuImg b="195" coul="1" g="204" ordre="8" r="227" source="colorific" type="frg">#e3ccc3</contenuImg>
            <contenuImg b="79" coul="1" g="108" ordre="7" r="93" source="colorific" type="frg">#5d6c4f</contenuImg>
            <contenuImg b="115" coul="1" g="110" ordre="6" r="93" source="colorific" type="frg">#5d6e73</contenuImg>
            <contenuImg b="114" coul="1" g="148" ordre="5" r="153" source="colorific" type="frg">#999472</contenuImg>
            <contenuImg b="73" coul="1" g="108" ordre="4" r="157" source="colorific" type="frg">#9d6c49</contenuImg>
            <contenuImg b="170" coul="1" g="170" ordre="3" r="169" source="colorific" type="frg">#a9aaaa</contenuImg>
            <contenuImg b="165" coul="1" g="167" ordre="2" r="206" source="colorific" type="frg">#cea7a5</contenuImg>
            <contenuImg b="134" coul="1" g="167" ordre="1" r="206" source="colorific" type="frg">#cea786</contenuImg>
            <contenuImg CS="1" coul="1" lang="fr" source="hm" time="2019-05-01T18:42:38.303+02:00">vert</contenuImg>
            <contenuImg CS="1" coul="1" lang="fr" source="hm" time="2019-05-01T18:42:37.695+02:00">rose</contenuImg>
            <contenuImg CS="1" coul="1" lang="fr" source="hm" time="2019-05-01T18:42:36.632+02:00">bleu</contenuImg>
            <contenuImg CS="1.0" lang="fr" source="md">vertébré aquatique</contenuImg>
            <contenuImg CS="1.0" lang="fr" source="md">animal</contenuImg>
            <contenuImg CS="1.0" lang="fr" source="md">poisson</contenuImg>
            <theme source="final">13</theme>
            <tech CS="1" source="md">estampe/gravure</tech>
            <theme CS="1" source="md">13</theme>
            <contenuImg CS="1.0" lang="en" source="md">fish</contenuImg>
            <contenuImg CS="1.0" lang="en" source="md">animal</contenuImg>
            <contenuImg CS="1.0" lang="en" source="md">aquatic vertebrate</contenuImg>
            <titraille>Recueil de poissons de la Chine / imprimés en couleur par les missionnaires</titraille>
            <tech source="hm" time="2019-03-10T10:27:30.335+01:00">dessin</tech>
            <tech source="final">dessin</tech>
            <contenuImg CS="1" coul="1" lang="en" source="hm" time="2019-05-01T18:42:36.632+02:00">blue color</contenuImg>
            <contenuImg CS="1" coul="1" lang="en" source="hm" time="2019-05-01T18:42:37.695+02:00">pink color</contenuImg>
            <contenuImg CS="1" coul="1" lang="en" source="hm" time="2019-05-01T18:42:38.303+02:00">green color</contenuImg>
          </ill>
        </ills>
      </page>
      <page ordre="21">
        <blocIll ocr="1">1</blocIll>
        <ills>
          <ill couleur="gris" edit="true" h="2320" n="21-1" seg="1" source="hm" taille="11" w="3535" x="146" y="866">
            <contenuImg CS="1.0" lang="fr" source="md">vertébré aquatique</contenuImg>
            <contenuImg CS="1.0" lang="fr" source="md">animal</contenuImg>
            <contenuImg CS="1.0" lang="fr" source="md">poisson</contenuImg>
            <txt source="google">"lorer - beiden atau mash th e - ART - classe marche - franb - Koshes can - de buite Reda? - e - breithe, Feri - land - A - al aruende hranivar - vtone - c - cont - Recomponezau. - a - r e tout - Lorel y en a Pe Beaucoup podwy gold - . avih2 ay boate on the - le cola - chil ler. Belangen en hun - zah - M45664 - ",</txt>
            <theme source="final">13</theme>
            <tech CS="1" source="md">estampe/gravure</tech>
            <theme CS="1" source="md">13</theme>
            <contenuImg CS="1.0" lang="en" source="md">fish</contenuImg>
            <contenuImg CS="1.0" lang="en" source="md">animal</contenuImg>
            <contenuImg CS="1.0" lang="en" source="md">aquatic vertebrate</contenuImg>
            <titraille>Recueil de poissons de la Chine / imprimés en couleur par les missionnaires</titraille>
            <tech source="hm" time="2019-03-10T10:27:28.815+01:00">dessin</tech>
            <tech source="final">dessin</tech>
            <fonction source="hm" time="2020-10-25T17:51:08.588+01:00">graphique</fonction>
            <fonction source="final">graphique</fonction>
          </ill>
        </ills>
      </page>
      <page ordre="22">
        <blocIll ocr="1">0</blocIll>
        <ills/>
      </page>
      <page ordre="23">
        <blocIll ocr="1">1</blocIll>
        <ills>
          <ill couleur="coul" edit="true" h="3460" n="23-1" rotation="90" seg="1" source="hm" taille="11" w="1985" x="496" y="2081">
            <contenuImg b="88" coul="1" g="108" ordre="6" r="182" source="colorific" type="frg">#b66c58</contenuImg>
            <contenuImg b="105" coul="1" g="107" ordre="5" r="153" source="colorific" type="frg">#996b69</contenuImg>
            <contenuImg b="98" coul="1" g="107" ordre="4" r="134" source="colorific" type="frg">#866b62</contenuImg>
            <contenuImg b="109" coul="1" g="163" ordre="3" r="204" source="colorific" type="frg">#cca36d</contenuImg>
            <contenuImg b="131" coul="1" g="165" ordre="2" r="220" source="colorific" type="frg">#dca583</contenuImg>
            <contenuImg b="152" coul="1" g="162" ordre="1" r="179" source="colorific" type="frg">#b3a298</contenuImg>
            <contenuImg CS="1.0" lang="fr" source="md">vertébré aquatique</contenuImg>
            <contenuImg CS="1.0" lang="fr" source="md">animal</contenuImg>
            <contenuImg CS="1.0" lang="fr" source="md">poisson</contenuImg>
            <theme source="final">13</theme>
            <tech CS="1" source="md">estampe/gravure</tech>
            <theme CS="1" source="md">13</theme>
            <contenuImg CS="1.0" lang="en" source="md">fish</contenuImg>
            <contenuImg CS="1.0" lang="en" source="md">animal</contenuImg>
            <contenuImg CS="1.0" lang="en" source="md">aquatic vertebrate</contenuImg>
            <titraille>Recueil de poissons de la Chine / imprimés en couleur par les missionnaires</titraille>
            <tech source="hm" time="2019-03-10T10:27:31.74+01:00">dessin</tech>
            <tech source="final">dessin</tech>
          </ill>
        </ills>
      </page>
      <page ordre="24">
        <blocIll ocr="1">1</blocIll>
        <ills>
          <ill couleur="gris" edit="true" h="4665" n="24-1" rotation="90" seg="1" source="hm" taille="11" w="2485" x="571" y="576">
            <contenuImg CS="1.0" lang="fr" source="md">vertébré aquatique</contenuImg>
            <contenuImg CS="1.0" lang="fr" source="md">animal</contenuImg>
            <contenuImg CS="1.0" lang="fr" source="md">poisson</contenuImg>
            <txt source="google">"8. - En les millon Deta mer gunce, - colte de dialda - Cepillon ne seelde guiona illay, many badly - Som alent and I will be you becher le code desarrondi n g and me - 26 en brand forem caufany , - t e pede en onbes! Ce quid de particulare - alles per - l e pee pine faberale, compile de plastie posils cartilaator sewillige ollen - ang - subut termen de chaussette Deuz Buinen - opete ( - chaque se - /evant veel - maniere whean, 9 l - nagus, you nende - ike youté geofon extremita p elargon - e guide by Siguka Ml que conhe inci - combe (winaire - Kantau - entales - 3 - la din Dea - ons conteve - l er - fuam laterale rub la Mbusho Al raspandiundain, horecas . Las gravlagoleil, gl u ten - M45667 - ",</txt>
            <theme source="final">13</theme>
            <tech CS="1" source="md">estampe/gravure</tech>
            <theme CS="1" source="md">13</theme>
            <contenuImg CS="1.0" lang="en" source="md">fish</contenuImg>
            <contenuImg CS="1.0" lang="en" source="md">animal</contenuImg>
            <contenuImg CS="1.0" lang="en" source="md">aquatic vertebrate</contenuImg>
            <titraille>Recueil de poissons de la Chine / imprimés en couleur par les missionnaires</titraille>
            <tech source="hm" time="2019-03-10T10:27:17.028+01:00">dessin</tech>
            <tech source="final">dessin</tech>
            <fonction source="hm" time="2020-10-25T17:51:13.418+01:00">graphique</fonction>
            <fonction source="final">graphique</fonction>
          </ill>
        </ills>
      </page>
      <page ordre="25">
        <blocIll ocr="1">0</blocIll>
        <ills/>
      </page>
      <page ordre="26">
        <blocIll ocr="1">1</blocIll>
        <ills>
          <ill couleur="coul" edit="true" h="4245" n="26-1" rotation="90" seg="1" source="hm" taille="11" w="2405" x="566" y="906">
            <contenuImg b="168" coul="1" g="168" ordre="2" r="170" source="colorific" type="frg">#aaa8a8</contenuImg>
            <contenuImg b="120" coul="1" g="129" ordre="1" r="139" source="colorific" type="frg">#8b8178</contenuImg>
            <contenuImg CS="1.0" lang="fr" source="md">vertébré aquatique</contenuImg>
            <contenuImg CS="1.0" lang="fr" source="md">animal</contenuImg>
            <contenuImg CS="1.0" lang="fr" source="md">poisson</contenuImg>
            <theme source="final">13</theme>
            <tech CS="1" source="md">estampe/gravure</tech>
            <theme CS="1" source="md">13</theme>
            <contenuImg CS="1.0" lang="en" source="md">fish</contenuImg>
            <contenuImg CS="1.0" lang="en" source="md">animal</contenuImg>
            <contenuImg CS="1.0" lang="en" source="md">aquatic vertebrate</contenuImg>
            <titraille>Recueil de poissons de la Chine / imprimés en couleur par les missionnaires</titraille>
            <tech source="hm" time="2019-03-10T10:27:35.537+01:00">dessin</tech>
            <tech source="final">dessin</tech>
          </ill>
        </ills>
      </page>
      <page ordre="27">
        <blocIll ocr="1">1</blocIll>
        <ills>
          <ill couleur="gris" edit="true" h="4800" n="27-1" rotation="90" seg="1" source="hm" taille="11" w="2735" x="421" y="491">
            <contenuImg CS="1.0" lang="fr" source="md">vertébré aquatique</contenuImg>
            <contenuImg CS="1.0" lang="fr" source="md">animal</contenuImg>
            <contenuImg CS="1.0" lang="fr" source="md">poisson</contenuImg>
            <txt source="google">"x? - agu, 4 - Cover 4 - M - Diante - Mga semici ewil henerii - o ndd meg Delaryerary for law - tel feillon de la mer-roupe - (6 7 4008 - Jahalion tangsel - farlare finitie nein - M45670 - ",</txt>
            <theme source="final">13</theme>
            <tech CS="1" source="md">estampe/gravure</tech>
            <theme CS="1" source="md">13</theme>
            <contenuImg CS="1.0" lang="en" source="md">fish</contenuImg>
            <contenuImg CS="1.0" lang="en" source="md">animal</contenuImg>
            <contenuImg CS="1.0" lang="en" source="md">aquatic vertebrate</contenuImg>
            <titraille>Recueil de poissons de la Chine / imprimés en couleur par les missionnaires</titraille>
            <tech source="hm" time="2019-03-10T10:27:36.863+01:00">dessin</tech>
            <tech source="final">dessin</tech>
            <fonction source="hm" time="2020-10-25T17:51:15.471+01:00">graphique</fonction>
            <fonction source="final">graphique</fonction>
          </ill>
        </ills>
      </page>
      <page ordre="28">
        <blocIll ocr="1">0</blocIll>
        <ills/>
      </page>
      <page ordre="29">
        <blocIll ocr="1">1</blocIll>
        <ills>
          <ill couleur="coul" edit="true" h="5040" n="29-1" rotation="90" seg="1" source="hm" taille="11" w="2565" x="656" y="421">
            <contenuImg b="81" coul="1" g="133" ordre="6" r="189" source="colorific" type="frg">#bd8551</contenuImg>
            <contenuImg b="81" coul="1" g="91" ordre="5" r="113" source="colorific" type="frg">#715b51</contenuImg>
            <contenuImg b="94" coul="1" g="109" ordre="4" r="113" source="colorific" type="frg">#716d5e</contenuImg>
            <contenuImg b="138" coul="1" g="197" ordre="3" r="221" source="colorific" type="frg">#ddc58a</contenuImg>
            <contenuImg b="153" coul="1" g="157" ordre="2" r="160" source="colorific" type="frg">#a09d99</contenuImg>
            <contenuImg b="54" coul="1" g="58" ordre="1" r="59" source="colorific" type="frg">#3b3a36</contenuImg>
            <contenuImg CS="1.0" lang="fr" source="md">vertébré aquatique</contenuImg>
            <contenuImg CS="1.0" lang="fr" source="md">animal</contenuImg>
            <contenuImg CS="1.0" lang="fr" source="md">poisson</contenuImg>
            <theme source="final">13</theme>
            <tech CS="1" source="md">estampe/gravure</tech>
            <theme CS="1" source="md">13</theme>
            <contenuImg CS="1.0" lang="en" source="md">fish</contenuImg>
            <contenuImg CS="1.0" lang="en" source="md">animal</contenuImg>
            <contenuImg CS="1.0" lang="en" source="md">aquatic vertebrate</contenuImg>
            <titraille>Recueil de poissons de la Chine / imprimés en couleur par les missionnaires</titraille>
            <tech source="hm" time="2019-03-10T10:27:42.565+01:00">dessin</tech>
            <tech source="final">dessin</tech>
          </ill>
        </ills>
      </page>
      <page ordre="30">
        <blocIll ocr="1">1</blocIll>
        <ills>
          <ill couleur="gris" edit="true" h="4725" n="30-1" rotation="90" seg="1" source="hm" taille="11" w="2270" x="431" y="561">
            <contenuImg CS="1.0" lang="fr" source="md">vertébré aquatique</contenuImg>
            <contenuImg CS="1.0" lang="fr" source="md">animal</contenuImg>
            <contenuImg CS="1.0" lang="fr" source="md">poisson</contenuImg>
            <txt source="google">"M45673 - Nashel poistene - ",</txt>
            <theme source="final">13</theme>
            <tech CS="1" source="md">estampe/gravure</tech>
            <theme CS="1" source="md">13</theme>
            <contenuImg CS="1.0" lang="en" source="md">fish</contenuImg>
            <contenuImg CS="1.0" lang="en" source="md">animal</contenuImg>
            <contenuImg CS="1.0" lang="en" source="md">aquatic vertebrate</contenuImg>
            <titraille>Recueil de poissons de la Chine / imprimés en couleur par les missionnaires</titraille>
            <tech source="hm" time="2019-03-10T10:27:45.242+01:00">dessin</tech>
            <tech source="final">dessin</tech>
          </ill>
        </ills>
      </page>
      <page ordre="31">
        <blocIll ocr="1">0</blocIll>
        <ills/>
      </page>
      <page ordre="32">
        <blocIll ocr="1">1</blocIll>
        <ills>
          <ill couleur="coul" edit="true" h="4970" n="32-1" rotation="90" seg="1" source="hm" taille="11" w="2470" x="356" y="536">
            <contenuImg b="137" coul="1" g="150" ordre="7" r="170" source="colorific" type="frg">#aa9689</contenuImg>
            <contenuImg b="88" coul="1" g="72" ordre="6" r="123" source="colorific" type="frg">#7b4858</contenuImg>
            <contenuImg b="132" coul="1" g="130" ordre="5" r="198" source="colorific" type="frg">#c68284</contenuImg>
            <contenuImg b="126" coul="1" g="151" ordre="4" r="196" source="colorific" type="frg">#c4977e</contenuImg>
            <contenuImg b="54" coul="1" g="38" ordre="3" r="140" source="colorific" type="frg">#8c2636</contenuImg>
            <contenuImg b="165" coul="1" g="143" ordre="2" r="208" source="colorific" type="frg">#d08fa5</contenuImg>
            <contenuImg b="101" coul="1" g="73" ordre="1" r="170" source="colorific" type="frg">#aa4965</contenuImg>
            <contenuImg CS="1" coul="1" lang="fr" source="hm" time="2019-05-01T18:42:44.965+02:00">rouge</contenuImg>
            <contenuImg CS="1" coul="1" lang="fr" source="hm" time="2019-05-01T18:42:44.445+02:00">rose</contenuImg>
            <contenuImg CS="1.0" lang="fr" source="md">vertébré aquatique</contenuImg>
            <contenuImg CS="1.0" lang="fr" source="md">animal</contenuImg>
            <contenuImg CS="1.0" lang="fr" source="md">poisson</contenuImg>
            <txt source="google">"Stesh w - ",</txt>
            <theme source="final">13</theme>
            <tech CS="1" source="md">estampe/gravure</tech>
            <theme CS="1" source="md">13</theme>
            <contenuImg CS="1.0" lang="en" source="md">fish</contenuImg>
            <contenuImg CS="1.0" lang="en" source="md">animal</contenuImg>
            <contenuImg CS="1.0" lang="en" source="md">aquatic vertebrate</contenuImg>
            <titraille>Recueil de poissons de la Chine / imprimés en couleur par les missionnaires</titraille>
            <tech source="hm" time="2019-03-10T16:19:01.23+01:00">dessin</tech>
            <tech source="final">dessin</tech>
            <contenuImg CS="1" coul="1" lang="en" source="hm" time="2019-05-01T18:42:44.445+02:00">pink color</contenuImg>
            <contenuImg CS="1" coul="1" lang="en" source="hm" time="2019-05-01T18:42:44.965+02:00">red color</contenuImg>
          </ill>
        </ills>
      </page>
      <page ordre="33">
        <blocIll ocr="1">1</blocIll>
        <ills>
          <ill couleur="gris" edit="true" h="4720" n="33-1" rotation="90" seg="1" source="hm" taille="11" w="2550" x="356" y="476">
            <contenuImg CS="1.0" lang="fr" source="md">vertébré aquatique</contenuImg>
            <contenuImg CS="1.0" lang="fr" source="md">animal</contenuImg>
            <contenuImg CS="1.0" lang="fr" source="md">poisson</contenuImg>
            <txt source="google">"27 - mörjam poilfen. Dela mer - e ferda - ",</txt>
            <theme source="final">13</theme>
            <tech CS="1" source="md">estampe/gravure</tech>
            <theme CS="1" source="md">13</theme>
            <contenuImg CS="1.0" lang="en" source="md">fish</contenuImg>
            <contenuImg CS="1.0" lang="en" source="md">animal</contenuImg>
            <contenuImg CS="1.0" lang="en" source="md">aquatic vertebrate</contenuImg>
            <titraille>Recueil de poissons de la Chine / imprimés en couleur par les missionnaires</titraille>
            <tech source="hm" time="2019-03-10T10:27:46.623+01:00">dessin</tech>
            <tech source="final">dessin</tech>
            <fonction source="hm" time="2020-10-25T17:51:17.367+01:00">graphique</fonction>
            <fonction source="final">graphique</fonction>
          </ill>
        </ills>
      </page>
      <page ordre="34">
        <blocIll ocr="1">0</blocIll>
        <ills/>
      </page>
      <page ordre="35">
        <blocIll ocr="1">1</blocIll>
        <ills>
          <ill couleur="coul" edit="true" h="5310" n="35-1" rotation="90" seg="1" source="hm" taille="11" w="2785" x="361" y="211">
            <contenuImg b="83" coul="1" g="75" ordre="6" r="123" source="colorific" type="frg">#7b4b53</contenuImg>
            <contenuImg b="195" coul="1" g="208" ordre="5" r="232" source="colorific" type="frg">#e8d0c3</contenuImg>
            <contenuImg b="190" coul="1" g="192" ordre="4" r="225" source="colorific" type="frg">#e1c0be</contenuImg>
            <contenuImg b="72" coul="1" g="49" ordre="3" r="157" source="colorific" type="frg">#9d3148</contenuImg>
            <contenuImg b="118" coul="1" g="120" ordre="2" r="197" source="colorific" type="frg">#c57876</contenuImg>
            <contenuImg b="156" coul="1" g="138" ordre="1" r="208" source="colorific" type="frg">#d08a9c</contenuImg>
            <contenuImg CS="1" coul="1" lang="fr" source="hm" time="2019-05-01T18:42:49.399+02:00">rouge</contenuImg>
            <contenuImg CS="1" coul="1" lang="fr" source="hm" time="2019-05-01T18:42:48.888+02:00">rose</contenuImg>
            <contenuImg CS="1.0" lang="fr" source="md">vertébré aquatique</contenuImg>
            <contenuImg CS="1.0" lang="fr" source="md">animal</contenuImg>
            <contenuImg CS="1.0" lang="fr" source="md">poisson</contenuImg>
            <theme source="final">13</theme>
            <tech CS="1" source="md">estampe/gravure</tech>
            <theme CS="1" source="md">13</theme>
            <contenuImg CS="1.0" lang="en" source="md">fish</contenuImg>
            <contenuImg CS="1.0" lang="en" source="md">animal</contenuImg>
            <contenuImg CS="1.0" lang="en" source="md">aquatic vertebrate</contenuImg>
            <titraille>Recueil de poissons de la Chine / imprimés en couleur par les missionnaires</titraille>
            <tech source="hm" time="2019-03-10T10:27:38.566+01:00">dessin</tech>
            <tech source="final">dessin</tech>
            <contenuImg CS="1" coul="1" lang="en" source="hm" time="2019-05-01T18:42:48.888+02:00">pink color</contenuImg>
            <contenuImg CS="1" coul="1" lang="en" source="hm" time="2019-05-01T18:42:49.399+02:00">red color</contenuImg>
          </ill>
        </ills>
      </page>
      <page ordre="36">
        <blocIll ocr="1">1</blocIll>
        <ills>
          <ill couleur="gris" edit="true" h="4610" n="36-1" rotation="90" seg="1" source="hm" taille="11" w="2930" x="366" y="531">
            <contenuImg CS="1.0" lang="fr" source="md">vertébré aquatique</contenuImg>
            <contenuImg CS="1.0" lang="fr" source="md">animal</contenuImg>
            <contenuImg CS="1.0" lang="fr" source="md">poisson</contenuImg>
            <txt source="google">"chahar mellom de la merone - Colle De gisda - Cepillon a these extreenemen Dave faille c eguvevilada - cha risus alle, der fucker, qney quMd ilknytice - D'ailly Man serta tera romane dem - a couleur zy vendres, Lagose e - coul 6 anche la que en la - la - nagcoire superiene foul pena de discus - har - b - a re coul-jam. - ceffor Dan hule for lent avoir un peu - 2o domy at gugugma con - CASA - La che anhanaim ability - (wide afle are the fondo - Lylwetk icha vella Holle ha - que, com elagun awyque haya Ly Nhoient - beaucoup plus maman-bher quem - Pustern colon : Medecine - M45679 - ",</txt>
            <theme source="final">13</theme>
            <tech CS="1" source="md">estampe/gravure</tech>
            <theme CS="1" source="md">13</theme>
            <contenuImg CS="1.0" lang="en" source="md">fish</contenuImg>
            <contenuImg CS="1.0" lang="en" source="md">animal</contenuImg>
            <contenuImg CS="1.0" lang="en" source="md">aquatic vertebrate</contenuImg>
            <titraille>Recueil de poissons de la Chine / imprimés en couleur par les missionnaires</titraille>
            <tech source="hm" time="2019-03-10T10:27:59.185+01:00">dessin</tech>
            <tech source="final">dessin</tech>
            <fonction source="hm" time="2020-10-25T17:51:21.795+01:00">graphique</fonction>
            <fonction source="final">graphique</fonction>
          </ill>
        </ills>
      </page>
      <page ordre="37">
        <blocIll ocr="1">1</blocIll>
        <ills>
          <ill couleur="gris" edit="true" h="3825" n="37-1" rotation="90" seg="1" source="hm" taille="11" w="2245" x="571" y="986">
            <contenuImg CS="1.0" lang="fr" source="md">vertébré aquatique</contenuImg>
            <contenuImg CS="1.0" lang="fr" source="md">animal</contenuImg>
            <contenuImg CS="1.0" lang="fr" source="md">poisson</contenuImg>
            <txt source="google">"13 - in frankringen - t - Ce fillon osecha de ella - Den e n franbola care nante; - lewe Cegail, ale police ar/inpiller? - a lone perle flesta fall - Gardee yo tadind - a ndevert site you - feervonkey - ons bellesi ayil.coxhe Mercanache - ibcation horientale ly l ean.com - /./eartenh - their - h - alar Dourant - a usen yorute de comandant - n45680 - ",</txt>
            <theme source="final">13</theme>
            <tech CS="1" source="md">estampe/gravure</tech>
            <theme CS="1" source="md">13</theme>
            <contenuImg CS="1.0" lang="en" source="md">fish</contenuImg>
            <contenuImg CS="1.0" lang="en" source="md">animal</contenuImg>
            <contenuImg CS="1.0" lang="en" source="md">aquatic vertebrate</contenuImg>
            <titraille>Recueil de poissons de la Chine / imprimés en couleur par les missionnaires</titraille>
            <tech source="hm" time="2019-03-10T10:28:00.647+01:00">dessin</tech>
            <tech source="final">dessin</tech>
            <fonction source="hm" time="2020-10-25T17:51:19.655+01:00">graphique</fonction>
            <fonction source="final">graphique</fonction>
          </ill>
        </ills>
      </page>
      <page ordre="38">
        <blocIll ocr="1">0</blocIll>
        <ills/>
      </page>
      <page ordre="39">
        <blocIll ocr="1">1</blocIll>
        <ills>
          <ill couleur="coul" edit="true" h="5275" n="39-1" rotation="90" seg="1" source="hm" taille="11" w="1825" x="701" y="196">
            <contenuImg b="125" coul="1" g="123" ordre="3" r="113" source="colorific" type="frg">#717b7d</contenuImg>
            <contenuImg b="172" coul="1" g="183" ordre="2" r="201" source="colorific" type="frg">#c9b7ac</contenuImg>
            <contenuImg b="104" coul="1" g="115" ordre="1" r="122" source="colorific" type="frg">#7a7368</contenuImg>
            <contenuImg CS="1.0" lang="fr" source="md">vertébré aquatique</contenuImg>
            <contenuImg CS="1.0" lang="fr" source="md">animal</contenuImg>
            <contenuImg CS="1.0" lang="fr" source="md">poisson</contenuImg>
            <theme source="final">13</theme>
            <tech CS="1" source="md">estampe/gravure</tech>
            <theme CS="1" source="md">13</theme>
            <contenuImg CS="1.0" lang="en" source="md">fish</contenuImg>
            <contenuImg CS="1.0" lang="en" source="md">animal</contenuImg>
            <contenuImg CS="1.0" lang="en" source="md">aquatic vertebrate</contenuImg>
            <titraille>Recueil de poissons de la Chine / imprimés en couleur par les missionnaires</titraille>
            <tech source="hm" time="2019-03-10T10:27:57.621+01:00">dessin</tech>
            <tech source="final">dessin</tech>
          </ill>
        </ills>
      </page>
      <page ordre="40">
        <blocIll ocr="1">1</blocIll>
        <ills>
          <ill couleur="coul" edit="true" h="3370" n="40-1" seg="1" source="hm" taille="11" w="2640" x="596" y="656">
            <contenuImg b="64" coul="1" g="79" ordre="5" r="115" source="colorific" type="frg">#734f40</contenuImg>
            <contenuImg b="160" coul="1" g="170" ordre="4" r="204" source="colorific" type="frg">#ccaaa0</contenuImg>
            <contenuImg b="73" coul="1" g="87" ordre="3" r="93" source="colorific" type="frg">#5d5749</contenuImg>
            <contenuImg b="125" coul="1" g="185" ordre="2" r="202" source="colorific" type="frg">#cab97d</contenuImg>
            <contenuImg b="121" coul="1" g="135" ordre="1" r="146" source="colorific" type="frg">#928779</contenuImg>
            <contenuImg CS="1.0" lang="fr" source="md">vertébré aquatique</contenuImg>
            <contenuImg CS="1.0" lang="fr" source="md">animal</contenuImg>
            <contenuImg CS="1.0" lang="fr" source="md">poisson</contenuImg>
            <theme source="final">13</theme>
            <tech CS="1" source="md">estampe/gravure</tech>
            <theme CS="1" source="md">13</theme>
            <contenuImg CS="1.0" lang="en" source="md">fish</contenuImg>
            <contenuImg CS="1.0" lang="en" source="md">animal</contenuImg>
            <contenuImg CS="1.0" lang="en" source="md">aquatic vertebrate</contenuImg>
            <titraille>Recueil de poissons de la Chine / imprimés en couleur par les missionnaires</titraille>
            <tech source="hm" time="2019-03-10T10:27:54.039+01:00">dessin</tech>
            <tech source="final">dessin</tech>
          </ill>
        </ills>
      </page>
      <page ordre="41">
        <blocIll ocr="1">1</blocIll>
        <ills>
          <ill couleur="coul" edit="true" h="2485" n="41-1" seg="1" source="hm" taille="11" w="3420" x="6" y="916">
            <contenuImg b="45" coul="1" g="55" ordre="5" r="76" source="colorific" type="frg">#4c372d</contenuImg>
            <contenuImg b="61" coul="1" g="80" ordre="4" r="102" source="colorific" type="frg">#66503d</contenuImg>
            <contenuImg b="45" coul="1" g="56" ordre="3" r="100" source="colorific" type="frg">#64382d</contenuImg>
            <contenuImg b="79" coul="1" g="95" ordre="2" r="142" source="colorific" type="frg">#8e5f4f</contenuImg>
            <contenuImg b="124" coul="1" g="145" ordre="1" r="183" source="colorific" type="frg">#b7917c</contenuImg>
            <contenuImg CS="1" coul="1" lang="fr" source="hm" time="2019-05-01T18:42:52.457+02:00">rouge</contenuImg>
            <contenuImg CS="1.0" lang="fr" source="md">vertébré aquatique</contenuImg>
            <contenuImg CS="1.0" lang="fr" source="md">animal</contenuImg>
            <contenuImg CS="1.0" lang="fr" source="md">poisson</contenuImg>
            <theme source="final">13</theme>
            <tech CS="1" source="md">estampe/gravure</tech>
            <theme CS="1" source="md">13</theme>
            <contenuImg CS="1.0" lang="en" source="md">fish</contenuImg>
            <contenuImg CS="1.0" lang="en" source="md">animal</contenuImg>
            <contenuImg CS="1.0" lang="en" source="md">aquatic vertebrate</contenuImg>
            <titraille>Recueil de poissons de la Chine / imprimés en couleur par les missionnaires</titraille>
            <tech source="hm" time="2019-03-10T10:27:55.31+01:00">dessin</tech>
            <tech source="final">dessin</tech>
            <contenuImg CS="1" coul="1" lang="en" source="hm" time="2019-05-01T18:42:52.457+02:00">red color</contenuImg>
          </ill>
        </ills>
      </page>
      <page ordre="42">
        <blocIll ocr="1">1</blocIll>
        <ills>
          <ill couleur="gris" edit="true" h="3990" n="42-1" rotation="90" seg="1" source="hm" taille="11" w="2530" x="636" y="926">
            <contenuImg CS="1.0" lang="fr" source="md">vertébré aquatique</contenuImg>
            <contenuImg CS="1.0" lang="fr" source="md">animal</contenuImg>
            <contenuImg CS="1.0" lang="fr" source="md">poisson</contenuImg>
            <txt source="google">"Sthat Bahor Glane / - Orio al mere - colte egida - \"feaille, - w - ton Dixnordichte seil et oriente u ne couleranc e - de ou sangat - rentat. 2. chow maraules kaut wait to take - Latariam o famillest soontharentes entre couleur - a - Janalen. 42 il a use ouble gule, so Buenavente - Suchen , Alen Der Meri ence A E - n han har spuren - Corneio me some cha - shuleeney lera come nivel - lequel il y availgrande educa/yang memillan Alien - Co n den der - caire we mie n hinneile froidir en un fichage - cole - Parlame n ti - della - 1745685 - ",</txt>
            <theme source="final">13</theme>
            <tech CS="1" source="md">estampe/gravure</tech>
            <theme CS="1" source="md">13</theme>
            <contenuImg CS="1.0" lang="en" source="md">fish</contenuImg>
            <contenuImg CS="1.0" lang="en" source="md">animal</contenuImg>
            <contenuImg CS="1.0" lang="en" source="md">aquatic vertebrate</contenuImg>
            <titraille>Recueil de poissons de la Chine / imprimés en couleur par les missionnaires</titraille>
            <tech source="hm" time="2019-03-10T10:27:48.52+01:00">dessin</tech>
            <tech source="final">dessin</tech>
            <fonction source="hm" time="2020-10-25T17:51:23.689+01:00">graphique</fonction>
            <fonction source="final">graphique</fonction>
          </ill>
        </ills>
      </page>
    </pages>
  </contenus>
</analyseAlto>