<analyseAlto>
  <metad>
    <type>I</type>
    <ID>btv1b10548835j</ID>
    <titre>Poissons : peinture / Yoeequa Painter</titre>
    <dateEdition>1830-1840</dateEdition>
    <auteur>Yoeequa (18..?-18..). Dessinateur Lagrené, Marie-Melchior-Joseph-Théodore de (1800-1862). Collecteur</auteur>
    <lang>0</lang>
    <source>Bibliothèque nationale de France, département Estampes et photographie, RESERVE PET FOL-OE-163 (E)</source>
    <nbPage>22</nbPage>
    <descr>Poissons -- Chine</descr>
  </metad>
  <contenus ocr="false" toc="false">
    <largeur>230</largeur>
    <hauteur>170</hauteur>
    <largeurPx>5435</largeurPx>
    <hauteurPx>4027</hauteurPx>
    <pages>
      <page ordre="7">
        <blocIll ocr="1">1</blocIll>
        <ills>
          <ill couleur="coul" h="4045" n="7-1" taille="10" w="5201" x="1" y="1">
            <contenuImg b="98" coul="1" g="104" ordre="7" r="143" source="colorific" type="frg">#8f6862</contenuImg>
            <contenuImg b="89" coul="1" g="105" ordre="6" r="123" source="colorific" type="frg">#7b6959</contenuImg>
            <contenuImg b="53" coul="1" g="64" ordre="5" r="67" source="colorific" type="frg">#434035</contenuImg>
            <contenuImg b="125" coul="1" g="161" ordre="4" r="168" source="colorific" type="frg">#a8a17d</contenuImg>
            <contenuImg b="86" coul="1" g="109" ordre="3" r="115" source="colorific" type="frg">#736d56</contenuImg>
            <contenuImg b="169" coul="1" g="168" ordre="2" r="157" source="colorific" type="frg">#9da8a9</contenuImg>
            <contenuImg b="182" coul="1" g="199" ordre="1" r="207" source="colorific" type="frg">#cfc7b6</contenuImg>
            <contenuImg CS="1.0" lang="fr" source="md">vertébré aquatique</contenuImg>
            <contenuImg CS="1.0" lang="fr" source="md">animal</contenuImg>
            <contenuImg CS="1.0" lang="fr" source="md">poisson</contenuImg>
            <txt source="google">"É - o - segundo - NOU - 1124 - ",</txt>
            <tech source="final">estampe/gravure</tech>
            <theme source="final">13</theme>
            <tech CS="1" source="md">estampe/gravure</tech>
            <theme CS="1" source="md">13</theme>
            <contenuImg CS="1.0" lang="en" source="md">fish</contenuImg>
            <contenuImg CS="1.0" lang="en" source="md">animal</contenuImg>
            <contenuImg CS="1.0" lang="en" source="md">aquatic vertebrate</contenuImg>
            <titraille>Poissons : peinture / Yoeequa Painter</titraille>
          </ill>
        </ills>
      </page>
      <page ordre="8">
        <blocIll ocr="1">1</blocIll>
        <ills>
          <ill couleur="coul" edit="1" h="4045" n="8-1" taille="10" w="5181" x="1" y="1">
            <contenuImg b="82" coul="1" g="97" ordre="7" r="111" source="colorific" type="frg">#6f6152</contenuImg>
            <contenuImg b="144" coul="1" g="167" ordre="6" r="202" source="colorific" type="frg">#caa790</contenuImg>
            <contenuImg b="139" coul="1" g="144" ordre="5" r="172" source="colorific" type="frg">#ac908b</contenuImg>
            <contenuImg b="98" coul="1" g="126" ordre="4" r="132" source="colorific" type="frg">#847e62</contenuImg>
            <contenuImg b="125" coul="1" g="136" ordre="3" r="193" source="colorific" type="frg">#c1887d</contenuImg>
            <contenuImg b="52" coul="1" g="49" ordre="2" r="121" source="colorific" type="frg">#793134</contenuImg>
            <contenuImg b="169" coul="1" g="167" ordre="1" r="150" source="colorific" type="frg">#96a7a9</contenuImg>
            <contenuImg CS="1" coul="1" lang="fr" source="hm" time="2019-05-01T18:42:58.976+02:00">vert</contenuImg>
            <contenuImg CS="1" coul="1" lang="fr" source="hm" time="2019-05-01T18:42:57.907+02:00">rose</contenuImg>
            <contenuImg CS="1" lang="fr" source="hm" time="2019-10-03T19:37:22.387+02:00">coquillage,crustacé</contenuImg>
            <contenuImg CS="1.0" lang="fr" source="md">vertébré aquatique</contenuImg>
            <contenuImg CS="1.0" lang="fr" source="md">animal</contenuImg>
            <contenuImg CS="1.0" lang="fr" source="md">poisson</contenuImg>
            <tech source="final">estampe/gravure</tech>
            <theme source="final">13</theme>
            <tech CS="1" source="md">estampe/gravure</tech>
            <theme CS="1" source="md">13</theme>
            <contenuImg CS="1.0" lang="en" source="md">fish</contenuImg>
            <contenuImg CS="1.0" lang="en" source="md">animal</contenuImg>
            <contenuImg CS="1.0" lang="en" source="md">aquatic vertebrate</contenuImg>
            <titraille>Poissons : peinture / Yoeequa Painter</titraille>
            <contenuImg CS="1" coul="1" lang="en" source="hm" time="2019-05-01T18:42:57.907+02:00">pink color</contenuImg>
            <contenuImg CS="1" coul="1" lang="en" source="hm" time="2019-05-01T18:42:58.976+02:00">green color</contenuImg>
            <contenuImg CS="1" lang="en" source="hm" time="2019-10-03T19:37:22.387+02:00">shellfish</contenuImg>
          </ill>
        </ills>
      </page>
      <page ordre="9">
        <blocIll ocr="1">1</blocIll>
        <ills>
          <ill couleur="coul" h="4045" n="9-1" taille="10" w="5204" x="1" y="1">
            <contenuImg b="50" coul="1" g="57" ordre="5" r="61" source="colorific" type="frg">#3d3932</contenuImg>
            <contenuImg b="76" coul="1" g="93" ordre="4" r="94" source="colorific" type="frg">#5e5d4c</contenuImg>
            <contenuImg b="123" coul="1" g="139" ordre="3" r="145" source="colorific" type="frg">#918b7b</contenuImg>
            <contenuImg b="171" coul="1" g="164" ordre="2" r="145" source="colorific" type="frg">#91a4ab</contenuImg>
            <contenuImg b="193" coul="1" g="212" ordre="1" r="217" source="colorific" type="frg">#d9d4c1</contenuImg>
            <contenuImg CS="1.0" lang="fr" source="md">vertébré aquatique</contenuImg>
            <contenuImg CS="1.0" lang="fr" source="md">animal</contenuImg>
            <contenuImg CS="1.0" lang="fr" source="md">poisson</contenuImg>
            <tech source="final">estampe/gravure</tech>
            <theme source="final">13</theme>
            <tech CS="1" source="md">estampe/gravure</tech>
            <theme CS="1" source="md">13</theme>
            <contenuImg CS="1.0" lang="en" source="md">fish</contenuImg>
            <contenuImg CS="1.0" lang="en" source="md">animal</contenuImg>
            <contenuImg CS="1.0" lang="en" source="md">aquatic vertebrate</contenuImg>
            <titraille>Poissons : peinture / Yoeequa Painter</titraille>
          </ill>
        </ills>
      </page>
      <page ordre="10">
        <blocIll ocr="1">1</blocIll>
        <ills>
          <ill couleur="coul" h="4051" n="10-1" taille="10" w="5178" x="1" y="1">
            <contenuImg b="137" coul="1" g="151" ordre="4" r="170" source="colorific" type="frg">#aa9789</contenuImg>
            <contenuImg b="65" coul="1" g="77" ordre="3" r="82" source="colorific" type="frg">#524d41</contenuImg>
            <contenuImg b="116" coul="1" g="136" ordre="2" r="140" source="colorific" type="frg">#8c8874</contenuImg>
            <contenuImg b="176" coul="1" g="177" ordre="1" r="159" source="colorific" type="frg">#9fb1b0</contenuImg>
            <contenuImg CS="1.0" lang="fr" source="md">vertébré aquatique</contenuImg>
            <contenuImg CS="1.0" lang="fr" source="md">animal</contenuImg>
            <contenuImg CS="1.0" lang="fr" source="md">poisson</contenuImg>
            <tech source="final">estampe/gravure</tech>
            <theme source="final">13</theme>
            <tech CS="1" source="md">estampe/gravure</tech>
            <theme CS="1" source="md">13</theme>
            <contenuImg CS="1.0" lang="en" source="md">fish</contenuImg>
            <contenuImg CS="1.0" lang="en" source="md">animal</contenuImg>
            <contenuImg CS="1.0" lang="en" source="md">aquatic vertebrate</contenuImg>
            <titraille>Poissons : peinture / Yoeequa Painter</titraille>
          </ill>
        </ills>
      </page>
      <page ordre="11">
        <blocIll ocr="1">1</blocIll>
        <ills>
          <ill couleur="coul" h="4045" n="11-1" taille="10" w="5201" x="1" y="1">
            <contenuImg b="58" coul="1" g="65" ordre="5" r="69" source="colorific" type="frg">#45413a</contenuImg>
            <contenuImg b="147" coul="1" g="152" ordre="4" r="147" source="colorific" type="frg">#939893</contenuImg>
            <contenuImg b="114" coul="1" g="132" ordre="3" r="137" source="colorific" type="frg">#898472</contenuImg>
            <contenuImg b="195" coul="1" g="189" ordre="2" r="172" source="colorific" type="frg">#acbdc3</contenuImg>
            <contenuImg b="187" coul="1" g="206" ordre="1" r="211" source="colorific" type="frg">#d3cebb</contenuImg>
            <contenuImg CS="1.0" lang="fr" source="md">vertébré aquatique</contenuImg>
            <contenuImg CS="1.0" lang="fr" source="md">animal</contenuImg>
            <contenuImg CS="1.0" lang="fr" source="md">poisson</contenuImg>
            <tech source="final">estampe/gravure</tech>
            <theme source="final">13</theme>
            <tech CS="1" source="md">estampe/gravure</tech>
            <theme CS="1" source="md">13</theme>
            <contenuImg CS="1.0" lang="en" source="md">fish</contenuImg>
            <contenuImg CS="1.0" lang="en" source="md">animal</contenuImg>
            <contenuImg CS="1.0" lang="en" source="md">aquatic vertebrate</contenuImg>
            <titraille>Poissons : peinture / Yoeequa Painter</titraille>
          </ill>
        </ills>
      </page>
      <page ordre="12">
        <blocIll ocr="1">1</blocIll>
        <ills>
          <ill couleur="coul" h="4066" n="12-1" taille="10" w="5184" x="1" y="1">
            <contenuImg b="86" coul="1" g="95" ordre="7" r="130" source="colorific" type="frg">#825f56</contenuImg>
            <contenuImg b="115" coul="1" g="122" ordre="6" r="182" source="colorific" type="frg">#b67a73</contenuImg>
            <contenuImg b="56" coul="1" g="57" ordre="5" r="110" source="colorific" type="frg">#6e3938</contenuImg>
            <contenuImg b="109" coul="1" g="135" ordre="4" r="171" source="colorific" type="frg">#ab876d</contenuImg>
            <contenuImg b="150" coul="1" g="156" ordre="3" r="145" source="colorific" type="frg">#919c96</contenuImg>
            <contenuImg b="169" coul="1" g="159" ordre="2" r="141" source="colorific" type="frg">#8d9fa9</contenuImg>
            <contenuImg b="122" coul="1" g="138" ordre="1" r="145" source="colorific" type="frg">#918a7a</contenuImg>
            <contenuImg CS="1.0" lang="fr" source="md">vertébré aquatique</contenuImg>
            <contenuImg CS="1.0" lang="fr" source="md">animal</contenuImg>
            <contenuImg CS="1.0" lang="fr" source="md">poisson</contenuImg>
            <tech source="final">estampe/gravure</tech>
            <theme source="final">13</theme>
            <tech CS="1" source="md">estampe/gravure</tech>
            <theme CS="1" source="md">13</theme>
            <contenuImg CS="1.0" lang="en" source="md">fish</contenuImg>
            <contenuImg CS="1.0" lang="en" source="md">animal</contenuImg>
            <contenuImg CS="1.0" lang="en" source="md">aquatic vertebrate</contenuImg>
            <titraille>Poissons : peinture / Yoeequa Painter</titraille>
          </ill>
        </ills>
      </page>
      <page ordre="13">
        <blocIll ocr="1">1</blocIll>
        <ills>
          <ill couleur="coul" h="4054" n="13-1" taille="10" w="5126" x="1" y="1">
            <contenuImg b="65" coul="1" g="80" ordre="4" r="86" source="colorific" type="frg">#565041</contenuImg>
            <contenuImg b="151" coul="1" g="158" ordre="3" r="152" source="colorific" type="frg">#989e97</contenuImg>
            <contenuImg b="111" coul="1" g="132" ordre="2" r="139" source="colorific" type="frg">#8b846f</contenuImg>
            <contenuImg b="176" coul="1" g="168" ordre="1" r="149" source="colorific" type="frg">#95a8b0</contenuImg>
            <contenuImg CS="1.0" lang="fr" source="md">vertébré aquatique</contenuImg>
            <contenuImg CS="1.0" lang="fr" source="md">animal</contenuImg>
            <contenuImg CS="1.0" lang="fr" source="md">poisson</contenuImg>
            <tech source="final">estampe/gravure</tech>
            <theme source="final">13</theme>
            <tech CS="1" source="md">estampe/gravure</tech>
            <theme CS="1" source="md">13</theme>
            <contenuImg CS="1.0" lang="en" source="md">fish</contenuImg>
            <contenuImg CS="1.0" lang="en" source="md">animal</contenuImg>
            <contenuImg CS="1.0" lang="en" source="md">aquatic vertebrate</contenuImg>
            <titraille>Poissons : peinture / Yoeequa Painter</titraille>
          </ill>
        </ills>
      </page>
      <page ordre="14">
        <blocIll ocr="1">1</blocIll>
        <ills>
          <ill couleur="coul" h="4033" n="14-1" taille="10" w="5109" x="1" y="1">
            <contenuImg b="59" coul="1" g="66" ordre="5" r="71" source="colorific" type="frg">#47423b</contenuImg>
            <contenuImg b="133" coul="1" g="145" ordre="4" r="150" source="colorific" type="frg">#969185</contenuImg>
            <contenuImg b="76" coul="1" g="96" ordre="3" r="114" source="colorific" type="frg">#72604c</contenuImg>
            <contenuImg b="188" coul="1" g="184" ordre="2" r="168" source="colorific" type="frg">#a8b8bc</contenuImg>
            <contenuImg b="188" coul="1" g="207" ordre="1" r="213" source="colorific" type="frg">#d5cfbc</contenuImg>
            <contenuImg CS="1.0" lang="fr" source="md">vertébré aquatique</contenuImg>
            <contenuImg CS="1.0" lang="fr" source="md">animal</contenuImg>
            <contenuImg CS="1.0" lang="fr" source="md">poisson</contenuImg>
            <tech source="final">estampe/gravure</tech>
            <theme source="final">13</theme>
            <tech CS="1" source="md">estampe/gravure</tech>
            <theme CS="1" source="md">13</theme>
            <contenuImg CS="1.0" lang="en" source="md">fish</contenuImg>
            <contenuImg CS="1.0" lang="en" source="md">animal</contenuImg>
            <contenuImg CS="1.0" lang="en" source="md">aquatic vertebrate</contenuImg>
            <titraille>Poissons : peinture / Yoeequa Painter</titraille>
          </ill>
        </ills>
      </page>
      <page ordre="15">
        <blocIll ocr="1">1</blocIll>
        <ills>
          <ill couleur="coul" h="4051" n="15-1" taille="10" w="5165" x="1" y="1">
            <contenuImg b="72" coul="1" g="95" ordre="5" r="116" source="colorific" type="frg">#745f48</contenuImg>
            <contenuImg b="67" coul="1" g="82" ordre="4" r="85" source="colorific" type="frg">#555243</contenuImg>
            <contenuImg b="107" coul="1" g="127" ordre="3" r="132" source="colorific" type="frg">#847f6b</contenuImg>
            <contenuImg b="154" coul="1" g="159" ordre="2" r="148" source="colorific" type="frg">#949f9a</contenuImg>
            <contenuImg b="189" coul="1" g="206" ordre="1" r="212" source="colorific" type="frg">#d4cebd</contenuImg>
            <contenuImg CS="1.0" lang="fr" source="md">vertébré aquatique</contenuImg>
            <contenuImg CS="1.0" lang="fr" source="md">animal</contenuImg>
            <contenuImg CS="1.0" lang="fr" source="md">poisson</contenuImg>
            <tech source="final">estampe/gravure</tech>
            <theme source="final">13</theme>
            <tech CS="1" source="md">estampe/gravure</tech>
            <theme CS="1" source="md">13</theme>
            <contenuImg CS="1.0" lang="en" source="md">fish</contenuImg>
            <contenuImg CS="1.0" lang="en" source="md">animal</contenuImg>
            <contenuImg CS="1.0" lang="en" source="md">aquatic vertebrate</contenuImg>
            <titraille>Poissons : peinture / Yoeequa Painter</titraille>
          </ill>
        </ills>
      </page>
      <page ordre="16">
        <blocIll ocr="1">1</blocIll>
        <ills>
          <ill couleur="coul" h="4042" n="16-1" taille="10" w="5172" x="1" y="1">
            <contenuImg b="125" coul="1" g="137" ordre="5" r="170" source="colorific" type="frg">#aa897d</contenuImg>
            <contenuImg b="57" coul="1" g="62" ordre="4" r="68" source="colorific" type="frg">#443e39</contenuImg>
            <contenuImg b="112" coul="1" g="132" ordre="3" r="140" source="colorific" type="frg">#8c8470</contenuImg>
            <contenuImg b="177" coul="1" g="176" ordre="2" r="159" source="colorific" type="frg">#9fb0b1</contenuImg>
            <contenuImg b="186" coul="1" g="206" ordre="1" r="212" source="colorific" type="frg">#d4ceba</contenuImg>
            <contenuImg CS="1.0" lang="fr" source="md">vertébré aquatique</contenuImg>
            <contenuImg CS="1.0" lang="fr" source="md">animal</contenuImg>
            <contenuImg CS="1.0" lang="fr" source="md">poisson</contenuImg>
            <tech source="final">estampe/gravure</tech>
            <theme source="final">13</theme>
            <tech CS="1" source="md">estampe/gravure</tech>
            <theme CS="1" source="md">13</theme>
            <contenuImg CS="1.0" lang="en" source="md">fish</contenuImg>
            <contenuImg CS="1.0" lang="en" source="md">animal</contenuImg>
            <contenuImg CS="1.0" lang="en" source="md">aquatic vertebrate</contenuImg>
            <titraille>Poissons : peinture / Yoeequa Painter</titraille>
          </ill>
        </ills>
      </page>
      <page ordre="17">
        <blocIll ocr="1">1</blocIll>
        <ills>
          <ill couleur="coul" h="4051" n="17-1" taille="10" w="5177" x="1" y="1">
            <contenuImg b="77" coul="1" g="93" ordre="4" r="98" source="colorific" type="frg">#625d4d</contenuImg>
            <contenuImg b="121" coul="1" g="143" ordre="3" r="149" source="colorific" type="frg">#958f79</contenuImg>
            <contenuImg b="173" coul="1" g="175" ordre="2" r="160" source="colorific" type="frg">#a0afad</contenuImg>
            <contenuImg b="190" coul="1" g="211" ordre="1" r="216" source="colorific" type="frg">#d8d3be</contenuImg>
            <contenuImg CS="1.0" lang="fr" source="md">vertébré aquatique</contenuImg>
            <contenuImg CS="1.0" lang="fr" source="md">animal</contenuImg>
            <contenuImg CS="1.0" lang="fr" source="md">poisson</contenuImg>
            <tech source="final">estampe/gravure</tech>
            <theme source="final">13</theme>
            <tech CS="1" source="md">estampe/gravure</tech>
            <theme CS="1" source="md">13</theme>
            <contenuImg CS="1.0" lang="en" source="md">fish</contenuImg>
            <contenuImg CS="1.0" lang="en" source="md">animal</contenuImg>
            <contenuImg CS="1.0" lang="en" source="md">aquatic vertebrate</contenuImg>
            <titraille>Poissons : peinture / Yoeequa Painter</titraille>
          </ill>
        </ills>
      </page>
      <page ordre="18">
        <blocIll ocr="1">1</blocIll>
        <ills>
          <ill couleur="coul" h="4039" n="18-1" taille="10" w="5178" x="1" y="1">
            <contenuImg b="74" coul="1" g="87" ordre="4" r="92" source="colorific" type="frg">#5c574a</contenuImg>
            <contenuImg b="118" coul="1" g="133" ordre="3" r="138" source="colorific" type="frg">#8a8576</contenuImg>
            <contenuImg b="196" coul="1" g="189" ordre="2" r="170" source="colorific" type="frg">#aabdc4</contenuImg>
            <contenuImg b="189" coul="1" g="206" ordre="1" r="212" source="colorific" type="frg">#d4cebd</contenuImg>
            <contenuImg CS="1.0" lang="fr" source="md">vertébré aquatique</contenuImg>
            <contenuImg CS="1.0" lang="fr" source="md">animal</contenuImg>
            <contenuImg CS="1.0" lang="fr" source="md">poisson</contenuImg>
            <tech source="final">estampe/gravure</tech>
            <theme source="final">13</theme>
            <tech CS="1" source="md">estampe/gravure</tech>
            <theme CS="1" source="md">13</theme>
            <contenuImg CS="1.0" lang="en" source="md">fish</contenuImg>
            <contenuImg CS="1.0" lang="en" source="md">animal</contenuImg>
            <contenuImg CS="1.0" lang="en" source="md">aquatic vertebrate</contenuImg>
            <titraille>Poissons : peinture / Yoeequa Painter</titraille>
          </ill>
        </ills>
      </page>
    </pages>
  </contenus>
</analyseAlto>