<analyseAlto>
  <metad>
    <type>I</type>
    <ID>btv1b10548837f</ID>
    <titre>Poissons : peinture / Yoeequa Painter</titre>
    <dateEdition>1830-1840</dateEdition>
    <auteur>Yoeequa (18..?-18..). Dessinateur Lagrené, Marie-Melchior-Joseph-Théodore de (1800-1862). Collecteur</auteur>
    <lang>0</lang>
    <source>Bibliothèque nationale de France, département Estampes et photographie, RESERVE PET FOL-OE-163 (F)</source>
    <nbPage>20</nbPage>
    <descr>Poissons -- Chine</descr>
  </metad>
  <contenus ocr="false" toc="false">
    <largeur>232</largeur>
    <hauteur>171</hauteur>
    <largeurPx>5494</largeurPx>
    <hauteurPx>4058</hauteurPx>
    <pages>
      <page ordre="3">
        <blocIll ocr="1">0</blocIll>
        <ills/>
      </page>
      <page ordre="4">
        <blocIll ocr="1">0</blocIll>
        <ills/>
      </page>
      <page ordre="5">
        <blocIll ocr="1">0</blocIll>
        <ills/>
      </page>
      <page ordre="6">
        <blocIll ocr="1">0</blocIll>
        <ills/>
      </page>
      <page ordre="7">
        <blocIll ocr="1">1</blocIll>
        <ills>
          <ill couleur="coul" h="3977" n="7-1" taille="10" w="5107" x="1" y="1">
            <contenuImg b="90" coul="1" g="103" ordre="9" r="124" source="colorific" type="frg">#7c675a</contenuImg>
            <contenuImg b="74" coul="1" g="80" ordre="8" r="134" source="colorific" type="frg">#86504a</contenuImg>
            <contenuImg b="151" coul="1" g="165" ordre="7" r="186" source="colorific" type="frg">#baa597</contenuImg>
            <contenuImg b="57" coul="1" g="64" ordre="6" r="71" source="colorific" type="frg">#474039</contenuImg>
            <contenuImg b="151" coul="1" g="155" ordre="5" r="146" source="colorific" type="frg">#929b97</contenuImg>
            <contenuImg b="134" coul="1" g="144" ordre="4" r="181" source="colorific" type="frg">#b59086</contenuImg>
            <contenuImg b="86" coul="1" g="101" ordre="3" r="108" source="colorific" type="frg">#6c6556</contenuImg>
            <contenuImg b="188" coul="1" g="179" ordre="2" r="159" source="colorific" type="frg">#9fb3bc</contenuImg>
            <contenuImg b="185" coul="1" g="205" ordre="1" r="210" source="colorific" type="frg">#d2cdb9</contenuImg>
            <contenuImg CS="1.0" lang="fr" source="md">vertébré aquatique</contenuImg>
            <contenuImg CS="1.0" lang="fr" source="md">animal</contenuImg>
            <contenuImg CS="1.0" lang="fr" source="md">poisson</contenuImg>
            <tech source="final">estampe/gravure</tech>
            <theme source="final">13</theme>
            <tech CS="1" source="md">estampe/gravure</tech>
            <theme CS="1" source="md">13</theme>
            <contenuImg CS="1.0" lang="en" source="md">fish</contenuImg>
            <contenuImg CS="1.0" lang="en" source="md">animal</contenuImg>
            <contenuImg CS="1.0" lang="en" source="md">aquatic vertebrate</contenuImg>
            <titraille>Poissons : peinture / Yoeequa Painter</titraille>
          </ill>
        </ills>
      </page>
      <page ordre="8">
        <blocIll ocr="1">1</blocIll>
        <ills>
          <ill couleur="coul" h="3963" n="8-1" taille="10" w="5124" x="1" y="1">
            <contenuImg b="68" coul="1" g="82" ordre="4" r="86" source="colorific" type="frg">#565244</contenuImg>
            <contenuImg b="121" coul="1" g="143" ordre="3" r="146" source="colorific" type="frg">#928f79</contenuImg>
            <contenuImg b="189" coul="1" g="184" ordre="2" r="168" source="colorific" type="frg">#a8b8bd</contenuImg>
            <contenuImg b="191" coul="1" g="210" ordre="1" r="215" source="colorific" type="frg">#d7d2bf</contenuImg>
            <contenuImg CS="1.0" lang="fr" source="md">vertébré aquatique</contenuImg>
            <contenuImg CS="1.0" lang="fr" source="md">animal</contenuImg>
            <contenuImg CS="1.0" lang="fr" source="md">poisson</contenuImg>
            <tech source="final">estampe/gravure</tech>
            <theme source="final">13</theme>
            <tech CS="1" source="md">estampe/gravure</tech>
            <theme CS="1" source="md">13</theme>
            <contenuImg CS="1.0" lang="en" source="md">fish</contenuImg>
            <contenuImg CS="1.0" lang="en" source="md">animal</contenuImg>
            <contenuImg CS="1.0" lang="en" source="md">aquatic vertebrate</contenuImg>
            <titraille>Poissons : peinture / Yoeequa Painter</titraille>
          </ill>
        </ills>
      </page>
      <page ordre="9">
        <blocIll ocr="1">1</blocIll>
        <ills>
          <ill couleur="coul" h="3977" n="9-1" taille="10" w="5107" x="1" y="1">
            <contenuImg b="132" coul="1" g="137" ordre="5" r="164" source="colorific" type="frg">#a48984</contenuImg>
            <contenuImg b="125" coul="1" g="169" ordre="4" r="195" source="colorific" type="frg">#c3a97d</contenuImg>
            <contenuImg b="77" coul="1" g="91" ordre="3" r="111" source="colorific" type="frg">#6f5b4d</contenuImg>
            <contenuImg b="166" coul="1" g="163" ordre="2" r="143" source="colorific" type="frg">#8fa3a6</contenuImg>
            <contenuImg b="122" coul="1" g="137" ordre="1" r="145" source="colorific" type="frg">#91897a</contenuImg>
            <contenuImg CS="1.0" lang="fr" source="md">vertébré aquatique</contenuImg>
            <contenuImg CS="1.0" lang="fr" source="md">animal</contenuImg>
            <contenuImg CS="1.0" lang="fr" source="md">poisson</contenuImg>
            <tech source="final">estampe/gravure</tech>
            <theme source="final">13</theme>
            <tech CS="1" source="md">estampe/gravure</tech>
            <theme CS="1" source="md">13</theme>
            <contenuImg CS="1.0" lang="en" source="md">fish</contenuImg>
            <contenuImg CS="1.0" lang="en" source="md">animal</contenuImg>
            <contenuImg CS="1.0" lang="en" source="md">aquatic vertebrate</contenuImg>
            <titraille>Poissons : peinture / Yoeequa Painter</titraille>
          </ill>
        </ills>
      </page>
      <page ordre="10">
        <blocIll ocr="1">1</blocIll>
        <ills>
          <ill couleur="coul" h="3963" n="10-1" taille="10" w="5124" x="1" y="1">
            <contenuImg b="61" coul="1" g="70" ordre="4" r="72" source="colorific" type="frg">#48463d</contenuImg>
            <contenuImg b="109" coul="1" g="123" ordre="3" r="129" source="colorific" type="frg">#817b6d</contenuImg>
            <contenuImg b="148" coul="1" g="145" ordre="2" r="130" source="colorific" type="frg">#829194</contenuImg>
            <contenuImg b="193" coul="1" g="212" ordre="1" r="217" source="colorific" type="frg">#d9d4c1</contenuImg>
            <contenuImg CS="1.0" lang="fr" source="md">vertébré aquatique</contenuImg>
            <contenuImg CS="1.0" lang="fr" source="md">animal</contenuImg>
            <contenuImg CS="1.0" lang="fr" source="md">poisson</contenuImg>
            <txt source="google">"tik - te - ",</txt>
            <tech source="final">estampe/gravure</tech>
            <theme source="final">13</theme>
            <tech CS="1" source="md">estampe/gravure</tech>
            <theme CS="1" source="md">13</theme>
            <contenuImg CS="1.0" lang="en" source="md">fish</contenuImg>
            <contenuImg CS="1.0" lang="en" source="md">animal</contenuImg>
            <contenuImg CS="1.0" lang="en" source="md">aquatic vertebrate</contenuImg>
            <titraille>Poissons : peinture / Yoeequa Painter</titraille>
          </ill>
        </ills>
      </page>
      <page ordre="11">
        <blocIll ocr="1">1</blocIll>
        <ills>
          <ill couleur="coul" h="3977" n="11-1" taille="10" w="5107" x="1" y="1">
            <contenuImg b="69" coul="1" g="85" ordre="4" r="91" source="colorific" type="frg">#5b5545</contenuImg>
            <contenuImg b="112" coul="1" g="135" ordre="3" r="140" source="colorific" type="frg">#8c8770</contenuImg>
            <contenuImg b="159" coul="1" g="160" ordre="2" r="142" source="colorific" type="frg">#8ea09f</contenuImg>
            <contenuImg b="193" coul="1" g="212" ordre="1" r="217" source="colorific" type="frg">#d9d4c1</contenuImg>
            <contenuImg CS="1.0" lang="fr" source="md">vertébré aquatique</contenuImg>
            <contenuImg CS="1.0" lang="fr" source="md">animal</contenuImg>
            <contenuImg CS="1.0" lang="fr" source="md">poisson</contenuImg>
            <tech source="final">estampe/gravure</tech>
            <theme source="final">13</theme>
            <tech CS="1" source="md">estampe/gravure</tech>
            <theme CS="1" source="md">13</theme>
            <contenuImg CS="1.0" lang="en" source="md">fish</contenuImg>
            <contenuImg CS="1.0" lang="en" source="md">animal</contenuImg>
            <contenuImg CS="1.0" lang="en" source="md">aquatic vertebrate</contenuImg>
            <titraille>Poissons : peinture / Yoeequa Painter</titraille>
          </ill>
        </ills>
      </page>
      <page ordre="12">
        <blocIll ocr="1">1</blocIll>
        <ills>
          <ill couleur="coul" h="3963" n="12-1" taille="10" w="5124" x="1" y="1">
            <contenuImg b="118" coul="1" g="153" ordre="6" r="184" source="colorific" type="frg">#b89976</contenuImg>
            <contenuImg b="55" coul="1" g="64" ordre="5" r="72" source="colorific" type="frg">#484037</contenuImg>
            <contenuImg b="172" coul="1" g="177" ordre="4" r="174" source="colorific" type="frg">#aeb1ac</contenuImg>
            <contenuImg b="83" coul="1" g="102" ordre="3" r="106" source="colorific" type="frg">#6a6653</contenuImg>
            <contenuImg b="172" coul="1" g="166" ordre="2" r="149" source="colorific" type="frg">#95a6ac</contenuImg>
            <contenuImg b="190" coul="1" g="209" ordre="1" r="214" source="colorific" type="frg">#d6d1be</contenuImg>
            <contenuImg CS="1.0" lang="fr" source="md">vertébré aquatique</contenuImg>
            <contenuImg CS="1.0" lang="fr" source="md">animal</contenuImg>
            <contenuImg CS="1.0" lang="fr" source="md">poisson</contenuImg>
            <tech source="final">estampe/gravure</tech>
            <theme source="final">13</theme>
            <tech CS="1" source="md">estampe/gravure</tech>
            <theme CS="1" source="md">13</theme>
            <contenuImg CS="1.0" lang="en" source="md">fish</contenuImg>
            <contenuImg CS="1.0" lang="en" source="md">animal</contenuImg>
            <contenuImg CS="1.0" lang="en" source="md">aquatic vertebrate</contenuImg>
            <titraille>Poissons : peinture / Yoeequa Painter</titraille>
          </ill>
        </ills>
      </page>
      <page ordre="13">
        <blocIll ocr="1">1</blocIll>
        <ills>
          <ill couleur="coul" h="3977" n="13-1" taille="10" w="5107" x="1" y="1">
            <contenuImg b="81" coul="1" g="91" ordre="7" r="118" source="colorific" type="frg">#765b51</contenuImg>
            <contenuImg b="118" coul="1" g="134" ordre="6" r="158" source="colorific" type="frg">#9e8676</contenuImg>
            <contenuImg b="153" coul="1" g="158" ordre="5" r="151" source="colorific" type="frg">#979e99</contenuImg>
            <contenuImg b="61" coul="1" g="68" ordre="4" r="74" source="colorific" type="frg">#4a443d</contenuImg>
            <contenuImg b="107" coul="1" g="124" ordre="3" r="132" source="colorific" type="frg">#847c6b</contenuImg>
            <contenuImg b="192" coul="1" g="183" ordre="2" r="162" source="colorific" type="frg">#a2b7c0</contenuImg>
            <contenuImg b="184" coul="1" g="205" ordre="1" r="210" source="colorific" type="frg">#d2cdb8</contenuImg>
            <contenuImg CS="1.0" lang="fr" source="md">vertébré aquatique</contenuImg>
            <contenuImg CS="1.0" lang="fr" source="md">animal</contenuImg>
            <contenuImg CS="1.0" lang="fr" source="md">poisson</contenuImg>
            <txt source="google">"Fly - ",</txt>
            <tech source="final">estampe/gravure</tech>
            <theme source="final">13</theme>
            <tech CS="1" source="md">estampe/gravure</tech>
            <theme CS="1" source="md">13</theme>
            <contenuImg CS="1.0" lang="en" source="md">fish</contenuImg>
            <contenuImg CS="1.0" lang="en" source="md">animal</contenuImg>
            <contenuImg CS="1.0" lang="en" source="md">aquatic vertebrate</contenuImg>
            <titraille>Poissons : peinture / Yoeequa Painter</titraille>
          </ill>
        </ills>
      </page>
      <page ordre="14">
        <blocIll ocr="1">1</blocIll>
        <ills>
          <ill couleur="coul" edit="1" h="3963" n="14-1" taille="10" w="5124" x="1" y="1">
            <contenuImg b="110" coul="1" g="114" ordre="9" r="160" source="colorific" type="frg">#a0726e</contenuImg>
            <contenuImg b="61" coul="1" g="68" ordre="8" r="74" source="colorific" type="frg">#4a443d</contenuImg>
            <contenuImg b="137" coul="1" g="150" ordre="7" r="168" source="colorific" type="frg">#a89689</contenuImg>
            <contenuImg b="64" coul="1" g="70" ordre="6" r="96" source="colorific" type="frg">#604640</contenuImg>
            <contenuImg b="85" coul="1" g="78" ordre="5" r="164" source="colorific" type="frg">#a44e55</contenuImg>
            <contenuImg b="104" coul="1" g="122" ordre="4" r="122" source="colorific" type="frg">#7a7a68</contenuImg>
            <contenuImg b="154" coul="1" g="158" ordre="3" r="151" source="colorific" type="frg">#979e9a</contenuImg>
            <contenuImg b="182" coul="1" g="173" ordre="2" r="154" source="colorific" type="frg">#9aadb6</contenuImg>
            <contenuImg b="193" coul="1" g="212" ordre="1" r="217" source="colorific" type="frg">#d9d4c1</contenuImg>
            <contenuImg CS="1" coul="1" lang="fr" source="hm" time="2019-05-01T18:41:15.649+02:00">rose</contenuImg>
            <contenuImg CS="1" coul="1" lang="fr" source="hm" time="2019-05-01T18:41:14.658+02:00">gris</contenuImg>
            <contenuImg CS="1.0" lang="fr" source="md">vertébré aquatique</contenuImg>
            <contenuImg CS="1.0" lang="fr" source="md">animal</contenuImg>
            <contenuImg CS="1.0" lang="fr" source="md">poisson</contenuImg>
            <tech source="final">estampe/gravure</tech>
            <theme source="final">13</theme>
            <tech CS="1" source="md">estampe/gravure</tech>
            <theme CS="1" source="md">13</theme>
            <contenuImg CS="1.0" lang="en" source="md">fish</contenuImg>
            <contenuImg CS="1.0" lang="en" source="md">animal</contenuImg>
            <contenuImg CS="1.0" lang="en" source="md">aquatic vertebrate</contenuImg>
            <titraille>Poissons : peinture / Yoeequa Painter</titraille>
            <contenuImg CS="1" coul="1" lang="en" source="hm" time="2019-05-01T18:41:14.658+02:00">gray color</contenuImg>
            <contenuImg CS="1" coul="1" lang="en" source="hm" time="2019-05-01T18:41:15.649+02:00">pink color</contenuImg>
          </ill>
        </ills>
      </page>
      <page ordre="15">
        <blocIll ocr="1">1</blocIll>
        <ills>
          <ill couleur="coul" h="3977" n="15-1" taille="10" w="5107" x="1" y="1">
            <contenuImg b="74" coul="1" g="86" ordre="4" r="92" source="colorific" type="frg">#5c564a</contenuImg>
            <contenuImg b="122" coul="1" g="136" ordre="3" r="147" source="colorific" type="frg">#93887a</contenuImg>
            <contenuImg b="173" coul="1" g="170" ordre="2" r="153" source="colorific" type="frg">#99aaad</contenuImg>
            <contenuImg b="169" coul="1" g="192" ordre="1" r="200" source="colorific" type="frg">#c8c0a9</contenuImg>
            <contenuImg CS="1.0" lang="fr" source="md">vertébré aquatique</contenuImg>
            <contenuImg CS="1.0" lang="fr" source="md">animal</contenuImg>
            <contenuImg CS="1.0" lang="fr" source="md">poisson</contenuImg>
            <tech source="final">estampe/gravure</tech>
            <theme source="final">13</theme>
            <tech CS="1" source="md">estampe/gravure</tech>
            <theme CS="1" source="md">13</theme>
            <contenuImg CS="1.0" lang="en" source="md">fish</contenuImg>
            <contenuImg CS="1.0" lang="en" source="md">animal</contenuImg>
            <contenuImg CS="1.0" lang="en" source="md">aquatic vertebrate</contenuImg>
            <titraille>Poissons : peinture / Yoeequa Painter</titraille>
          </ill>
        </ills>
      </page>
      <page ordre="16">
        <blocIll ocr="1">1</blocIll>
        <ills>
          <ill couleur="coul" edit="1" h="3963" n="16-1" taille="10" w="5124" x="1" y="1">
            <contenuImg b="123" coul="1" g="127" ordre="7" r="189" source="colorific" type="frg">#bd7f7b</contenuImg>
            <contenuImg b="115" coul="1" g="126" ordre="6" r="152" source="colorific" type="frg">#987e73</contenuImg>
            <contenuImg b="65" coul="1" g="72" ordre="5" r="81" source="colorific" type="frg">#514841</contenuImg>
            <contenuImg b="104" coul="1" g="120" ordre="4" r="131" source="colorific" type="frg">#837868</contenuImg>
            <contenuImg b="145" coul="1" g="158" ordre="3" r="147" source="colorific" type="frg">#939e91</contenuImg>
            <contenuImg b="181" coul="1" g="173" ordre="2" r="153" source="colorific" type="frg">#99adb5</contenuImg>
            <contenuImg b="181" coul="1" g="195" ordre="1" r="203" source="colorific" type="frg">#cbc3b5</contenuImg>
            <contenuImg CS="1" coul="1" lang="fr" source="hm" time="2019-05-01T18:41:21.738+02:00">rose</contenuImg>
            <contenuImg CS="1.0" lang="fr" source="md">vertébré aquatique</contenuImg>
            <contenuImg CS="1.0" lang="fr" source="md">animal</contenuImg>
            <contenuImg CS="1.0" lang="fr" source="md">poisson</contenuImg>
            <tech source="final">estampe/gravure</tech>
            <theme source="final">13</theme>
            <tech CS="1" source="md">estampe/gravure</tech>
            <theme CS="1" source="md">13</theme>
            <contenuImg CS="1.0" lang="en" source="md">fish</contenuImg>
            <contenuImg CS="1.0" lang="en" source="md">animal</contenuImg>
            <contenuImg CS="1.0" lang="en" source="md">aquatic vertebrate</contenuImg>
            <titraille>Poissons : peinture / Yoeequa Painter</titraille>
            <contenuImg CS="1" coul="1" lang="en" source="hm" time="2019-05-01T18:41:21.738+02:00">pink color</contenuImg>
          </ill>
        </ills>
      </page>
      <page ordre="17">
        <blocIll ocr="1">0</blocIll>
        <ills/>
      </page>
      <page ordre="18">
        <blocIll ocr="1">0</blocIll>
        <ills/>
      </page>
    </pages>
  </contenus>
</analyseAlto>