<analyseAlto>
  <metad>
    <type>I</type>
    <ID>btv1b10548829x</ID>
    <titre>Poissons : peinture / Yoeequa Painter</titre>
    <dateEdition>1830-1840</dateEdition>
    <auteur>Yoeequa (18..?-18..). Dessinateur Lagrené, Marie-Melchior-Joseph-Théodore de (1800-1862). Collecteur</auteur>
    <lang>0</lang>
    <source>Bibliothèque nationale de France, département Estampes et photographie, RESERVE PET FOL-OE-163 (C)</source>
    <nbPage>22</nbPage>
    <descr>Poissons -- Chine</descr>
  </metad>
  <contenus ocr="false" toc="false">
    <largeur>232</largeur>
    <hauteur>170</hauteur>
    <largeurPx>5486</largeurPx>
    <hauteurPx>4039</hauteurPx>
    <pages>
      <page ordre="3">
        <blocIll ocr="1">0</blocIll>
        <ills/>
      </page>
      <page ordre="4">
        <blocIll ocr="1">0</blocIll>
        <ills/>
      </page>
      <page ordre="5">
        <blocIll ocr="1">0</blocIll>
        <ills/>
      </page>
      <page ordre="6">
        <blocIll ocr="1">0</blocIll>
        <ills/>
      </page>
      <page ordre="7">
        <blocIll ocr="1">1</blocIll>
        <ills>
          <ill couleur="coul" edit="true" h="4051" n="7-1" taille="10" w="5198" x="1" y="1">
            <contenuImg b="120" coul="1" g="139" ordre="7" r="177" source="colorific" type="frg">#b18b78</contenuImg>
            <contenuImg b="62" coul="1" g="72" ordre="6" r="73" source="colorific" type="frg">#49483e</contenuImg>
            <contenuImg b="96" coul="1" g="139" ordre="5" r="164" source="colorific" type="frg">#a48b60</contenuImg>
            <contenuImg b="55" coul="1" g="52" ordre="4" r="113" source="colorific" type="frg">#713437</contenuImg>
            <contenuImg b="103" coul="1" g="120" ordre="3" r="125" source="colorific" type="frg">#7d7867</contenuImg>
            <contenuImg b="104" coul="1" g="113" ordre="2" r="160" source="colorific" type="frg">#a07168</contenuImg>
            <contenuImg b="149" coul="1" g="152" ordre="1" r="144" source="colorific" type="frg">#909895</contenuImg>
            <contenuImg CS="1" coul="1" lang="fr" source="hm" time="2019-03-17T19:16:01.248+01:00">rose</contenuImg>
            <contenuImg CS="1.0" lang="fr" source="md">vertébré aquatique</contenuImg>
            <contenuImg CS="1.0" lang="fr" source="md">animal</contenuImg>
            <contenuImg CS="1.0" lang="fr" source="md">poisson</contenuImg>
            <tech source="final">estampe/gravure</tech>
            <theme source="final">13</theme>
            <tech CS="1" source="md">estampe/gravure</tech>
            <theme CS="1" source="md">13</theme>
            <contenuImg CS="1.0" lang="en" source="md">fish</contenuImg>
            <contenuImg CS="1.0" lang="en" source="md">animal</contenuImg>
            <contenuImg CS="1.0" lang="en" source="md">aquatic vertebrate</contenuImg>
            <titraille>Poissons : peinture / Yoeequa Painter</titraille>
            <contenuImg CS="1" coul="1" lang="en" source="hm" time="2019-03-17T19:16:01.248+01:00">pink color</contenuImg>
            <contenuImg CS="1" coul="1" lang="en" source="hm" time="2019-05-01T18:40:49.697+02:00">pink color</contenuImg>
          </ill>
        </ills>
      </page>
      <page ordre="8">
        <blocIll ocr="1">1</blocIll>
        <ills>
          <ill couleur="coul" h="4044" n="8-1" taille="10" w="5113" x="1" y="1">
            <contenuImg b="105" coul="1" g="105" ordre="5" r="163" source="colorific" type="frg">#a36969</contenuImg>
            <contenuImg b="126" coul="1" g="133" ordre="4" r="161" source="colorific" type="frg">#a1857e</contenuImg>
            <contenuImg b="69" coul="1" g="77" ordre="3" r="86" source="colorific" type="frg">#564d45</contenuImg>
            <contenuImg b="108" coul="1" g="121" ordre="2" r="132" source="colorific" type="frg">#84796c</contenuImg>
            <contenuImg b="174" coul="1" g="173" ordre="1" r="161" source="colorific" type="frg">#a1adae</contenuImg>
            <contenuImg CS="1.0" lang="fr" source="md">vertébré aquatique</contenuImg>
            <contenuImg CS="1.0" lang="fr" source="md">animal</contenuImg>
            <contenuImg CS="1.0" lang="fr" source="md">poisson</contenuImg>
            <tech source="final">estampe/gravure</tech>
            <theme source="final">13</theme>
            <tech CS="1" source="md">estampe/gravure</tech>
            <theme CS="1" source="md">13</theme>
            <contenuImg CS="1.0" lang="en" source="md">fish</contenuImg>
            <contenuImg CS="1.0" lang="en" source="md">animal</contenuImg>
            <contenuImg CS="1.0" lang="en" source="md">aquatic vertebrate</contenuImg>
            <titraille>Poissons : peinture / Yoeequa Painter</titraille>
          </ill>
        </ills>
      </page>
      <page ordre="9">
        <blocIll ocr="1">1</blocIll>
        <ills>
          <ill couleur="coul" h="4051" n="9-1" taille="10" w="5198" x="1" y="1">
            <contenuImg b="51" coul="1" g="54" ordre="7" r="59" source="colorific" type="frg">#3b3633</contenuImg>
            <contenuImg b="163" coul="1" g="168" ordre="6" r="187" source="colorific" type="frg">#bba8a3</contenuImg>
            <contenuImg b="104" coul="1" g="125" ordre="5" r="140" source="colorific" type="frg">#8c7d68</contenuImg>
            <contenuImg b="84" coul="1" g="91" ordre="4" r="93" source="colorific" type="frg">#5d5b54</contenuImg>
            <contenuImg b="165" coul="1" g="170" ordre="3" r="169" source="colorific" type="frg">#a9aaa5</contenuImg>
            <contenuImg b="194" coul="1" g="188" ordre="2" r="170" source="colorific" type="frg">#aabcc2</contenuImg>
            <contenuImg b="176" coul="1" g="195" ordre="1" r="203" source="colorific" type="frg">#cbc3b0</contenuImg>
            <contenuImg CS="1.0" lang="fr" source="md">vertébré aquatique</contenuImg>
            <contenuImg CS="1.0" lang="fr" source="md">animal</contenuImg>
            <contenuImg CS="1.0" lang="fr" source="md">poisson</contenuImg>
            <tech source="final">estampe/gravure</tech>
            <theme source="final">13</theme>
            <tech CS="1" source="md">estampe/gravure</tech>
            <theme CS="1" source="md">13</theme>
            <contenuImg CS="1.0" lang="en" source="md">fish</contenuImg>
            <contenuImg CS="1.0" lang="en" source="md">animal</contenuImg>
            <contenuImg CS="1.0" lang="en" source="md">aquatic vertebrate</contenuImg>
            <titraille>Poissons : peinture / Yoeequa Painter</titraille>
          </ill>
        </ills>
      </page>
      <page ordre="10">
        <blocIll ocr="1">1</blocIll>
        <ills>
          <ill couleur="coul" h="4044" n="10-1" taille="10" w="5188" x="1" y="1">
            <contenuImg b="113" coul="1" g="123" ordre="6" r="141" source="colorific" type="frg">#8d7b71</contenuImg>
            <contenuImg b="173" coul="1" g="173" ordre="5" r="214" source="colorific" type="frg">#d6adad</contenuImg>
            <contenuImg b="62" coul="1" g="70" ordre="4" r="77" source="colorific" type="frg">#4d463e</contenuImg>
            <contenuImg b="105" coul="1" g="119" ordre="3" r="125" source="colorific" type="frg">#7d7769</contenuImg>
            <contenuImg b="167" coul="1" g="162" ordre="2" r="148" source="colorific" type="frg">#94a2a7</contenuImg>
            <contenuImg b="189" coul="1" g="205" ordre="1" r="212" source="colorific" type="frg">#d4cdbd</contenuImg>
            <contenuImg CS="1.0" lang="fr" source="md">vertébré aquatique</contenuImg>
            <contenuImg CS="1.0" lang="fr" source="md">animal</contenuImg>
            <contenuImg CS="1.0" lang="fr" source="md">poisson</contenuImg>
            <txt source="google">"un ex - en toe - LUN - ",</txt>
            <tech source="final">estampe/gravure</tech>
            <theme source="final">13</theme>
            <tech CS="1" source="md">estampe/gravure</tech>
            <theme CS="1" source="md">13</theme>
            <contenuImg CS="1.0" lang="en" source="md">fish</contenuImg>
            <contenuImg CS="1.0" lang="en" source="md">animal</contenuImg>
            <contenuImg CS="1.0" lang="en" source="md">aquatic vertebrate</contenuImg>
            <titraille>Poissons : peinture / Yoeequa Painter</titraille>
          </ill>
        </ills>
      </page>
      <page ordre="11">
        <blocIll ocr="1">1</blocIll>
        <ills>
          <ill couleur="coul" h="4051" n="11-1" taille="10" w="5198" x="1" y="1">
            <contenuImg b="146" coul="1" g="148" ordre="5" r="147" source="colorific" type="frg">#939492</contenuImg>
            <contenuImg b="56" coul="1" g="64" ordre="4" r="70" source="colorific" type="frg">#464038</contenuImg>
            <contenuImg b="125" coul="1" g="139" ordre="3" r="145" source="colorific" type="frg">#918b7d</contenuImg>
            <contenuImg b="174" coul="1" g="168" ordre="2" r="152" source="colorific" type="frg">#98a8ae</contenuImg>
            <contenuImg b="183" coul="1" g="200" ordre="1" r="211" source="colorific" type="frg">#d3c8b7</contenuImg>
            <contenuImg CS="1.0" lang="fr" source="md">vertébré aquatique</contenuImg>
            <contenuImg CS="1.0" lang="fr" source="md">animal</contenuImg>
            <contenuImg CS="1.0" lang="fr" source="md">poisson</contenuImg>
            <tech source="final">estampe/gravure</tech>
            <theme source="final">13</theme>
            <tech CS="1" source="md">estampe/gravure</tech>
            <theme CS="1" source="md">13</theme>
            <contenuImg CS="1.0" lang="en" source="md">fish</contenuImg>
            <contenuImg CS="1.0" lang="en" source="md">animal</contenuImg>
            <contenuImg CS="1.0" lang="en" source="md">aquatic vertebrate</contenuImg>
            <titraille>Poissons : peinture / Yoeequa Painter</titraille>
          </ill>
        </ills>
      </page>
      <page ordre="12">
        <blocIll ocr="1">1</blocIll>
        <ills>
          <ill couleur="coul" h="4044" n="12-1" taille="10" w="5143" x="1" y="1">
            <contenuImg b="79" coul="1" g="93" ordre="7" r="114" source="colorific" type="frg">#725d4f</contenuImg>
            <contenuImg b="52" coul="1" g="59" ordre="6" r="64" source="colorific" type="frg">#403b34</contenuImg>
            <contenuImg b="153" coul="1" g="160" ordre="5" r="157" source="colorific" type="frg">#9da099</contenuImg>
            <contenuImg b="79" coul="1" g="110" ordre="4" r="155" source="colorific" type="frg">#9b6e4f</contenuImg>
            <contenuImg b="84" coul="1" g="99" ordre="3" r="104" source="colorific" type="frg">#686354</contenuImg>
            <contenuImg b="175" coul="1" g="170" ordre="2" r="151" source="colorific" type="frg">#97aaaf</contenuImg>
            <contenuImg b="182" coul="1" g="199" ordre="1" r="208" source="colorific" type="frg">#d0c7b6</contenuImg>
            <contenuImg CS="1.0" lang="fr" source="md">vertébré aquatique</contenuImg>
            <contenuImg CS="1.0" lang="fr" source="md">animal</contenuImg>
            <contenuImg CS="1.0" lang="fr" source="md">poisson</contenuImg>
            <tech source="final">estampe/gravure</tech>
            <theme source="final">13</theme>
            <tech CS="1" source="md">estampe/gravure</tech>
            <theme CS="1" source="md">13</theme>
            <contenuImg CS="1.0" lang="en" source="md">fish</contenuImg>
            <contenuImg CS="1.0" lang="en" source="md">animal</contenuImg>
            <contenuImg CS="1.0" lang="en" source="md">aquatic vertebrate</contenuImg>
            <titraille>Poissons : peinture / Yoeequa Painter</titraille>
          </ill>
        </ills>
      </page>
      <page ordre="13">
        <blocIll ocr="1">1</blocIll>
        <ills>
          <ill couleur="coul" h="4051" n="13-1" taille="10" w="5129" x="1" y="1">
            <contenuImg b="61" coul="1" g="67" ordre="4" r="71" source="colorific" type="frg">#47433d</contenuImg>
            <contenuImg b="110" coul="1" g="122" ordre="3" r="130" source="colorific" type="frg">#827a6e</contenuImg>
            <contenuImg b="175" coul="1" g="168" ordre="2" r="153" source="colorific" type="frg">#99a8af</contenuImg>
            <contenuImg b="171" coul="1" g="190" ordre="1" r="200" source="colorific" type="frg">#c8beab</contenuImg>
            <contenuImg CS="1.0" lang="fr" source="md">vertébré aquatique</contenuImg>
            <contenuImg CS="1.0" lang="fr" source="md">animal</contenuImg>
            <contenuImg CS="1.0" lang="fr" source="md">poisson</contenuImg>
            <txt source="google">"the - ",</txt>
            <tech source="final">estampe/gravure</tech>
            <theme source="final">13</theme>
            <tech CS="1" source="md">estampe/gravure</tech>
            <theme CS="1" source="md">13</theme>
            <contenuImg CS="1.0" lang="en" source="md">fish</contenuImg>
            <contenuImg CS="1.0" lang="en" source="md">animal</contenuImg>
            <contenuImg CS="1.0" lang="en" source="md">aquatic vertebrate</contenuImg>
            <titraille>Poissons : peinture / Yoeequa Painter</titraille>
          </ill>
        </ills>
      </page>
      <page ordre="14">
        <blocIll ocr="1">1</blocIll>
        <ills>
          <ill couleur="coul" h="4044" n="14-1" taille="10" w="5188" x="1" y="1">
            <contenuImg b="74" coul="1" g="84" ordre="6" r="116" source="colorific" type="frg">#74544a</contenuImg>
            <contenuImg b="123" coul="1" g="139" ordre="5" r="163" source="colorific" type="frg">#a38b7b</contenuImg>
            <contenuImg b="57" coul="1" g="61" ordre="4" r="65" source="colorific" type="frg">#413d39</contenuImg>
            <contenuImg b="87" coul="1" g="96" ordre="3" r="102" source="colorific" type="frg">#666057</contenuImg>
            <contenuImg b="169" coul="1" g="168" ordre="2" r="152" source="colorific" type="frg">#98a8a9</contenuImg>
            <contenuImg b="142" coul="1" g="150" ordre="1" r="152" source="colorific" type="frg">#98968e</contenuImg>
            <contenuImg CS="1.0" lang="fr" source="md">vertébré aquatique</contenuImg>
            <contenuImg CS="1.0" lang="fr" source="md">animal</contenuImg>
            <contenuImg CS="1.0" lang="fr" source="md">poisson</contenuImg>
            <tech source="final">estampe/gravure</tech>
            <theme source="final">13</theme>
            <tech CS="1" source="md">estampe/gravure</tech>
            <theme CS="1" source="md">13</theme>
            <contenuImg CS="1.0" lang="en" source="md">fish</contenuImg>
            <contenuImg CS="1.0" lang="en" source="md">animal</contenuImg>
            <contenuImg CS="1.0" lang="en" source="md">aquatic vertebrate</contenuImg>
            <titraille>Poissons : peinture / Yoeequa Painter</titraille>
          </ill>
        </ills>
      </page>
      <page ordre="15">
        <blocIll ocr="1">1</blocIll>
        <ills>
          <ill couleur="coul" h="4051" n="15-1" taille="10" w="5162" x="1" y="1">
            <contenuImg b="56" coul="1" g="62" ordre="5" r="69" source="colorific" type="frg">#453e38</contenuImg>
            <contenuImg b="132" coul="1" g="146" ordre="4" r="162" source="colorific" type="frg">#a29284</contenuImg>
            <contenuImg b="85" coul="1" g="98" ordre="3" r="99" source="colorific" type="frg">#636255</contenuImg>
            <contenuImg b="177" coul="1" g="174" ordre="2" r="155" source="colorific" type="frg">#9baeb1</contenuImg>
            <contenuImg b="181" coul="1" g="200" ordre="1" r="207" source="colorific" type="frg">#cfc8b5</contenuImg>
            <contenuImg CS="1.0" lang="fr" source="md">vertébré aquatique</contenuImg>
            <contenuImg CS="1.0" lang="fr" source="md">animal</contenuImg>
            <contenuImg CS="1.0" lang="fr" source="md">poisson</contenuImg>
            <tech source="final">estampe/gravure</tech>
            <theme source="final">13</theme>
            <tech CS="1" source="md">estampe/gravure</tech>
            <theme CS="1" source="md">13</theme>
            <contenuImg CS="1.0" lang="en" source="md">fish</contenuImg>
            <contenuImg CS="1.0" lang="en" source="md">animal</contenuImg>
            <contenuImg CS="1.0" lang="en" source="md">aquatic vertebrate</contenuImg>
            <titraille>Poissons : peinture / Yoeequa Painter</titraille>
          </ill>
        </ills>
      </page>
      <page ordre="16">
        <blocIll ocr="1">1</blocIll>
        <ills>
          <ill couleur="coul" h="4044" n="16-1" taille="10" w="5155" x="1" y="1">
            <contenuImg b="54" coul="1" g="57" ordre="4" r="62" source="colorific" type="frg">#3e3936</contenuImg>
            <contenuImg b="87" coul="1" g="94" ordre="3" r="101" source="colorific" type="frg">#655e57</contenuImg>
            <contenuImg b="198" coul="1" g="191" ordre="2" r="174" source="colorific" type="frg">#aebfc6</contenuImg>
            <contenuImg b="135" coul="1" g="146" ordre="1" r="152" source="colorific" type="frg">#989287</contenuImg>
            <contenuImg CS="1.0" lang="fr" source="md">vertébré aquatique</contenuImg>
            <contenuImg CS="1.0" lang="fr" source="md">animal</contenuImg>
            <contenuImg CS="1.0" lang="fr" source="md">poisson</contenuImg>
            <tech source="final">estampe/gravure</tech>
            <theme source="final">13</theme>
            <tech CS="1" source="md">estampe/gravure</tech>
            <theme CS="1" source="md">13</theme>
            <contenuImg CS="1.0" lang="en" source="md">fish</contenuImg>
            <contenuImg CS="1.0" lang="en" source="md">animal</contenuImg>
            <contenuImg CS="1.0" lang="en" source="md">aquatic vertebrate</contenuImg>
            <titraille>Poissons : peinture / Yoeequa Painter</titraille>
          </ill>
        </ills>
      </page>
      <page ordre="17">
        <blocIll ocr="1">1</blocIll>
        <ills>
          <ill couleur="coul" h="4051" n="17-1" taille="10" w="5120" x="1" y="1">
            <contenuImg b="61" coul="1" g="66" ordre="4" r="71" source="colorific" type="frg">#47423d</contenuImg>
            <contenuImg b="123" coul="1" g="136" ordre="3" r="147" source="colorific" type="frg">#93887b</contenuImg>
            <contenuImg b="183" coul="1" g="178" ordre="2" r="163" source="colorific" type="frg">#a3b2b7</contenuImg>
            <contenuImg b="180" coul="1" g="198" ordre="1" r="205" source="colorific" type="frg">#cdc6b4</contenuImg>
            <contenuImg CS="1.0" lang="fr" source="md">vertébré aquatique</contenuImg>
            <contenuImg CS="1.0" lang="fr" source="md">animal</contenuImg>
            <contenuImg CS="1.0" lang="fr" source="md">poisson</contenuImg>
            <tech source="final">estampe/gravure</tech>
            <theme source="final">13</theme>
            <tech CS="1" source="md">estampe/gravure</tech>
            <theme CS="1" source="md">13</theme>
            <contenuImg CS="1.0" lang="en" source="md">fish</contenuImg>
            <contenuImg CS="1.0" lang="en" source="md">animal</contenuImg>
            <contenuImg CS="1.0" lang="en" source="md">aquatic vertebrate</contenuImg>
            <titraille>Poissons : peinture / Yoeequa Painter</titraille>
          </ill>
        </ills>
      </page>
      <page ordre="18">
        <blocIll ocr="1">1</blocIll>
        <ills>
          <ill couleur="coul" h="4044" n="18-1" taille="10" w="5119" x="1" y="1">
            <contenuImg b="59" coul="1" g="64" ordre="5" r="72" source="colorific" type="frg">#48403b</contenuImg>
            <contenuImg b="177" coul="1" g="186" ordre="4" r="213" source="colorific" type="frg">#d5bab1</contenuImg>
            <contenuImg b="92" coul="1" g="100" ordre="3" r="110" source="colorific" type="frg">#6e645c</contenuImg>
            <contenuImg b="195" coul="1" g="188" ordre="2" r="171" source="colorific" type="frg">#abbcc3</contenuImg>
            <contenuImg b="140" coul="1" g="149" ordre="1" r="153" source="colorific" type="frg">#99958c</contenuImg>
            <contenuImg CS="1.0" lang="fr" source="md">vertébré aquatique</contenuImg>
            <contenuImg CS="1.0" lang="fr" source="md">animal</contenuImg>
            <contenuImg CS="1.0" lang="fr" source="md">poisson</contenuImg>
            <tech source="final">estampe/gravure</tech>
            <theme source="final">13</theme>
            <tech CS="1" source="md">estampe/gravure</tech>
            <theme CS="1" source="md">13</theme>
            <contenuImg CS="1.0" lang="en" source="md">fish</contenuImg>
            <contenuImg CS="1.0" lang="en" source="md">animal</contenuImg>
            <contenuImg CS="1.0" lang="en" source="md">aquatic vertebrate</contenuImg>
            <titraille>Poissons : peinture / Yoeequa Painter</titraille>
          </ill>
        </ills>
      </page>
      <page ordre="19">
        <blocIll ocr="1">0</blocIll>
        <ills/>
      </page>
      <page ordre="20">
        <blocIll ocr="1">0</blocIll>
        <ills/>
      </page>
    </pages>
  </contenus>
</analyseAlto>