<analyseAlto>
  <metad>
    <type>M</type>
    <ID>btv1b2300299d</ID>
    <titre>Illustrations de Description de l_Egypte.. ., Histoire naturelle, T. I / Non identifié</titre>
    <dateEdition>1809</dateEdition>
    <lang>fre</lang>
    <source>Bibliothèque nationale de France</source>
    <nbPage>62</nbPage>
    <descr>Représentations animalières</descr>
  </metad>
  <contenus ocr="false" toc="false">
    <largeur>65</largeur>
    <hauteur>97</hauteur>
    <largeurPx>1024</largeurPx>
    <hauteurPx>1536</hauteurPx>
    <pages>
      <page ordre="1">
        <blocIll ocr="1">1</blocIll>
        <ills>
          <ill classif="CCibm" couleur="gris" edit="true" h="1536" n="1-1" taille="1" w="1024" x="1" y="1">
            <contenuImg CS="0.799" lang="fr" source="ibm">molosse (chauve-souris)</contenuImg>
            <contenuImg CS="0.618" lang="fr" source="ibm">oiseau de mer</contenuImg>
            <contenuImg CS="0.796" lang="fr" source="ibm">équipement de sauvetage</contenuImg>
            <contenuImg CS="0.799" lang="fr" source="ibm">molosse (chauves-souris)</contenuImg>
            <contenuImg CS="0.606" lang="fr" source="ibm">pétrel (oiseau)</contenuImg>
            <contenuImg CS="1.0" lang="fr" source="md">animal</contenuImg>
            <contenuImg CS="0.881" lang="fr" source="ibm">chauve-souris</contenuImg>
            <contenuImg CS="0.881" lang="fr" source="ibm">mammifère</contenuImg>
            <contenuImg CS="0.923" lang="fr" source="ibm">animal</contenuImg>
            <contenuImg CS="0.606" lang="fr" source="ibm">pétrel</contenuImg>
            <contenuImg CS="0.618" lang="fr" source="ibm">oiseau marin</contenuImg>
            <contenuImg CS="0.618" lang="fr" source="ibm">oiseau aquatique</contenuImg>
            <contenuImg CS="0.619" lang="fr" source="ibm">oiseau</contenuImg>
            <contenuImg CS="0.824" coul="1" lang="fr" source="ibm">gris</contenuImg>
            <contenuImg CS="0.691" coul="1" lang="fr" source="ibm">noir</contenuImg>
            <contenuImg CS="0.691" coul="1" lang="en" source="ibm">black color</contenuImg>
            <contenuImg CS="0.824" coul="1" lang="en" source="ibm">gray color</contenuImg>
            <contenuImg CS="0.796" lang="en" source="ibm">rescue equipment</contenuImg>
            <contenuImg CS="0.5" lang="en" source="ibm">flying fox bat</contenuImg>
            <contenuImg CS="0.619" lang="en" source="ibm">bird</contenuImg>
            <contenuImg CS="0.618" lang="en" source="ibm">aquatic bird</contenuImg>
            <contenuImg CS="0.618" lang="en" source="ibm">seabird</contenuImg>
            <contenuImg CS="0.606" lang="en" source="ibm">petrel</contenuImg>
            <contenuImg CS="0.508" lang="en" source="ibm">shearwater</contenuImg>
            <contenuImg CS="0.621" lang="en" source="ibm">fruit bat</contenuImg>
            <contenuImg CS="0.923" lang="en" source="ibm">animal</contenuImg>
            <contenuImg CS="0.881" lang="en" source="ibm">mammal</contenuImg>
            <contenuImg CS="0.881" lang="en" source="ibm">bat</contenuImg>
            <contenuImg CS="0.799" lang="en" source="ibm">free-tailed bat</contenuImg>
            <tech source="final">estampe/gravure</tech>
            <theme source="final">13</theme>
            <tech CS="1" source="md">estampe/gravure</tech>
            <theme CS="1" source="md">13</theme>
            <contenuImg CS="1.0" lang="en" source="md">animal</contenuImg>
            <leg>Mammifères pl.1 : Chauve-souris d_Egypte : 1.1 Taphien filet   2.2 : nyctère de la Thébaïde, 3.3 Vespertilion pipistrelle / Bouquet sculp., Barraband dess. Cote :15204,A</leg>
            <titraille>Illustrations de Description de l_Egypte.. ., Histoire naturelle, T. I / Non identifié</titraille>
          </ill>
        </ills>
      </page>
      <page ordre="2">
        <blocIll ocr="1">1</blocIll>
        <ills>
          <ill classif="CCibm" couleur="gris" edit="true" h="1536" n="2-1" taille="1" w="1024" x="1" y="1">
            <contenuImg CS="0.668" lang="fr" source="ibm">épergne</contenuImg>
            <contenuImg CS="0.672" lang="fr" source="ibm">molosse (chauve-souris)</contenuImg>
            <contenuImg CS="0.58" lang="fr" source="ibm">fleur de lys</contenuImg>
            <contenuImg CS="0.55" lang="fr" source="ibm">applique (éclairage)</contenuImg>
            <contenuImg CS="0.551" lang="fr" source="ibm">source de lumière</contenuImg>
            <contenuImg CS="0.5" lang="fr" source="ibm">blason</contenuImg>
            <contenuImg CS="0.5" lang="fr" source="ibm">arbre</contenuImg>
            <contenuImg CS="0.5" lang="fr" source="ibm">silhouette</contenuImg>
            <contenuImg CS="0.584" coul="1" lang="fr" source="ibm">sauge</contenuImg>
            <contenuImg CS="0.672" lang="fr" source="ibm">molosse (chauves-souris)</contenuImg>
            <contenuImg CS="1.0" lang="fr" source="md">animal</contenuImg>
            <contenuImg CS="0.689" lang="fr" source="ibm">chauve-souris</contenuImg>
            <contenuImg CS="0.689" lang="fr" source="ibm">mammifère</contenuImg>
            <contenuImg CS="0.689" lang="fr" source="ibm">animal</contenuImg>
            <contenuImg CS="0.764" coul="1" lang="fr" source="ibm">gris</contenuImg>
            <contenuImg CS="0.584" coul="1" lang="fr" source="ibm">vert sauge</contenuImg>
            <contenuImg CS="0.584" coul="1" lang="en" source="ibm">sage green color</contenuImg>
            <contenuImg CS="0.764" coul="1" lang="en" source="ibm">gray color</contenuImg>
            <contenuImg CS="0.5" lang="en" source="ibm">figure</contenuImg>
            <contenuImg CS="0.5" lang="en" source="ibm">tree</contenuImg>
            <contenuImg CS="0.5" lang="en" source="ibm">stemma</contenuImg>
            <contenuImg CS="0.551" lang="en" source="ibm">light source</contenuImg>
            <contenuImg CS="0.55" lang="en" source="ibm">sconce (lighting)</contenuImg>
            <contenuImg CS="0.58" lang="en" source="ibm">fleur-de-lis (badge)</contenuImg>
            <contenuImg CS="0.668" lang="en" source="ibm">epergne (centerpiece)</contenuImg>
            <contenuImg CS="0.689" lang="en" source="ibm">animal</contenuImg>
            <contenuImg CS="0.689" lang="en" source="ibm">mammal</contenuImg>
            <contenuImg CS="0.689" lang="en" source="ibm">bat</contenuImg>
            <contenuImg CS="0.672" lang="en" source="ibm">free-tailed bat</contenuImg>
            <tech source="final">estampe/gravure</tech>
            <theme source="final">13</theme>
            <tech CS="1" source="md">estampe/gravure</tech>
            <theme CS="1" source="md">13</theme>
            <contenuImg CS="1.0" lang="en" source="md">animal</contenuImg>
            <leg>Mammifères pl.2 : Chauve-souris d_Egypte : 1.1 Rhinolophe trident   2.2 Nictinôme d'Egypte   3.3 Vespertilion oreillard variété / 1. 2 Bouquet sculp., 3. Duhamel sculp., Huet dess. Cote :15205,A</leg>
            <titraille>Illustrations de Description de l_Egypte.. ., Histoire naturelle, T. I / Non identifié</titraille>
          </ill>
        </ills>
      </page>
      <page ordre="3">
        <blocIll ocr="1">1</blocIll>
        <ills>
          <ill classif="CCibm" couleur="gris" edit="true" h="1536" n="3-1" taille="1" w="1024" x="1" y="1">
            <contenuImg CS="0.926" lang="fr" source="ibm">molosse (chauve-souris)</contenuImg>
            <contenuImg CS="0.926" lang="fr" source="ibm">molosse (chauves-souris)</contenuImg>
            <contenuImg CS="1.0" lang="fr" source="md">animal</contenuImg>
            <contenuImg CS="0.979" lang="fr" source="ibm">chauve-souris</contenuImg>
            <contenuImg CS="0.979" lang="fr" source="ibm">mammifère</contenuImg>
            <contenuImg CS="0.979" lang="fr" source="ibm">animal</contenuImg>
            <contenuImg CS="0.896" coul="1" lang="fr" source="ibm">gris</contenuImg>
            <contenuImg CS="0.732" coul="1" lang="fr" source="ibm">noir</contenuImg>
            <contenuImg CS="0.732" coul="1" lang="en" source="ibm">black color</contenuImg>
            <contenuImg CS="0.896" coul="1" lang="en" source="ibm">gray color</contenuImg>
            <contenuImg CS="0.641" lang="en" source="ibm">fruit bat</contenuImg>
            <contenuImg CS="0.5" lang="en" source="ibm">flying fox bat</contenuImg>
            <contenuImg CS="0.527" lang="en" source="ibm">Mexican freetail bat</contenuImg>
            <contenuImg CS="0.979" lang="en" source="ibm">animal</contenuImg>
            <contenuImg CS="0.979" lang="en" source="ibm">mammal</contenuImg>
            <contenuImg CS="0.979" lang="en" source="ibm">bat</contenuImg>
            <contenuImg CS="0.926" lang="en" source="ibm">free-tailed bat</contenuImg>
            <tech source="final">estampe/gravure</tech>
            <theme source="final">13</theme>
            <tech CS="1" source="md">estampe/gravure</tech>
            <theme CS="1" source="md">13</theme>
            <contenuImg CS="1.0" lang="en" source="md">animal</contenuImg>
            <leg>Mammifères pl.3 : Chauve-souris d_Egypte : 1 Taphien perforé, 2 Roussette d'Egypte / Bouquet sculp., Barraband dess. Cote :15206,A</leg>
            <titraille>Illustrations de Description de l_Egypte.. ., Histoire naturelle, T. I / Non identifié</titraille>
          </ill>
        </ills>
      </page>
      <page ordre="4">
        <blocIll ocr="1">1</blocIll>
        <ills>
          <ill classif="CCibm" couleur="gris" edit="true" h="1024" n="4-1" taille="1" w="1536" x="1" y="1">
            <contenuImg CS="0.628" lang="fr" source="ibm">autoradiographie</contenuImg>
            <contenuImg CS="0.628" lang="fr" source="ibm">radiogramme</contenuImg>
            <contenuImg CS="0.62" lang="fr" source="ibm">lignes</contenuImg>
            <contenuImg CS="0.598" lang="fr" source="ibm">micro-organisme</contenuImg>
            <contenuImg CS="0.595" lang="fr" source="ibm">épingle</contenuImg>
            <contenuImg CS="0.593" lang="fr" source="ibm">plante</contenuImg>
            <contenuImg CS="1.0" lang="fr" source="md">animal</contenuImg>
            <contenuImg CS="0.598" lang="fr" source="ibm">microorganisme</contenuImg>
            <contenuImg CS="0.592" lang="fr" source="ibm">insecte</contenuImg>
            <contenuImg CS="0.958" coul="1" lang="fr" source="ibm">ivoire (couleur)</contenuImg>
            <contenuImg CS="0.827" coul="1" lang="fr" source="ibm">gris</contenuImg>
            <contenuImg CS="0.827" coul="1" lang="en" source="ibm">gray color</contenuImg>
            <contenuImg CS="0.958" coul="1" lang="en" source="ibm">ivory color</contenuImg>
            <contenuImg CS="0.592" lang="en" source="ibm">insect</contenuImg>
            <contenuImg CS="0.595" lang="en" source="ibm">pin</contenuImg>
            <contenuImg CS="0.598" lang="en" source="ibm">microorganism</contenuImg>
            <contenuImg CS="0.593" lang="en" source="ibm">plant</contenuImg>
            <contenuImg CS="0.62" lang="en" source="ibm">lines</contenuImg>
            <contenuImg CS="0.628" lang="en" source="ibm">radiogram</contenuImg>
            <contenuImg CS="0.628" lang="en" source="ibm">autoradiograph</contenuImg>
            <tech source="final">estampe/gravure</tech>
            <theme source="final">13</theme>
            <tech CS="1" source="md">estampe/gravure</tech>
            <theme CS="1" source="md">13</theme>
            <contenuImg CS="1.0" lang="en" source="md">animal</contenuImg>
            <leg>Mammifères pl.4 : Chauve-souris d_Egypte Ostéologie : 1. 1 Nyctère de la Thébaïde   2.2 Rhinolophe trident   3.3 Nictinôme d'Egypte   4.4 Taphien perforé   5.5 Vespertilion pipristrelle   6 Taphien filet / Bouquet sculp. , Huet dess. Cote :15207,A</leg>
            <titraille>Illustrations de Description de l_Egypte.. ., Histoire naturelle, T. I / Non identifié</titraille>
          </ill>
        </ills>
      </page>
      <page ordre="5">
        <blocIll ocr="1">1</blocIll>
        <ills>
          <ill classif="CCibm" couleur="gris" edit="true" h="1536" n="5-1" taille="1" w="1024" x="1" y="1">
            <contenuImg CS="0.955" lang="fr" source="ibm">carnivor</contenuImg>
            <contenuImg CS="0.723" lang="fr" source="ibm">raton laveur</contenuImg>
            <contenuImg CS="1.0" lang="fr" source="md">animal</contenuImg>
            <contenuImg CS="0.955" lang="fr" source="ibm">carnivore</contenuImg>
            <contenuImg CS="0.955" lang="fr" source="ibm">mammifère</contenuImg>
            <contenuImg CS="0.955" lang="fr" source="ibm">animal</contenuImg>
            <contenuImg CS="0.976" coul="1" lang="fr" source="ibm">gris</contenuImg>
            <contenuImg CS="0.976" coul="1" lang="en" source="ibm">gray color</contenuImg>
            <contenuImg CS="0.723" lang="en" source="ibm">raccoon</contenuImg>
            <contenuImg CS="0.955" lang="en" source="ibm">animal</contenuImg>
            <contenuImg CS="0.955" lang="en" source="ibm">mammal</contenuImg>
            <contenuImg CS="0.955" lang="en" source="ibm">carnivore</contenuImg>
            <contenuImg CS="0.84" lang="en" source="ibm">common raccoon</contenuImg>
            <tech source="final">estampe/gravure</tech>
            <theme source="final">13</theme>
            <tech CS="1" source="md">estampe/gravure</tech>
            <theme CS="1" source="md">13</theme>
            <contenuImg CS="1.0" lang="en" source="md">animal</contenuImg>
            <leg>Mammifères pl.5 : 1- Rat d_Alexandrie   2 - Echimis d'Egypte   3 - Herisson oreillard / Brosse sculp., Barraband dess. Cote :15208</leg>
            <titraille>Illustrations de Description de l_Egypte.. ., Histoire naturelle, T. I / Non identifié</titraille>
          </ill>
        </ills>
      </page>
      <page ordre="6">
        <blocIll ocr="1">2</blocIll>
        <ills>
          <ill classif="CCibm" couleur="gris" edit="true" h="440" n="6-1" seg="1" source="hm" taille="1" w="880" x="86" y="186">
            <contenuImg CS="0.761" lang="fr" source="ibm">marsupiaux</contenuImg>
            <contenuImg CS="0.636" lang="fr" source="ibm">rat noir</contenuImg>
            <contenuImg CS="0.524" lang="fr" source="ibm">souris grise</contenuImg>
            <contenuImg CS="1.0" lang="fr" source="md">animal</contenuImg>
            <contenuImg CS="0.758" lang="fr" source="ibm">bandicoot</contenuImg>
            <contenuImg CS="0.761" lang="fr" source="ibm">marsupial</contenuImg>
            <contenuImg CS="0.907" lang="fr" source="ibm">mammifère</contenuImg>
            <contenuImg CS="0.907" lang="fr" source="ibm">animal</contenuImg>
            <contenuImg CS="0.64" lang="fr" source="ibm">rat</contenuImg>
            <contenuImg CS="0.788" lang="fr" source="ibm">rongeur</contenuImg>
            <contenuImg CS="0.548" lang="fr" source="ibm">souris</contenuImg>
            <contenuImg CS="0.998" coul="1" lang="fr" source="ibm">gris</contenuImg>
            <contenuImg CS="0.998" coul="1" lang="en" source="ibm">gray color</contenuImg>
            <contenuImg CS="0.5" lang="en" source="ibm">pack rat</contenuImg>
            <contenuImg CS="0.548" lang="en" source="ibm">mouse</contenuImg>
            <contenuImg CS="0.524" lang="en" source="ibm">house mouse</contenuImg>
            <contenuImg CS="0.788" lang="en" source="ibm">rodent</contenuImg>
            <contenuImg CS="0.64" lang="en" source="ibm">rat</contenuImg>
            <contenuImg CS="0.636" lang="en" source="ibm">black rat</contenuImg>
            <contenuImg CS="0.907" lang="en" source="ibm">animal</contenuImg>
            <contenuImg CS="0.907" lang="en" source="ibm">mammal</contenuImg>
            <contenuImg CS="0.761" lang="en" source="ibm">pouched mammal</contenuImg>
            <contenuImg CS="0.758" lang="en" source="ibm">bandicoot</contenuImg>
            <tech source="final">estampe/gravure</tech>
            <theme source="final">13</theme>
            <tech CS="1" source="md">estampe/gravure</tech>
            <theme CS="1" source="md">13</theme>
            <contenuImg CS="1.0" lang="en" source="md">animal</contenuImg>
            <leg>Mammifères pl. 6 : 1 - Mangouste ichneumon   2 - Lièvre d_Egypte / Bouquet sculp., 2. Huet dess., 1. Maréchal pinxt. Cote :15209,A</leg>
            <titraille>Illustrations de Description de l_Egypte.. ., Histoire naturelle, T. I / Non identifié</titraille>
          </ill>
          <ill classif="CCibm" couleur="gris" edit="true" h="410" n="6-2" seg="1" source="hm" taille="1" w="930" x="16" y="769">
            <contenuImg CS="0.761" lang="fr" source="ibm">marsupiaux</contenuImg>
            <contenuImg CS="0.636" lang="fr" source="ibm">rat noir</contenuImg>
            <contenuImg CS="0.524" lang="fr" source="ibm">souris grise</contenuImg>
            <contenuImg CS="1.0" lang="fr" source="md">animal</contenuImg>
            <contenuImg CS="0.758" lang="fr" source="ibm">bandicoot</contenuImg>
            <contenuImg CS="0.761" lang="fr" source="ibm">marsupial</contenuImg>
            <contenuImg CS="0.907" lang="fr" source="ibm">mammifère</contenuImg>
            <contenuImg CS="0.907" lang="fr" source="ibm">animal</contenuImg>
            <contenuImg CS="0.64" lang="fr" source="ibm">rat</contenuImg>
            <contenuImg CS="0.788" lang="fr" source="ibm">rongeur</contenuImg>
            <contenuImg CS="0.548" lang="fr" source="ibm">souris</contenuImg>
            <contenuImg CS="0.998" coul="1" lang="fr" source="ibm">gris</contenuImg>
            <contenuImg CS="0.998" coul="1" lang="en" source="ibm">gray color</contenuImg>
            <contenuImg CS="0.5" lang="en" source="ibm">pack rat</contenuImg>
            <contenuImg CS="0.548" lang="en" source="ibm">mouse</contenuImg>
            <contenuImg CS="0.524" lang="en" source="ibm">house mouse</contenuImg>
            <contenuImg CS="0.788" lang="en" source="ibm">rodent</contenuImg>
            <contenuImg CS="0.64" lang="en" source="ibm">rat</contenuImg>
            <contenuImg CS="0.636" lang="en" source="ibm">black rat</contenuImg>
            <contenuImg CS="0.907" lang="en" source="ibm">animal</contenuImg>
            <contenuImg CS="0.907" lang="en" source="ibm">mammal</contenuImg>
            <contenuImg CS="0.761" lang="en" source="ibm">pouched mammal</contenuImg>
            <contenuImg CS="0.758" lang="en" source="ibm">bandicoot</contenuImg>
            <tech source="final">estampe/gravure</tech>
            <theme source="final">13</theme>
            <tech CS="1" source="md">estampe/gravure</tech>
            <theme CS="1" source="md">13</theme>
            <contenuImg CS="1.0" lang="en" source="md">animal</contenuImg>
            <leg>Mammifères pl. 6 : 1 - Mangouste ichneumon   2 - Lièvre d_Egypte / Bouquet sculp., 2. Huet dess., 1. Maréchal pinxt. Cote :15209,A</leg>
            <titraille>Illustrations de Description de l_Egypte.. ., Histoire naturelle, T. I / Non identifié</titraille>
          </ill>
        </ills>
      </page>
      <page ordre="7">
        <blocIll ocr="1">2</blocIll>
        <ills>
          <ill classif="CCibm" couleur="gris" edit="true" h="570" n="7-1" seg="1" source="hm" taille="1" w="930" x="46" y="101">
            <contenuImg CS="0.802" lang="fr" source="ibm">braque de Weimar (chien)</contenuImg>
            <contenuImg CS="0.802" lang="fr" source="ibm">chien de chasse</contenuImg>
            <contenuImg CS="0.554" lang="fr" source="ibm">marsupiaux</contenuImg>
            <contenuImg CS="0.506" lang="fr" source="ibm">Terrier (chien)</contenuImg>
            <contenuImg CS="0.503" lang="fr" source="ibm">cochon</contenuImg>
            <contenuImg CS="0.802" lang="fr" source="ibm">basset (chien)</contenuImg>
            <contenuImg CS="0.855" lang="fr" source="ibm">animal domestique</contenuImg>
            <contenuImg CS="0.506" lang="fr" source="ibm">terrier (chien)</contenuImg>
            <contenuImg CS="0.5" lang="fr" source="ibm">phacochère</contenuImg>
            <contenuImg CS="0.503" lang="fr" source="ibm">porc</contenuImg>
            <contenuImg CS="1.0" lang="fr" source="md">animal</contenuImg>
            <contenuImg CS="0.854" lang="fr" source="ibm">chien</contenuImg>
            <contenuImg CS="0.909" lang="fr" source="ibm">animal</contenuImg>
            <contenuImg CS="0.554" lang="fr" source="ibm">loup de Tasmanie</contenuImg>
            <contenuImg CS="0.554" lang="fr" source="ibm">marsupial</contenuImg>
            <contenuImg CS="0.644" lang="fr" source="ibm">mammifère</contenuImg>
            <contenuImg CS="0.92" coul="1" lang="fr" source="ibm">gris</contenuImg>
            <contenuImg CS="0.778" coul="1" lang="fr" source="ibm">noir charbon</contenuImg>
            <contenuImg CS="0.778" coul="1" lang="en" source="ibm">coal black color</contenuImg>
            <contenuImg CS="0.92" coul="1" lang="en" source="ibm">gray color</contenuImg>
            <contenuImg CS="0.503" lang="en" source="ibm">swine</contenuImg>
            <contenuImg CS="0.5" lang="en" source="ibm">warthog</contenuImg>
            <contenuImg CS="0.506" lang="en" source="ibm">terrier dog</contenuImg>
            <contenuImg CS="0.503" lang="en" source="ibm">toy Manchester dog</contenuImg>
            <contenuImg CS="0.644" lang="en" source="ibm">mammal</contenuImg>
            <contenuImg CS="0.554" lang="en" source="ibm">pouched mammal</contenuImg>
            <contenuImg CS="0.554" lang="en" source="ibm">Tasmanian wolf</contenuImg>
            <contenuImg CS="0.909" lang="en" source="ibm">animal</contenuImg>
            <contenuImg CS="0.855" lang="en" source="ibm">domestic animal</contenuImg>
            <contenuImg CS="0.854" lang="en" source="ibm">dog</contenuImg>
            <contenuImg CS="0.802" lang="en" source="ibm">hound dog</contenuImg>
            <contenuImg CS="0.802" lang="en" source="ibm">Weimaraner dog</contenuImg>
            <tech source="final">estampe/gravure</tech>
            <theme source="final">13</theme>
            <tech CS="1" source="md">estampe/gravure</tech>
            <theme CS="1" source="md">13</theme>
            <contenuImg CS="1.0" lang="en" source="md">animal</contenuImg>
            <leg>Mammifères pl. 7 : 1 - Bélier à large queue   2 - moufflon à manchettes / Charles sculp. , Dewailly dess. Cote :15210,A</leg>
            <titraille>Illustrations de Description de l_Egypte.. ., Histoire naturelle, T. I / Non identifié</titraille>
          </ill>
          <ill classif="CCibm" couleur="gris" edit="true" h="615" n="7-2" seg="1" source="hm" taille="1" w="925" x="26" y="769">
            <contenuImg CS="0.802" lang="fr" source="ibm">braque de Weimar (chien)</contenuImg>
            <contenuImg CS="0.802" lang="fr" source="ibm">chien de chasse</contenuImg>
            <contenuImg CS="0.554" lang="fr" source="ibm">marsupiaux</contenuImg>
            <contenuImg CS="0.506" lang="fr" source="ibm">Terrier (chien)</contenuImg>
            <contenuImg CS="0.503" lang="fr" source="ibm">cochon</contenuImg>
            <contenuImg CS="0.802" lang="fr" source="ibm">basset (chien)</contenuImg>
            <contenuImg CS="0.855" lang="fr" source="ibm">animal domestique</contenuImg>
            <contenuImg CS="0.506" lang="fr" source="ibm">terrier (chien)</contenuImg>
            <contenuImg CS="0.5" lang="fr" source="ibm">phacochère</contenuImg>
            <contenuImg CS="0.503" lang="fr" source="ibm">porc</contenuImg>
            <contenuImg CS="1.0" lang="fr" source="md">animal</contenuImg>
            <contenuImg CS="0.854" lang="fr" source="ibm">chien</contenuImg>
            <contenuImg CS="0.909" lang="fr" source="ibm">animal</contenuImg>
            <contenuImg CS="0.554" lang="fr" source="ibm">loup de Tasmanie</contenuImg>
            <contenuImg CS="0.554" lang="fr" source="ibm">marsupial</contenuImg>
            <contenuImg CS="0.644" lang="fr" source="ibm">mammifère</contenuImg>
            <contenuImg CS="0.92" coul="1" lang="fr" source="ibm">gris</contenuImg>
            <contenuImg CS="0.778" coul="1" lang="fr" source="ibm">noir charbon</contenuImg>
            <contenuImg CS="0.778" coul="1" lang="en" source="ibm">coal black color</contenuImg>
            <contenuImg CS="0.92" coul="1" lang="en" source="ibm">gray color</contenuImg>
            <contenuImg CS="0.503" lang="en" source="ibm">swine</contenuImg>
            <contenuImg CS="0.5" lang="en" source="ibm">warthog</contenuImg>
            <contenuImg CS="0.506" lang="en" source="ibm">terrier dog</contenuImg>
            <contenuImg CS="0.503" lang="en" source="ibm">toy Manchester dog</contenuImg>
            <contenuImg CS="0.644" lang="en" source="ibm">mammal</contenuImg>
            <contenuImg CS="0.554" lang="en" source="ibm">pouched mammal</contenuImg>
            <contenuImg CS="0.554" lang="en" source="ibm">Tasmanian wolf</contenuImg>
            <contenuImg CS="0.909" lang="en" source="ibm">animal</contenuImg>
            <contenuImg CS="0.855" lang="en" source="ibm">domestic animal</contenuImg>
            <contenuImg CS="0.854" lang="en" source="ibm">dog</contenuImg>
            <contenuImg CS="0.802" lang="en" source="ibm">hound dog</contenuImg>
            <contenuImg CS="0.802" lang="en" source="ibm">Weimaraner dog</contenuImg>
            <tech source="final">estampe/gravure</tech>
            <theme source="final">13</theme>
            <tech CS="1" source="md">estampe/gravure</tech>
            <theme CS="1" source="md">13</theme>
            <contenuImg CS="1.0" lang="en" source="md">animal</contenuImg>
            <leg>Mammifères pl. 7 : 1 - Bélier à large queue   2 - moufflon à manchettes / Charles sculp. , Dewailly dess. Cote :15210,A</leg>
            <titraille>Illustrations de Description de l_Egypte.. ., Histoire naturelle, T. I / Non identifié</titraille>
          </ill>
        </ills>
      </page>
      <page ordre="8">
        <blocIll ocr="1">1</blocIll>
        <ills>
          <ill classif="CCibm" couleur="gris" edit="true" h="1536" n="8-1" taille="1" w="1024" x="1" y="1">
            <contenuImg CS="0.718" lang="fr" source="ibm">autoradiographie</contenuImg>
            <contenuImg CS="0.718" lang="fr" source="ibm">radiogramme</contenuImg>
            <contenuImg CS="0.606" lang="fr" source="ibm">paramécie (organisme)</contenuImg>
            <contenuImg CS="0.615" lang="fr" source="ibm">micro-organisme</contenuImg>
            <contenuImg CS="0.5" lang="fr" source="ibm">ascospore</contenuImg>
            <contenuImg CS="0.5" lang="fr" source="ibm">plante</contenuImg>
            <contenuImg CS="1.0" lang="fr" source="md">animal</contenuImg>
            <contenuImg CS="0.606" lang="fr" source="ibm">paramécie</contenuImg>
            <contenuImg CS="0.615" lang="fr" source="ibm">microorganisme</contenuImg>
            <contenuImg CS="0.918" coul="1" lang="fr" source="ibm">gris</contenuImg>
            <contenuImg CS="0.807" coul="1" lang="fr" source="ibm">gris cendré</contenuImg>
            <contenuImg CS="0.807" coul="1" lang="en" source="ibm">ash grey color</contenuImg>
            <contenuImg CS="0.918" coul="1" lang="en" source="ibm">gray color</contenuImg>
            <contenuImg CS="0.5" lang="en" source="ibm">plant</contenuImg>
            <contenuImg CS="0.5" lang="en" source="ibm">ascospore</contenuImg>
            <contenuImg CS="0.615" lang="en" source="ibm">microorganism</contenuImg>
            <contenuImg CS="0.606" lang="en" source="ibm">paramecium (organism)</contenuImg>
            <contenuImg CS="0.718" lang="en" source="ibm">radiogram</contenuImg>
            <contenuImg CS="0.718" lang="en" source="ibm">autoradiograph</contenuImg>
            <tech source="final">estampe/gravure</tech>
            <theme source="final">13</theme>
            <tech CS="1" source="md">estampe/gravure</tech>
            <theme CS="1" source="md">13</theme>
            <contenuImg CS="1.0" lang="en" source="md">animal</contenuImg>
            <leg>Mammifères supplément pl.1 : Carnassiers (Ostéologie) / Plée père sculp., Dessiné et gravé en 1805 - 1812 par Huet et par Prêtre pinxt. Cote :15211,A</leg>
            <titraille>Illustrations de Description de l_Egypte.. ., Histoire naturelle, T. I / Non identifié</titraille>
          </ill>
        </ills>
      </page>
      <page ordre="9">
        <blocIll ocr="1">1</blocIll>
        <ills>
          <ill classif="CCibm" couleur="coul" h="1536" n="9-1" taille="1" w="1024" x="1" y="1">
            <contenuImg CS="0.742" lang="fr" source="ibm">aigle</contenuImg>
            <contenuImg CS="0.503" lang="fr" source="ibm">pygargue empereur</contenuImg>
            <contenuImg CS="0.938" lang="fr" source="ibm">faucon</contenuImg>
            <contenuImg CS="0.979" lang="fr" source="ibm">oiseau de proie</contenuImg>
            <contenuImg b="87" coul="1" g="139" ordre="9" r="152" source="colorific" type="frg">#988b57</contenuImg>
            <contenuImg b="0" coul="1" g="0" ordre="8" r="0" source="colorific" type="frg">#000000</contenuImg>
            <contenuImg b="49" coul="1" g="58" ordre="7" r="56" source="colorific" type="frg">#383a31</contenuImg>
            <contenuImg b="41" coul="1" g="42" ordre="6" r="36" source="colorific" type="frg">#242a29</contenuImg>
            <contenuImg b="34" coul="1" g="59" ordre="5" r="86" source="colorific" type="frg">#563b22</contenuImg>
            <contenuImg b="45" coul="1" g="85" ordre="4" r="125" source="colorific" type="frg">#7d552d</contenuImg>
            <contenuImg b="116" coul="1" g="133" ordre="3" r="132" source="colorific" type="frg">#848574</contenuImg>
            <contenuImg b="21" coul="1" g="30" ordre="2" r="39" source="colorific" type="frg">#271e15</contenuImg>
            <contenuImg b="193" coul="1" g="212" ordre="1" r="213" source="colorific" type="frg">#d5d4c1</contenuImg>
            <contenuImg CS="1.0" lang="fr" source="md">animal</contenuImg>
            <contenuImg CS="0.979" lang="fr" source="ibm">oiseau</contenuImg>
            <contenuImg CS="0.979" lang="fr" source="ibm">animal</contenuImg>
            <contenuImg CS="0.861" lang="fr" source="ibm">brun rougeâtre</contenuImg>
            <contenuImg CS="0.861" coul="1" lang="en" source="ibm">reddish brown color</contenuImg>
            <contenuImg CS="0.5" lang="en" source="ibm">falcon</contenuImg>
            <contenuImg CS="0.5" lang="en" source="ibm">carancha bird</contenuImg>
            <contenuImg CS="0.503" lang="en" source="ibm">ern</contenuImg>
            <contenuImg CS="0.742" lang="en" source="ibm">eagle</contenuImg>
            <contenuImg CS="0.586" lang="en" source="ibm">tawny eagle</contenuImg>
            <contenuImg CS="0.732" lang="en" source="ibm">kite</contenuImg>
            <contenuImg CS="0.979" lang="en" source="ibm">animal</contenuImg>
            <contenuImg CS="0.979" lang="en" source="ibm">bird</contenuImg>
            <contenuImg CS="0.979" lang="en" source="ibm">bird of prey</contenuImg>
            <contenuImg CS="0.938" lang="en" source="ibm">hawk</contenuImg>
            <contenuImg CS="0.762" lang="en" source="ibm">black kite</contenuImg>
            <tech source="final">estampe/gravure</tech>
            <theme source="final">13</theme>
            <tech CS="1" source="md">estampe/gravure</tech>
            <theme CS="1" source="md">13</theme>
            <contenuImg CS="1.0" lang="en" source="md">animal</contenuImg>
            <leg>Oiseaux pl. 1 : aigle criard (adulte) / Barraband dess., Bouquet sculp. Cote :15212,A</leg>
            <titraille>Illustrations de Description de l_Egypte.. ., Histoire naturelle, T. I / Non identifié</titraille>
          </ill>
        </ills>
      </page>
      <page ordre="10">
        <blocIll ocr="1">1</blocIll>
        <ills>
          <ill classif="CCibm" couleur="coul" h="1024" n="10-1" taille="1" w="1536" x="1" y="1">
            <contenuImg CS="0.6" lang="fr" source="ibm">passereaux</contenuImg>
            <contenuImg CS="0.841" lang="fr" source="ibm">faucon</contenuImg>
            <contenuImg CS="0.841" lang="fr" source="ibm">oiseau de proie</contenuImg>
            <contenuImg CS="0.6" lang="fr" source="ibm">passériforme</contenuImg>
            <contenuImg b="41" coul="1" g="53" ordre="10" r="52" source="colorific" type="frg">#343529</contenuImg>
            <contenuImg b="141" coul="1" g="166" ordre="9" r="176" source="colorific" type="frg">#b0a68d</contenuImg>
            <contenuImg b="48" coul="1" g="89" ordre="8" r="119" source="colorific" type="frg">#775930</contenuImg>
            <contenuImg b="0" coul="1" g="0" ordre="7" r="0" source="colorific" type="frg">#000000</contenuImg>
            <contenuImg b="39" coul="1" g="38" ordre="6" r="21" source="colorific" type="frg">#152627</contenuImg>
            <contenuImg b="110" coul="1" g="100" ordre="5" r="85" source="colorific" type="frg">#55646e</contenuImg>
            <contenuImg b="61" coul="1" g="80" ordre="4" r="83" source="colorific" type="frg">#53503d</contenuImg>
            <contenuImg b="29" coul="1" g="52" ordre="3" r="80" source="colorific" type="frg">#50341d</contenuImg>
            <contenuImg b="25" coul="1" g="28" ordre="2" r="32" source="colorific" type="frg">#201c19</contenuImg>
            <contenuImg b="161" coul="1" g="164" ordre="1" r="159" source="colorific" type="frg">#9fa4a1</contenuImg>
            <contenuImg CS="1.0" lang="fr" source="md">animal</contenuImg>
            <contenuImg CS="0.906" lang="fr" source="ibm">oiseau</contenuImg>
            <contenuImg CS="0.906" lang="fr" source="ibm">animal</contenuImg>
            <contenuImg CS="0.688" coul="1" lang="fr" source="ibm">albâtre</contenuImg>
            <contenuImg CS="0.515" coul="1" lang="fr" source="ibm">bleu outremer</contenuImg>
            <contenuImg CS="0.515" coul="1" lang="en" source="ibm">ultramarine color</contenuImg>
            <contenuImg CS="0.688" coul="1" lang="en" source="ibm">alabaster color</contenuImg>
            <contenuImg CS="0.5" lang="en" source="ibm">swallow-tailed kite</contenuImg>
            <contenuImg CS="0.56" lang="en" source="ibm">Montagu's harrier</contenuImg>
            <contenuImg CS="0.6" lang="en" source="ibm">passerine</contenuImg>
            <contenuImg CS="0.598" lang="en" source="ibm">wood swallow</contenuImg>
            <contenuImg CS="0.906" lang="en" source="ibm">animal</contenuImg>
            <contenuImg CS="0.906" lang="en" source="ibm">bird</contenuImg>
            <contenuImg CS="0.841" lang="en" source="ibm">bird of prey</contenuImg>
            <contenuImg CS="0.841" lang="en" source="ibm">hawk</contenuImg>
            <contenuImg CS="0.7" lang="en" source="ibm">kite</contenuImg>
            <tech source="final">estampe/gravure</tech>
            <theme source="final">13</theme>
            <tech CS="1" source="md">estampe/gravure</tech>
            <theme CS="1" source="md">13</theme>
            <contenuImg CS="1.0" lang="en" source="md">animal</contenuImg>
            <leg>Oiseaux pl. 2 : 1 - Aigle criard (jeune)   2 - Elanoide blanc / Barraband dess., Bouquet sculp. Cote :15213,A</leg>
            <titraille>Illustrations de Description de l_Egypte.. ., Histoire naturelle, T. I / Non identifié</titraille>
          </ill>
        </ills>
      </page>
      <page ordre="11">
        <blocIll ocr="1">1</blocIll>
        <ills>
          <ill classif="CCibm" couleur="coul" edit="1" h="1024" n="11-1" taille="1" w="1536" x="1" y="1">
            <contenuImg CS="0.769" coul="1" lang="fr" source="ibm">olive</contenuImg>
            <contenuImg CS="0.672" lang="fr" source="ibm">pernis (rapaces)</contenuImg>
            <contenuImg CS="0.968" lang="fr" source="ibm">faucon</contenuImg>
            <contenuImg CS="0.968" lang="fr" source="ibm">oiseau de proie</contenuImg>
            <contenuImg b="29" coul="1" g="50" ordre="6" r="68" source="colorific" type="frg">#44321d</contenuImg>
            <contenuImg b="30" coul="1" g="39" ordre="5" r="41" source="colorific" type="frg">#29271e</contenuImg>
            <contenuImg b="64" coul="1" g="81" ordre="4" r="85" source="colorific" type="frg">#555140</contenuImg>
            <contenuImg b="31" coul="1" g="78" ordre="3" r="114" source="colorific" type="frg">#724e1f</contenuImg>
            <contenuImg b="88" coul="1" g="135" ordre="2" r="165" source="colorific" type="frg">#a58758</contenuImg>
            <contenuImg b="170" coul="1" g="182" ordre="1" r="185" source="colorific" type="frg">#b9b6aa</contenuImg>
            <contenuImg CS="1" coul="1" lang="fr" source="hm" time="2019-05-01T18:55:11.222+02:00">jaune</contenuImg>
            <contenuImg CS="1.0" lang="fr" source="md">animal</contenuImg>
            <contenuImg CS="0.968" lang="fr" source="ibm">oiseau</contenuImg>
            <contenuImg CS="0.968" lang="fr" source="ibm">animal</contenuImg>
            <contenuImg CS="0.834" coul="1" lang="fr" source="ibm">marron clair</contenuImg>
            <contenuImg CS="0.769" coul="1" lang="fr" source="ibm">olive (couleur)</contenuImg>
            <contenuImg CS="0.769" coul="1" lang="en" source="ibm">olive color</contenuImg>
            <contenuImg CS="0.834" coul="1" lang="en" source="ibm">light brown color</contenuImg>
            <contenuImg CS="0.5" lang="en" source="ibm">harrier eagle</contenuImg>
            <contenuImg CS="0.553" lang="en" source="ibm">falcon</contenuImg>
            <contenuImg CS="0.553" lang="en" source="ibm">hobby</contenuImg>
            <contenuImg CS="0.604" lang="en" source="ibm">Montagu's harrier</contenuImg>
            <contenuImg CS="0.667" lang="en" source="ibm">kite</contenuImg>
            <contenuImg CS="0.968" lang="en" source="ibm">animal</contenuImg>
            <contenuImg CS="0.968" lang="en" source="ibm">bird</contenuImg>
            <contenuImg CS="0.968" lang="en" source="ibm">bird of prey</contenuImg>
            <contenuImg CS="0.968" lang="en" source="ibm">hawk</contenuImg>
            <contenuImg CS="0.672" lang="en" source="ibm">honey buzzard</contenuImg>
            <tech source="final">estampe/gravure</tech>
            <theme source="final">13</theme>
            <tech CS="1" source="md">estampe/gravure</tech>
            <theme CS="1" source="md">13</theme>
            <contenuImg CS="1.0" lang="en" source="md">animal</contenuImg>
            <leg>Oiseaux pl. 3 : 1 - Le Milan noir ou parasite   2 - Le hibou ascalaphe ou d_Egypte / Barraband dess., Bouquet sculp. Cote :15214,A</leg>
            <titraille>Illustrations de Description de l_Egypte.. ., Histoire naturelle, T. I / Non identifié</titraille>
            <contenuImg CS="1" coul="1" lang="en" source="hm" time="2019-05-01T18:55:11.222+02:00">yellow color</contenuImg>
          </ill>
        </ills>
      </page>
      <page ordre="12">
        <blocIll ocr="1">1</blocIll>
        <ills>
          <ill classif="CCibm" couleur="coul" h="1536" n="12-1" taille="1" w="1024" x="1" y="1">
            <contenuImg CS="0.85" lang="fr" source="ibm">passereaux</contenuImg>
            <contenuImg CS="0.503" lang="fr" source="ibm">oiseau de mer</contenuImg>
            <contenuImg CS="1" coul="1" lang="fr" source="ibm">olive</contenuImg>
            <contenuImg CS="0.85" lang="fr" source="ibm">passériforme</contenuImg>
            <contenuImg b="42" coul="1" g="43" ordre="6" r="18" source="colorific" type="frg">#122b2a</contenuImg>
            <contenuImg b="33" coul="1" g="52" ordre="5" r="94" source="colorific" type="frg">#5e3421</contenuImg>
            <contenuImg b="141" coul="1" g="166" ordre="4" r="181" source="colorific" type="frg">#b5a68d</contenuImg>
            <contenuImg b="78" coul="1" g="95" ordre="3" r="102" source="colorific" type="frg">#665f4e</contenuImg>
            <contenuImg b="48" coul="1" g="57" ordre="2" r="53" source="colorific" type="frg">#353930</contenuImg>
            <contenuImg b="178" coul="1" g="185" ordre="1" r="189" source="colorific" type="frg">#bdb9b2</contenuImg>
            <contenuImg CS="1.0" lang="fr" source="md">animal</contenuImg>
            <contenuImg CS="0.895" lang="fr" source="ibm">oiseau</contenuImg>
            <contenuImg CS="0.895" lang="fr" source="ibm">animal</contenuImg>
            <contenuImg CS="0.503" lang="fr" source="ibm">oiseau marin</contenuImg>
            <contenuImg CS="0.519" lang="fr" source="ibm">oiseau aquatique</contenuImg>
            <contenuImg CS="1" coul="1" lang="fr" source="ibm">olive (couleur)</contenuImg>
            <contenuImg CS="1" coul="1" lang="en" source="ibm">olive color</contenuImg>
            <contenuImg CS="0.519" lang="en" source="ibm">aquatic bird</contenuImg>
            <contenuImg CS="0.503" lang="en" source="ibm">seabird</contenuImg>
            <contenuImg CS="0.5" lang="en" source="ibm">solan goose</contenuImg>
            <contenuImg CS="0.516" lang="en" source="ibm">lark</contenuImg>
            <contenuImg CS="0.524" lang="en" source="ibm">tyrannid</contenuImg>
            <contenuImg CS="0.524" lang="en" source="ibm">scissortail</contenuImg>
            <contenuImg CS="0.613" lang="en" source="ibm">shrike</contenuImg>
            <contenuImg CS="0.612" lang="en" source="ibm">bush shrike</contenuImg>
            <contenuImg CS="0.895" lang="en" source="ibm">animal</contenuImg>
            <contenuImg CS="0.895" lang="en" source="ibm">bird</contenuImg>
            <contenuImg CS="0.85" lang="en" source="ibm">passerine</contenuImg>
            <contenuImg CS="0.612" lang="en" source="ibm">orchard oriole</contenuImg>
            <tech source="final">estampe/gravure</tech>
            <theme source="final">13</theme>
            <tech CS="1" source="md">estampe/gravure</tech>
            <theme CS="1" source="md">13</theme>
            <contenuImg CS="1.0" lang="en" source="md">animal</contenuImg>
            <leg>Oiseaux pl. 4 : 1 - Le Coucalhouhou   2- le Coua noir et blanc   3 - le Guêpier de Savigny   4 - Hirondelle de Riocour / 2. H. J Redouté dess., 1.3.4 Barraband dess, Bouquet sculp. Cote :15215,A</leg>
            <titraille>Illustrations de Description de l_Egypte.. ., Histoire naturelle, T. I / Non identifié</titraille>
          </ill>
        </ills>
      </page>
      <page ordre="13">
        <blocIll ocr="1">1</blocIll>
        <ills>
          <ill classif="CCibm" couleur="coul" h="1536" n="13-1" taille="1" w="1024" x="1" y="1">
            <contenuImg CS="0.659" lang="fr" source="ibm">passereaux</contenuImg>
            <contenuImg CS="0.521" lang="fr" source="ibm">oiseau de rivage</contenuImg>
            <contenuImg CS="0.506" lang="fr" source="ibm">passereau</contenuImg>
            <contenuImg CS="0.5" lang="fr" source="ibm">colibri</contenuImg>
            <contenuImg CS="0.703" coul="1" lang="fr" source="ibm">olive</contenuImg>
            <contenuImg CS="0.659" lang="fr" source="ibm">passériforme</contenuImg>
            <contenuImg CS="0.509" lang="fr" source="ibm">scolopacidés (oiseau)</contenuImg>
            <contenuImg CS="0.506" lang="fr" source="ibm">hirondelle</contenuImg>
            <contenuImg CS="0.5" lang="fr" source="ibm">colibris</contenuImg>
            <contenuImg b="122" coul="1" g="135" ordre="8" r="117" source="colorific" type="frg">#75877a</contenuImg>
            <contenuImg b="42" coul="1" g="74" ordre="7" r="127" source="colorific" type="frg">#7f4a2a</contenuImg>
            <contenuImg b="40" coul="1" g="35" ordre="6" r="13" source="colorific" type="frg">#0d2328</contenuImg>
            <contenuImg b="127" coul="1" g="143" ordre="5" r="164" source="colorific" type="frg">#a48f7f</contenuImg>
            <contenuImg b="45" coul="1" g="50" ordre="4" r="45" source="colorific" type="frg">#2d322d</contenuImg>
            <contenuImg b="35" coul="1" g="53" ordre="3" r="67" source="colorific" type="frg">#433523</contenuImg>
            <contenuImg b="66" coul="1" g="77" ordre="2" r="73" source="colorific" type="frg">#494d42</contenuImg>
            <contenuImg b="149" coul="1" g="167" ordre="1" r="173" source="colorific" type="frg">#ada795</contenuImg>
            <contenuImg CS="1.0" lang="fr" source="md">animal</contenuImg>
            <contenuImg CS="0.758" lang="fr" source="ibm">oiseau</contenuImg>
            <contenuImg CS="0.811" lang="fr" source="ibm">animal</contenuImg>
            <contenuImg CS="0.521" lang="fr" source="ibm">limicole</contenuImg>
            <contenuImg CS="0.529" lang="fr" source="ibm">oiseau aquatique</contenuImg>
            <contenuImg CS="0.729" lang="fr" source="ibm">bleu</contenuImg>
            <contenuImg CS="0.703" coul="1" lang="fr" source="ibm">olive (couleur)</contenuImg>
            <contenuImg CS="0.703" coul="1" lang="en" source="ibm">olive color</contenuImg>
            <contenuImg CS="0.729" coul="1" lang="en" source="ibm">blue color</contenuImg>
            <contenuImg CS="0.5" lang="en" source="ibm">hummingbird</contenuImg>
            <contenuImg CS="0.506" lang="en" source="ibm">swallow</contenuImg>
            <contenuImg CS="0.502" lang="en" source="ibm">cliff swallow</contenuImg>
            <contenuImg CS="0.529" lang="en" source="ibm">aquatic bird</contenuImg>
            <contenuImg CS="0.521" lang="en" source="ibm">shorebird</contenuImg>
            <contenuImg CS="0.509" lang="en" source="ibm">sandpiper  (wading bird)</contenuImg>
            <contenuImg CS="0.506" lang="en" source="ibm">knot (shorebird)</contenuImg>
            <contenuImg CS="0.569" lang="en" source="ibm">migrator (bird or fish)</contenuImg>
            <contenuImg CS="0.811" lang="en" source="ibm">animal</contenuImg>
            <contenuImg CS="0.758" lang="en" source="ibm">bird</contenuImg>
            <contenuImg CS="0.659" lang="en" source="ibm">passerine</contenuImg>
            <contenuImg CS="0.604" lang="en" source="ibm">wood swallow</contenuImg>
            <tech source="final">estampe/gravure</tech>
            <theme source="final">13</theme>
            <tech CS="1" source="md">estampe/gravure</tech>
            <theme CS="1" source="md">13</theme>
            <contenuImg CS="1.0" lang="en" source="md">animal</contenuImg>
            <leg>Oiseaux pl. 5 : 1 - Le Traquet coureur   2 - la fauvette grisette   3 - la Fauvette babillarde   4 - la Fauvette pinc pinc   5 - le Pipi de Coutelle   6 - le Pipi de Cécile   7 - le Moineau cisalpin   8 - le Bouvreuil de Payraudeau   9 - Colombe maillée / Barraband dess., Bouquet sculp. Cote :15216,A</leg>
            <titraille>Illustrations de Description de l_Egypte.. ., Histoire naturelle, T. I / Non identifié</titraille>
          </ill>
        </ills>
      </page>
      <page ordre="14">
        <blocIll ocr="1">1</blocIll>
        <ills>
          <ill classif="CCibm" couleur="coul" h="1536" n="14-1" taille="1" w="1024" x="1" y="1">
            <contenuImg CS="0.925" lang="fr" source="ibm">oiseau de rivage</contenuImg>
            <contenuImg CS="0.977" coul="1" lang="fr" source="ibm">vert olive</contenuImg>
            <contenuImg CS="0.801" lang="fr" source="ibm">scolopacidés (oiseau)</contenuImg>
            <contenuImg b="77" coul="1" g="105" ordre="9" r="139" source="colorific" type="frg">#8b694d</contenuImg>
            <contenuImg b="73" coul="1" g="73" ordre="8" r="61" source="colorific" type="frg">#3d4949</contenuImg>
            <contenuImg b="132" coul="1" g="117" ordre="7" r="95" source="colorific" type="frg">#5f7584</contenuImg>
            <contenuImg b="41" coul="1" g="48" ordre="6" r="54" source="colorific" type="frg">#363029</contenuImg>
            <contenuImg b="123" coul="1" g="130" ordre="5" r="116" source="colorific" type="frg">#74827b</contenuImg>
            <contenuImg b="45" coul="1" g="41" ordre="4" r="20" source="colorific" type="frg">#14292d</contenuImg>
            <contenuImg b="68" coul="1" g="76" ordre="3" r="81" source="colorific" type="frg">#514c44</contenuImg>
            <contenuImg b="103" coul="1" g="120" ordre="2" r="125" source="colorific" type="frg">#7d7867</contenuImg>
            <contenuImg b="179" coul="1" g="181" ordre="1" r="178" source="colorific" type="frg">#b2b5b3</contenuImg>
            <contenuImg CS="1.0" lang="fr" source="md">animal</contenuImg>
            <contenuImg CS="0.925" lang="fr" source="ibm">limicole</contenuImg>
            <contenuImg CS="0.928" lang="fr" source="ibm">oiseau aquatique</contenuImg>
            <contenuImg CS="0.931" lang="fr" source="ibm">oiseau</contenuImg>
            <contenuImg CS="0.931" lang="fr" source="ibm">animal</contenuImg>
            <contenuImg CS="0.977" coul="1" lang="fr" source="ibm">couleur vert olive</contenuImg>
            <contenuImg CS="0.977" coul="1" lang="en" source="ibm">olive green color</contenuImg>
            <contenuImg CS="0.5" lang="en" source="ibm">curlew sandpiper (shorebird)</contenuImg>
            <contenuImg CS="0.502" lang="en" source="ibm">Hudsonian godwit (wading bird)</contenuImg>
            <contenuImg CS="0.524" lang="en" source="ibm">greenshank  (wading bird)</contenuImg>
            <contenuImg CS="0.534" lang="en" source="ibm">Wilson's phalarope (shorebird)</contenuImg>
            <contenuImg CS="0.616" lang="en" source="ibm">pratincole (shorebird)</contenuImg>
            <contenuImg CS="0.931" lang="en" source="ibm">animal</contenuImg>
            <contenuImg CS="0.931" lang="en" source="ibm">bird</contenuImg>
            <contenuImg CS="0.928" lang="en" source="ibm">aquatic bird</contenuImg>
            <contenuImg CS="0.925" lang="en" source="ibm">shorebird</contenuImg>
            <contenuImg CS="0.801" lang="en" source="ibm">sandpiper  (wading bird)</contenuImg>
            <contenuImg CS="0.662" lang="en" source="ibm">European sandpiper  (wading bird)</contenuImg>
            <tech source="final">estampe/gravure</tech>
            <theme source="final">13</theme>
            <tech CS="1" source="md">estampe/gravure</tech>
            <theme CS="1" source="md">13</theme>
            <contenuImg CS="1.0" lang="en" source="md">animal</contenuImg>
            <leg>Oiseaux pl. 6 : 1 - le chevalier gambette   2 - le vanneau de Villoteau : 3 - le pluvier à aigrette   4 - le pluvian / Barraband dess., Bouquet sculp. Cote :15217,A</leg>
            <titraille>Illustrations de Description de l_Egypte.. ., Histoire naturelle, T. I / Non identifié</titraille>
          </ill>
        </ills>
      </page>
      <page ordre="15">
        <blocIll ocr="1">1</blocIll>
        <ills>
          <ill classif="CCibm" couleur="coul" h="1024" n="15-1" taille="1" w="1536" x="1" y="1">
            <contenuImg CS="0.772" lang="fr" source="ibm">cigogne</contenuImg>
            <contenuImg b="51" coul="1" g="65" ordre="6" r="82" source="colorific" type="frg">#524133</contenuImg>
            <contenuImg b="64" coul="1" g="82" ordre="5" r="77" source="colorific" type="frg">#4d5240</contenuImg>
            <contenuImg b="59" coul="1" g="93" ordre="4" r="105" source="colorific" type="frg">#695d3b</contenuImg>
            <contenuImg b="110" coul="1" g="123" ordre="3" r="128" source="colorific" type="frg">#807b6e</contenuImg>
            <contenuImg b="36" coul="1" g="41" ordre="2" r="41" source="colorific" type="frg">#292924</contenuImg>
            <contenuImg b="178" coul="1" g="182" ordre="1" r="184" source="colorific" type="frg">#b8b6b2</contenuImg>
            <contenuImg CS="1.0" lang="fr" source="md">animal</contenuImg>
            <contenuImg CS="0.947" lang="fr" source="ibm">oiseau aquatique</contenuImg>
            <contenuImg CS="0.949" lang="fr" source="ibm">oiseau</contenuImg>
            <contenuImg CS="0.949" lang="fr" source="ibm">animal</contenuImg>
            <contenuImg CS="0.846" lang="fr" source="ibm">héron</contenuImg>
            <contenuImg CS="0.6" coul="1" lang="fr" source="ibm">ivoire (couleur)</contenuImg>
            <contenuImg CS="0.6" coul="1" lang="en" source="ibm">ivory color</contenuImg>
            <contenuImg CS="0.5" lang="en" source="ibm">great white heron</contenuImg>
            <contenuImg CS="0.545" lang="en" source="ibm">egret</contenuImg>
            <contenuImg CS="0.533" lang="en" source="ibm">American egret</contenuImg>
            <contenuImg CS="0.846" lang="en" source="ibm">heron</contenuImg>
            <contenuImg CS="0.635" lang="en" source="ibm">heronry</contenuImg>
            <contenuImg CS="0.949" lang="en" source="ibm">animal</contenuImg>
            <contenuImg CS="0.949" lang="en" source="ibm">bird</contenuImg>
            <contenuImg CS="0.947" lang="en" source="ibm">aquatic bird</contenuImg>
            <contenuImg CS="0.772" lang="en" source="ibm">stork</contenuImg>
            <contenuImg CS="0.77" lang="en" source="ibm">openbill</contenuImg>
            <tech source="final">estampe/gravure</tech>
            <theme source="final">13</theme>
            <tech CS="1" source="md">estampe/gravure</tech>
            <theme CS="1" source="md">13</theme>
            <contenuImg CS="1.0" lang="en" source="md">animal</contenuImg>
            <leg>Oiseaux pl. 7 : 1 - L_Ibis blanc ou sacré   2 - l'Ibis noir / 1. H. J. Redouté dess., 2. Barraband dess., Bouquet sculp. Cote :15218,A</leg>
            <titraille>Illustrations de Description de l_Egypte.. ., Histoire naturelle, T. I / Non identifié</titraille>
          </ill>
        </ills>
      </page>
      <page ordre="16">
        <blocIll ocr="1">1</blocIll>
        <ills>
          <ill classif="CCibm" couleur="coul" h="1024" n="16-1" taille="1" w="1536" x="1" y="1">
            <contenuImg CS="0.877" lang="fr" source="ibm">oiseau de mer</contenuImg>
            <contenuImg CS="0.913" coul="1" lang="fr" source="ibm">vert olive</contenuImg>
            <contenuImg CS="0.725" coul="1" lang="fr" source="ibm">olive</contenuImg>
            <contenuImg b="39" coul="1" g="53" ordre="5" r="64" source="colorific" type="frg">#403527</contenuImg>
            <contenuImg b="63" coul="1" g="83" ordre="4" r="88" source="colorific" type="frg">#58533f</contenuImg>
            <contenuImg b="81" coul="1" g="118" ordre="3" r="115" source="colorific" type="frg">#737651</contenuImg>
            <contenuImg b="36" coul="1" g="42" ordre="2" r="36" source="colorific" type="frg">#242a24</contenuImg>
            <contenuImg b="132" coul="1" g="144" ordre="1" r="147" source="colorific" type="frg">#939084</contenuImg>
            <contenuImg CS="1.0" lang="fr" source="md">animal</contenuImg>
            <contenuImg CS="0.82" lang="fr" source="ibm">cormoran</contenuImg>
            <contenuImg CS="0.877" lang="fr" source="ibm">oiseau marin</contenuImg>
            <contenuImg CS="0.904" lang="fr" source="ibm">oiseau aquatique</contenuImg>
            <contenuImg CS="0.913" lang="fr" source="ibm">oiseau</contenuImg>
            <contenuImg CS="0.913" lang="fr" source="ibm">animal</contenuImg>
            <contenuImg CS="0.913" coul="1" lang="fr" source="ibm">couleur vert olive</contenuImg>
            <contenuImg CS="0.725" coul="1" lang="fr" source="ibm">olive (couleur)</contenuImg>
            <contenuImg CS="0.725" coul="1" lang="en" source="ibm">olive color</contenuImg>
            <contenuImg CS="0.913" coul="1" lang="en" source="ibm">olive green color</contenuImg>
            <contenuImg CS="0.5" lang="en" source="ibm">snakebird</contenuImg>
            <contenuImg CS="0.913" lang="en" source="ibm">animal</contenuImg>
            <contenuImg CS="0.913" lang="en" source="ibm">bird</contenuImg>
            <contenuImg CS="0.904" lang="en" source="ibm">aquatic bird</contenuImg>
            <contenuImg CS="0.877" lang="en" source="ibm">seabird</contenuImg>
            <contenuImg CS="0.82" lang="en" source="ibm">cormorant</contenuImg>
            <tech source="final">estampe/gravure</tech>
            <theme source="final">13</theme>
            <tech CS="1" source="md">estampe/gravure</tech>
            <theme CS="1" source="md">13</theme>
            <contenuImg CS="1.0" lang="en" source="md">animal</contenuImg>
            <leg>Oiseaux pl. 8 : 1 - Le Héron garde-boeuf   2 - Le Cormoran d_Afrique / Barraband dess., Bouquet sculp. Cote :15219,A</leg>
            <titraille>Illustrations de Description de l_Egypte.. ., Histoire naturelle, T. I / Non identifié</titraille>
          </ill>
        </ills>
      </page>
      <page ordre="17">
        <blocIll ocr="1">1</blocIll>
        <ills>
          <ill classif="CCibm" couleur="coul" edit="1" h="1024" n="17-1" taille="1" w="1536" x="1" y="1">
            <contenuImg CS="0.942" lang="fr" source="ibm">oiseau de mer</contenuImg>
            <contenuImg b="50" coul="1" g="55" ordre="9" r="116" source="colorific" type="frg">#743732</contenuImg>
            <contenuImg b="62" coul="1" g="55" ordre="8" r="50" source="colorific" type="frg">#32373e</contenuImg>
            <contenuImg b="0" coul="1" g="0" ordre="7" r="0" source="colorific" type="frg">#000000</contenuImg>
            <contenuImg b="35" coul="1" g="38" ordre="6" r="46" source="colorific" type="frg">#2e2623</contenuImg>
            <contenuImg b="72" coul="1" g="81" ordre="5" r="95" source="colorific" type="frg">#5f5148</contenuImg>
            <contenuImg b="95" coul="1" g="98" ordre="4" r="97" source="colorific" type="frg">#61625f</contenuImg>
            <contenuImg b="129" coul="1" g="141" ordre="3" r="145" source="colorific" type="frg">#918d81</contenuImg>
            <contenuImg b="114" coul="1" g="98" ordre="2" r="86" source="colorific" type="frg">#566272</contenuImg>
            <contenuImg b="188" coul="1" g="182" ordre="1" r="174" source="colorific" type="frg">#aeb6bc</contenuImg>
            <contenuImg CS="1" coul="1" lang="fr" source="hm" time="2019-05-01T18:55:16.194+02:00">bleu</contenuImg>
            <contenuImg CS="1.0" lang="fr" source="md">animal</contenuImg>
            <contenuImg CS="0.942" lang="fr" source="ibm">oiseau marin</contenuImg>
            <contenuImg CS="0.943" lang="fr" source="ibm">oiseau aquatique</contenuImg>
            <contenuImg CS="0.948" lang="fr" source="ibm">oiseau</contenuImg>
            <contenuImg CS="0.948" lang="fr" source="ibm">animal</contenuImg>
            <contenuImg CS="0.901" coul="1" lang="fr" source="ibm">albâtre</contenuImg>
            <contenuImg CS="0.583" coul="1" lang="fr" source="ibm">ivoire (couleur)</contenuImg>
            <contenuImg CS="0.583" coul="1" lang="en" source="ibm">ivory color</contenuImg>
            <contenuImg CS="0.901" coul="1" lang="en" source="ibm">alabaster color</contenuImg>
            <contenuImg CS="0.5" lang="en" source="ibm">sea swallow</contenuImg>
            <contenuImg CS="0.65" lang="en" source="ibm">seagull</contenuImg>
            <contenuImg CS="0.638" lang="en" source="ibm">mew gull</contenuImg>
            <contenuImg CS="0.948" lang="en" source="ibm">animal</contenuImg>
            <contenuImg CS="0.948" lang="en" source="ibm">bird</contenuImg>
            <contenuImg CS="0.943" lang="en" source="ibm">aquatic bird</contenuImg>
            <contenuImg CS="0.942" lang="en" source="ibm">seabird</contenuImg>
            <contenuImg CS="0.94" lang="en" source="ibm">coastal diving bird</contenuImg>
            <contenuImg CS="0.774" lang="en" source="ibm">larid (gull like bird)</contenuImg>
            <tech source="final">estampe/gravure</tech>
            <theme source="final">13</theme>
            <tech CS="1" source="md">estampe/gravure</tech>
            <theme CS="1" source="md">13</theme>
            <contenuImg CS="1.0" lang="en" source="md">animal</contenuImg>
            <leg>Oiseaux pl. 9 : 1 - L_ Hirondelle de mer Tschégrava   2 - L'Hirondelle de mer Hansel   3 - La Mouette de Dorbigny / Barraband dess., Bouquet sculp. Cote :15220,A</leg>
            <titraille>Illustrations de Description de l_Egypte.. ., Histoire naturelle, T. I / Non identifié</titraille>
            <contenuImg CS="1" coul="1" lang="en" source="hm" time="2019-05-01T18:55:16.194+02:00">blue color</contenuImg>
          </ill>
        </ills>
      </page>
      <page ordre="18">
        <blocIll ocr="1">1</blocIll>
        <ills>
          <ill classif="CCibm" couleur="coul" edit="1" h="1024" n="18-1" taille="1" w="1536" x="1" y="1">
            <contenuImg CS="0.9" lang="fr" source="ibm">sauvagine (oiseau aquatique)</contenuImg>
            <contenuImg b="0" coul="1" g="0" ordre="10" r="0" source="colorific" type="frg">#000000</contenuImg>
            <contenuImg b="70" coul="1" g="87" ordre="9" r="139" source="colorific" type="frg">#8b5746</contenuImg>
            <contenuImg b="54" coul="1" g="57" ordre="8" r="87" source="colorific" type="frg">#573936</contenuImg>
            <contenuImg b="59" coul="1" g="56" ordre="7" r="62" source="colorific" type="frg">#3e383b</contenuImg>
            <contenuImg b="45" coul="1" g="31" ordre="6" r="28" source="colorific" type="frg">#1c1f2d</contenuImg>
            <contenuImg b="51" coul="1" g="86" ordre="5" r="184" source="colorific" type="frg">#b85633</contenuImg>
            <contenuImg b="30" coul="1" g="42" ordre="4" r="132" source="colorific" type="frg">#842a1e</contenuImg>
            <contenuImg b="110" coul="1" g="118" ordre="3" r="116" source="colorific" type="frg">#74766e</contenuImg>
            <contenuImg b="29" coul="1" g="33" ordre="2" r="86" source="colorific" type="frg">#56211d</contenuImg>
            <contenuImg b="107" coul="1" g="124" ordre="1" r="153" source="colorific" type="frg">#997c6b</contenuImg>
            <contenuImg CS="1" coul="1" lang="fr" source="hm" time="2019-05-01T18:55:43.263+02:00">orange</contenuImg>
            <contenuImg CS="1.0" lang="fr" source="md">animal</contenuImg>
            <contenuImg CS="0.752" lang="fr" source="ibm">tadorne</contenuImg>
            <contenuImg CS="0.899" lang="fr" source="ibm">canard</contenuImg>
            <contenuImg CS="0.93" lang="fr" source="ibm">oiseau aquatique</contenuImg>
            <contenuImg CS="0.933" lang="fr" source="ibm">oiseau</contenuImg>
            <contenuImg CS="0.933" lang="fr" source="ibm">animal</contenuImg>
            <contenuImg CS="0.969" lang="fr" source="ibm">brun rougeâtre</contenuImg>
            <contenuImg CS="0.71" lang="fr" source="ibm">orange rougeâtre</contenuImg>
            <contenuImg CS="0.71" coul="1" lang="en" source="ibm">reddish orange color</contenuImg>
            <contenuImg CS="0.969" coul="1" lang="en" source="ibm">reddish brown color</contenuImg>
            <contenuImg CS="0.5" lang="en" source="ibm">shelduck</contenuImg>
            <contenuImg CS="0.933" lang="en" source="ibm">animal</contenuImg>
            <contenuImg CS="0.933" lang="en" source="ibm">bird</contenuImg>
            <contenuImg CS="0.93" lang="en" source="ibm">aquatic bird</contenuImg>
            <contenuImg CS="0.9" lang="en" source="ibm">waterfowl</contenuImg>
            <contenuImg CS="0.899" lang="en" source="ibm">duck</contenuImg>
            <contenuImg CS="0.752" lang="en" source="ibm">sheldrake</contenuImg>
            <tech source="final">estampe/gravure</tech>
            <theme source="final">13</theme>
            <tech CS="1" source="md">estampe/gravure</tech>
            <theme CS="1" source="md">13</theme>
            <contenuImg CS="1.0" lang="en" source="md">animal</contenuImg>
            <leg>Oiseaux pl. 10 : 1 - Le Canard Casarca   2 - Le Canard à tête blanche / Barraband dess., Bouquet sculp. Cote :15221,A</leg>
            <titraille>Illustrations de Description de l_Egypte.. ., Histoire naturelle, T. I / Non identifié</titraille>
            <contenuImg CS="1" coul="1" lang="en" source="hm" time="2019-05-01T18:55:43.263+02:00">orange color</contenuImg>
          </ill>
        </ills>
      </page>
      <page ordre="19">
        <blocIll ocr="1">1</blocIll>
        <ills>
          <ill classif="CCibm" couleur="coul" h="1536" n="19-1" taille="1" w="1024" x="1" y="1">
            <contenuImg CS="0.551" lang="fr" source="ibm">vautour du Nouveau Monde</contenuImg>
            <contenuImg CS="0.959" lang="fr" source="ibm">oiseau de proie</contenuImg>
            <contenuImg b="201" coul="1" g="190" ordre="7" r="192" source="colorific" type="frg">#c0bec9</contenuImg>
            <contenuImg b="59" coul="1" g="66" ordre="6" r="70" source="colorific" type="frg">#46423b</contenuImg>
            <contenuImg b="86" coul="1" g="102" ordre="5" r="115" source="colorific" type="frg">#736656</contenuImg>
            <contenuImg b="49" coul="1" g="57" ordre="4" r="78" source="colorific" type="frg">#4e3931</contenuImg>
            <contenuImg b="40" coul="1" g="34" ordre="3" r="14" source="colorific" type="frg">#0e2228</contenuImg>
            <contenuImg b="32" coul="1" g="32" ordre="2" r="41" source="colorific" type="frg">#292020</contenuImg>
            <contenuImg b="154" coul="1" g="160" ordre="1" r="164" source="colorific" type="frg">#a4a09a</contenuImg>
            <contenuImg CS="1.0" lang="fr" source="md">animal</contenuImg>
            <contenuImg CS="0.959" lang="fr" source="ibm">vautour</contenuImg>
            <contenuImg CS="0.959" lang="fr" source="ibm">oiseau</contenuImg>
            <contenuImg CS="0.959" lang="fr" source="ibm">animal</contenuImg>
            <contenuImg CS="0.955" lang="fr" source="ibm">brun rougeâtre</contenuImg>
            <contenuImg CS="0.955" coul="1" lang="en" source="ibm">reddish brown color</contenuImg>
            <contenuImg CS="0.551" lang="en" source="ibm">New World vulture</contenuImg>
            <contenuImg CS="0.959" lang="en" source="ibm">animal</contenuImg>
            <contenuImg CS="0.959" lang="en" source="ibm">bird</contenuImg>
            <contenuImg CS="0.959" lang="en" source="ibm">bird of prey</contenuImg>
            <contenuImg CS="0.959" lang="en" source="ibm">vulture</contenuImg>
            <contenuImg CS="0.88" lang="en" source="ibm">Old World vulture</contenuImg>
            <tech source="final">estampe/gravure</tech>
            <theme source="final">13</theme>
            <tech CS="1" source="md">estampe/gravure</tech>
            <theme CS="1" source="md">13</theme>
            <contenuImg CS="1.0" lang="en" source="md">animal</contenuImg>
            <leg>Oiseaux pl. 11 : 1 - Le Vautour brun / Bouquet sculp., Barraband dess. Cote :15222,A</leg>
            <titraille>Illustrations de Description de l_Egypte.. ., Histoire naturelle, T. I / Non identifié</titraille>
          </ill>
        </ills>
      </page>
      <page ordre="20">
        <blocIll ocr="1">1</blocIll>
        <ills>
          <ill classif="CCibm" couleur="coul" h="1536" n="20-1" taille="1" w="1024" x="1" y="1">
            <contenuImg CS="0.794" lang="fr" source="ibm">aigle</contenuImg>
            <contenuImg CS="0.917" lang="fr" source="ibm">pernis (rapaces)</contenuImg>
            <contenuImg CS="0.917" lang="fr" source="ibm">faucon</contenuImg>
            <contenuImg CS="0.975" lang="fr" source="ibm">oiseau de proie</contenuImg>
            <contenuImg b="0" coul="1" g="0" ordre="6" r="0" source="colorific" type="frg">#000000</contenuImg>
            <contenuImg b="108" coul="1" g="138" ordre="5" r="172" source="colorific" type="frg">#ac8a6c</contenuImg>
            <contenuImg b="67" coul="1" g="80" ordre="4" r="103" source="colorific" type="frg">#675043</contenuImg>
            <contenuImg b="34" coul="1" g="31" ordre="3" r="37" source="colorific" type="frg">#251f22</contenuImg>
            <contenuImg b="43" coul="1" g="54" ordre="2" r="92" source="colorific" type="frg">#5c362b</contenuImg>
            <contenuImg b="29" coul="1" g="27" ordre="1" r="50" source="colorific" type="frg">#321b1d</contenuImg>
            <contenuImg CS="1.0" lang="fr" source="md">animal</contenuImg>
            <contenuImg CS="0.975" lang="fr" source="ibm">oiseau</contenuImg>
            <contenuImg CS="0.975" lang="fr" source="ibm">animal</contenuImg>
            <contenuImg CS="0.5" lang="en" source="ibm">golden eagle</contenuImg>
            <contenuImg CS="0.794" lang="en" source="ibm">eagle</contenuImg>
            <contenuImg CS="0.697" lang="en" source="ibm">tawny eagle</contenuImg>
            <contenuImg CS="0.975" lang="en" source="ibm">animal</contenuImg>
            <contenuImg CS="0.975" lang="en" source="ibm">bird</contenuImg>
            <contenuImg CS="0.975" lang="en" source="ibm">bird of prey</contenuImg>
            <contenuImg CS="0.917" lang="en" source="ibm">hawk</contenuImg>
            <contenuImg CS="0.917" lang="en" source="ibm">honey buzzard</contenuImg>
            <tech source="final">estampe/gravure</tech>
            <theme source="final">13</theme>
            <tech CS="1" source="md">estampe/gravure</tech>
            <theme CS="1" source="md">13</theme>
            <contenuImg CS="1.0" lang="en" source="md">animal</contenuImg>
            <leg>Oiseaux pl. 12 : 1 - L_Aigle de Thèbes / Bouquet sculp., Barraband dess. Cote :15223,A</leg>
            <titraille>Illustrations de Description de l_Egypte.. ., Histoire naturelle, T. I / Non identifié</titraille>
          </ill>
        </ills>
      </page>
      <page ordre="21">
        <blocIll ocr="1">1</blocIll>
        <ills>
          <ill classif="CCibm" couleur="coul" h="1536" n="21-1" taille="1" w="1024" x="1" y="1">
            <contenuImg CS="0.699" lang="fr" source="ibm">passereaux</contenuImg>
            <contenuImg CS="0.505" lang="fr" source="ibm">passereau</contenuImg>
            <contenuImg CS="0.986" coul="1" lang="fr" source="ibm">olive</contenuImg>
            <contenuImg CS="0.699" lang="fr" source="ibm">passériforme</contenuImg>
            <contenuImg CS="0.505" lang="fr" source="ibm">hirondelle</contenuImg>
            <contenuImg b="24" coul="1" g="40" ordre="7" r="58" source="colorific" type="frg">#3a2818</contenuImg>
            <contenuImg b="128" coul="1" g="123" ordre="6" r="113" source="colorific" type="frg">#717b80</contenuImg>
            <contenuImg b="33" coul="1" g="39" ordre="5" r="24" source="colorific" type="frg">#182721</contenuImg>
            <contenuImg b="86" coul="1" g="94" ordre="4" r="89" source="colorific" type="frg">#595e56</contenuImg>
            <contenuImg b="35" coul="1" g="68" ordre="3" r="87" source="colorific" type="frg">#574423</contenuImg>
            <contenuImg b="29" coul="1" g="43" ordre="2" r="45" source="colorific" type="frg">#2d2b1d</contenuImg>
            <contenuImg b="85" coul="1" g="109" ordre="1" r="121" source="colorific" type="frg">#796d55</contenuImg>
            <contenuImg CS="1.0" lang="fr" source="md">animal</contenuImg>
            <contenuImg CS="0.828" lang="fr" source="ibm">animal</contenuImg>
            <contenuImg CS="0.712" lang="fr" source="ibm">oiseau</contenuImg>
            <contenuImg CS="0.5" lang="fr" source="ibm">hirondelle de rivage</contenuImg>
            <contenuImg CS="0.986" coul="1" lang="fr" source="ibm">olive (couleur)</contenuImg>
            <contenuImg CS="0.986" coul="1" lang="en" source="ibm">olive color</contenuImg>
            <contenuImg CS="0.505" lang="en" source="ibm">swallow</contenuImg>
            <contenuImg CS="0.5" lang="en" source="ibm">bank martin</contenuImg>
            <contenuImg CS="0.505" lang="en" source="ibm">wood swallow</contenuImg>
            <contenuImg CS="0.712" lang="en" source="ibm">bird</contenuImg>
            <contenuImg CS="0.699" lang="en" source="ibm">passerine</contenuImg>
            <contenuImg CS="0.516" lang="en" source="ibm">tyrannid</contenuImg>
            <contenuImg CS="0.516" lang="en" source="ibm">grey kingbird</contenuImg>
            <contenuImg CS="0.828" lang="en" source="ibm">animal</contenuImg>
            <contenuImg CS="0.647" lang="en" source="ibm">migrator (bird or fish)</contenuImg>
            <tech source="final">estampe/gravure</tech>
            <theme source="final">13</theme>
            <tech CS="1" source="md">estampe/gravure</tech>
            <theme CS="1" source="md">13</theme>
            <contenuImg CS="1.0" lang="en" source="md">animal</contenuImg>
            <leg>Oiseaux pl. 13 : 1 - Le Merle de roche   2 - Le Pouillot à ventre jaune   3 - La fauvette locustelle   4 - La Fauvette des joncs   5 - Le Pipi des arbres   6 - L_Alouette cochevis   7 - Le Pigeon colombien ou de roche / Bouquet sculp., Barraband dess. Cote :15224,A</leg>
            <titraille>Illustrations de Description de l_Egypte.. ., Histoire naturelle, T. I / Non identifié</titraille>
          </ill>
        </ills>
      </page>
      <page ordre="22">
        <blocIll ocr="1">1</blocIll>
        <ills>
          <ill classif="CCibm" couleur="coul" h="1536" n="22-1" taille="1" w="1024" x="1" y="1">
            <contenuImg CS="0.941" lang="fr" source="ibm">oiseau de rivage</contenuImg>
            <contenuImg CS="0.839" coul="1" lang="fr" source="ibm">olive</contenuImg>
            <contenuImg CS="0.837" coul="1" lang="fr" source="ibm">vert olive</contenuImg>
            <contenuImg b="83" coul="1" g="103" ordre="3" r="118" source="colorific" type="frg">#766753</contenuImg>
            <contenuImg b="38" coul="1" g="50" ordre="2" r="54" source="colorific" type="frg">#363226</contenuImg>
            <contenuImg b="143" coul="1" g="160" ordre="1" r="162" source="colorific" type="frg">#a2a08f</contenuImg>
            <contenuImg CS="1.0" lang="fr" source="md">animal</contenuImg>
            <contenuImg CS="0.941" lang="fr" source="ibm">limicole</contenuImg>
            <contenuImg CS="0.941" lang="fr" source="ibm">oiseau aquatique</contenuImg>
            <contenuImg CS="0.942" lang="fr" source="ibm">oiseau</contenuImg>
            <contenuImg CS="0.942" lang="fr" source="ibm">animal</contenuImg>
            <contenuImg CS="0.839" coul="1" lang="fr" source="ibm">olive (couleur)</contenuImg>
            <contenuImg CS="0.837" coul="1" lang="fr" source="ibm">couleur vert olive</contenuImg>
            <contenuImg CS="0.837" coul="1" lang="en" source="ibm">olive green color</contenuImg>
            <contenuImg CS="0.839" coul="1" lang="en" source="ibm">olive color</contenuImg>
            <contenuImg CS="0.5" lang="en" source="ibm">greyback (shorebird)</contenuImg>
            <contenuImg CS="0.703" lang="en" source="ibm">snipe (shorebird)</contenuImg>
            <contenuImg CS="0.595" lang="en" source="ibm">dowitcher (shorebird)</contenuImg>
            <contenuImg CS="0.618" lang="en" source="ibm">European curlew (shorebird)</contenuImg>
            <contenuImg CS="0.942" lang="en" source="ibm">animal</contenuImg>
            <contenuImg CS="0.942" lang="en" source="ibm">bird</contenuImg>
            <contenuImg CS="0.941" lang="en" source="ibm">aquatic bird</contenuImg>
            <contenuImg CS="0.941" lang="en" source="ibm">shorebird</contenuImg>
            <contenuImg CS="0.808" lang="en" source="ibm">Hudsonian godwit (wading bird)</contenuImg>
            <tech source="final">estampe/gravure</tech>
            <theme source="final">13</theme>
            <tech CS="1" source="md">estampe/gravure</tech>
            <theme CS="1" source="md">13</theme>
            <contenuImg CS="1.0" lang="en" source="md">animal</contenuImg>
            <leg>Oiseaux pl. 14 : 1 - Le Grand Pluvier à collier   2 - Le Chevalier Sylvain   3 - Le Chevalier aux pieds verts   4 - Le Rhynchée du cap de Bonne Espérance / Bouquet sculp., Prêtre pinxt. Cote :15225,A</leg>
            <titraille>Illustrations de Description de l_Egypte.. ., Histoire naturelle, T. I / Non identifié</titraille>
          </ill>
        </ills>
      </page>
      <page ordre="23">
        <blocIll ocr="1">1</blocIll>
        <ills>
          <ill classif="CCibm" couleur="gris" edit="true" h="1536" n="23-1" taille="1" w="1024" x="1" y="1">
            <contenuImg CS="0.5" lang="fr" source="ibm">argenterie</contenuImg>
            <contenuImg CS="0.61" lang="fr" source="ibm">écu (héraldique)</contenuImg>
            <contenuImg CS="0.613" lang="fr" source="ibm">bouclier</contenuImg>
            <contenuImg CS="0.613" lang="fr" source="ibm">armure</contenuImg>
            <contenuImg CS="0.613" lang="fr" source="ibm">revêtement de protection</contenuImg>
            <contenuImg CS="0.585" lang="fr" source="ibm">écuelle (bol)</contenuImg>
            <contenuImg CS="0.587" lang="fr" source="ibm">bol</contenuImg>
            <contenuImg CS="0.646" lang="fr" source="ibm">vaisselle</contenuImg>
            <contenuImg CS="0.703" lang="fr" source="ibm">ustensile</contenuImg>
            <contenuImg CS="0.515" lang="fr" source="ibm">faïence</contenuImg>
            <contenuImg CS="0.508" lang="fr" source="ibm">pointe d'argent</contenuImg>
            <contenuImg CS="1.0" lang="fr" source="md">animal</contenuImg>
            <contenuImg CS="0.918" coul="1" lang="fr" source="ibm">gris</contenuImg>
            <contenuImg CS="0.776" coul="1" lang="fr" source="ibm">gris cendré</contenuImg>
            <contenuImg CS="0.776" coul="1" lang="en" source="ibm">ash grey color</contenuImg>
            <contenuImg CS="0.918" coul="1" lang="en" source="ibm">gray color</contenuImg>
            <contenuImg CS="0.5" lang="en" source="ibm">hollowware (silverware)</contenuImg>
            <contenuImg CS="0.501" lang="en" source="ibm">bone-ash cup</contenuImg>
            <contenuImg CS="0.508" lang="en" source="ibm">silverpoint</contenuImg>
            <contenuImg CS="0.515" lang="en" source="ibm">earthenware</contenuImg>
            <contenuImg CS="0.703" lang="en" source="ibm">utensil</contenuImg>
            <contenuImg CS="0.646" lang="en" source="ibm">tableware</contenuImg>
            <contenuImg CS="0.587" lang="en" source="ibm">bowl</contenuImg>
            <contenuImg CS="0.585" lang="en" source="ibm">porringer bowl</contenuImg>
            <contenuImg CS="0.613" lang="en" source="ibm">protective covering</contenuImg>
            <contenuImg CS="0.613" lang="en" source="ibm">armor</contenuImg>
            <contenuImg CS="0.613" lang="en" source="ibm">shield</contenuImg>
            <contenuImg CS="0.61" lang="en" source="ibm">escutcheon shield</contenuImg>
            <tech source="final">estampe/gravure</tech>
            <theme source="final">13</theme>
            <tech CS="1" source="md">estampe/gravure</tech>
            <theme CS="1" source="md">13</theme>
            <contenuImg CS="1.0" lang="en" source="md">animal</contenuImg>
            <leg>Reptiles par Etienne Geoffroy Saint Hilaire. Reptiles Pl. 1 : Trionyx d _Egypte. 1 - vu de côté. 1' - vu en dessous / Bonvalet sculp. Cote :15226,A</leg>
            <titraille>Illustrations de Description de l_Egypte.. ., Histoire naturelle, T. I / Non identifié</titraille>
          </ill>
        </ills>
      </page>
      <page ordre="24">
        <blocIll ocr="1">1</blocIll>
        <ills>
          <ill classif="CCibm" couleur="gris" edit="true" h="1024" n="24-1" taille="1" w="1536" x="1" y="1">
            <contenuImg CS="0.695" lang="fr" source="ibm">canoë en écorce de bouleau</contenuImg>
            <contenuImg CS="0.696" lang="fr" source="ibm">petit bateau</contenuImg>
            <contenuImg CS="0.696" lang="fr" source="ibm">bateau</contenuImg>
            <contenuImg CS="0.696" lang="fr" source="ibm">embarcation</contenuImg>
            <contenuImg CS="0.708" lang="fr" source="ibm">artisanat</contenuImg>
            <contenuImg CS="0.708" lang="fr" source="ibm">véhicule</contenuImg>
            <contenuImg CS="0.595" lang="fr" source="ibm">rétroviseur</contenuImg>
            <contenuImg CS="0.595" lang="fr" source="ibm">miroir</contenuImg>
            <contenuImg CS="0.595" lang="fr" source="ibm">réflecteur</contenuImg>
            <contenuImg CS="0.531" lang="fr" source="ibm">taquet</contenuImg>
            <contenuImg CS="0.531" lang="fr" source="ibm">attache</contenuImg>
            <contenuImg CS="0.531" lang="fr" source="ibm">dispositif de contrainte (chaînes)</contenuImg>
            <contenuImg CS="0.5" lang="fr" source="ibm">rétracteur (instrument chirurgical)</contenuImg>
            <contenuImg CS="0.517" lang="fr" source="ibm">instrument chirurgical</contenuImg>
            <contenuImg CS="0.518" lang="fr" source="ibm">instrument médical</contenuImg>
            <contenuImg CS="0.599" lang="fr" source="ibm">avion</contenuImg>
            <contenuImg CS="0.599" lang="fr" source="ibm">outil</contenuImg>
            <contenuImg CS="1.0" lang="fr" source="md">animal</contenuImg>
            <contenuImg CS="1" coul="1" lang="fr" source="ibm">gris</contenuImg>
            <contenuImg CS="1" coul="1" lang="en" source="ibm">gray color</contenuImg>
            <contenuImg CS="0.599" lang="en" source="ibm">tool</contenuImg>
            <contenuImg CS="0.599" lang="en" source="ibm">aircraft</contenuImg>
            <contenuImg CS="0.518" lang="en" source="ibm">medical instrument</contenuImg>
            <contenuImg CS="0.517" lang="en" source="ibm">surgical instrument</contenuImg>
            <contenuImg CS="0.5" lang="en" source="ibm">retractor (surgical instrument)</contenuImg>
            <contenuImg CS="0.531" lang="en" source="ibm">restraint (chains)</contenuImg>
            <contenuImg CS="0.531" lang="en" source="ibm">fastener</contenuImg>
            <contenuImg CS="0.531" lang="en" source="ibm">cleat</contenuImg>
            <contenuImg CS="0.595" lang="en" source="ibm">reflector</contenuImg>
            <contenuImg CS="0.595" lang="en" source="ibm">mirror</contenuImg>
            <contenuImg CS="0.595" lang="en" source="ibm">rearview mirror</contenuImg>
            <contenuImg CS="0.708" lang="en" source="ibm">vehicle</contenuImg>
            <contenuImg CS="0.708" lang="en" source="ibm">craft</contenuImg>
            <contenuImg CS="0.696" lang="en" source="ibm">watercraft</contenuImg>
            <contenuImg CS="0.696" lang="en" source="ibm">boat</contenuImg>
            <contenuImg CS="0.696" lang="en" source="ibm">small boat</contenuImg>
            <contenuImg CS="0.695" lang="en" source="ibm">birchbark canoe</contenuImg>
            <tech source="final">estampe/gravure</tech>
            <theme source="final">13</theme>
            <tech CS="1" source="md">estampe/gravure</tech>
            <theme CS="1" source="md">13</theme>
            <contenuImg CS="1.0" lang="en" source="md">animal</contenuImg>
            <leg>Reptiles Pl. 2 : 1 - Crocodile vulgaire. 1_ - Crocodile vulgaire (jeune)   2 - Stellion spinipède   3 - Stellion des anciens / Iresca sculp. Cote :15227,A</leg>
            <titraille>Illustrations de Description de l_Egypte.. ., Histoire naturelle, T. I / Non identifié</titraille>
          </ill>
        </ills>
      </page>
      <page ordre="25">
        <blocIll ocr="1">1</blocIll>
        <ills>
          <ill classif="CCibm" couleur="gris" edit="true" h="1536" n="25-1" taille="1" w="1024" x="1" y="1">
            <contenuImg CS="0.616" lang="fr" source="ibm">laryngoscope (instrument médical)</contenuImg>
            <contenuImg CS="0.804" lang="fr" source="ibm">instrument médical</contenuImg>
            <contenuImg CS="0.549" lang="fr" source="ibm">rétracteur (instrument chirurgical)</contenuImg>
            <contenuImg CS="0.61" lang="fr" source="ibm">instrument chirurgical</contenuImg>
            <contenuImg CS="0.5" lang="fr" source="ibm">gigue</contenuImg>
            <contenuImg CS="0.56" lang="fr" source="ibm">appât de pêche</contenuImg>
            <contenuImg CS="0.797" lang="fr" source="ibm">ver</contenuImg>
            <contenuImg CS="0.794" lang="fr" source="ibm">outil</contenuImg>
            <contenuImg CS="0.56" lang="fr" source="ibm">mouche (pêche)</contenuImg>
            <contenuImg CS="0.796" lang="fr" source="ibm">arme</contenuImg>
            <contenuImg CS="1.0" lang="fr" source="md">animal</contenuImg>
            <contenuImg CS="0.797" lang="fr" source="ibm">vers</contenuImg>
            <contenuImg CS="0.868" coul="1" lang="fr" source="ibm">gris</contenuImg>
            <contenuImg CS="0.868" coul="1" lang="en" source="ibm">gray color</contenuImg>
            <contenuImg CS="0.794" lang="en" source="ibm">tool</contenuImg>
            <contenuImg CS="0.797" lang="en" source="ibm">worm</contenuImg>
            <contenuImg CS="0.796" lang="en" source="ibm">weapon</contenuImg>
            <contenuImg CS="0.56" lang="en" source="ibm">fisherman's lure</contenuImg>
            <contenuImg CS="0.5" lang="en" source="ibm">jig</contenuImg>
            <contenuImg CS="0.61" lang="en" source="ibm">surgical instrument</contenuImg>
            <contenuImg CS="0.549" lang="en" source="ibm">retractor (surgical instrument)</contenuImg>
            <contenuImg CS="0.804" lang="en" source="ibm">medical instrument</contenuImg>
            <contenuImg CS="0.616" lang="en" source="ibm">laryngoscope (medical instrument)</contenuImg>
            <tech source="final">estampe/gravure</tech>
            <theme source="final">13</theme>
            <tech CS="1" source="md">estampe/gravure</tech>
            <theme CS="1" source="md">13</theme>
            <contenuImg CS="1.0" lang="en" source="md">animal</contenuImg>
            <leg>Histoire naturelle vol. 1 Zoologie. Reptiles pl. 3 : Tupinambis du Nil   2 - Ouaran de Forskal   3 - Anolis gigantesque / Bouquet sculp., Huet dess. Cote :15228</leg>
            <titraille>Illustrations de Description de l_Egypte.. ., Histoire naturelle, T. I / Non identifié</titraille>
          </ill>
        </ills>
      </page>
      <page ordre="26">
        <blocIll ocr="1">1</blocIll>
        <ills>
          <ill classif="CCibm" couleur="gris" edit="true" h="1536" n="26-1" taille="1" w="1024" x="1" y="1">
            <contenuImg CS="0.55" lang="fr" source="ibm">empreinte</contenuImg>
            <contenuImg CS="0.608" lang="fr" source="ibm">appât de pêche</contenuImg>
            <contenuImg CS="0.534" lang="fr" source="ibm">appât</contenuImg>
            <contenuImg CS="0.514" lang="fr" source="ibm">foret hélicoïdal</contenuImg>
            <contenuImg CS="0.516" lang="fr" source="ibm">outil</contenuImg>
            <contenuImg CS="0.507" lang="fr" source="ibm">gigue</contenuImg>
            <contenuImg CS="0.5" lang="fr" source="ibm">trace</contenuImg>
            <contenuImg CS="0.597" lang="fr" source="ibm">micro-organisme</contenuImg>
            <contenuImg CS="0.608" lang="fr" source="ibm">mouche (pêche)</contenuImg>
            <contenuImg CS="0.5" lang="fr" source="ibm">nature</contenuImg>
            <contenuImg CS="1.0" lang="fr" source="md">animal</contenuImg>
            <contenuImg CS="0.597" lang="fr" source="ibm">microorganisme</contenuImg>
            <contenuImg CS="0.599" lang="fr" source="ibm">insecte</contenuImg>
            <contenuImg CS="0.599" lang="fr" source="ibm">oiseau</contenuImg>
            <contenuImg CS="0.988" coul="1" lang="fr" source="ibm">gris</contenuImg>
            <contenuImg CS="0.988" coul="1" lang="en" source="ibm">gray color</contenuImg>
            <contenuImg CS="0.599" lang="en" source="ibm">bird</contenuImg>
            <contenuImg CS="0.599" lang="en" source="ibm">insect</contenuImg>
            <contenuImg CS="0.597" lang="en" source="ibm">microorganism</contenuImg>
            <contenuImg CS="0.5" lang="en" source="ibm">nature</contenuImg>
            <contenuImg CS="0.5" lang="en" source="ibm">spoor</contenuImg>
            <contenuImg CS="0.507" lang="en" source="ibm">jig</contenuImg>
            <contenuImg CS="0.516" lang="en" source="ibm">tool</contenuImg>
            <contenuImg CS="0.514" lang="en" source="ibm">twist drill</contenuImg>
            <contenuImg CS="0.534" lang="en" source="ibm">bait</contenuImg>
            <contenuImg CS="0.608" lang="en" source="ibm">fisherman's lure</contenuImg>
            <contenuImg CS="0.55" lang="en" source="ibm">imprint</contenuImg>
            <tech source="final">estampe/gravure</tech>
            <theme source="final">13</theme>
            <tech CS="1" source="md">estampe/gravure</tech>
            <theme CS="1" source="md">13</theme>
            <contenuImg CS="1.0" lang="en" source="md">animal</contenuImg>
            <leg>Reptiles pl. 4 : 1.2 - Grenouille ponctuée   3 - Caméléon trapu   4.4_ - Anolis pavé , 5 à 13 - Parties anatomiques des Tupinambis du Nil. 14.15 - Crâne de l'Ouragan de Forskal / Duhamel sculp., 1.2, 4 à 15 : Huet dess. Cote :15229,A</leg>
            <titraille>Illustrations de Description de l_Egypte.. ., Histoire naturelle, T. I / Non identifié</titraille>
          </ill>
        </ills>
      </page>
      <page ordre="27">
        <blocIll ocr="1">1</blocIll>
        <ills>
          <ill classif="CCibm" couleur="gris" edit="true" h="1536" n="27-1" taille="1" w="1024" x="1" y="1">
            <contenuImg CS="0.766" lang="fr" source="ibm">Belostomatidae (insecte aquatique)</contenuImg>
            <contenuImg CS="0.594" lang="fr" source="ibm">salle d'étude</contenuImg>
            <contenuImg CS="0.545" lang="fr" source="ibm">pétrel-tempête</contenuImg>
            <contenuImg CS="0.602" lang="fr" source="ibm">oiseau de mer</contenuImg>
            <contenuImg CS="0.714" lang="fr" source="ibm">araignée d'eau</contenuImg>
            <contenuImg CS="0.545" lang="fr" source="ibm">pétrel tempête (oiseau)</contenuImg>
            <contenuImg CS="0.583" lang="fr" source="ibm">pétrel (oiseau)</contenuImg>
            <contenuImg CS="1.0" lang="fr" source="md">animal</contenuImg>
            <contenuImg CS="0.766" lang="fr" source="ibm">punaise aquatique</contenuImg>
            <contenuImg CS="0.766" lang="fr" source="ibm">insecte</contenuImg>
            <contenuImg CS="0.766" lang="fr" source="ibm">invertébré</contenuImg>
            <contenuImg CS="0.843" lang="fr" source="ibm">animal</contenuImg>
            <contenuImg CS="0.583" lang="fr" source="ibm">pétrel</contenuImg>
            <contenuImg CS="0.602" lang="fr" source="ibm">oiseau marin</contenuImg>
            <contenuImg CS="0.603" lang="fr" source="ibm">oiseau aquatique</contenuImg>
            <contenuImg CS="0.608" lang="fr" source="ibm">oiseau</contenuImg>
            <contenuImg CS="0.931" coul="1" lang="fr" source="ibm">gris</contenuImg>
            <contenuImg CS="0.575" coul="1" lang="fr" source="ibm">bleu outremer</contenuImg>
            <contenuImg CS="0.575" coul="1" lang="en" source="ibm">ultramarine color</contenuImg>
            <contenuImg CS="0.931" coul="1" lang="en" source="ibm">gray color</contenuImg>
            <contenuImg CS="0.5" lang="en" source="ibm">common pond-skater bug</contenuImg>
            <contenuImg CS="0.608" lang="en" source="ibm">bird</contenuImg>
            <contenuImg CS="0.603" lang="en" source="ibm">aquatic bird</contenuImg>
            <contenuImg CS="0.602" lang="en" source="ibm">seabird</contenuImg>
            <contenuImg CS="0.583" lang="en" source="ibm">petrel</contenuImg>
            <contenuImg CS="0.545" lang="en" source="ibm">storm petrel</contenuImg>
            <contenuImg CS="0.594" lang="en" source="ibm">study</contenuImg>
            <contenuImg CS="0.843" lang="en" source="ibm">animal</contenuImg>
            <contenuImg CS="0.766" lang="en" source="ibm">invertebrate</contenuImg>
            <contenuImg CS="0.766" lang="en" source="ibm">insect</contenuImg>
            <contenuImg CS="0.766" lang="en" source="ibm">water bug</contenuImg>
            <contenuImg CS="0.714" lang="en" source="ibm">water strider bug</contenuImg>
            <tech source="final">estampe/gravure</tech>
            <theme source="final">13</theme>
            <tech CS="1" source="md">estampe/gravure</tech>
            <theme CS="1" source="md">13</theme>
            <contenuImg CS="1.0" lang="en" source="md">animal</contenuImg>
            <leg>Reptiles pl. 5 : 1 - Anolis marbré   2 - Agame marbré   3.4 - Agame variable   5 - Gecko lobé   6 - Gecko annulaire   7 - Variété du Gecko annulaire / Bouquet sculp. Cote :15230,A</leg>
            <titraille>Illustrations de Description de l_Egypte.. ., Histoire naturelle, T. I / Non identifié</titraille>
          </ill>
        </ills>
      </page>
    </pages>
  </contenus>
</analyseAlto>