<analyseAlto>
  <metad>
    <type>I</type>
    <ID>btv1b10548845z</ID>
    <titre>Coquilles : peinture / Yoeequa Painter</titre>
    <dateEdition>1830-1840</dateEdition>
    <auteur>Yoeequa (18..?-18..). Peintre Lagrené, Marie-Melchior-Joseph-Théodore de (1800-1862). Collecteur</auteur>
    <lang>0</lang>
    <source>Bibliothèque nationale de France, département Estampes et photographie, RESERVE PET FOL-OE-164 (E)</source>
    <nbPage>20</nbPage>
    <descr>Coquillages -- Chine</descr>
  </metad>
  <contenus ocr="false" toc="false">
    <largeur>230</largeur>
    <hauteur>171</hauteur>
    <largeurPx>5452</largeurPx>
    <hauteurPx>4053</hauteurPx>
    <pages>
      <page ordre="3">
        <blocIll ocr="1">0</blocIll>
        <ills/>
      </page>
      <page ordre="4">
        <blocIll ocr="1">0</blocIll>
        <ills/>
      </page>
      <page ordre="5">
        <blocIll ocr="1">1</blocIll>
        <ills>
          <ill classif="CCibm" couleur="coul" edit="true" h="4032" n="5-1" taille="10" w="5218" x="1" y="1">
            <contenuImg CS="0.668" lang="fr" source="ibm">appât</contenuImg>
            <contenuImg CS="0.507" lang="fr" source="ibm">fruits de mer</contenuImg>
            <contenuImg CS="0.597" lang="fr" source="ibm">silhouette</contenuImg>
            <contenuImg b="57" coul="1" g="64" ordre="8" r="93" source="colorific" type="frg">#5d4039</contenuImg>
            <contenuImg b="60" coul="1" g="59" ordre="7" r="124" source="colorific" type="frg">#7c3b3c</contenuImg>
            <contenuImg b="132" coul="1" g="159" ordre="6" r="203" source="colorific" type="frg">#cb9f84</contenuImg>
            <contenuImg b="104" coul="1" g="106" ordre="5" r="182" source="colorific" type="frg">#b66a68</contenuImg>
            <contenuImg b="160" coul="1" g="166" ordre="4" r="220" source="colorific" type="frg">#dca6a0</contenuImg>
            <contenuImg b="101" coul="1" g="113" ordre="3" r="132" source="colorific" type="frg">#847165</contenuImg>
            <contenuImg b="156" coul="1" g="149" ordre="2" r="133" source="colorific" type="frg">#85959c</contenuImg>
            <contenuImg b="153" coul="1" g="165" ordre="1" r="170" source="colorific" type="frg">#aaa599</contenuImg>
            <contenuImg CS="1" coul="1" lang="fr" source="hm" time="2019-03-14T08:12:01.893+01:00">rose</contenuImg>
            <contenuImg CS="0.507" lang="fr" source="ibm">coquillage,crustacé</contenuImg>
            <contenuImg CS="1.0" lang="fr" source="md">invertébré</contenuImg>
            <contenuImg CS="1.0" lang="fr" source="md">animal</contenuImg>
            <contenuImg CS="1.0" lang="fr" source="md">coquillage,crustacé</contenuImg>
            <contenuImg CS="0.506" lang="fr" source="ibm">bivalve</contenuImg>
            <contenuImg CS="0.507" lang="fr" source="ibm">coquillage</contenuImg>
            <contenuImg CS="0.507" lang="fr" source="ibm">invertébré</contenuImg>
            <contenuImg CS="0.507" lang="fr" source="ibm">animal</contenuImg>
            <contenuImg CS="0.997" coul="1" lang="fr" source="ibm">rose (couleur)</contenuImg>
            <contenuImg CS="0.997" coul="1" lang="en" source="ibm">pink color</contenuImg>
            <contenuImg CS="0.597" lang="en" source="ibm">figure</contenuImg>
            <contenuImg CS="0.507" lang="en" source="ibm">animal</contenuImg>
            <contenuImg CS="0.507" lang="en" source="ibm">invertebrate</contenuImg>
            <contenuImg CS="0.507" lang="en" source="ibm">shellfish</contenuImg>
            <contenuImg CS="0.506" lang="en" source="ibm">bivalve (animal with shell)</contenuImg>
            <contenuImg CS="0.5" lang="en" source="ibm">ark shell</contenuImg>
            <contenuImg CS="0.556" lang="en" source="ibm">shell</contenuImg>
            <contenuImg CS="0.668" lang="en" source="ibm">bait</contenuImg>
            <tech source="final">estampe/gravure</tech>
            <theme source="final">13</theme>
            <tech CS="1" source="md">estampe/gravure</tech>
            <theme CS="1" source="md">13</theme>
            <contenuImg CS="1.0" lang="en" source="md">shellfish</contenuImg>
            <contenuImg CS="1.0" lang="en" source="md">animal</contenuImg>
            <contenuImg CS="1.0" lang="en" source="md">invertebrate</contenuImg>
            <titraille>Coquilles : peinture / Yoeequa Painter</titraille>
            <contenuImg CS="1" coul="1" lang="en" source="hm" time="2019-03-14T08:12:01.893+01:00">pink color</contenuImg>
          </ill>
        </ills>
      </page>
      <page ordre="6">
        <blocIll ocr="1">1</blocIll>
        <ills>
          <ill classif="CCibm" couleur="coul" h="4026" n="6-1" taille="10" w="5227" x="1" y="1">
            <contenuImg CS="0.934" lang="fr" source="ibm">fruits de mer</contenuImg>
            <contenuImg b="86" coul="1" g="95" ordre="4" r="131" source="colorific" type="frg">#835f56</contenuImg>
            <contenuImg b="55" coul="1" g="62" ordre="3" r="78" source="colorific" type="frg">#4e3e37</contenuImg>
            <contenuImg b="122" coul="1" g="135" ordre="2" r="142" source="colorific" type="frg">#8e877a</contenuImg>
            <contenuImg b="178" coul="1" g="173" ordre="1" r="157" source="colorific" type="frg">#9dadb2</contenuImg>
            <contenuImg CS="0.934" lang="fr" source="ibm">coquillage,crustacé</contenuImg>
            <contenuImg CS="1.0" lang="fr" source="md">invertébré</contenuImg>
            <contenuImg CS="1.0" lang="fr" source="md">animal</contenuImg>
            <contenuImg CS="1.0" lang="fr" source="md">coquillage,crustacé</contenuImg>
            <contenuImg CS="0.902" lang="fr" source="ibm">bivalve</contenuImg>
            <contenuImg CS="0.934" lang="fr" source="ibm">coquillage</contenuImg>
            <contenuImg CS="0.934" lang="fr" source="ibm">invertébré</contenuImg>
            <contenuImg CS="0.934" lang="fr" source="ibm">animal</contenuImg>
            <contenuImg CS="0.734" lang="fr" source="ibm">moule</contenuImg>
            <contenuImg CS="0.524" lang="fr" source="ibm">gastropode</contenuImg>
            <contenuImg CS="0.515" lang="fr" source="ibm">coquille Saint-Jacques</contenuImg>
            <contenuImg CS="0.835" coul="1" lang="fr" source="ibm">noisette (couleur)</contenuImg>
            <contenuImg CS="0.508" coul="1" lang="fr" source="ibm">albâtre</contenuImg>
            <contenuImg CS="0.508" coul="1" lang="en" source="ibm">alabaster color</contenuImg>
            <contenuImg CS="0.835" coul="1" lang="en" source="ibm">chestnut color</contenuImg>
            <contenuImg CS="0.5" lang="en" source="ibm">shell</contenuImg>
            <contenuImg CS="0.515" lang="en" source="ibm">scallop shell</contenuImg>
            <contenuImg CS="0.524" lang="en" source="ibm">gastropod (animal with a shell)</contenuImg>
            <contenuImg CS="0.524" lang="en" source="ibm">money cowrie (animal with shell)</contenuImg>
            <contenuImg CS="0.734" lang="en" source="ibm">mussel</contenuImg>
            <contenuImg CS="0.729" lang="en" source="ibm">freshwater mussel</contenuImg>
            <contenuImg CS="0.934" lang="en" source="ibm">animal</contenuImg>
            <contenuImg CS="0.934" lang="en" source="ibm">invertebrate</contenuImg>
            <contenuImg CS="0.934" lang="en" source="ibm">shellfish</contenuImg>
            <contenuImg CS="0.902" lang="en" source="ibm">bivalve (animal with shell)</contenuImg>
            <contenuImg CS="0.753" lang="en" source="ibm">ark shell</contenuImg>
            <tech source="final">estampe/gravure</tech>
            <theme source="final">13</theme>
            <tech CS="1" source="md">estampe/gravure</tech>
            <theme CS="1" source="md">13</theme>
            <contenuImg CS="1.0" lang="en" source="md">shellfish</contenuImg>
            <contenuImg CS="1.0" lang="en" source="md">animal</contenuImg>
            <contenuImg CS="1.0" lang="en" source="md">invertebrate</contenuImg>
            <titraille>Coquilles : peinture / Yoeequa Painter</titraille>
          </ill>
        </ills>
      </page>
      <page ordre="7">
        <blocIll ocr="1">1</blocIll>
        <ills>
          <ill classif="CCibm" couleur="coul" h="4023" n="7-1" taille="10" w="5221" x="1" y="1">
            <contenuImg CS="0.582" lang="fr" source="ibm">appât</contenuImg>
            <contenuImg CS="0.575" lang="fr" source="ibm">dé à coudre</contenuImg>
            <contenuImg CS="0.575" lang="fr" source="ibm">casquette</contenuImg>
            <contenuImg CS="0.575" lang="fr" source="ibm">revêtement de protection</contenuImg>
            <contenuImg CS="0.535" lang="fr" source="ibm">ocarina</contenuImg>
            <contenuImg CS="0.535" lang="fr" source="ibm">instrument de musique</contenuImg>
            <contenuImg CS="0.502" lang="fr" source="ibm">clou</contenuImg>
            <contenuImg CS="0.502" lang="fr" source="ibm">attache</contenuImg>
            <contenuImg CS="0.502" lang="fr" source="ibm">dispositif de contrainte (chaînes)</contenuImg>
            <contenuImg CS="0.598" lang="fr" source="ibm">fruits de mer</contenuImg>
            <contenuImg CS="0.599" lang="fr" source="ibm">chaussure</contenuImg>
            <contenuImg b="118" coul="1" g="129" ordre="9" r="120" source="colorific" type="frg">#788176</contenuImg>
            <contenuImg b="43" coul="1" g="44" ordre="8" r="56" source="colorific" type="frg">#382c2b</contenuImg>
            <contenuImg b="77" coul="1" g="104" ordre="7" r="104" source="colorific" type="frg">#68684d</contenuImg>
            <contenuImg b="81" coul="1" g="107" ordre="6" r="165" source="colorific" type="frg">#a56b51</contenuImg>
            <contenuImg b="91" coul="1" g="109" ordre="5" r="127" source="colorific" type="frg">#7f6d5b</contenuImg>
            <contenuImg b="58" coul="1" g="72" ordre="4" r="75" source="colorific" type="frg">#4b483a</contenuImg>
            <contenuImg b="47" coul="1" g="48" ordre="3" r="80" source="colorific" type="frg">#50302f</contenuImg>
            <contenuImg b="154" coul="1" g="149" ordre="2" r="130" source="colorific" type="frg">#82959a</contenuImg>
            <contenuImg b="181" coul="1" g="199" ordre="1" r="205" source="colorific" type="frg">#cdc7b5</contenuImg>
            <contenuImg CS="0.598" lang="fr" source="ibm">coquillage,crustacé</contenuImg>
            <contenuImg CS="1.0" lang="fr" source="md">invertébré</contenuImg>
            <contenuImg CS="1.0" lang="fr" source="md">animal</contenuImg>
            <contenuImg CS="1.0" lang="fr" source="md">coquillage,crustacé</contenuImg>
            <contenuImg CS="0.598" lang="fr" source="ibm">coquillage</contenuImg>
            <contenuImg CS="0.892" coul="1" lang="fr" source="ibm">noisette (couleur)</contenuImg>
            <contenuImg CS="0.691" lang="fr" source="ibm">brun rougeâtre</contenuImg>
            <contenuImg CS="0.691" coul="1" lang="en" source="ibm">reddish brown color</contenuImg>
            <contenuImg CS="0.892" coul="1" lang="en" source="ibm">chestnut color</contenuImg>
            <contenuImg CS="0.599" lang="en" source="ibm">footwear</contenuImg>
            <contenuImg CS="0.598" lang="en" source="ibm">shellfish</contenuImg>
            <contenuImg CS="0.502" lang="en" source="ibm">restraint (chains)</contenuImg>
            <contenuImg CS="0.502" lang="en" source="ibm">fastener</contenuImg>
            <contenuImg CS="0.502" lang="en" source="ibm">nail</contenuImg>
            <contenuImg CS="0.5" lang="en" source="ibm">tack</contenuImg>
            <contenuImg CS="0.535" lang="en" source="ibm">musical instrument</contenuImg>
            <contenuImg CS="0.535" lang="en" source="ibm">ocardina</contenuImg>
            <contenuImg CS="0.556" lang="en" source="ibm">shell</contenuImg>
            <contenuImg CS="0.575" lang="en" source="ibm">protective covering</contenuImg>
            <contenuImg CS="0.575" lang="en" source="ibm">cap</contenuImg>
            <contenuImg CS="0.575" lang="en" source="ibm">thimble</contenuImg>
            <contenuImg CS="0.582" lang="en" source="ibm">bait</contenuImg>
            <tech source="final">estampe/gravure</tech>
            <theme source="final">13</theme>
            <tech CS="1" source="md">estampe/gravure</tech>
            <theme CS="1" source="md">13</theme>
            <contenuImg CS="1.0" lang="en" source="md">shellfish</contenuImg>
            <contenuImg CS="1.0" lang="en" source="md">animal</contenuImg>
            <contenuImg CS="1.0" lang="en" source="md">invertebrate</contenuImg>
            <titraille>Coquilles : peinture / Yoeequa Painter</titraille>
          </ill>
        </ills>
      </page>
      <page ordre="8">
        <blocIll ocr="1">1</blocIll>
        <ills>
          <ill classif="CCibm" couleur="coul" h="4029" n="8-1" taille="10" w="5221" x="1" y="1">
            <contenuImg CS="0.701" lang="fr" source="ibm">timbre</contenuImg>
            <contenuImg CS="0.701" lang="fr" source="ibm">outil</contenuImg>
            <contenuImg CS="0.519" lang="fr" source="ibm">dessous-de-plat</contenuImg>
            <contenuImg CS="0.519" lang="fr" source="ibm">support</contenuImg>
            <contenuImg CS="0.5" lang="fr" source="ibm">fragment de poterie</contenuImg>
            <contenuImg CS="0.598" lang="fr" source="ibm">ustensile</contenuImg>
            <contenuImg b="64" coul="1" g="73" ordre="6" r="95" source="colorific" type="frg">#5f4940</contenuImg>
            <contenuImg b="122" coul="1" g="137" ordre="5" r="180" source="colorific" type="frg">#b4897a</contenuImg>
            <contenuImg b="65" coul="1" g="69" ordre="4" r="123" source="colorific" type="frg">#7b4541</contenuImg>
            <contenuImg b="125" coul="1" g="138" ordre="3" r="153" source="colorific" type="frg">#998a7d</contenuImg>
            <contenuImg b="184" coul="1" g="180" ordre="2" r="161" source="colorific" type="frg">#a1b4b8</contenuImg>
            <contenuImg b="193" coul="1" g="212" ordre="1" r="217" source="colorific" type="frg">#d9d4c1</contenuImg>
            <contenuImg CS="1.0" lang="fr" source="md">invertébré</contenuImg>
            <contenuImg CS="1.0" lang="fr" source="md">animal</contenuImg>
            <contenuImg CS="1.0" lang="fr" source="md">coquillage,crustacé</contenuImg>
            <contenuImg CS="0.513" lang="fr" source="ibm">coquille Saint-Jacques</contenuImg>
            <contenuImg CS="0.835" coul="1" lang="fr" source="ibm">albâtre</contenuImg>
            <contenuImg CS="0.701" coul="1" lang="fr" source="ibm">beige</contenuImg>
            <txt source="google">"2. - CE - the - top - ",</txt>
            <contenuImg CS="0.701" coul="1" lang="en" source="ibm">beige color</contenuImg>
            <contenuImg CS="0.835" coul="1" lang="en" source="ibm">alabaster color</contenuImg>
            <contenuImg CS="0.598" lang="en" source="ibm">utensil</contenuImg>
            <contenuImg CS="0.5" lang="en" source="ibm">potsherd (pottery)</contenuImg>
            <contenuImg CS="0.506" lang="en" source="ibm">soap dish</contenuImg>
            <contenuImg CS="0.513" lang="en" source="ibm">scallop shell</contenuImg>
            <contenuImg CS="0.519" lang="en" source="ibm">support</contenuImg>
            <contenuImg CS="0.519" lang="en" source="ibm">trivet stand</contenuImg>
            <contenuImg CS="0.701" lang="en" source="ibm">tool</contenuImg>
            <contenuImg CS="0.701" lang="en" source="ibm">stamp</contenuImg>
            <tech source="final">estampe/gravure</tech>
            <theme source="final">13</theme>
            <tech CS="1" source="md">estampe/gravure</tech>
            <theme CS="1" source="md">13</theme>
            <contenuImg CS="1.0" lang="en" source="md">shellfish</contenuImg>
            <contenuImg CS="1.0" lang="en" source="md">animal</contenuImg>
            <contenuImg CS="1.0" lang="en" source="md">invertebrate</contenuImg>
            <titraille>Coquilles : peinture / Yoeequa Painter</titraille>
          </ill>
        </ills>
      </page>
      <page ordre="9">
        <blocIll ocr="1">1</blocIll>
        <ills>
          <ill classif="CCibm" couleur="coul" h="4038" n="9-1" taille="10" w="5218" x="1" y="1">
            <contenuImg CS="0.968" lang="fr" source="ibm">fruits de mer</contenuImg>
            <contenuImg b="45" coul="1" g="51" ordre="7" r="62" source="colorific" type="frg">#3e332d</contenuImg>
            <contenuImg b="111" coul="1" g="123" ordre="6" r="146" source="colorific" type="frg">#927b6f</contenuImg>
            <contenuImg b="58" coul="1" g="79" ordre="5" r="81" source="colorific" type="frg">#514f3a</contenuImg>
            <contenuImg b="67" coul="1" g="79" ordre="4" r="129" source="colorific" type="frg">#814f43</contenuImg>
            <contenuImg b="108" coul="1" g="123" ordre="3" r="129" source="colorific" type="frg">#817b6c</contenuImg>
            <contenuImg b="155" coul="1" g="148" ordre="2" r="130" source="colorific" type="frg">#82949b</contenuImg>
            <contenuImg b="190" coul="1" g="209" ordre="1" r="214" source="colorific" type="frg">#d6d1be</contenuImg>
            <contenuImg CS="0.968" lang="fr" source="ibm">coquillage,crustacé</contenuImg>
            <contenuImg CS="1.0" lang="fr" source="md">invertébré</contenuImg>
            <contenuImg CS="1.0" lang="fr" source="md">animal</contenuImg>
            <contenuImg CS="1.0" lang="fr" source="md">coquillage,crustacé</contenuImg>
            <contenuImg CS="0.917" lang="fr" source="ibm">gastropode</contenuImg>
            <contenuImg CS="0.968" lang="fr" source="ibm">coquillage</contenuImg>
            <contenuImg CS="0.968" lang="fr" source="ibm">invertébré</contenuImg>
            <contenuImg CS="0.968" lang="fr" source="ibm">animal</contenuImg>
            <contenuImg CS="0.752" lang="fr" source="ibm">bivalve</contenuImg>
            <contenuImg CS="0.993" coul="1" lang="fr" source="ibm">noisette (couleur)</contenuImg>
            <contenuImg CS="0.993" coul="1" lang="en" source="ibm">chestnut color</contenuImg>
            <contenuImg CS="0.5" lang="en" source="ibm">cockle (animal with shell)</contenuImg>
            <contenuImg CS="0.752" lang="en" source="ibm">bivalve (animal with shell)</contenuImg>
            <contenuImg CS="0.64" lang="en" source="ibm">ark shell</contenuImg>
            <contenuImg CS="0.968" lang="en" source="ibm">animal</contenuImg>
            <contenuImg CS="0.968" lang="en" source="ibm">invertebrate</contenuImg>
            <contenuImg CS="0.968" lang="en" source="ibm">shellfish</contenuImg>
            <contenuImg CS="0.917" lang="en" source="ibm">gastropod (animal with a shell)</contenuImg>
            <contenuImg CS="0.917" lang="en" source="ibm">money cowrie (animal with shell)</contenuImg>
            <tech source="final">estampe/gravure</tech>
            <theme source="final">13</theme>
            <tech CS="1" source="md">estampe/gravure</tech>
            <theme CS="1" source="md">13</theme>
            <contenuImg CS="1.0" lang="en" source="md">shellfish</contenuImg>
            <contenuImg CS="1.0" lang="en" source="md">animal</contenuImg>
            <contenuImg CS="1.0" lang="en" source="md">invertebrate</contenuImg>
            <titraille>Coquilles : peinture / Yoeequa Painter</titraille>
          </ill>
        </ills>
      </page>
      <page ordre="10">
        <blocIll ocr="1">1</blocIll>
        <ills>
          <ill classif="CCibm" couleur="coul" h="4029" n="10-1" taille="10" w="5209" x="1" y="1">
            <contenuImg CS="0.953" lang="fr" source="ibm">fruits de mer</contenuImg>
            <contenuImg b="59" coul="1" g="60" ordre="8" r="101" source="colorific" type="frg">#653c3b</contenuImg>
            <contenuImg b="88" coul="1" g="97" ordre="7" r="133" source="colorific" type="frg">#856158</contenuImg>
            <contenuImg b="160" coul="1" g="166" ordre="6" r="164" source="colorific" type="frg">#a4a6a0</contenuImg>
            <contenuImg b="59" coul="1" g="66" ordre="5" r="69" source="colorific" type="frg">#45423b</contenuImg>
            <contenuImg b="124" coul="1" g="154" ordre="4" r="188" source="colorific" type="frg">#bc9a7c</contenuImg>
            <contenuImg b="97" coul="1" g="116" ordre="3" r="119" source="colorific" type="frg">#777461</contenuImg>
            <contenuImg b="185" coul="1" g="179" ordre="2" r="160" source="colorific" type="frg">#a0b3b9</contenuImg>
            <contenuImg b="171" coul="1" g="192" ordre="1" r="200" source="colorific" type="frg">#c8c0ab</contenuImg>
            <contenuImg CS="0.953" lang="fr" source="ibm">coquillage,crustacé</contenuImg>
            <contenuImg CS="1.0" lang="fr" source="md">invertébré</contenuImg>
            <contenuImg CS="1.0" lang="fr" source="md">animal</contenuImg>
            <contenuImg CS="1.0" lang="fr" source="md">coquillage,crustacé</contenuImg>
            <contenuImg CS="0.951" lang="fr" source="ibm">moule</contenuImg>
            <contenuImg CS="0.952" lang="fr" source="ibm">bivalve</contenuImg>
            <contenuImg CS="0.953" lang="fr" source="ibm">coquillage</contenuImg>
            <contenuImg CS="0.953" lang="fr" source="ibm">invertébré</contenuImg>
            <contenuImg CS="0.953" lang="fr" source="ibm">animal</contenuImg>
            <contenuImg CS="0.969" coul="1" lang="fr" source="ibm">noisette (couleur)</contenuImg>
            <contenuImg CS="0.969" coul="1" lang="en" source="ibm">chestnut color</contenuImg>
            <contenuImg CS="0.953" lang="en" source="ibm">animal</contenuImg>
            <contenuImg CS="0.953" lang="en" source="ibm">invertebrate</contenuImg>
            <contenuImg CS="0.953" lang="en" source="ibm">shellfish</contenuImg>
            <contenuImg CS="0.952" lang="en" source="ibm">bivalve (animal with shell)</contenuImg>
            <contenuImg CS="0.951" lang="en" source="ibm">mussel</contenuImg>
            <contenuImg CS="0.95" lang="en" source="ibm">freshwater mussel</contenuImg>
            <tech source="final">estampe/gravure</tech>
            <theme source="final">13</theme>
            <tech CS="1" source="md">estampe/gravure</tech>
            <theme CS="1" source="md">13</theme>
            <contenuImg CS="1.0" lang="en" source="md">shellfish</contenuImg>
            <contenuImg CS="1.0" lang="en" source="md">animal</contenuImg>
            <contenuImg CS="1.0" lang="en" source="md">invertebrate</contenuImg>
            <titraille>Coquilles : peinture / Yoeequa Painter</titraille>
          </ill>
        </ills>
      </page>
      <page ordre="11">
        <blocIll ocr="1">1</blocIll>
        <ills>
          <ill classif="CCibm" couleur="coul" h="4038" n="11-1" taille="10" w="5209" x="1" y="1">
            <contenuImg CS="0.675" lang="fr" source="ibm">support papier (timbres/monnaie)</contenuImg>
            <contenuImg CS="0.675" lang="fr" source="ibm">document écrit</contenuImg>
            <contenuImg CS="0.534" lang="fr" source="ibm">fruits de mer</contenuImg>
            <contenuImg CS="0.588" lang="fr" source="ibm">micro-organisme</contenuImg>
            <contenuImg CS="0.51" lang="fr" source="ibm">sangsue</contenuImg>
            <contenuImg CS="0.515" lang="fr" source="ibm">ver</contenuImg>
            <contenuImg CS="0.5" lang="fr" source="ibm">ciliée (organisme)</contenuImg>
            <contenuImg b="137" coul="1" g="145" ordre="6" r="142" source="colorific" type="frg">#8e9189</contenuImg>
            <contenuImg b="62" coul="1" g="67" ordre="5" r="88" source="colorific" type="frg">#58433e</contenuImg>
            <contenuImg b="74" coul="1" g="83" ordre="4" r="90" source="colorific" type="frg">#5a534a</contenuImg>
            <contenuImg b="104" coul="1" g="119" ordre="3" r="143" source="colorific" type="frg">#8f7768</contenuImg>
            <contenuImg b="172" coul="1" g="165" ordre="2" r="146" source="colorific" type="frg">#92a5ac</contenuImg>
            <contenuImg b="193" coul="1" g="212" ordre="1" r="217" source="colorific" type="frg">#d9d4c1</contenuImg>
            <contenuImg CS="0.534" lang="fr" source="ibm">coquillage,crustacé</contenuImg>
            <contenuImg CS="1.0" lang="fr" source="md">invertébré</contenuImg>
            <contenuImg CS="1.0" lang="fr" source="md">animal</contenuImg>
            <contenuImg CS="1.0" lang="fr" source="md">coquillage,crustacé</contenuImg>
            <contenuImg CS="0.529" lang="fr" source="ibm">moule</contenuImg>
            <contenuImg CS="0.529" lang="fr" source="ibm">bivalve</contenuImg>
            <contenuImg CS="0.534" lang="fr" source="ibm">coquillage</contenuImg>
            <contenuImg CS="0.607" lang="fr" source="ibm">invertébré</contenuImg>
            <contenuImg CS="0.607" lang="fr" source="ibm">animal</contenuImg>
            <contenuImg CS="0.588" lang="fr" source="ibm">microorganisme</contenuImg>
            <contenuImg CS="0.515" lang="fr" source="ibm">vers</contenuImg>
            <contenuImg CS="0.759" coul="1" lang="fr" source="ibm">cuivre (couleur)</contenuImg>
            <contenuImg CS="0.759" coul="1" lang="en" source="ibm">copper color</contenuImg>
            <contenuImg CS="0.5" lang="en" source="ibm">ciliate (organism)</contenuImg>
            <contenuImg CS="0.515" lang="en" source="ibm">worm</contenuImg>
            <contenuImg CS="0.51" lang="en" source="ibm">leech</contenuImg>
            <contenuImg CS="0.588" lang="en" source="ibm">microorganism</contenuImg>
            <contenuImg CS="0.607" lang="en" source="ibm">animal</contenuImg>
            <contenuImg CS="0.607" lang="en" source="ibm">invertebrate</contenuImg>
            <contenuImg CS="0.534" lang="en" source="ibm">shellfish</contenuImg>
            <contenuImg CS="0.529" lang="en" source="ibm">bivalve (animal with shell)</contenuImg>
            <contenuImg CS="0.529" lang="en" source="ibm">mussel</contenuImg>
            <contenuImg CS="0.529" lang="en" source="ibm">freshwater mussel</contenuImg>
            <contenuImg CS="0.675" lang="en" source="ibm">written document</contenuImg>
            <contenuImg CS="0.675" lang="en" source="ibm">paper based (stamps/currency)</contenuImg>
            <tech source="final">estampe/gravure</tech>
            <theme source="final">13</theme>
            <tech CS="1" source="md">estampe/gravure</tech>
            <theme CS="1" source="md">13</theme>
            <contenuImg CS="1.0" lang="en" source="md">shellfish</contenuImg>
            <contenuImg CS="1.0" lang="en" source="md">animal</contenuImg>
            <contenuImg CS="1.0" lang="en" source="md">invertebrate</contenuImg>
            <titraille>Coquilles : peinture / Yoeequa Painter</titraille>
          </ill>
        </ills>
      </page>
      <page ordre="12">
        <blocIll ocr="1">1</blocIll>
        <ills>
          <ill classif="CCibm" couleur="coul" h="4062" n="12-1" taille="10" w="5209" x="1" y="1">
            <contenuImg CS="0.622" lang="fr" source="ibm">timbre</contenuImg>
            <contenuImg CS="0.622" lang="fr" source="ibm">outil</contenuImg>
            <contenuImg CS="0.513" lang="fr" source="ibm">graine</contenuImg>
            <contenuImg CS="0.513" lang="fr" source="ibm">fruit</contenuImg>
            <contenuImg CS="0.5" lang="fr" source="ibm">torchon</contenuImg>
            <contenuImg CS="0.514" lang="fr" source="ibm">serviette</contenuImg>
            <contenuImg CS="0.599" lang="fr" source="ibm">fruits de mer</contenuImg>
            <contenuImg CS="0.515" lang="fr" source="ibm">tissu</contenuImg>
            <contenuImg b="118" coul="1" g="126" ordre="8" r="133" source="colorific" type="frg">#857e76</contenuImg>
            <contenuImg b="121" coul="1" g="136" ordre="7" r="188" source="colorific" type="frg">#bc8879</contenuImg>
            <contenuImg b="78" coul="1" g="84" ordre="6" r="98" source="colorific" type="frg">#62544e</contenuImg>
            <contenuImg b="155" coul="1" g="175" ordre="5" r="201" source="colorific" type="frg">#c9af9b</contenuImg>
            <contenuImg b="177" coul="1" g="183" ordre="4" r="175" source="colorific" type="frg">#afb7b1</contenuImg>
            <contenuImg b="63" coul="1" g="70" ordre="3" r="116" source="colorific" type="frg">#74463f</contenuImg>
            <contenuImg b="173" coul="1" g="161" ordre="2" r="138" source="colorific" type="frg">#8aa1ad</contenuImg>
            <contenuImg b="193" coul="1" g="212" ordre="1" r="217" source="colorific" type="frg">#d9d4c1</contenuImg>
            <contenuImg CS="0.599" lang="fr" source="ibm">coquillage,crustacé</contenuImg>
            <contenuImg CS="1.0" lang="fr" source="md">invertébré</contenuImg>
            <contenuImg CS="1.0" lang="fr" source="md">animal</contenuImg>
            <contenuImg CS="1.0" lang="fr" source="md">coquillage,crustacé</contenuImg>
            <contenuImg CS="0.599" lang="fr" source="ibm">coquillage</contenuImg>
            <contenuImg CS="0.762" coul="1" lang="fr" source="ibm">marron clair</contenuImg>
            <contenuImg CS="0.586" coul="1" lang="fr" source="ibm">noisette (couleur)</contenuImg>
            <contenuImg CS="0.586" coul="1" lang="en" source="ibm">chestnut color</contenuImg>
            <contenuImg CS="0.762" coul="1" lang="en" source="ibm">light brown color</contenuImg>
            <contenuImg CS="0.599" lang="en" source="ibm">shellfish</contenuImg>
            <contenuImg CS="0.515" lang="en" source="ibm">fabric</contenuImg>
            <contenuImg CS="0.514" lang="en" source="ibm">towel</contenuImg>
            <contenuImg CS="0.5" lang="en" source="ibm">dishtowel</contenuImg>
            <contenuImg CS="0.513" lang="en" source="ibm">fruit</contenuImg>
            <contenuImg CS="0.513" lang="en" source="ibm">seed</contenuImg>
            <contenuImg CS="0.512" lang="en" source="ibm">nut</contenuImg>
            <contenuImg CS="0.511" lang="en" source="ibm">pistachio</contenuImg>
            <contenuImg CS="0.622" lang="en" source="ibm">tool</contenuImg>
            <contenuImg CS="0.622" lang="en" source="ibm">stamp</contenuImg>
            <contenuImg CS="0.707" lang="en" source="ibm">shell</contenuImg>
            <tech source="final">estampe/gravure</tech>
            <theme source="final">13</theme>
            <tech CS="1" source="md">estampe/gravure</tech>
            <theme CS="1" source="md">13</theme>
            <contenuImg CS="1.0" lang="en" source="md">shellfish</contenuImg>
            <contenuImg CS="1.0" lang="en" source="md">animal</contenuImg>
            <contenuImg CS="1.0" lang="en" source="md">invertebrate</contenuImg>
            <titraille>Coquilles : peinture / Yoeequa Painter</titraille>
          </ill>
        </ills>
      </page>
      <page ordre="13">
        <blocIll ocr="1">1</blocIll>
        <ills>
          <ill classif="CCibm" couleur="coul" h="4050" n="13-1" taille="10" w="5203" x="1" y="1">
            <contenuImg CS="0.856" lang="fr" source="ibm">appât</contenuImg>
            <contenuImg b="59" coul="1" g="67" ordre="7" r="86" source="colorific" type="frg">#56433b</contenuImg>
            <contenuImg b="119" coul="1" g="147" ordre="6" r="187" source="colorific" type="frg">#bb9377</contenuImg>
            <contenuImg b="80" coul="1" g="92" ordre="5" r="173" source="colorific" type="frg">#ad5c50</contenuImg>
            <contenuImg b="68" coul="1" g="77" ordre="4" r="82" source="colorific" type="frg">#524d44</contenuImg>
            <contenuImg b="103" coul="1" g="120" ordre="3" r="137" source="colorific" type="frg">#897867</contenuImg>
            <contenuImg b="171" coul="1" g="170" ordre="2" r="155" source="colorific" type="frg">#9baaab</contenuImg>
            <contenuImg b="157" coul="1" g="171" ordre="1" r="178" source="colorific" type="frg">#b2ab9d</contenuImg>
            <contenuImg CS="1.0" lang="fr" source="md">invertébré</contenuImg>
            <contenuImg CS="1.0" lang="fr" source="md">animal</contenuImg>
            <contenuImg CS="1.0" lang="fr" source="md">coquillage,crustacé</contenuImg>
            <contenuImg CS="0.79" lang="fr" source="ibm">animal</contenuImg>
            <contenuImg CS="0.797" lang="fr" source="ibm">poisson</contenuImg>
            <contenuImg CS="0.922" coul="1" lang="fr" source="ibm">noisette (couleur)</contenuImg>
            <contenuImg CS="0.922" coul="1" lang="en" source="ibm">chestnut color</contenuImg>
            <contenuImg CS="0.797" lang="en" source="ibm">fish</contenuImg>
            <contenuImg CS="0.79" lang="en" source="ibm">animal</contenuImg>
            <contenuImg CS="0.856" lang="en" source="ibm">bait</contenuImg>
            <tech source="final">estampe/gravure</tech>
            <theme source="final">13</theme>
            <tech CS="1" source="md">estampe/gravure</tech>
            <theme CS="1" source="md">13</theme>
            <contenuImg CS="1.0" lang="en" source="md">shellfish</contenuImg>
            <contenuImg CS="1.0" lang="en" source="md">animal</contenuImg>
            <contenuImg CS="1.0" lang="en" source="md">invertebrate</contenuImg>
            <titraille>Coquilles : peinture / Yoeequa Painter</titraille>
          </ill>
        </ills>
      </page>
      <page ordre="14">
        <blocIll ocr="1">1</blocIll>
        <ills>
          <ill classif="CCibm" couleur="coul" h="4038" n="14-1" taille="10" w="5212" x="1" y="1">
            <contenuImg CS="0.595" lang="fr" source="ibm">voler</contenuImg>
            <contenuImg CS="0.662" lang="fr" source="ibm">appât de pêche</contenuImg>
            <contenuImg CS="0.539" lang="fr" source="ibm">clou</contenuImg>
            <contenuImg CS="0.624" lang="fr" source="ibm">attache</contenuImg>
            <contenuImg CS="0.624" lang="fr" source="ibm">dispositif de contrainte (chaînes)</contenuImg>
            <contenuImg CS="0.519" lang="fr" source="ibm">appât</contenuImg>
            <contenuImg CS="0.503" lang="fr" source="ibm">épingle</contenuImg>
            <contenuImg CS="0.595" lang="fr" source="ibm">mouche</contenuImg>
            <contenuImg CS="0.662" lang="fr" source="ibm">mouche (pêche)</contenuImg>
            <contenuImg b="47" coul="1" g="49" ordre="6" r="83" source="colorific" type="frg">#53312f</contenuImg>
            <contenuImg b="109" coul="1" g="136" ordre="5" r="177" source="colorific" type="frg">#b1886d</contenuImg>
            <contenuImg b="87" coul="1" g="101" ordre="4" r="163" source="colorific" type="frg">#a36557</contenuImg>
            <contenuImg b="135" coul="1" g="146" ordre="3" r="155" source="colorific" type="frg">#9b9287</contenuImg>
            <contenuImg b="167" coul="1" g="162" ordre="2" r="144" source="colorific" type="frg">#90a2a7</contenuImg>
            <contenuImg b="193" coul="1" g="212" ordre="1" r="217" source="colorific" type="frg">#d9d4c1</contenuImg>
            <contenuImg CS="1.0" lang="fr" source="md">invertébré</contenuImg>
            <contenuImg CS="1.0" lang="fr" source="md">animal</contenuImg>
            <contenuImg CS="1.0" lang="fr" source="md">coquillage,crustacé</contenuImg>
            <contenuImg CS="0.93" coul="1" lang="fr" source="ibm">cuivre (couleur)</contenuImg>
            <contenuImg CS="0.93" coul="1" lang="en" source="ibm">copper color</contenuImg>
            <contenuImg CS="0.503" lang="en" source="ibm">pin</contenuImg>
            <contenuImg CS="0.5" lang="en" source="ibm">hatpin</contenuImg>
            <contenuImg CS="0.519" lang="en" source="ibm">bait</contenuImg>
            <contenuImg CS="0.624" lang="en" source="ibm">restraint (chains)</contenuImg>
            <contenuImg CS="0.624" lang="en" source="ibm">fastener</contenuImg>
            <contenuImg CS="0.539" lang="en" source="ibm">nail</contenuImg>
            <contenuImg CS="0.538" lang="en" source="ibm">tack</contenuImg>
            <contenuImg CS="0.662" lang="en" source="ibm">fisherman's lure</contenuImg>
            <contenuImg CS="0.595" lang="en" source="ibm">fly</contenuImg>
            <tech source="final">estampe/gravure</tech>
            <theme source="final">13</theme>
            <tech CS="1" source="md">estampe/gravure</tech>
            <theme CS="1" source="md">13</theme>
            <contenuImg CS="1.0" lang="en" source="md">shellfish</contenuImg>
            <contenuImg CS="1.0" lang="en" source="md">animal</contenuImg>
            <contenuImg CS="1.0" lang="en" source="md">invertebrate</contenuImg>
            <titraille>Coquilles : peinture / Yoeequa Painter</titraille>
          </ill>
        </ills>
      </page>
      <page ordre="15">
        <blocIll ocr="1">1</blocIll>
        <ills>
          <ill classif="CCibm" couleur="coul" h="4044" n="15-1" taille="10" w="5203" x="1" y="1">
            <contenuImg CS="0.773" lang="fr" source="ibm">dé à coudre</contenuImg>
            <contenuImg CS="0.773" lang="fr" source="ibm">casquette</contenuImg>
            <contenuImg CS="0.773" lang="fr" source="ibm">revêtement de protection</contenuImg>
            <contenuImg CS="0.57" lang="fr" source="ibm">base-ball</contenuImg>
            <contenuImg CS="0.576" lang="fr" source="ibm">équipement de baseball</contenuImg>
            <contenuImg CS="0.507" lang="fr" source="ibm">fruits de mer</contenuImg>
            <contenuImg b="48" coul="1" g="52" ordre="8" r="76" source="colorific" type="frg">#4c3430</contenuImg>
            <contenuImg b="133" coul="1" g="144" ordre="7" r="146" source="colorific" type="frg">#929085</contenuImg>
            <contenuImg b="165" coul="1" g="183" ordre="6" r="216" source="colorific" type="frg">#d8b7a5</contenuImg>
            <contenuImg b="79" coul="1" g="86" ordre="5" r="130" source="colorific" type="frg">#82564f</contenuImg>
            <contenuImg b="63" coul="1" g="73" ordre="4" r="86" source="colorific" type="frg">#56493f</contenuImg>
            <contenuImg b="133" coul="1" g="143" ordre="3" r="186" source="colorific" type="frg">#ba8f85</contenuImg>
            <contenuImg b="99" coul="1" g="115" ordre="2" r="135" source="colorific" type="frg">#877363</contenuImg>
            <contenuImg b="155" coul="1" g="150" ordre="1" r="132" source="colorific" type="frg">#84969b</contenuImg>
            <contenuImg CS="0.507" lang="fr" source="ibm">coquillage,crustacé</contenuImg>
            <contenuImg CS="1.0" lang="fr" source="md">invertébré</contenuImg>
            <contenuImg CS="1.0" lang="fr" source="md">animal</contenuImg>
            <contenuImg CS="1.0" lang="fr" source="md">coquillage,crustacé</contenuImg>
            <contenuImg CS="0.501" lang="fr" source="ibm">gastropode</contenuImg>
            <contenuImg CS="0.507" lang="fr" source="ibm">coquillage</contenuImg>
            <contenuImg CS="0.507" lang="fr" source="ibm">invertébré</contenuImg>
            <contenuImg CS="0.507" lang="fr" source="ibm">animal</contenuImg>
            <contenuImg CS="0.957" coul="1" lang="fr" source="ibm">beige</contenuImg>
            <txt source="google">"CCCC - + - teht at - z - ",</txt>
            <contenuImg CS="0.957" coul="1" lang="en" source="ibm">beige color</contenuImg>
            <contenuImg CS="0.507" lang="en" source="ibm">animal</contenuImg>
            <contenuImg CS="0.507" lang="en" source="ibm">invertebrate</contenuImg>
            <contenuImg CS="0.507" lang="en" source="ibm">shellfish</contenuImg>
            <contenuImg CS="0.501" lang="en" source="ibm">gastropod (animal with a shell)</contenuImg>
            <contenuImg CS="0.5" lang="en" source="ibm">cowrie (animal with shell)</contenuImg>
            <contenuImg CS="0.576" lang="en" source="ibm">baseball equipment</contenuImg>
            <contenuImg CS="0.57" lang="en" source="ibm">baseball</contenuImg>
            <contenuImg CS="0.696" lang="en" source="ibm">shell</contenuImg>
            <contenuImg CS="0.773" lang="en" source="ibm">protective covering</contenuImg>
            <contenuImg CS="0.773" lang="en" source="ibm">cap</contenuImg>
            <contenuImg CS="0.773" lang="en" source="ibm">thimble</contenuImg>
            <tech source="final">estampe/gravure</tech>
            <theme source="final">13</theme>
            <tech CS="1" source="md">estampe/gravure</tech>
            <theme CS="1" source="md">13</theme>
            <contenuImg CS="1.0" lang="en" source="md">shellfish</contenuImg>
            <contenuImg CS="1.0" lang="en" source="md">animal</contenuImg>
            <contenuImg CS="1.0" lang="en" source="md">invertebrate</contenuImg>
            <titraille>Coquilles : peinture / Yoeequa Painter</titraille>
          </ill>
        </ills>
      </page>
      <page ordre="16">
        <blocIll ocr="1">1</blocIll>
        <ills>
          <ill classif="CCibm" couleur="coul" h="4023" n="16-1" taille="10" w="5215" x="1" y="1">
            <contenuImg CS="0.658" lang="fr" source="ibm">dispositif acoustique</contenuImg>
            <contenuImg CS="0.516" lang="fr" source="ibm">pendule</contenuImg>
            <contenuImg CS="0.516" lang="fr" source="ibm">appareil</contenuImg>
            <contenuImg CS="0.512" lang="fr" source="ibm">loquet de fenêtre</contenuImg>
            <contenuImg CS="0.512" lang="fr" source="ibm">cadenas</contenuImg>
            <contenuImg CS="0.513" lang="fr" source="ibm">attache</contenuImg>
            <contenuImg CS="0.513" lang="fr" source="ibm">dispositif de contrainte (chaînes)</contenuImg>
            <contenuImg CS="0.508" lang="fr" source="ibm">timbre</contenuImg>
            <contenuImg CS="0.511" lang="fr" source="ibm">outil</contenuImg>
            <contenuImg b="59" coul="1" g="72" ordre="6" r="104" source="colorific" type="frg">#68483b</contenuImg>
            <contenuImg b="49" coul="1" g="56" ordre="5" r="60" source="colorific" type="frg">#3c3831</contenuImg>
            <contenuImg b="94" coul="1" g="128" ordre="4" r="165" source="colorific" type="frg">#a5805e</contenuImg>
            <contenuImg b="63" coul="1" g="81" ordre="3" r="81" source="colorific" type="frg">#51513f</contenuImg>
            <contenuImg b="129" coul="1" g="141" ordre="2" r="148" source="colorific" type="frg">#948d81</contenuImg>
            <contenuImg b="190" coul="1" g="185" ordre="1" r="170" source="colorific" type="frg">#aab9be</contenuImg>
            <contenuImg CS="1.0" lang="fr" source="md">invertébré</contenuImg>
            <contenuImg CS="1.0" lang="fr" source="md">animal</contenuImg>
            <contenuImg CS="1.0" lang="fr" source="md">coquillage,crustacé</contenuImg>
            <contenuImg CS="0.813" coul="1" lang="fr" source="ibm">marron clair</contenuImg>
            <contenuImg CS="0.63" coul="1" lang="fr" source="ibm">noisette (couleur)</contenuImg>
            <contenuImg CS="0.63" coul="1" lang="en" source="ibm">chestnut color</contenuImg>
            <contenuImg CS="0.813" coul="1" lang="en" source="ibm">light brown color</contenuImg>
            <contenuImg CS="0.5" lang="en" source="ibm">plumb bob</contenuImg>
            <contenuImg CS="0.511" lang="en" source="ibm">tool</contenuImg>
            <contenuImg CS="0.508" lang="en" source="ibm">stamp</contenuImg>
            <contenuImg CS="0.513" lang="en" source="ibm">restraint (chains)</contenuImg>
            <contenuImg CS="0.513" lang="en" source="ibm">fastener</contenuImg>
            <contenuImg CS="0.512" lang="en" source="ibm">lock</contenuImg>
            <contenuImg CS="0.512" lang="en" source="ibm">sash fastener</contenuImg>
            <contenuImg CS="0.516" lang="en" source="ibm">apparatus</contenuImg>
            <contenuImg CS="0.516" lang="en" source="ibm">pendulum</contenuImg>
            <contenuImg CS="0.658" lang="en" source="ibm">acoustic device</contenuImg>
            <contenuImg CS="0.658" lang="en" source="ibm">birdcall</contenuImg>
            <tech source="final">estampe/gravure</tech>
            <theme source="final">13</theme>
            <tech CS="1" source="md">estampe/gravure</tech>
            <theme CS="1" source="md">13</theme>
            <contenuImg CS="1.0" lang="en" source="md">shellfish</contenuImg>
            <contenuImg CS="1.0" lang="en" source="md">animal</contenuImg>
            <contenuImg CS="1.0" lang="en" source="md">invertebrate</contenuImg>
            <titraille>Coquilles : peinture / Yoeequa Painter</titraille>
          </ill>
        </ills>
      </page>
      <page ordre="17">
        <blocIll ocr="1">0</blocIll>
        <ills/>
      </page>
      <page ordre="18">
        <blocIll ocr="1">0</blocIll>
        <ills/>
      </page>
    </pages>
  </contenus>
</analyseAlto>