<analyseAlto>
  <metad>
    <type>I</type>
    <ID>btv1b10548847v</ID>
    <titre>Coquilles : peinture / Yoeequa Painter</titre>
    <dateEdition>1830-1840</dateEdition>
    <auteur>Yoeequa (18..?-18..). Peintre Lagrené, Marie-Melchior-Joseph-Théodore de (1800-1862). Collecteur</auteur>
    <lang>0</lang>
    <source>Bibliothèque nationale de France, département Estampes et photographie, RESERVE PET FOL-OE-164 (G)</source>
    <nbPage>22</nbPage>
    <descr>Coquillages -- Chine</descr>
  </metad>
  <contenus ocr="false" toc="false">
    <largeur>230</largeur>
    <hauteur>170</hauteur>
    <largeurPx>5453</largeurPx>
    <hauteurPx>4027</hauteurPx>
    <pages>
      <page ordre="3">
        <blocIll ocr="1">0</blocIll>
        <ills/>
      </page>
      <page ordre="4">
        <blocIll ocr="1">0</blocIll>
        <ills/>
      </page>
      <page ordre="5">
        <blocIll ocr="1">0</blocIll>
        <ills/>
      </page>
      <page ordre="6">
        <blocIll ocr="1">0</blocIll>
        <ills/>
      </page>
      <page ordre="7">
        <blocIll ocr="1">1</blocIll>
        <ills>
          <ill classif="CCibm" couleur="coul" h="3981" n="7-1" taille="10" w="5115" x="1" y="1">
            <contenuImg CS="0.556" lang="fr" source="ibm">fragment de poterie</contenuImg>
            <contenuImg CS="0.536" lang="fr" source="ibm">dé à coudre</contenuImg>
            <contenuImg CS="0.536" lang="fr" source="ibm">casquette</contenuImg>
            <contenuImg CS="0.536" lang="fr" source="ibm">revêtement de protection</contenuImg>
            <contenuImg CS="0.534" lang="fr" source="ibm">support papier (timbres/monnaie)</contenuImg>
            <contenuImg CS="0.535" lang="fr" source="ibm">document écrit</contenuImg>
            <contenuImg CS="0.618" lang="fr" source="ibm">fruits de mer</contenuImg>
            <contenuImg CS="0.596" lang="fr" source="ibm">aliments</contenuImg>
            <contenuImg CS="0.597" lang="fr" source="ibm">chaussure</contenuImg>
            <contenuImg CS="0.599" lang="fr" source="ibm">appareil dentaire</contenuImg>
            <contenuImg CS="0.596" lang="fr" source="ibm">nourriture</contenuImg>
            <contenuImg b="122" coul="1" g="127" ordre="10" r="124" source="colorific" type="frg">#7c7f7a</contenuImg>
            <contenuImg b="52" coul="1" g="57" ordre="9" r="75" source="colorific" type="frg">#4b3934</contenuImg>
            <contenuImg b="46" coul="1" g="43" ordre="8" r="77" source="colorific" type="frg">#4d2b2e</contenuImg>
            <contenuImg b="49" coul="1" g="43" ordre="7" r="109" source="colorific" type="frg">#6d2b31</contenuImg>
            <contenuImg b="66" coul="1" g="77" ordre="6" r="111" source="colorific" type="frg">#6f4d42</contenuImg>
            <contenuImg b="97" coul="1" g="108" ordre="5" r="123" source="colorific" type="frg">#7b6c61</contenuImg>
            <contenuImg b="71" coul="1" g="78" ordre="4" r="163" source="colorific" type="frg">#a34e47</contenuImg>
            <contenuImg b="119" coul="1" g="135" ordre="3" r="172" source="colorific" type="frg">#ac8777</contenuImg>
            <contenuImg b="185" coul="1" g="176" ordre="2" r="157" source="colorific" type="frg">#9db0b9</contenuImg>
            <contenuImg b="155" coul="1" g="168" ordre="1" r="176" source="colorific" type="frg">#b0a89b</contenuImg>
            <contenuImg CS="0.618" lang="fr" source="ibm">coquillage,crustacé</contenuImg>
            <contenuImg CS="1.0" lang="fr" source="md">invertébré</contenuImg>
            <contenuImg CS="1.0" lang="fr" source="md">animal</contenuImg>
            <contenuImg CS="1.0" lang="fr" source="md">coquillage,crustacé</contenuImg>
            <contenuImg CS="0.616" lang="fr" source="ibm">bivalve</contenuImg>
            <contenuImg CS="0.618" lang="fr" source="ibm">coquillage</contenuImg>
            <contenuImg CS="0.618" lang="fr" source="ibm">invertébré</contenuImg>
            <contenuImg CS="0.618" lang="fr" source="ibm">animal</contenuImg>
            <contenuImg CS="0.518" lang="fr" source="ibm">moule</contenuImg>
            <contenuImg CS="0.721" coul="1" lang="fr" source="ibm">rose pâle</contenuImg>
            <contenuImg CS="0.631" coul="1" lang="fr" source="ibm">oeillet (couleur)</contenuImg>
            <contenuImg CS="0.631" coul="1" lang="en" source="ibm">carnation color</contenuImg>
            <contenuImg CS="0.721" coul="1" lang="en" source="ibm">rose color</contenuImg>
            <contenuImg CS="0.599" lang="en" source="ibm">dental appliance</contenuImg>
            <contenuImg CS="0.597" lang="en" source="ibm">footwear</contenuImg>
            <contenuImg CS="0.596" lang="en" source="ibm">food</contenuImg>
            <contenuImg CS="0.518" lang="en" source="ibm">mussel</contenuImg>
            <contenuImg CS="0.5" lang="en" source="ibm">freshwater mussel</contenuImg>
            <contenuImg CS="0.618" lang="en" source="ibm">animal</contenuImg>
            <contenuImg CS="0.618" lang="en" source="ibm">invertebrate</contenuImg>
            <contenuImg CS="0.618" lang="en" source="ibm">shellfish</contenuImg>
            <contenuImg CS="0.616" lang="en" source="ibm">bivalve (animal with shell)</contenuImg>
            <contenuImg CS="0.509" lang="en" source="ibm">ark shell</contenuImg>
            <contenuImg CS="0.535" lang="en" source="ibm">written document</contenuImg>
            <contenuImg CS="0.534" lang="en" source="ibm">paper based (stamps/currency)</contenuImg>
            <contenuImg CS="0.536" lang="en" source="ibm">protective covering</contenuImg>
            <contenuImg CS="0.536" lang="en" source="ibm">cap</contenuImg>
            <contenuImg CS="0.536" lang="en" source="ibm">thimble</contenuImg>
            <contenuImg CS="0.556" lang="en" source="ibm">potsherd (pottery)</contenuImg>
            <tech source="final">estampe/gravure</tech>
            <theme source="final">13</theme>
            <tech CS="1" source="md">estampe/gravure</tech>
            <theme CS="1" source="md">13</theme>
            <contenuImg CS="1.0" lang="en" source="md">shellfish</contenuImg>
            <contenuImg CS="1.0" lang="en" source="md">animal</contenuImg>
            <contenuImg CS="1.0" lang="en" source="md">invertebrate</contenuImg>
            <titraille>Coquilles : peinture / Yoeequa Painter</titraille>
          </ill>
        </ills>
      </page>
      <page ordre="8">
        <blocIll ocr="1">1</blocIll>
        <ills>
          <ill classif="CCibm" couleur="coul" h="3974" n="8-1" taille="10" w="5107" x="1" y="1">
            <contenuImg CS="0.555" lang="fr" source="ibm">artefacts mycéniens</contenuImg>
            <contenuImg CS="0.6" lang="fr" source="ibm">poignée</contenuImg>
            <contenuImg CS="0.555" lang="fr" source="ibm">personnes</contenuImg>
            <contenuImg CS="0.538" lang="fr" source="ibm">galerie d'art</contenuImg>
            <contenuImg CS="0.538" lang="fr" source="ibm">intérieurs</contenuImg>
            <contenuImg CS="0.514" lang="fr" source="ibm">frise (bâtiment)</contenuImg>
            <contenuImg CS="0.5" lang="fr" source="ibm">timbre</contenuImg>
            <contenuImg CS="0.5" lang="fr" source="ibm">outil</contenuImg>
            <contenuImg CS="0.594" lang="fr" source="ibm">ustensile</contenuImg>
            <contenuImg CS="0.555" lang="fr" source="ibm">personne</contenuImg>
            <contenuImg b="73" coul="1" g="85" ordre="6" r="114" source="colorific" type="frg">#725549</contenuImg>
            <contenuImg b="126" coul="1" g="136" ordre="5" r="140" source="colorific" type="frg">#8c887e</contenuImg>
            <contenuImg b="93" coul="1" g="122" ordre="4" r="174" source="colorific" type="frg">#ae7a5d</contenuImg>
            <contenuImg b="129" coul="1" g="151" ordre="3" r="171" source="colorific" type="frg">#ab9781</contenuImg>
            <contenuImg b="157" coul="1" g="154" ordre="2" r="140" source="colorific" type="frg">#8c9a9d</contenuImg>
            <contenuImg b="191" coul="1" g="210" ordre="1" r="216" source="colorific" type="frg">#d8d2bf</contenuImg>
            <contenuImg CS="1.0" lang="fr" source="md">invertébré</contenuImg>
            <contenuImg CS="1.0" lang="fr" source="md">animal</contenuImg>
            <contenuImg CS="1.0" lang="fr" source="md">coquillage,crustacé</contenuImg>
            <contenuImg CS="0.995" coul="1" lang="fr" source="ibm">albâtre</contenuImg>
            <contenuImg CS="0.995" coul="1" lang="en" source="ibm">alabaster color</contenuImg>
            <contenuImg CS="0.594" lang="en" source="ibm">utensil</contenuImg>
            <contenuImg CS="0.5" lang="en" source="ibm">tool</contenuImg>
            <contenuImg CS="0.5" lang="en" source="ibm">stamp</contenuImg>
            <contenuImg CS="0.514" lang="en" source="ibm">frieze (of building)</contenuImg>
            <contenuImg CS="0.538" lang="en" source="ibm">indoors</contenuImg>
            <contenuImg CS="0.538" lang="en" source="ibm">art gallery</contenuImg>
            <contenuImg CS="0.555" lang="en" source="ibm">person</contenuImg>
            <contenuImg CS="0.555" lang="en" source="ibm">people</contenuImg>
            <contenuImg CS="0.555" lang="en" source="ibm">Mycenaen artifacts (greek)</contenuImg>
            <contenuImg CS="0.6" lang="en" source="ibm">pull (handle)</contenuImg>
            <tech source="final">estampe/gravure</tech>
            <theme source="final">13</theme>
            <tech CS="1" source="md">estampe/gravure</tech>
            <theme CS="1" source="md">13</theme>
            <contenuImg CS="1.0" lang="en" source="md">shellfish</contenuImg>
            <contenuImg CS="1.0" lang="en" source="md">animal</contenuImg>
            <contenuImg CS="1.0" lang="en" source="md">invertebrate</contenuImg>
            <titraille>Coquilles : peinture / Yoeequa Painter</titraille>
          </ill>
        </ills>
      </page>
      <page ordre="9">
        <blocIll ocr="1">1</blocIll>
        <ills>
          <ill classif="CCibm" couleur="coul" h="3954" n="9-1" taille="10" w="5106" x="1" y="1">
            <contenuImg CS="0.656" lang="fr" source="ibm">bouton poussoir</contenuImg>
            <contenuImg CS="0.683" lang="fr" source="ibm">interrupteur</contenuImg>
            <contenuImg CS="0.684" lang="fr" source="ibm">manette</contenuImg>
            <contenuImg CS="0.567" lang="fr" source="ibm">avertisseur sonore</contenuImg>
            <contenuImg CS="0.534" lang="fr" source="ibm">bouton</contenuImg>
            <contenuImg CS="0.502" lang="fr" source="ibm">boule à thé</contenuImg>
            <contenuImg CS="0.505" lang="fr" source="ibm">ustensile</contenuImg>
            <contenuImg CS="0.5" lang="fr" source="ibm">intercom</contenuImg>
            <contenuImg CS="0.5" lang="fr" source="ibm">haut-parleur</contenuImg>
            <contenuImg CS="0.502" lang="fr" source="ibm">appareil électrique</contenuImg>
            <contenuImg CS="0.598" lang="fr" source="ibm">appareil</contenuImg>
            <contenuImg CS="0.818" coul="1" lang="fr" source="ibm">vert olive</contenuImg>
            <contenuImg CS="0.78" coul="1" lang="fr" source="ibm">sauge</contenuImg>
            <contenuImg b="60" coul="1" g="66" ordre="4" r="68" source="colorific" type="frg">#44423c</contenuImg>
            <contenuImg b="112" coul="1" g="127" ordre="3" r="140" source="colorific" type="frg">#8c7f70</contenuImg>
            <contenuImg b="175" coul="1" g="168" ordre="2" r="152" source="colorific" type="frg">#98a8af</contenuImg>
            <contenuImg b="178" coul="1" g="197" ordre="1" r="206" source="colorific" type="frg">#cec5b2</contenuImg>
            <contenuImg CS="1.0" lang="fr" source="md">invertébré</contenuImg>
            <contenuImg CS="1.0" lang="fr" source="md">animal</contenuImg>
            <contenuImg CS="1.0" lang="fr" source="md">coquillage,crustacé</contenuImg>
            <contenuImg CS="0.818" coul="1" lang="fr" source="ibm">couleur vert olive</contenuImg>
            <contenuImg CS="0.78" coul="1" lang="fr" source="ibm">vert sauge</contenuImg>
            <contenuImg CS="0.78" coul="1" lang="en" source="ibm">sage green color</contenuImg>
            <contenuImg CS="0.818" coul="1" lang="en" source="ibm">olive green color</contenuImg>
            <contenuImg CS="0.598" lang="en" source="ibm">appliance</contenuImg>
            <contenuImg CS="0.502" lang="en" source="ibm">electrical device</contenuImg>
            <contenuImg CS="0.5" lang="en" source="ibm">loudspeaker</contenuImg>
            <contenuImg CS="0.5" lang="en" source="ibm">squawk box</contenuImg>
            <contenuImg CS="0.505" lang="en" source="ibm">utensil</contenuImg>
            <contenuImg CS="0.502" lang="en" source="ibm">tea ball</contenuImg>
            <contenuImg CS="0.534" lang="en" source="ibm">knob</contenuImg>
            <contenuImg CS="0.567" lang="en" source="ibm">buzzer</contenuImg>
            <contenuImg CS="0.684" lang="en" source="ibm">controller</contenuImg>
            <contenuImg CS="0.683" lang="en" source="ibm">electric switch</contenuImg>
            <contenuImg CS="0.656" lang="en" source="ibm">push button</contenuImg>
            <contenuImg CS="0.652" lang="en" source="ibm">bell push (button)</contenuImg>
            <tech source="final">estampe/gravure</tech>
            <theme source="final">13</theme>
            <tech CS="1" source="md">estampe/gravure</tech>
            <theme CS="1" source="md">13</theme>
            <contenuImg CS="1.0" lang="en" source="md">shellfish</contenuImg>
            <contenuImg CS="1.0" lang="en" source="md">animal</contenuImg>
            <contenuImg CS="1.0" lang="en" source="md">invertebrate</contenuImg>
            <titraille>Coquilles : peinture / Yoeequa Painter</titraille>
          </ill>
        </ills>
      </page>
      <page ordre="10">
        <blocIll ocr="1">1</blocIll>
        <ills>
          <ill classif="CCibm" couleur="coul" h="3965" n="10-1" taille="10" w="5074" x="1" y="1">
            <contenuImg CS="0.771" lang="fr" source="ibm">torchon</contenuImg>
            <contenuImg CS="0.772" lang="fr" source="ibm">serviette</contenuImg>
            <contenuImg CS="0.5" lang="fr" source="ibm">dé à coudre</contenuImg>
            <contenuImg CS="0.5" lang="fr" source="ibm">casquette</contenuImg>
            <contenuImg CS="0.5" lang="fr" source="ibm">revêtement de protection</contenuImg>
            <contenuImg CS="0.594" lang="fr" source="ibm">ustensile</contenuImg>
            <contenuImg CS="0.598" lang="fr" source="ibm">fruits de mer</contenuImg>
            <contenuImg CS="0.772" lang="fr" source="ibm">tissu</contenuImg>
            <contenuImg b="55" coul="1" g="58" ordre="5" r="77" source="colorific" type="frg">#4d3a37</contenuImg>
            <contenuImg b="87" coul="1" g="93" ordre="4" r="112" source="colorific" type="frg">#705d57</contenuImg>
            <contenuImg b="134" coul="1" g="143" ordre="3" r="162" source="colorific" type="frg">#a28f86</contenuImg>
            <contenuImg b="182" coul="1" g="177" ordre="2" r="158" source="colorific" type="frg">#9eb1b6</contenuImg>
            <contenuImg b="160" coul="1" g="176" ordre="1" r="183" source="colorific" type="frg">#b7b0a0</contenuImg>
            <contenuImg CS="0.598" lang="fr" source="ibm">coquillage,crustacé</contenuImg>
            <contenuImg CS="1.0" lang="fr" source="md">invertébré</contenuImg>
            <contenuImg CS="1.0" lang="fr" source="md">animal</contenuImg>
            <contenuImg CS="1.0" lang="fr" source="md">coquillage,crustacé</contenuImg>
            <contenuImg CS="0.598" lang="fr" source="ibm">coquillage</contenuImg>
            <contenuImg CS="0.96" coul="1" lang="fr" source="ibm">beige</contenuImg>
            <contenuImg CS="0.96" coul="1" lang="en" source="ibm">beige color</contenuImg>
            <contenuImg CS="0.598" lang="en" source="ibm">shellfish</contenuImg>
            <contenuImg CS="0.594" lang="en" source="ibm">utensil</contenuImg>
            <contenuImg CS="0.5" lang="en" source="ibm">protective covering</contenuImg>
            <contenuImg CS="0.5" lang="en" source="ibm">cap</contenuImg>
            <contenuImg CS="0.5" lang="en" source="ibm">thimble</contenuImg>
            <contenuImg CS="0.772" lang="en" source="ibm">fabric</contenuImg>
            <contenuImg CS="0.772" lang="en" source="ibm">towel</contenuImg>
            <contenuImg CS="0.771" lang="en" source="ibm">dishtowel</contenuImg>
            <tech source="final">estampe/gravure</tech>
            <theme source="final">13</theme>
            <tech CS="1" source="md">estampe/gravure</tech>
            <theme CS="1" source="md">13</theme>
            <contenuImg CS="1.0" lang="en" source="md">shellfish</contenuImg>
            <contenuImg CS="1.0" lang="en" source="md">animal</contenuImg>
            <contenuImg CS="1.0" lang="en" source="md">invertebrate</contenuImg>
            <titraille>Coquilles : peinture / Yoeequa Painter</titraille>
          </ill>
        </ills>
      </page>
      <page ordre="11">
        <blocIll ocr="1">1</blocIll>
        <ills>
          <ill classif="CCibm" couleur="coul" h="3987" n="11-1" taille="10" w="5106" x="1" y="1">
            <contenuImg CS="0.518" lang="fr" source="ibm">caisse américaine (cadre)</contenuImg>
            <contenuImg CS="0.522" lang="fr" source="ibm">boîte</contenuImg>
            <contenuImg CS="0.513" lang="fr" source="ibm">structure porteuse</contenuImg>
            <contenuImg CS="0.508" lang="fr" source="ibm">fruits de mer</contenuImg>
            <contenuImg CS="0.513" lang="fr" source="ibm">cadre</contenuImg>
            <contenuImg b="55" coul="1" g="49" ordre="7" r="86" source="colorific" type="frg">#563137</contenuImg>
            <contenuImg b="133" coul="1" g="141" ordre="6" r="184" source="colorific" type="frg">#b88d85</contenuImg>
            <contenuImg b="108" coul="1" g="124" ordre="5" r="145" source="colorific" type="frg">#917c6c</contenuImg>
            <contenuImg b="88" coul="1" g="82" ordre="4" r="124" source="colorific" type="frg">#7c5258</contenuImg>
            <contenuImg b="148" coul="1" g="153" ordre="3" r="161" source="colorific" type="frg">#a19994</contenuImg>
            <contenuImg b="152" coul="1" g="146" ordre="2" r="130" source="colorific" type="frg">#829298</contenuImg>
            <contenuImg b="193" coul="1" g="212" ordre="1" r="217" source="colorific" type="frg">#d9d4c1</contenuImg>
            <contenuImg CS="0.508" lang="fr" source="ibm">coquillage,crustacé</contenuImg>
            <contenuImg CS="1.0" lang="fr" source="md">invertébré</contenuImg>
            <contenuImg CS="1.0" lang="fr" source="md">animal</contenuImg>
            <contenuImg CS="1.0" lang="fr" source="md">coquillage,crustacé</contenuImg>
            <contenuImg CS="0.602" lang="fr" source="ibm">coquille Saint-Jacques</contenuImg>
            <contenuImg CS="0.502" lang="fr" source="ibm">moule</contenuImg>
            <contenuImg CS="0.503" lang="fr" source="ibm">bivalve</contenuImg>
            <contenuImg CS="0.508" lang="fr" source="ibm">coquillage</contenuImg>
            <contenuImg CS="0.508" lang="fr" source="ibm">invertébré</contenuImg>
            <contenuImg CS="0.509" lang="fr" source="ibm">animal</contenuImg>
            <contenuImg CS="0.851" coul="1" lang="fr" source="ibm">noisette (couleur)</contenuImg>
            <contenuImg CS="0.544" coul="1" lang="fr" source="ibm">rose (couleur)</contenuImg>
            <contenuImg CS="0.544" coul="1" lang="en" source="ibm">pink color</contenuImg>
            <contenuImg CS="0.851" coul="1" lang="en" source="ibm">chestnut color</contenuImg>
            <contenuImg CS="0.509" lang="en" source="ibm">animal</contenuImg>
            <contenuImg CS="0.508" lang="en" source="ibm">invertebrate</contenuImg>
            <contenuImg CS="0.508" lang="en" source="ibm">shellfish</contenuImg>
            <contenuImg CS="0.503" lang="en" source="ibm">bivalve (animal with shell)</contenuImg>
            <contenuImg CS="0.502" lang="en" source="ibm">mussel</contenuImg>
            <contenuImg CS="0.5" lang="en" source="ibm">freshwater mussel</contenuImg>
            <contenuImg CS="0.513" lang="en" source="ibm">supporting structure</contenuImg>
            <contenuImg CS="0.513" lang="en" source="ibm">framework</contenuImg>
            <contenuImg CS="0.513" lang="en" source="ibm">picture frame</contenuImg>
            <contenuImg CS="0.522" lang="en" source="ibm">box</contenuImg>
            <contenuImg CS="0.518" lang="en" source="ibm">shadow box</contenuImg>
            <contenuImg CS="0.566" lang="en" source="ibm">shell</contenuImg>
            <contenuImg CS="0.602" lang="en" source="ibm">scallop shell</contenuImg>
            <tech source="final">estampe/gravure</tech>
            <theme source="final">13</theme>
            <tech CS="1" source="md">estampe/gravure</tech>
            <theme CS="1" source="md">13</theme>
            <contenuImg CS="1.0" lang="en" source="md">shellfish</contenuImg>
            <contenuImg CS="1.0" lang="en" source="md">animal</contenuImg>
            <contenuImg CS="1.0" lang="en" source="md">invertebrate</contenuImg>
            <titraille>Coquilles : peinture / Yoeequa Painter</titraille>
          </ill>
        </ills>
      </page>
      <page ordre="12">
        <blocIll ocr="1">1</blocIll>
        <ills>
          <ill classif="CCibm" couleur="coul" h="3962" n="12-1" taille="10" w="5083" x="1" y="1">
            <contenuImg CS="0.782" lang="fr" source="ibm">fruits de mer</contenuImg>
            <contenuImg CS="0.5" lang="fr" source="ibm">patin</contenuImg>
            <contenuImg CS="0.502" lang="fr" source="ibm">rayon</contenuImg>
            <contenuImg CS="0.798" lang="fr" source="ibm">ustensile</contenuImg>
            <contenuImg b="109" coul="1" g="124" ordre="7" r="142" source="colorific" type="frg">#8e7c6d</contenuImg>
            <contenuImg b="68" coul="1" g="78" ordre="6" r="110" source="colorific" type="frg">#6e4e44</contenuImg>
            <contenuImg b="96" coul="1" g="117" ordre="5" r="123" source="colorific" type="frg">#7b7560</contenuImg>
            <contenuImg b="60" coul="1" g="70" ordre="4" r="79" source="colorific" type="frg">#4f463c</contenuImg>
            <contenuImg b="170" coul="1" g="178" ordre="3" r="196" source="colorific" type="frg">#c4b2aa</contenuImg>
            <contenuImg b="166" coul="1" g="163" ordre="2" r="147" source="colorific" type="frg">#93a3a6</contenuImg>
            <contenuImg b="180" coul="1" g="201" ordre="1" r="208" source="colorific" type="frg">#d0c9b4</contenuImg>
            <contenuImg CS="0.782" lang="fr" source="ibm">coquillage,crustacé</contenuImg>
            <contenuImg CS="1.0" lang="fr" source="md">invertébré</contenuImg>
            <contenuImg CS="1.0" lang="fr" source="md">animal</contenuImg>
            <contenuImg CS="1.0" lang="fr" source="md">coquillage,crustacé</contenuImg>
            <contenuImg CS="0.777" lang="fr" source="ibm">moule</contenuImg>
            <contenuImg CS="0.78" lang="fr" source="ibm">bivalve</contenuImg>
            <contenuImg CS="0.782" lang="fr" source="ibm">coquillage</contenuImg>
            <contenuImg CS="0.782" lang="fr" source="ibm">invertébré</contenuImg>
            <contenuImg CS="0.827" lang="fr" source="ibm">animal</contenuImg>
            <contenuImg CS="0.504" lang="fr" source="ibm">poisson</contenuImg>
            <contenuImg CS="0.505" lang="fr" source="ibm">vertébré aquatique</contenuImg>
            <contenuImg CS="0.829" coul="1" lang="fr" source="ibm">marron clair</contenuImg>
            <contenuImg CS="0.829" coul="1" lang="en" source="ibm">light brown color</contenuImg>
            <contenuImg CS="0.798" lang="en" source="ibm">utensil</contenuImg>
            <contenuImg CS="0.505" lang="en" source="ibm">aquatic vertebrate</contenuImg>
            <contenuImg CS="0.504" lang="en" source="ibm">fish</contenuImg>
            <contenuImg CS="0.502" lang="en" source="ibm">ray</contenuImg>
            <contenuImg CS="0.5" lang="en" source="ibm">skate</contenuImg>
            <contenuImg CS="0.571" lang="en" source="ibm">shell</contenuImg>
            <contenuImg CS="0.827" lang="en" source="ibm">animal</contenuImg>
            <contenuImg CS="0.782" lang="en" source="ibm">invertebrate</contenuImg>
            <contenuImg CS="0.782" lang="en" source="ibm">shellfish</contenuImg>
            <contenuImg CS="0.78" lang="en" source="ibm">bivalve (animal with shell)</contenuImg>
            <contenuImg CS="0.777" lang="en" source="ibm">mussel</contenuImg>
            <contenuImg CS="0.769" lang="en" source="ibm">freshwater mussel</contenuImg>
            <tech source="final">estampe/gravure</tech>
            <theme source="final">13</theme>
            <tech CS="1" source="md">estampe/gravure</tech>
            <theme CS="1" source="md">13</theme>
            <contenuImg CS="1.0" lang="en" source="md">shellfish</contenuImg>
            <contenuImg CS="1.0" lang="en" source="md">animal</contenuImg>
            <contenuImg CS="1.0" lang="en" source="md">invertebrate</contenuImg>
            <titraille>Coquilles : peinture / Yoeequa Painter</titraille>
          </ill>
        </ills>
      </page>
      <page ordre="13">
        <blocIll ocr="1">1</blocIll>
        <ills>
          <ill classif="CCibm" couleur="coul" h="3972" n="13-1" taille="10" w="5025" x="1" y="1">
            <contenuImg CS="0.622" lang="fr" source="ibm">appât</contenuImg>
            <contenuImg CS="0.514" lang="fr" source="ibm">ver de terre</contenuImg>
            <contenuImg CS="0.52" lang="fr" source="ibm">ver</contenuImg>
            <contenuImg CS="0.538" lang="fr" source="ibm">moustique (larve)</contenuImg>
            <contenuImg b="66" coul="1" g="71" ordre="7" r="107" source="colorific" type="frg">#6b4742</contenuImg>
            <contenuImg b="103" coul="1" g="100" ordre="6" r="180" source="colorific" type="frg">#b46467</contenuImg>
            <contenuImg b="134" coul="1" g="145" ordre="5" r="192" source="colorific" type="frg">#c09186</contenuImg>
            <contenuImg b="54" coul="1" g="55" ordre="4" r="63" source="colorific" type="frg">#3f3736</contenuImg>
            <contenuImg b="79" coul="1" g="86" ordre="3" r="96" source="colorific" type="frg">#60564f</contenuImg>
            <contenuImg b="171" coul="1" g="165" ordre="2" r="148" source="colorific" type="frg">#94a5ab</contenuImg>
            <contenuImg b="148" coul="1" g="157" ordre="1" r="165" source="colorific" type="frg">#a59d94</contenuImg>
            <contenuImg CS="1.0" lang="fr" source="md">invertébré</contenuImg>
            <contenuImg CS="1.0" lang="fr" source="md">animal</contenuImg>
            <contenuImg CS="1.0" lang="fr" source="md">coquillage,crustacé</contenuImg>
            <contenuImg CS="0.54" lang="fr" source="ibm">larve</contenuImg>
            <contenuImg CS="0.724" lang="fr" source="ibm">animal</contenuImg>
            <contenuImg CS="0.52" lang="fr" source="ibm">vers</contenuImg>
            <contenuImg CS="0.521" lang="fr" source="ibm">invertébré</contenuImg>
            <contenuImg CS="0.5" lang="fr" source="ibm">guppy sauvage</contenuImg>
            <contenuImg CS="0.547" lang="fr" source="ibm">poisson</contenuImg>
            <contenuImg CS="0.572" lang="fr" source="ibm">vertébré aquatique</contenuImg>
            <contenuImg CS="0.946" coul="1" lang="fr" source="ibm">noisette (couleur)</contenuImg>
            <contenuImg CS="0.681" coul="1" lang="fr" source="ibm">oeillet (couleur)</contenuImg>
            <contenuImg CS="0.681" coul="1" lang="en" source="ibm">carnation color</contenuImg>
            <contenuImg CS="0.946" coul="1" lang="en" source="ibm">chestnut color</contenuImg>
            <contenuImg CS="0.572" lang="en" source="ibm">aquatic vertebrate</contenuImg>
            <contenuImg CS="0.547" lang="en" source="ibm">fish</contenuImg>
            <contenuImg CS="0.5" lang="en" source="ibm">mosquitofish</contenuImg>
            <contenuImg CS="0.521" lang="en" source="ibm">invertebrate</contenuImg>
            <contenuImg CS="0.52" lang="en" source="ibm">worm</contenuImg>
            <contenuImg CS="0.514" lang="en" source="ibm">earthworm</contenuImg>
            <contenuImg CS="0.724" lang="en" source="ibm">animal</contenuImg>
            <contenuImg CS="0.54" lang="en" source="ibm">larva</contenuImg>
            <contenuImg CS="0.538" lang="en" source="ibm">wiggler (mosquito larva)</contenuImg>
            <contenuImg CS="0.622" lang="en" source="ibm">bait</contenuImg>
            <tech source="final">estampe/gravure</tech>
            <theme source="final">13</theme>
            <tech CS="1" source="md">estampe/gravure</tech>
            <theme CS="1" source="md">13</theme>
            <contenuImg CS="1.0" lang="en" source="md">shellfish</contenuImg>
            <contenuImg CS="1.0" lang="en" source="md">animal</contenuImg>
            <contenuImg CS="1.0" lang="en" source="md">invertebrate</contenuImg>
            <titraille>Coquilles : peinture / Yoeequa Painter</titraille>
          </ill>
        </ills>
      </page>
      <page ordre="14">
        <blocIll ocr="1">1</blocIll>
        <ills>
          <ill classif="CCibm" couleur="coul" h="3950" n="14-1" taille="10" w="5083" x="1" y="1">
            <contenuImg CS="0.713" lang="fr" source="ibm">dé à coudre</contenuImg>
            <contenuImg CS="0.713" lang="fr" source="ibm">casquette</contenuImg>
            <contenuImg CS="0.713" lang="fr" source="ibm">revêtement de protection</contenuImg>
            <contenuImg CS="0.703" lang="fr" source="ibm">fruits de mer</contenuImg>
            <contenuImg CS="0.597" lang="fr" source="ibm">chaussure</contenuImg>
            <contenuImg b="77" coul="1" g="84" ordre="6" r="99" source="colorific" type="frg">#63544d</contenuImg>
            <contenuImg b="77" coul="1" g="84" ordre="5" r="128" source="colorific" type="frg">#80544d</contenuImg>
            <contenuImg b="54" coul="1" g="55" ordre="4" r="77" source="colorific" type="frg">#4d3736</contenuImg>
            <contenuImg b="135" coul="1" g="143" ordre="3" r="151" source="colorific" type="frg">#978f87</contenuImg>
            <contenuImg b="163" coul="1" g="153" ordre="2" r="136" source="colorific" type="frg">#8899a3</contenuImg>
            <contenuImg b="186" coul="1" g="203" ordre="1" r="210" source="colorific" type="frg">#d2cbba</contenuImg>
            <contenuImg CS="0.703" lang="fr" source="ibm">coquillage,crustacé</contenuImg>
            <contenuImg CS="1.0" lang="fr" source="md">invertébré</contenuImg>
            <contenuImg CS="1.0" lang="fr" source="md">animal</contenuImg>
            <contenuImg CS="1.0" lang="fr" source="md">coquillage,crustacé</contenuImg>
            <contenuImg CS="0.568" lang="fr" source="ibm">gastropode</contenuImg>
            <contenuImg CS="0.703" lang="fr" source="ibm">coquillage</contenuImg>
            <contenuImg CS="0.703" lang="fr" source="ibm">invertébré</contenuImg>
            <contenuImg CS="0.703" lang="fr" source="ibm">animal</contenuImg>
            <contenuImg CS="0.503" lang="fr" source="ibm">bivalve</contenuImg>
            <contenuImg CS="0.846" lang="fr" source="ibm">brun rougeâtre</contenuImg>
            <contenuImg CS="0.812" coul="1" lang="fr" source="ibm">noisette (couleur)</contenuImg>
            <contenuImg CS="0.812" coul="1" lang="en" source="ibm">chestnut color</contenuImg>
            <contenuImg CS="0.846" coul="1" lang="en" source="ibm">reddish brown color</contenuImg>
            <contenuImg CS="0.597" lang="en" source="ibm">footwear</contenuImg>
            <contenuImg CS="0.503" lang="en" source="ibm">bivalve (animal with shell)</contenuImg>
            <contenuImg CS="0.5" lang="en" source="ibm">ark shell</contenuImg>
            <contenuImg CS="0.533" lang="en" source="ibm">shell</contenuImg>
            <contenuImg CS="0.703" lang="en" source="ibm">animal</contenuImg>
            <contenuImg CS="0.703" lang="en" source="ibm">invertebrate</contenuImg>
            <contenuImg CS="0.703" lang="en" source="ibm">shellfish</contenuImg>
            <contenuImg CS="0.568" lang="en" source="ibm">gastropod (animal with a shell)</contenuImg>
            <contenuImg CS="0.568" lang="en" source="ibm">money cowrie (animal with shell)</contenuImg>
            <contenuImg CS="0.713" lang="en" source="ibm">protective covering</contenuImg>
            <contenuImg CS="0.713" lang="en" source="ibm">cap</contenuImg>
            <contenuImg CS="0.713" lang="en" source="ibm">thimble</contenuImg>
            <tech source="final">estampe/gravure</tech>
            <theme source="final">13</theme>
            <tech CS="1" source="md">estampe/gravure</tech>
            <theme CS="1" source="md">13</theme>
            <contenuImg CS="1.0" lang="en" source="md">shellfish</contenuImg>
            <contenuImg CS="1.0" lang="en" source="md">animal</contenuImg>
            <contenuImg CS="1.0" lang="en" source="md">invertebrate</contenuImg>
            <titraille>Coquilles : peinture / Yoeequa Painter</titraille>
          </ill>
        </ills>
      </page>
      <page ordre="15">
        <blocIll ocr="1">1</blocIll>
        <ills>
          <ill classif="CCibm" couleur="coul" h="3960" n="15-1" taille="10" w="5106" x="1" y="1">
            <contenuImg CS="0.693" lang="fr" source="ibm">mille-pattes</contenuImg>
            <contenuImg CS="0.5" lang="fr" source="ibm">moustique (larve)</contenuImg>
            <contenuImg b="73" coul="1" g="83" ordre="5" r="95" source="colorific" type="frg">#5f5349</contenuImg>
            <contenuImg b="71" coul="1" g="77" ordre="4" r="125" source="colorific" type="frg">#7d4d47</contenuImg>
            <contenuImg b="135" coul="1" g="145" ordre="3" r="155" source="colorific" type="frg">#9b9187</contenuImg>
            <contenuImg b="178" coul="1" g="171" ordre="2" r="158" source="colorific" type="frg">#9eabb2</contenuImg>
            <contenuImg b="185" coul="1" g="205" ordre="1" r="212" source="colorific" type="frg">#d4cdb9</contenuImg>
            <contenuImg CS="1.0" lang="fr" source="md">invertébré</contenuImg>
            <contenuImg CS="1.0" lang="fr" source="md">animal</contenuImg>
            <contenuImg CS="1.0" lang="fr" source="md">coquillage,crustacé</contenuImg>
            <contenuImg CS="0.917" lang="fr" source="ibm">invertébré</contenuImg>
            <contenuImg CS="0.951" lang="fr" source="ibm">animal</contenuImg>
            <contenuImg CS="0.512" lang="fr" source="ibm">larve</contenuImg>
            <contenuImg CS="0.87" coul="1" lang="fr" source="ibm">noisette (couleur)</contenuImg>
            <contenuImg CS="0.72" coul="1" lang="fr" source="ibm">marron clair</contenuImg>
            <txt source="google">"More - the - ",</txt>
            <contenuImg CS="0.72" coul="1" lang="en" source="ibm">light brown color</contenuImg>
            <contenuImg CS="0.87" coul="1" lang="en" source="ibm">chestnut color</contenuImg>
            <contenuImg CS="0.512" lang="en" source="ibm">larva</contenuImg>
            <contenuImg CS="0.5" lang="en" source="ibm">wiggler (mosquito larva)</contenuImg>
            <contenuImg CS="0.693" lang="en" source="ibm">centipede</contenuImg>
            <contenuImg CS="0.951" lang="en" source="ibm">animal</contenuImg>
            <contenuImg CS="0.917" lang="en" source="ibm">invertebrate</contenuImg>
            <contenuImg CS="0.791" lang="en" source="ibm">house centipede</contenuImg>
            <tech source="final">estampe/gravure</tech>
            <theme source="final">13</theme>
            <tech CS="1" source="md">estampe/gravure</tech>
            <theme CS="1" source="md">13</theme>
            <contenuImg CS="1.0" lang="en" source="md">shellfish</contenuImg>
            <contenuImg CS="1.0" lang="en" source="md">animal</contenuImg>
            <contenuImg CS="1.0" lang="en" source="md">invertebrate</contenuImg>
            <titraille>Coquilles : peinture / Yoeequa Painter</titraille>
          </ill>
        </ills>
      </page>
      <page ordre="16">
        <blocIll ocr="1">1</blocIll>
        <ills>
          <ill classif="CCibm" couleur="coul" edit="true" filtretf="1" h="3950" n="16-1" taille="10" w="5083" x="1" y="1">
            <contenuImg CS="0.897" lang="fr" source="ibm">fruits de mer</contenuImg>
            <contenuImg CS="0.5" lang="fr" source="ibm">interrupteur</contenuImg>
            <contenuImg CS="0.501" lang="fr" source="ibm">manette</contenuImg>
            <contenuImg CS="0.791" lang="fr" source="ibm">appareil électrique</contenuImg>
            <contenuImg CS="0.797" lang="fr" source="ibm">bouton poussoir</contenuImg>
            <contenuImg b="59" coul="1" g="66" ordre="7" r="100" source="colorific" type="frg">#64423b</contenuImg>
            <contenuImg b="80" coul="1" g="91" ordre="6" r="98" source="colorific" type="frg">#625b50</contenuImg>
            <contenuImg b="87" coul="1" g="110" ordre="5" r="167" source="colorific" type="frg">#a76e57</contenuImg>
            <contenuImg b="177" coul="1" g="179" ordre="4" r="174" source="colorific" type="frg">#aeb3b1</contenuImg>
            <contenuImg b="132" coul="1" g="142" ordre="3" r="155" source="colorific" type="frg">#9b8e84</contenuImg>
            <contenuImg b="170" coul="1" g="159" ordre="2" r="141" source="colorific" type="frg">#8d9faa</contenuImg>
            <contenuImg b="184" coul="1" g="199" ordre="1" r="207" source="colorific" type="frg">#cfc7b8</contenuImg>
            <contenuImg CS="0.897" lang="fr" source="ibm">coquillage,crustacé</contenuImg>
            <contenuImg CS="1.0" lang="fr" source="md">invertébré</contenuImg>
            <contenuImg CS="1.0" lang="fr" source="md">animal</contenuImg>
            <contenuImg CS="1.0" lang="fr" source="md">coquillage,crustacé</contenuImg>
            <contenuImg CS="0.897" lang="fr" source="ibm">moule</contenuImg>
            <contenuImg CS="0.897" lang="fr" source="ibm">bivalve</contenuImg>
            <contenuImg CS="0.897" lang="fr" source="ibm">coquillage</contenuImg>
            <contenuImg CS="0.897" lang="fr" source="ibm">invertébré</contenuImg>
            <contenuImg CS="0.897" lang="fr" source="ibm">animal</contenuImg>
            <contenuImg CS="1" coul="1" lang="fr" source="ibm">noisette (couleur)</contenuImg>
            <contenuImg CS="1" coul="1" lang="en" source="ibm">chestnut color</contenuImg>
            <contenuImg CS="0.797" lang="en" source="ibm">push button</contenuImg>
            <contenuImg CS="0.791" lang="en" source="ibm">electrical device</contenuImg>
            <contenuImg CS="0.501" lang="en" source="ibm">controller</contenuImg>
            <contenuImg CS="0.5" lang="en" source="ibm">electric switch</contenuImg>
            <contenuImg CS="0.897" lang="en" source="ibm">animal</contenuImg>
            <contenuImg CS="0.897" lang="en" source="ibm">invertebrate</contenuImg>
            <contenuImg CS="0.897" lang="en" source="ibm">shellfish</contenuImg>
            <contenuImg CS="0.897" lang="en" source="ibm">bivalve (animal with shell)</contenuImg>
            <contenuImg CS="0.897" lang="en" source="ibm">mussel</contenuImg>
            <contenuImg CS="0.896" lang="en" source="ibm">freshwater mussel</contenuImg>
            <tech source="final">dessin</tech>
            <genre CS="0.26" source="TensorFlow">filtrecouv</genre>
            <theme source="final">13</theme>
            <tech CS="1" source="md">estampe/gravure</tech>
            <theme CS="1" source="md">13</theme>
            <contenuImg CS="1.0" lang="en" source="md">shellfish</contenuImg>
            <contenuImg CS="1.0" lang="en" source="md">animal</contenuImg>
            <contenuImg CS="1.0" lang="en" source="md">invertebrate</contenuImg>
            <titraille>Coquilles : peinture / Yoeequa Painter</titraille>
            <tech source="hm" time="2019-03-02T12:32:08.614+01:00">dessin</tech>
            <tech source="hm" time="2019-03-02T16:01:38.9+01:00">dessin</tech>
          </ill>
        </ills>
      </page>
      <page ordre="17">
        <blocIll ocr="1">1</blocIll>
        <ills>
          <ill classif="CCibm" couleur="coul" h="3960" n="17-1" taille="10" w="5106" x="1" y="1">
            <contenuImg CS="0.641" lang="fr" source="ibm">bouton</contenuImg>
            <contenuImg CS="0.544" lang="fr" source="ibm">truffe</contenuImg>
            <contenuImg CS="0.544" lang="fr" source="ibm">bonbons</contenuImg>
            <contenuImg CS="0.547" lang="fr" source="ibm">sucrerie</contenuImg>
            <contenuImg CS="0.547" lang="fr" source="ibm">friandise</contenuImg>
            <contenuImg CS="0.547" lang="fr" source="ibm">nutrition</contenuImg>
            <contenuImg CS="0.64" lang="fr" source="ibm">aliments</contenuImg>
            <contenuImg CS="0.518" lang="fr" source="ibm">timbre</contenuImg>
            <contenuImg CS="0.518" lang="fr" source="ibm">outil</contenuImg>
            <contenuImg CS="0.523" lang="fr" source="ibm">fruits de mer</contenuImg>
            <contenuImg CS="0.503" lang="fr" source="ibm">assaisonnement alimentaire</contenuImg>
            <contenuImg CS="0.503" lang="fr" source="ibm">ingrédient alimentaire</contenuImg>
            <contenuImg CS="0.503" lang="fr" source="ibm">produit alimentaire</contenuImg>
            <contenuImg CS="0.511" lang="fr" source="ibm">graine</contenuImg>
            <contenuImg CS="0.511" lang="fr" source="ibm">fruit</contenuImg>
            <contenuImg CS="0.64" lang="fr" source="ibm">nourriture</contenuImg>
            <contenuImg b="49" coul="1" g="51" ordre="9" r="65" source="colorific" type="frg">#413331</contenuImg>
            <contenuImg b="174" coul="1" g="174" ordre="8" r="166" source="colorific" type="frg">#a6aeae</contenuImg>
            <contenuImg b="174" coul="1" g="179" ordre="7" r="201" source="colorific" type="frg">#c9b3ae</contenuImg>
            <contenuImg b="109" coul="1" g="145" ordre="6" r="182" source="colorific" type="frg">#b6916d</contenuImg>
            <contenuImg b="68" coul="1" g="83" ordre="5" r="89" source="colorific" type="frg">#595344</contenuImg>
            <contenuImg b="48" coul="1" g="50" ordre="4" r="89" source="colorific" type="frg">#593230</contenuImg>
            <contenuImg b="84" coul="1" g="106" ordre="3" r="152" source="colorific" type="frg">#986a54</contenuImg>
            <contenuImg b="163" coul="1" g="150" ordre="2" r="133" source="colorific" type="frg">#8596a3</contenuImg>
            <contenuImg b="142" coul="1" g="153" ordre="1" r="161" source="colorific" type="frg">#a1998e</contenuImg>
            <contenuImg CS="0.523" lang="fr" source="ibm">coquillage,crustacé</contenuImg>
            <contenuImg CS="1.0" lang="fr" source="md">invertébré</contenuImg>
            <contenuImg CS="1.0" lang="fr" source="md">animal</contenuImg>
            <contenuImg CS="1.0" lang="fr" source="md">coquillage,crustacé</contenuImg>
            <contenuImg CS="0.518" lang="fr" source="ibm">moule</contenuImg>
            <contenuImg CS="0.519" lang="fr" source="ibm">bivalve</contenuImg>
            <contenuImg CS="0.523" lang="fr" source="ibm">coquillage</contenuImg>
            <contenuImg CS="0.523" lang="fr" source="ibm">invertébré</contenuImg>
            <contenuImg CS="0.523" lang="fr" source="ibm">animal</contenuImg>
            <contenuImg CS="0.904" coul="1" lang="fr" source="ibm">marron clair</contenuImg>
            <contenuImg CS="0.9" coul="1" lang="fr" source="ibm">noisette (couleur)</contenuImg>
            <contenuImg CS="0.9" coul="1" lang="en" source="ibm">chestnut color</contenuImg>
            <contenuImg CS="0.904" coul="1" lang="en" source="ibm">light brown color</contenuImg>
            <contenuImg CS="0.511" lang="en" source="ibm">fruit</contenuImg>
            <contenuImg CS="0.511" lang="en" source="ibm">seed</contenuImg>
            <contenuImg CS="0.51" lang="en" source="ibm">nut</contenuImg>
            <contenuImg CS="0.5" lang="en" source="ibm">pecan</contenuImg>
            <contenuImg CS="0.503" lang="en" source="ibm">food product</contenuImg>
            <contenuImg CS="0.503" lang="en" source="ibm">food ingredient</contenuImg>
            <contenuImg CS="0.503" lang="en" source="ibm">food seasoning</contenuImg>
            <contenuImg CS="0.503" lang="en" source="ibm">spice</contenuImg>
            <contenuImg CS="0.503" lang="en" source="ibm">nutmeg</contenuImg>
            <contenuImg CS="0.523" lang="en" source="ibm">animal</contenuImg>
            <contenuImg CS="0.523" lang="en" source="ibm">invertebrate</contenuImg>
            <contenuImg CS="0.523" lang="en" source="ibm">shellfish</contenuImg>
            <contenuImg CS="0.519" lang="en" source="ibm">bivalve (animal with shell)</contenuImg>
            <contenuImg CS="0.518" lang="en" source="ibm">mussel</contenuImg>
            <contenuImg CS="0.51" lang="en" source="ibm">freshwater mussel</contenuImg>
            <contenuImg CS="0.518" lang="en" source="ibm">tool</contenuImg>
            <contenuImg CS="0.518" lang="en" source="ibm">stamp</contenuImg>
            <contenuImg CS="0.64" lang="en" source="ibm">food</contenuImg>
            <contenuImg CS="0.547" lang="en" source="ibm">nutrition</contenuImg>
            <contenuImg CS="0.547" lang="en" source="ibm">delicacy</contenuImg>
            <contenuImg CS="0.547" lang="en" source="ibm">sweet</contenuImg>
            <contenuImg CS="0.544" lang="en" source="ibm">candy</contenuImg>
            <contenuImg CS="0.544" lang="en" source="ibm">truffle</contenuImg>
            <contenuImg CS="0.641" lang="en" source="ibm">knob</contenuImg>
            <tech source="final">estampe/gravure</tech>
            <theme source="final">13</theme>
            <tech CS="1" source="md">estampe/gravure</tech>
            <theme CS="1" source="md">13</theme>
            <contenuImg CS="1.0" lang="en" source="md">shellfish</contenuImg>
            <contenuImg CS="1.0" lang="en" source="md">animal</contenuImg>
            <contenuImg CS="1.0" lang="en" source="md">invertebrate</contenuImg>
            <titraille>Coquilles : peinture / Yoeequa Painter</titraille>
          </ill>
        </ills>
      </page>
      <page ordre="18">
        <blocIll ocr="1">1</blocIll>
        <ills>
          <ill classif="CCibm" couleur="coul" h="3944" n="18-1" taille="10" w="5083" x="1" y="1">
            <contenuImg CS="0.933" lang="fr" source="ibm">fruits de mer</contenuImg>
            <contenuImg b="120" coul="1" g="140" ordre="7" r="193" source="colorific" type="frg">#c18c78</contenuImg>
            <contenuImg b="53" coul="1" g="57" ordre="6" r="64" source="colorific" type="frg">#403935</contenuImg>
            <contenuImg b="68" coul="1" g="89" ordre="5" r="93" source="colorific" type="frg">#5d5944</contenuImg>
            <contenuImg b="68" coul="1" g="76" ordre="4" r="141" source="colorific" type="frg">#8d4c44</contenuImg>
            <contenuImg b="104" coul="1" g="118" ordre="3" r="138" source="colorific" type="frg">#8a7668</contenuImg>
            <contenuImg b="174" coul="1" g="169" ordre="2" r="154" source="colorific" type="frg">#9aa9ae</contenuImg>
            <contenuImg b="177" coul="1" g="195" ordre="1" r="204" source="colorific" type="frg">#ccc3b1</contenuImg>
            <contenuImg CS="0.933" lang="fr" source="ibm">coquillage,crustacé</contenuImg>
            <contenuImg CS="1.0" lang="fr" source="md">invertébré</contenuImg>
            <contenuImg CS="1.0" lang="fr" source="md">animal</contenuImg>
            <contenuImg CS="1.0" lang="fr" source="md">coquillage,crustacé</contenuImg>
            <contenuImg CS="0.896" lang="fr" source="ibm">moule</contenuImg>
            <contenuImg CS="0.932" lang="fr" source="ibm">bivalve</contenuImg>
            <contenuImg CS="0.933" lang="fr" source="ibm">coquillage</contenuImg>
            <contenuImg CS="0.933" lang="fr" source="ibm">invertébré</contenuImg>
            <contenuImg CS="0.933" lang="fr" source="ibm">animal</contenuImg>
            <contenuImg CS="0.796" coul="1" lang="fr" source="ibm">cuivre (couleur)</contenuImg>
            <contenuImg CS="0.735" coul="1" lang="fr" source="ibm">oeillet (couleur)</contenuImg>
            <contenuImg CS="0.735" coul="1" lang="en" source="ibm">carnation color</contenuImg>
            <contenuImg CS="0.796" coul="1" lang="en" source="ibm">copper color</contenuImg>
            <contenuImg CS="0.5" lang="en" source="ibm">ark shell</contenuImg>
            <contenuImg CS="0.933" lang="en" source="ibm">animal</contenuImg>
            <contenuImg CS="0.933" lang="en" source="ibm">invertebrate</contenuImg>
            <contenuImg CS="0.933" lang="en" source="ibm">shellfish</contenuImg>
            <contenuImg CS="0.932" lang="en" source="ibm">bivalve (animal with shell)</contenuImg>
            <contenuImg CS="0.896" lang="en" source="ibm">mussel</contenuImg>
            <contenuImg CS="0.854" lang="en" source="ibm">freshwater mussel</contenuImg>
            <tech source="final">estampe/gravure</tech>
            <theme source="final">13</theme>
            <tech CS="1" source="md">estampe/gravure</tech>
            <theme CS="1" source="md">13</theme>
            <contenuImg CS="1.0" lang="en" source="md">shellfish</contenuImg>
            <contenuImg CS="1.0" lang="en" source="md">animal</contenuImg>
            <contenuImg CS="1.0" lang="en" source="md">invertebrate</contenuImg>
            <titraille>Coquilles : peinture / Yoeequa Painter</titraille>
          </ill>
        </ills>
      </page>
      <page ordre="19">
        <blocIll ocr="1">0</blocIll>
        <ills/>
      </page>
      <page ordre="20">
        <blocIll ocr="1">0</blocIll>
        <ills/>
      </page>
    </pages>
  </contenus>
</analyseAlto>