<analyseAlto>
  <metad>
    <type>I</type>
    <ID>btv1b105488489</ID>
    <titre>Coquilles : peinture / Yoeequa Painter</titre>
    <dateEdition>1830-1840</dateEdition>
    <auteur>Yoeequa (18..?-18..). Peintre Lagrené, Marie-Melchior-Joseph-Théodore de (1800-1862). Collecteur</auteur>
    <lang>0</lang>
    <source>Bibliothèque nationale de France, département Estampes et photographie, RESERVE PET FOL-OE-164 (H)</source>
    <nbPage>22</nbPage>
    <descr>Coquillages -- Chine</descr>
  </metad>
  <contenus ocr="false" toc="false">
    <largeur>232</largeur>
    <hauteur>170</hauteur>
    <largeurPx>5493</largeurPx>
    <hauteurPx>4036</hauteurPx>
    <pages>
      <page ordre="3">
        <blocIll ocr="1">0</blocIll>
        <ills/>
      </page>
      <page ordre="4">
        <blocIll ocr="1">0</blocIll>
        <ills/>
      </page>
      <page ordre="5">
        <blocIll ocr="1">0</blocIll>
        <ills/>
      </page>
      <page ordre="6">
        <blocIll ocr="1">0</blocIll>
        <ills/>
      </page>
      <page ordre="7">
        <blocIll ocr="1">1</blocIll>
        <ills>
          <ill classif="CCibm" couleur="coul" h="4024" n="7-1" taille="10" w="5224" x="1" y="1">
            <contenuImg CS="0.915" lang="fr" source="ibm">fruits de mer</contenuImg>
            <contenuImg CS="0.583" lang="fr" source="ibm">support papier (timbres/monnaie)</contenuImg>
            <contenuImg CS="0.583" lang="fr" source="ibm">document écrit</contenuImg>
            <contenuImg CS="0.781" lang="fr" source="ibm">appareil dentaire</contenuImg>
            <contenuImg b="115" coul="1" g="121" ordre="6" r="123" source="colorific" type="frg">#7b7973</contenuImg>
            <contenuImg b="174" coul="1" g="174" ordre="5" r="167" source="colorific" type="frg">#a7aeae</contenuImg>
            <contenuImg b="66" coul="1" g="71" ordre="4" r="122" source="colorific" type="frg">#7a4742</contenuImg>
            <contenuImg b="130" coul="1" g="146" ordre="3" r="184" source="colorific" type="frg">#b89282</contenuImg>
            <contenuImg b="180" coul="1" g="168" ordre="2" r="148" source="colorific" type="frg">#94a8b4</contenuImg>
            <contenuImg b="181" coul="1" g="199" ordre="1" r="206" source="colorific" type="frg">#cec7b5</contenuImg>
            <contenuImg CS="0.915" lang="fr" source="ibm">coquillage,crustacé</contenuImg>
            <contenuImg CS="1.0" lang="fr" source="md">invertébré</contenuImg>
            <contenuImg CS="1.0" lang="fr" source="md">animal</contenuImg>
            <contenuImg CS="1.0" lang="fr" source="md">coquillage,crustacé</contenuImg>
            <contenuImg CS="0.883" lang="fr" source="ibm">moule</contenuImg>
            <contenuImg CS="0.915" lang="fr" source="ibm">bivalve</contenuImg>
            <contenuImg CS="0.915" lang="fr" source="ibm">coquillage</contenuImg>
            <contenuImg CS="0.915" lang="fr" source="ibm">invertébré</contenuImg>
            <contenuImg CS="0.915" lang="fr" source="ibm">animal</contenuImg>
            <contenuImg CS="0.874" coul="1" lang="fr" source="ibm">oeillet (couleur)</contenuImg>
            <contenuImg CS="0.669" coul="1" lang="fr" source="ibm">noisette (couleur)</contenuImg>
            <txt source="google">"EL - as - ",</txt>
            <contenuImg CS="0.669" coul="1" lang="en" source="ibm">chestnut color</contenuImg>
            <contenuImg CS="0.874" coul="1" lang="en" source="ibm">carnation color</contenuImg>
            <contenuImg CS="0.781" lang="en" source="ibm">dental appliance</contenuImg>
            <contenuImg CS="0.5" lang="en" source="ibm">ark shell</contenuImg>
            <contenuImg CS="0.583" lang="en" source="ibm">written document</contenuImg>
            <contenuImg CS="0.583" lang="en" source="ibm">paper based (stamps/currency)</contenuImg>
            <contenuImg CS="0.915" lang="en" source="ibm">animal</contenuImg>
            <contenuImg CS="0.915" lang="en" source="ibm">invertebrate</contenuImg>
            <contenuImg CS="0.915" lang="en" source="ibm">shellfish</contenuImg>
            <contenuImg CS="0.915" lang="en" source="ibm">bivalve (animal with shell)</contenuImg>
            <contenuImg CS="0.883" lang="en" source="ibm">mussel</contenuImg>
            <contenuImg CS="0.882" lang="en" source="ibm">freshwater mussel</contenuImg>
            <tech source="final">estampe/gravure</tech>
            <theme source="final">13</theme>
            <tech CS="1" source="md">estampe/gravure</tech>
            <theme CS="1" source="md">13</theme>
            <contenuImg CS="1.0" lang="en" source="md">shellfish</contenuImg>
            <contenuImg CS="1.0" lang="en" source="md">animal</contenuImg>
            <contenuImg CS="1.0" lang="en" source="md">invertebrate</contenuImg>
            <titraille>Coquilles : peinture / Yoeequa Painter</titraille>
          </ill>
        </ills>
      </page>
      <page ordre="8">
        <blocIll ocr="1">1</blocIll>
        <ills>
          <ill classif="CCibm" couleur="coul" h="4000" n="8-1" taille="10" w="5191" x="1" y="1">
            <contenuImg CS="0.574" lang="fr" source="ibm">alimentation</contenuImg>
            <contenuImg CS="0.574" lang="fr" source="ibm">aliments</contenuImg>
            <contenuImg CS="0.557" lang="fr" source="ibm">appât</contenuImg>
            <contenuImg CS="0.501" lang="fr" source="ibm">incubateur</contenuImg>
            <contenuImg CS="0.501" lang="fr" source="ibm">appareil</contenuImg>
            <contenuImg CS="0.574" lang="fr" source="ibm">nourriture</contenuImg>
            <contenuImg b="111" coul="1" g="124" ordre="6" r="171" source="colorific" type="frg">#ab7c6f</contenuImg>
            <contenuImg b="52" coul="1" g="53" ordre="5" r="73" source="colorific" type="frg">#493534</contenuImg>
            <contenuImg b="62" coul="1" g="66" ordre="4" r="106" source="colorific" type="frg">#6a423e</contenuImg>
            <contenuImg b="133" coul="1" g="142" ordre="3" r="152" source="colorific" type="frg">#988e85</contenuImg>
            <contenuImg b="161" coul="1" g="154" ordre="2" r="137" source="colorific" type="frg">#899aa1</contenuImg>
            <contenuImg b="183" coul="1" g="201" ordre="1" r="209" source="colorific" type="frg">#d1c9b7</contenuImg>
            <contenuImg CS="1.0" lang="fr" source="md">invertébré</contenuImg>
            <contenuImg CS="1.0" lang="fr" source="md">animal</contenuImg>
            <contenuImg CS="1.0" lang="fr" source="md">coquillage,crustacé</contenuImg>
            <contenuImg CS="0.532" lang="fr" source="ibm">poisson</contenuImg>
            <contenuImg CS="0.545" lang="fr" source="ibm">vertébré aquatique</contenuImg>
            <contenuImg CS="0.545" lang="fr" source="ibm">animal</contenuImg>
            <contenuImg CS="0.862" coul="1" lang="fr" source="ibm">noisette (couleur)</contenuImg>
            <contenuImg CS="0.862" coul="1" lang="en" source="ibm">chestnut color</contenuImg>
            <contenuImg CS="0.545" lang="en" source="ibm">animal</contenuImg>
            <contenuImg CS="0.545" lang="en" source="ibm">aquatic vertebrate</contenuImg>
            <contenuImg CS="0.532" lang="en" source="ibm">fish</contenuImg>
            <contenuImg CS="0.5" lang="en" source="ibm">young fish</contenuImg>
            <contenuImg CS="0.501" lang="en" source="ibm">apparatus</contenuImg>
            <contenuImg CS="0.501" lang="en" source="ibm">incubator</contenuImg>
            <contenuImg CS="0.504" lang="en" source="ibm">shell</contenuImg>
            <contenuImg CS="0.557" lang="en" source="ibm">bait</contenuImg>
            <contenuImg CS="0.574" lang="en" source="ibm">food</contenuImg>
            <contenuImg CS="0.574" lang="en" source="ibm">feed</contenuImg>
            <contenuImg CS="0.574" lang="en" source="ibm">bird feed</contenuImg>
            <tech source="final">estampe/gravure</tech>
            <theme source="final">13</theme>
            <tech CS="1" source="md">estampe/gravure</tech>
            <theme CS="1" source="md">13</theme>
            <contenuImg CS="1.0" lang="en" source="md">shellfish</contenuImg>
            <contenuImg CS="1.0" lang="en" source="md">animal</contenuImg>
            <contenuImg CS="1.0" lang="en" source="md">invertebrate</contenuImg>
            <titraille>Coquilles : peinture / Yoeequa Painter</titraille>
          </ill>
        </ills>
      </page>
      <page ordre="9">
        <blocIll ocr="1">1</blocIll>
        <ills>
          <ill classif="CCibm" couleur="coul" h="4027" n="9-1" taille="10" w="5218" x="1" y="1">
            <contenuImg CS="0.684" lang="fr" source="ibm">dé à coudre</contenuImg>
            <contenuImg CS="0.684" lang="fr" source="ibm">casquette</contenuImg>
            <contenuImg CS="0.684" lang="fr" source="ibm">revêtement de protection</contenuImg>
            <contenuImg CS="0.588" lang="fr" source="ibm">base-ball</contenuImg>
            <contenuImg CS="0.589" lang="fr" source="ibm">équipement de baseball</contenuImg>
            <contenuImg CS="0.5" lang="fr" source="ibm">boule à thé</contenuImg>
            <contenuImg CS="0.503" lang="fr" source="ibm">ustensile</contenuImg>
            <contenuImg CS="0.599" lang="fr" source="ibm">fruits de mer</contenuImg>
            <contenuImg b="114" coul="1" g="122" ordre="4" r="131" source="colorific" type="frg">#837a72</contenuImg>
            <contenuImg b="69" coul="1" g="76" ordre="3" r="98" source="colorific" type="frg">#624c45</contenuImg>
            <contenuImg b="172" coul="1" g="167" ordre="2" r="150" source="colorific" type="frg">#96a7ac</contenuImg>
            <contenuImg b="167" coul="1" g="179" ordre="1" r="185" source="colorific" type="frg">#b9b3a7</contenuImg>
            <contenuImg CS="0.599" lang="fr" source="ibm">coquillage,crustacé</contenuImg>
            <contenuImg CS="1.0" lang="fr" source="md">invertébré</contenuImg>
            <contenuImg CS="1.0" lang="fr" source="md">animal</contenuImg>
            <contenuImg CS="1.0" lang="fr" source="md">coquillage,crustacé</contenuImg>
            <contenuImg CS="0.599" lang="fr" source="ibm">coquillage</contenuImg>
            <contenuImg CS="0.802" coul="1" lang="fr" source="ibm">ivoire (couleur)</contenuImg>
            <contenuImg CS="0.568" coul="1" lang="fr" source="ibm">cuivre (couleur)</contenuImg>
            <contenuImg CS="0.568" coul="1" lang="en" source="ibm">copper color</contenuImg>
            <contenuImg CS="0.802" coul="1" lang="en" source="ibm">ivory color</contenuImg>
            <contenuImg CS="0.599" lang="en" source="ibm">shellfish</contenuImg>
            <contenuImg CS="0.503" lang="en" source="ibm">utensil</contenuImg>
            <contenuImg CS="0.5" lang="en" source="ibm">tea ball</contenuImg>
            <contenuImg CS="0.559" lang="en" source="ibm">Jewel</contenuImg>
            <contenuImg CS="0.589" lang="en" source="ibm">baseball equipment</contenuImg>
            <contenuImg CS="0.588" lang="en" source="ibm">baseball</contenuImg>
            <contenuImg CS="0.684" lang="en" source="ibm">protective covering</contenuImg>
            <contenuImg CS="0.684" lang="en" source="ibm">cap</contenuImg>
            <contenuImg CS="0.684" lang="en" source="ibm">thimble</contenuImg>
            <tech source="final">estampe/gravure</tech>
            <theme source="final">13</theme>
            <tech CS="1" source="md">estampe/gravure</tech>
            <theme CS="1" source="md">13</theme>
            <contenuImg CS="1.0" lang="en" source="md">shellfish</contenuImg>
            <contenuImg CS="1.0" lang="en" source="md">animal</contenuImg>
            <contenuImg CS="1.0" lang="en" source="md">invertebrate</contenuImg>
            <titraille>Coquilles : peinture / Yoeequa Painter</titraille>
          </ill>
        </ills>
      </page>
      <page ordre="10">
        <blocIll ocr="1">1</blocIll>
        <ills>
          <ill classif="CCibm" couleur="coul" h="4006" n="10-1" taille="10" w="5197" x="1" y="1">
            <contenuImg CS="0.513" lang="fr" source="ibm">joint torique</contenuImg>
            <contenuImg CS="0.612" lang="fr" source="ibm">bouton</contenuImg>
            <contenuImg CS="0.8" lang="fr" source="ibm">attache</contenuImg>
            <contenuImg CS="0.8" lang="fr" source="ibm">dispositif de contrainte (chaînes)</contenuImg>
            <contenuImg CS="0.547" lang="fr" source="ibm">timbre</contenuImg>
            <contenuImg CS="0.547" lang="fr" source="ibm">outil</contenuImg>
            <contenuImg CS="0.543" lang="fr" source="ibm">bouton-pression</contenuImg>
            <contenuImg CS="0.5" lang="fr" source="ibm">machine à laver</contenuImg>
            <contenuImg CS="0.798" lang="fr" source="ibm">bouton poussoir</contenuImg>
            <contenuImg CS="0.646" coul="1" lang="fr" source="ibm">vert olive</contenuImg>
            <contenuImg b="69" coul="1" g="76" ordre="8" r="94" source="colorific" type="frg">#5e4c45</contenuImg>
            <contenuImg b="52" coul="1" g="51" ordre="7" r="76" source="colorific" type="frg">#4c3334</contenuImg>
            <contenuImg b="126" coul="1" g="130" ordre="6" r="159" source="colorific" type="frg">#9f827e</contenuImg>
            <contenuImg b="59" coul="1" g="71" ordre="5" r="75" source="colorific" type="frg">#4b473b</contenuImg>
            <contenuImg b="77" coul="1" g="76" ordre="4" r="130" source="colorific" type="frg">#824c4d</contenuImg>
            <contenuImg b="86" coul="1" g="110" ordre="3" r="112" source="colorific" type="frg">#706e56</contenuImg>
            <contenuImg b="161" coul="1" g="155" ordre="2" r="137" source="colorific" type="frg">#899ba1</contenuImg>
            <contenuImg b="156" coul="1" g="167" ordre="1" r="173" source="colorific" type="frg">#ada79c</contenuImg>
            <contenuImg CS="1.0" lang="fr" source="md">invertébré</contenuImg>
            <contenuImg CS="1.0" lang="fr" source="md">animal</contenuImg>
            <contenuImg CS="1.0" lang="fr" source="md">coquillage,crustacé</contenuImg>
            <contenuImg CS="0.646" coul="1" lang="fr" source="ibm">couleur vert olive</contenuImg>
            <contenuImg CS="0.646" coul="1" lang="en" source="ibm">olive green color</contenuImg>
            <contenuImg CS="0.798" lang="en" source="ibm">push button</contenuImg>
            <contenuImg CS="0.5" lang="en" source="ibm">washer</contenuImg>
            <contenuImg CS="0.513" lang="en" source="ibm">O ring</contenuImg>
            <contenuImg CS="0.543" lang="en" source="ibm">snap fastener</contenuImg>
            <contenuImg CS="0.547" lang="en" source="ibm">tool</contenuImg>
            <contenuImg CS="0.547" lang="en" source="ibm">stamp</contenuImg>
            <contenuImg CS="0.8" lang="en" source="ibm">restraint (chains)</contenuImg>
            <contenuImg CS="0.8" lang="en" source="ibm">fastener</contenuImg>
            <contenuImg CS="0.612" lang="en" source="ibm">button</contenuImg>
            <tech source="final">estampe/gravure</tech>
            <theme source="final">13</theme>
            <tech CS="1" source="md">estampe/gravure</tech>
            <theme CS="1" source="md">13</theme>
            <contenuImg CS="1.0" lang="en" source="md">shellfish</contenuImg>
            <contenuImg CS="1.0" lang="en" source="md">animal</contenuImg>
            <contenuImg CS="1.0" lang="en" source="md">invertebrate</contenuImg>
            <titraille>Coquilles : peinture / Yoeequa Painter</titraille>
          </ill>
        </ills>
      </page>
      <page ordre="11">
        <blocIll ocr="1">1</blocIll>
        <ills>
          <ill classif="CCibm" couleur="coul" h="4027" n="11-1" taille="10" w="5218" x="1" y="1">
            <contenuImg CS="0.709" lang="fr" source="ibm">dé à coudre</contenuImg>
            <contenuImg CS="0.709" lang="fr" source="ibm">casquette</contenuImg>
            <contenuImg CS="0.709" lang="fr" source="ibm">revêtement de protection</contenuImg>
            <contenuImg CS="0.599" lang="fr" source="ibm">fruits de mer</contenuImg>
            <contenuImg b="91" coul="1" g="102" ordre="6" r="123" source="colorific" type="frg">#7b665b</contenuImg>
            <contenuImg b="60" coul="1" g="68" ordre="5" r="100" source="colorific" type="frg">#64443c</contenuImg>
            <contenuImg b="78" coul="1" g="89" ordre="4" r="151" source="colorific" type="frg">#97594e</contenuImg>
            <contenuImg b="122" coul="1" g="133" ordre="3" r="141" source="colorific" type="frg">#8d857a</contenuImg>
            <contenuImg b="113" coul="1" g="136" ordre="2" r="177" source="colorific" type="frg">#b18871</contenuImg>
            <contenuImg b="149" coul="1" g="150" ordre="1" r="139" source="colorific" type="frg">#8b9695</contenuImg>
            <contenuImg CS="0.599" lang="fr" source="ibm">coquillage,crustacé</contenuImg>
            <contenuImg CS="1.0" lang="fr" source="md">invertébré</contenuImg>
            <contenuImg CS="1.0" lang="fr" source="md">animal</contenuImg>
            <contenuImg CS="1.0" lang="fr" source="md">coquillage,crustacé</contenuImg>
            <contenuImg CS="0.5" lang="fr" source="ibm">coquille Saint-Jacques</contenuImg>
            <contenuImg CS="0.596" lang="fr" source="ibm">animal</contenuImg>
            <contenuImg CS="0.599" lang="fr" source="ibm">coquillage</contenuImg>
            <contenuImg CS="0.874" coul="1" lang="fr" source="ibm">cuivre (couleur)</contenuImg>
            <contenuImg CS="0.807" coul="1" lang="fr" source="ibm">beige</contenuImg>
            <contenuImg CS="0.807" coul="1" lang="en" source="ibm">beige color</contenuImg>
            <contenuImg CS="0.874" coul="1" lang="en" source="ibm">copper color</contenuImg>
            <contenuImg CS="0.599" lang="en" source="ibm">shellfish</contenuImg>
            <contenuImg CS="0.596" lang="en" source="ibm">animal</contenuImg>
            <contenuImg CS="0.5" lang="en" source="ibm">scallop shell</contenuImg>
            <contenuImg CS="0.709" lang="en" source="ibm">protective covering</contenuImg>
            <contenuImg CS="0.709" lang="en" source="ibm">cap</contenuImg>
            <contenuImg CS="0.709" lang="en" source="ibm">thimble</contenuImg>
            <contenuImg CS="0.797" lang="en" source="ibm">shell</contenuImg>
            <tech source="final">estampe/gravure</tech>
            <theme source="final">13</theme>
            <tech CS="1" source="md">estampe/gravure</tech>
            <theme CS="1" source="md">13</theme>
            <contenuImg CS="1.0" lang="en" source="md">shellfish</contenuImg>
            <contenuImg CS="1.0" lang="en" source="md">animal</contenuImg>
            <contenuImg CS="1.0" lang="en" source="md">invertebrate</contenuImg>
            <titraille>Coquilles : peinture / Yoeequa Painter</titraille>
          </ill>
        </ills>
      </page>
      <page ordre="12">
        <blocIll ocr="1">1</blocIll>
        <ills>
          <ill classif="CCibm" couleur="coul" edit="true" h="4003" n="12-1" taille="10" w="5203" x="1" y="1">
            <contenuImg CS="0.568" lang="fr" source="ibm">fruits de mer</contenuImg>
            <contenuImg CS="0.586" lang="fr" source="ibm">appareil électronique</contenuImg>
            <contenuImg CS="0.529" lang="fr" source="ibm">graine</contenuImg>
            <contenuImg CS="0.529" lang="fr" source="ibm">fruit</contenuImg>
            <contenuImg CS="0.5" lang="fr" source="ibm">aide auditive</contenuImg>
            <contenuImg CS="0.595" lang="fr" source="ibm">aliments</contenuImg>
            <contenuImg CS="0.595" lang="fr" source="ibm">nourriture</contenuImg>
            <contenuImg b="60" coul="1" g="61" ordre="7" r="99" source="colorific" type="frg">#633d3c</contenuImg>
            <contenuImg b="89" coul="1" g="95" ordre="6" r="145" source="colorific" type="frg">#915f59</contenuImg>
            <contenuImg b="54" coul="1" g="53" ordre="5" r="61" source="colorific" type="frg">#3d3536</contenuImg>
            <contenuImg b="107" coul="1" g="112" ordre="4" r="122" source="colorific" type="frg">#7a706b</contenuImg>
            <contenuImg b="149" coul="1" g="164" ordre="3" r="191" source="colorific" type="frg">#bfa495</contenuImg>
            <contenuImg b="169" coul="1" g="166" ordre="2" r="152" source="colorific" type="frg">#98a6a9</contenuImg>
            <contenuImg b="179" coul="1" g="199" ordre="1" r="209" source="colorific" type="frg">#d1c7b3</contenuImg>
            <contenuImg CS="1" coul="1" lang="fr" source="hm" time="2019-03-14T08:11:46.557+01:00">rose</contenuImg>
            <contenuImg CS="0.568" lang="fr" source="ibm">coquillage,crustacé</contenuImg>
            <contenuImg CS="1.0" lang="fr" source="md">invertébré</contenuImg>
            <contenuImg CS="1.0" lang="fr" source="md">animal</contenuImg>
            <contenuImg CS="1.0" lang="fr" source="md">coquillage,crustacé</contenuImg>
            <contenuImg CS="0.564" lang="fr" source="ibm">moule</contenuImg>
            <contenuImg CS="0.565" lang="fr" source="ibm">bivalve</contenuImg>
            <contenuImg CS="0.568" lang="fr" source="ibm">coquillage</contenuImg>
            <contenuImg CS="0.568" lang="fr" source="ibm">invertébré</contenuImg>
            <contenuImg CS="0.568" lang="fr" source="ibm">animal</contenuImg>
            <contenuImg CS="0.929" coul="1" lang="fr" source="ibm">noisette (couleur)</contenuImg>
            <contenuImg CS="0.929" coul="1" lang="en" source="ibm">chestnut color</contenuImg>
            <contenuImg CS="0.595" lang="en" source="ibm">food</contenuImg>
            <contenuImg CS="0.5" lang="en" source="ibm">hearing aid</contenuImg>
            <contenuImg CS="0.52" lang="en" source="ibm">shell</contenuImg>
            <contenuImg CS="0.529" lang="en" source="ibm">fruit</contenuImg>
            <contenuImg CS="0.529" lang="en" source="ibm">seed</contenuImg>
            <contenuImg CS="0.528" lang="en" source="ibm">nut</contenuImg>
            <contenuImg CS="0.527" lang="en" source="ibm">pistachio</contenuImg>
            <contenuImg CS="0.586" lang="en" source="ibm">electronic device</contenuImg>
            <contenuImg CS="0.535" lang="en" source="ibm">trackball</contenuImg>
            <contenuImg CS="0.568" lang="en" source="ibm">animal</contenuImg>
            <contenuImg CS="0.568" lang="en" source="ibm">invertebrate</contenuImg>
            <contenuImg CS="0.568" lang="en" source="ibm">shellfish</contenuImg>
            <contenuImg CS="0.565" lang="en" source="ibm">bivalve (animal with shell)</contenuImg>
            <contenuImg CS="0.564" lang="en" source="ibm">mussel</contenuImg>
            <contenuImg CS="0.557" lang="en" source="ibm">freshwater mussel</contenuImg>
            <tech source="final">estampe/gravure</tech>
            <theme source="final">13</theme>
            <tech CS="1" source="md">estampe/gravure</tech>
            <theme CS="1" source="md">13</theme>
            <contenuImg CS="1.0" lang="en" source="md">shellfish</contenuImg>
            <contenuImg CS="1.0" lang="en" source="md">animal</contenuImg>
            <contenuImg CS="1.0" lang="en" source="md">invertebrate</contenuImg>
            <titraille>Coquilles : peinture / Yoeequa Painter</titraille>
            <contenuImg CS="1" coul="1" lang="en" source="hm" time="2019-03-14T08:11:46.557+01:00">pink color</contenuImg>
          </ill>
        </ills>
      </page>
      <page ordre="13">
        <blocIll ocr="1">1</blocIll>
        <ills>
          <ill classif="CCibm" couleur="coul" h="4024" n="13-1" taille="10" w="5221" x="1" y="1">
            <contenuImg CS="0.565" lang="fr" source="ibm">dé à coudre</contenuImg>
            <contenuImg CS="0.565" lang="fr" source="ibm">casquette</contenuImg>
            <contenuImg CS="0.565" lang="fr" source="ibm">revêtement de protection</contenuImg>
            <contenuImg CS="0.557" lang="fr" source="ibm">appât</contenuImg>
            <contenuImg CS="0.528" lang="fr" source="ibm">galerie d'art</contenuImg>
            <contenuImg CS="0.592" lang="fr" source="ibm">intérieurs</contenuImg>
            <contenuImg CS="0.505" lang="fr" source="ibm">torchon</contenuImg>
            <contenuImg CS="0.519" lang="fr" source="ibm">serviette</contenuImg>
            <contenuImg CS="0.5" lang="fr" source="ibm">garderie</contenuImg>
            <contenuImg CS="0.502" lang="fr" source="ibm">chambre</contenuImg>
            <contenuImg CS="0.598" lang="fr" source="ibm">fruits de mer</contenuImg>
            <contenuImg CS="0.519" lang="fr" source="ibm">tissu</contenuImg>
            <contenuImg b="50" coul="1" g="50" ordre="7" r="82" source="colorific" type="frg">#523232</contenuImg>
            <contenuImg b="50" coul="1" g="50" ordre="6" r="58" source="colorific" type="frg">#3a3232</contenuImg>
            <contenuImg b="87" coul="1" g="98" ordre="5" r="147" source="colorific" type="frg">#936257</contenuImg>
            <contenuImg b="118" coul="1" g="129" ordre="4" r="143" source="colorific" type="frg">#8f8176</contenuImg>
            <contenuImg b="131" coul="1" g="153" ordre="3" r="189" source="colorific" type="frg">#bd9983</contenuImg>
            <contenuImg b="176" coul="1" g="172" ordre="2" r="155" source="colorific" type="frg">#9bacb0</contenuImg>
            <contenuImg b="192" coul="1" g="211" ordre="1" r="218" source="colorific" type="frg">#dad3c0</contenuImg>
            <contenuImg CS="0.598" lang="fr" source="ibm">coquillage,crustacé</contenuImg>
            <contenuImg CS="1.0" lang="fr" source="md">invertébré</contenuImg>
            <contenuImg CS="1.0" lang="fr" source="md">animal</contenuImg>
            <contenuImg CS="1.0" lang="fr" source="md">coquillage,crustacé</contenuImg>
            <contenuImg CS="0.598" lang="fr" source="ibm">coquillage</contenuImg>
            <contenuImg CS="0.831" coul="1" lang="fr" source="ibm">marron clair</contenuImg>
            <contenuImg CS="0.772" coul="1" lang="fr" source="ibm">beige</contenuImg>
            <contenuImg CS="0.772" coul="1" lang="en" source="ibm">beige color</contenuImg>
            <contenuImg CS="0.831" coul="1" lang="en" source="ibm">light brown color</contenuImg>
            <contenuImg CS="0.598" lang="en" source="ibm">shellfish</contenuImg>
            <contenuImg CS="0.502" lang="en" source="ibm">bedroom</contenuImg>
            <contenuImg CS="0.5" lang="en" source="ibm">nursery</contenuImg>
            <contenuImg CS="0.519" lang="en" source="ibm">fabric</contenuImg>
            <contenuImg CS="0.519" lang="en" source="ibm">towel</contenuImg>
            <contenuImg CS="0.505" lang="en" source="ibm">dishtowel</contenuImg>
            <contenuImg CS="0.515" lang="en" source="ibm">shell</contenuImg>
            <contenuImg CS="0.592" lang="en" source="ibm">indoors</contenuImg>
            <contenuImg CS="0.528" lang="en" source="ibm">art gallery</contenuImg>
            <contenuImg CS="0.557" lang="en" source="ibm">bait</contenuImg>
            <contenuImg CS="0.565" lang="en" source="ibm">protective covering</contenuImg>
            <contenuImg CS="0.565" lang="en" source="ibm">cap</contenuImg>
            <contenuImg CS="0.565" lang="en" source="ibm">thimble</contenuImg>
            <tech source="final">estampe/gravure</tech>
            <theme source="final">13</theme>
            <tech CS="1" source="md">estampe/gravure</tech>
            <theme CS="1" source="md">13</theme>
            <contenuImg CS="1.0" lang="en" source="md">shellfish</contenuImg>
            <contenuImg CS="1.0" lang="en" source="md">animal</contenuImg>
            <contenuImg CS="1.0" lang="en" source="md">invertebrate</contenuImg>
            <titraille>Coquilles : peinture / Yoeequa Painter</titraille>
          </ill>
        </ills>
      </page>
      <page ordre="14">
        <blocIll ocr="1">1</blocIll>
        <ills>
          <ill classif="CCibm" couleur="coul" h="4003" n="14-1" taille="10" w="5200" x="1" y="1">
            <contenuImg CS="0.773" lang="fr" source="ibm">égouttoir</contenuImg>
            <contenuImg CS="0.774" lang="fr" source="ibm">grille</contenuImg>
            <contenuImg CS="0.774" lang="fr" source="ibm">structure porteuse</contenuImg>
            <contenuImg CS="0.538" lang="fr" source="ibm">caisse américaine (cadre)</contenuImg>
            <contenuImg CS="0.54" lang="fr" source="ibm">boîte</contenuImg>
            <contenuImg CS="0.5" lang="fr" source="ibm">dé à coudre</contenuImg>
            <contenuImg CS="0.5" lang="fr" source="ibm">casquette</contenuImg>
            <contenuImg CS="0.5" lang="fr" source="ibm">revêtement de protection</contenuImg>
            <contenuImg CS="0.774" lang="fr" source="ibm">cadre</contenuImg>
            <contenuImg b="75" coul="1" g="92" ordre="6" r="144" source="colorific" type="frg">#905c4b</contenuImg>
            <contenuImg b="61" coul="1" g="74" ordre="5" r="99" source="colorific" type="frg">#634a3d</contenuImg>
            <contenuImg b="100" coul="1" g="129" ordre="4" r="173" source="colorific" type="frg">#ad8164</contenuImg>
            <contenuImg b="134" coul="1" g="151" ordre="3" r="165" source="colorific" type="frg">#a59786</contenuImg>
            <contenuImg b="158" coul="1" g="153" ordre="2" r="137" source="colorific" type="frg">#89999e</contenuImg>
            <contenuImg b="193" coul="1" g="212" ordre="1" r="217" source="colorific" type="frg">#d9d4c1</contenuImg>
            <contenuImg CS="1.0" lang="fr" source="md">invertébré</contenuImg>
            <contenuImg CS="1.0" lang="fr" source="md">animal</contenuImg>
            <contenuImg CS="1.0" lang="fr" source="md">coquillage,crustacé</contenuImg>
            <contenuImg CS="0.904" coul="1" lang="fr" source="ibm">marron clair</contenuImg>
            <contenuImg CS="0.601" coul="1" lang="fr" source="ibm">albâtre</contenuImg>
            <txt source="google">"E - o me - ",</txt>
            <contenuImg CS="0.601" coul="1" lang="en" source="ibm">alabaster color</contenuImg>
            <contenuImg CS="0.904" coul="1" lang="en" source="ibm">light brown color</contenuImg>
            <contenuImg CS="0.5" lang="en" source="ibm">protective covering</contenuImg>
            <contenuImg CS="0.5" lang="en" source="ibm">cap</contenuImg>
            <contenuImg CS="0.5" lang="en" source="ibm">thimble</contenuImg>
            <contenuImg CS="0.54" lang="en" source="ibm">box</contenuImg>
            <contenuImg CS="0.538" lang="en" source="ibm">shadow box</contenuImg>
            <contenuImg CS="0.774" lang="en" source="ibm">supporting structure</contenuImg>
            <contenuImg CS="0.774" lang="en" source="ibm">framework</contenuImg>
            <contenuImg CS="0.774" lang="en" source="ibm">rack</contenuImg>
            <contenuImg CS="0.773" lang="en" source="ibm">plate rack</contenuImg>
            <tech source="final">estampe/gravure</tech>
            <theme source="final">13</theme>
            <tech CS="1" source="md">estampe/gravure</tech>
            <theme CS="1" source="md">13</theme>
            <contenuImg CS="1.0" lang="en" source="md">shellfish</contenuImg>
            <contenuImg CS="1.0" lang="en" source="md">animal</contenuImg>
            <contenuImg CS="1.0" lang="en" source="md">invertebrate</contenuImg>
            <titraille>Coquilles : peinture / Yoeequa Painter</titraille>
          </ill>
        </ills>
      </page>
      <page ordre="15">
        <blocIll ocr="1">1</blocIll>
        <ills>
          <ill classif="CCibm" couleur="coul" h="4021" n="15-1" taille="10" w="5227" x="1" y="1">
            <contenuImg CS="0.507" lang="fr" source="ibm">fruits de mer</contenuImg>
            <contenuImg b="110" coul="1" g="109" ordre="8" r="167" source="colorific" type="frg">#a76d6e</contenuImg>
            <contenuImg b="181" coul="1" g="193" ordre="7" r="215" source="colorific" type="frg">#d7c1b5</contenuImg>
            <contenuImg b="57" coul="1" g="61" ordre="6" r="70" source="colorific" type="frg">#463d39</contenuImg>
            <contenuImg b="143" coul="1" g="149" ordre="5" r="179" source="colorific" type="frg">#b3958f</contenuImg>
            <contenuImg b="62" coul="1" g="64" ordre="4" r="97" source="colorific" type="frg">#61403e</contenuImg>
            <contenuImg b="85" coul="1" g="96" ordre="3" r="101" source="colorific" type="frg">#656055</contenuImg>
            <contenuImg b="162" coul="1" g="161" ordre="2" r="148" source="colorific" type="frg">#94a1a2</contenuImg>
            <contenuImg b="160" coul="1" g="174" ordre="1" r="180" source="colorific" type="frg">#b4aea0</contenuImg>
            <contenuImg CS="0.507" lang="fr" source="ibm">coquillage,crustacé</contenuImg>
            <contenuImg CS="1.0" lang="fr" source="md">invertébré</contenuImg>
            <contenuImg CS="1.0" lang="fr" source="md">animal</contenuImg>
            <contenuImg CS="1.0" lang="fr" source="md">coquillage,crustacé</contenuImg>
            <contenuImg CS="0.797" lang="fr" source="ibm">coquille Saint-Jacques</contenuImg>
            <contenuImg CS="0.502" lang="fr" source="ibm">bivalve</contenuImg>
            <contenuImg CS="0.507" lang="fr" source="ibm">coquillage</contenuImg>
            <contenuImg CS="0.507" lang="fr" source="ibm">invertébré</contenuImg>
            <contenuImg CS="0.507" lang="fr" source="ibm">animal</contenuImg>
            <contenuImg CS="0.915" coul="1" lang="fr" source="ibm">albâtre</contenuImg>
            <contenuImg CS="0.915" coul="1" lang="en" source="ibm">alabaster color</contenuImg>
            <contenuImg CS="0.507" lang="en" source="ibm">animal</contenuImg>
            <contenuImg CS="0.507" lang="en" source="ibm">invertebrate</contenuImg>
            <contenuImg CS="0.507" lang="en" source="ibm">shellfish</contenuImg>
            <contenuImg CS="0.502" lang="en" source="ibm">bivalve (animal with shell)</contenuImg>
            <contenuImg CS="0.5" lang="en" source="ibm">ark shell</contenuImg>
            <contenuImg CS="0.794" lang="en" source="ibm">shell</contenuImg>
            <contenuImg CS="0.797" lang="en" source="ibm">scallop shell</contenuImg>
            <tech source="final">estampe/gravure</tech>
            <theme source="final">13</theme>
            <tech CS="1" source="md">estampe/gravure</tech>
            <theme CS="1" source="md">13</theme>
            <contenuImg CS="1.0" lang="en" source="md">shellfish</contenuImg>
            <contenuImg CS="1.0" lang="en" source="md">animal</contenuImg>
            <contenuImg CS="1.0" lang="en" source="md">invertebrate</contenuImg>
            <titraille>Coquilles : peinture / Yoeequa Painter</titraille>
          </ill>
        </ills>
      </page>
      <page ordre="16">
        <blocIll ocr="1">1</blocIll>
        <ills>
          <ill classif="CCibm" couleur="coul" h="4009" n="16-1" taille="10" w="5200" x="1" y="1">
            <contenuImg CS="0.936" lang="fr" source="ibm">plaque à biscuits</contenuImg>
            <contenuImg CS="0.936" lang="fr" source="ibm">ustensile</contenuImg>
            <contenuImg CS="0.798" lang="fr" source="ibm">fruits de mer</contenuImg>
            <contenuImg b="88" coul="1" g="94" ordre="6" r="134" source="colorific" type="frg">#865e58</contenuImg>
            <contenuImg b="57" coul="1" g="58" ordre="5" r="62" source="colorific" type="frg">#3e3a39</contenuImg>
            <contenuImg b="92" coul="1" g="98" ordre="4" r="105" source="colorific" type="frg">#69625c</contenuImg>
            <contenuImg b="136" coul="1" g="154" ordre="3" r="192" source="colorific" type="frg">#c09a88</contenuImg>
            <contenuImg b="162" coul="1" g="153" ordre="2" r="135" source="colorific" type="frg">#8799a2</contenuImg>
            <contenuImg b="159" coul="1" g="170" ordre="1" r="177" source="colorific" type="frg">#b1aa9f</contenuImg>
            <contenuImg CS="0.798" lang="fr" source="ibm">coquillage,crustacé</contenuImg>
            <contenuImg CS="1.0" lang="fr" source="md">invertébré</contenuImg>
            <contenuImg CS="1.0" lang="fr" source="md">animal</contenuImg>
            <contenuImg CS="1.0" lang="fr" source="md">coquillage,crustacé</contenuImg>
            <contenuImg CS="0.798" lang="fr" source="ibm">coquillage</contenuImg>
            <contenuImg CS="0.892" coul="1" lang="fr" source="ibm">marron clair</contenuImg>
            <contenuImg CS="0.557" lang="fr" source="ibm">brun rougeâtre</contenuImg>
            <contenuImg CS="0.557" coul="1" lang="en" source="ibm">reddish brown color</contenuImg>
            <contenuImg CS="0.892" coul="1" lang="en" source="ibm">light brown color</contenuImg>
            <contenuImg CS="0.798" lang="en" source="ibm">shellfish</contenuImg>
            <contenuImg CS="0.936" lang="en" source="ibm">utensil</contenuImg>
            <contenuImg CS="0.936" lang="en" source="ibm">cookie sheet</contenuImg>
            <tech source="final">estampe/gravure</tech>
            <theme source="final">13</theme>
            <tech CS="1" source="md">estampe/gravure</tech>
            <theme CS="1" source="md">13</theme>
            <contenuImg CS="1.0" lang="en" source="md">shellfish</contenuImg>
            <contenuImg CS="1.0" lang="en" source="md">animal</contenuImg>
            <contenuImg CS="1.0" lang="en" source="md">invertebrate</contenuImg>
            <titraille>Coquilles : peinture / Yoeequa Painter</titraille>
          </ill>
        </ills>
      </page>
      <page ordre="17">
        <blocIll ocr="1">1</blocIll>
        <ills>
          <ill classif="CCibm" couleur="coul" h="4018" n="17-1" taille="10" w="5221" x="1" y="1">
            <contenuImg CS="0.675" lang="fr" source="ibm">fruits de mer</contenuImg>
            <contenuImg CS="0.598" lang="fr" source="ibm">plante</contenuImg>
            <contenuImg b="57" coul="1" g="60" ordre="8" r="86" source="colorific" type="frg">#563c39</contenuImg>
            <contenuImg b="89" coul="1" g="103" ordre="7" r="114" source="colorific" type="frg">#726759</contenuImg>
            <contenuImg b="135" coul="1" g="141" ordre="6" r="136" source="colorific" type="frg">#888d87</contenuImg>
            <contenuImg b="142" coul="1" g="189" ordre="5" r="209" source="colorific" type="frg">#d1bd8e</contenuImg>
            <contenuImg b="98" coul="1" g="105" ordre="4" r="180" source="colorific" type="frg">#b46962</contenuImg>
            <contenuImg b="91" coul="1" g="105" ordre="3" r="140" source="colorific" type="frg">#8c695b</contenuImg>
            <contenuImg b="179" coul="1" g="172" ordre="2" r="156" source="colorific" type="frg">#9cacb3</contenuImg>
            <contenuImg b="161" coul="1" g="173" ordre="1" r="184" source="colorific" type="frg">#b8ada1</contenuImg>
            <contenuImg CS="0.675" lang="fr" source="ibm">coquillage,crustacé</contenuImg>
            <contenuImg CS="1.0" lang="fr" source="md">invertébré</contenuImg>
            <contenuImg CS="1.0" lang="fr" source="md">animal</contenuImg>
            <contenuImg CS="1.0" lang="fr" source="md">coquillage,crustacé</contenuImg>
            <contenuImg CS="0.551" lang="fr" source="ibm">moule zébrée</contenuImg>
            <contenuImg CS="0.561" lang="fr" source="ibm">moule</contenuImg>
            <contenuImg CS="0.568" lang="fr" source="ibm">bivalve</contenuImg>
            <contenuImg CS="0.675" lang="fr" source="ibm">coquillage</contenuImg>
            <contenuImg CS="0.675" lang="fr" source="ibm">invertébré</contenuImg>
            <contenuImg CS="0.675" lang="fr" source="ibm">animal</contenuImg>
            <contenuImg CS="0.501" lang="fr" source="ibm">gastropode</contenuImg>
            <contenuImg CS="0.99" coul="1" lang="fr" source="ibm">noisette (couleur)</contenuImg>
            <contenuImg CS="0.99" coul="1" lang="en" source="ibm">chestnut color</contenuImg>
            <contenuImg CS="0.598" lang="en" source="ibm">plant</contenuImg>
            <contenuImg CS="0.501" lang="en" source="ibm">gastropod (animal with a shell)</contenuImg>
            <contenuImg CS="0.5" lang="en" source="ibm">money cowrie (animal with shell)</contenuImg>
            <contenuImg CS="0.675" lang="en" source="ibm">animal</contenuImg>
            <contenuImg CS="0.675" lang="en" source="ibm">invertebrate</contenuImg>
            <contenuImg CS="0.675" lang="en" source="ibm">shellfish</contenuImg>
            <contenuImg CS="0.568" lang="en" source="ibm">bivalve (animal with shell)</contenuImg>
            <contenuImg CS="0.561" lang="en" source="ibm">mussel</contenuImg>
            <contenuImg CS="0.551" lang="en" source="ibm">zebra mussel</contenuImg>
            <contenuImg CS="0.759" lang="en" source="ibm">shell</contenuImg>
            <tech source="final">estampe/gravure</tech>
            <theme source="final">13</theme>
            <tech CS="1" source="md">estampe/gravure</tech>
            <theme CS="1" source="md">13</theme>
            <contenuImg CS="1.0" lang="en" source="md">shellfish</contenuImg>
            <contenuImg CS="1.0" lang="en" source="md">animal</contenuImg>
            <contenuImg CS="1.0" lang="en" source="md">invertebrate</contenuImg>
            <titraille>Coquilles : peinture / Yoeequa Painter</titraille>
          </ill>
        </ills>
      </page>
      <page ordre="18">
        <blocIll ocr="1">1</blocIll>
        <ills>
          <ill classif="CCibm" couleur="coul" h="4006" n="18-1" taille="10" w="5203" x="1" y="1">
            <contenuImg CS="0.802" lang="fr" source="ibm">fruits de mer</contenuImg>
            <contenuImg b="100" coul="1" g="110" ordre="5" r="128" source="colorific" type="frg">#806e64</contenuImg>
            <contenuImg b="77" coul="1" g="89" ordre="4" r="128" source="colorific" type="frg">#80594d</contenuImg>
            <contenuImg b="133" coul="1" g="152" ordre="3" r="188" source="colorific" type="frg">#bc9885</contenuImg>
            <contenuImg b="178" coul="1" g="169" ordre="2" r="153" source="colorific" type="frg">#99a9b2</contenuImg>
            <contenuImg b="155" coul="1" g="170" ordre="1" r="177" source="colorific" type="frg">#b1aa9b</contenuImg>
            <contenuImg CS="0.802" lang="fr" source="ibm">coquillage,crustacé</contenuImg>
            <contenuImg CS="1.0" lang="fr" source="md">invertébré</contenuImg>
            <contenuImg CS="1.0" lang="fr" source="md">animal</contenuImg>
            <contenuImg CS="1.0" lang="fr" source="md">coquillage,crustacé</contenuImg>
            <contenuImg CS="0.793" lang="fr" source="ibm">moule</contenuImg>
            <contenuImg CS="0.795" lang="fr" source="ibm">bivalve</contenuImg>
            <contenuImg CS="0.802" lang="fr" source="ibm">coquillage</contenuImg>
            <contenuImg CS="0.802" lang="fr" source="ibm">invertébré</contenuImg>
            <contenuImg CS="0.802" lang="fr" source="ibm">animal</contenuImg>
            <contenuImg CS="0.876" coul="1" lang="fr" source="ibm">cuivre (couleur)</contenuImg>
            <contenuImg CS="0.712" coul="1" lang="fr" source="ibm">noisette (couleur)</contenuImg>
            <contenuImg CS="0.712" coul="1" lang="en" source="ibm">chestnut color</contenuImg>
            <contenuImg CS="0.876" coul="1" lang="en" source="ibm">copper color</contenuImg>
            <contenuImg CS="0.5" lang="en" source="ibm">shell</contenuImg>
            <contenuImg CS="0.802" lang="en" source="ibm">animal</contenuImg>
            <contenuImg CS="0.802" lang="en" source="ibm">invertebrate</contenuImg>
            <contenuImg CS="0.802" lang="en" source="ibm">shellfish</contenuImg>
            <contenuImg CS="0.795" lang="en" source="ibm">bivalve (animal with shell)</contenuImg>
            <contenuImg CS="0.793" lang="en" source="ibm">mussel</contenuImg>
            <contenuImg CS="0.784" lang="en" source="ibm">freshwater mussel</contenuImg>
            <tech source="final">estampe/gravure</tech>
            <theme source="final">13</theme>
            <tech CS="1" source="md">estampe/gravure</tech>
            <theme CS="1" source="md">13</theme>
            <contenuImg CS="1.0" lang="en" source="md">shellfish</contenuImg>
            <contenuImg CS="1.0" lang="en" source="md">animal</contenuImg>
            <contenuImg CS="1.0" lang="en" source="md">invertebrate</contenuImg>
            <titraille>Coquilles : peinture / Yoeequa Painter</titraille>
          </ill>
        </ills>
      </page>
      <page ordre="19">
        <blocIll ocr="1">0</blocIll>
        <ills/>
      </page>
      <page ordre="20">
        <blocIll ocr="1">0</blocIll>
        <ills/>
      </page>
    </pages>
  </contenus>
</analyseAlto>