<analyseAlto>
  <metad>
    <type>I</type>
    <ID>btv1b105488432</ID>
    <titre>Coquilles : peinture / Yoeequa Painter</titre>
    <dateEdition>1830-1840</dateEdition>
    <auteur>Yoeequa (18..?-18..). Peintre Lagrené, Marie-Melchior-Joseph-Théodore de (1800-1862). Collecteur</auteur>
    <lang>0</lang>
    <source>Bibliothèque nationale de France, département Estampes et photographie, RESERVE PET FOL-OE-164 (C)</source>
    <nbPage>19</nbPage>
    <descr>Coquillages -- Chine</descr>
  </metad>
  <contenus ocr="false" toc="false">
    <largeur>227</largeur>
    <hauteur>169</hauteur>
    <largeurPx>5383</largeurPx>
    <hauteurPx>4005</hauteurPx>
    <pages>
      <page ordre="3">
        <blocIll ocr="1">0</blocIll>
        <ills/>
      </page>
      <page ordre="4">
        <blocIll ocr="1">0</blocIll>
        <ills/>
      </page>
      <page ordre="5">
        <blocIll ocr="1">1</blocIll>
        <ills>
          <ill classif="CCibm" couleur="coul" edit="true" h="4005" n="5-1" taille="9" w="5173" x="1" y="1">
            <contenuImg CS="0.617" lang="fr" source="ibm">caisse américaine (cadre)</contenuImg>
            <contenuImg CS="0.618" lang="fr" source="ibm">boîte</contenuImg>
            <contenuImg CS="0.55" lang="fr" source="ibm">alimentation</contenuImg>
            <contenuImg CS="0.55" lang="fr" source="ibm">aliments</contenuImg>
            <contenuImg CS="0.537" lang="fr" source="ibm">fruits de mer</contenuImg>
            <contenuImg CS="0.516" lang="fr" source="ibm">graine</contenuImg>
            <contenuImg CS="0.517" lang="fr" source="ibm">fruit</contenuImg>
            <contenuImg CS="0.507" lang="fr" source="ibm">galerie d'art</contenuImg>
            <contenuImg CS="0.507" lang="fr" source="ibm">intérieurs</contenuImg>
            <contenuImg CS="0.55" lang="fr" source="ibm">nourriture</contenuImg>
            <contenuImg b="126" coul="1" g="145" ordre="7" r="190" source="colorific" type="frg">#be917e</contenuImg>
            <contenuImg b="80" coul="1" g="85" ordre="6" r="103" source="colorific" type="frg">#675550</contenuImg>
            <contenuImg b="154" coul="1" g="157" ordre="5" r="217" source="colorific" type="frg">#d99d9a</contenuImg>
            <contenuImg b="67" coul="1" g="70" ordre="4" r="123" source="colorific" type="frg">#7b4643</contenuImg>
            <contenuImg b="133" coul="1" g="143" ordre="3" r="156" source="colorific" type="frg">#9c8f85</contenuImg>
            <contenuImg b="164" coul="1" g="161" ordre="2" r="145" source="colorific" type="frg">#91a1a4</contenuImg>
            <contenuImg b="190" coul="1" g="209" ordre="1" r="215" source="colorific" type="frg">#d7d1be</contenuImg>
            <contenuImg CS="1" coul="1" lang="fr" source="hm" time="2019-03-14T08:11:11.723+01:00">rose</contenuImg>
            <contenuImg CS="0.537" lang="fr" source="ibm">coquillage,crustacé</contenuImg>
            <contenuImg CS="1.0" lang="fr" source="md">invertébré</contenuImg>
            <contenuImg CS="1.0" lang="fr" source="md">animal</contenuImg>
            <contenuImg CS="1.0" lang="fr" source="md">coquillage,crustacé</contenuImg>
            <contenuImg CS="0.535" lang="fr" source="ibm">moule</contenuImg>
            <contenuImg CS="0.536" lang="fr" source="ibm">bivalve</contenuImg>
            <contenuImg CS="0.537" lang="fr" source="ibm">coquillage</contenuImg>
            <contenuImg CS="0.537" lang="fr" source="ibm">invertébré</contenuImg>
            <contenuImg CS="0.537" lang="fr" source="ibm">animal</contenuImg>
            <contenuImg CS="0.928" coul="1" lang="fr" source="ibm">rose (couleur)</contenuImg>
            <contenuImg CS="0.928" coul="1" lang="en" source="ibm">pink color</contenuImg>
            <contenuImg CS="0.5" lang="en" source="ibm">shell</contenuImg>
            <contenuImg CS="0.507" lang="en" source="ibm">indoors</contenuImg>
            <contenuImg CS="0.507" lang="en" source="ibm">art gallery</contenuImg>
            <contenuImg CS="0.517" lang="en" source="ibm">fruit</contenuImg>
            <contenuImg CS="0.516" lang="en" source="ibm">seed</contenuImg>
            <contenuImg CS="0.514" lang="en" source="ibm">nut</contenuImg>
            <contenuImg CS="0.511" lang="en" source="ibm">pistachio</contenuImg>
            <contenuImg CS="0.537" lang="en" source="ibm">animal</contenuImg>
            <contenuImg CS="0.537" lang="en" source="ibm">invertebrate</contenuImg>
            <contenuImg CS="0.537" lang="en" source="ibm">shellfish</contenuImg>
            <contenuImg CS="0.536" lang="en" source="ibm">bivalve (animal with shell)</contenuImg>
            <contenuImg CS="0.535" lang="en" source="ibm">mussel</contenuImg>
            <contenuImg CS="0.532" lang="en" source="ibm">freshwater mussel</contenuImg>
            <contenuImg CS="0.55" lang="en" source="ibm">food</contenuImg>
            <contenuImg CS="0.55" lang="en" source="ibm">feed</contenuImg>
            <contenuImg CS="0.55" lang="en" source="ibm">bird feed</contenuImg>
            <contenuImg CS="0.618" lang="en" source="ibm">box</contenuImg>
            <contenuImg CS="0.617" lang="en" source="ibm">shadow box</contenuImg>
            <tech source="final">estampe/gravure</tech>
            <theme source="final">13</theme>
            <tech CS="1" source="md">estampe/gravure</tech>
            <theme CS="1" source="md">13</theme>
            <contenuImg CS="1.0" lang="en" source="md">shellfish</contenuImg>
            <contenuImg CS="1.0" lang="en" source="md">animal</contenuImg>
            <contenuImg CS="1.0" lang="en" source="md">invertebrate</contenuImg>
            <titraille>Coquilles : peinture / Yoeequa Painter</titraille>
            <contenuImg CS="1" coul="1" lang="en" source="hm" time="2019-03-14T08:11:11.723+01:00">pink color</contenuImg>
          </ill>
        </ills>
      </page>
      <page ordre="6">
        <blocIll ocr="1">1</blocIll>
        <ills>
          <ill classif="CCibm" couleur="coul" h="4047" n="6-1" taille="9" w="5142" x="1" y="1">
            <contenuImg CS="0.721" lang="fr" source="ibm">support papier (timbres/monnaie)</contenuImg>
            <contenuImg CS="0.721" lang="fr" source="ibm">document écrit</contenuImg>
            <contenuImg CS="0.578" lang="fr" source="ibm">appât</contenuImg>
            <contenuImg CS="0.509" lang="fr" source="ibm">paramécie (organisme)</contenuImg>
            <contenuImg CS="0.524" lang="fr" source="ibm">micro-organisme</contenuImg>
            <contenuImg CS="0.502" lang="fr" source="ibm">appât de pêche</contenuImg>
            <contenuImg CS="0.5" lang="fr" source="ibm">galerie d'art</contenuImg>
            <contenuImg CS="0.5" lang="fr" source="ibm">intérieurs</contenuImg>
            <contenuImg CS="0.502" lang="fr" source="ibm">mouche (pêche)</contenuImg>
            <contenuImg b="55" coul="1" g="57" ordre="5" r="67" source="colorific" type="frg">#433937</contenuImg>
            <contenuImg b="69" coul="1" g="74" ordre="4" r="115" source="colorific" type="frg">#734a45</contenuImg>
            <contenuImg b="92" coul="1" g="100" ordre="3" r="112" source="colorific" type="frg">#70645c</contenuImg>
            <contenuImg b="162" coul="1" g="156" ordre="2" r="138" source="colorific" type="frg">#8a9ca2</contenuImg>
            <contenuImg b="159" coul="1" g="171" ordre="1" r="179" source="colorific" type="frg">#b3ab9f</contenuImg>
            <contenuImg CS="1.0" lang="fr" source="md">invertébré</contenuImg>
            <contenuImg CS="1.0" lang="fr" source="md">animal</contenuImg>
            <contenuImg CS="1.0" lang="fr" source="md">coquillage,crustacé</contenuImg>
            <contenuImg CS="0.509" lang="fr" source="ibm">paramécie</contenuImg>
            <contenuImg CS="0.524" lang="fr" source="ibm">microorganisme</contenuImg>
            <contenuImg CS="0.55" coul="1" lang="fr" source="ibm">marron clair</contenuImg>
            <contenuImg CS="0.55" coul="1" lang="en" source="ibm">light brown color</contenuImg>
            <contenuImg CS="0.5" lang="en" source="ibm">indoors</contenuImg>
            <contenuImg CS="0.5" lang="en" source="ibm">art gallery</contenuImg>
            <contenuImg CS="0.502" lang="en" source="ibm">fisherman's lure</contenuImg>
            <contenuImg CS="0.524" lang="en" source="ibm">microorganism</contenuImg>
            <contenuImg CS="0.509" lang="en" source="ibm">paramecium (organism)</contenuImg>
            <contenuImg CS="0.578" lang="en" source="ibm">bait</contenuImg>
            <contenuImg CS="0.721" lang="en" source="ibm">written document</contenuImg>
            <contenuImg CS="0.721" lang="en" source="ibm">paper based (stamps/currency)</contenuImg>
            <tech source="final">estampe/gravure</tech>
            <theme source="final">13</theme>
            <tech CS="1" source="md">estampe/gravure</tech>
            <theme CS="1" source="md">13</theme>
            <contenuImg CS="1.0" lang="en" source="md">shellfish</contenuImg>
            <contenuImg CS="1.0" lang="en" source="md">animal</contenuImg>
            <contenuImg CS="1.0" lang="en" source="md">invertebrate</contenuImg>
            <titraille>Coquilles : peinture / Yoeequa Painter</titraille>
          </ill>
        </ills>
      </page>
      <page ordre="7">
        <blocIll ocr="1">1</blocIll>
        <ills>
          <ill classif="CCibm" couleur="coul" edit="true" h="4038" n="7-1" taille="9" w="5173" x="1" y="1">
            <contenuImg CS="0.715" lang="fr" source="ibm">fruits de mer</contenuImg>
            <contenuImg CS="0.505" lang="fr" source="ibm">graine</contenuImg>
            <contenuImg CS="0.505" lang="fr" source="ibm">fruit</contenuImg>
            <contenuImg b="132" coul="1" g="133" ordre="7" r="130" source="colorific" type="frg">#828584</contenuImg>
            <contenuImg b="67" coul="1" g="67" ordre="6" r="131" source="colorific" type="frg">#834343</contenuImg>
            <contenuImg b="107" coul="1" g="123" ordre="5" r="181" source="colorific" type="frg">#b57b6b</contenuImg>
            <contenuImg b="68" coul="1" g="75" ordre="4" r="92" source="colorific" type="frg">#5c4b44</contenuImg>
            <contenuImg b="128" coul="1" g="137" ordre="3" r="155" source="colorific" type="frg">#9b8980</contenuImg>
            <contenuImg b="185" coul="1" g="176" ordre="2" r="158" source="colorific" type="frg">#9eb0b9</contenuImg>
            <contenuImg b="165" coul="1" g="178" ordre="1" r="186" source="colorific" type="frg">#bab2a5</contenuImg>
            <contenuImg CS="1" coul="1" lang="fr" source="hm" time="2019-03-14T08:11:15.606+01:00">rose</contenuImg>
            <contenuImg CS="0.715" lang="fr" source="ibm">coquillage,crustacé</contenuImg>
            <contenuImg CS="1.0" lang="fr" source="md">invertébré</contenuImg>
            <contenuImg CS="1.0" lang="fr" source="md">animal</contenuImg>
            <contenuImg CS="1.0" lang="fr" source="md">coquillage,crustacé</contenuImg>
            <contenuImg CS="0.624" lang="fr" source="ibm">moule</contenuImg>
            <contenuImg CS="0.713" lang="fr" source="ibm">bivalve</contenuImg>
            <contenuImg CS="0.715" lang="fr" source="ibm">coquillage</contenuImg>
            <contenuImg CS="0.715" lang="fr" source="ibm">invertébré</contenuImg>
            <contenuImg CS="0.715" lang="fr" source="ibm">animal</contenuImg>
            <contenuImg CS="0.801" coul="1" lang="fr" source="ibm">noisette (couleur)</contenuImg>
            <contenuImg CS="0.639" coul="1" lang="fr" source="ibm">cuivre (couleur)</contenuImg>
            <contenuImg CS="0.639" coul="1" lang="en" source="ibm">copper color</contenuImg>
            <contenuImg CS="0.801" coul="1" lang="en" source="ibm">chestnut color</contenuImg>
            <contenuImg CS="0.505" lang="en" source="ibm">fruit</contenuImg>
            <contenuImg CS="0.505" lang="en" source="ibm">seed</contenuImg>
            <contenuImg CS="0.503" lang="en" source="ibm">nut</contenuImg>
            <contenuImg CS="0.5" lang="en" source="ibm">pistachio</contenuImg>
            <contenuImg CS="0.55" lang="en" source="ibm">ark shell</contenuImg>
            <contenuImg CS="0.715" lang="en" source="ibm">animal</contenuImg>
            <contenuImg CS="0.715" lang="en" source="ibm">invertebrate</contenuImg>
            <contenuImg CS="0.715" lang="en" source="ibm">shellfish</contenuImg>
            <contenuImg CS="0.713" lang="en" source="ibm">bivalve (animal with shell)</contenuImg>
            <contenuImg CS="0.624" lang="en" source="ibm">mussel</contenuImg>
            <contenuImg CS="0.61" lang="en" source="ibm">freshwater mussel</contenuImg>
            <contenuImg CS="0.654" lang="en" source="ibm">shell</contenuImg>
            <tech source="final">estampe/gravure</tech>
            <theme source="final">13</theme>
            <tech CS="1" source="md">estampe/gravure</tech>
            <theme CS="1" source="md">13</theme>
            <contenuImg CS="1.0" lang="en" source="md">shellfish</contenuImg>
            <contenuImg CS="1.0" lang="en" source="md">animal</contenuImg>
            <contenuImg CS="1.0" lang="en" source="md">invertebrate</contenuImg>
            <titraille>Coquilles : peinture / Yoeequa Painter</titraille>
            <contenuImg CS="1" coul="1" lang="en" source="hm" time="2019-03-14T08:11:15.606+01:00">pink color</contenuImg>
          </ill>
        </ills>
      </page>
      <page ordre="8">
        <blocIll ocr="1">1</blocIll>
        <ills>
          <ill classif="CCibm" couleur="coul" h="4047" n="8-1" taille="9" w="5142" x="1" y="1">
            <contenuImg CS="0.632" lang="fr" source="ibm">torchon</contenuImg>
            <contenuImg CS="0.636" lang="fr" source="ibm">serviette</contenuImg>
            <contenuImg CS="0.572" lang="fr" source="ibm">support papier (timbres/monnaie)</contenuImg>
            <contenuImg CS="0.573" lang="fr" source="ibm">document écrit</contenuImg>
            <contenuImg CS="0.5" lang="fr" source="ibm">bague de cigare</contenuImg>
            <contenuImg CS="0.637" lang="fr" source="ibm">tissu</contenuImg>
            <contenuImg b="58" coul="1" g="65" ordre="5" r="80" source="colorific" type="frg">#50413a</contenuImg>
            <contenuImg b="89" coul="1" g="97" ordre="4" r="156" source="colorific" type="frg">#9c6159</contenuImg>
            <contenuImg b="96" coul="1" g="109" ordre="3" r="126" source="colorific" type="frg">#7e6d60</contenuImg>
            <contenuImg b="159" coul="1" g="152" ordre="2" r="134" source="colorific" type="frg">#86989f</contenuImg>
            <contenuImg b="193" coul="1" g="212" ordre="1" r="217" source="colorific" type="frg">#d9d4c1</contenuImg>
            <contenuImg CS="1.0" lang="fr" source="md">invertébré</contenuImg>
            <contenuImg CS="1.0" lang="fr" source="md">animal</contenuImg>
            <contenuImg CS="1.0" lang="fr" source="md">coquillage,crustacé</contenuImg>
            <contenuImg CS="0.763" coul="1" lang="fr" source="ibm">marron clair</contenuImg>
            <contenuImg CS="0.657" coul="1" lang="fr" source="ibm">cuivre (couleur)</contenuImg>
            <contenuImg CS="0.657" coul="1" lang="en" source="ibm">copper color</contenuImg>
            <contenuImg CS="0.763" coul="1" lang="en" source="ibm">light brown color</contenuImg>
            <contenuImg CS="0.5" lang="en" source="ibm">cigar band</contenuImg>
            <contenuImg CS="0.573" lang="en" source="ibm">written document</contenuImg>
            <contenuImg CS="0.572" lang="en" source="ibm">paper based (stamps/currency)</contenuImg>
            <contenuImg CS="0.637" lang="en" source="ibm">fabric</contenuImg>
            <contenuImg CS="0.636" lang="en" source="ibm">towel</contenuImg>
            <contenuImg CS="0.632" lang="en" source="ibm">dishtowel</contenuImg>
            <tech source="final">estampe/gravure</tech>
            <theme source="final">13</theme>
            <tech CS="1" source="md">estampe/gravure</tech>
            <theme CS="1" source="md">13</theme>
            <contenuImg CS="1.0" lang="en" source="md">shellfish</contenuImg>
            <contenuImg CS="1.0" lang="en" source="md">animal</contenuImg>
            <contenuImg CS="1.0" lang="en" source="md">invertebrate</contenuImg>
            <titraille>Coquilles : peinture / Yoeequa Painter</titraille>
          </ill>
        </ills>
      </page>
      <page ordre="9">
        <blocIll ocr="1">1</blocIll>
        <ills>
          <ill classif="CCibm" couleur="coul" h="4038" n="9-1" taille="9" w="5173" x="1" y="1">
            <contenuImg CS="0.563" lang="fr" source="ibm">poignée</contenuImg>
            <contenuImg CS="0.559" lang="fr" source="ibm">ocarina</contenuImg>
            <contenuImg CS="0.559" lang="fr" source="ibm">instrument de musique</contenuImg>
            <contenuImg CS="0.508" lang="fr" source="ibm">caisse américaine (cadre)</contenuImg>
            <contenuImg CS="0.585" lang="fr" source="ibm">boîte</contenuImg>
            <contenuImg CS="0.506" lang="fr" source="ibm">graine</contenuImg>
            <contenuImg CS="0.506" lang="fr" source="ibm">fruit</contenuImg>
            <contenuImg CS="0.5" lang="fr" source="ibm">coffret à bijoux</contenuImg>
            <contenuImg CS="0.599" lang="fr" source="ibm">fruits de mer</contenuImg>
            <contenuImg b="82" coul="1" g="96" ordre="5" r="137" source="colorific" type="frg">#896052</contenuImg>
            <contenuImg b="132" coul="1" g="148" ordre="4" r="186" source="colorific" type="frg">#ba9484</contenuImg>
            <contenuImg b="61" coul="1" g="70" ordre="3" r="85" source="colorific" type="frg">#55463d</contenuImg>
            <contenuImg b="178" coul="1" g="172" ordre="2" r="154" source="colorific" type="frg">#9aacb2</contenuImg>
            <contenuImg b="154" coul="1" g="168" ordre="1" r="175" source="colorific" type="frg">#afa89a</contenuImg>
            <contenuImg CS="0.599" lang="fr" source="ibm">coquillage,crustacé</contenuImg>
            <contenuImg CS="1.0" lang="fr" source="md">invertébré</contenuImg>
            <contenuImg CS="1.0" lang="fr" source="md">animal</contenuImg>
            <contenuImg CS="1.0" lang="fr" source="md">coquillage,crustacé</contenuImg>
            <contenuImg CS="0.599" lang="fr" source="ibm">coquillage</contenuImg>
            <contenuImg CS="0.697" coul="1" lang="fr" source="ibm">cuivre (couleur)</contenuImg>
            <contenuImg CS="0.673" lang="fr" source="ibm">brun rougeâtre</contenuImg>
            <txt source="google">"G - SAS - ",</txt>
            <contenuImg CS="0.673" coul="1" lang="en" source="ibm">reddish brown color</contenuImg>
            <contenuImg CS="0.697" coul="1" lang="en" source="ibm">copper color</contenuImg>
            <contenuImg CS="0.599" lang="en" source="ibm">shellfish</contenuImg>
            <contenuImg CS="0.5" lang="en" source="ibm">jewel casket</contenuImg>
            <contenuImg CS="0.506" lang="en" source="ibm">fruit</contenuImg>
            <contenuImg CS="0.506" lang="en" source="ibm">seed</contenuImg>
            <contenuImg CS="0.506" lang="en" source="ibm">nut</contenuImg>
            <contenuImg CS="0.502" lang="en" source="ibm">pistachio</contenuImg>
            <contenuImg CS="0.585" lang="en" source="ibm">box</contenuImg>
            <contenuImg CS="0.508" lang="en" source="ibm">shadow box</contenuImg>
            <contenuImg CS="0.508" lang="en" source="ibm">shell</contenuImg>
            <contenuImg CS="0.559" lang="en" source="ibm">musical instrument</contenuImg>
            <contenuImg CS="0.559" lang="en" source="ibm">ocardina</contenuImg>
            <contenuImg CS="0.563" lang="en" source="ibm">pull (handle)</contenuImg>
            <tech source="final">estampe/gravure</tech>
            <theme source="final">13</theme>
            <tech CS="1" source="md">estampe/gravure</tech>
            <theme CS="1" source="md">13</theme>
            <contenuImg CS="1.0" lang="en" source="md">shellfish</contenuImg>
            <contenuImg CS="1.0" lang="en" source="md">animal</contenuImg>
            <contenuImg CS="1.0" lang="en" source="md">invertebrate</contenuImg>
            <titraille>Coquilles : peinture / Yoeequa Painter</titraille>
          </ill>
        </ills>
      </page>
      <page ordre="10">
        <blocIll ocr="1">1</blocIll>
        <ills>
          <ill classif="CCibm" couleur="coul" edit="true" h="4071" n="10-1" taille="9" w="5148" x="1" y="1">
            <contenuImg CS="0.734" lang="fr" source="ibm">fruits de mer</contenuImg>
            <contenuImg b="141" coul="1" g="148" ordre="7" r="149" source="colorific" type="frg">#95948d</contenuImg>
            <contenuImg b="130" coul="1" g="137" ordre="6" r="178" source="colorific" type="frg">#b28982</contenuImg>
            <contenuImg b="47" coul="1" g="47" ordre="5" r="61" source="colorific" type="frg">#3d2f2f</contenuImg>
            <contenuImg b="83" coul="1" g="90" ordre="4" r="109" source="colorific" type="frg">#6d5a53</contenuImg>
            <contenuImg b="181" coul="1" g="193" ordre="3" r="214" source="colorific" type="frg">#d6c1b5</contenuImg>
            <contenuImg b="160" coul="1" g="153" ordre="2" r="137" source="colorific" type="frg">#8999a0</contenuImg>
            <contenuImg b="189" coul="1" g="208" ordre="1" r="214" source="colorific" type="frg">#d6d0bd</contenuImg>
            <contenuImg CS="1" coul="1" lang="fr" source="hm" time="2019-03-14T08:11:18.872+01:00">rose</contenuImg>
            <contenuImg CS="0.734" lang="fr" source="ibm">coquillage,crustacé</contenuImg>
            <contenuImg CS="1.0" lang="fr" source="md">invertébré</contenuImg>
            <contenuImg CS="1.0" lang="fr" source="md">animal</contenuImg>
            <contenuImg CS="1.0" lang="fr" source="md">coquillage,crustacé</contenuImg>
            <contenuImg CS="0.727" lang="fr" source="ibm">bivalve</contenuImg>
            <contenuImg CS="0.734" lang="fr" source="ibm">coquillage</contenuImg>
            <contenuImg CS="0.734" lang="fr" source="ibm">invertébré</contenuImg>
            <contenuImg CS="0.734" lang="fr" source="ibm">animal</contenuImg>
            <contenuImg CS="0.5" lang="fr" source="ibm">moule zébrée</contenuImg>
            <contenuImg CS="0.535" lang="fr" source="ibm">moule</contenuImg>
            <contenuImg CS="0.704" coul="1" lang="fr" source="ibm">albâtre</contenuImg>
            <contenuImg CS="0.62" coul="1" lang="fr" source="ibm">rose (couleur)</contenuImg>
            <contenuImg CS="0.62" coul="1" lang="en" source="ibm">pink color</contenuImg>
            <contenuImg CS="0.704" coul="1" lang="en" source="ibm">alabaster color</contenuImg>
            <contenuImg CS="0.535" lang="en" source="ibm">mussel</contenuImg>
            <contenuImg CS="0.5" lang="en" source="ibm">zebra mussel</contenuImg>
            <contenuImg CS="0.734" lang="en" source="ibm">animal</contenuImg>
            <contenuImg CS="0.734" lang="en" source="ibm">invertebrate</contenuImg>
            <contenuImg CS="0.734" lang="en" source="ibm">shellfish</contenuImg>
            <contenuImg CS="0.727" lang="en" source="ibm">bivalve (animal with shell)</contenuImg>
            <contenuImg CS="0.558" lang="en" source="ibm">ark shell</contenuImg>
            <contenuImg CS="0.861" lang="en" source="ibm">shell</contenuImg>
            <tech source="final">estampe/gravure</tech>
            <theme source="final">13</theme>
            <tech CS="1" source="md">estampe/gravure</tech>
            <theme CS="1" source="md">13</theme>
            <contenuImg CS="1.0" lang="en" source="md">shellfish</contenuImg>
            <contenuImg CS="1.0" lang="en" source="md">animal</contenuImg>
            <contenuImg CS="1.0" lang="en" source="md">invertebrate</contenuImg>
            <titraille>Coquilles : peinture / Yoeequa Painter</titraille>
            <contenuImg CS="1" coul="1" lang="en" source="hm" time="2019-03-14T08:11:18.872+01:00">pink color</contenuImg>
          </ill>
        </ills>
      </page>
      <page ordre="11">
        <blocIll ocr="1">1</blocIll>
        <ills>
          <ill classif="CCibm" couleur="coul" h="4038" n="11-1" taille="9" w="5173" x="1" y="1">
            <contenuImg CS="0.85" lang="fr" source="ibm">fruits de mer</contenuImg>
            <contenuImg CS="0.796" lang="fr" source="ibm">chaussure</contenuImg>
            <contenuImg CS="0.787" lang="fr" source="ibm">graine</contenuImg>
            <contenuImg b="151" coul="1" g="158" ordre="8" r="151" source="colorific" type="frg">#979e97</contenuImg>
            <contenuImg b="93" coul="1" g="92" ordre="7" r="169" source="colorific" type="frg">#a95c5d</contenuImg>
            <contenuImg b="51" coul="1" g="55" ordre="6" r="73" source="colorific" type="frg">#493733</contenuImg>
            <contenuImg b="53" coul="1" g="58" ordre="5" r="98" source="colorific" type="frg">#623a35</contenuImg>
            <contenuImg b="75" coul="1" g="89" ordre="4" r="90" source="colorific" type="frg">#5a594b</contenuImg>
            <contenuImg b="120" coul="1" g="131" ordre="3" r="152" source="colorific" type="frg">#988378</contenuImg>
            <contenuImg b="168" coul="1" g="161" ordre="2" r="144" source="colorific" type="frg">#90a1a8</contenuImg>
            <contenuImg b="182" coul="1" g="197" ordre="1" r="205" source="colorific" type="frg">#cdc5b6</contenuImg>
            <contenuImg CS="0.85" lang="fr" source="ibm">coquillage,crustacé</contenuImg>
            <contenuImg CS="1.0" lang="fr" source="md">invertébré</contenuImg>
            <contenuImg CS="1.0" lang="fr" source="md">animal</contenuImg>
            <contenuImg CS="1.0" lang="fr" source="md">coquillage,crustacé</contenuImg>
            <contenuImg CS="0.849" lang="fr" source="ibm">moule</contenuImg>
            <contenuImg CS="0.849" lang="fr" source="ibm">bivalve</contenuImg>
            <contenuImg CS="0.85" lang="fr" source="ibm">coquillage</contenuImg>
            <contenuImg CS="0.85" lang="fr" source="ibm">invertébré</contenuImg>
            <contenuImg CS="0.85" lang="fr" source="ibm">animal</contenuImg>
            <contenuImg CS="0.56" lang="fr" source="ibm">moule zébrée</contenuImg>
            <contenuImg CS="0.958" coul="1" lang="fr" source="ibm">noisette (couleur)</contenuImg>
            <contenuImg CS="0.958" coul="1" lang="en" source="ibm">chestnut color</contenuImg>
            <contenuImg CS="0.787" lang="en" source="ibm">seed</contenuImg>
            <contenuImg CS="0.796" lang="en" source="ibm">footwear</contenuImg>
            <contenuImg CS="0.5" lang="en" source="ibm">shell</contenuImg>
            <contenuImg CS="0.56" lang="en" source="ibm">zebra mussel</contenuImg>
            <contenuImg CS="0.85" lang="en" source="ibm">animal</contenuImg>
            <contenuImg CS="0.85" lang="en" source="ibm">invertebrate</contenuImg>
            <contenuImg CS="0.85" lang="en" source="ibm">shellfish</contenuImg>
            <contenuImg CS="0.849" lang="en" source="ibm">bivalve (animal with shell)</contenuImg>
            <contenuImg CS="0.849" lang="en" source="ibm">mussel</contenuImg>
            <contenuImg CS="0.768" lang="en" source="ibm">freshwater mussel</contenuImg>
            <tech source="final">estampe/gravure</tech>
            <theme source="final">13</theme>
            <tech CS="1" source="md">estampe/gravure</tech>
            <theme CS="1" source="md">13</theme>
            <contenuImg CS="1.0" lang="en" source="md">shellfish</contenuImg>
            <contenuImg CS="1.0" lang="en" source="md">animal</contenuImg>
            <contenuImg CS="1.0" lang="en" source="md">invertebrate</contenuImg>
            <titraille>Coquilles : peinture / Yoeequa Painter</titraille>
          </ill>
        </ills>
      </page>
      <page ordre="12">
        <blocIll ocr="1">1</blocIll>
        <ills>
          <ill classif="CCibm" couleur="coul" h="4035" n="12-1" taille="9" w="5148" x="1" y="1">
            <contenuImg CS="0.6" lang="fr" source="ibm">patin</contenuImg>
            <contenuImg CS="0.603" lang="fr" source="ibm">rayon</contenuImg>
            <contenuImg CS="0.541" lang="fr" source="ibm">fruits de mer</contenuImg>
            <contenuImg CS="0.5" lang="fr" source="ibm">plaque à biscuits</contenuImg>
            <contenuImg CS="0.5" lang="fr" source="ibm">ustensile</contenuImg>
            <contenuImg b="148" coul="1" g="164" ordre="7" r="202" source="colorific" type="frg">#caa494</contenuImg>
            <contenuImg b="57" coul="1" g="65" ordre="6" r="80" source="colorific" type="frg">#504139</contenuImg>
            <contenuImg b="82" coul="1" g="98" ordre="5" r="146" source="colorific" type="frg">#926252</contenuImg>
            <contenuImg b="136" coul="1" g="146" ordre="4" r="139" source="colorific" type="frg">#8b9288</contenuImg>
            <contenuImg b="118" coul="1" g="134" ordre="3" r="152" source="colorific" type="frg">#988676</contenuImg>
            <contenuImg b="186" coul="1" g="173" ordre="2" r="153" source="colorific" type="frg">#99adba</contenuImg>
            <contenuImg b="181" coul="1" g="199" ordre="1" r="207" source="colorific" type="frg">#cfc7b5</contenuImg>
            <contenuImg CS="0.541" lang="fr" source="ibm">coquillage,crustacé</contenuImg>
            <contenuImg CS="1.0" lang="fr" source="md">invertébré</contenuImg>
            <contenuImg CS="1.0" lang="fr" source="md">animal</contenuImg>
            <contenuImg CS="1.0" lang="fr" source="md">coquillage,crustacé</contenuImg>
            <contenuImg CS="0.637" lang="fr" source="ibm">poisson</contenuImg>
            <contenuImg CS="0.642" lang="fr" source="ibm">vertébré aquatique</contenuImg>
            <contenuImg CS="0.708" lang="fr" source="ibm">animal</contenuImg>
            <contenuImg CS="0.523" lang="fr" source="ibm">bivalve</contenuImg>
            <contenuImg CS="0.541" lang="fr" source="ibm">coquillage</contenuImg>
            <contenuImg CS="0.541" lang="fr" source="ibm">invertébré</contenuImg>
            <contenuImg CS="0.674" coul="1" lang="fr" source="ibm">noisette (couleur)</contenuImg>
            <contenuImg CS="0.6" coul="1" lang="fr" source="ibm">marron clair</contenuImg>
            <contenuImg CS="0.6" coul="1" lang="en" source="ibm">light brown color</contenuImg>
            <contenuImg CS="0.674" coul="1" lang="en" source="ibm">chestnut color</contenuImg>
            <contenuImg CS="0.5" lang="en" source="ibm">utensil</contenuImg>
            <contenuImg CS="0.5" lang="en" source="ibm">cookie sheet</contenuImg>
            <contenuImg CS="0.541" lang="en" source="ibm">invertebrate</contenuImg>
            <contenuImg CS="0.541" lang="en" source="ibm">shellfish</contenuImg>
            <contenuImg CS="0.523" lang="en" source="ibm">bivalve (animal with shell)</contenuImg>
            <contenuImg CS="0.517" lang="en" source="ibm">ark shell</contenuImg>
            <contenuImg CS="0.708" lang="en" source="ibm">animal</contenuImg>
            <contenuImg CS="0.642" lang="en" source="ibm">aquatic vertebrate</contenuImg>
            <contenuImg CS="0.637" lang="en" source="ibm">fish</contenuImg>
            <contenuImg CS="0.603" lang="en" source="ibm">ray</contenuImg>
            <contenuImg CS="0.6" lang="en" source="ibm">skate</contenuImg>
            <contenuImg CS="0.655" lang="en" source="ibm">shell</contenuImg>
            <tech source="final">estampe/gravure</tech>
            <theme source="final">13</theme>
            <tech CS="1" source="md">estampe/gravure</tech>
            <theme CS="1" source="md">13</theme>
            <contenuImg CS="1.0" lang="en" source="md">shellfish</contenuImg>
            <contenuImg CS="1.0" lang="en" source="md">animal</contenuImg>
            <contenuImg CS="1.0" lang="en" source="md">invertebrate</contenuImg>
            <titraille>Coquilles : peinture / Yoeequa Painter</titraille>
          </ill>
        </ills>
      </page>
      <page ordre="13">
        <blocIll ocr="1">1</blocIll>
        <ills>
          <ill classif="CCibm" couleur="coul" h="4038" n="13-1" taille="9" w="5140" x="1" y="1">
            <contenuImg CS="0.777" lang="fr" source="ibm">truffe</contenuImg>
            <contenuImg CS="0.777" lang="fr" source="ibm">bonbons</contenuImg>
            <contenuImg CS="0.778" lang="fr" source="ibm">sucrerie</contenuImg>
            <contenuImg CS="0.778" lang="fr" source="ibm">friandise</contenuImg>
            <contenuImg CS="0.778" lang="fr" source="ibm">nutrition</contenuImg>
            <contenuImg CS="0.778" lang="fr" source="ibm">aliments</contenuImg>
            <contenuImg CS="0.589" lang="fr" source="ibm">graine</contenuImg>
            <contenuImg CS="0.589" lang="fr" source="ibm">fruit</contenuImg>
            <contenuImg CS="0.505" lang="fr" source="ibm">fruits de mer</contenuImg>
            <contenuImg CS="0.598" lang="fr" source="ibm">appareil électrique</contenuImg>
            <contenuImg CS="0.778" lang="fr" source="ibm">nourriture</contenuImg>
            <contenuImg b="158" coul="1" g="163" ordre="7" r="155" source="colorific" type="frg">#9ba39e</contenuImg>
            <contenuImg b="85" coul="1" g="98" ordre="6" r="161" source="colorific" type="frg">#a16255</contenuImg>
            <contenuImg b="47" coul="1" g="49" ordre="5" r="56" source="colorific" type="frg">#38312f</contenuImg>
            <contenuImg b="127" coul="1" g="139" ordre="4" r="154" source="colorific" type="frg">#9a8b7f</contenuImg>
            <contenuImg b="57" coul="1" g="60" ordre="3" r="91" source="colorific" type="frg">#5b3c39</contenuImg>
            <contenuImg b="153" coul="1" g="145" ordre="2" r="127" source="colorific" type="frg">#7f9199</contenuImg>
            <contenuImg b="192" coul="1" g="211" ordre="1" r="216" source="colorific" type="frg">#d8d3c0</contenuImg>
            <contenuImg CS="0.505" lang="fr" source="ibm">coquillage,crustacé</contenuImg>
            <contenuImg CS="1.0" lang="fr" source="md">invertébré</contenuImg>
            <contenuImg CS="1.0" lang="fr" source="md">animal</contenuImg>
            <contenuImg CS="1.0" lang="fr" source="md">coquillage,crustacé</contenuImg>
            <contenuImg CS="0.618" lang="fr" source="ibm">coquille Saint-Jacques</contenuImg>
            <contenuImg CS="0.501" lang="fr" source="ibm">bivalve</contenuImg>
            <contenuImg CS="0.505" lang="fr" source="ibm">coquillage</contenuImg>
            <contenuImg CS="0.505" lang="fr" source="ibm">invertébré</contenuImg>
            <contenuImg CS="0.505" lang="fr" source="ibm">animal</contenuImg>
            <contenuImg CS="0.969" coul="1" lang="fr" source="ibm">noisette (couleur)</contenuImg>
            <contenuImg CS="0.969" coul="1" lang="en" source="ibm">chestnut color</contenuImg>
            <contenuImg CS="0.598" lang="en" source="ibm">electrical device</contenuImg>
            <contenuImg CS="0.505" lang="en" source="ibm">animal</contenuImg>
            <contenuImg CS="0.505" lang="en" source="ibm">invertebrate</contenuImg>
            <contenuImg CS="0.505" lang="en" source="ibm">shellfish</contenuImg>
            <contenuImg CS="0.501" lang="en" source="ibm">bivalve (animal with shell)</contenuImg>
            <contenuImg CS="0.5" lang="en" source="ibm">ark shell</contenuImg>
            <contenuImg CS="0.589" lang="en" source="ibm">fruit</contenuImg>
            <contenuImg CS="0.589" lang="en" source="ibm">seed</contenuImg>
            <contenuImg CS="0.589" lang="en" source="ibm">nut</contenuImg>
            <contenuImg CS="0.588" lang="en" source="ibm">pecan</contenuImg>
            <contenuImg CS="0.618" lang="en" source="ibm">scallop shell</contenuImg>
            <contenuImg CS="0.778" lang="en" source="ibm">food</contenuImg>
            <contenuImg CS="0.778" lang="en" source="ibm">nutrition</contenuImg>
            <contenuImg CS="0.778" lang="en" source="ibm">delicacy</contenuImg>
            <contenuImg CS="0.778" lang="en" source="ibm">sweet</contenuImg>
            <contenuImg CS="0.777" lang="en" source="ibm">candy</contenuImg>
            <contenuImg CS="0.777" lang="en" source="ibm">truffle</contenuImg>
            <tech source="final">estampe/gravure</tech>
            <theme source="final">13</theme>
            <tech CS="1" source="md">estampe/gravure</tech>
            <theme CS="1" source="md">13</theme>
            <contenuImg CS="1.0" lang="en" source="md">shellfish</contenuImg>
            <contenuImg CS="1.0" lang="en" source="md">animal</contenuImg>
            <contenuImg CS="1.0" lang="en" source="md">invertebrate</contenuImg>
            <titraille>Coquilles : peinture / Yoeequa Painter</titraille>
          </ill>
        </ills>
      </page>
      <page ordre="14">
        <blocIll ocr="1">1</blocIll>
        <ills>
          <ill classif="CCibm" couleur="coul" h="4035" n="14-1" taille="9" w="5148" x="1" y="1">
            <contenuImg CS="0.821" lang="fr" source="ibm">fruits de mer</contenuImg>
            <contenuImg CS="0.631" lang="fr" source="ibm">graine</contenuImg>
            <contenuImg CS="0.631" lang="fr" source="ibm">fruit</contenuImg>
            <contenuImg CS="0.57" coul="1" lang="fr" source="ibm">vert olive</contenuImg>
            <contenuImg b="66" coul="1" g="89" ordre="6" r="90" source="colorific" type="frg">#5a5942</contenuImg>
            <contenuImg b="112" coul="1" g="149" ordre="5" r="184" source="colorific" type="frg">#b89570</contenuImg>
            <contenuImg b="68" coul="1" g="79" ordre="4" r="101" source="colorific" type="frg">#654f44</contenuImg>
            <contenuImg b="139" coul="1" g="147" ordre="3" r="148" source="colorific" type="frg">#94938b</contenuImg>
            <contenuImg b="167" coul="1" g="164" ordre="2" r="146" source="colorific" type="frg">#92a4a7</contenuImg>
            <contenuImg b="193" coul="1" g="212" ordre="1" r="217" source="colorific" type="frg">#d9d4c1</contenuImg>
            <contenuImg CS="0.821" lang="fr" source="ibm">coquillage,crustacé</contenuImg>
            <contenuImg CS="1.0" lang="fr" source="md">invertébré</contenuImg>
            <contenuImg CS="1.0" lang="fr" source="md">animal</contenuImg>
            <contenuImg CS="1.0" lang="fr" source="md">coquillage,crustacé</contenuImg>
            <contenuImg CS="0.761" lang="fr" source="ibm">moule</contenuImg>
            <contenuImg CS="0.816" lang="fr" source="ibm">bivalve</contenuImg>
            <contenuImg CS="0.821" lang="fr" source="ibm">coquillage</contenuImg>
            <contenuImg CS="0.821" lang="fr" source="ibm">invertébré</contenuImg>
            <contenuImg CS="0.821" lang="fr" source="ibm">animal</contenuImg>
            <contenuImg CS="0.839" coul="1" lang="fr" source="ibm">noisette (couleur)</contenuImg>
            <contenuImg CS="0.57" coul="1" lang="fr" source="ibm">couleur vert olive</contenuImg>
            <contenuImg CS="0.57" coul="1" lang="en" source="ibm">olive green color</contenuImg>
            <contenuImg CS="0.839" coul="1" lang="en" source="ibm">chestnut color</contenuImg>
            <contenuImg CS="0.5" lang="en" source="ibm">shell</contenuImg>
            <contenuImg CS="0.512" lang="en" source="ibm">ark shell</contenuImg>
            <contenuImg CS="0.631" lang="en" source="ibm">fruit</contenuImg>
            <contenuImg CS="0.631" lang="en" source="ibm">seed</contenuImg>
            <contenuImg CS="0.63" lang="en" source="ibm">nut</contenuImg>
            <contenuImg CS="0.623" lang="en" source="ibm">pistachio</contenuImg>
            <contenuImg CS="0.821" lang="en" source="ibm">animal</contenuImg>
            <contenuImg CS="0.821" lang="en" source="ibm">invertebrate</contenuImg>
            <contenuImg CS="0.821" lang="en" source="ibm">shellfish</contenuImg>
            <contenuImg CS="0.816" lang="en" source="ibm">bivalve (animal with shell)</contenuImg>
            <contenuImg CS="0.761" lang="en" source="ibm">mussel</contenuImg>
            <contenuImg CS="0.758" lang="en" source="ibm">freshwater mussel</contenuImg>
            <tech source="final">estampe/gravure</tech>
            <theme source="final">13</theme>
            <tech CS="1" source="md">estampe/gravure</tech>
            <theme CS="1" source="md">13</theme>
            <contenuImg CS="1.0" lang="en" source="md">shellfish</contenuImg>
            <contenuImg CS="1.0" lang="en" source="md">animal</contenuImg>
            <contenuImg CS="1.0" lang="en" source="md">invertebrate</contenuImg>
            <titraille>Coquilles : peinture / Yoeequa Painter</titraille>
          </ill>
        </ills>
      </page>
      <page ordre="15">
        <blocIll ocr="1">1</blocIll>
        <ills>
          <ill classif="CCibm" couleur="coul" h="4038" n="15-1" taille="9" w="5140" x="1" y="1">
            <contenuImg CS="0.795" lang="fr" source="ibm">fruits de mer</contenuImg>
            <contenuImg CS="0.5" lang="fr" source="ibm">bouton</contenuImg>
            <contenuImg b="87" coul="1" g="101" ordre="5" r="113" source="colorific" type="frg">#716557</contenuImg>
            <contenuImg b="46" coul="1" g="46" ordre="4" r="64" source="colorific" type="frg">#402e2e</contenuImg>
            <contenuImg b="78" coul="1" g="87" ordre="3" r="122" source="colorific" type="frg">#7a574e</contenuImg>
            <contenuImg b="169" coul="1" g="162" ordre="2" r="145" source="colorific" type="frg">#91a2a9</contenuImg>
            <contenuImg b="158" coul="1" g="169" ordre="1" r="174" source="colorific" type="frg">#aea99e</contenuImg>
            <contenuImg CS="0.795" lang="fr" source="ibm">coquillage,crustacé</contenuImg>
            <contenuImg CS="1.0" lang="fr" source="md">invertébré</contenuImg>
            <contenuImg CS="1.0" lang="fr" source="md">animal</contenuImg>
            <contenuImg CS="1.0" lang="fr" source="md">coquillage,crustacé</contenuImg>
            <contenuImg CS="0.709" lang="fr" source="ibm">moule</contenuImg>
            <contenuImg CS="0.79" lang="fr" source="ibm">bivalve</contenuImg>
            <contenuImg CS="0.795" lang="fr" source="ibm">coquillage</contenuImg>
            <contenuImg CS="0.795" lang="fr" source="ibm">invertébré</contenuImg>
            <contenuImg CS="0.795" lang="fr" source="ibm">animal</contenuImg>
            <contenuImg CS="0.852" lang="fr" source="ibm">brun rougeâtre</contenuImg>
            <contenuImg CS="0.53" coul="1" lang="fr" source="ibm">noisette (couleur)</contenuImg>
            <contenuImg CS="0.53" coul="1" lang="en" source="ibm">chestnut color</contenuImg>
            <contenuImg CS="0.852" coul="1" lang="en" source="ibm">reddish brown color</contenuImg>
            <contenuImg CS="0.5" lang="en" source="ibm">knob</contenuImg>
            <contenuImg CS="0.514" lang="en" source="ibm">shell</contenuImg>
            <contenuImg CS="0.561" lang="en" source="ibm">ark shell</contenuImg>
            <contenuImg CS="0.795" lang="en" source="ibm">animal</contenuImg>
            <contenuImg CS="0.795" lang="en" source="ibm">invertebrate</contenuImg>
            <contenuImg CS="0.795" lang="en" source="ibm">shellfish</contenuImg>
            <contenuImg CS="0.79" lang="en" source="ibm">bivalve (animal with shell)</contenuImg>
            <contenuImg CS="0.709" lang="en" source="ibm">mussel</contenuImg>
            <contenuImg CS="0.701" lang="en" source="ibm">freshwater mussel</contenuImg>
            <tech source="final">estampe/gravure</tech>
            <theme source="final">13</theme>
            <tech CS="1" source="md">estampe/gravure</tech>
            <theme CS="1" source="md">13</theme>
            <contenuImg CS="1.0" lang="en" source="md">shellfish</contenuImg>
            <contenuImg CS="1.0" lang="en" source="md">animal</contenuImg>
            <contenuImg CS="1.0" lang="en" source="md">invertebrate</contenuImg>
            <titraille>Coquilles : peinture / Yoeequa Painter</titraille>
          </ill>
        </ills>
      </page>
      <page ordre="16">
        <blocIll ocr="1">0</blocIll>
        <ills/>
      </page>
      <page ordre="17">
        <blocIll ocr="1">0</blocIll>
        <ills/>
      </page>
    </pages>
  </contenus>
</analyseAlto>