<analyseAlto>
  <metad>
    <type>I</type>
    <ID>btv1b10548849r</ID>
    <titre>Coquilles : peinture / Yoeequa Painter</titre>
    <dateEdition>1830-1840</dateEdition>
    <auteur>Yoeequa (18..?-18..). Peintre Lagrené, Marie-Melchior-Joseph-Théodore de (1800-1862). Collecteur</auteur>
    <lang>0</lang>
    <source>Bibliothèque nationale de France, département Estampes et photographie, RESERVE PET FOL-OE-164 (I)</source>
    <nbPage>20</nbPage>
    <descr>Coquillages -- Chine</descr>
  </metad>
  <contenus ocr="false" toc="false">
    <largeur>231</largeur>
    <hauteur>170</hauteur>
    <largeurPx>5472</largeurPx>
    <hauteurPx>4027</hauteurPx>
    <pages>
      <page ordre="3">
        <blocIll ocr="1">0</blocIll>
        <ills/>
      </page>
      <page ordre="4">
        <blocIll ocr="1">0</blocIll>
        <ills/>
      </page>
      <page ordre="5">
        <blocIll ocr="1">1</blocIll>
        <ills>
          <ill classif="CCibm" couleur="coul" h="4065" n="5-1" taille="10" w="5238" x="1" y="1">
            <contenuImg CS="0.572" lang="fr" source="ibm">graine</contenuImg>
            <contenuImg CS="0.572" lang="fr" source="ibm">fruit</contenuImg>
            <contenuImg CS="0.704" lang="fr" source="ibm">fruits de mer</contenuImg>
            <contenuImg CS="0.515" lang="fr" source="ibm">base-ball</contenuImg>
            <contenuImg CS="0.527" lang="fr" source="ibm">équipement de baseball</contenuImg>
            <contenuImg CS="0.599" lang="fr" source="ibm">chaussure</contenuImg>
            <contenuImg CS="0.596" lang="fr" source="ibm">équipement sportif</contenuImg>
            <contenuImg b="84" coul="1" g="96" ordre="8" r="140" source="colorific" type="frg">#8c6054</contenuImg>
            <contenuImg b="49" coul="1" g="49" ordre="7" r="91" source="colorific" type="frg">#5b3131</contenuImg>
            <contenuImg b="41" coul="1" g="42" ordre="6" r="46" source="colorific" type="frg">#2e2a29</contenuImg>
            <contenuImg b="55" coul="1" g="62" ordre="5" r="76" source="colorific" type="frg">#4c3e37</contenuImg>
            <contenuImg b="134" coul="1" g="151" ordre="4" r="189" source="colorific" type="frg">#bd9786</contenuImg>
            <contenuImg b="161" coul="1" g="169" ordre="3" r="165" source="colorific" type="frg">#a5a9a1</contenuImg>
            <contenuImg b="91" coul="1" g="105" ordre="2" r="123" source="colorific" type="frg">#7b695b</contenuImg>
            <contenuImg b="182" coul="1" g="173" ordre="1" r="154" source="colorific" type="frg">#9aadb6</contenuImg>
            <contenuImg CS="0.704" lang="fr" source="ibm">coquillage,crustacé</contenuImg>
            <contenuImg CS="1.0" lang="fr" source="md">invertébré</contenuImg>
            <contenuImg CS="1.0" lang="fr" source="md">animal</contenuImg>
            <contenuImg CS="1.0" lang="fr" source="md">coquillage,crustacé</contenuImg>
            <contenuImg CS="0.582" lang="fr" source="ibm">moule</contenuImg>
            <contenuImg CS="0.651" lang="fr" source="ibm">bivalve</contenuImg>
            <contenuImg CS="0.704" lang="fr" source="ibm">coquillage</contenuImg>
            <contenuImg CS="0.704" lang="fr" source="ibm">invertébré</contenuImg>
            <contenuImg CS="0.704" lang="fr" source="ibm">animal</contenuImg>
            <contenuImg CS="0.5" lang="fr" source="ibm">gastropode</contenuImg>
            <contenuImg CS="0.818" coul="1" lang="fr" source="ibm">marron clair</contenuImg>
            <contenuImg CS="0.726" coul="1" lang="fr" source="ibm">cuivre (couleur)</contenuImg>
            <contenuImg CS="0.726" coul="1" lang="en" source="ibm">copper color</contenuImg>
            <contenuImg CS="0.818" coul="1" lang="en" source="ibm">light brown color</contenuImg>
            <contenuImg CS="0.596" lang="en" source="ibm">sports equipment</contenuImg>
            <contenuImg CS="0.599" lang="en" source="ibm">footwear</contenuImg>
            <contenuImg CS="0.5" lang="en" source="ibm">gastropod (animal with a shell)</contenuImg>
            <contenuImg CS="0.5" lang="en" source="ibm">sea-ear</contenuImg>
            <contenuImg CS="0.51" lang="en" source="ibm">ark shell</contenuImg>
            <contenuImg CS="0.527" lang="en" source="ibm">baseball equipment</contenuImg>
            <contenuImg CS="0.515" lang="en" source="ibm">baseball</contenuImg>
            <contenuImg CS="0.704" lang="en" source="ibm">animal</contenuImg>
            <contenuImg CS="0.704" lang="en" source="ibm">invertebrate</contenuImg>
            <contenuImg CS="0.704" lang="en" source="ibm">shellfish</contenuImg>
            <contenuImg CS="0.651" lang="en" source="ibm">bivalve (animal with shell)</contenuImg>
            <contenuImg CS="0.582" lang="en" source="ibm">mussel</contenuImg>
            <contenuImg CS="0.554" lang="en" source="ibm">freshwater mussel</contenuImg>
            <contenuImg CS="0.565" lang="en" source="ibm">soap dish</contenuImg>
            <contenuImg CS="0.572" lang="en" source="ibm">fruit</contenuImg>
            <contenuImg CS="0.572" lang="en" source="ibm">seed</contenuImg>
            <contenuImg CS="0.572" lang="en" source="ibm">nut</contenuImg>
            <contenuImg CS="0.572" lang="en" source="ibm">pecan</contenuImg>
            <tech source="final">estampe/gravure</tech>
            <theme source="final">13</theme>
            <tech CS="1" source="md">estampe/gravure</tech>
            <theme CS="1" source="md">13</theme>
            <contenuImg CS="1.0" lang="en" source="md">shellfish</contenuImg>
            <contenuImg CS="1.0" lang="en" source="md">animal</contenuImg>
            <contenuImg CS="1.0" lang="en" source="md">invertebrate</contenuImg>
            <titraille>Coquilles : peinture / Yoeequa Painter</titraille>
          </ill>
        </ills>
      </page>
      <page ordre="6">
        <blocIll ocr="1">1</blocIll>
        <ills>
          <ill classif="CCibm" couleur="coul" h="4003" n="6-1" taille="10" w="5198" x="1" y="1">
            <contenuImg CS="0.921" lang="fr" source="ibm">fruits de mer</contenuImg>
            <contenuImg b="150" coul="1" g="154" ordre="8" r="153" source="colorific" type="frg">#999a96</contenuImg>
            <contenuImg b="52" coul="1" g="52" ordre="7" r="56" source="colorific" type="frg">#383434</contenuImg>
            <contenuImg b="75" coul="1" g="82" ordre="6" r="88" source="colorific" type="frg">#58524b</contenuImg>
            <contenuImg b="117" coul="1" g="128" ordre="5" r="145" source="colorific" type="frg">#918075</contenuImg>
            <contenuImg b="78" coul="1" g="90" ordre="4" r="152" source="colorific" type="frg">#985a4e</contenuImg>
            <contenuImg b="144" coul="1" g="168" ordre="3" r="204" source="colorific" type="frg">#cca890</contenuImg>
            <contenuImg b="203" coul="1" g="192" ordre="2" r="175" source="colorific" type="frg">#afc0cb</contenuImg>
            <contenuImg b="182" coul="1" g="201" ordre="1" r="210" source="colorific" type="frg">#d2c9b6</contenuImg>
            <contenuImg CS="0.921" lang="fr" source="ibm">coquillage,crustacé</contenuImg>
            <contenuImg CS="1.0" lang="fr" source="md">invertébré</contenuImg>
            <contenuImg CS="1.0" lang="fr" source="md">animal</contenuImg>
            <contenuImg CS="1.0" lang="fr" source="md">coquillage,crustacé</contenuImg>
            <contenuImg CS="0.919" lang="fr" source="ibm">bivalve</contenuImg>
            <contenuImg CS="0.921" lang="fr" source="ibm">coquillage</contenuImg>
            <contenuImg CS="0.921" lang="fr" source="ibm">invertébré</contenuImg>
            <contenuImg CS="0.921" lang="fr" source="ibm">animal</contenuImg>
            <contenuImg CS="0.668" lang="fr" source="ibm">moule</contenuImg>
            <contenuImg CS="0.5" lang="fr" source="ibm">coque</contenuImg>
            <contenuImg CS="0.652" coul="1" lang="fr" source="ibm">noisette (couleur)</contenuImg>
            <contenuImg CS="0.648" coul="1" lang="fr" source="ibm">cuivre (couleur)</contenuImg>
            <contenuImg CS="0.648" coul="1" lang="en" source="ibm">copper color</contenuImg>
            <contenuImg CS="0.652" coul="1" lang="en" source="ibm">chestnut color</contenuImg>
            <contenuImg CS="0.5" lang="en" source="ibm">edible cockle</contenuImg>
            <contenuImg CS="0.553" lang="en" source="ibm">shell</contenuImg>
            <contenuImg CS="0.668" lang="en" source="ibm">mussel</contenuImg>
            <contenuImg CS="0.651" lang="en" source="ibm">freshwater mussel</contenuImg>
            <contenuImg CS="0.921" lang="en" source="ibm">animal</contenuImg>
            <contenuImg CS="0.921" lang="en" source="ibm">invertebrate</contenuImg>
            <contenuImg CS="0.921" lang="en" source="ibm">shellfish</contenuImg>
            <contenuImg CS="0.919" lang="en" source="ibm">bivalve (animal with shell)</contenuImg>
            <contenuImg CS="0.72" lang="en" source="ibm">ark shell</contenuImg>
            <tech source="final">estampe/gravure</tech>
            <theme source="final">13</theme>
            <tech CS="1" source="md">estampe/gravure</tech>
            <theme CS="1" source="md">13</theme>
            <contenuImg CS="1.0" lang="en" source="md">shellfish</contenuImg>
            <contenuImg CS="1.0" lang="en" source="md">animal</contenuImg>
            <contenuImg CS="1.0" lang="en" source="md">invertebrate</contenuImg>
            <titraille>Coquilles : peinture / Yoeequa Painter</titraille>
          </ill>
        </ills>
      </page>
      <page ordre="7">
        <blocIll ocr="1">1</blocIll>
        <ills>
          <ill classif="CCibm" couleur="coul" edit="true" h="4065" n="7-1" taille="10" w="5238" x="1" y="1">
            <contenuImg CS="0.753" lang="fr" source="ibm">fruits de mer</contenuImg>
            <contenuImg CS="0.509" lang="fr" source="ibm">graine</contenuImg>
            <contenuImg CS="0.509" lang="fr" source="ibm">fruit</contenuImg>
            <contenuImg b="66" coul="1" g="76" ordre="8" r="139" source="colorific" type="frg">#8b4c42</contenuImg>
            <contenuImg b="55" coul="1" g="60" ordre="7" r="73" source="colorific" type="frg">#493c37</contenuImg>
            <contenuImg b="129" coul="1" g="142" ordre="6" r="198" source="colorific" type="frg">#c68e81</contenuImg>
            <contenuImg b="166" coul="1" g="185" ordre="5" r="210" source="colorific" type="frg">#d2b9a6</contenuImg>
            <contenuImg b="98" coul="1" g="109" ordre="4" r="134" source="colorific" type="frg">#866d62</contenuImg>
            <contenuImg b="135" coul="1" g="144" ordre="3" r="149" source="colorific" type="frg">#959087</contenuImg>
            <contenuImg b="191" coul="1" g="183" ordre="2" r="165" source="colorific" type="frg">#a5b7bf</contenuImg>
            <contenuImg b="182" coul="1" g="201" ordre="1" r="208" source="colorific" type="frg">#d0c9b6</contenuImg>
            <contenuImg CS="1" coul="1" lang="fr" source="hm" time="2019-03-14T08:11:30.039+01:00">rose</contenuImg>
            <contenuImg CS="0.753" lang="fr" source="ibm">coquillage,crustacé</contenuImg>
            <contenuImg CS="1.0" lang="fr" source="md">invertébré</contenuImg>
            <contenuImg CS="1.0" lang="fr" source="md">animal</contenuImg>
            <contenuImg CS="1.0" lang="fr" source="md">coquillage,crustacé</contenuImg>
            <contenuImg CS="0.681" lang="fr" source="ibm">moule</contenuImg>
            <contenuImg CS="0.748" lang="fr" source="ibm">bivalve</contenuImg>
            <contenuImg CS="0.753" lang="fr" source="ibm">coquillage</contenuImg>
            <contenuImg CS="0.753" lang="fr" source="ibm">invertébré</contenuImg>
            <contenuImg CS="0.753" lang="fr" source="ibm">animal</contenuImg>
            <contenuImg CS="0.912" coul="1" lang="fr" source="ibm">marron clair</contenuImg>
            <contenuImg CS="0.677" coul="1" lang="fr" source="ibm">noisette (couleur)</contenuImg>
            <contenuImg CS="0.677" coul="1" lang="en" source="ibm">chestnut color</contenuImg>
            <contenuImg CS="0.912" coul="1" lang="en" source="ibm">light brown color</contenuImg>
            <contenuImg CS="0.5" lang="en" source="ibm">ark shell</contenuImg>
            <contenuImg CS="0.509" lang="en" source="ibm">fruit</contenuImg>
            <contenuImg CS="0.509" lang="en" source="ibm">seed</contenuImg>
            <contenuImg CS="0.507" lang="en" source="ibm">nut</contenuImg>
            <contenuImg CS="0.501" lang="en" source="ibm">pistachio</contenuImg>
            <contenuImg CS="0.753" lang="en" source="ibm">animal</contenuImg>
            <contenuImg CS="0.753" lang="en" source="ibm">invertebrate</contenuImg>
            <contenuImg CS="0.753" lang="en" source="ibm">shellfish</contenuImg>
            <contenuImg CS="0.748" lang="en" source="ibm">bivalve (animal with shell)</contenuImg>
            <contenuImg CS="0.681" lang="en" source="ibm">mussel</contenuImg>
            <contenuImg CS="0.673" lang="en" source="ibm">freshwater mussel</contenuImg>
            <contenuImg CS="0.772" lang="en" source="ibm">shell</contenuImg>
            <tech source="final">estampe/gravure</tech>
            <theme source="final">13</theme>
            <tech CS="1" source="md">estampe/gravure</tech>
            <theme CS="1" source="md">13</theme>
            <contenuImg CS="1.0" lang="en" source="md">shellfish</contenuImg>
            <contenuImg CS="1.0" lang="en" source="md">animal</contenuImg>
            <contenuImg CS="1.0" lang="en" source="md">invertebrate</contenuImg>
            <titraille>Coquilles : peinture / Yoeequa Painter</titraille>
            <contenuImg CS="1" coul="1" lang="en" source="hm" time="2019-03-14T08:11:30.039+01:00">pink color</contenuImg>
          </ill>
        </ills>
      </page>
      <page ordre="8">
        <blocIll ocr="1">1</blocIll>
        <ills>
          <ill classif="CCibm" couleur="coul" h="4033" n="8-1" taille="10" w="5198" x="1" y="1">
            <contenuImg CS="0.855" lang="fr" source="ibm">fruits de mer</contenuImg>
            <contenuImg CS="0.549" lang="fr" source="ibm">dé à coudre</contenuImg>
            <contenuImg CS="0.549" lang="fr" source="ibm">casquette</contenuImg>
            <contenuImg CS="0.549" lang="fr" source="ibm">revêtement de protection</contenuImg>
            <contenuImg b="156" coul="1" g="172" ordre="7" r="207" source="colorific" type="frg">#cfac9c</contenuImg>
            <contenuImg b="96" coul="1" g="106" ordre="6" r="152" source="colorific" type="frg">#986a60</contenuImg>
            <contenuImg b="49" coul="1" g="50" ordre="5" r="54" source="colorific" type="frg">#363231</contenuImg>
            <contenuImg b="86" coul="1" g="92" ordre="4" r="103" source="colorific" type="frg">#675c56</contenuImg>
            <contenuImg b="135" coul="1" g="144" ordre="3" r="152" source="colorific" type="frg">#989087</contenuImg>
            <contenuImg b="183" coul="1" g="177" ordre="2" r="160" source="colorific" type="frg">#a0b1b7</contenuImg>
            <contenuImg b="187" coul="1" g="209" ordre="1" r="217" source="colorific" type="frg">#d9d1bb</contenuImg>
            <contenuImg CS="0.855" lang="fr" source="ibm">coquillage,crustacé</contenuImg>
            <contenuImg CS="1.0" lang="fr" source="md">invertébré</contenuImg>
            <contenuImg CS="1.0" lang="fr" source="md">animal</contenuImg>
            <contenuImg CS="1.0" lang="fr" source="md">coquillage,crustacé</contenuImg>
            <contenuImg CS="0.715" lang="fr" source="ibm">moule</contenuImg>
            <contenuImg CS="0.847" lang="fr" source="ibm">bivalve</contenuImg>
            <contenuImg CS="0.855" lang="fr" source="ibm">coquillage</contenuImg>
            <contenuImg CS="0.855" lang="fr" source="ibm">invertébré</contenuImg>
            <contenuImg CS="0.855" lang="fr" source="ibm">animal</contenuImg>
            <contenuImg CS="0.562" lang="fr" source="ibm">moule zébrée</contenuImg>
            <contenuImg CS="0.553" lang="fr" source="ibm">coque</contenuImg>
            <contenuImg CS="0.883" coul="1" lang="fr" source="ibm">marron clair</contenuImg>
            <contenuImg CS="0.621" lang="fr" source="ibm">brun rougeâtre</contenuImg>
            <contenuImg CS="0.621" coul="1" lang="en" source="ibm">reddish brown color</contenuImg>
            <contenuImg CS="0.883" coul="1" lang="en" source="ibm">light brown color</contenuImg>
            <contenuImg CS="0.5" lang="en" source="ibm">shell</contenuImg>
            <contenuImg CS="0.549" lang="en" source="ibm">protective covering</contenuImg>
            <contenuImg CS="0.549" lang="en" source="ibm">cap</contenuImg>
            <contenuImg CS="0.549" lang="en" source="ibm">thimble</contenuImg>
            <contenuImg CS="0.553" lang="en" source="ibm">edible cockle</contenuImg>
            <contenuImg CS="0.556" lang="en" source="ibm">ark shell</contenuImg>
            <contenuImg CS="0.562" lang="en" source="ibm">zebra mussel</contenuImg>
            <contenuImg CS="0.855" lang="en" source="ibm">animal</contenuImg>
            <contenuImg CS="0.855" lang="en" source="ibm">invertebrate</contenuImg>
            <contenuImg CS="0.855" lang="en" source="ibm">shellfish</contenuImg>
            <contenuImg CS="0.847" lang="en" source="ibm">bivalve (animal with shell)</contenuImg>
            <contenuImg CS="0.715" lang="en" source="ibm">mussel</contenuImg>
            <contenuImg CS="0.573" lang="en" source="ibm">freshwater mussel</contenuImg>
            <tech source="final">estampe/gravure</tech>
            <theme source="final">13</theme>
            <tech CS="1" source="md">estampe/gravure</tech>
            <theme CS="1" source="md">13</theme>
            <contenuImg CS="1.0" lang="en" source="md">shellfish</contenuImg>
            <contenuImg CS="1.0" lang="en" source="md">animal</contenuImg>
            <contenuImg CS="1.0" lang="en" source="md">invertebrate</contenuImg>
            <titraille>Coquilles : peinture / Yoeequa Painter</titraille>
          </ill>
        </ills>
      </page>
      <page ordre="9">
        <blocIll ocr="1">1</blocIll>
        <ills>
          <ill classif="CCibm" couleur="coul" h="4065" n="9-1" taille="10" w="5238" x="1" y="1">
            <contenuImg CS="0.574" lang="fr" source="ibm">appât</contenuImg>
            <contenuImg CS="0.507" lang="fr" source="ibm">sangsue</contenuImg>
            <contenuImg CS="0.514" lang="fr" source="ibm">ver</contenuImg>
            <contenuImg CS="0.5" lang="fr" source="ibm">dé à coudre</contenuImg>
            <contenuImg CS="0.5" lang="fr" source="ibm">casquette</contenuImg>
            <contenuImg CS="0.5" lang="fr" source="ibm">revêtement de protection</contenuImg>
            <contenuImg CS="0.598" lang="fr" source="ibm">chaussure</contenuImg>
            <contenuImg b="148" coul="1" g="147" ordre="7" r="141" source="colorific" type="frg">#8d9394</contenuImg>
            <contenuImg b="52" coul="1" g="53" ordre="6" r="58" source="colorific" type="frg">#3a3534</contenuImg>
            <contenuImg b="56" coul="1" g="60" ordre="5" r="84" source="colorific" type="frg">#543c38</contenuImg>
            <contenuImg b="71" coul="1" g="80" ordre="4" r="87" source="colorific" type="frg">#575047</contenuImg>
            <contenuImg b="108" coul="1" g="121" ordre="3" r="147" source="colorific" type="frg">#93796c</contenuImg>
            <contenuImg b="194" coul="1" g="180" ordre="2" r="162" source="colorific" type="frg">#a2b4c2</contenuImg>
            <contenuImg b="188" coul="1" g="208" ordre="1" r="216" source="colorific" type="frg">#d8d0bc</contenuImg>
            <contenuImg CS="1.0" lang="fr" source="md">invertébré</contenuImg>
            <contenuImg CS="1.0" lang="fr" source="md">animal</contenuImg>
            <contenuImg CS="1.0" lang="fr" source="md">coquillage,crustacé</contenuImg>
            <contenuImg CS="0.514" lang="fr" source="ibm">vers</contenuImg>
            <contenuImg CS="0.514" lang="fr" source="ibm">invertébré</contenuImg>
            <contenuImg CS="0.515" lang="fr" source="ibm">animal</contenuImg>
            <contenuImg CS="0.848" lang="fr" source="ibm">brun rougeâtre</contenuImg>
            <contenuImg CS="0.546" coul="1" lang="fr" source="ibm">marron clair</contenuImg>
            <contenuImg CS="0.546" coul="1" lang="en" source="ibm">light brown color</contenuImg>
            <contenuImg CS="0.848" coul="1" lang="en" source="ibm">reddish brown color</contenuImg>
            <contenuImg CS="0.598" lang="en" source="ibm">footwear</contenuImg>
            <contenuImg CS="0.5" lang="en" source="ibm">protective covering</contenuImg>
            <contenuImg CS="0.5" lang="en" source="ibm">cap</contenuImg>
            <contenuImg CS="0.5" lang="en" source="ibm">thimble</contenuImg>
            <contenuImg CS="0.515" lang="en" source="ibm">animal</contenuImg>
            <contenuImg CS="0.514" lang="en" source="ibm">invertebrate</contenuImg>
            <contenuImg CS="0.514" lang="en" source="ibm">worm</contenuImg>
            <contenuImg CS="0.507" lang="en" source="ibm">leech</contenuImg>
            <contenuImg CS="0.574" lang="en" source="ibm">bait</contenuImg>
            <contenuImg CS="0.618" lang="en" source="ibm">shell</contenuImg>
            <tech source="final">estampe/gravure</tech>
            <theme source="final">13</theme>
            <tech CS="1" source="md">estampe/gravure</tech>
            <theme CS="1" source="md">13</theme>
            <contenuImg CS="1.0" lang="en" source="md">shellfish</contenuImg>
            <contenuImg CS="1.0" lang="en" source="md">animal</contenuImg>
            <contenuImg CS="1.0" lang="en" source="md">invertebrate</contenuImg>
            <titraille>Coquilles : peinture / Yoeequa Painter</titraille>
          </ill>
        </ills>
      </page>
      <page ordre="10">
        <blocIll ocr="1">1</blocIll>
        <ills>
          <ill classif="CCibm" couleur="coul" h="4033" n="10-1" taille="10" w="5198" x="1" y="1">
            <contenuImg CS="0.827" lang="fr" source="ibm">fruits de mer</contenuImg>
            <contenuImg CS="0.793" lang="fr" source="ibm">équipement sportif</contenuImg>
            <contenuImg CS="0.793" lang="fr" source="ibm">graine</contenuImg>
            <contenuImg b="64" coul="1" g="71" ordre="6" r="114" source="colorific" type="frg">#724740</contenuImg>
            <contenuImg b="70" coul="1" g="78" ordre="5" r="84" source="colorific" type="frg">#544e46</contenuImg>
            <contenuImg b="109" coul="1" g="120" ordre="4" r="145" source="colorific" type="frg">#91786d</contenuImg>
            <contenuImg b="136" coul="1" g="145" ordre="3" r="152" source="colorific" type="frg">#989188</contenuImg>
            <contenuImg b="171" coul="1" g="165" ordre="2" r="146" source="colorific" type="frg">#92a5ab</contenuImg>
            <contenuImg b="189" coul="1" g="208" ordre="1" r="215" source="colorific" type="frg">#d7d0bd</contenuImg>
            <contenuImg CS="0.827" lang="fr" source="ibm">coquillage,crustacé</contenuImg>
            <contenuImg CS="1.0" lang="fr" source="md">invertébré</contenuImg>
            <contenuImg CS="1.0" lang="fr" source="md">animal</contenuImg>
            <contenuImg CS="1.0" lang="fr" source="md">coquillage,crustacé</contenuImg>
            <contenuImg CS="0.636" lang="fr" source="ibm">moule zébrée</contenuImg>
            <contenuImg CS="0.815" lang="fr" source="ibm">moule</contenuImg>
            <contenuImg CS="0.816" lang="fr" source="ibm">bivalve</contenuImg>
            <contenuImg CS="0.827" lang="fr" source="ibm">coquillage</contenuImg>
            <contenuImg CS="0.827" lang="fr" source="ibm">invertébré</contenuImg>
            <contenuImg CS="0.827" lang="fr" source="ibm">animal</contenuImg>
            <contenuImg CS="0.737" lang="fr" source="ibm">brun rougeâtre</contenuImg>
            <contenuImg CS="0.598" coul="1" lang="fr" source="ibm">cuivre (couleur)</contenuImg>
            <contenuImg CS="0.598" coul="1" lang="en" source="ibm">copper color</contenuImg>
            <contenuImg CS="0.737" coul="1" lang="en" source="ibm">reddish brown color</contenuImg>
            <contenuImg CS="0.793" lang="en" source="ibm">seed</contenuImg>
            <contenuImg CS="0.793" lang="en" source="ibm">sports equipment</contenuImg>
            <contenuImg CS="0.5" lang="en" source="ibm">freshwater mussel</contenuImg>
            <contenuImg CS="0.827" lang="en" source="ibm">animal</contenuImg>
            <contenuImg CS="0.827" lang="en" source="ibm">invertebrate</contenuImg>
            <contenuImg CS="0.827" lang="en" source="ibm">shellfish</contenuImg>
            <contenuImg CS="0.816" lang="en" source="ibm">bivalve (animal with shell)</contenuImg>
            <contenuImg CS="0.815" lang="en" source="ibm">mussel</contenuImg>
            <contenuImg CS="0.636" lang="en" source="ibm">zebra mussel</contenuImg>
            <tech source="final">estampe/gravure</tech>
            <theme source="final">13</theme>
            <tech CS="1" source="md">estampe/gravure</tech>
            <theme CS="1" source="md">13</theme>
            <contenuImg CS="1.0" lang="en" source="md">shellfish</contenuImg>
            <contenuImg CS="1.0" lang="en" source="md">animal</contenuImg>
            <contenuImg CS="1.0" lang="en" source="md">invertebrate</contenuImg>
            <titraille>Coquilles : peinture / Yoeequa Painter</titraille>
          </ill>
        </ills>
      </page>
      <page ordre="11">
        <blocIll ocr="1">1</blocIll>
        <ills>
          <ill classif="CCibm" couleur="coul" h="4065" n="11-1" taille="10" w="5238" x="1" y="1">
            <contenuImg CS="0.954" lang="fr" source="ibm">fruits de mer</contenuImg>
            <contenuImg b="157" coul="1" g="162" ordre="8" r="159" source="colorific" type="frg">#9fa29d</contenuImg>
            <contenuImg b="41" coul="1" g="45" ordre="7" r="78" source="colorific" type="frg">#4e2d29</contenuImg>
            <contenuImg b="65" coul="1" g="71" ordre="6" r="81" source="colorific" type="frg">#514741</contenuImg>
            <contenuImg b="100" coul="1" g="118" ordre="5" r="161" source="colorific" type="frg">#a17664</contenuImg>
            <contenuImg b="65" coul="1" g="72" ordre="4" r="130" source="colorific" type="frg">#824841</contenuImg>
            <contenuImg b="102" coul="1" g="113" ordre="3" r="124" source="colorific" type="frg">#7c7166</contenuImg>
            <contenuImg b="201" coul="1" g="191" ordre="2" r="172" source="colorific" type="frg">#acbfc9</contenuImg>
            <contenuImg b="193" coul="1" g="212" ordre="1" r="217" source="colorific" type="frg">#d9d4c1</contenuImg>
            <contenuImg CS="0.954" lang="fr" source="ibm">coquillage,crustacé</contenuImg>
            <contenuImg CS="1.0" lang="fr" source="md">invertébré</contenuImg>
            <contenuImg CS="1.0" lang="fr" source="md">animal</contenuImg>
            <contenuImg CS="1.0" lang="fr" source="md">coquillage,crustacé</contenuImg>
            <contenuImg CS="0.954" lang="fr" source="ibm">bivalve</contenuImg>
            <contenuImg CS="0.954" lang="fr" source="ibm">coquillage</contenuImg>
            <contenuImg CS="0.954" lang="fr" source="ibm">invertébré</contenuImg>
            <contenuImg CS="0.954" lang="fr" source="ibm">animal</contenuImg>
            <contenuImg CS="0.706" lang="fr" source="ibm">coque</contenuImg>
            <contenuImg CS="0.905" coul="1" lang="fr" source="ibm">cuivre (couleur)</contenuImg>
            <contenuImg CS="0.674" coul="1" lang="fr" source="ibm">noisette (couleur)</contenuImg>
            <contenuImg CS="0.674" coul="1" lang="en" source="ibm">chestnut color</contenuImg>
            <contenuImg CS="0.905" coul="1" lang="en" source="ibm">copper color</contenuImg>
            <contenuImg CS="0.5" lang="en" source="ibm">shell</contenuImg>
            <contenuImg CS="0.706" lang="en" source="ibm">edible cockle</contenuImg>
            <contenuImg CS="0.954" lang="en" source="ibm">animal</contenuImg>
            <contenuImg CS="0.954" lang="en" source="ibm">invertebrate</contenuImg>
            <contenuImg CS="0.954" lang="en" source="ibm">shellfish</contenuImg>
            <contenuImg CS="0.954" lang="en" source="ibm">bivalve (animal with shell)</contenuImg>
            <contenuImg CS="0.881" lang="en" source="ibm">ark shell</contenuImg>
            <tech source="final">estampe/gravure</tech>
            <theme source="final">13</theme>
            <tech CS="1" source="md">estampe/gravure</tech>
            <theme CS="1" source="md">13</theme>
            <contenuImg CS="1.0" lang="en" source="md">shellfish</contenuImg>
            <contenuImg CS="1.0" lang="en" source="md">animal</contenuImg>
            <contenuImg CS="1.0" lang="en" source="md">invertebrate</contenuImg>
            <titraille>Coquilles : peinture / Yoeequa Painter</titraille>
          </ill>
        </ills>
      </page>
      <page ordre="12">
        <blocIll ocr="1">1</blocIll>
        <ills>
          <ill classif="CCibm" couleur="coul" h="4033" n="12-1" taille="10" w="5198" x="1" y="1">
            <contenuImg CS="0.799" lang="fr" source="ibm">musée d'histoire naturelle</contenuImg>
            <contenuImg CS="0.605" lang="fr" source="ibm">musée (intérieur)</contenuImg>
            <contenuImg CS="0.541" lang="fr" source="ibm">galerie d'art</contenuImg>
            <contenuImg CS="0.541" lang="fr" source="ibm">intérieurs</contenuImg>
            <contenuImg CS="0.5" lang="fr" source="ibm">support papier (timbres/monnaie)</contenuImg>
            <contenuImg CS="0.501" lang="fr" source="ibm">document écrit</contenuImg>
            <contenuImg CS="0.749" coul="1" lang="fr" source="ibm">vert olive</contenuImg>
            <contenuImg b="139" coul="1" g="153" ordre="6" r="179" source="colorific" type="frg">#b3998b</contenuImg>
            <contenuImg b="87" coul="1" g="96" ordre="5" r="122" source="colorific" type="frg">#7a6057</contenuImg>
            <contenuImg b="57" coul="1" g="63" ordre="4" r="71" source="colorific" type="frg">#473f39</contenuImg>
            <contenuImg b="129" coul="1" g="137" ordre="3" r="142" source="colorific" type="frg">#8e8981</contenuImg>
            <contenuImg b="174" coul="1" g="172" ordre="2" r="158" source="colorific" type="frg">#9eacae</contenuImg>
            <contenuImg b="193" coul="1" g="212" ordre="1" r="217" source="colorific" type="frg">#d9d4c1</contenuImg>
            <contenuImg CS="1.0" lang="fr" source="md">invertébré</contenuImg>
            <contenuImg CS="1.0" lang="fr" source="md">animal</contenuImg>
            <contenuImg CS="1.0" lang="fr" source="md">coquillage,crustacé</contenuImg>
            <contenuImg CS="0.591" lang="fr" source="ibm">animal</contenuImg>
            <contenuImg CS="0.749" coul="1" lang="fr" source="ibm">couleur vert olive</contenuImg>
            <contenuImg CS="0.53" coul="1" lang="fr" source="ibm">marron clair</contenuImg>
            <contenuImg CS="0.53" coul="1" lang="en" source="ibm">light brown color</contenuImg>
            <contenuImg CS="0.749" coul="1" lang="en" source="ibm">olive green color</contenuImg>
            <contenuImg CS="0.591" lang="en" source="ibm">animal</contenuImg>
            <contenuImg CS="0.501" lang="en" source="ibm">written document</contenuImg>
            <contenuImg CS="0.5" lang="en" source="ibm">paper based (stamps/currency)</contenuImg>
            <contenuImg CS="0.541" lang="en" source="ibm">indoors</contenuImg>
            <contenuImg CS="0.541" lang="en" source="ibm">art gallery</contenuImg>
            <contenuImg CS="0.605" lang="en" source="ibm">Museum (Indoor)</contenuImg>
            <contenuImg CS="0.799" lang="en" source="ibm">Natural History Museum</contenuImg>
            <tech source="final">estampe/gravure</tech>
            <theme source="final">13</theme>
            <tech CS="1" source="md">estampe/gravure</tech>
            <theme CS="1" source="md">13</theme>
            <contenuImg CS="1.0" lang="en" source="md">shellfish</contenuImg>
            <contenuImg CS="1.0" lang="en" source="md">animal</contenuImg>
            <contenuImg CS="1.0" lang="en" source="md">invertebrate</contenuImg>
            <titraille>Coquilles : peinture / Yoeequa Painter</titraille>
          </ill>
        </ills>
      </page>
      <page ordre="13">
        <blocIll ocr="1">1</blocIll>
        <ills>
          <ill classif="CCibm" couleur="coul" h="4065" n="13-1" taille="10" w="5238" x="1" y="1">
            <contenuImg CS="0.63" lang="fr" source="ibm">pince à dessin</contenuImg>
            <contenuImg CS="0.723" lang="fr" source="ibm">attache</contenuImg>
            <contenuImg CS="0.723" lang="fr" source="ibm">dispositif de contrainte (chaînes)</contenuImg>
            <contenuImg CS="0.5" lang="fr" source="ibm">épingle de sûreté</contenuImg>
            <contenuImg CS="0.517" lang="fr" source="ibm">épingle</contenuImg>
            <contenuImg CS="0.597" lang="fr" source="ibm">outil</contenuImg>
            <contenuImg CS="0.651" coul="1" lang="fr" source="ibm">vert olive</contenuImg>
            <contenuImg b="70" coul="1" g="80" ordre="6" r="101" source="colorific" type="frg">#655046</contenuImg>
            <contenuImg b="161" coul="1" g="171" ordre="5" r="210" source="colorific" type="frg">#d2aba1</contenuImg>
            <contenuImg b="90" coul="1" g="102" ordre="4" r="144" source="colorific" type="frg">#90665a</contenuImg>
            <contenuImg b="60" coul="1" g="70" ordre="3" r="74" source="colorific" type="frg">#4a463c</contenuImg>
            <contenuImg b="185" coul="1" g="180" ordre="2" r="164" source="colorific" type="frg">#a4b4b9</contenuImg>
            <contenuImg b="148" coul="1" g="158" ordre="1" r="164" source="colorific" type="frg">#a49e94</contenuImg>
            <contenuImg CS="1.0" lang="fr" source="md">invertébré</contenuImg>
            <contenuImg CS="1.0" lang="fr" source="md">animal</contenuImg>
            <contenuImg CS="1.0" lang="fr" source="md">coquillage,crustacé</contenuImg>
            <contenuImg CS="0.673" coul="1" lang="fr" source="ibm">beige</contenuImg>
            <contenuImg CS="0.651" coul="1" lang="fr" source="ibm">couleur vert olive</contenuImg>
            <contenuImg CS="0.651" coul="1" lang="en" source="ibm">olive green color</contenuImg>
            <contenuImg CS="0.673" coul="1" lang="en" source="ibm">beige color</contenuImg>
            <contenuImg CS="0.597" lang="en" source="ibm">tool</contenuImg>
            <contenuImg CS="0.517" lang="en" source="ibm">pin</contenuImg>
            <contenuImg CS="0.5" lang="en" source="ibm">safety pin</contenuImg>
            <contenuImg CS="0.543" lang="en" source="ibm">pen nib</contenuImg>
            <contenuImg CS="0.723" lang="en" source="ibm">restraint (chains)</contenuImg>
            <contenuImg CS="0.723" lang="en" source="ibm">fastener</contenuImg>
            <contenuImg CS="0.63" lang="en" source="ibm">bulldog clip</contenuImg>
            <tech source="final">estampe/gravure</tech>
            <theme source="final">13</theme>
            <tech CS="1" source="md">estampe/gravure</tech>
            <theme CS="1" source="md">13</theme>
            <contenuImg CS="1.0" lang="en" source="md">shellfish</contenuImg>
            <contenuImg CS="1.0" lang="en" source="md">animal</contenuImg>
            <contenuImg CS="1.0" lang="en" source="md">invertebrate</contenuImg>
            <titraille>Coquilles : peinture / Yoeequa Painter</titraille>
          </ill>
        </ills>
      </page>
      <page ordre="14">
        <blocIll ocr="1">1</blocIll>
        <ills>
          <ill classif="CCibm" couleur="coul" h="4033" n="14-1" taille="10" w="5198" x="1" y="1">
            <contenuImg CS="0.59" lang="fr" source="ibm">paillasson</contenuImg>
            <contenuImg CS="0.592" lang="fr" source="ibm">revêtement de sol</contenuImg>
            <contenuImg CS="0.572" lang="fr" source="ibm">galerie d'art</contenuImg>
            <contenuImg CS="0.572" lang="fr" source="ibm">intérieurs</contenuImg>
            <contenuImg CS="0.564" lang="fr" source="ibm">empreinte</contenuImg>
            <contenuImg CS="0.511" lang="fr" source="ibm">enduit décoratif (plâtre)</contenuImg>
            <contenuImg CS="0.5" lang="fr" source="ibm">support papier (timbres/monnaie)</contenuImg>
            <contenuImg CS="0.502" lang="fr" source="ibm">document écrit</contenuImg>
            <contenuImg CS="0.598" lang="fr" source="ibm">tissu</contenuImg>
            <contenuImg b="135" coul="1" g="138" ordre="4" r="134" source="colorific" type="frg">#868a87</contenuImg>
            <contenuImg b="57" coul="1" g="64" ordre="3" r="76" source="colorific" type="frg">#4c4039</contenuImg>
            <contenuImg b="120" coul="1" g="133" ordre="2" r="146" source="colorific" type="frg">#928578</contenuImg>
            <contenuImg b="184" coul="1" g="176" ordre="1" r="161" source="colorific" type="frg">#a1b0b8</contenuImg>
            <contenuImg CS="1.0" lang="fr" source="md">invertébré</contenuImg>
            <contenuImg CS="1.0" lang="fr" source="md">animal</contenuImg>
            <contenuImg CS="1.0" lang="fr" source="md">coquillage,crustacé</contenuImg>
            <contenuImg CS="0.82" coul="1" lang="fr" source="ibm">beige</contenuImg>
            <contenuImg CS="0.668" coul="1" lang="fr" source="ibm">marron clair</contenuImg>
            <contenuImg CS="0.668" coul="1" lang="en" source="ibm">light brown color</contenuImg>
            <contenuImg CS="0.82" coul="1" lang="en" source="ibm">beige color</contenuImg>
            <contenuImg CS="0.598" lang="en" source="ibm">fabric</contenuImg>
            <contenuImg CS="0.502" lang="en" source="ibm">written document</contenuImg>
            <contenuImg CS="0.5" lang="en" source="ibm">paper based (stamps/currency)</contenuImg>
            <contenuImg CS="0.511" lang="en" source="ibm">pargeting (ornamental plasterwork)</contenuImg>
            <contenuImg CS="0.564" lang="en" source="ibm">imprint</contenuImg>
            <contenuImg CS="0.572" lang="en" source="ibm">indoors</contenuImg>
            <contenuImg CS="0.572" lang="en" source="ibm">art gallery</contenuImg>
            <contenuImg CS="0.592" lang="en" source="ibm">floor cover</contenuImg>
            <contenuImg CS="0.59" lang="en" source="ibm">doormat</contenuImg>
            <tech source="final">estampe/gravure</tech>
            <theme source="final">13</theme>
            <tech CS="1" source="md">estampe/gravure</tech>
            <theme CS="1" source="md">13</theme>
            <contenuImg CS="1.0" lang="en" source="md">shellfish</contenuImg>
            <contenuImg CS="1.0" lang="en" source="md">animal</contenuImg>
            <contenuImg CS="1.0" lang="en" source="md">invertebrate</contenuImg>
            <titraille>Coquilles : peinture / Yoeequa Painter</titraille>
          </ill>
        </ills>
      </page>
      <page ordre="15">
        <blocIll ocr="1">1</blocIll>
        <ills>
          <ill classif="CCibm" couleur="coul" h="4065" n="15-1" taille="10" w="5238" x="1" y="1">
            <contenuImg CS="0.598" lang="fr" source="ibm">fruits de mer</contenuImg>
            <contenuImg CS="0.502" lang="fr" source="ibm">épingle de sûreté</contenuImg>
            <contenuImg CS="0.503" lang="fr" source="ibm">épingle</contenuImg>
            <contenuImg CS="0.564" lang="fr" source="ibm">attache</contenuImg>
            <contenuImg CS="0.564" lang="fr" source="ibm">dispositif de contrainte (chaînes)</contenuImg>
            <contenuImg CS="0.5" lang="fr" source="ibm">bouton</contenuImg>
            <contenuImg CS="0.594" lang="fr" source="ibm">chaussure</contenuImg>
            <contenuImg b="43" coul="1" g="46" ordre="7" r="52" source="colorific" type="frg">#342e2b</contenuImg>
            <contenuImg b="107" coul="1" g="119" ordre="6" r="159" source="colorific" type="frg">#9f776b</contenuImg>
            <contenuImg b="70" coul="1" g="72" ordre="5" r="137" source="colorific" type="frg">#894846</contenuImg>
            <contenuImg b="66" coul="1" g="73" ordre="4" r="88" source="colorific" type="frg">#584942</contenuImg>
            <contenuImg b="127" coul="1" g="137" ordre="3" r="144" source="colorific" type="frg">#90897f</contenuImg>
            <contenuImg b="168" coul="1" g="166" ordre="2" r="151" source="colorific" type="frg">#97a6a8</contenuImg>
            <contenuImg b="192" coul="1" g="211" ordre="1" r="216" source="colorific" type="frg">#d8d3c0</contenuImg>
            <contenuImg CS="0.598" lang="fr" source="ibm">coquillage,crustacé</contenuImg>
            <contenuImg CS="1.0" lang="fr" source="md">invertébré</contenuImg>
            <contenuImg CS="1.0" lang="fr" source="md">animal</contenuImg>
            <contenuImg CS="1.0" lang="fr" source="md">coquillage,crustacé</contenuImg>
            <contenuImg CS="0.582" lang="fr" source="ibm">bivalve</contenuImg>
            <contenuImg CS="0.598" lang="fr" source="ibm">coquillage</contenuImg>
            <contenuImg CS="0.599" lang="fr" source="ibm">invertébré</contenuImg>
            <contenuImg CS="0.599" lang="fr" source="ibm">animal</contenuImg>
            <contenuImg CS="0.706" coul="1" lang="fr" source="ibm">cuivre (couleur)</contenuImg>
            <contenuImg CS="0.504" coul="1" lang="fr" source="ibm">marron clair</contenuImg>
            <contenuImg CS="0.504" coul="1" lang="en" source="ibm">light brown color</contenuImg>
            <contenuImg CS="0.706" coul="1" lang="en" source="ibm">copper color</contenuImg>
            <contenuImg CS="0.594" lang="en" source="ibm">footwear</contenuImg>
            <contenuImg CS="0.5" lang="en" source="ibm">button</contenuImg>
            <contenuImg CS="0.564" lang="en" source="ibm">restraint (chains)</contenuImg>
            <contenuImg CS="0.564" lang="en" source="ibm">fastener</contenuImg>
            <contenuImg CS="0.503" lang="en" source="ibm">pin</contenuImg>
            <contenuImg CS="0.502" lang="en" source="ibm">safety pin</contenuImg>
            <contenuImg CS="0.599" lang="en" source="ibm">animal</contenuImg>
            <contenuImg CS="0.599" lang="en" source="ibm">invertebrate</contenuImg>
            <contenuImg CS="0.598" lang="en" source="ibm">shellfish</contenuImg>
            <contenuImg CS="0.582" lang="en" source="ibm">bivalve (animal with shell)</contenuImg>
            <contenuImg CS="0.58" lang="en" source="ibm">ark shell</contenuImg>
            <contenuImg CS="0.662" lang="en" source="ibm">shell</contenuImg>
            <tech source="final">estampe/gravure</tech>
            <theme source="final">13</theme>
            <tech CS="1" source="md">estampe/gravure</tech>
            <theme CS="1" source="md">13</theme>
            <contenuImg CS="1.0" lang="en" source="md">shellfish</contenuImg>
            <contenuImg CS="1.0" lang="en" source="md">animal</contenuImg>
            <contenuImg CS="1.0" lang="en" source="md">invertebrate</contenuImg>
            <titraille>Coquilles : peinture / Yoeequa Painter</titraille>
          </ill>
        </ills>
      </page>
      <page ordre="16">
        <blocIll ocr="1">1</blocIll>
        <ills>
          <ill classif="CCibm" couleur="coul" h="4033" n="16-1" taille="10" w="5198" x="1" y="1">
            <contenuImg CS="0.842" lang="fr" source="ibm">fruits de mer</contenuImg>
            <contenuImg CS="0.798" lang="fr" source="ibm">aliments</contenuImg>
            <contenuImg CS="0.798" lang="fr" source="ibm">nourriture</contenuImg>
            <contenuImg b="47" coul="1" g="49" ordre="8" r="59" source="colorific" type="frg">#3b312f</contenuImg>
            <contenuImg b="49" coul="1" g="57" ordre="7" r="110" source="colorific" type="frg">#6e3931</contenuImg>
            <contenuImg b="144" coul="1" g="170" ordre="6" r="204" source="colorific" type="frg">#ccaa90</contenuImg>
            <contenuImg b="145" coul="1" g="150" ordre="5" r="151" source="colorific" type="frg">#979691</contenuImg>
            <contenuImg b="77" coul="1" g="83" ordre="4" r="95" source="colorific" type="frg">#5f534d</contenuImg>
            <contenuImg b="116" coul="1" g="124" ordre="3" r="146" source="colorific" type="frg">#927c74</contenuImg>
            <contenuImg b="183" coul="1" g="177" ordre="2" r="161" source="colorific" type="frg">#a1b1b7</contenuImg>
            <contenuImg b="179" coul="1" g="199" ordre="1" r="208" source="colorific" type="frg">#d0c7b3</contenuImg>
            <contenuImg CS="0.842" lang="fr" source="ibm">coquillage,crustacé</contenuImg>
            <contenuImg CS="1.0" lang="fr" source="md">invertébré</contenuImg>
            <contenuImg CS="1.0" lang="fr" source="md">animal</contenuImg>
            <contenuImg CS="1.0" lang="fr" source="md">coquillage,crustacé</contenuImg>
            <contenuImg CS="0.681" lang="fr" source="ibm">moule zébrée</contenuImg>
            <contenuImg CS="0.727" lang="fr" source="ibm">moule</contenuImg>
            <contenuImg CS="0.733" lang="fr" source="ibm">bivalve</contenuImg>
            <contenuImg CS="0.842" lang="fr" source="ibm">coquillage</contenuImg>
            <contenuImg CS="0.842" lang="fr" source="ibm">invertébré</contenuImg>
            <contenuImg CS="0.842" lang="fr" source="ibm">animal</contenuImg>
            <contenuImg CS="0.888" coul="1" lang="fr" source="ibm">cuivre (couleur)</contenuImg>
            <contenuImg CS="0.79" coul="1" lang="fr" source="ibm">marron clair</contenuImg>
            <contenuImg CS="0.79" coul="1" lang="en" source="ibm">light brown color</contenuImg>
            <contenuImg CS="0.888" coul="1" lang="en" source="ibm">copper color</contenuImg>
            <contenuImg CS="0.798" lang="en" source="ibm">food</contenuImg>
            <contenuImg CS="0.5" lang="en" source="ibm">shell</contenuImg>
            <contenuImg CS="0.842" lang="en" source="ibm">animal</contenuImg>
            <contenuImg CS="0.842" lang="en" source="ibm">invertebrate</contenuImg>
            <contenuImg CS="0.842" lang="en" source="ibm">shellfish</contenuImg>
            <contenuImg CS="0.733" lang="en" source="ibm">bivalve (animal with shell)</contenuImg>
            <contenuImg CS="0.727" lang="en" source="ibm">mussel</contenuImg>
            <contenuImg CS="0.681" lang="en" source="ibm">zebra mussel</contenuImg>
            <tech source="final">estampe/gravure</tech>
            <theme source="final">13</theme>
            <tech CS="1" source="md">estampe/gravure</tech>
            <theme CS="1" source="md">13</theme>
            <contenuImg CS="1.0" lang="en" source="md">shellfish</contenuImg>
            <contenuImg CS="1.0" lang="en" source="md">animal</contenuImg>
            <contenuImg CS="1.0" lang="en" source="md">invertebrate</contenuImg>
            <titraille>Coquilles : peinture / Yoeequa Painter</titraille>
          </ill>
        </ills>
      </page>
      <page ordre="17">
        <blocIll ocr="1">0</blocIll>
        <ills/>
      </page>
      <page ordre="18">
        <blocIll ocr="1">0</blocIll>
        <ills/>
      </page>
    </pages>
  </contenus>
</analyseAlto>