<analyseAlto>
  <metad>
    <type>I</type>
    <ID>btv1b10548846d</ID>
    <titre>Coquilles : peinture / Yoeequa Painter</titre>
    <dateEdition>1830-1840</dateEdition>
    <auteur>Yoeequa (18..?-18..). Peintre Lagrené, Marie-Melchior-Joseph-Théodore de (1800-1862). Collecteur</auteur>
    <lang>0</lang>
    <source>Bibliothèque nationale de France, département Estampes et photographie, RESERVE PET FOL-OE-164 (F)</source>
    <nbPage>22</nbPage>
    <descr>Coquillages -- Chine</descr>
  </metad>
  <contenus ocr="false" toc="false">
    <largeur>230</largeur>
    <hauteur>171</hauteur>
    <largeurPx>5448</largeurPx>
    <hauteurPx>4041</hauteurPx>
    <pages>
      <page ordre="3">
        <blocIll ocr="1">0</blocIll>
        <ills/>
      </page>
      <page ordre="4">
        <blocIll ocr="1">0</blocIll>
        <ills/>
      </page>
      <page ordre="5">
        <blocIll ocr="1">0</blocIll>
        <ills/>
      </page>
      <page ordre="6">
        <blocIll ocr="1">0</blocIll>
        <ills/>
      </page>
      <page ordre="7">
        <blocIll ocr="1">1</blocIll>
        <ills>
          <ill classif="CCibm" couleur="coul" h="4022" n="7-1" taille="10" w="5170" x="1" y="1">
            <contenuImg CS="0.667" lang="fr" source="ibm">dé à coudre</contenuImg>
            <contenuImg CS="0.667" lang="fr" source="ibm">casquette</contenuImg>
            <contenuImg CS="0.667" lang="fr" source="ibm">revêtement de protection</contenuImg>
            <contenuImg CS="0.5" lang="fr" source="ibm">torchon</contenuImg>
            <contenuImg CS="0.504" lang="fr" source="ibm">serviette</contenuImg>
            <contenuImg CS="0.598" lang="fr" source="ibm">fruits de mer</contenuImg>
            <contenuImg CS="0.504" lang="fr" source="ibm">tissu</contenuImg>
            <contenuImg b="65" coul="1" g="70" ordre="5" r="88" source="colorific" type="frg">#584641</contenuImg>
            <contenuImg b="87" coul="1" g="95" ordre="4" r="153" source="colorific" type="frg">#995f57</contenuImg>
            <contenuImg b="121" coul="1" g="129" ordre="3" r="144" source="colorific" type="frg">#908179</contenuImg>
            <contenuImg b="160" coul="1" g="153" ordre="2" r="134" source="colorific" type="frg">#8699a0</contenuImg>
            <contenuImg b="156" coul="1" g="171" ordre="1" r="178" source="colorific" type="frg">#b2ab9c</contenuImg>
            <contenuImg CS="0.598" lang="fr" source="ibm">coquillage,crustacé</contenuImg>
            <contenuImg CS="1.0" lang="fr" source="md">invertébré</contenuImg>
            <contenuImg CS="1.0" lang="fr" source="md">animal</contenuImg>
            <contenuImg CS="1.0" lang="fr" source="md">coquillage,crustacé</contenuImg>
            <contenuImg CS="0.598" lang="fr" source="ibm">coquillage</contenuImg>
            <contenuImg CS="0.943" coul="1" lang="fr" source="ibm">cuivre (couleur)</contenuImg>
            <contenuImg CS="0.943" coul="1" lang="en" source="ibm">copper color</contenuImg>
            <contenuImg CS="0.598" lang="en" source="ibm">shellfish</contenuImg>
            <contenuImg CS="0.504" lang="en" source="ibm">fabric</contenuImg>
            <contenuImg CS="0.504" lang="en" source="ibm">towel</contenuImg>
            <contenuImg CS="0.5" lang="en" source="ibm">dishtowel</contenuImg>
            <contenuImg CS="0.592" lang="en" source="ibm">shell</contenuImg>
            <contenuImg CS="0.667" lang="en" source="ibm">protective covering</contenuImg>
            <contenuImg CS="0.667" lang="en" source="ibm">cap</contenuImg>
            <contenuImg CS="0.667" lang="en" source="ibm">thimble</contenuImg>
            <tech source="final">estampe/gravure</tech>
            <theme source="final">13</theme>
            <tech CS="1" source="md">estampe/gravure</tech>
            <theme CS="1" source="md">13</theme>
            <contenuImg CS="1.0" lang="en" source="md">shellfish</contenuImg>
            <contenuImg CS="1.0" lang="en" source="md">animal</contenuImg>
            <contenuImg CS="1.0" lang="en" source="md">invertebrate</contenuImg>
            <titraille>Coquilles : peinture / Yoeequa Painter</titraille>
          </ill>
        </ills>
      </page>
      <page ordre="8">
        <blocIll ocr="1">1</blocIll>
        <ills>
          <ill classif="CCibm" couleur="coul" edit="true" h="4013" n="8-1" taille="10" w="5152" x="1" y="1">
            <contenuImg CS="0.677" lang="fr" source="ibm">fruits de mer</contenuImg>
            <contenuImg b="54" coul="1" g="61" ordre="7" r="74" source="colorific" type="frg">#4a3d36</contenuImg>
            <contenuImg b="155" coul="1" g="171" ordre="6" r="211" source="colorific" type="frg">#d3ab9b</contenuImg>
            <contenuImg b="103" coul="1" g="120" ordre="5" r="128" source="colorific" type="frg">#807867</contenuImg>
            <contenuImg b="73" coul="1" g="81" ordre="4" r="142" source="colorific" type="frg">#8e5149</contenuImg>
            <contenuImg b="162" coul="1" g="161" ordre="3" r="194" source="colorific" type="frg">#c2a1a2</contenuImg>
            <contenuImg b="164" coul="1" g="159" ordre="2" r="139" source="colorific" type="frg">#8b9fa4</contenuImg>
            <contenuImg b="190" coul="1" g="209" ordre="1" r="216" source="colorific" type="frg">#d8d1be</contenuImg>
            <contenuImg CS="1" coul="1" lang="fr" source="hm" time="2019-03-14T08:11:50.942+01:00">rose</contenuImg>
            <contenuImg CS="0.677" lang="fr" source="ibm">coquillage,crustacé</contenuImg>
            <contenuImg CS="1.0" lang="fr" source="md">invertébré</contenuImg>
            <contenuImg CS="1.0" lang="fr" source="md">animal</contenuImg>
            <contenuImg CS="1.0" lang="fr" source="md">coquillage,crustacé</contenuImg>
            <contenuImg CS="0.667" lang="fr" source="ibm">bivalve</contenuImg>
            <contenuImg CS="0.677" lang="fr" source="ibm">coquillage</contenuImg>
            <contenuImg CS="0.677" lang="fr" source="ibm">invertébré</contenuImg>
            <contenuImg CS="0.677" lang="fr" source="ibm">animal</contenuImg>
            <contenuImg CS="0.514" lang="fr" source="ibm">moule</contenuImg>
            <contenuImg CS="0.902" coul="1" lang="fr" source="ibm">oeillet (couleur)</contenuImg>
            <contenuImg CS="0.575" lang="fr" source="ibm">brun rougeâtre</contenuImg>
            <contenuImg CS="0.575" coul="1" lang="en" source="ibm">reddish brown color</contenuImg>
            <contenuImg CS="0.902" coul="1" lang="en" source="ibm">carnation color</contenuImg>
            <contenuImg CS="0.514" lang="en" source="ibm">mussel</contenuImg>
            <contenuImg CS="0.5" lang="en" source="ibm">freshwater mussel</contenuImg>
            <contenuImg CS="0.677" lang="en" source="ibm">animal</contenuImg>
            <contenuImg CS="0.677" lang="en" source="ibm">invertebrate</contenuImg>
            <contenuImg CS="0.677" lang="en" source="ibm">shellfish</contenuImg>
            <contenuImg CS="0.667" lang="en" source="ibm">bivalve (animal with shell)</contenuImg>
            <contenuImg CS="0.537" lang="en" source="ibm">ark shell</contenuImg>
            <contenuImg CS="0.834" lang="en" source="ibm">shell</contenuImg>
            <tech source="final">estampe/gravure</tech>
            <theme source="final">13</theme>
            <tech CS="1" source="md">estampe/gravure</tech>
            <theme CS="1" source="md">13</theme>
            <contenuImg CS="1.0" lang="en" source="md">shellfish</contenuImg>
            <contenuImg CS="1.0" lang="en" source="md">animal</contenuImg>
            <contenuImg CS="1.0" lang="en" source="md">invertebrate</contenuImg>
            <titraille>Coquilles : peinture / Yoeequa Painter</titraille>
            <contenuImg CS="1" coul="1" lang="en" source="hm" time="2019-03-14T08:11:50.942+01:00">pink color</contenuImg>
          </ill>
        </ills>
      </page>
      <page ordre="9">
        <blocIll ocr="1">1</blocIll>
        <ills>
          <ill classif="CCibm" couleur="coul" h="4022" n="9-1" taille="10" w="5134" x="1" y="1">
            <contenuImg CS="0.539" lang="fr" source="ibm">fruits de mer</contenuImg>
            <contenuImg CS="0.5" lang="fr" source="ibm">dé à coudre</contenuImg>
            <contenuImg CS="0.5" lang="fr" source="ibm">casquette</contenuImg>
            <contenuImg CS="0.5" lang="fr" source="ibm">revêtement de protection</contenuImg>
            <contenuImg b="71" coul="1" g="78" ordre="7" r="120" source="colorific" type="frg">#784e47</contenuImg>
            <contenuImg b="52" coul="1" g="55" ordre="6" r="69" source="colorific" type="frg">#453734</contenuImg>
            <contenuImg b="121" coul="1" g="138" ordre="5" r="174" source="colorific" type="frg">#ae8a79</contenuImg>
            <contenuImg b="77" coul="1" g="89" ordre="4" r="100" source="colorific" type="frg">#64594d</contenuImg>
            <contenuImg b="172" coul="1" g="166" ordre="3" r="147" source="colorific" type="frg">#93a6ac</contenuImg>
            <contenuImg b="134" coul="1" g="141" ordre="2" r="132" source="colorific" type="frg">#848d86</contenuImg>
            <contenuImg b="122" coul="1" g="140" ordre="1" r="157" source="colorific" type="frg">#9d8c7a</contenuImg>
            <contenuImg CS="0.539" lang="fr" source="ibm">coquillage,crustacé</contenuImg>
            <contenuImg CS="1.0" lang="fr" source="md">invertébré</contenuImg>
            <contenuImg CS="1.0" lang="fr" source="md">animal</contenuImg>
            <contenuImg CS="1.0" lang="fr" source="md">coquillage,crustacé</contenuImg>
            <contenuImg CS="0.743" lang="fr" source="ibm">coquille Saint-Jacques</contenuImg>
            <contenuImg CS="0.528" lang="fr" source="ibm">bivalve</contenuImg>
            <contenuImg CS="0.539" lang="fr" source="ibm">coquillage</contenuImg>
            <contenuImg CS="0.539" lang="fr" source="ibm">invertébré</contenuImg>
            <contenuImg CS="0.539" lang="fr" source="ibm">animal</contenuImg>
            <contenuImg CS="0.939" coul="1" lang="fr" source="ibm">beige</contenuImg>
            <contenuImg CS="0.77" coul="1" lang="fr" source="ibm">marron clair</contenuImg>
            <contenuImg CS="0.77" coul="1" lang="en" source="ibm">light brown color</contenuImg>
            <contenuImg CS="0.939" coul="1" lang="en" source="ibm">beige color</contenuImg>
            <contenuImg CS="0.5" lang="en" source="ibm">protective covering</contenuImg>
            <contenuImg CS="0.5" lang="en" source="ibm">cap</contenuImg>
            <contenuImg CS="0.5" lang="en" source="ibm">thimble</contenuImg>
            <contenuImg CS="0.539" lang="en" source="ibm">animal</contenuImg>
            <contenuImg CS="0.539" lang="en" source="ibm">invertebrate</contenuImg>
            <contenuImg CS="0.539" lang="en" source="ibm">shellfish</contenuImg>
            <contenuImg CS="0.528" lang="en" source="ibm">bivalve (animal with shell)</contenuImg>
            <contenuImg CS="0.525" lang="en" source="ibm">ark shell</contenuImg>
            <contenuImg CS="0.743" lang="en" source="ibm">scallop shell</contenuImg>
            <contenuImg CS="0.816" lang="en" source="ibm">shell</contenuImg>
            <tech source="final">estampe/gravure</tech>
            <theme source="final">13</theme>
            <tech CS="1" source="md">estampe/gravure</tech>
            <theme CS="1" source="md">13</theme>
            <contenuImg CS="1.0" lang="en" source="md">shellfish</contenuImg>
            <contenuImg CS="1.0" lang="en" source="md">animal</contenuImg>
            <contenuImg CS="1.0" lang="en" source="md">invertebrate</contenuImg>
            <titraille>Coquilles : peinture / Yoeequa Painter</titraille>
          </ill>
        </ills>
      </page>
      <page ordre="10">
        <blocIll ocr="1">1</blocIll>
        <ills>
          <ill classif="CCibm" couleur="coul" h="4013" n="10-1" taille="10" w="5116" x="1" y="1">
            <contenuImg CS="0.6" lang="fr" source="ibm">support papier (timbres/monnaie)</contenuImg>
            <contenuImg CS="0.602" lang="fr" source="ibm">document écrit</contenuImg>
            <contenuImg CS="0.552" lang="fr" source="ibm">épingle à cheveux</contenuImg>
            <contenuImg CS="0.555" lang="fr" source="ibm">épingle</contenuImg>
            <contenuImg CS="0.555" lang="fr" source="ibm">attache</contenuImg>
            <contenuImg CS="0.555" lang="fr" source="ibm">dispositif de contrainte (chaînes)</contenuImg>
            <contenuImg CS="0.504" lang="fr" source="ibm">dé à coudre</contenuImg>
            <contenuImg CS="0.504" lang="fr" source="ibm">casquette</contenuImg>
            <contenuImg CS="0.504" lang="fr" source="ibm">revêtement de protection</contenuImg>
            <contenuImg CS="0.501" lang="fr" source="ibm">structure porteuse</contenuImg>
            <contenuImg CS="0.5" lang="fr" source="ibm">galerie d'art</contenuImg>
            <contenuImg CS="0.5" lang="fr" source="ibm">intérieurs</contenuImg>
            <contenuImg CS="0.721" coul="1" lang="fr" source="ibm">vert olive</contenuImg>
            <contenuImg CS="0.501" lang="fr" source="ibm">cadre</contenuImg>
            <contenuImg b="189" coul="1" g="214" ordre="6" r="218" source="colorific" type="frg">#dad6bd</contenuImg>
            <contenuImg b="52" coul="1" g="57" ordre="5" r="94" source="colorific" type="frg">#5e3934</contenuImg>
            <contenuImg b="58" coul="1" g="63" ordre="4" r="69" source="colorific" type="frg">#453f3a</contenuImg>
            <contenuImg b="89" coul="1" g="102" ordre="3" r="129" source="colorific" type="frg">#816659</contenuImg>
            <contenuImg b="174" coul="1" g="171" ordre="2" r="154" source="colorific" type="frg">#9aabae</contenuImg>
            <contenuImg b="139" coul="1" g="150" ordre="1" r="157" source="colorific" type="frg">#9d968b</contenuImg>
            <contenuImg CS="1.0" lang="fr" source="md">invertébré</contenuImg>
            <contenuImg CS="1.0" lang="fr" source="md">animal</contenuImg>
            <contenuImg CS="1.0" lang="fr" source="md">coquillage,crustacé</contenuImg>
            <contenuImg CS="0.597" lang="fr" source="ibm">animal</contenuImg>
            <contenuImg CS="0.721" coul="1" lang="fr" source="ibm">couleur vert olive</contenuImg>
            <contenuImg CS="0.677" lang="fr" source="ibm">brun rougeâtre</contenuImg>
            <contenuImg CS="0.677" coul="1" lang="en" source="ibm">reddish brown color</contenuImg>
            <contenuImg CS="0.721" coul="1" lang="en" source="ibm">olive green color</contenuImg>
            <contenuImg CS="0.597" lang="en" source="ibm">animal</contenuImg>
            <contenuImg CS="0.5" lang="en" source="ibm">indoors</contenuImg>
            <contenuImg CS="0.5" lang="en" source="ibm">art gallery</contenuImg>
            <contenuImg CS="0.501" lang="en" source="ibm">supporting structure</contenuImg>
            <contenuImg CS="0.501" lang="en" source="ibm">framework</contenuImg>
            <contenuImg CS="0.501" lang="en" source="ibm">picture frame</contenuImg>
            <contenuImg CS="0.504" lang="en" source="ibm">protective covering</contenuImg>
            <contenuImg CS="0.504" lang="en" source="ibm">cap</contenuImg>
            <contenuImg CS="0.504" lang="en" source="ibm">thimble</contenuImg>
            <contenuImg CS="0.555" lang="en" source="ibm">restraint (chains)</contenuImg>
            <contenuImg CS="0.555" lang="en" source="ibm">fastener</contenuImg>
            <contenuImg CS="0.555" lang="en" source="ibm">pin</contenuImg>
            <contenuImg CS="0.552" lang="en" source="ibm">hairpin</contenuImg>
            <contenuImg CS="0.602" lang="en" source="ibm">written document</contenuImg>
            <contenuImg CS="0.6" lang="en" source="ibm">paper based (stamps/currency)</contenuImg>
            <tech source="final">estampe/gravure</tech>
            <theme source="final">13</theme>
            <tech CS="1" source="md">estampe/gravure</tech>
            <theme CS="1" source="md">13</theme>
            <contenuImg CS="1.0" lang="en" source="md">shellfish</contenuImg>
            <contenuImg CS="1.0" lang="en" source="md">animal</contenuImg>
            <contenuImg CS="1.0" lang="en" source="md">invertebrate</contenuImg>
            <titraille>Coquilles : peinture / Yoeequa Painter</titraille>
          </ill>
        </ills>
      </page>
      <page ordre="11">
        <blocIll ocr="1">1</blocIll>
        <ills>
          <ill classif="CCibm" couleur="coul" h="4022" n="11-1" taille="10" w="5161" x="1" y="1">
            <contenuImg CS="0.824" lang="fr" source="ibm">fruits de mer</contenuImg>
            <contenuImg CS="0.5" lang="fr" source="ibm">base-ball</contenuImg>
            <contenuImg CS="0.507" lang="fr" source="ibm">équipement de baseball</contenuImg>
            <contenuImg CS="0.774" lang="fr" source="ibm">ustensile</contenuImg>
            <contenuImg b="77" coul="1" g="85" ordre="6" r="141" source="colorific" type="frg">#8d554d</contenuImg>
            <contenuImg b="71" coul="1" g="82" ordre="5" r="105" source="colorific" type="frg">#695247</contenuImg>
            <contenuImg b="136" coul="1" g="151" ordre="4" r="191" source="colorific" type="frg">#bf9788</contenuImg>
            <contenuImg b="140" coul="1" g="151" ordre="3" r="165" source="colorific" type="frg">#a5978c</contenuImg>
            <contenuImg b="170" coul="1" g="168" ordre="2" r="152" source="colorific" type="frg">#98a8aa</contenuImg>
            <contenuImg b="187" coul="1" g="205" ordre="1" r="210" source="colorific" type="frg">#d2cdbb</contenuImg>
            <contenuImg CS="0.824" lang="fr" source="ibm">coquillage,crustacé</contenuImg>
            <contenuImg CS="1.0" lang="fr" source="md">invertébré</contenuImg>
            <contenuImg CS="1.0" lang="fr" source="md">animal</contenuImg>
            <contenuImg CS="1.0" lang="fr" source="md">coquillage,crustacé</contenuImg>
            <contenuImg CS="0.726" lang="fr" source="ibm">bivalve</contenuImg>
            <contenuImg CS="0.824" lang="fr" source="ibm">coquillage</contenuImg>
            <contenuImg CS="0.824" lang="fr" source="ibm">invertébré</contenuImg>
            <contenuImg CS="0.824" lang="fr" source="ibm">animal</contenuImg>
            <contenuImg CS="0.521" lang="fr" source="ibm">gastropode</contenuImg>
            <contenuImg CS="0.679" coul="1" lang="fr" source="ibm">rose pâle</contenuImg>
            <contenuImg CS="0.586" coul="1" lang="fr" source="ibm">oeillet (couleur)</contenuImg>
            <txt source="google">"ODI - ",</txt>
            <contenuImg CS="0.586" coul="1" lang="en" source="ibm">carnation color</contenuImg>
            <contenuImg CS="0.679" coul="1" lang="en" source="ibm">rose color</contenuImg>
            <contenuImg CS="0.774" lang="en" source="ibm">utensil</contenuImg>
            <contenuImg CS="0.507" lang="en" source="ibm">baseball equipment</contenuImg>
            <contenuImg CS="0.5" lang="en" source="ibm">baseball</contenuImg>
            <contenuImg CS="0.521" lang="en" source="ibm">gastropod (animal with a shell)</contenuImg>
            <contenuImg CS="0.521" lang="en" source="ibm">money cowrie (animal with shell)</contenuImg>
            <contenuImg CS="0.824" lang="en" source="ibm">animal</contenuImg>
            <contenuImg CS="0.824" lang="en" source="ibm">invertebrate</contenuImg>
            <contenuImg CS="0.824" lang="en" source="ibm">shellfish</contenuImg>
            <contenuImg CS="0.726" lang="en" source="ibm">bivalve (animal with shell)</contenuImg>
            <contenuImg CS="0.725" lang="en" source="ibm">ark shell</contenuImg>
            <contenuImg CS="0.816" lang="en" source="ibm">shell</contenuImg>
            <tech source="final">estampe/gravure</tech>
            <theme source="final">13</theme>
            <tech CS="1" source="md">estampe/gravure</tech>
            <theme CS="1" source="md">13</theme>
            <contenuImg CS="1.0" lang="en" source="md">shellfish</contenuImg>
            <contenuImg CS="1.0" lang="en" source="md">animal</contenuImg>
            <contenuImg CS="1.0" lang="en" source="md">invertebrate</contenuImg>
            <titraille>Coquilles : peinture / Yoeequa Painter</titraille>
          </ill>
        </ills>
      </page>
      <page ordre="12">
        <blocIll ocr="1">1</blocIll>
        <ills>
          <ill classif="CCibm" couleur="coul" h="4013" n="12-1" taille="10" w="5155" x="1" y="1">
            <contenuImg CS="0.511" lang="fr" source="ibm">boucles d'oreilles</contenuImg>
            <contenuImg CS="0.54" lang="fr" source="ibm">torchon</contenuImg>
            <contenuImg CS="0.552" lang="fr" source="ibm">serviette</contenuImg>
            <contenuImg CS="0.524" lang="fr" source="ibm">plaque de porte</contenuImg>
            <contenuImg CS="0.515" lang="fr" source="ibm">galerie d'art</contenuImg>
            <contenuImg CS="0.515" lang="fr" source="ibm">intérieurs</contenuImg>
            <contenuImg CS="0.503" lang="fr" source="ibm">enveloppe</contenuImg>
            <contenuImg CS="0.503" lang="fr" source="ibm">sac</contenuImg>
            <contenuImg CS="0.502" lang="fr" source="ibm">appât</contenuImg>
            <contenuImg CS="0.5" lang="fr" source="ibm">timbre</contenuImg>
            <contenuImg CS="0.5" lang="fr" source="ibm">outil</contenuImg>
            <contenuImg CS="0.552" lang="fr" source="ibm">tissu</contenuImg>
            <contenuImg b="81" coul="1" g="89" ordre="7" r="149" source="colorific" type="frg">#955951</contenuImg>
            <contenuImg b="76" coul="1" g="83" ordre="6" r="103" source="colorific" type="frg">#67534c</contenuImg>
            <contenuImg b="151" coul="1" g="153" ordre="5" r="147" source="colorific" type="frg">#939997</contenuImg>
            <contenuImg b="47" coul="1" g="49" ordre="4" r="82" source="colorific" type="frg">#52312f</contenuImg>
            <contenuImg b="126" coul="1" g="136" ordre="3" r="154" source="colorific" type="frg">#9a887e</contenuImg>
            <contenuImg b="186" coul="1" g="175" ordre="2" r="154" source="colorific" type="frg">#9aafba</contenuImg>
            <contenuImg b="193" coul="1" g="212" ordre="1" r="219" source="colorific" type="frg">#dbd4c1</contenuImg>
            <contenuImg CS="1.0" lang="fr" source="md">invertébré</contenuImg>
            <contenuImg CS="1.0" lang="fr" source="md">animal</contenuImg>
            <contenuImg CS="1.0" lang="fr" source="md">coquillage,crustacé</contenuImg>
            <contenuImg CS="0.5" lang="en" source="ibm">tool</contenuImg>
            <contenuImg CS="0.5" lang="en" source="ibm">stamp</contenuImg>
            <contenuImg CS="0.502" lang="en" source="ibm">bait</contenuImg>
            <contenuImg CS="0.503" lang="en" source="ibm">bag</contenuImg>
            <contenuImg CS="0.503" lang="en" source="ibm">envelope</contenuImg>
            <contenuImg CS="0.511" lang="en" source="ibm">Earrings</contenuImg>
            <contenuImg CS="0.515" lang="en" source="ibm">indoors</contenuImg>
            <contenuImg CS="0.515" lang="en" source="ibm">art gallery</contenuImg>
            <contenuImg CS="0.524" lang="en" source="ibm">doorplate</contenuImg>
            <contenuImg CS="0.552" lang="en" source="ibm">fabric</contenuImg>
            <contenuImg CS="0.552" lang="en" source="ibm">towel</contenuImg>
            <contenuImg CS="0.54" lang="en" source="ibm">dishtowel</contenuImg>
            <tech source="final">estampe/gravure</tech>
            <theme source="final">13</theme>
            <tech CS="1" source="md">estampe/gravure</tech>
            <theme CS="1" source="md">13</theme>
            <contenuImg CS="1.0" lang="en" source="md">shellfish</contenuImg>
            <contenuImg CS="1.0" lang="en" source="md">animal</contenuImg>
            <contenuImg CS="1.0" lang="en" source="md">invertebrate</contenuImg>
            <titraille>Coquilles : peinture / Yoeequa Painter</titraille>
          </ill>
        </ills>
      </page>
      <page ordre="13">
        <blocIll ocr="1">1</blocIll>
        <ills>
          <ill classif="CCibm" couleur="coul" h="4022" n="13-1" taille="10" w="5185" x="1" y="1">
            <contenuImg CS="0.848" lang="fr" source="ibm">fruits de mer</contenuImg>
            <contenuImg CS="0.515" lang="fr" source="ibm">poignée</contenuImg>
            <contenuImg CS="0.5" lang="fr" source="ibm">bouton</contenuImg>
            <contenuImg CS="0.784" lang="fr" source="ibm">appareil électrique</contenuImg>
            <contenuImg b="48" coul="1" g="51" ordre="8" r="66" source="colorific" type="frg">#423330</contenuImg>
            <contenuImg b="75" coul="1" g="84" ordre="7" r="103" source="colorific" type="frg">#67544b</contenuImg>
            <contenuImg b="133" coul="1" g="147" ordre="6" r="187" source="colorific" type="frg">#bb9385</contenuImg>
            <contenuImg b="68" coul="1" g="79" ordre="5" r="85" source="colorific" type="frg">#554f44</contenuImg>
            <contenuImg b="76" coul="1" g="82" ordre="4" r="147" source="colorific" type="frg">#93524c</contenuImg>
            <contenuImg b="117" coul="1" g="130" ordre="3" r="143" source="colorific" type="frg">#8f8275</contenuImg>
            <contenuImg b="168" coul="1" g="167" ordre="2" r="151" source="colorific" type="frg">#97a7a8</contenuImg>
            <contenuImg b="165" coul="1" g="182" ordre="1" r="187" source="colorific" type="frg">#bbb6a5</contenuImg>
            <contenuImg CS="0.848" lang="fr" source="ibm">coquillage,crustacé</contenuImg>
            <contenuImg CS="1.0" lang="fr" source="md">invertébré</contenuImg>
            <contenuImg CS="1.0" lang="fr" source="md">animal</contenuImg>
            <contenuImg CS="1.0" lang="fr" source="md">coquillage,crustacé</contenuImg>
            <contenuImg CS="0.847" lang="fr" source="ibm">moule</contenuImg>
            <contenuImg CS="0.847" lang="fr" source="ibm">bivalve</contenuImg>
            <contenuImg CS="0.848" lang="fr" source="ibm">coquillage</contenuImg>
            <contenuImg CS="0.848" lang="fr" source="ibm">invertébré</contenuImg>
            <contenuImg CS="0.848" lang="fr" source="ibm">animal</contenuImg>
            <contenuImg CS="0.951" coul="1" lang="fr" source="ibm">noisette (couleur)</contenuImg>
            <contenuImg CS="0.951" coul="1" lang="en" source="ibm">chestnut color</contenuImg>
            <contenuImg CS="0.784" lang="en" source="ibm">electrical device</contenuImg>
            <contenuImg CS="0.5" lang="en" source="ibm">knob</contenuImg>
            <contenuImg CS="0.515" lang="en" source="ibm">pull (handle)</contenuImg>
            <contenuImg CS="0.848" lang="en" source="ibm">animal</contenuImg>
            <contenuImg CS="0.848" lang="en" source="ibm">invertebrate</contenuImg>
            <contenuImg CS="0.848" lang="en" source="ibm">shellfish</contenuImg>
            <contenuImg CS="0.847" lang="en" source="ibm">bivalve (animal with shell)</contenuImg>
            <contenuImg CS="0.847" lang="en" source="ibm">mussel</contenuImg>
            <contenuImg CS="0.847" lang="en" source="ibm">freshwater mussel</contenuImg>
            <tech source="final">estampe/gravure</tech>
            <theme source="final">13</theme>
            <tech CS="1" source="md">estampe/gravure</tech>
            <theme CS="1" source="md">13</theme>
            <contenuImg CS="1.0" lang="en" source="md">shellfish</contenuImg>
            <contenuImg CS="1.0" lang="en" source="md">animal</contenuImg>
            <contenuImg CS="1.0" lang="en" source="md">invertebrate</contenuImg>
            <titraille>Coquilles : peinture / Yoeequa Painter</titraille>
          </ill>
        </ills>
      </page>
      <page ordre="14">
        <blocIll ocr="1">1</blocIll>
        <ills>
          <ill classif="CCibm" couleur="coul" h="4046" n="14-1" taille="10" w="5155" x="1" y="1">
            <contenuImg CS="0.634" lang="fr" source="ibm">galerie d'art</contenuImg>
            <contenuImg CS="0.634" lang="fr" source="ibm">intérieurs</contenuImg>
            <contenuImg CS="0.57" lang="fr" source="ibm">poissons à nageoires rayonnées</contenuImg>
            <contenuImg CS="0.646" lang="fr" source="ibm">bouton poussoir</contenuImg>
            <contenuImg CS="0.655" lang="fr" source="ibm">interrupteur</contenuImg>
            <contenuImg CS="0.655" lang="fr" source="ibm">manette</contenuImg>
            <contenuImg CS="0.561" lang="fr" source="ibm">fruits de mer</contenuImg>
            <contenuImg CS="0.5" lang="fr" source="ibm">sonnette</contenuImg>
            <contenuImg CS="0.755" coul="1" lang="fr" source="ibm">vert olive</contenuImg>
            <contenuImg b="54" coul="1" g="61" ordre="6" r="77" source="colorific" type="frg">#4d3d36</contenuImg>
            <contenuImg b="130" coul="1" g="145" ordre="5" r="180" source="colorific" type="frg">#b49182</contenuImg>
            <contenuImg b="116" coul="1" g="131" ordre="4" r="132" source="colorific" type="frg">#848374</contenuImg>
            <contenuImg b="58" coul="1" g="74" ordre="3" r="80" source="colorific" type="frg">#504a3a</contenuImg>
            <contenuImg b="159" coul="1" g="157" ordre="2" r="140" source="colorific" type="frg">#8c9d9f</contenuImg>
            <contenuImg b="192" coul="1" g="211" ordre="1" r="216" source="colorific" type="frg">#d8d3c0</contenuImg>
            <contenuImg CS="0.561" lang="fr" source="ibm">coquillage,crustacé</contenuImg>
            <contenuImg CS="1.0" lang="fr" source="md">invertébré</contenuImg>
            <contenuImg CS="1.0" lang="fr" source="md">animal</contenuImg>
            <contenuImg CS="1.0" lang="fr" source="md">coquillage,crustacé</contenuImg>
            <contenuImg CS="0.57" lang="fr" source="ibm">actinoptérygien</contenuImg>
            <contenuImg CS="0.576" lang="fr" source="ibm">poisson</contenuImg>
            <contenuImg CS="0.578" lang="fr" source="ibm">vertébré aquatique</contenuImg>
            <contenuImg CS="0.703" lang="fr" source="ibm">animal</contenuImg>
            <contenuImg CS="0.553" lang="fr" source="ibm">moule zébrée</contenuImg>
            <contenuImg CS="0.556" lang="fr" source="ibm">moule</contenuImg>
            <contenuImg CS="0.556" lang="fr" source="ibm">bivalve</contenuImg>
            <contenuImg CS="0.561" lang="fr" source="ibm">coquillage</contenuImg>
            <contenuImg CS="0.561" lang="fr" source="ibm">invertébré</contenuImg>
            <contenuImg CS="0.755" coul="1" lang="fr" source="ibm">couleur vert olive</contenuImg>
            <contenuImg CS="0.755" coul="1" lang="en" source="ibm">olive green color</contenuImg>
            <contenuImg CS="0.5" lang="en" source="ibm">doorbell</contenuImg>
            <contenuImg CS="0.561" lang="en" source="ibm">invertebrate</contenuImg>
            <contenuImg CS="0.561" lang="en" source="ibm">shellfish</contenuImg>
            <contenuImg CS="0.556" lang="en" source="ibm">bivalve (animal with shell)</contenuImg>
            <contenuImg CS="0.556" lang="en" source="ibm">mussel</contenuImg>
            <contenuImg CS="0.553" lang="en" source="ibm">zebra mussel</contenuImg>
            <contenuImg CS="0.655" lang="en" source="ibm">controller</contenuImg>
            <contenuImg CS="0.655" lang="en" source="ibm">electric switch</contenuImg>
            <contenuImg CS="0.646" lang="en" source="ibm">push button</contenuImg>
            <contenuImg CS="0.554" lang="en" source="ibm">bell push (button)</contenuImg>
            <contenuImg CS="0.703" lang="en" source="ibm">animal</contenuImg>
            <contenuImg CS="0.578" lang="en" source="ibm">aquatic vertebrate</contenuImg>
            <contenuImg CS="0.576" lang="en" source="ibm">fish</contenuImg>
            <contenuImg CS="0.57" lang="en" source="ibm">spiny-finned fish</contenuImg>
            <contenuImg CS="0.57" lang="en" source="ibm">sheepshead</contenuImg>
            <contenuImg CS="0.634" lang="en" source="ibm">indoors</contenuImg>
            <contenuImg CS="0.634" lang="en" source="ibm">art gallery</contenuImg>
            <tech source="final">estampe/gravure</tech>
            <theme source="final">13</theme>
            <tech CS="1" source="md">estampe/gravure</tech>
            <theme CS="1" source="md">13</theme>
            <contenuImg CS="1.0" lang="en" source="md">shellfish</contenuImg>
            <contenuImg CS="1.0" lang="en" source="md">animal</contenuImg>
            <contenuImg CS="1.0" lang="en" source="md">invertebrate</contenuImg>
            <titraille>Coquilles : peinture / Yoeequa Painter</titraille>
          </ill>
        </ills>
      </page>
      <page ordre="15">
        <blocIll ocr="1">1</blocIll>
        <ills>
          <ill classif="CCibm" couleur="coul" h="4022" n="15-1" taille="10" w="5128" x="1" y="1">
            <contenuImg CS="0.864" lang="fr" source="ibm">timbre</contenuImg>
            <contenuImg CS="0.864" lang="fr" source="ibm">outil</contenuImg>
            <contenuImg CS="0.5" lang="fr" source="ibm">poinçon</contenuImg>
            <contenuImg b="111" coul="1" g="119" ordre="7" r="127" source="colorific" type="frg">#7f776f</contenuImg>
            <contenuImg b="135" coul="1" g="160" ordre="6" r="193" source="colorific" type="frg">#c1a087</contenuImg>
            <contenuImg b="87" coul="1" g="92" ordre="5" r="163" source="colorific" type="frg">#a35c57</contenuImg>
            <contenuImg b="160" coul="1" g="164" ordre="4" r="157" source="colorific" type="frg">#9da4a0</contenuImg>
            <contenuImg b="57" coul="1" g="56" ordre="3" r="100" source="colorific" type="frg">#643839</contenuImg>
            <contenuImg b="193" coul="1" g="182" ordre="2" r="162" source="colorific" type="frg">#a2b6c1</contenuImg>
            <contenuImg b="178" coul="1" g="194" ordre="1" r="202" source="colorific" type="frg">#cac2b2</contenuImg>
            <contenuImg CS="1.0" lang="fr" source="md">invertébré</contenuImg>
            <contenuImg CS="1.0" lang="fr" source="md">animal</contenuImg>
            <contenuImg CS="1.0" lang="fr" source="md">coquillage,crustacé</contenuImg>
            <contenuImg CS="0.853" coul="1" lang="fr" source="ibm">marron</contenuImg>
            <contenuImg CS="0.603" lang="fr" source="ibm">brun rougeâtre</contenuImg>
            <contenuImg CS="0.603" coul="1" lang="en" source="ibm">reddish brown color</contenuImg>
            <contenuImg CS="0.853" coul="1" lang="en" source="ibm">maroon color</contenuImg>
            <contenuImg CS="0.5" lang="en" source="ibm">handstamp</contenuImg>
            <contenuImg CS="0.864" lang="en" source="ibm">tool</contenuImg>
            <contenuImg CS="0.864" lang="en" source="ibm">stamp</contenuImg>
            <tech source="final">estampe/gravure</tech>
            <theme source="final">13</theme>
            <tech CS="1" source="md">estampe/gravure</tech>
            <theme CS="1" source="md">13</theme>
            <contenuImg CS="1.0" lang="en" source="md">shellfish</contenuImg>
            <contenuImg CS="1.0" lang="en" source="md">animal</contenuImg>
            <contenuImg CS="1.0" lang="en" source="md">invertebrate</contenuImg>
            <titraille>Coquilles : peinture / Yoeequa Painter</titraille>
          </ill>
        </ills>
      </page>
      <page ordre="16">
        <blocIll ocr="1">1</blocIll>
        <ills>
          <ill classif="CCibm" couleur="coul" h="4046" n="16-1" taille="10" w="5155" x="1" y="1">
            <contenuImg CS="0.912" lang="fr" source="ibm">fruits de mer</contenuImg>
            <contenuImg CS="0.789" lang="fr" source="ibm">graine</contenuImg>
            <contenuImg CS="0.5" lang="fr" source="ibm">plante</contenuImg>
            <contenuImg b="128" coul="1" g="136" ordre="5" r="129" source="colorific" type="frg">#818880</contenuImg>
            <contenuImg b="68" coul="1" g="73" ordre="4" r="91" source="colorific" type="frg">#5b4944</contenuImg>
            <contenuImg b="96" coul="1" g="113" ordre="3" r="155" source="colorific" type="frg">#9b7160</contenuImg>
            <contenuImg b="117" coul="1" g="138" ordre="2" r="150" source="colorific" type="frg">#968a75</contenuImg>
            <contenuImg b="177" coul="1" g="173" ordre="1" r="157" source="colorific" type="frg">#9dadb1</contenuImg>
            <contenuImg CS="0.912" lang="fr" source="ibm">coquillage,crustacé</contenuImg>
            <contenuImg CS="1.0" lang="fr" source="md">invertébré</contenuImg>
            <contenuImg CS="1.0" lang="fr" source="md">animal</contenuImg>
            <contenuImg CS="1.0" lang="fr" source="md">coquillage,crustacé</contenuImg>
            <contenuImg CS="0.726" lang="fr" source="ibm">moule</contenuImg>
            <contenuImg CS="0.91" lang="fr" source="ibm">bivalve</contenuImg>
            <contenuImg CS="0.912" lang="fr" source="ibm">coquillage</contenuImg>
            <contenuImg CS="0.912" lang="fr" source="ibm">invertébré</contenuImg>
            <contenuImg CS="0.912" lang="fr" source="ibm">animal</contenuImg>
            <contenuImg CS="0.535" lang="fr" source="ibm">coque</contenuImg>
            <contenuImg CS="0.989" coul="1" lang="fr" source="ibm">noisette (couleur)</contenuImg>
            <contenuImg CS="0.989" coul="1" lang="en" source="ibm">chestnut color</contenuImg>
            <contenuImg CS="0.789" lang="en" source="ibm">seed</contenuImg>
            <contenuImg CS="0.5" lang="en" source="ibm">plant</contenuImg>
            <contenuImg CS="0.5" lang="en" source="ibm">liliaceous plant</contenuImg>
            <contenuImg CS="0.5" lang="en" source="ibm">shallot</contenuImg>
            <contenuImg CS="0.52" lang="en" source="ibm">shell</contenuImg>
            <contenuImg CS="0.535" lang="en" source="ibm">edible cockle</contenuImg>
            <contenuImg CS="0.546" lang="en" source="ibm">ark shell</contenuImg>
            <contenuImg CS="0.583" lang="en" source="ibm">cockle (animal with shell)</contenuImg>
            <contenuImg CS="0.912" lang="en" source="ibm">animal</contenuImg>
            <contenuImg CS="0.912" lang="en" source="ibm">invertebrate</contenuImg>
            <contenuImg CS="0.912" lang="en" source="ibm">shellfish</contenuImg>
            <contenuImg CS="0.91" lang="en" source="ibm">bivalve (animal with shell)</contenuImg>
            <contenuImg CS="0.726" lang="en" source="ibm">mussel</contenuImg>
            <contenuImg CS="0.711" lang="en" source="ibm">freshwater mussel</contenuImg>
            <tech source="final">estampe/gravure</tech>
            <theme source="final">13</theme>
            <tech CS="1" source="md">estampe/gravure</tech>
            <theme CS="1" source="md">13</theme>
            <contenuImg CS="1.0" lang="en" source="md">shellfish</contenuImg>
            <contenuImg CS="1.0" lang="en" source="md">animal</contenuImg>
            <contenuImg CS="1.0" lang="en" source="md">invertebrate</contenuImg>
            <titraille>Coquilles : peinture / Yoeequa Painter</titraille>
          </ill>
        </ills>
      </page>
      <page ordre="17">
        <blocIll ocr="1">1</blocIll>
        <ills>
          <ill classif="CCibm" couleur="coul" h="4022" n="17-1" taille="10" w="5128" x="1" y="1">
            <contenuImg CS="0.555" lang="fr" source="ibm">boucles d'oreilles</contenuImg>
            <contenuImg CS="0.591" lang="fr" source="ibm">support papier (timbres/monnaie)</contenuImg>
            <contenuImg CS="0.599" lang="fr" source="ibm">document écrit</contenuImg>
            <contenuImg CS="0.523" lang="fr" source="ibm">galerie d'art</contenuImg>
            <contenuImg CS="0.523" lang="fr" source="ibm">intérieurs</contenuImg>
            <contenuImg CS="0.509" lang="fr" source="ibm">bloc-notes</contenuImg>
            <contenuImg CS="0.507" lang="fr" source="ibm">empreinte</contenuImg>
            <contenuImg CS="0.507" lang="fr" source="ibm">fruits de mer</contenuImg>
            <contenuImg CS="0.598" lang="fr" source="ibm">micro-organisme</contenuImg>
            <contenuImg b="80" coul="1" g="96" ordre="6" r="131" source="colorific" type="frg">#836050</contenuImg>
            <contenuImg b="93" coul="1" g="111" ordre="5" r="120" source="colorific" type="frg">#786f5d</contenuImg>
            <contenuImg b="122" coul="1" g="140" ordre="4" r="164" source="colorific" type="frg">#a48c7a</contenuImg>
            <contenuImg b="61" coul="1" g="73" ordre="3" r="78" source="colorific" type="frg">#4e493d</contenuImg>
            <contenuImg b="176" coul="1" g="172" ordre="2" r="156" source="colorific" type="frg">#9cacb0</contenuImg>
            <contenuImg b="152" coul="1" g="168" ordre="1" r="174" source="colorific" type="frg">#aea898</contenuImg>
            <contenuImg CS="0.507" lang="fr" source="ibm">coquillage,crustacé</contenuImg>
            <contenuImg CS="1.0" lang="fr" source="md">invertébré</contenuImg>
            <contenuImg CS="1.0" lang="fr" source="md">animal</contenuImg>
            <contenuImg CS="1.0" lang="fr" source="md">coquillage,crustacé</contenuImg>
            <contenuImg CS="0.505" lang="fr" source="ibm">moule</contenuImg>
            <contenuImg CS="0.505" lang="fr" source="ibm">bivalve</contenuImg>
            <contenuImg CS="0.507" lang="fr" source="ibm">coquillage</contenuImg>
            <contenuImg CS="0.507" lang="fr" source="ibm">invertébré</contenuImg>
            <contenuImg CS="0.507" lang="fr" source="ibm">animal</contenuImg>
            <contenuImg CS="0.598" lang="fr" source="ibm">microorganisme</contenuImg>
            <contenuImg CS="0.654" coul="1" lang="fr" source="ibm">albâtre</contenuImg>
            <contenuImg CS="0.615" coul="1" lang="fr" source="ibm">beige</contenuImg>
            <contenuImg CS="0.615" coul="1" lang="en" source="ibm">beige color</contenuImg>
            <contenuImg CS="0.654" coul="1" lang="en" source="ibm">alabaster color</contenuImg>
            <contenuImg CS="0.598" lang="en" source="ibm">microorganism</contenuImg>
            <contenuImg CS="0.507" lang="en" source="ibm">animal</contenuImg>
            <contenuImg CS="0.507" lang="en" source="ibm">invertebrate</contenuImg>
            <contenuImg CS="0.507" lang="en" source="ibm">shellfish</contenuImg>
            <contenuImg CS="0.505" lang="en" source="ibm">bivalve (animal with shell)</contenuImg>
            <contenuImg CS="0.505" lang="en" source="ibm">mussel</contenuImg>
            <contenuImg CS="0.5" lang="en" source="ibm">freshwater mussel</contenuImg>
            <contenuImg CS="0.507" lang="en" source="ibm">imprint</contenuImg>
            <contenuImg CS="0.509" lang="en" source="ibm">jotter (notebook)</contenuImg>
            <contenuImg CS="0.523" lang="en" source="ibm">indoors</contenuImg>
            <contenuImg CS="0.523" lang="en" source="ibm">art gallery</contenuImg>
            <contenuImg CS="0.555" lang="en" source="ibm">Earrings</contenuImg>
            <contenuImg CS="0.599" lang="en" source="ibm">written document</contenuImg>
            <contenuImg CS="0.591" lang="en" source="ibm">paper based (stamps/currency)</contenuImg>
            <tech source="final">estampe/gravure</tech>
            <theme source="final">13</theme>
            <tech CS="1" source="md">estampe/gravure</tech>
            <theme CS="1" source="md">13</theme>
            <contenuImg CS="1.0" lang="en" source="md">shellfish</contenuImg>
            <contenuImg CS="1.0" lang="en" source="md">animal</contenuImg>
            <contenuImg CS="1.0" lang="en" source="md">invertebrate</contenuImg>
            <titraille>Coquilles : peinture / Yoeequa Painter</titraille>
          </ill>
        </ills>
      </page>
      <page ordre="18">
        <blocIll ocr="1">1</blocIll>
        <ills>
          <ill classif="CCibm" couleur="coul" h="4046" n="18-1" taille="10" w="5155" x="1" y="1">
            <contenuImg CS="0.648" lang="fr" source="ibm">graine</contenuImg>
            <contenuImg CS="0.648" lang="fr" source="ibm">fruit</contenuImg>
            <contenuImg CS="0.572" lang="fr" source="ibm">timbre</contenuImg>
            <contenuImg CS="0.572" lang="fr" source="ibm">outil</contenuImg>
            <contenuImg CS="0.502" lang="fr" source="ibm">poinçon</contenuImg>
            <contenuImg CS="0.501" lang="fr" source="ibm">clou</contenuImg>
            <contenuImg CS="0.501" lang="fr" source="ibm">attache</contenuImg>
            <contenuImg CS="0.501" lang="fr" source="ibm">dispositif de contrainte (chaînes)</contenuImg>
            <contenuImg CS="0.59" lang="fr" source="ibm">aliments</contenuImg>
            <contenuImg CS="0.599" lang="fr" source="ibm">fruits de mer</contenuImg>
            <contenuImg CS="0.59" lang="fr" source="ibm">nourriture</contenuImg>
            <contenuImg b="115" coul="1" g="125" ordre="7" r="138" source="colorific" type="frg">#8a7d73</contenuImg>
            <contenuImg b="49" coul="1" g="51" ordre="6" r="67" source="colorific" type="frg">#433331</contenuImg>
            <contenuImg b="58" coul="1" g="62" ordre="5" r="115" source="colorific" type="frg">#733e3a</contenuImg>
            <contenuImg b="155" coul="1" g="172" ordre="4" r="203" source="colorific" type="frg">#cbac9b</contenuImg>
            <contenuImg b="102" coul="1" g="115" ordre="3" r="160" source="colorific" type="frg">#a07366</contenuImg>
            <contenuImg b="177" coul="1" g="173" ordre="2" r="156" source="colorific" type="frg">#9cadb1</contenuImg>
            <contenuImg b="155" coul="1" g="172" ordre="1" r="178" source="colorific" type="frg">#b2ac9b</contenuImg>
            <contenuImg CS="0.599" lang="fr" source="ibm">coquillage,crustacé</contenuImg>
            <contenuImg CS="1.0" lang="fr" source="md">invertébré</contenuImg>
            <contenuImg CS="1.0" lang="fr" source="md">animal</contenuImg>
            <contenuImg CS="1.0" lang="fr" source="md">coquillage,crustacé</contenuImg>
            <contenuImg CS="0.599" lang="fr" source="ibm">coquillage</contenuImg>
            <contenuImg CS="0.616" coul="1" lang="fr" source="ibm">noisette (couleur)</contenuImg>
            <contenuImg CS="0.579" coul="1" lang="fr" source="ibm">marron clair</contenuImg>
            <txt source="google">"hetz - SAAVAD - ",</txt>
            <contenuImg CS="0.579" coul="1" lang="en" source="ibm">light brown color</contenuImg>
            <contenuImg CS="0.616" coul="1" lang="en" source="ibm">chestnut color</contenuImg>
            <contenuImg CS="0.599" lang="en" source="ibm">shellfish</contenuImg>
            <contenuImg CS="0.59" lang="en" source="ibm">food</contenuImg>
            <contenuImg CS="0.501" lang="en" source="ibm">restraint (chains)</contenuImg>
            <contenuImg CS="0.501" lang="en" source="ibm">fastener</contenuImg>
            <contenuImg CS="0.501" lang="en" source="ibm">nail</contenuImg>
            <contenuImg CS="0.5" lang="en" source="ibm">tack</contenuImg>
            <contenuImg CS="0.502" lang="en" source="ibm">handstamp</contenuImg>
            <contenuImg CS="0.572" lang="en" source="ibm">tool</contenuImg>
            <contenuImg CS="0.572" lang="en" source="ibm">stamp</contenuImg>
            <contenuImg CS="0.585" lang="en" source="ibm">shell</contenuImg>
            <contenuImg CS="0.648" lang="en" source="ibm">fruit</contenuImg>
            <contenuImg CS="0.648" lang="en" source="ibm">seed</contenuImg>
            <contenuImg CS="0.647" lang="en" source="ibm">nut</contenuImg>
            <contenuImg CS="0.644" lang="en" source="ibm">pistachio</contenuImg>
            <tech source="final">estampe/gravure</tech>
            <theme source="final">13</theme>
            <tech CS="1" source="md">estampe/gravure</tech>
            <theme CS="1" source="md">13</theme>
            <contenuImg CS="1.0" lang="en" source="md">shellfish</contenuImg>
            <contenuImg CS="1.0" lang="en" source="md">animal</contenuImg>
            <contenuImg CS="1.0" lang="en" source="md">invertebrate</contenuImg>
            <titraille>Coquilles : peinture / Yoeequa Painter</titraille>
          </ill>
        </ills>
      </page>
      <page ordre="19">
        <blocIll ocr="1">0</blocIll>
        <ills/>
      </page>
      <page ordre="20">
        <blocIll ocr="1">0</blocIll>
        <ills/>
      </page>
    </pages>
  </contenus>
</analyseAlto>