<analyseAlto>
  <metad>
    <type>I</type>
    <ID>btv1b105488415</ID>
    <titre>Coquilles : peinture / Yoeequa Painter</titre>
    <dateEdition>1830-1840</dateEdition>
    <auteur>Yoeequa (18..?-18..). Peintre Lagrené, Marie-Melchior-Joseph-Théodore de (1800-1862). Collecteur</auteur>
    <lang>0</lang>
    <source>Bibliothèque nationale de France, département Estampes et photographie, RESERVE PET FOL-OE-164 (A)</source>
    <nbPage>22</nbPage>
    <descr>Coquillages -- Chine</descr>
  </metad>
  <contenus ocr="false" toc="false">
    <largeur>230</largeur>
    <hauteur>170</hauteur>
    <largeurPx>5452</largeurPx>
    <hauteurPx>4022</hauteurPx>
    <pages>
      <page ordre="3">
        <blocIll ocr="1">0</blocIll>
        <ills/>
      </page>
      <page ordre="4">
        <blocIll ocr="1">0</blocIll>
        <ills/>
      </page>
      <page ordre="5">
        <blocIll ocr="1">0</blocIll>
        <ills/>
      </page>
      <page ordre="6">
        <blocIll ocr="1">0</blocIll>
        <ills/>
      </page>
      <page ordre="7">
        <blocIll ocr="1">1</blocIll>
        <ills>
          <ill classif="CCibm" couleur="coul" h="4035" n="7-1" taille="10" w="5151" x="1" y="1">
            <contenuImg CS="0.71" lang="fr" source="ibm">torchon</contenuImg>
            <contenuImg CS="0.711" lang="fr" source="ibm">serviette</contenuImg>
            <contenuImg CS="0.555" lang="fr" source="ibm">dé à coudre</contenuImg>
            <contenuImg CS="0.555" lang="fr" source="ibm">casquette</contenuImg>
            <contenuImg CS="0.555" lang="fr" source="ibm">revêtement de protection</contenuImg>
            <contenuImg CS="0.595" lang="fr" source="ibm">fruits de mer</contenuImg>
            <contenuImg CS="0.712" lang="fr" source="ibm">tissu</contenuImg>
            <contenuImg b="55" coul="1" g="62" ordre="5" r="81" source="colorific" type="frg">#513e37</contenuImg>
            <contenuImg b="62" coul="1" g="67" ordre="4" r="114" source="colorific" type="frg">#72433e</contenuImg>
            <contenuImg b="96" coul="1" g="109" ordre="3" r="153" source="colorific" type="frg">#996d60</contenuImg>
            <contenuImg b="116" coul="1" g="137" ordre="2" r="158" source="colorific" type="frg">#9e8974</contenuImg>
            <contenuImg b="140" coul="1" g="139" ordre="1" r="126" source="colorific" type="frg">#7e8b8c</contenuImg>
            <contenuImg CS="0.595" lang="fr" source="ibm">coquillage,crustacé</contenuImg>
            <contenuImg CS="1.0" lang="fr" source="md">invertébré</contenuImg>
            <contenuImg CS="1.0" lang="fr" source="md">animal</contenuImg>
            <contenuImg CS="1.0" lang="fr" source="md">coquillage,crustacé</contenuImg>
            <contenuImg CS="0.532" lang="fr" source="ibm">coquille Saint-Jacques</contenuImg>
            <contenuImg CS="0.595" lang="fr" source="ibm">coquillage</contenuImg>
            <contenuImg CS="0.982" coul="1" lang="fr" source="ibm">beige</contenuImg>
            <txt source="google">"WE - io - ",</txt>
            <contenuImg CS="0.982" coul="1" lang="en" source="ibm">beige color</contenuImg>
            <contenuImg CS="0.595" lang="en" source="ibm">shellfish</contenuImg>
            <contenuImg CS="0.532" lang="en" source="ibm">scallop shell</contenuImg>
            <contenuImg CS="0.555" lang="en" source="ibm">protective covering</contenuImg>
            <contenuImg CS="0.555" lang="en" source="ibm">cap</contenuImg>
            <contenuImg CS="0.555" lang="en" source="ibm">thimble</contenuImg>
            <contenuImg CS="0.712" lang="en" source="ibm">fabric</contenuImg>
            <contenuImg CS="0.711" lang="en" source="ibm">towel</contenuImg>
            <contenuImg CS="0.71" lang="en" source="ibm">dishtowel</contenuImg>
            <tech source="final">estampe/gravure</tech>
            <theme source="final">13</theme>
            <tech CS="1" source="md">estampe/gravure</tech>
            <theme CS="1" source="md">13</theme>
            <contenuImg CS="1.0" lang="en" source="md">shellfish</contenuImg>
            <contenuImg CS="1.0" lang="en" source="md">animal</contenuImg>
            <contenuImg CS="1.0" lang="en" source="md">invertebrate</contenuImg>
            <titraille>Coquilles : peinture / Yoeequa Painter</titraille>
          </ill>
        </ills>
      </page>
      <page ordre="8">
        <blocIll ocr="1">1</blocIll>
        <ills>
          <ill classif="CCibm" couleur="coul" h="4028" n="8-1" taille="10" w="5185" x="1" y="1">
            <contenuImg CS="0.6" lang="fr" source="ibm">frise (bâtiment)</contenuImg>
            <contenuImg CS="0.566" lang="fr" source="ibm">caisse américaine (cadre)</contenuImg>
            <contenuImg CS="0.571" lang="fr" source="ibm">boîte</contenuImg>
            <contenuImg CS="0.552" lang="fr" source="ibm">écu (héraldique)</contenuImg>
            <contenuImg CS="0.554" lang="fr" source="ibm">bouclier</contenuImg>
            <contenuImg CS="0.554" lang="fr" source="ibm">armure</contenuImg>
            <contenuImg CS="0.634" lang="fr" source="ibm">revêtement de protection</contenuImg>
            <contenuImg CS="0.543" lang="fr" source="ibm">enduit décoratif (plâtre)</contenuImg>
            <contenuImg CS="0.5" lang="fr" source="ibm">dé à coudre</contenuImg>
            <contenuImg CS="0.5" lang="fr" source="ibm">casquette</contenuImg>
            <contenuImg b="87" coul="1" g="109" ordre="4" r="140" source="colorific" type="frg">#8c6d57</contenuImg>
            <contenuImg b="61" coul="1" g="73" ordre="3" r="84" source="colorific" type="frg">#54493d</contenuImg>
            <contenuImg b="91" coul="1" g="113" ordre="2" r="126" source="colorific" type="frg">#7e715b</contenuImg>
            <contenuImg b="136" coul="1" g="137" ordre="1" r="125" source="colorific" type="frg">#7d8988</contenuImg>
            <contenuImg CS="1.0" lang="fr" source="md">invertébré</contenuImg>
            <contenuImg CS="1.0" lang="fr" source="md">animal</contenuImg>
            <contenuImg CS="1.0" lang="fr" source="md">coquillage,crustacé</contenuImg>
            <contenuImg CS="0.967" coul="1" lang="fr" source="ibm">albâtre</contenuImg>
            <contenuImg CS="0.789" coul="1" lang="fr" source="ibm">beige</contenuImg>
            <contenuImg CS="0.789" coul="1" lang="en" source="ibm">beige color</contenuImg>
            <contenuImg CS="0.967" coul="1" lang="en" source="ibm">alabaster color</contenuImg>
            <contenuImg CS="0.5" lang="en" source="ibm">cap</contenuImg>
            <contenuImg CS="0.5" lang="en" source="ibm">thimble</contenuImg>
            <contenuImg CS="0.543" lang="en" source="ibm">pargeting (ornamental plasterwork)</contenuImg>
            <contenuImg CS="0.634" lang="en" source="ibm">protective covering</contenuImg>
            <contenuImg CS="0.554" lang="en" source="ibm">armor</contenuImg>
            <contenuImg CS="0.554" lang="en" source="ibm">shield</contenuImg>
            <contenuImg CS="0.552" lang="en" source="ibm">escutcheon shield</contenuImg>
            <contenuImg CS="0.571" lang="en" source="ibm">box</contenuImg>
            <contenuImg CS="0.566" lang="en" source="ibm">shadow box</contenuImg>
            <contenuImg CS="0.6" lang="en" source="ibm">frieze (of building)</contenuImg>
            <tech source="final">estampe/gravure</tech>
            <theme source="final">13</theme>
            <tech CS="1" source="md">estampe/gravure</tech>
            <theme CS="1" source="md">13</theme>
            <contenuImg CS="1.0" lang="en" source="md">shellfish</contenuImg>
            <contenuImg CS="1.0" lang="en" source="md">animal</contenuImg>
            <contenuImg CS="1.0" lang="en" source="md">invertebrate</contenuImg>
            <titraille>Coquilles : peinture / Yoeequa Painter</titraille>
          </ill>
        </ills>
      </page>
      <page ordre="9">
        <blocIll ocr="1">1</blocIll>
        <ills>
          <ill classif="CCibm" couleur="coul" h="4005" n="9-1" taille="10" w="5103" x="1" y="1">
            <contenuImg CS="0.824" lang="fr" source="ibm">support papier (timbres/monnaie)</contenuImg>
            <contenuImg CS="0.825" lang="fr" source="ibm">document écrit</contenuImg>
            <contenuImg CS="0.5" lang="fr" source="ibm">assaisonnement alimentaire</contenuImg>
            <contenuImg CS="0.5" lang="fr" source="ibm">ingrédient alimentaire</contenuImg>
            <contenuImg CS="0.5" lang="fr" source="ibm">produit alimentaire</contenuImg>
            <contenuImg CS="0.5" lang="fr" source="ibm">aliments</contenuImg>
            <contenuImg CS="0.5" lang="fr" source="ibm">nourriture</contenuImg>
            <contenuImg CS="0.796" lang="fr" source="ibm">tissu</contenuImg>
            <contenuImg b="121" coul="1" g="128" ordre="8" r="124" source="colorific" type="frg">#7c8079</contenuImg>
            <contenuImg b="132" coul="1" g="164" ordre="7" r="189" source="colorific" type="frg">#bda484</contenuImg>
            <contenuImg b="79" coul="1" g="99" ordre="6" r="110" source="colorific" type="frg">#6e634f</contenuImg>
            <contenuImg b="50" coul="1" g="61" ordre="5" r="87" source="colorific" type="frg">#573d32</contenuImg>
            <contenuImg b="66" coul="1" g="81" ordre="4" r="133" source="colorific" type="frg">#855142</contenuImg>
            <contenuImg b="94" coul="1" g="120" ordre="3" r="162" source="colorific" type="frg">#a2785e</contenuImg>
            <contenuImg b="156" coul="1" g="152" ordre="2" r="135" source="colorific" type="frg">#87989c</contenuImg>
            <contenuImg b="193" coul="1" g="212" ordre="1" r="217" source="colorific" type="frg">#d9d4c1</contenuImg>
            <contenuImg CS="1.0" lang="fr" source="md">invertébré</contenuImg>
            <contenuImg CS="1.0" lang="fr" source="md">animal</contenuImg>
            <contenuImg CS="1.0" lang="fr" source="md">coquillage,crustacé</contenuImg>
            <contenuImg CS="0.911" coul="1" lang="fr" source="ibm">marron clair</contenuImg>
            <contenuImg CS="0.838" coul="1" lang="fr" source="ibm">cuivre (couleur)</contenuImg>
            <contenuImg CS="0.838" coul="1" lang="en" source="ibm">copper color</contenuImg>
            <contenuImg CS="0.911" coul="1" lang="en" source="ibm">light brown color</contenuImg>
            <contenuImg CS="0.796" lang="en" source="ibm">fabric</contenuImg>
            <contenuImg CS="0.5" lang="en" source="ibm">food</contenuImg>
            <contenuImg CS="0.5" lang="en" source="ibm">food product</contenuImg>
            <contenuImg CS="0.5" lang="en" source="ibm">food ingredient</contenuImg>
            <contenuImg CS="0.5" lang="en" source="ibm">food seasoning</contenuImg>
            <contenuImg CS="0.5" lang="en" source="ibm">cardamom</contenuImg>
            <contenuImg CS="0.825" lang="en" source="ibm">written document</contenuImg>
            <contenuImg CS="0.824" lang="en" source="ibm">paper based (stamps/currency)</contenuImg>
            <tech source="final">estampe/gravure</tech>
            <theme source="final">13</theme>
            <tech CS="1" source="md">estampe/gravure</tech>
            <theme CS="1" source="md">13</theme>
            <contenuImg CS="1.0" lang="en" source="md">shellfish</contenuImg>
            <contenuImg CS="1.0" lang="en" source="md">animal</contenuImg>
            <contenuImg CS="1.0" lang="en" source="md">invertebrate</contenuImg>
            <titraille>Coquilles : peinture / Yoeequa Painter</titraille>
          </ill>
        </ills>
      </page>
      <page ordre="10">
        <blocIll ocr="1">1</blocIll>
        <ills>
          <ill classif="CCibm" couleur="coul" h="4028" n="10-1" taille="10" w="5185" x="1" y="1">
            <contenuImg CS="0.81" lang="fr" source="ibm">dé à coudre</contenuImg>
            <contenuImg CS="0.81" lang="fr" source="ibm">casquette</contenuImg>
            <contenuImg CS="0.81" lang="fr" source="ibm">revêtement de protection</contenuImg>
            <contenuImg CS="0.526" lang="fr" source="ibm">torchon</contenuImg>
            <contenuImg CS="0.529" lang="fr" source="ibm">serviette</contenuImg>
            <contenuImg CS="0.5" lang="fr" source="ibm">gomme</contenuImg>
            <contenuImg CS="0.529" lang="fr" source="ibm">tissu</contenuImg>
            <contenuImg b="54" coul="1" g="61" ordre="6" r="79" source="colorific" type="frg">#4f3d36</contenuImg>
            <contenuImg b="57" coul="1" g="62" ordre="5" r="104" source="colorific" type="frg">#683e39</contenuImg>
            <contenuImg b="110" coul="1" g="124" ordre="4" r="148" source="colorific" type="frg">#947c6e</contenuImg>
            <contenuImg b="93" coul="1" g="101" ordre="3" r="156" source="colorific" type="frg">#9c655d</contenuImg>
            <contenuImg b="120" coul="1" g="138" ordre="2" r="149" source="colorific" type="frg">#958a78</contenuImg>
            <contenuImg b="170" coul="1" g="166" ordre="1" r="151" source="colorific" type="frg">#97a6aa</contenuImg>
            <contenuImg CS="1.0" lang="fr" source="md">invertébré</contenuImg>
            <contenuImg CS="1.0" lang="fr" source="md">animal</contenuImg>
            <contenuImg CS="1.0" lang="fr" source="md">coquillage,crustacé</contenuImg>
            <contenuImg CS="0.941" coul="1" lang="fr" source="ibm">beige</contenuImg>
            <contenuImg CS="0.655" coul="1" lang="fr" source="ibm">albâtre</contenuImg>
            <contenuImg CS="0.655" coul="1" lang="en" source="ibm">alabaster color</contenuImg>
            <contenuImg CS="0.941" coul="1" lang="en" source="ibm">beige color</contenuImg>
            <contenuImg CS="0.5" lang="en" source="ibm">eraser</contenuImg>
            <contenuImg CS="0.529" lang="en" source="ibm">fabric</contenuImg>
            <contenuImg CS="0.529" lang="en" source="ibm">towel</contenuImg>
            <contenuImg CS="0.526" lang="en" source="ibm">dishtowel</contenuImg>
            <contenuImg CS="0.81" lang="en" source="ibm">protective covering</contenuImg>
            <contenuImg CS="0.81" lang="en" source="ibm">cap</contenuImg>
            <contenuImg CS="0.81" lang="en" source="ibm">thimble</contenuImg>
            <tech source="final">estampe/gravure</tech>
            <theme source="final">13</theme>
            <tech CS="1" source="md">estampe/gravure</tech>
            <theme CS="1" source="md">13</theme>
            <contenuImg CS="1.0" lang="en" source="md">shellfish</contenuImg>
            <contenuImg CS="1.0" lang="en" source="md">animal</contenuImg>
            <contenuImg CS="1.0" lang="en" source="md">invertebrate</contenuImg>
            <titraille>Coquilles : peinture / Yoeequa Painter</titraille>
          </ill>
        </ills>
      </page>
      <page ordre="11">
        <blocIll ocr="1">1</blocIll>
        <ills>
          <ill classif="CCibm" couleur="coul" h="4005" n="11-1" taille="10" w="5103" x="1" y="1">
            <contenuImg CS="0.611" lang="fr" source="ibm">timbre</contenuImg>
            <contenuImg CS="0.611" lang="fr" source="ibm">outil</contenuImg>
            <contenuImg CS="0.547" lang="fr" source="ibm">support papier (timbres/monnaie)</contenuImg>
            <contenuImg CS="0.548" lang="fr" source="ibm">document écrit</contenuImg>
            <contenuImg CS="0.508" lang="fr" source="ibm">poinçon</contenuImg>
            <contenuImg CS="0.501" lang="fr" source="ibm">attache</contenuImg>
            <contenuImg CS="0.501" lang="fr" source="ibm">dispositif de contrainte (chaînes)</contenuImg>
            <contenuImg b="62" coul="1" g="77" ordre="7" r="96" source="colorific" type="frg">#604d3e</contenuImg>
            <contenuImg b="124" coul="1" g="137" ordre="6" r="139" source="colorific" type="frg">#8b897c</contenuImg>
            <contenuImg b="102" coul="1" g="121" ordre="5" r="192" source="colorific" type="frg">#c07966</contenuImg>
            <contenuImg b="109" coul="1" g="142" ordre="4" r="180" source="colorific" type="frg">#b48e6d</contenuImg>
            <contenuImg b="63" coul="1" g="77" ordre="3" r="118" source="colorific" type="frg">#764d3f</contenuImg>
            <contenuImg b="159" coul="1" g="150" ordre="2" r="134" source="colorific" type="frg">#86969f</contenuImg>
            <contenuImg b="187" coul="1" g="205" ordre="1" r="211" source="colorific" type="frg">#d3cdbb</contenuImg>
            <contenuImg CS="1.0" lang="fr" source="md">invertébré</contenuImg>
            <contenuImg CS="1.0" lang="fr" source="md">animal</contenuImg>
            <contenuImg CS="1.0" lang="fr" source="md">coquillage,crustacé</contenuImg>
            <contenuImg CS="0.778" coul="1" lang="fr" source="ibm">marron clair</contenuImg>
            <contenuImg CS="0.641" coul="1" lang="fr" source="ibm">cuivre (couleur)</contenuImg>
            <txt source="google">"tir - ",</txt>
            <contenuImg CS="0.641" coul="1" lang="en" source="ibm">copper color</contenuImg>
            <contenuImg CS="0.778" coul="1" lang="en" source="ibm">light brown color</contenuImg>
            <contenuImg CS="0.501" lang="en" source="ibm">restraint (chains)</contenuImg>
            <contenuImg CS="0.501" lang="en" source="ibm">fastener</contenuImg>
            <contenuImg CS="0.5" lang="en" source="ibm">hair slide</contenuImg>
            <contenuImg CS="0.508" lang="en" source="ibm">handstamp</contenuImg>
            <contenuImg CS="0.522" lang="en" source="ibm">shell</contenuImg>
            <contenuImg CS="0.548" lang="en" source="ibm">written document</contenuImg>
            <contenuImg CS="0.547" lang="en" source="ibm">paper based (stamps/currency)</contenuImg>
            <contenuImg CS="0.611" lang="en" source="ibm">tool</contenuImg>
            <contenuImg CS="0.611" lang="en" source="ibm">stamp</contenuImg>
            <tech source="final">estampe/gravure</tech>
            <theme source="final">13</theme>
            <tech CS="1" source="md">estampe/gravure</tech>
            <theme CS="1" source="md">13</theme>
            <contenuImg CS="1.0" lang="en" source="md">shellfish</contenuImg>
            <contenuImg CS="1.0" lang="en" source="md">animal</contenuImg>
            <contenuImg CS="1.0" lang="en" source="md">invertebrate</contenuImg>
            <titraille>Coquilles : peinture / Yoeequa Painter</titraille>
          </ill>
        </ills>
      </page>
      <page ordre="12">
        <blocIll ocr="1">1</blocIll>
        <ills>
          <ill classif="CCibm" couleur="coul" h="4022" n="12-1" taille="10" w="5185" x="1" y="1">
            <contenuImg CS="0.642" lang="fr" source="ibm">fruits de mer</contenuImg>
            <contenuImg CS="0.602" lang="fr" source="ibm">timbre</contenuImg>
            <contenuImg CS="0.602" lang="fr" source="ibm">outil</contenuImg>
            <contenuImg CS="0.502" lang="fr" source="ibm">poinçon</contenuImg>
            <contenuImg CS="0.5" lang="fr" source="ibm">plaque à biscuits</contenuImg>
            <contenuImg CS="0.505" lang="fr" source="ibm">ustensile</contenuImg>
            <contenuImg b="61" coul="1" g="68" ordre="6" r="103" source="colorific" type="frg">#67443d</contenuImg>
            <contenuImg b="126" coul="1" g="151" ordre="5" r="189" source="colorific" type="frg">#bd977e</contenuImg>
            <contenuImg b="86" coul="1" g="101" ordre="4" r="148" source="colorific" type="frg">#946556</contenuImg>
            <contenuImg b="121" coul="1" g="134" ordre="3" r="143" source="colorific" type="frg">#8f8679</contenuImg>
            <contenuImg b="162" coul="1" g="155" ordre="2" r="136" source="colorific" type="frg">#889ba2</contenuImg>
            <contenuImg b="193" coul="1" g="212" ordre="1" r="217" source="colorific" type="frg">#d9d4c1</contenuImg>
            <contenuImg CS="0.642" lang="fr" source="ibm">coquillage,crustacé</contenuImg>
            <contenuImg CS="1.0" lang="fr" source="md">invertébré</contenuImg>
            <contenuImg CS="1.0" lang="fr" source="md">animal</contenuImg>
            <contenuImg CS="1.0" lang="fr" source="md">coquillage,crustacé</contenuImg>
            <contenuImg CS="0.634" lang="fr" source="ibm">moule</contenuImg>
            <contenuImg CS="0.635" lang="fr" source="ibm">bivalve</contenuImg>
            <contenuImg CS="0.642" lang="fr" source="ibm">coquillage</contenuImg>
            <contenuImg CS="0.642" lang="fr" source="ibm">invertébré</contenuImg>
            <contenuImg CS="0.642" lang="fr" source="ibm">animal</contenuImg>
            <contenuImg CS="0.727" coul="1" lang="fr" source="ibm">marron clair</contenuImg>
            <contenuImg CS="0.721" coul="1" lang="fr" source="ibm">beige</contenuImg>
            <contenuImg CS="0.721" coul="1" lang="en" source="ibm">beige color</contenuImg>
            <contenuImg CS="0.727" coul="1" lang="en" source="ibm">light brown color</contenuImg>
            <contenuImg CS="0.505" lang="en" source="ibm">utensil</contenuImg>
            <contenuImg CS="0.5" lang="en" source="ibm">cookie sheet</contenuImg>
            <contenuImg CS="0.502" lang="en" source="ibm">handstamp</contenuImg>
            <contenuImg CS="0.518" lang="en" source="ibm">shell</contenuImg>
            <contenuImg CS="0.602" lang="en" source="ibm">tool</contenuImg>
            <contenuImg CS="0.602" lang="en" source="ibm">stamp</contenuImg>
            <contenuImg CS="0.642" lang="en" source="ibm">animal</contenuImg>
            <contenuImg CS="0.642" lang="en" source="ibm">invertebrate</contenuImg>
            <contenuImg CS="0.642" lang="en" source="ibm">shellfish</contenuImg>
            <contenuImg CS="0.635" lang="en" source="ibm">bivalve (animal with shell)</contenuImg>
            <contenuImg CS="0.634" lang="en" source="ibm">mussel</contenuImg>
            <contenuImg CS="0.631" lang="en" source="ibm">freshwater mussel</contenuImg>
            <tech source="final">estampe/gravure</tech>
            <theme source="final">13</theme>
            <tech CS="1" source="md">estampe/gravure</tech>
            <theme CS="1" source="md">13</theme>
            <contenuImg CS="1.0" lang="en" source="md">shellfish</contenuImg>
            <contenuImg CS="1.0" lang="en" source="md">animal</contenuImg>
            <contenuImg CS="1.0" lang="en" source="md">invertebrate</contenuImg>
            <titraille>Coquilles : peinture / Yoeequa Painter</titraille>
          </ill>
        </ills>
      </page>
      <page ordre="13">
        <blocIll ocr="1">1</blocIll>
        <ills>
          <ill classif="CCibm" couleur="coul" h="4026" n="13-1" taille="10" w="5160" x="1" y="1">
            <contenuImg CS="0.933" lang="fr" source="ibm">fruits de mer</contenuImg>
            <contenuImg b="113" coul="1" g="137" ordre="6" r="180" source="colorific" type="frg">#b48971</contenuImg>
            <contenuImg b="54" coul="1" g="59" ordre="5" r="81" source="colorific" type="frg">#513b36</contenuImg>
            <contenuImg b="70" coul="1" g="85" ordre="4" r="136" source="colorific" type="frg">#885546</contenuImg>
            <contenuImg b="139" coul="1" g="147" ordre="3" r="150" source="colorific" type="frg">#96938b</contenuImg>
            <contenuImg b="180" coul="1" g="175" ordre="2" r="158" source="colorific" type="frg">#9eafb4</contenuImg>
            <contenuImg b="193" coul="1" g="212" ordre="1" r="217" source="colorific" type="frg">#d9d4c1</contenuImg>
            <contenuImg CS="0.933" lang="fr" source="ibm">coquillage,crustacé</contenuImg>
            <contenuImg CS="1.0" lang="fr" source="md">invertébré</contenuImg>
            <contenuImg CS="1.0" lang="fr" source="md">animal</contenuImg>
            <contenuImg CS="1.0" lang="fr" source="md">coquillage,crustacé</contenuImg>
            <contenuImg CS="0.861" lang="fr" source="ibm">moule</contenuImg>
            <contenuImg CS="0.93" lang="fr" source="ibm">bivalve</contenuImg>
            <contenuImg CS="0.933" lang="fr" source="ibm">coquillage</contenuImg>
            <contenuImg CS="0.933" lang="fr" source="ibm">invertébré</contenuImg>
            <contenuImg CS="0.933" lang="fr" source="ibm">animal</contenuImg>
            <contenuImg CS="0.5" lang="fr" source="ibm">moule zébrée</contenuImg>
            <contenuImg CS="0.876" coul="1" lang="fr" source="ibm">noisette (couleur)</contenuImg>
            <contenuImg CS="0.864" coul="1" lang="fr" source="ibm">cuivre (couleur)</contenuImg>
            <contenuImg CS="0.864" coul="1" lang="en" source="ibm">copper color</contenuImg>
            <contenuImg CS="0.876" coul="1" lang="en" source="ibm">chestnut color</contenuImg>
            <contenuImg CS="0.5" lang="en" source="ibm">zebra mussel</contenuImg>
            <contenuImg CS="0.582" lang="en" source="ibm">shell</contenuImg>
            <contenuImg CS="0.669" lang="en" source="ibm">ark shell</contenuImg>
            <contenuImg CS="0.933" lang="en" source="ibm">animal</contenuImg>
            <contenuImg CS="0.933" lang="en" source="ibm">invertebrate</contenuImg>
            <contenuImg CS="0.933" lang="en" source="ibm">shellfish</contenuImg>
            <contenuImg CS="0.93" lang="en" source="ibm">bivalve (animal with shell)</contenuImg>
            <contenuImg CS="0.861" lang="en" source="ibm">mussel</contenuImg>
            <contenuImg CS="0.792" lang="en" source="ibm">freshwater mussel</contenuImg>
            <tech source="final">estampe/gravure</tech>
            <theme source="final">13</theme>
            <tech CS="1" source="md">estampe/gravure</tech>
            <theme CS="1" source="md">13</theme>
            <contenuImg CS="1.0" lang="en" source="md">shellfish</contenuImg>
            <contenuImg CS="1.0" lang="en" source="md">animal</contenuImg>
            <contenuImg CS="1.0" lang="en" source="md">invertebrate</contenuImg>
            <titraille>Coquilles : peinture / Yoeequa Painter</titraille>
          </ill>
        </ills>
      </page>
      <page ordre="14">
        <blocIll ocr="1">1</blocIll>
        <ills>
          <ill classif="CCibm" couleur="coul" h="4046" n="14-1" taille="10" w="5185" x="1" y="1">
            <contenuImg CS="0.861" lang="fr" source="ibm">fruits de mer</contenuImg>
            <contenuImg CS="0.628" lang="fr" source="ibm">graine</contenuImg>
            <contenuImg CS="0.628" lang="fr" source="ibm">fruit</contenuImg>
            <contenuImg b="114" coul="1" g="132" ordre="6" r="186" source="colorific" type="frg">#ba8472</contenuImg>
            <contenuImg b="67" coul="1" g="73" ordre="5" r="130" source="colorific" type="frg">#824943</contenuImg>
            <contenuImg b="133" coul="1" g="137" ordre="4" r="127" source="colorific" type="frg">#7f8985</contenuImg>
            <contenuImg b="50" coul="1" g="54" ordre="3" r="59" source="colorific" type="frg">#3b3632</contenuImg>
            <contenuImg b="118" coul="1" g="134" ordre="2" r="146" source="colorific" type="frg">#928676</contenuImg>
            <contenuImg b="192" coul="1" g="186" ordre="1" r="168" source="colorific" type="frg">#a8bac0</contenuImg>
            <contenuImg CS="0.861" lang="fr" source="ibm">coquillage,crustacé</contenuImg>
            <contenuImg CS="1.0" lang="fr" source="md">invertébré</contenuImg>
            <contenuImg CS="1.0" lang="fr" source="md">animal</contenuImg>
            <contenuImg CS="1.0" lang="fr" source="md">coquillage,crustacé</contenuImg>
            <contenuImg CS="0.82" lang="fr" source="ibm">moule</contenuImg>
            <contenuImg CS="0.852" lang="fr" source="ibm">bivalve</contenuImg>
            <contenuImg CS="0.861" lang="fr" source="ibm">coquillage</contenuImg>
            <contenuImg CS="0.861" lang="fr" source="ibm">invertébré</contenuImg>
            <contenuImg CS="0.861" lang="fr" source="ibm">animal</contenuImg>
            <contenuImg CS="1" coul="1" lang="fr" source="ibm">noisette (couleur)</contenuImg>
            <contenuImg CS="1" coul="1" lang="en" source="ibm">chestnut color</contenuImg>
            <contenuImg CS="0.5" lang="en" source="ibm">ark shell</contenuImg>
            <contenuImg CS="0.628" lang="en" source="ibm">fruit</contenuImg>
            <contenuImg CS="0.628" lang="en" source="ibm">seed</contenuImg>
            <contenuImg CS="0.628" lang="en" source="ibm">nut</contenuImg>
            <contenuImg CS="0.625" lang="en" source="ibm">pecan</contenuImg>
            <contenuImg CS="0.861" lang="en" source="ibm">animal</contenuImg>
            <contenuImg CS="0.861" lang="en" source="ibm">invertebrate</contenuImg>
            <contenuImg CS="0.861" lang="en" source="ibm">shellfish</contenuImg>
            <contenuImg CS="0.852" lang="en" source="ibm">bivalve (animal with shell)</contenuImg>
            <contenuImg CS="0.82" lang="en" source="ibm">mussel</contenuImg>
            <contenuImg CS="0.808" lang="en" source="ibm">freshwater mussel</contenuImg>
            <tech source="final">estampe/gravure</tech>
            <theme source="final">13</theme>
            <tech CS="1" source="md">estampe/gravure</tech>
            <theme CS="1" source="md">13</theme>
            <contenuImg CS="1.0" lang="en" source="md">shellfish</contenuImg>
            <contenuImg CS="1.0" lang="en" source="md">animal</contenuImg>
            <contenuImg CS="1.0" lang="en" source="md">invertebrate</contenuImg>
            <titraille>Coquilles : peinture / Yoeequa Painter</titraille>
          </ill>
        </ills>
      </page>
      <page ordre="15">
        <blocIll ocr="1">1</blocIll>
        <ills>
          <ill classif="CCibm" couleur="coul" h="4065" n="15-1" taille="10" w="5160" x="1" y="1">
            <contenuImg CS="0.823" lang="fr" source="ibm">timbre</contenuImg>
            <contenuImg CS="0.823" lang="fr" source="ibm">outil</contenuImg>
            <contenuImg CS="0.568" lang="fr" source="ibm">poinçon</contenuImg>
            <contenuImg CS="0.5" lang="fr" source="ibm">galerie d'art</contenuImg>
            <contenuImg CS="0.5" lang="fr" source="ibm">intérieurs</contenuImg>
            <contenuImg CS="0.794" lang="fr" source="ibm">tissu</contenuImg>
            <contenuImg b="118" coul="1" g="132" ordre="7" r="171" source="colorific" type="frg">#ab8476</contenuImg>
            <contenuImg b="79" coul="1" g="88" ordre="6" r="95" source="colorific" type="frg">#5f584f</contenuImg>
            <contenuImg b="49" coul="1" g="50" ordre="5" r="69" source="colorific" type="frg">#453231</contenuImg>
            <contenuImg b="55" coul="1" g="57" ordre="4" r="102" source="colorific" type="frg">#663937</contenuImg>
            <contenuImg b="134" coul="1" g="147" ordre="3" r="159" source="colorific" type="frg">#9f9386</contenuImg>
            <contenuImg b="161" coul="1" g="158" ordre="2" r="143" source="colorific" type="frg">#8f9ea1</contenuImg>
            <contenuImg b="193" coul="1" g="212" ordre="1" r="217" source="colorific" type="frg">#d9d4c1</contenuImg>
            <contenuImg CS="1.0" lang="fr" source="md">invertébré</contenuImg>
            <contenuImg CS="1.0" lang="fr" source="md">animal</contenuImg>
            <contenuImg CS="1.0" lang="fr" source="md">coquillage,crustacé</contenuImg>
            <contenuImg CS="0.803" coul="1" lang="fr" source="ibm">marron</contenuImg>
            <contenuImg CS="0.803" coul="1" lang="en" source="ibm">maroon color</contenuImg>
            <contenuImg CS="0.794" lang="en" source="ibm">fabric</contenuImg>
            <contenuImg CS="0.5" lang="en" source="ibm">indoors</contenuImg>
            <contenuImg CS="0.5" lang="en" source="ibm">art gallery</contenuImg>
            <contenuImg CS="0.568" lang="en" source="ibm">handstamp</contenuImg>
            <contenuImg CS="0.823" lang="en" source="ibm">tool</contenuImg>
            <contenuImg CS="0.823" lang="en" source="ibm">stamp</contenuImg>
            <tech source="final">estampe/gravure</tech>
            <theme source="final">13</theme>
            <tech CS="1" source="md">estampe/gravure</tech>
            <theme CS="1" source="md">13</theme>
            <contenuImg CS="1.0" lang="en" source="md">shellfish</contenuImg>
            <contenuImg CS="1.0" lang="en" source="md">animal</contenuImg>
            <contenuImg CS="1.0" lang="en" source="md">invertebrate</contenuImg>
            <titraille>Coquilles : peinture / Yoeequa Painter</titraille>
          </ill>
        </ills>
      </page>
      <page ordre="16">
        <blocIll ocr="1">1</blocIll>
        <ills>
          <ill classif="CCibm" couleur="coul" h="4046" n="16-1" taille="10" w="5185" x="1" y="1">
            <contenuImg CS="0.719" lang="fr" source="ibm">fruits de mer</contenuImg>
            <contenuImg CS="0.551" lang="fr" source="ibm">égouttoir</contenuImg>
            <contenuImg CS="0.553" lang="fr" source="ibm">grille</contenuImg>
            <contenuImg CS="0.553" lang="fr" source="ibm">structure porteuse</contenuImg>
            <contenuImg CS="0.515" lang="fr" source="ibm">attache</contenuImg>
            <contenuImg CS="0.515" lang="fr" source="ibm">dispositif de contrainte (chaînes)</contenuImg>
            <contenuImg CS="0.553" lang="fr" source="ibm">cadre</contenuImg>
            <contenuImg b="51" coul="1" g="56" ordre="5" r="81" source="colorific" type="frg">#513833</contenuImg>
            <contenuImg b="86" coul="1" g="102" ordre="4" r="145" source="colorific" type="frg">#916656</contenuImg>
            <contenuImg b="141" coul="1" g="153" ordre="3" r="163" source="colorific" type="frg">#a3998d</contenuImg>
            <contenuImg b="159" coul="1" g="154" ordre="2" r="136" source="colorific" type="frg">#889a9f</contenuImg>
            <contenuImg b="193" coul="1" g="212" ordre="1" r="217" source="colorific" type="frg">#d9d4c1</contenuImg>
            <contenuImg CS="0.719" lang="fr" source="ibm">coquillage,crustacé</contenuImg>
            <contenuImg CS="1.0" lang="fr" source="md">invertébré</contenuImg>
            <contenuImg CS="1.0" lang="fr" source="md">animal</contenuImg>
            <contenuImg CS="1.0" lang="fr" source="md">coquillage,crustacé</contenuImg>
            <contenuImg CS="0.712" lang="fr" source="ibm">moule</contenuImg>
            <contenuImg CS="0.713" lang="fr" source="ibm">bivalve</contenuImg>
            <contenuImg CS="0.719" lang="fr" source="ibm">coquillage</contenuImg>
            <contenuImg CS="0.719" lang="fr" source="ibm">invertébré</contenuImg>
            <contenuImg CS="0.719" lang="fr" source="ibm">animal</contenuImg>
            <contenuImg CS="0.5" lang="fr" source="ibm">moule zébrée</contenuImg>
            <contenuImg CS="0.92" coul="1" lang="fr" source="ibm">marron clair</contenuImg>
            <contenuImg CS="0.884" coul="1" lang="fr" source="ibm">cuivre (couleur)</contenuImg>
            <contenuImg CS="0.884" coul="1" lang="en" source="ibm">copper color</contenuImg>
            <contenuImg CS="0.92" coul="1" lang="en" source="ibm">light brown color</contenuImg>
            <contenuImg CS="0.5" lang="en" source="ibm">zebra mussel</contenuImg>
            <contenuImg CS="0.514" lang="en" source="ibm">shell</contenuImg>
            <contenuImg CS="0.515" lang="en" source="ibm">restraint (chains)</contenuImg>
            <contenuImg CS="0.515" lang="en" source="ibm">fastener</contenuImg>
            <contenuImg CS="0.514" lang="en" source="ibm">hair slide</contenuImg>
            <contenuImg CS="0.553" lang="en" source="ibm">supporting structure</contenuImg>
            <contenuImg CS="0.553" lang="en" source="ibm">framework</contenuImg>
            <contenuImg CS="0.553" lang="en" source="ibm">rack</contenuImg>
            <contenuImg CS="0.551" lang="en" source="ibm">plate rack</contenuImg>
            <contenuImg CS="0.719" lang="en" source="ibm">animal</contenuImg>
            <contenuImg CS="0.719" lang="en" source="ibm">invertebrate</contenuImg>
            <contenuImg CS="0.719" lang="en" source="ibm">shellfish</contenuImg>
            <contenuImg CS="0.713" lang="en" source="ibm">bivalve (animal with shell)</contenuImg>
            <contenuImg CS="0.712" lang="en" source="ibm">mussel</contenuImg>
            <contenuImg CS="0.66" lang="en" source="ibm">freshwater mussel</contenuImg>
            <tech source="final">estampe/gravure</tech>
            <theme source="final">13</theme>
            <tech CS="1" source="md">estampe/gravure</tech>
            <theme CS="1" source="md">13</theme>
            <contenuImg CS="1.0" lang="en" source="md">shellfish</contenuImg>
            <contenuImg CS="1.0" lang="en" source="md">animal</contenuImg>
            <contenuImg CS="1.0" lang="en" source="md">invertebrate</contenuImg>
            <titraille>Coquilles : peinture / Yoeequa Painter</titraille>
          </ill>
        </ills>
      </page>
      <page ordre="17">
        <blocIll ocr="1">1</blocIll>
        <ills>
          <ill classif="CCibm" couleur="coul" h="4065" n="17-1" taille="10" w="5160" x="1" y="1">
            <contenuImg CS="0.562" lang="fr" source="ibm">clou</contenuImg>
            <contenuImg CS="0.562" lang="fr" source="ibm">attache</contenuImg>
            <contenuImg CS="0.562" lang="fr" source="ibm">dispositif de contrainte (chaînes)</contenuImg>
            <contenuImg CS="0.554" lang="fr" source="ibm">sangsue</contenuImg>
            <contenuImg CS="0.556" lang="fr" source="ibm">ver</contenuImg>
            <contenuImg CS="0.593" lang="fr" source="ibm">micro-organisme</contenuImg>
            <contenuImg CS="0.5" lang="fr" source="ibm">moustique (larve)</contenuImg>
            <contenuImg b="74" coul="1" g="85" ordre="7" r="107" source="colorific" type="frg">#6b554a</contenuImg>
            <contenuImg b="81" coul="1" g="95" ordre="6" r="153" source="colorific" type="frg">#995f51</contenuImg>
            <contenuImg b="50" coul="1" g="52" ordre="5" r="98" source="colorific" type="frg">#623432</contenuImg>
            <contenuImg b="159" coul="1" g="165" ordre="4" r="162" source="colorific" type="frg">#a2a59f</contenuImg>
            <contenuImg b="118" coul="1" g="133" ordre="3" r="161" source="colorific" type="frg">#a18576</contenuImg>
            <contenuImg b="173" coul="1" g="166" ordre="2" r="149" source="colorific" type="frg">#95a6ad</contenuImg>
            <contenuImg b="193" coul="1" g="212" ordre="1" r="217" source="colorific" type="frg">#d9d4c1</contenuImg>
            <contenuImg CS="1.0" lang="fr" source="md">invertébré</contenuImg>
            <contenuImg CS="1.0" lang="fr" source="md">animal</contenuImg>
            <contenuImg CS="1.0" lang="fr" source="md">coquillage,crustacé</contenuImg>
            <contenuImg CS="0.556" lang="fr" source="ibm">vers</contenuImg>
            <contenuImg CS="0.633" lang="fr" source="ibm">invertébré</contenuImg>
            <contenuImg CS="0.678" lang="fr" source="ibm">animal</contenuImg>
            <contenuImg CS="0.529" lang="fr" source="ibm">punaise</contenuImg>
            <contenuImg CS="0.529" lang="fr" source="ibm">insecte</contenuImg>
            <contenuImg CS="0.5" lang="fr" source="ibm">larve</contenuImg>
            <contenuImg CS="0.593" lang="fr" source="ibm">microorganisme</contenuImg>
            <contenuImg CS="0.802" coul="1" lang="fr" source="ibm">rose (couleur)</contenuImg>
            <contenuImg CS="0.802" coul="1" lang="en" source="ibm">pink color</contenuImg>
            <contenuImg CS="0.593" lang="en" source="ibm">microorganism</contenuImg>
            <contenuImg CS="0.5" lang="en" source="ibm">larva</contenuImg>
            <contenuImg CS="0.5" lang="en" source="ibm">wiggler (mosquito larva)</contenuImg>
            <contenuImg CS="0.529" lang="en" source="ibm">insect</contenuImg>
            <contenuImg CS="0.529" lang="en" source="ibm">bedbug</contenuImg>
            <contenuImg CS="0.678" lang="en" source="ibm">animal</contenuImg>
            <contenuImg CS="0.633" lang="en" source="ibm">invertebrate</contenuImg>
            <contenuImg CS="0.556" lang="en" source="ibm">worm</contenuImg>
            <contenuImg CS="0.554" lang="en" source="ibm">leech</contenuImg>
            <contenuImg CS="0.562" lang="en" source="ibm">restraint (chains)</contenuImg>
            <contenuImg CS="0.562" lang="en" source="ibm">fastener</contenuImg>
            <contenuImg CS="0.562" lang="en" source="ibm">nail</contenuImg>
            <contenuImg CS="0.56" lang="en" source="ibm">tack</contenuImg>
            <contenuImg CS="0.567" lang="en" source="ibm">shell</contenuImg>
            <tech source="final">estampe/gravure</tech>
            <theme source="final">13</theme>
            <tech CS="1" source="md">estampe/gravure</tech>
            <theme CS="1" source="md">13</theme>
            <contenuImg CS="1.0" lang="en" source="md">shellfish</contenuImg>
            <contenuImg CS="1.0" lang="en" source="md">animal</contenuImg>
            <contenuImg CS="1.0" lang="en" source="md">invertebrate</contenuImg>
            <titraille>Coquilles : peinture / Yoeequa Painter</titraille>
          </ill>
        </ills>
      </page>
      <page ordre="18">
        <blocIll ocr="1">1</blocIll>
        <ills>
          <ill classif="CCibm" couleur="coul" h="4046" n="18-1" taille="10" w="5185" x="1" y="1">
            <contenuImg CS="0.736" lang="fr" source="ibm">fruits de mer</contenuImg>
            <contenuImg CS="0.656" lang="fr" source="ibm">incubateur</contenuImg>
            <contenuImg CS="0.782" lang="fr" source="ibm">appareil</contenuImg>
            <contenuImg CS="0.5" lang="fr" source="ibm">pendule</contenuImg>
            <contenuImg CS="0.601" lang="fr" source="ibm">équipement</contenuImg>
            <contenuImg CS="0.597" lang="fr" source="ibm">manette</contenuImg>
            <contenuImg b="58" coul="1" g="65" ordre="7" r="70" source="colorific" type="frg">#46413a</contenuImg>
            <contenuImg b="63" coul="1" g="73" ordre="6" r="118" source="colorific" type="frg">#76493f</contenuImg>
            <contenuImg b="184" coul="1" g="188" ordre="5" r="180" source="colorific" type="frg">#b4bcb8</contenuImg>
            <contenuImg b="102" coul="1" g="124" ordre="4" r="167" source="colorific" type="frg">#a77c66</contenuImg>
            <contenuImg b="83" coul="1" g="100" ordre="3" r="106" source="colorific" type="frg">#6a6453</contenuImg>
            <contenuImg b="188" coul="1" g="179" ordre="2" r="158" source="colorific" type="frg">#9eb3bc</contenuImg>
            <contenuImg b="179" coul="1" g="198" ordre="1" r="204" source="colorific" type="frg">#ccc6b3</contenuImg>
            <contenuImg CS="0.736" lang="fr" source="ibm">coquillage,crustacé</contenuImg>
            <contenuImg CS="1.0" lang="fr" source="md">invertébré</contenuImg>
            <contenuImg CS="1.0" lang="fr" source="md">animal</contenuImg>
            <contenuImg CS="1.0" lang="fr" source="md">coquillage,crustacé</contenuImg>
            <contenuImg CS="0.735" lang="fr" source="ibm">moule</contenuImg>
            <contenuImg CS="0.736" lang="fr" source="ibm">bivalve</contenuImg>
            <contenuImg CS="0.736" lang="fr" source="ibm">coquillage</contenuImg>
            <contenuImg CS="0.736" lang="fr" source="ibm">invertébré</contenuImg>
            <contenuImg CS="0.736" lang="fr" source="ibm">animal</contenuImg>
            <contenuImg CS="0.932" coul="1" lang="fr" source="ibm">ivoire (couleur)</contenuImg>
            <contenuImg CS="0.623" coul="1" lang="fr" source="ibm">cuivre (couleur)</contenuImg>
            <contenuImg CS="0.623" coul="1" lang="en" source="ibm">copper color</contenuImg>
            <contenuImg CS="0.932" coul="1" lang="en" source="ibm">ivory color</contenuImg>
            <contenuImg CS="0.597" lang="en" source="ibm">controller</contenuImg>
            <contenuImg CS="0.601" lang="en" source="ibm">equipment</contenuImg>
            <contenuImg CS="0.5" lang="en" source="ibm">pendulum</contenuImg>
            <contenuImg CS="0.782" lang="en" source="ibm">apparatus</contenuImg>
            <contenuImg CS="0.656" lang="en" source="ibm">incubator</contenuImg>
            <contenuImg CS="0.736" lang="en" source="ibm">animal</contenuImg>
            <contenuImg CS="0.736" lang="en" source="ibm">invertebrate</contenuImg>
            <contenuImg CS="0.736" lang="en" source="ibm">shellfish</contenuImg>
            <contenuImg CS="0.736" lang="en" source="ibm">bivalve (animal with shell)</contenuImg>
            <contenuImg CS="0.735" lang="en" source="ibm">mussel</contenuImg>
            <contenuImg CS="0.735" lang="en" source="ibm">freshwater mussel</contenuImg>
            <tech source="final">estampe/gravure</tech>
            <theme source="final">13</theme>
            <tech CS="1" source="md">estampe/gravure</tech>
            <theme CS="1" source="md">13</theme>
            <contenuImg CS="1.0" lang="en" source="md">shellfish</contenuImg>
            <contenuImg CS="1.0" lang="en" source="md">animal</contenuImg>
            <contenuImg CS="1.0" lang="en" source="md">invertebrate</contenuImg>
            <titraille>Coquilles : peinture / Yoeequa Painter</titraille>
          </ill>
        </ills>
      </page>
      <page ordre="19">
        <blocIll ocr="1">0</blocIll>
        <ills/>
      </page>
      <page ordre="20">
        <blocIll ocr="1">0</blocIll>
        <ills/>
      </page>
    </pages>
  </contenus>
</analyseAlto>