<analyseAlto>
  <metad>
    <type>I</type>
    <ID>btv1b10548844h</ID>
    <titre>Coquilles : peinture / Yoeequa Painter</titre>
    <dateEdition>1830-1840</dateEdition>
    <auteur>Yoeequa (18..?-18..). Peintre Lagrené, Marie-Melchior-Joseph-Théodore de (1800-1862). Collecteur</auteur>
    <lang>0</lang>
    <source>Bibliothèque nationale de France, département Estampes et photographie, RESERVE PET FOL-OE-164 (D)</source>
    <nbPage>20</nbPage>
    <descr>Coquillages -- Chine</descr>
  </metad>
  <contenus ocr="false" toc="false">
    <largeur>236</largeur>
    <hauteur>168</hauteur>
    <largeurPx>5582</largeurPx>
    <hauteurPx>3992</hauteurPx>
    <pages>
      <page ordre="3">
        <blocIll ocr="1">0</blocIll>
        <ills/>
      </page>
      <page ordre="4">
        <blocIll ocr="1">0</blocIll>
        <ills/>
      </page>
      <page ordre="5">
        <blocIll ocr="1">1</blocIll>
        <ills>
          <ill classif="CCibm" couleur="coul" edit="true" h="4024" n="5-1" taille="10" w="5223" x="1" y="1">
            <contenuImg CS="0.804" lang="fr" source="ibm">fruits de mer</contenuImg>
            <contenuImg b="110" coul="1" g="124" ordre="9" r="128" source="colorific" type="frg">#807c6e</contenuImg>
            <contenuImg b="117" coul="1" g="135" ordre="8" r="162" source="colorific" type="frg">#a28775</contenuImg>
            <contenuImg b="184" coul="1" g="186" ordre="7" r="179" source="colorific" type="frg">#b3bab8</contenuImg>
            <contenuImg b="57" coul="1" g="64" ordre="6" r="73" source="colorific" type="frg">#494039</contenuImg>
            <contenuImg b="176" coul="1" g="184" ordre="5" r="208" source="colorific" type="frg">#d0b8b0</contenuImg>
            <contenuImg b="64" coul="1" g="73" ordre="4" r="120" source="colorific" type="frg">#784940</contenuImg>
            <contenuImg b="108" coul="1" g="126" ordre="3" r="186" source="colorific" type="frg">#ba7e6c</contenuImg>
            <contenuImg b="172" coul="1" g="161" ordre="2" r="142" source="colorific" type="frg">#8ea1ac</contenuImg>
            <contenuImg b="186" coul="1" g="202" ordre="1" r="207" source="colorific" type="frg">#cfcaba</contenuImg>
            <contenuImg CS="1" coul="1" lang="fr" source="hm" time="2019-03-14T08:11:56.157+01:00">rose</contenuImg>
            <contenuImg CS="0.804" lang="fr" source="ibm">coquillage,crustacé</contenuImg>
            <contenuImg CS="1.0" lang="fr" source="md">invertébré</contenuImg>
            <contenuImg CS="1.0" lang="fr" source="md">animal</contenuImg>
            <contenuImg CS="1.0" lang="fr" source="md">coquillage,crustacé</contenuImg>
            <contenuImg CS="0.665" lang="fr" source="ibm">moule</contenuImg>
            <contenuImg CS="0.797" lang="fr" source="ibm">bivalve</contenuImg>
            <contenuImg CS="0.804" lang="fr" source="ibm">coquillage</contenuImg>
            <contenuImg CS="0.804" lang="fr" source="ibm">invertébré</contenuImg>
            <contenuImg CS="0.804" lang="fr" source="ibm">animal</contenuImg>
            <contenuImg CS="0.514" lang="fr" source="ibm">moule zébrée</contenuImg>
            <contenuImg CS="0.511" lang="fr" source="ibm">coque</contenuImg>
            <contenuImg CS="0.915" lang="fr" source="ibm">brun rougeâtre</contenuImg>
            <contenuImg CS="0.876" coul="1" lang="fr" source="ibm">noisette (couleur)</contenuImg>
            <contenuImg CS="0.876" coul="1" lang="en" source="ibm">chestnut color</contenuImg>
            <contenuImg CS="0.915" coul="1" lang="en" source="ibm">reddish brown color</contenuImg>
            <contenuImg CS="0.5" lang="en" source="ibm">ark shell</contenuImg>
            <contenuImg CS="0.511" lang="en" source="ibm">edible cockle</contenuImg>
            <contenuImg CS="0.514" lang="en" source="ibm">zebra mussel</contenuImg>
            <contenuImg CS="0.804" lang="en" source="ibm">animal</contenuImg>
            <contenuImg CS="0.804" lang="en" source="ibm">invertebrate</contenuImg>
            <contenuImg CS="0.804" lang="en" source="ibm">shellfish</contenuImg>
            <contenuImg CS="0.797" lang="en" source="ibm">bivalve (animal with shell)</contenuImg>
            <contenuImg CS="0.665" lang="en" source="ibm">mussel</contenuImg>
            <contenuImg CS="0.541" lang="en" source="ibm">freshwater mussel</contenuImg>
            <contenuImg CS="0.669" lang="en" source="ibm">shell</contenuImg>
            <tech source="final">estampe/gravure</tech>
            <theme source="final">13</theme>
            <tech CS="1" source="md">estampe/gravure</tech>
            <theme CS="1" source="md">13</theme>
            <contenuImg CS="1.0" lang="en" source="md">shellfish</contenuImg>
            <contenuImg CS="1.0" lang="en" source="md">animal</contenuImg>
            <contenuImg CS="1.0" lang="en" source="md">invertebrate</contenuImg>
            <titraille>Coquilles : peinture / Yoeequa Painter</titraille>
            <contenuImg CS="1" coul="1" lang="en" source="hm" time="2019-03-14T08:11:56.157+01:00">pink color</contenuImg>
          </ill>
        </ills>
      </page>
      <page ordre="6">
        <blocIll ocr="1">1</blocIll>
        <ills>
          <ill classif="CCibm" couleur="coul" h="4025" n="6-1" taille="10" w="5219" x="1" y="1">
            <contenuImg CS="0.961" lang="fr" source="ibm">fruits de mer</contenuImg>
            <contenuImg b="75" coul="1" g="83" ordre="6" r="105" source="colorific" type="frg">#69534b</contenuImg>
            <contenuImg b="183" coul="1" g="186" ordre="5" r="178" source="colorific" type="frg">#b2bab7</contenuImg>
            <contenuImg b="48" coul="1" g="50" ordre="4" r="58" source="colorific" type="frg">#3a3230</contenuImg>
            <contenuImg b="109" coul="1" g="122" ordre="3" r="136" source="colorific" type="frg">#887a6d</contenuImg>
            <contenuImg b="161" coul="1" g="150" ordre="2" r="127" source="colorific" type="frg">#7f96a1</contenuImg>
            <contenuImg b="192" coul="1" g="211" ordre="1" r="216" source="colorific" type="frg">#d8d3c0</contenuImg>
            <contenuImg CS="0.961" lang="fr" source="ibm">coquillage,crustacé</contenuImg>
            <contenuImg CS="1.0" lang="fr" source="md">invertébré</contenuImg>
            <contenuImg CS="1.0" lang="fr" source="md">animal</contenuImg>
            <contenuImg CS="1.0" lang="fr" source="md">coquillage,crustacé</contenuImg>
            <contenuImg CS="0.961" lang="fr" source="ibm">moule</contenuImg>
            <contenuImg CS="0.961" lang="fr" source="ibm">bivalve</contenuImg>
            <contenuImg CS="0.961" lang="fr" source="ibm">coquillage</contenuImg>
            <contenuImg CS="0.961" lang="fr" source="ibm">invertébré</contenuImg>
            <contenuImg CS="0.961" lang="fr" source="ibm">animal</contenuImg>
            <contenuImg CS="0.814" coul="1" lang="fr" source="ibm">noisette (couleur)</contenuImg>
            <contenuImg CS="0.566" coul="1" lang="fr" source="ibm">marron clair</contenuImg>
            <contenuImg CS="0.566" coul="1" lang="en" source="ibm">light brown color</contenuImg>
            <contenuImg CS="0.814" coul="1" lang="en" source="ibm">chestnut color</contenuImg>
            <contenuImg CS="0.961" lang="en" source="ibm">animal</contenuImg>
            <contenuImg CS="0.961" lang="en" source="ibm">invertebrate</contenuImg>
            <contenuImg CS="0.961" lang="en" source="ibm">shellfish</contenuImg>
            <contenuImg CS="0.961" lang="en" source="ibm">bivalve (animal with shell)</contenuImg>
            <contenuImg CS="0.961" lang="en" source="ibm">mussel</contenuImg>
            <contenuImg CS="0.959" lang="en" source="ibm">freshwater mussel</contenuImg>
            <tech source="final">estampe/gravure</tech>
            <theme source="final">13</theme>
            <tech CS="1" source="md">estampe/gravure</tech>
            <theme CS="1" source="md">13</theme>
            <contenuImg CS="1.0" lang="en" source="md">shellfish</contenuImg>
            <contenuImg CS="1.0" lang="en" source="md">animal</contenuImg>
            <contenuImg CS="1.0" lang="en" source="md">invertebrate</contenuImg>
            <titraille>Coquilles : peinture / Yoeequa Painter</titraille>
          </ill>
        </ills>
      </page>
      <page ordre="7">
        <blocIll ocr="1">1</blocIll>
        <ills>
          <ill classif="CCibm" couleur="coul" h="4042" n="7-1" taille="10" w="5196" x="1" y="1">
            <contenuImg CS="0.863" lang="fr" source="ibm">fruits de mer</contenuImg>
            <contenuImg CS="0.615" coul="1" lang="fr" source="ibm">vert olive</contenuImg>
            <contenuImg b="129" coul="1" g="144" ordre="6" r="182" source="colorific" type="frg">#b69081</contenuImg>
            <contenuImg b="53" coul="1" g="61" ordre="5" r="70" source="colorific" type="frg">#463d35</contenuImg>
            <contenuImg b="76" coul="1" g="100" ordre="4" r="100" source="colorific" type="frg">#64644c</contenuImg>
            <contenuImg b="79" coul="1" g="89" ordre="3" r="141" source="colorific" type="frg">#8d594f</contenuImg>
            <contenuImg b="135" coul="1" g="148" ordre="2" r="157" source="colorific" type="frg">#9d9487</contenuImg>
            <contenuImg b="177" coul="1" g="173" ordre="1" r="156" source="colorific" type="frg">#9cadb1</contenuImg>
            <contenuImg CS="0.863" lang="fr" source="ibm">coquillage,crustacé</contenuImg>
            <contenuImg CS="1.0" lang="fr" source="md">invertébré</contenuImg>
            <contenuImg CS="1.0" lang="fr" source="md">animal</contenuImg>
            <contenuImg CS="1.0" lang="fr" source="md">coquillage,crustacé</contenuImg>
            <contenuImg CS="0.785" lang="fr" source="ibm">moule</contenuImg>
            <contenuImg CS="0.856" lang="fr" source="ibm">bivalve</contenuImg>
            <contenuImg CS="0.863" lang="fr" source="ibm">coquillage</contenuImg>
            <contenuImg CS="0.863" lang="fr" source="ibm">invertébré</contenuImg>
            <contenuImg CS="0.863" lang="fr" source="ibm">animal</contenuImg>
            <contenuImg CS="0.515" lang="fr" source="ibm">moule zébrée</contenuImg>
            <contenuImg CS="0.5" lang="fr" source="ibm">coquille Saint-Jacques</contenuImg>
            <contenuImg CS="0.806" coul="1" lang="fr" source="ibm">cuivre (couleur)</contenuImg>
            <contenuImg CS="0.615" coul="1" lang="fr" source="ibm">couleur vert olive</contenuImg>
            <txt source="google">"BR - ta - ",</txt>
            <contenuImg CS="0.615" coul="1" lang="en" source="ibm">olive green color</contenuImg>
            <contenuImg CS="0.806" coul="1" lang="en" source="ibm">copper color</contenuImg>
            <contenuImg CS="0.5" lang="en" source="ibm">scallop shell</contenuImg>
            <contenuImg CS="0.506" lang="en" source="ibm">shell</contenuImg>
            <contenuImg CS="0.515" lang="en" source="ibm">zebra mussel</contenuImg>
            <contenuImg CS="0.584" lang="en" source="ibm">ark shell</contenuImg>
            <contenuImg CS="0.863" lang="en" source="ibm">animal</contenuImg>
            <contenuImg CS="0.863" lang="en" source="ibm">invertebrate</contenuImg>
            <contenuImg CS="0.863" lang="en" source="ibm">shellfish</contenuImg>
            <contenuImg CS="0.856" lang="en" source="ibm">bivalve (animal with shell)</contenuImg>
            <contenuImg CS="0.785" lang="en" source="ibm">mussel</contenuImg>
            <contenuImg CS="0.715" lang="en" source="ibm">freshwater mussel</contenuImg>
            <tech source="final">estampe/gravure</tech>
            <theme source="final">13</theme>
            <tech CS="1" source="md">estampe/gravure</tech>
            <theme CS="1" source="md">13</theme>
            <contenuImg CS="1.0" lang="en" source="md">shellfish</contenuImg>
            <contenuImg CS="1.0" lang="en" source="md">animal</contenuImg>
            <contenuImg CS="1.0" lang="en" source="md">invertebrate</contenuImg>
            <titraille>Coquilles : peinture / Yoeequa Painter</titraille>
          </ill>
        </ills>
      </page>
      <page ordre="8">
        <blocIll ocr="1">1</blocIll>
        <ills>
          <ill classif="CCibm" couleur="coul" h="4025" n="8-1" taille="10" w="5219" x="1" y="1">
            <contenuImg CS="0.634" lang="fr" source="ibm">fruits de mer</contenuImg>
            <contenuImg CS="0.5" lang="fr" source="ibm">dé à coudre</contenuImg>
            <contenuImg CS="0.5" lang="fr" source="ibm">casquette</contenuImg>
            <contenuImg CS="0.5" lang="fr" source="ibm">revêtement de protection</contenuImg>
            <contenuImg b="156" coul="1" g="171" ordre="7" r="200" source="colorific" type="frg">#c8ab9c</contenuImg>
            <contenuImg b="150" coul="1" g="160" ordre="6" r="208" source="colorific" type="frg">#d0a096</contenuImg>
            <contenuImg b="94" coul="1" g="105" ordre="5" r="178" source="colorific" type="frg">#b2695e</contenuImg>
            <contenuImg b="98" coul="1" g="120" ordre="4" r="124" source="colorific" type="frg">#7c7862</contenuImg>
            <contenuImg b="75" coul="1" g="83" ordre="3" r="106" source="colorific" type="frg">#6a534b</contenuImg>
            <contenuImg b="54" coul="1" g="62" ordre="2" r="65" source="colorific" type="frg">#413e36</contenuImg>
            <contenuImg b="166" coul="1" g="156" ordre="1" r="139" source="colorific" type="frg">#8b9ca6</contenuImg>
            <contenuImg CS="0.634" lang="fr" source="ibm">coquillage,crustacé</contenuImg>
            <contenuImg CS="1.0" lang="fr" source="md">invertébré</contenuImg>
            <contenuImg CS="1.0" lang="fr" source="md">animal</contenuImg>
            <contenuImg CS="1.0" lang="fr" source="md">coquillage,crustacé</contenuImg>
            <contenuImg CS="0.631" lang="fr" source="ibm">gastropode</contenuImg>
            <contenuImg CS="0.634" lang="fr" source="ibm">coquillage</contenuImg>
            <contenuImg CS="0.634" lang="fr" source="ibm">invertébré</contenuImg>
            <contenuImg CS="0.634" lang="fr" source="ibm">animal</contenuImg>
            <contenuImg CS="1" coul="1" lang="fr" source="ibm">noisette (couleur)</contenuImg>
            <txt source="google">"BABA - 6. - ",</txt>
            <contenuImg CS="1" coul="1" lang="en" source="ibm">chestnut color</contenuImg>
            <contenuImg CS="0.5" lang="en" source="ibm">protective covering</contenuImg>
            <contenuImg CS="0.5" lang="en" source="ibm">cap</contenuImg>
            <contenuImg CS="0.5" lang="en" source="ibm">thimble</contenuImg>
            <contenuImg CS="0.634" lang="en" source="ibm">animal</contenuImg>
            <contenuImg CS="0.634" lang="en" source="ibm">invertebrate</contenuImg>
            <contenuImg CS="0.634" lang="en" source="ibm">shellfish</contenuImg>
            <contenuImg CS="0.631" lang="en" source="ibm">gastropod (animal with a shell)</contenuImg>
            <contenuImg CS="0.631" lang="en" source="ibm">money cowrie (animal with shell)</contenuImg>
            <contenuImg CS="0.908" lang="en" source="ibm">shell</contenuImg>
            <tech source="final">estampe/gravure</tech>
            <theme source="final">13</theme>
            <tech CS="1" source="md">estampe/gravure</tech>
            <theme CS="1" source="md">13</theme>
            <contenuImg CS="1.0" lang="en" source="md">shellfish</contenuImg>
            <contenuImg CS="1.0" lang="en" source="md">animal</contenuImg>
            <contenuImg CS="1.0" lang="en" source="md">invertebrate</contenuImg>
            <titraille>Coquilles : peinture / Yoeequa Painter</titraille>
          </ill>
        </ills>
      </page>
      <page ordre="9">
        <blocIll ocr="1">1</blocIll>
        <ills>
          <ill classif="CCibm" couleur="coul" h="4042" n="9-1" taille="10" w="5187" x="1" y="1">
            <contenuImg CS="0.846" lang="fr" source="ibm">fruits de mer</contenuImg>
            <contenuImg b="50" coul="1" g="53" ordre="8" r="74" source="colorific" type="frg">#4a3532</contenuImg>
            <contenuImg b="72" coul="1" g="82" ordre="7" r="97" source="colorific" type="frg">#615248</contenuImg>
            <contenuImg b="63" coul="1" g="68" ordre="6" r="114" source="colorific" type="frg">#72443f</contenuImg>
            <contenuImg b="120" coul="1" g="126" ordre="5" r="122" source="colorific" type="frg">#7a7e78</contenuImg>
            <contenuImg b="128" coul="1" g="152" ordre="4" r="194" source="colorific" type="frg">#c29880</contenuImg>
            <contenuImg b="115" coul="1" g="130" ordre="3" r="145" source="colorific" type="frg">#918273</contenuImg>
            <contenuImg b="126" coul="1" g="172" ordre="2" r="197" source="colorific" type="frg">#c5ac7e</contenuImg>
            <contenuImg b="173" coul="1" g="169" ordre="1" r="151" source="colorific" type="frg">#97a9ad</contenuImg>
            <contenuImg CS="0.846" lang="fr" source="ibm">coquillage,crustacé</contenuImg>
            <contenuImg CS="1.0" lang="fr" source="md">invertébré</contenuImg>
            <contenuImg CS="1.0" lang="fr" source="md">animal</contenuImg>
            <contenuImg CS="1.0" lang="fr" source="md">coquillage,crustacé</contenuImg>
            <contenuImg CS="0.717" lang="fr" source="ibm">gastropode</contenuImg>
            <contenuImg CS="0.846" lang="fr" source="ibm">coquillage</contenuImg>
            <contenuImg CS="0.846" lang="fr" source="ibm">invertébré</contenuImg>
            <contenuImg CS="0.846" lang="fr" source="ibm">animal</contenuImg>
            <contenuImg CS="0.531" lang="fr" source="ibm">bivalve</contenuImg>
            <contenuImg CS="0.8" coul="1" lang="fr" source="ibm">beige</contenuImg>
            <contenuImg CS="0.742" coul="1" lang="fr" source="ibm">noisette (couleur)</contenuImg>
            <contenuImg CS="0.742" coul="1" lang="en" source="ibm">chestnut color</contenuImg>
            <contenuImg CS="0.8" coul="1" lang="en" source="ibm">beige color</contenuImg>
            <contenuImg CS="0.5" lang="en" source="ibm">shell</contenuImg>
            <contenuImg CS="0.531" lang="en" source="ibm">bivalve (animal with shell)</contenuImg>
            <contenuImg CS="0.529" lang="en" source="ibm">ark shell</contenuImg>
            <contenuImg CS="0.846" lang="en" source="ibm">animal</contenuImg>
            <contenuImg CS="0.846" lang="en" source="ibm">invertebrate</contenuImg>
            <contenuImg CS="0.846" lang="en" source="ibm">shellfish</contenuImg>
            <contenuImg CS="0.717" lang="en" source="ibm">gastropod (animal with a shell)</contenuImg>
            <contenuImg CS="0.717" lang="en" source="ibm">money cowrie (animal with shell)</contenuImg>
            <tech source="final">estampe/gravure</tech>
            <theme source="final">13</theme>
            <tech CS="1" source="md">estampe/gravure</tech>
            <theme CS="1" source="md">13</theme>
            <contenuImg CS="1.0" lang="en" source="md">shellfish</contenuImg>
            <contenuImg CS="1.0" lang="en" source="md">animal</contenuImg>
            <contenuImg CS="1.0" lang="en" source="md">invertebrate</contenuImg>
            <titraille>Coquilles : peinture / Yoeequa Painter</titraille>
          </ill>
        </ills>
      </page>
      <page ordre="10">
        <blocIll ocr="1">1</blocIll>
        <ills>
          <ill classif="CCibm" couleur="coul" h="4025" n="10-1" taille="10" w="5168" x="1" y="1">
            <contenuImg CS="0.774" lang="fr" source="ibm">fruits de mer</contenuImg>
            <contenuImg CS="0.508" lang="fr" source="ibm">graine</contenuImg>
            <contenuImg CS="0.508" lang="fr" source="ibm">fruit</contenuImg>
            <contenuImg CS="0.505" lang="fr" source="ibm">galerie d'art</contenuImg>
            <contenuImg CS="0.505" lang="fr" source="ibm">intérieurs</contenuImg>
            <contenuImg b="81" coul="1" g="97" ordre="8" r="111" source="colorific" type="frg">#6f6151</contenuImg>
            <contenuImg b="69" coul="1" g="92" ordre="7" r="90" source="colorific" type="frg">#5a5c45</contenuImg>
            <contenuImg b="51" coul="1" g="55" ordre="6" r="70" source="colorific" type="frg">#463733</contenuImg>
            <contenuImg b="89" coul="1" g="109" ordre="5" r="151" source="colorific" type="frg">#976d59</contenuImg>
            <contenuImg b="70" coul="1" g="78" ordre="4" r="128" source="colorific" type="frg">#804e46</contenuImg>
            <contenuImg b="135" coul="1" g="147" ordre="3" r="154" source="colorific" type="frg">#9a9387</contenuImg>
            <contenuImg b="165" coul="1" g="159" ordre="2" r="140" source="colorific" type="frg">#8c9fa5</contenuImg>
            <contenuImg b="193" coul="1" g="212" ordre="1" r="217" source="colorific" type="frg">#d9d4c1</contenuImg>
            <contenuImg CS="0.774" lang="fr" source="ibm">coquillage,crustacé</contenuImg>
            <contenuImg CS="1.0" lang="fr" source="md">invertébré</contenuImg>
            <contenuImg CS="1.0" lang="fr" source="md">animal</contenuImg>
            <contenuImg CS="1.0" lang="fr" source="md">coquillage,crustacé</contenuImg>
            <contenuImg CS="0.749" lang="fr" source="ibm">moule</contenuImg>
            <contenuImg CS="0.753" lang="fr" source="ibm">bivalve</contenuImg>
            <contenuImg CS="0.774" lang="fr" source="ibm">coquillage</contenuImg>
            <contenuImg CS="0.774" lang="fr" source="ibm">invertébré</contenuImg>
            <contenuImg CS="0.774" lang="fr" source="ibm">animal</contenuImg>
            <contenuImg CS="0.5" lang="fr" source="ibm">moule zébrée</contenuImg>
            <contenuImg CS="0.848" coul="1" lang="fr" source="ibm">cuivre (couleur)</contenuImg>
            <contenuImg CS="0.848" coul="1" lang="en" source="ibm">copper color</contenuImg>
            <contenuImg CS="0.5" lang="en" source="ibm">zebra mussel</contenuImg>
            <contenuImg CS="0.505" lang="en" source="ibm">indoors</contenuImg>
            <contenuImg CS="0.505" lang="en" source="ibm">art gallery</contenuImg>
            <contenuImg CS="0.508" lang="en" source="ibm">fruit</contenuImg>
            <contenuImg CS="0.508" lang="en" source="ibm">seed</contenuImg>
            <contenuImg CS="0.507" lang="en" source="ibm">nut</contenuImg>
            <contenuImg CS="0.506" lang="en" source="ibm">pistachio</contenuImg>
            <contenuImg CS="0.527" lang="en" source="ibm">shell</contenuImg>
            <contenuImg CS="0.774" lang="en" source="ibm">animal</contenuImg>
            <contenuImg CS="0.774" lang="en" source="ibm">invertebrate</contenuImg>
            <contenuImg CS="0.774" lang="en" source="ibm">shellfish</contenuImg>
            <contenuImg CS="0.753" lang="en" source="ibm">bivalve (animal with shell)</contenuImg>
            <contenuImg CS="0.749" lang="en" source="ibm">mussel</contenuImg>
            <contenuImg CS="0.677" lang="en" source="ibm">freshwater mussel</contenuImg>
            <tech source="final">estampe/gravure</tech>
            <theme source="final">13</theme>
            <tech CS="1" source="md">estampe/gravure</tech>
            <theme CS="1" source="md">13</theme>
            <contenuImg CS="1.0" lang="en" source="md">shellfish</contenuImg>
            <contenuImg CS="1.0" lang="en" source="md">animal</contenuImg>
            <contenuImg CS="1.0" lang="en" source="md">invertebrate</contenuImg>
            <titraille>Coquilles : peinture / Yoeequa Painter</titraille>
          </ill>
        </ills>
      </page>
      <page ordre="11">
        <blocIll ocr="1">1</blocIll>
        <ills>
          <ill classif="CCibm" couleur="coul" h="4042" n="11-1" taille="10" w="5187" x="1" y="1">
            <contenuImg CS="0.805" lang="fr" source="ibm">fruits de mer</contenuImg>
            <contenuImg CS="0.786" lang="fr" source="ibm">graine</contenuImg>
            <contenuImg b="46" coul="1" g="46" ordre="7" r="55" source="colorific" type="frg">#372e2e</contenuImg>
            <contenuImg b="85" coul="1" g="104" ordre="6" r="162" source="colorific" type="frg">#a26855</contenuImg>
            <contenuImg b="115" coul="1" g="145" ordre="5" r="194" source="colorific" type="frg">#c29173</contenuImg>
            <contenuImg b="65" coul="1" g="69" ordre="4" r="100" source="colorific" type="frg">#644541</contenuImg>
            <contenuImg b="133" coul="1" g="148" ordre="3" r="163" source="colorific" type="frg">#a39485</contenuImg>
            <contenuImg b="174" coul="1" g="169" ordre="2" r="153" source="colorific" type="frg">#99a9ae</contenuImg>
            <contenuImg b="192" coul="1" g="211" ordre="1" r="216" source="colorific" type="frg">#d8d3c0</contenuImg>
            <contenuImg CS="0.805" lang="fr" source="ibm">coquillage,crustacé</contenuImg>
            <contenuImg CS="1.0" lang="fr" source="md">invertébré</contenuImg>
            <contenuImg CS="1.0" lang="fr" source="md">animal</contenuImg>
            <contenuImg CS="1.0" lang="fr" source="md">coquillage,crustacé</contenuImg>
            <contenuImg CS="0.795" lang="fr" source="ibm">moule</contenuImg>
            <contenuImg CS="0.798" lang="fr" source="ibm">bivalve</contenuImg>
            <contenuImg CS="0.805" lang="fr" source="ibm">coquillage</contenuImg>
            <contenuImg CS="0.805" lang="fr" source="ibm">invertébré</contenuImg>
            <contenuImg CS="0.805" lang="fr" source="ibm">animal</contenuImg>
            <contenuImg CS="0.5" lang="fr" source="ibm">moule zébrée</contenuImg>
            <contenuImg CS="0.981" coul="1" lang="fr" source="ibm">noisette (couleur)</contenuImg>
            <contenuImg CS="0.981" coul="1" lang="en" source="ibm">chestnut color</contenuImg>
            <contenuImg CS="0.786" lang="en" source="ibm">seed</contenuImg>
            <contenuImg CS="0.5" lang="en" source="ibm">zebra mussel</contenuImg>
            <contenuImg CS="0.805" lang="en" source="ibm">animal</contenuImg>
            <contenuImg CS="0.805" lang="en" source="ibm">invertebrate</contenuImg>
            <contenuImg CS="0.805" lang="en" source="ibm">shellfish</contenuImg>
            <contenuImg CS="0.798" lang="en" source="ibm">bivalve (animal with shell)</contenuImg>
            <contenuImg CS="0.795" lang="en" source="ibm">mussel</contenuImg>
            <contenuImg CS="0.668" lang="en" source="ibm">freshwater mussel</contenuImg>
            <contenuImg CS="0.733" lang="en" source="ibm">shell</contenuImg>
            <tech source="final">estampe/gravure</tech>
            <theme source="final">13</theme>
            <tech CS="1" source="md">estampe/gravure</tech>
            <theme CS="1" source="md">13</theme>
            <contenuImg CS="1.0" lang="en" source="md">shellfish</contenuImg>
            <contenuImg CS="1.0" lang="en" source="md">animal</contenuImg>
            <contenuImg CS="1.0" lang="en" source="md">invertebrate</contenuImg>
            <titraille>Coquilles : peinture / Yoeequa Painter</titraille>
          </ill>
        </ills>
      </page>
      <page ordre="12">
        <blocIll ocr="1">1</blocIll>
        <ills>
          <ill classif="CCibm" couleur="coul" h="4025" n="12-1" taille="10" w="5168" x="1" y="1">
            <contenuImg CS="0.82" lang="fr" source="ibm">fruits de mer</contenuImg>
            <contenuImg CS="0.604" lang="fr" source="ibm">caisse américaine (cadre)</contenuImg>
            <contenuImg CS="0.605" lang="fr" source="ibm">boîte</contenuImg>
            <contenuImg CS="0.5" lang="fr" source="ibm">support papier (timbres/monnaie)</contenuImg>
            <contenuImg CS="0.501" lang="fr" source="ibm">document écrit</contenuImg>
            <contenuImg CS="0.798" lang="fr" source="ibm">graine</contenuImg>
            <contenuImg b="49" coul="1" g="56" ordre="10" r="78" source="colorific" type="frg">#4e3831</contenuImg>
            <contenuImg b="136" coul="1" g="144" ordre="9" r="136" source="colorific" type="frg">#889088</contenuImg>
            <contenuImg b="58" coul="1" g="72" ordre="8" r="83" source="colorific" type="frg">#53483a</contenuImg>
            <contenuImg b="132" coul="1" g="163" ordre="7" r="202" source="colorific" type="frg">#caa384</contenuImg>
            <contenuImg b="71" coul="1" g="98" ordre="6" r="97" source="colorific" type="frg">#616247</contenuImg>
            <contenuImg b="99" coul="1" g="126" ordre="5" r="183" source="colorific" type="frg">#b77e63</contenuImg>
            <contenuImg b="132" coul="1" g="148" ordre="4" r="159" source="colorific" type="frg">#9f9484</contenuImg>
            <contenuImg b="61" coul="1" g="73" ordre="3" r="120" source="colorific" type="frg">#78493d</contenuImg>
            <contenuImg b="172" coul="1" g="166" ordre="2" r="147" source="colorific" type="frg">#93a6ac</contenuImg>
            <contenuImg b="193" coul="1" g="212" ordre="1" r="217" source="colorific" type="frg">#d9d4c1</contenuImg>
            <contenuImg CS="0.82" lang="fr" source="ibm">coquillage,crustacé</contenuImg>
            <contenuImg CS="1.0" lang="fr" source="md">invertébré</contenuImg>
            <contenuImg CS="1.0" lang="fr" source="md">animal</contenuImg>
            <contenuImg CS="1.0" lang="fr" source="md">coquillage,crustacé</contenuImg>
            <contenuImg CS="0.815" lang="fr" source="ibm">moule</contenuImg>
            <contenuImg CS="0.815" lang="fr" source="ibm">bivalve</contenuImg>
            <contenuImg CS="0.82" lang="fr" source="ibm">coquillage</contenuImg>
            <contenuImg CS="0.82" lang="fr" source="ibm">invertébré</contenuImg>
            <contenuImg CS="0.82" lang="fr" source="ibm">animal</contenuImg>
            <contenuImg CS="1" coul="1" lang="fr" source="ibm">noisette (couleur)</contenuImg>
            <contenuImg CS="1" coul="1" lang="en" source="ibm">chestnut color</contenuImg>
            <contenuImg CS="0.798" lang="en" source="ibm">seed</contenuImg>
            <contenuImg CS="0.501" lang="en" source="ibm">written document</contenuImg>
            <contenuImg CS="0.5" lang="en" source="ibm">paper based (stamps/currency)</contenuImg>
            <contenuImg CS="0.605" lang="en" source="ibm">box</contenuImg>
            <contenuImg CS="0.604" lang="en" source="ibm">shadow box</contenuImg>
            <contenuImg CS="0.82" lang="en" source="ibm">animal</contenuImg>
            <contenuImg CS="0.82" lang="en" source="ibm">invertebrate</contenuImg>
            <contenuImg CS="0.82" lang="en" source="ibm">shellfish</contenuImg>
            <contenuImg CS="0.815" lang="en" source="ibm">bivalve (animal with shell)</contenuImg>
            <contenuImg CS="0.815" lang="en" source="ibm">mussel</contenuImg>
            <contenuImg CS="0.812" lang="en" source="ibm">freshwater mussel</contenuImg>
            <tech source="final">estampe/gravure</tech>
            <theme source="final">13</theme>
            <tech CS="1" source="md">estampe/gravure</tech>
            <theme CS="1" source="md">13</theme>
            <contenuImg CS="1.0" lang="en" source="md">shellfish</contenuImg>
            <contenuImg CS="1.0" lang="en" source="md">animal</contenuImg>
            <contenuImg CS="1.0" lang="en" source="md">invertebrate</contenuImg>
            <titraille>Coquilles : peinture / Yoeequa Painter</titraille>
          </ill>
        </ills>
      </page>
      <page ordre="13">
        <blocIll ocr="1">1</blocIll>
        <ills>
          <ill classif="CCibm" couleur="coul" h="4042" n="13-1" taille="10" w="5187" x="1" y="1">
            <contenuImg CS="0.793" lang="fr" source="ibm">poignée</contenuImg>
            <contenuImg CS="0.505" lang="fr" source="ibm">plaque de porte</contenuImg>
            <contenuImg CS="0.5" lang="fr" source="ibm">quincaillerie</contenuImg>
            <contenuImg b="61" coul="1" g="76" ordre="6" r="111" source="colorific" type="frg">#6f4c3d</contenuImg>
            <contenuImg b="59" coul="1" g="71" ordre="5" r="75" source="colorific" type="frg">#4b473b</contenuImg>
            <contenuImg b="103" coul="1" g="127" ordre="4" r="166" source="colorific" type="frg">#a67f67</contenuImg>
            <contenuImg b="133" coul="1" g="143" ordre="3" r="142" source="colorific" type="frg">#8e8f85</contenuImg>
            <contenuImg b="162" coul="1" g="155" ordre="2" r="137" source="colorific" type="frg">#899ba2</contenuImg>
            <contenuImg b="184" coul="1" g="203" ordre="1" r="208" source="colorific" type="frg">#d0cbb8</contenuImg>
            <contenuImg CS="1.0" lang="fr" source="md">invertébré</contenuImg>
            <contenuImg CS="1.0" lang="fr" source="md">animal</contenuImg>
            <contenuImg CS="1.0" lang="fr" source="md">coquillage,crustacé</contenuImg>
            <contenuImg CS="0.666" coul="1" lang="fr" source="ibm">cuivre (couleur)</contenuImg>
            <contenuImg CS="0.576" coul="1" lang="fr" source="ibm">marron clair</contenuImg>
            <contenuImg CS="0.576" coul="1" lang="en" source="ibm">light brown color</contenuImg>
            <contenuImg CS="0.666" coul="1" lang="en" source="ibm">copper color</contenuImg>
            <contenuImg CS="0.5" lang="en" source="ibm">ironmongery</contenuImg>
            <contenuImg CS="0.505" lang="en" source="ibm">doorplate</contenuImg>
            <contenuImg CS="0.793" lang="en" source="ibm">pull (handle)</contenuImg>
            <tech source="final">estampe/gravure</tech>
            <theme source="final">13</theme>
            <tech CS="1" source="md">estampe/gravure</tech>
            <theme CS="1" source="md">13</theme>
            <contenuImg CS="1.0" lang="en" source="md">shellfish</contenuImg>
            <contenuImg CS="1.0" lang="en" source="md">animal</contenuImg>
            <contenuImg CS="1.0" lang="en" source="md">invertebrate</contenuImg>
            <titraille>Coquilles : peinture / Yoeequa Painter</titraille>
          </ill>
        </ills>
      </page>
      <page ordre="14">
        <blocIll ocr="1">1</blocIll>
        <ills>
          <ill classif="CCibm" couleur="coul" h="4025" n="14-1" taille="10" w="5168" x="1" y="1">
            <contenuImg CS="0.893" lang="fr" source="ibm">fruits de mer</contenuImg>
            <contenuImg b="75" coul="1" g="92" ordre="6" r="130" source="colorific" type="frg">#825c4b</contenuImg>
            <contenuImg b="133" coul="1" g="164" ordre="5" r="196" source="colorific" type="frg">#c4a485</contenuImg>
            <contenuImg b="60" coul="1" g="71" ordre="4" r="82" source="colorific" type="frg">#52473c</contenuImg>
            <contenuImg b="124" coul="1" g="137" ordre="3" r="146" source="colorific" type="frg">#92897c</contenuImg>
            <contenuImg b="162" coul="1" g="153" ordre="2" r="135" source="colorific" type="frg">#8799a2</contenuImg>
            <contenuImg b="187" coul="1" g="207" ordre="1" r="212" source="colorific" type="frg">#d4cfbb</contenuImg>
            <contenuImg CS="0.893" lang="fr" source="ibm">coquillage,crustacé</contenuImg>
            <contenuImg CS="1.0" lang="fr" source="md">invertébré</contenuImg>
            <contenuImg CS="1.0" lang="fr" source="md">animal</contenuImg>
            <contenuImg CS="1.0" lang="fr" source="md">coquillage,crustacé</contenuImg>
            <contenuImg CS="0.821" lang="fr" source="ibm">moule</contenuImg>
            <contenuImg CS="0.891" lang="fr" source="ibm">bivalve</contenuImg>
            <contenuImg CS="0.893" lang="fr" source="ibm">coquillage</contenuImg>
            <contenuImg CS="0.893" lang="fr" source="ibm">invertébré</contenuImg>
            <contenuImg CS="0.893" lang="fr" source="ibm">animal</contenuImg>
            <contenuImg CS="0.817" coul="1" lang="fr" source="ibm">albâtre</contenuImg>
            <contenuImg CS="0.775" coul="1" lang="fr" source="ibm">marron clair</contenuImg>
            <contenuImg CS="0.775" coul="1" lang="en" source="ibm">light brown color</contenuImg>
            <contenuImg CS="0.817" coul="1" lang="en" source="ibm">alabaster color</contenuImg>
            <contenuImg CS="0.5" lang="en" source="ibm">shell</contenuImg>
            <contenuImg CS="0.605" lang="en" source="ibm">ark shell</contenuImg>
            <contenuImg CS="0.893" lang="en" source="ibm">animal</contenuImg>
            <contenuImg CS="0.893" lang="en" source="ibm">invertebrate</contenuImg>
            <contenuImg CS="0.893" lang="en" source="ibm">shellfish</contenuImg>
            <contenuImg CS="0.891" lang="en" source="ibm">bivalve (animal with shell)</contenuImg>
            <contenuImg CS="0.821" lang="en" source="ibm">mussel</contenuImg>
            <contenuImg CS="0.815" lang="en" source="ibm">freshwater mussel</contenuImg>
            <tech source="final">estampe/gravure</tech>
            <theme source="final">13</theme>
            <tech CS="1" source="md">estampe/gravure</tech>
            <theme CS="1" source="md">13</theme>
            <contenuImg CS="1.0" lang="en" source="md">shellfish</contenuImg>
            <contenuImg CS="1.0" lang="en" source="md">animal</contenuImg>
            <contenuImg CS="1.0" lang="en" source="md">invertebrate</contenuImg>
            <titraille>Coquilles : peinture / Yoeequa Painter</titraille>
          </ill>
        </ills>
      </page>
      <page ordre="15">
        <blocIll ocr="1">1</blocIll>
        <ills>
          <ill classif="CCibm" couleur="coul" h="4042" n="15-1" taille="10" w="5187" x="1" y="1">
            <contenuImg CS="0.949" lang="fr" source="ibm">fruits de mer</contenuImg>
            <contenuImg CS="0.651" lang="fr" source="ibm">base-ball</contenuImg>
            <contenuImg CS="0.653" lang="fr" source="ibm">équipement de baseball</contenuImg>
            <contenuImg b="147" coul="1" g="151" ordre="5" r="144" source="colorific" type="frg">#909793</contenuImg>
            <contenuImg b="134" coul="1" g="168" ordre="4" r="211" source="colorific" type="frg">#d3a886</contenuImg>
            <contenuImg b="62" coul="1" g="71" ordre="3" r="96" source="colorific" type="frg">#60473e</contenuImg>
            <contenuImg b="181" coul="1" g="173" ordre="2" r="151" source="colorific" type="frg">#97adb5</contenuImg>
            <contenuImg b="137" coul="1" g="151" ordre="1" r="162" source="colorific" type="frg">#a29789</contenuImg>
            <contenuImg CS="0.949" lang="fr" source="ibm">coquillage,crustacé</contenuImg>
            <contenuImg CS="1.0" lang="fr" source="md">invertébré</contenuImg>
            <contenuImg CS="1.0" lang="fr" source="md">animal</contenuImg>
            <contenuImg CS="1.0" lang="fr" source="md">coquillage,crustacé</contenuImg>
            <contenuImg CS="0.798" lang="fr" source="ibm">bivalve</contenuImg>
            <contenuImg CS="0.949" lang="fr" source="ibm">coquillage</contenuImg>
            <contenuImg CS="0.949" lang="fr" source="ibm">invertébré</contenuImg>
            <contenuImg CS="0.949" lang="fr" source="ibm">animal</contenuImg>
            <contenuImg CS="0.843" lang="fr" source="ibm">gastropode</contenuImg>
            <contenuImg CS="0.906" coul="1" lang="fr" source="ibm">marron clair</contenuImg>
            <contenuImg CS="0.584" coul="1" lang="fr" source="ibm">ivoire (couleur)</contenuImg>
            <contenuImg CS="0.584" coul="1" lang="en" source="ibm">ivory color</contenuImg>
            <contenuImg CS="0.906" coul="1" lang="en" source="ibm">light brown color</contenuImg>
            <contenuImg CS="0.5" lang="en" source="ibm">cowrie (animal with shell)</contenuImg>
            <contenuImg CS="0.653" lang="en" source="ibm">baseball equipment</contenuImg>
            <contenuImg CS="0.651" lang="en" source="ibm">baseball</contenuImg>
            <contenuImg CS="0.843" lang="en" source="ibm">gastropod (animal with a shell)</contenuImg>
            <contenuImg CS="0.773" lang="en" source="ibm">money cowrie (animal with shell)</contenuImg>
            <contenuImg CS="0.949" lang="en" source="ibm">animal</contenuImg>
            <contenuImg CS="0.949" lang="en" source="ibm">invertebrate</contenuImg>
            <contenuImg CS="0.949" lang="en" source="ibm">shellfish</contenuImg>
            <contenuImg CS="0.798" lang="en" source="ibm">bivalve (animal with shell)</contenuImg>
            <contenuImg CS="0.797" lang="en" source="ibm">ark shell</contenuImg>
            <tech source="final">estampe/gravure</tech>
            <theme source="final">13</theme>
            <tech CS="1" source="md">estampe/gravure</tech>
            <theme CS="1" source="md">13</theme>
            <contenuImg CS="1.0" lang="en" source="md">shellfish</contenuImg>
            <contenuImg CS="1.0" lang="en" source="md">animal</contenuImg>
            <contenuImg CS="1.0" lang="en" source="md">invertebrate</contenuImg>
            <titraille>Coquilles : peinture / Yoeequa Painter</titraille>
          </ill>
        </ills>
      </page>
      <page ordre="16">
        <blocIll ocr="1">1</blocIll>
        <ills>
          <ill classif="CCibm" couleur="coul" h="4025" n="16-1" taille="10" w="5168" x="1" y="1">
            <contenuImg CS="0.853" lang="fr" source="ibm">fruits de mer</contenuImg>
            <contenuImg CS="0.791" lang="fr" source="ibm">graine</contenuImg>
            <contenuImg b="65" coul="1" g="72" ordre="4" r="91" source="colorific" type="frg">#5b4841</contenuImg>
            <contenuImg b="118" coul="1" g="134" ordre="3" r="154" source="colorific" type="frg">#9a8676</contenuImg>
            <contenuImg b="177" coul="1" g="171" ordre="2" r="155" source="colorific" type="frg">#9babb1</contenuImg>
            <contenuImg b="181" coul="1" g="200" ordre="1" r="207" source="colorific" type="frg">#cfc8b5</contenuImg>
            <contenuImg CS="0.853" lang="fr" source="ibm">coquillage,crustacé</contenuImg>
            <contenuImg CS="1.0" lang="fr" source="md">invertébré</contenuImg>
            <contenuImg CS="1.0" lang="fr" source="md">animal</contenuImg>
            <contenuImg CS="1.0" lang="fr" source="md">coquillage,crustacé</contenuImg>
            <contenuImg CS="0.675" lang="fr" source="ibm">moule</contenuImg>
            <contenuImg CS="0.848" lang="fr" source="ibm">bivalve</contenuImg>
            <contenuImg CS="0.853" lang="fr" source="ibm">coquillage</contenuImg>
            <contenuImg CS="0.853" lang="fr" source="ibm">invertébré</contenuImg>
            <contenuImg CS="0.853" lang="fr" source="ibm">animal</contenuImg>
            <contenuImg CS="0.902" coul="1" lang="fr" source="ibm">marron clair</contenuImg>
            <contenuImg CS="0.65" coul="1" lang="fr" source="ibm">noisette (couleur)</contenuImg>
            <contenuImg CS="0.65" coul="1" lang="en" source="ibm">chestnut color</contenuImg>
            <contenuImg CS="0.902" coul="1" lang="en" source="ibm">light brown color</contenuImg>
            <contenuImg CS="0.791" lang="en" source="ibm">seed</contenuImg>
            <contenuImg CS="0.5" lang="en" source="ibm">shell</contenuImg>
            <contenuImg CS="0.559" lang="en" source="ibm">ark shell</contenuImg>
            <contenuImg CS="0.853" lang="en" source="ibm">animal</contenuImg>
            <contenuImg CS="0.853" lang="en" source="ibm">invertebrate</contenuImg>
            <contenuImg CS="0.853" lang="en" source="ibm">shellfish</contenuImg>
            <contenuImg CS="0.848" lang="en" source="ibm">bivalve (animal with shell)</contenuImg>
            <contenuImg CS="0.675" lang="en" source="ibm">mussel</contenuImg>
            <contenuImg CS="0.663" lang="en" source="ibm">freshwater mussel</contenuImg>
            <tech source="final">estampe/gravure</tech>
            <theme source="final">13</theme>
            <tech CS="1" source="md">estampe/gravure</tech>
            <theme CS="1" source="md">13</theme>
            <contenuImg CS="1.0" lang="en" source="md">shellfish</contenuImg>
            <contenuImg CS="1.0" lang="en" source="md">animal</contenuImg>
            <contenuImg CS="1.0" lang="en" source="md">invertebrate</contenuImg>
            <titraille>Coquilles : peinture / Yoeequa Painter</titraille>
          </ill>
        </ills>
      </page>
      <page ordre="17">
        <blocIll ocr="1">0</blocIll>
        <ills/>
      </page>
      <page ordre="18">
        <blocIll ocr="1">0</blocIll>
        <ills/>
      </page>
    </pages>
  </contenus>
</analyseAlto>