<?xml version="1.0" encoding="UTF-8"?>
<analyseAlto>
  <metad>
    <type>PA</type>
    <ID>bpt6k385518t</ID>
    <titre>Les Poilus ! Chanson de route, paroles de Emile Clavel, musique de M. Prestat</titre>
    <dateEdition>1915</dateEdition>
    <nbPage>6</nbPage>
  </metad>
  <contenus ocr="false" toc="false">
    <largeur>136</largeur>
    <hauteur>175</hauteur>
    <pages>
      <page ordre="1">
        <blocIllustration>1</blocIllustration>
        <ills>
          <ill classif="CC" couleur="coul" h="4141" id="1-1" n="1-1" taille="6" w="3228" x="1" y="1">
            <genre CS="0.42" source="TensorFlow">dessin</genre>
            <contenuImg CS="0.63">maroon color</contenuImg>
            <contenuImg CS="0.815">pale yellow color</contenuImg>
            <contenuImg CS="0.53">breviary (book)</contenuImg>
            <contenuImg CS="0.54">Pinot blanc</contenuImg>
            <contenuImg CS="0.584">California wine</contenuImg>
            <contenuImg CS="0.79">food</contenuImg>
            <contenuImg CS="0.79">beverage</contenuImg>
            <contenuImg CS="0.79">wine</contenuImg>
            <contenuImg CS="0.712">white wine</contenuImg>
            <contenuImg CS="0.625">Montrachet</contenuImg>
            <theme CS="0.95">01</theme>
            <titraille>Les Poilus ! Chanson de route, paroles de Emile Clavel, musique de M. Prestat</titraille>
          </ill>
        </ills>
      </page>
    </pages>
  </contenus>
</analyseAlto>
