<?xml version="1.0" encoding="UTF-8"?>
<analyseAlto>
  <metad>
    <type>PA</type>
    <ID>bpt6k385833j</ID>
    <titre>France ! / musique de Xavier Mercier ; Paroles de W. Chapman</titre>
    <dateEdition>1914</dateEdition>
    <nbPage>4</nbPage>
  </metad>
  <contenus ocr="false" toc="false">
    <largeur>130</largeur>
    <hauteur>174</hauteur>
    <pages>
      <page ordre="1">
        <blocIllustration>1</blocIllustration>
        <ills>
          <ill classif="CC" couleur="gris" h="4112" id="1-1" n="1-1" taille="5" w="3090" x="1" y="1">
            <genre CS="0.31" source="TensorFlow">dessin</genre>
            <contenuImg CS="0.712">charcoal color</contenuImg>
            <contenuImg CS="0.723">olive green color</contenuImg>
            <contenuImg CS="0.53">musical instrument</contenuImg>
            <contenuImg CS="0.53">cymbal</contenuImg>
            <contenuImg CS="0.584">sleeve</contenuImg>
            <contenuImg CS="0.584">record sleeve</contenuImg>
            <contenuImg CS="0.611">circle</contenuImg>
            <contenuImg CS="0.611">phonograph recording disk</contenuImg>
            <contenuImg CS="0.611">CD-ROM</contenuImg>
            <contenuImg CS="0.892">device</contenuImg>
            <contenuImg CS="0.789">memory device</contenuImg>
            <contenuImg CS="0.661">LP</contenuImg>
            <theme CS="0.95">01</theme>
            <titraille>France ! / musique de Xavier Mercier ; Paroles de W. Chapman</titraille>
          </ill>
        </ills>
      </page>
    </pages>
  </contenus>
</analyseAlto>
