<?xml version="1.0" encoding="UTF-8"?>
<analyseAlto>
  <metad>
    <type>PA</type>
    <ID>bpt6k385575r</ID>
    <titre>Le Tango de Guillaume 2. Chanson satirique..., paroles de Robert Rameaux, musique de E. Jaquinot</titre>
    <dateEdition>1915</dateEdition>
    <nbPage>6</nbPage>
  </metad>
  <contenus ocr="false" toc="false">
    <largeur>133</largeur>
    <hauteur>170</hauteur>
    <pages>
      <page ordre="1">
        <blocIllustration>1</blocIllustration>
        <ills>
          <ill classif="CC DF" couleur="gris" h="4028" id="1-1" n="1-1" taille="5" w="3153" x="1" y="1">
            <genre CS="0.55" source="TensorFlow">gravure</genre>
            <contenuImg CS="0.738">olive green color</contenuImg>
            <contenuImg CS="0.919">gray color</contenuImg>
            <contenuImg CS="0.53">screen</contenuImg>
            <contenuImg CS="0.53">camouflage</contenuImg>
            <contenuImg CS="0.647">people</contenuImg>
            <contenuImg CS="0.793">person</contenuImg>
            <contenuImg CS="0.713">magazine</contenuImg>
            <contenuImg CS="0.706">pulp magazine</contenuImg>
            <theme CS="0.95">01</theme>
            <titraille>Le Tango de Guillaume 2. Chanson satirique..., paroles de Robert Rameaux, musique de E. Jaquinot</titraille>
          </ill>
        </ills>
      </page>
    </pages>
  </contenus>
</analyseAlto>
