<?xml version="1.0" encoding="UTF-8"?>
<analyseAlto>
  <metad>
    <type>PA</type>
    <ID>bpt6k385043d</ID>
    <titre>A mon Papa, dans les tranchées ! Paroles de M. Mounier, musique de L. Burais</titre>
    <dateEdition>1916</dateEdition>
    <nbPage>4</nbPage>
  </metad>
  <contenus ocr="false" toc="false">
    <largeur>135</largeur>
    <hauteur>173</hauteur>
    <pages>
      <page ordre="2">
        <blocIllustration>1</blocIllustration>
        <ills>
          <ill classif="CC" couleur="gris" filtre="1" h="4090" id="2-1" n="2-1" taille="6" w="3150" x="1" y="1">
            <genre CS="0.99" source="TensorFlow">filtretxt</genre>
            <contenuImg CS="0.713">orange color</contenuImg>
            <contenuImg CS="0.902">gray color</contenuImg>
            <contenuImg CS="0.677">device</contenuImg>
            <contenuImg CS="0.677">electronic device</contenuImg>
            <contenuImg CS="0.676">video display</contenuImg>
            <contenuImg CS="0.676">window</contenuImg>
            <contenuImg CS="0.53">dialog box</contenuImg>
            <contenuImg CS="0.911">written document</contenuImg>
            <theme CS="0.95">01</theme>
            <titraille>A mon Papa, dans les tranchées ! Paroles de M. Mounier, musique de L. Burais</titraille>
          </ill>
        </ills>
      </page>
    </pages>
  </contenus>
</analyseAlto>
