<?xml version="1.0" encoding="UTF-8"?>
<analyseAlto>
  <metad>
    <type>PA</type>
    <ID>bpt6k385860f</ID>
    <titre>La Revanche ! Chant de guerre, paroles et musique de Eugène d’ Arvisenet</titre>
    <dateEdition>1915</dateEdition>
    <nbPage>6</nbPage>
  </metad>
  <contenus ocr="false" toc="false">
    <largeur>133</largeur>
    <hauteur>174</hauteur>
    <pages>
      <page ordre="1">
        <blocIllustration>1</blocIllustration>
        <ills>
          <ill classif="CC" couleur="gris" filtre="1" h="4112" id="1-1" n="1-1" taille="6" w="3159" x="1" y="1">
            <genre CS="0.50" source="TensorFlow">filtretxt</genre>
            <contenuImg CS="0.953">gray color</contenuImg>
            <contenuImg CS="0.532">device</contenuImg>
            <contenuImg CS="0.53">machine</contenuImg>
            <contenuImg CS="0.53">computer</contenuImg>
            <contenuImg CS="0.53">chat room</contenuImg>
            <contenuImg CS="0.952">lines</contenuImg>
            <theme CS="0.95">01</theme>
            <titraille>La Revanche ! Chant de guerre, paroles et musique de Eugène d’ Arvisenet</titraille>
          </ill>
        </ills>
      </page>
    </pages>
  </contenus>
</analyseAlto>
