<?xml version="1.0" encoding="UTF-8"?>
<analyseAlto>
  <metad>
    <type>PA</type>
    <ID>bpt6k383382s</ID>
    <titre>Hymne à la France. Paroles de Paul Déroulède, musique de Fernand Jouteux</titre>
    <dateEdition>1919</dateEdition>
    <nbPage>10</nbPage>
  </metad>
  <contenus ocr="false" toc="false">
    <largeur>133</largeur>
    <hauteur>171</hauteur>
    <pages>
      <page ordre="1">
        <blocIllustration>1</blocIllustration>
        <ills>
          <ill classif="CC" couleur="gris" h="4043" id="1-1" n="1-1" taille="5" w="3156" x="1" y="1">
            <genre CS="0.81" source="TensorFlow">dessin</genre>
            <contenuImg CS="0.944">coal black color</contenuImg>
            <contenuImg CS="0.53">study</contenuImg>
            <contenuImg CS="0.592">medium</contenuImg>
            <contenuImg CS="0.592">newspaper</contenuImg>
            <contenuImg CS="0.549">gazette</contenuImg>
            <contenuImg CS="0.629">pen-and-ink</contenuImg>
            <contenuImg CS="0.848">wrapping</contenuImg>
            <contenuImg CS="0.848">book jacket</contenuImg>
            <theme CS="0.95">01</theme>
            <titraille>Hymne à la France. Paroles de Paul Déroulède, musique de Fernand Jouteux</titraille>
          </ill>
        </ills>
      </page>
    </pages>
  </contenus>
</analyseAlto>
