<?xml version="1.0" encoding="UTF-8"?>
<analyseAlto>
  <metad>
    <type>PA</type>
    <ID>bpt6k3853152</ID>
    <titre>Patrie et liberté ! Hymne-marche (pour chant et piano), L.-V. Paris</titre>
    <dateEdition>1915</dateEdition>
    <nbPage>4</nbPage>
  </metad>
  <contenus ocr="false" toc="false">
    <largeur>133</largeur>
    <hauteur>173</hauteur>
    <pages>
      <page ordre="2">
        <blocIllustration>1</blocIllustration>
        <ills>
          <ill classif="CC" couleur="gris" filtre="1" h="4104" id="2-1" n="2-1" taille="5" w="3105" x="1" y="1">
            <genre CS="0.99" source="TensorFlow">filtretxt</genre>
            <contenuImg CS="0.993">gray color</contenuImg>
            <contenuImg CS="0.982">written document</contenuImg>
            <theme CS="0.95">01</theme>
            <titraille>Patrie et liberté ! Hymne-marche (pour chant et piano), L.-V. Paris</titraille>
          </ill>
        </ills>
      </page>
    </pages>
  </contenus>
</analyseAlto>
