<?xml version="1.0" encoding="UTF-8"?>
<analyseAlto>
  <metad>
    <type>PA</type>
    <ID>bpt6k385714x</ID>
    <titre>Hymne national bulgare. Choumi Maritza</titre>
    <dateEdition>1915</dateEdition>
    <nbPage>6</nbPage>
  </metad>
  <contenus ocr="false" toc="false">
    <largeur>134</largeur>
    <hauteur>175</hauteur>
    <pages>
      <page ordre="1">
        <blocIllustration>1</blocIllustration>
        <ills>
          <ill classif="CC DF" couleur="coul" h="4152" id="1-1" n="1-1" taille="6" w="3181" x="1" y="1">
            <genre CS="0.48" source="TensorFlow">dessin</genre>
            <contenuImg CS="0.599">maroon color</contenuImg>
            <contenuImg CS="0.788">gray color</contenuImg>
            <contenuImg CS="0.53">medium</contenuImg>
            <contenuImg CS="0.53">newspaper</contenuImg>
            <contenuImg CS="0.531">sleeve</contenuImg>
            <contenuImg CS="0.531">record sleeve</contenuImg>
            <contenuImg CS="0.551">magazine</contenuImg>
            <contenuImg CS="0.567">person</contenuImg>
            <contenuImg CS="0.566">paper based (stamps/currency)</contenuImg>
            <contenuImg CS="0.727">wrapping</contenuImg>
            <contenuImg CS="0.727">book jacket</contenuImg>
            <theme CS="0.95">01</theme>
            <titraille>Hymne national bulgare. Choumi Maritza</titraille>
          </ill>
        </ills>
      </page>
    </pages>
  </contenus>
</analyseAlto>
