<?xml version="1.0" encoding="UTF-8"?>
<analyseAlto>
  <metad>
    <type>PA</type>
    <ID>bpt6k384276x</ID>
    <titre>Tombes délaissées ! Paroles de J. L., musique de G. Nortier</titre>
    <dateEdition>1917</dateEdition>
    <nbPage>8</nbPage>
  </metad>
  <contenus ocr="false" toc="false">
    <largeur>132</largeur>
    <hauteur>173</hauteur>
    <pages>
      <page ordre="1">
        <blocIllustration>1</blocIllustration>
        <ills>
          <ill classif="CC" couleur="gris" h="4091" id="1-1" n="1-1" taille="5" w="3123" x="1" y="1">
            <genre CS="0.58" source="TensorFlow">dessin</genre>
            <contenuImg CS="1.0">gray color</contenuImg>
            <contenuImg CS="0.967">study</contenuImg>
            <theme CS="0.95">01</theme>
            <titraille>Tombes délaissées ! Paroles de J. L., musique de G. Nortier</titraille>
          </ill>
        </ills>
      </page>
    </pages>
  </contenus>
</analyseAlto>
