<?xml version="1.0" encoding="UTF-8"?>
<analyseAlto>
  <metad>
    <type>PA</type>
    <ID>bpt6k385773m</ID>
    <titre>Marche de l’union sacrée, paroles et musique de L. Dollinet</titre>
    <dateEdition>1915</dateEdition>
    <nbPage>6</nbPage>
  </metad>
  <contenus ocr="false" toc="false">
    <largeur>133</largeur>
    <hauteur>175</hauteur>
    <pages>
      <page ordre="2">
        <blocIllustration>1</blocIllustration>
        <ills>
          <ill classif="CC" couleur="gris" filtre="1" h="4091" id="2-1" n="2-1" taille="6" w="3126" x="1" y="1">
            <genre CS="0.99" source="TensorFlow">filtretxt</genre>
            <contenuImg CS="0.953">gray color</contenuImg>
            <contenuImg CS="0.788">device</contenuImg>
            <contenuImg CS="0.788">electronic device</contenuImg>
            <contenuImg CS="0.788">video display</contenuImg>
            <contenuImg CS="0.788">window</contenuImg>
            <contenuImg CS="0.666">dialog box</contenuImg>
            <contenuImg CS="0.842">written document</contenuImg>
            <theme CS="0.95">01</theme>
            <titraille>Marche de l’union sacrée, paroles et musique de L. Dollinet</titraille>
          </ill>
        </ills>
      </page>
    </pages>
  </contenus>
</analyseAlto>
