<?xml version="1.0" encoding="UTF-8"?>
<analyseAlto>
  <metad>
    <type>PA</type>
    <ID>bpt6k384353d</ID>
    <titre>Chant des trains sanitaires. Paroles de A. Nauge, musique de Raoul Lesens</titre>
    <dateEdition>1917</dateEdition>
    <nbPage>4</nbPage>
  </metad>
  <contenus ocr="false" toc="false">
    <largeur>131</largeur>
    <hauteur>172</hauteur>
    <pages>
      <page ordre="1">
        <blocIllustration>1</blocIllustration>
        <ills>
          <ill classif="CC" couleur="gris" filtre="1" h="4066" id="1-1" n="1-1" taille="5" w="3102" x="1" y="1">
            <genre CS="0.71" source="TensorFlow">filtretxt</genre>
            <contenuImg CS="0.989">gray color</contenuImg>
            <contenuImg CS="0.53">dialog box</contenuImg>
            <contenuImg CS="0.755">device</contenuImg>
            <contenuImg CS="0.754">electronic device</contenuImg>
            <contenuImg CS="0.754">video display</contenuImg>
            <contenuImg CS="0.754">window</contenuImg>
            <contenuImg CS="0.863">written document</contenuImg>
            <theme CS="0.95">01</theme>
            <titraille>Chant des trains sanitaires. Paroles de A. Nauge, musique de Raoul Lesens</titraille>
          </ill>
        </ills>
      </page>
    </pages>
  </contenus>
</analyseAlto>
