<?xml version="1.0" encoding="UTF-8"?>
<analyseAlto>
  <metad>
    <type>PA</type>
    <ID>bpt6k384716d</ID>
    <titre>Le Rêve du petit bleu. Paroles et musique de Prosper Mortou</titre>
    <dateEdition>1916</dateEdition>
    <nbPage>6</nbPage>
  </metad>
  <contenus ocr="false" toc="false">
    <largeur>135</largeur>
    <hauteur>173</hauteur>
    <pages>
      <page ordre="1">
        <blocIllustration>1</blocIllustration>
        <ills>
          <ill classif="CC" couleur="gris" filtre="1" h="4110" id="1-1" n="1-1" taille="6" w="3204" x="1" y="1">
            <genre CS="0.30" source="TensorFlow">filtretxt</genre>
            <contenuImg CS="0.572">pale yellow color</contenuImg>
            <contenuImg CS="0.53">Chablis</contenuImg>
            <contenuImg CS="0.562">Burgundy</contenuImg>
            <contenuImg CS="0.643">Rhone wine</contenuImg>
            <contenuImg CS="0.908">food</contenuImg>
            <contenuImg CS="0.908">beverage</contenuImg>
            <contenuImg CS="0.908">wine</contenuImg>
            <contenuImg CS="0.846">white wine</contenuImg>
            <contenuImg CS="0.771">Montrachet</contenuImg>
            <theme CS="0.95">01</theme>
            <titraille>Le Rêve du petit bleu. Paroles et musique de Prosper Mortou</titraille>
          </ill>
        </ills>
      </page>
    </pages>
  </contenus>
</analyseAlto>
