<?xml version="1.0" encoding="UTF-8"?>
<analyseAlto>
  <metad>
    <type>PA</type>
    <ID>bpt6k384969w</ID>
    <titre>Le doux Pays de France ! Paroles de André Sciama, musique de Albert Vernaelde</titre>
    <dateEdition>1916</dateEdition>
    <nbPage>6</nbPage>
  </metad>
  <contenus ocr="false" toc="false">
    <largeur>130</largeur>
    <hauteur>173</hauteur>
    <pages>
      <page ordre="2">
        <blocIllustration>1</blocIllustration>
        <ills>
          <ill classif="CC" couleur="gris" filtre="1" h="4091" id="2-1" n="2-1" taille="5" w="3093" x="1" y="1">
            <genre CS="0.97" source="TensorFlow">filtretxt</genre>
            <contenuImg CS="0.997">gray color</contenuImg>
            <contenuImg CS="0.752">device</contenuImg>
            <contenuImg CS="0.752">machine</contenuImg>
            <contenuImg CS="0.752">computer</contenuImg>
            <contenuImg CS="0.752">slide rule</contenuImg>
            <contenuImg CS="0.922">written document</contenuImg>
            <theme CS="0.95">01</theme>
            <titraille>Le doux Pays de France ! Paroles de André Sciama, musique de Albert Vernaelde</titraille>
          </ill>
        </ills>
      </page>
    </pages>
  </contenus>
</analyseAlto>
