<?xml version="1.0" encoding="UTF-8"?>
<analyseAlto>
  <metad>
    <type>PA</type>
    <ID>bpt6k384477x</ID>
    <titre>Marche héroïque de 1916. Paroles de Jacques Martel, musique de L. Valetti</titre>
    <dateEdition>1917</dateEdition>
    <nbPage>6</nbPage>
  </metad>
  <contenus ocr="false" toc="false">
    <largeur>135</largeur>
    <hauteur>175</hauteur>
    <pages>
      <page ordre="1">
        <blocIllustration>1</blocIllustration>
        <ills>
          <ill classif="CC" couleur="gris" h="4143" id="1-1" n="1-1" taille="6" w="3189" x="1" y="1">
            <genre CS="0.88" source="TensorFlow">dessin</genre>
            <contenuImg CS="0.756">black color</contenuImg>
            <contenuImg CS="0.802">gray color</contenuImg>
            <contenuImg CS="0.53">cerebral cortex</contenuImg>
            <contenuImg CS="0.564">device</contenuImg>
            <contenuImg CS="0.564">musical instrument</contenuImg>
            <contenuImg CS="0.56">steel drum</contenuImg>
            <contenuImg CS="0.634">foramen magnum</contenuImg>
            <contenuImg CS="0.635">pen-and-ink</contenuImg>
            <theme CS="0.95">01</theme>
            <titraille>Marche héroïque de 1916. Paroles de Jacques Martel, musique de L. Valetti</titraille>
          </ill>
        </ills>
      </page>
    </pages>
  </contenus>
</analyseAlto>
