<?xml version="1.0" encoding="UTF-8"?>
<analyseAlto>
  <metad>
    <type>PA</type>
    <ID>bpt6k385272p</ID>
    <titre>Chants de la revanche. 4, Adieu du soldat / poésie de Ernest Lourdelet ; musique de M. Prestat</titre>
    <dateEdition>1916</dateEdition>
    <nbPage>8</nbPage>
  </metad>
  <contenus ocr="false" toc="false">
    <largeur>133</largeur>
    <hauteur>173</hauteur>
    <pages>
      <page ordre="1">
        <blocIllustration>1</blocIllustration>
        <ills>
          <ill classif="CC" couleur="gris" filtre="1" h="4106" id="1-1" n="1-1" taille="5" w="3157" x="1" y="1">
            <genre CS="0.44" source="TensorFlow">filtretxt</genre>
            <contenuImg CS="0.954">gray color</contenuImg>
            <contenuImg CS="0.802">device</contenuImg>
            <contenuImg CS="0.801">machine</contenuImg>
            <contenuImg CS="0.801">computer</contenuImg>
            <contenuImg CS="0.801">web site</contenuImg>
            <contenuImg CS="0.818">written document</contenuImg>
            <theme CS="0.95">01</theme>
            <titraille>Chants de la revanche. 4, Adieu du soldat / poésie de Ernest Lourdelet ; musique de M. Prestat</titraille>
          </ill>
        </ills>
      </page>
    </pages>
  </contenus>
</analyseAlto>
