<?xml version="1.0" encoding="UTF-8"?>
<analyseAlto>
  <metad>
    <type>PA</type>
    <ID>bpt6k3839386</ID>
    <titre>Sérénade poilue ! Paroles de P. Briollet et J. Girard, musique de Léo Demars</titre>
    <dateEdition>1917</dateEdition>
    <nbPage>4</nbPage>
  </metad>
  <contenus ocr="false" toc="false">
    <largeur>131</largeur>
    <hauteur>173</hauteur>
    <pages>
      <page ordre="2">
        <blocIllustration>1</blocIllustration>
        <ills>
          <ill classif="CC" couleur="gris" filtre="1" h="4078" id="2-1" n="2-1" taille="5" w="3150" x="1" y="1">
            <genre CS="0.98" source="TensorFlow">filtretxt</genre>
            <contenuImg CS="0.99">gray color</contenuImg>
            <contenuImg CS="0.734">device</contenuImg>
            <contenuImg CS="0.733">machine</contenuImg>
            <contenuImg CS="0.733">computer</contenuImg>
            <contenuImg CS="0.733">slide rule</contenuImg>
            <contenuImg CS="0.894">written document</contenuImg>
            <theme CS="0.95">01</theme>
            <titraille>Sérénade poilue ! Paroles de P. Briollet et J. Girard, musique de Léo Demars</titraille>
          </ill>
        </ills>
      </page>
    </pages>
  </contenus>
</analyseAlto>
