<?xml version="1.0" encoding="UTF-8"?>
<analyseAlto>
  <metad>
    <type>PA</type>
    <ID>bpt6k385584q</ID>
    <titre>Héros italien ! Paroles de Félix Mortreuil, musique de Gustave Goublier</titre>
    <dateEdition>1915</dateEdition>
    <nbPage>6</nbPage>
  </metad>
  <contenus ocr="false" toc="false">
    <largeur>131</largeur>
    <hauteur>170</hauteur>
    <pages>
      <page ordre="2">
        <blocIllustration>1</blocIllustration>
        <ills>
          <ill classif="CC" couleur="gris" filtre="1" h="4003" id="2-1" n="2-1" taille="5" w="3056" x="1" y="1">
            <genre CS="0.99" source="TensorFlow">filtretxt</genre>
            <contenuImg CS="0.988">gray color</contenuImg>
            <contenuImg CS="0.633">device</contenuImg>
            <contenuImg CS="0.633">electronic device</contenuImg>
            <contenuImg CS="0.633">video display</contenuImg>
            <contenuImg CS="0.633">window</contenuImg>
            <contenuImg CS="0.549">dialog box</contenuImg>
            <contenuImg CS="0.916">written document</contenuImg>
            <theme CS="0.95">01</theme>
            <titraille>Héros italien ! Paroles de Félix Mortreuil, musique de Gustave Goublier</titraille>
          </ill>
        </ills>
      </page>
    </pages>
  </contenus>
</analyseAlto>
