<?xml version="1.0" encoding="UTF-8"?>
<analyseAlto>
  <metad>
    <type>PA</type>
    <ID>bpt6k384318x</ID>
    <titre>Petits Soldats de France ! Paroles de G. Sibre et Virgile Thomas, musique de Francis Popy</titre>
    <dateEdition>1917</dateEdition>
    <nbPage>6</nbPage>
  </metad>
  <contenus ocr="false" toc="false">
    <largeur>133</largeur>
    <hauteur>172</hauteur>
    <pages>
      <page ordre="2">
        <blocIllustration>1</blocIllustration>
        <ills>
          <ill classif="CC" couleur="gris" filtre="1" h="4078" id="2-1" n="2-1" taille="5" w="3150" x="1" y="1">
            <genre CS="0.99" source="TensorFlow">filtretxt</genre>
            <contenuImg CS="1.0">gray color</contenuImg>
            <contenuImg CS="0.935">written document</contenuImg>
            <theme CS="0.95">01</theme>
            <titraille>Petits Soldats de France ! Paroles de G. Sibre et Virgile Thomas, musique de Francis Popy</titraille>
          </ill>
        </ills>
      </page>
    </pages>
  </contenus>
</analyseAlto>
