<?xml version="1.0" encoding="UTF-8"?>
<analyseAlto>
  <metad>
    <type>PA</type>
    <ID>bpt6k385722h</ID>
    <titre>Hymne à la France par Mme la Comtesse de Sèze</titre>
    <dateEdition>1915</dateEdition>
    <nbPage>2</nbPage>
  </metad>
  <contenus ocr="false" toc="false">
    <largeur>132</largeur>
    <hauteur>172</hauteur>
    <pages>
      <page ordre="1">
        <blocIllustration>1</blocIllustration>
        <ills>
          <ill classif="CC" couleur="gris" filtre="1" h="4065" id="1-1" n="1-1" taille="5" w="3131" x="1" y="1">
            <genre CS="0.96" source="TensorFlow">filtretxt</genre>
            <contenuImg CS="0.996">gray color</contenuImg>
            <contenuImg CS="0.742">medium</contenuImg>
            <contenuImg CS="0.742">newspaper</contenuImg>
            <contenuImg CS="0.647">gazette</contenuImg>
            <contenuImg CS="0.875">written document</contenuImg>
            <theme CS="0.95">01</theme>
            <titraille>Hymne à la France par Mme la Comtesse de Sèze</titraille>
          </ill>
        </ills>
      </page>
    </pages>
  </contenus>
</analyseAlto>
