<?xml version="1.0" encoding="UTF-8"?>
<analyseAlto>
  <metad>
    <type>PA</type>
    <ID>bpt6k3858626</ID>
    <titre>Va, mon Gars bienaimé ! Poésie par A. Béris-Caffarel, musique de J.-L. Archainbaud,...</titre>
    <dateEdition>1915</dateEdition>
    <nbPage>6</nbPage>
  </metad>
  <contenus ocr="false" toc="false">
    <largeur>133</largeur>
    <hauteur>174</hauteur>
    <pages>
      <page ordre="1">
        <blocIllustration>1</blocIllustration>
        <ills>
          <ill classif="CC" couleur="gris" filtre="1" h="4112" id="1-1" n="1-1" taille="6" w="3159" x="1" y="1">
            <genre CS="0.65" source="TensorFlow">filtrecouv</genre>
            <contenuImg CS="0.53">white</contenuImg>
            <contenuImg CS="0.531">wrapping</contenuImg>
            <contenuImg CS="0.531">envelope</contenuImg>
            <contenuImg CS="0.572">gray color</contenuImg>
            <contenuImg CS="0.674">snowdrift</contenuImg>
            <theme CS="0.95">01</theme>
            <titraille>Va, mon Gars bienaimé ! Poésie par A. Béris-Caffarel, musique de J.-L. Archainbaud,...</titraille>
          </ill>
        </ills>
      </page>
    </pages>
  </contenus>
</analyseAlto>
