<?xml version="1.0" encoding="UTF-8"?>
<analyseAlto>
  <metad>
    <type>PA</type>
    <ID>bpt6k385864z</ID>
    <titre>La Patrie et le coeur ! Chant patriotique..., paroles de Louis Rolland, musique de L. Montabel et Louis Rolland</titre>
    <dateEdition>1915</dateEdition>
    <nbPage>6</nbPage>
  </metad>
  <contenus ocr="false" toc="false">
    <largeur>133</largeur>
    <hauteur>174</hauteur>
    <pages>
      <page ordre="1">
        <blocIllustration>1</blocIllustration>
        <ills>
          <ill classif="CC" couleur="gris" h="4112" id="1-1" n="1-1" taille="6" w="3159" x="1" y="1">
            <genre CS="0.68" source="TensorFlow">dessin</genre>
            <contenuImg CS="0.685">ivory color</contenuImg>
            <contenuImg CS="0.718">gray color</contenuImg>
            <contenuImg CS="0.53">device</contenuImg>
            <contenuImg CS="0.53">electrical device</contenuImg>
            <contenuImg CS="0.53">capacitor</contenuImg>
            <contenuImg CS="0.531">flag</contenuImg>
            <contenuImg CS="0.531">fanion flag</contenuImg>
            <contenuImg CS="0.531">packet</contenuImg>
            <contenuImg CS="0.532">pen-and-ink</contenuImg>
            <contenuImg CS="0.6">figure</contenuImg>
            <contenuImg CS="0.6">polygon</contenuImg>
            <contenuImg CS="0.6">octagon</contenuImg>
            <theme CS="0.95">01</theme>
            <titraille>La Patrie et le coeur ! Chant patriotique..., paroles de Louis Rolland, musique de L. Montabel et Louis Rolland</titraille>
          </ill>
        </ills>
      </page>
    </pages>
  </contenus>
</analyseAlto>
