<?xml version="1.0" encoding="UTF-8"?>
<analyseAlto>
  <metad>
    <type>PA</type>
    <ID>bpt6k384609w</ID>
    <titre>Lettre de chez nous. Poésie de Marcel Manchez, musique de Pierre Vellones</titre>
    <dateEdition>1916</dateEdition>
    <nbPage>4</nbPage>
  </metad>
  <contenus ocr="false" toc="false">
    <largeur>120</largeur>
    <hauteur>159</hauteur>
    <pages>
      <page ordre="1">
        <blocIllustration>1</blocIllustration>
        <ills>
          <ill classif="CC" couleur="gris" filtre="1" h="3776" id="1-1" n="1-1" taille="4" w="2850" x="1" y="1">
            <genre CS="0.99" source="TensorFlow">filtretxt</genre>
            <contenuImg CS="0.994">gray color</contenuImg>
            <contenuImg CS="0.976">written document</contenuImg>
            <theme CS="0.95">01</theme>
            <titraille>Lettre de chez nous. Poésie de Marcel Manchez, musique de Pierre Vellones</titraille>
          </ill>
        </ills>
      </page>
    </pages>
  </contenus>
</analyseAlto>
