<?xml version="1.0" encoding="UTF-8"?>
<analyseAlto>
  <metad>
    <type>PA</type>
    <ID>bpt6k385512j</ID>
    <titre>Chant de triomphe des alliés. Paroles et musique de L. Weilcuriel, orchestré par Conforto</titre>
    <dateEdition>1915</dateEdition>
    <nbPage>10</nbPage>
  </metad>
  <contenus ocr="false" toc="false">
    <largeur>136</largeur>
    <hauteur>174</hauteur>
    <pages>
      <page ordre="1">
        <blocIllustration>1</blocIllustration>
        <ills>
          <ill classif="CC" couleur="coul" h="4133" id="1-1" n="1-1" taille="6" w="3217" x="1" y="1">
            <genre CS="0.51" source="TensorFlow">dessin</genre>
            <contenuImg CS="0.774">olive green color</contenuImg>
            <contenuImg CS="0.922">pale yellow color</contenuImg>
            <contenuImg CS="0.8">food</contenuImg>
            <contenuImg CS="0.8">menu</contenuImg>
            <theme CS="0.95">01</theme>
            <titraille>Chant de triomphe des alliés. Paroles et musique de L. Weilcuriel, orchestré par Conforto</titraille>
          </ill>
        </ills>
      </page>
    </pages>
  </contenus>
</analyseAlto>
