<?xml version="1.0" encoding="UTF-8"?>
<analyseAlto>
  <metad>
    <type>PA</type>
    <ID>bpt6k3857816</ID>
    <titre>Chant de guerre pour chant avec accompagnement de piano, poésie de Paul ! Déroulède, musique de H. Clavié</titre>
    <dateEdition>1915</dateEdition>
    <nbPage>6</nbPage>
  </metad>
  <contenus ocr="false" toc="false">
    <largeur>131</largeur>
    <hauteur>173</hauteur>
    <pages>
      <page ordre="1">
        <blocIllustration>1</blocIllustration>
        <ills>
          <ill classif="CC" couleur="gris" filtre="1" h="4109" id="1-1" n="1-1" taille="5" w="3100" x="1" y="1">
            <genre CS="0.36" source="TensorFlow">filtretxt</genre>
            <contenuImg CS="0.582">gray color</contenuImg>
            <contenuImg CS="0.677">olive green color</contenuImg>
            <contenuImg CS="0.531">food</contenuImg>
            <contenuImg CS="0.531">beverage</contenuImg>
            <contenuImg CS="0.531">wine</contenuImg>
            <contenuImg CS="0.531">white wine</contenuImg>
            <contenuImg CS="0.53">Montrachet</contenuImg>
            <contenuImg CS="0.57">device</contenuImg>
            <contenuImg CS="0.569">machine</contenuImg>
            <contenuImg CS="0.569">computer</contenuImg>
            <contenuImg CS="0.569">web site</contenuImg>
            <contenuImg CS="0.714">written document</contenuImg>
            <theme CS="0.95">01</theme>
            <titraille>Chant de guerre pour chant avec accompagnement de piano, poésie de Paul ! Déroulède, musique de H. Clavié</titraille>
          </ill>
        </ills>
      </page>
    </pages>
  </contenus>
</analyseAlto>
