<?xml version="1.0" encoding="UTF-8"?>
<analyseAlto>
  <metad>
    <type>PA</type>
    <ID>bpt6k385881h</ID>
    <titre>Le Printemps des alliés. Chanson, paroles d’ Achille Monté, musique de Chillemont</titre>
    <dateEdition>1915</dateEdition>
    <nbPage>6</nbPage>
  </metad>
  <contenus ocr="false" toc="false">
    <largeur>133</largeur>
    <hauteur>174</hauteur>
    <pages>
      <page ordre="1">
        <blocIllustration>1</blocIllustration>
        <ills>
          <ill classif="CC" couleur="gris" h="4112" id="1-1" n="1-1" taille="6" w="3159" x="1" y="1">
            <genre CS="0.37" source="TensorFlow">dessin</genre>
            <contenuImg CS="0.793">gray color</contenuImg>
            <contenuImg CS="0.823">ivory color</contenuImg>
            <contenuImg CS="0.53">map</contenuImg>
            <contenuImg CS="0.584">picture frame</contenuImg>
            <contenuImg CS="0.79">framework</contenuImg>
            <contenuImg CS="0.635">frame</contenuImg>
            <theme CS="0.95">01</theme>
            <titraille>Le Printemps des alliés. Chanson, paroles d’ Achille Monté, musique de Chillemont</titraille>
          </ill>
        </ills>
      </page>
    </pages>
  </contenus>
</analyseAlto>
