<?xml version="1.0" encoding="UTF-8"?>
<analyseAlto>
  <metad>
    <type>PA</type>
    <ID>bpt6k384957s</ID>
    <titre>L’Turco, polisson ! Paroles de Jack Cazol et R. Joullot, musique de Eugène Rosi</titre>
    <dateEdition>1916</dateEdition>
    <nbPage>6</nbPage>
  </metad>
  <contenus ocr="false" toc="false">
    <largeur>135</largeur>
    <hauteur>173</hauteur>
    <pages>
      <page ordre="2">
        <blocIllustration>1</blocIllustration>
        <ills>
          <ill classif="CC" couleur="gris" filtre="1" h="4091" id="2-1" n="2-1" taille="6" w="3195" x="1" y="1">
            <genre CS="0.98" source="TensorFlow">filtretxt</genre>
            <contenuImg CS="0.986">gray color</contenuImg>
            <contenuImg CS="0.612">medium</contenuImg>
            <contenuImg CS="0.612">newspaper</contenuImg>
            <contenuImg CS="0.53">school newspaper</contenuImg>
            <contenuImg CS="0.913">written document</contenuImg>
            <theme CS="0.95">01</theme>
            <titraille>L’Turco, polisson ! Paroles de Jack Cazol et R. Joullot, musique de Eugène Rosi</titraille>
          </ill>
        </ills>
      </page>
    </pages>
  </contenus>
</analyseAlto>
