<?xml version="1.0" encoding="UTF-8"?>
<analyseAlto>
  <metad>
    <type>PA</type>
    <ID>bpt6k3855976</ID>
    <titre>L’immortelle Maman ! Chant patriotique..., paroles de Louis Levent, musique de Paul Renard</titre>
    <dateEdition>1915</dateEdition>
    <nbPage>6</nbPage>
  </metad>
  <contenus ocr="false" toc="false">
    <largeur>134</largeur>
    <hauteur>171</hauteur>
    <pages>
      <page ordre="1">
        <blocIllustration>1</blocIllustration>
        <ills>
          <ill classif="CC DF" couleur="gris" h="4053" id="1-1" n="1-1" taille="5" w="3184" x="1" y="1">
            <genre CS="0.35" source="TensorFlow">gravure</genre>
            <contenuImg CS="0.719">emerald color</contenuImg>
            <contenuImg CS="0.947">gray color</contenuImg>
            <contenuImg CS="0.53">gazette</contenuImg>
            <contenuImg CS="0.558">person</contenuImg>
            <contenuImg CS="0.558">paper based (stamps/currency)</contenuImg>
            <contenuImg CS="0.643">medium</contenuImg>
            <contenuImg CS="0.643">newspaper</contenuImg>
            <contenuImg CS="0.576">written document</contenuImg>
            <theme CS="0.95">01</theme>
            <titraille>L’immortelle Maman ! Chant patriotique..., paroles de Louis Levent, musique de Paul Renard</titraille>
          </ill>
        </ills>
      </page>
    </pages>
  </contenus>
</analyseAlto>
