<?xml version="1.0" encoding="UTF-8"?>
<analyseAlto>
  <metad>
    <type>PA</type>
    <ID>bpt6k384027z</ID>
    <titre>En passant l’Atlantique. Idylle franco-américaine, paroles de Jack Cazol, musique de O'Bill</titre>
    <dateEdition>1917</dateEdition>
    <nbPage>6</nbPage>
  </metad>
  <contenus ocr="false" toc="false">
    <largeur>136</largeur>
    <hauteur>173</hauteur>
    <pages>
      <page ordre="1">
        <blocIllustration>1</blocIllustration>
        <ills>
          <ill classif="CC" couleur="coul" h="4101" id="1-1" n="1-1" taille="6" w="3236" x="1" y="1">
            <genre CS="0.57" source="TensorFlow">gravure</genre>
            <contenuImg CS="1.0">gray color</contenuImg>
            <contenuImg CS="0.53">tabloid</contenuImg>
            <contenuImg CS="0.883">medium</contenuImg>
            <contenuImg CS="0.965">newspaper</contenuImg>
            <theme CS="0.95">01</theme>
            <titraille>En passant l’Atlantique. Idylle franco-américaine, paroles de Jack Cazol, musique de O'Bill</titraille>
          </ill>
        </ills>
      </page>
    </pages>
  </contenus>
</analyseAlto>
