<?xml version="1.0" encoding="UTF-8"?>
<analyseAlto>
  <metad>
    <type>PA</type>
    <ID>bpt6k3855073</ID>
    <titre>Le Régiment étranger. Chanson-marche, poésie de Ch. Grandmougin, musique de Jacques Orly</titre>
    <dateEdition>1915</dateEdition>
    <nbPage>6</nbPage>
  </metad>
  <contenus ocr="false" toc="false">
    <largeur>130</largeur>
    <hauteur>170</hauteur>
    <pages>
      <page ordre="2">
        <blocIllustration>1</blocIllustration>
        <ills>
          <ill classif="CC" couleur="gris" filtre="1" h="4042" id="2-1" n="2-1" taille="5" w="3106" x="1" y="1">
            <genre CS="0.98" source="TensorFlow">filtretxt</genre>
            <contenuImg CS="0.999">gray color</contenuImg>
            <contenuImg CS="0.531">device</contenuImg>
            <contenuImg CS="0.53">machine</contenuImg>
            <contenuImg CS="0.53">computer</contenuImg>
            <contenuImg CS="0.53">slide rule</contenuImg>
            <contenuImg CS="0.94">written document</contenuImg>
            <theme CS="0.95">01</theme>
            <titraille>Le Régiment étranger. Chanson-marche, poésie de Ch. Grandmougin, musique de Jacques Orly</titraille>
          </ill>
        </ills>
      </page>
    </pages>
  </contenus>
</analyseAlto>
