<?xml version="1.0" encoding="UTF-8"?>
<analyseAlto>
  <metad>
    <type>PA</type>
    <ID>bpt6k3857596</ID>
    <titre>Soir de guerre / paroles de G. Guibourg ; musique de A. Drouillon</titre>
    <dateEdition>1915</dateEdition>
    <nbPage>6</nbPage>
    <descr>Chansons françaises -- 20e siècle Chansons acc. de piano -- 20e siècle</descr>
  </metad>
  <contenus ocr="false" toc="false">
    <largeur>133</largeur>
    <hauteur>175</hauteur>
    <pages>
      <page ordre="2">
        <blocIllustration>1</blocIllustration>
        <ills>
          <ill classif="CC" couleur="gris" filtre="1" h="4091" id="2-1" n="2-1" taille="6" w="3126" x="1" y="1">
            <genre CS="0.98" source="TensorFlow">filtretxt</genre>
            <contenuImg CS="0.942">gray color</contenuImg>
            <contenuImg CS="0.53">machine</contenuImg>
            <contenuImg CS="0.53">computer</contenuImg>
            <contenuImg CS="0.53">slide rule</contenuImg>
            <contenuImg CS="0.819">device</contenuImg>
            <contenuImg CS="0.627">electronic device</contenuImg>
            <contenuImg CS="0.627">video display</contenuImg>
            <contenuImg CS="0.627">window</contenuImg>
            <contenuImg CS="0.535">dialog box</contenuImg>
            <contenuImg CS="0.845">written document</contenuImg>
            <theme CS="0.95">01</theme>
            <titraille>Soir de guerre / paroles de G. Guibourg ; musique de A. Drouillon</titraille>
          </ill>
        </ills>
      </page>
    </pages>
  </contenus>
</analyseAlto>
