<?xml version="1.0" encoding="UTF-8"?>
<analyseAlto>
  <metad>
    <type>PA</type>
    <ID>bpt6k3851354</ID>
    <titre>Les Moissons de France. Hymne, paroles de Fernand Beissier, musique de V. Monti</titre>
    <dateEdition>1916</dateEdition>
    <nbPage>6</nbPage>
  </metad>
  <contenus ocr="false" toc="false">
    <largeur>132</largeur>
    <hauteur>175</hauteur>
    <pages>
      <page ordre="1">
        <blocIllustration>1</blocIllustration>
        <ills>
          <ill classif="CC" couleur="coul" h="4139" id="1-1" n="1-1" taille="6" w="3135" x="1" y="1">
            <genre CS="0.73" source="TensorFlow">dessin</genre>
            <contenuImg CS="0.706">pale yellow color</contenuImg>
            <contenuImg CS="0.747">olive green color</contenuImg>
            <contenuImg CS="0.61">newspaper</contenuImg>
            <contenuImg CS="0.53">gazette</contenuImg>
            <contenuImg CS="0.553">wrapping</contenuImg>
            <contenuImg CS="0.552">book jacket</contenuImg>
            <contenuImg CS="0.599">print media</contenuImg>
            <contenuImg CS="0.873">medium</contenuImg>
            <contenuImg CS="0.669">free press</contenuImg>
            <theme CS="0.95">01</theme>
            <titraille>Les Moissons de France. Hymne, paroles de Fernand Beissier, musique de V. Monti</titraille>
          </ill>
        </ills>
      </page>
    </pages>
  </contenus>
</analyseAlto>
