<?xml version="1.0" encoding="UTF-8"?>
<analyseAlto>
  <metad>
    <type>PA</type>
    <ID>bpt6k3851443</ID>
    <titre>Marraine d’amour Chanson, paroles et musique de Pierre Chapelle. (Will), harmonisation de W. Fatraun</titre>
    <dateEdition>1916</dateEdition>
    <nbPage>8</nbPage>
  </metad>
  <contenus ocr="false" toc="false">
    <largeur>135</largeur>
    <hauteur>173</hauteur>
    <pages>
      <page ordre="1">
        <blocIllustration>1</blocIllustration>
        <ills>
          <ill classif="CC" couleur="gris" filtre="1" h="4110" id="1-1" n="1-1" taille="6" w="3204" x="1" y="1">
            <genre CS="0.72" source="TensorFlow">filtrecouv</genre>
            <contenuImg CS="0.952">gray color</contenuImg>
            <contenuImg CS="0.53">wrapping</contenuImg>
            <contenuImg CS="0.53">envelope</contenuImg>
            <contenuImg CS="0.652">device</contenuImg>
            <contenuImg CS="0.649">electronic device</contenuImg>
            <contenuImg CS="0.649">video display</contenuImg>
            <contenuImg CS="0.648">window</contenuImg>
            <contenuImg CS="0.557">dialog box</contenuImg>
            <theme CS="0.95">01</theme>
            <titraille>Marraine d’amour Chanson, paroles et musique de Pierre Chapelle. (Will), harmonisation de W. Fatraun</titraille>
          </ill>
        </ills>
      </page>
    </pages>
  </contenus>
</analyseAlto>
