<?xml version="1.0" encoding="UTF-8"?>
<analyseAlto>
  <metad>
    <type>PA</type>
    <ID>bpt6k384610t</ID>
    <titre>Debout les Morts ! / poésie de Eugène Roussel ; musique de Antoinette Belloc</titre>
    <dateEdition>1916</dateEdition>
    <nbPage>4</nbPage>
  </metad>
  <contenus ocr="false" toc="false">
    <largeur>135</largeur>
    <hauteur>173</hauteur>
    <pages>
      <page ordre="1">
        <blocIllustration>1</blocIllustration>
        <ills>
          <ill classif="CC" couleur="gris" filtre="1" h="4110" id="1-1" n="1-1" taille="6" w="3204" x="1" y="1">
            <genre CS="0.96" source="TensorFlow">filtretxt</genre>
            <contenuImg CS="0.968">gray color</contenuImg>
            <contenuImg CS="0.851">device</contenuImg>
            <contenuImg CS="0.851">electronic device</contenuImg>
            <contenuImg CS="0.851">video display</contenuImg>
            <contenuImg CS="0.851">window</contenuImg>
            <contenuImg CS="0.744">dialog box</contenuImg>
            <contenuImg CS="0.749">written document</contenuImg>
            <theme CS="0.95">01</theme>
            <titraille>Debout les Morts ! / poésie de Eugène Roussel ; musique de Antoinette Belloc</titraille>
          </ill>
        </ills>
      </page>
    </pages>
  </contenus>
</analyseAlto>
