<?xml version="1.0" encoding="UTF-8"?>
<analyseAlto>
  <metad>
    <type>PA</type>
    <ID>bpt6k3861977</ID>
    <titre>AH ! Kolossal ! / paroles de Louis Bousquet ; musique de Henry Malfait</titre>
    <dateEdition>1915</dateEdition>
    <nbPage>6</nbPage>
  </metad>
  <contenus ocr="false" toc="false">
    <largeur>135</largeur>
    <hauteur>172</hauteur>
    <pages>
      <page ordre="2">
        <blocIllustration>1</blocIllustration>
        <ills>
          <ill classif="CC" couleur="gris" filtre="1" h="4097" id="2-1" n="2-1" taille="6" w="3104" x="1" y="1">
            <genre CS="0.99" source="TensorFlow">filtretxt</genre>
            <contenuImg CS="0.94">gray color</contenuImg>
            <contenuImg CS="0.53">machine</contenuImg>
            <contenuImg CS="0.53">computer</contenuImg>
            <contenuImg CS="0.53">portal site</contenuImg>
            <contenuImg CS="0.843">device</contenuImg>
            <contenuImg CS="0.741">electronic device</contenuImg>
            <contenuImg CS="0.741">video display</contenuImg>
            <contenuImg CS="0.741">window</contenuImg>
            <contenuImg CS="0.672">dialog box</contenuImg>
            <contenuImg CS="0.849">written document</contenuImg>
            <theme CS="0.95">01</theme>
            <titraille>AH ! Kolossal ! / paroles de Louis Bousquet ; musique de Henry Malfait</titraille>
          </ill>
        </ills>
      </page>
    </pages>
  </contenus>
</analyseAlto>
