<?xml version="1.0" encoding="UTF-8"?>
<analyseAlto>
  <metad>
    <type>PA</type>
    <ID>bpt6k385933v</ID>
    <titre>Hardi, les Gars ! Paroles et musique de H. Christiné</titre>
    <dateEdition>1915</dateEdition>
    <nbPage>6</nbPage>
  </metad>
  <contenus ocr="false" toc="false">
    <largeur>135</largeur>
    <hauteur>174</hauteur>
    <pages>
      <page ordre="2">
        <blocIllustration>1</blocIllustration>
        <ills>
          <ill classif="CC" couleur="gris" filtre="1" h="4027" id="2-1" n="2-1" taille="6" w="3005" x="1" y="1">
            <genre CS="0.97" source="TensorFlow">filtretxt</genre>
            <contenuImg CS="0.981">gray color</contenuImg>
            <contenuImg CS="0.53">school newspaper</contenuImg>
            <contenuImg CS="0.762">medium</contenuImg>
            <contenuImg CS="0.762">newspaper</contenuImg>
            <contenuImg CS="0.579">gazette</contenuImg>
            <contenuImg CS="0.913">written document</contenuImg>
            <theme CS="0.95">01</theme>
            <titraille>Hardi, les Gars ! Paroles et musique de H. Christiné</titraille>
          </ill>
        </ills>
      </page>
    </pages>
  </contenus>
</analyseAlto>
