<?xml version="1.0" encoding="UTF-8"?>
<analyseAlto>
  <metad>
    <type>PA</type>
    <ID>bpt6k383685v</ID>
    <titre>Hip ! Hip ! Hip ! Hurrah ! chanson marche des yankees. Paroles de Louis Bousquet. Musique de Camille Robert</titre>
    <dateEdition>1918</dateEdition>
    <nbPage>6</nbPage>
  </metad>
  <contenus ocr="false" toc="false">
    <largeur>134</largeur>
    <hauteur>173</hauteur>
    <pages>
      <page ordre="2">
        <blocIllustration>1</blocIllustration>
        <ills>
          <ill classif="CC" couleur="gris" filtre="1" h="4047" id="2-1" n="2-1" taille="6" w="3053" x="1" y="1">
            <genre CS="0.99" source="TensorFlow">filtretxt</genre>
            <contenuImg CS="0.987">gray color</contenuImg>
            <contenuImg CS="0.928">written document</contenuImg>
            <theme CS="0.95">01</theme>
            <titraille>Hip ! Hip ! Hip ! Hurrah ! chanson marche des yankees. Paroles de Louis Bousquet. Musique de Camille Robert</titraille>
          </ill>
        </ills>
      </page>
    </pages>
  </contenus>
</analyseAlto>
