<?xml version="1.0" encoding="UTF-8"?>
<analyseAlto>
  <metad>
    <type>PA</type>
    <ID>bpt6k385815m</ID>
    <titre>Belgique et France ! Paroles de Roland Gaël, musique de W.-J. Paans</titre>
    <dateEdition>1915</dateEdition>
    <nbPage>6</nbPage>
  </metad>
  <contenus ocr="false" toc="false">
    <largeur>135</largeur>
    <hauteur>175</hauteur>
    <pages>
      <page ordre="1">
        <blocIllustration>1</blocIllustration>
        <ills>
          <ill classif="CC" couleur="coul" h="4152" id="1-1" n="1-1" taille="6" w="3205" x="1" y="1">
            <genre CS="0.59" source="TensorFlow">gravure</genre>
            <contenuImg CS="0.782">olive green color</contenuImg>
            <contenuImg CS="0.821">maroon color</contenuImg>
            <contenuImg CS="0.546">magazine</contenuImg>
            <contenuImg CS="0.53">pulp magazine</contenuImg>
            <contenuImg CS="0.662">beer mat</contenuImg>
            <contenuImg CS="0.786">sleeve</contenuImg>
            <contenuImg CS="0.786">record sleeve</contenuImg>
            <theme CS="0.95">01</theme>
            <titraille>Belgique et France ! Paroles de Roland Gaël, musique de W.-J. Paans</titraille>
          </ill>
        </ills>
      </page>
    </pages>
  </contenus>
</analyseAlto>
