<?xml version="1.0" encoding="UTF-8"?>
<analyseAlto>
  <metad>
    <type>PA</type>
    <ID>bpt6k3859135</ID>
    <titre>Salut de l’Alsace à la Pologne, paroles de A. de Nesselrode, musique de Alfred Rousseau</titre>
    <dateEdition>1915</dateEdition>
    <nbPage>4</nbPage>
  </metad>
  <contenus ocr="false" toc="false">
    <largeur>133</largeur>
    <hauteur>174</hauteur>
    <pages>
      <page ordre="1">
        <blocIllustration>1</blocIllustration>
        <ills>
          <ill classif="CC" couleur="gris" filtre="1" h="4112" id="1-1" n="1-1" taille="6" w="3159" x="1" y="1">
            <genre CS="0.50" source="TensorFlow">filtretxt</genre>
            <contenuImg CS="0.616">gray color</contenuImg>
            <contenuImg CS="0.66">olive green color</contenuImg>
            <contenuImg CS="0.614">device</contenuImg>
            <contenuImg CS="0.612">electronic device</contenuImg>
            <contenuImg CS="0.612">video display</contenuImg>
            <contenuImg CS="0.612">window</contenuImg>
            <contenuImg CS="0.53">dialog box</contenuImg>
            <contenuImg CS="0.732">written document</contenuImg>
            <contenuImg CS="0.763">paper</contenuImg>
            <theme CS="0.95">01</theme>
            <titraille>Salut de l’Alsace à la Pologne, paroles de A. de Nesselrode, musique de Alfred Rousseau</titraille>
          </ill>
        </ills>
      </page>
    </pages>
  </contenus>
</analyseAlto>
