<?xml version="1.0" encoding="UTF-8"?>
<analyseAlto>
  <metad>
    <type>PA</type>
    <ID>bpt6k3841333</ID>
    <titre>Pour ceux qui sont tombés ! Poésie de Fernand Espagnon, musique de Georges Petit</titre>
    <dateEdition>1917</dateEdition>
    <nbPage>8</nbPage>
  </metad>
  <contenus ocr="false" toc="false">
    <largeur>131</largeur>
    <hauteur>173</hauteur>
    <pages>
      <page ordre="1">
        <blocIllustration>1</blocIllustration>
        <ills>
          <ill classif="CC" couleur="gris" filtre="1" h="4097" id="1-1" n="1-1" taille="5" w="3112" x="1" y="1">
            <genre CS="0.53" source="TensorFlow">filtretxt</genre>
            <contenuImg CS="0.603">olive green color</contenuImg>
            <contenuImg CS="0.903">gray color</contenuImg>
            <contenuImg CS="0.606">paper</contenuImg>
            <contenuImg CS="0.846">written document</contenuImg>
            <theme CS="0.95">01</theme>
            <titraille>Pour ceux qui sont tombés ! Poésie de Fernand Espagnon, musique de Georges Petit</titraille>
          </ill>
        </ills>
      </page>
    </pages>
  </contenus>
</analyseAlto>
