<?xml version="1.0" encoding="UTF-8"?>
<analyseAlto>
  <metad>
    <type>PA</type>
    <ID>bpt6k385711s</ID>
    <titre>La Marche des zouaves, sur les motifs de la marche de Charles John, paroles de Paul Briollet, arrangée par André Colomb</titre>
    <dateEdition>1915</dateEdition>
    <nbPage>6</nbPage>
  </metad>
  <contenus ocr="false" toc="false">
    <largeur>134</largeur>
    <hauteur>175</hauteur>
    <pages>
      <page ordre="1">
        <blocIllustration>1</blocIllustration>
        <ills>
          <ill classif="CC" couleur="coul" h="4152" id="1-1" n="1-1" taille="6" w="3181" x="1" y="1">
            <genre CS="0.37" source="TensorFlow">dessin</genre>
            <contenuImg CS="0.876">gray color</contenuImg>
            <contenuImg CS="0.892">reddish brown color</contenuImg>
            <contenuImg CS="0.53">medium</contenuImg>
            <contenuImg CS="0.53">gazette</contenuImg>
            <contenuImg CS="0.802">newspaper</contenuImg>
            <theme CS="0.95">01</theme>
            <titraille>La Marche des zouaves, sur les motifs de la marche de Charles John, paroles de Paul Briollet, arrangée par André Colomb</titraille>
          </ill>
        </ills>
      </page>
    </pages>
  </contenus>
</analyseAlto>
