<?xml version="1.0" encoding="UTF-8"?>
<analyseAlto>
  <metad>
    <type>PA</type>
    <ID>bpt6k385466g</ID>
    <titre>Hymne à l’Italie--Inno all ! Italia. Paroles de W. Jourdan, musique de A. Chinaglia, version italienne de Georges Villard</titre>
    <dateEdition>1915</dateEdition>
    <nbPage>10</nbPage>
  </metad>
  <contenus ocr="false" toc="false">
    <largeur>135</largeur>
    <hauteur>175</hauteur>
    <pages>
      <page ordre="1">
        <blocIllustration>1</blocIllustration>
        <ills>
          <ill classif="CC" couleur="coul" h="4150" id="1-1" n="1-1" taille="6" w="3198" x="1" y="1">
            <genre CS="0.64" source="TensorFlow">gravure</genre>
            <contenuImg CS="0.501">dark red color</contenuImg>
            <contenuImg CS="0.53">beer mat</contenuImg>
            <contenuImg CS="0.554">sign</contenuImg>
            <contenuImg CS="0.745">sleeve</contenuImg>
            <contenuImg CS="0.745">record sleeve</contenuImg>
            <theme CS="0.95">01</theme>
            <titraille>Hymne à l’Italie--Inno all ! Italia. Paroles de W. Jourdan, musique de A. Chinaglia, version italienne de Georges Villard</titraille>
          </ill>
        </ills>
      </page>
    </pages>
  </contenus>
</analyseAlto>
