<?xml version="1.0" encoding="UTF-8"?>
<analyseAlto>
  <metad>
    <type>PA</type>
    <ID>bpt6k385824k</ID>
    <titre>Le petit Fantassin. Paroles de Jean Destrains, musique de E. de Rocheronde</titre>
    <dateEdition>1915</dateEdition>
    <nbPage>2</nbPage>
  </metad>
  <contenus ocr="false" toc="false">
    <largeur>101</largeur>
    <hauteur>164</hauteur>
    <pages>
      <page ordre="1">
        <blocIllustration>1</blocIllustration>
        <ills>
          <ill classif="CC" couleur="gris" filtre="1" h="3882" id="1-1" n="1-1" taille="4" w="2400" x="1" y="1">
            <genre CS="0.99" source="TensorFlow">filtretxt</genre>
            <contenuImg CS="0.979">gray color</contenuImg>
            <contenuImg CS="0.563">school newspaper</contenuImg>
            <contenuImg CS="0.879">medium</contenuImg>
            <contenuImg CS="0.879">newspaper</contenuImg>
            <contenuImg CS="0.592">gazette</contenuImg>
            <contenuImg CS="0.788">written document</contenuImg>
            <theme CS="0.95">01</theme>
            <titraille>Le petit Fantassin. Paroles de Jean Destrains, musique de E. de Rocheronde</titraille>
          </ill>
        </ills>
      </page>
    </pages>
  </contenus>
</analyseAlto>
