<?xml version="1.0" encoding="UTF-8"?>
<analyseAlto>
  <metad>
    <type>PA</type>
    <ID>bpt6k385082d</ID>
    <titre>Des Canons ! Des Munitions ! (Nous en avons !.). Paroles et musique de Lucien Boyer</titre>
    <dateEdition>1916</dateEdition>
    <nbPage>6</nbPage>
  </metad>
  <contenus ocr="false" toc="false">
    <largeur>135</largeur>
    <hauteur>173</hauteur>
    <pages>
      <page ordre="2">
        <blocIllustration>1</blocIllustration>
        <ills>
          <ill classif="CC" couleur="gris" filtre="1" h="4047" id="2-1" n="2-1" taille="6" w="3049" x="1" y="1">
            <genre CS="0.99" source="TensorFlow">filtretxt</genre>
            <contenuImg CS="0.982">gray color</contenuImg>
            <contenuImg CS="0.955">written document</contenuImg>
            <theme CS="0.95">01</theme>
            <titraille>Des Canons ! Des Munitions ! (Nous en avons !.). Paroles et musique de Lucien Boyer</titraille>
          </ill>
        </ills>
      </page>
    </pages>
  </contenus>
</analyseAlto>
