<?xml version="1.0" encoding="UTF-8"?>
<analyseAlto>
  <metad>
    <type>PA</type>
    <ID>bpt6k3859093</ID>
    <titre>La Voix de la Lorraine. Paroles de Raphaël Adam et G. Gross, musique de L. Danty</titre>
    <dateEdition>1915</dateEdition>
    <nbPage>6</nbPage>
  </metad>
  <contenus ocr="false" toc="false">
    <largeur>133</largeur>
    <hauteur>174</hauteur>
    <pages>
      <page ordre="2">
        <blocIllustration>1</blocIllustration>
        <ills>
          <ill classif="CC" couleur="gris" filtre="1" h="4091" id="2-1" n="2-1" taille="6" w="3126" x="1" y="1">
            <genre CS="0.97" source="TensorFlow">filtretxt</genre>
            <contenuImg CS="0.996">gray color</contenuImg>
            <contenuImg CS="0.668">device</contenuImg>
            <contenuImg CS="0.667">electronic device</contenuImg>
            <contenuImg CS="0.667">video display</contenuImg>
            <contenuImg CS="0.667">window</contenuImg>
            <contenuImg CS="0.53">dialog box</contenuImg>
            <contenuImg CS="0.912">written document</contenuImg>
            <theme CS="0.95">01</theme>
            <titraille>La Voix de la Lorraine. Paroles de Raphaël Adam et G. Gross, musique de L. Danty</titraille>
          </ill>
        </ills>
      </page>
    </pages>
  </contenus>
</analyseAlto>
