<?xml version="1.0" encoding="UTF-8"?>
<analyseAlto>
  <metad>
    <type>PA</type>
    <ID>bpt6k385062q</ID>
    <titre>Vivent les Poilus de France ! Chanson de marche, paroles de E. Dernay, musique de G. Foïano</titre>
    <dateEdition>1916</dateEdition>
    <nbPage>6</nbPage>
  </metad>
  <contenus ocr="false" toc="false">
    <largeur>135</largeur>
    <hauteur>173</hauteur>
    <pages>
      <page ordre="1">
        <blocIllustration>1</blocIllustration>
        <ills>
          <ill classif="CC" couleur="gris" h="4110" id="1-1" n="1-1" taille="6" w="3204" x="1" y="1">
            <genre CS="0.45" source="TensorFlow">dessin</genre>
            <contenuImg CS="1.0">gray color</contenuImg>
            <contenuImg CS="0.53">print media</contenuImg>
            <contenuImg CS="0.93">medium</contenuImg>
            <contenuImg CS="0.879">newspaper</contenuImg>
            <theme CS="0.95">01</theme>
            <titraille>Vivent les Poilus de France ! Chanson de marche, paroles de E. Dernay, musique de G. Foïano</titraille>
          </ill>
        </ills>
      </page>
    </pages>
  </contenus>
</analyseAlto>
