<?xml version="1.0" encoding="UTF-8"?>
<analyseAlto>
  <metad>
    <type>PA</type>
    <ID>bpt6k385023q</ID>
    <titre>Debout les Morts ! Poème de A. Guillerm, musique de E. Merlin</titre>
    <dateEdition>1916</dateEdition>
    <nbPage>4</nbPage>
  </metad>
  <contenus ocr="false" toc="false">
    <largeur>133</largeur>
    <hauteur>173</hauteur>
    <pages>
      <page ordre="1">
        <blocIllustration>1</blocIllustration>
        <ills>
          <ill classif="CC" couleur="gris" filtre="1" h="4091" id="1-1" n="1-1" taille="5" w="3143" x="1" y="1">
            <genre CS="0.62" source="TensorFlow">filtretxt</genre>
            <contenuImg CS="0.587">gray color</contenuImg>
            <contenuImg CS="0.812">olive green color</contenuImg>
            <contenuImg CS="0.53">paper</contenuImg>
            <contenuImg CS="0.643">food</contenuImg>
            <contenuImg CS="0.643">beverage</contenuImg>
            <contenuImg CS="0.643">wine</contenuImg>
            <contenuImg CS="0.642">white wine</contenuImg>
            <contenuImg CS="0.638">Montrachet</contenuImg>
            <contenuImg CS="0.798">written document</contenuImg>
            <theme CS="0.95">01</theme>
            <titraille>Debout les Morts ! Poème de A. Guillerm, musique de E. Merlin</titraille>
          </ill>
        </ills>
      </page>
    </pages>
  </contenus>
</analyseAlto>
