<?xml version="1.0" encoding="UTF-8"?>
<analyseAlto>
  <metad>
    <type>PA</type>
    <ID>bpt6k384614b</ID>
    <titre>La Lettre du prisonnier. Paroles de Emile Hotelier, musique de Edouard Passereau et José Arambol</titre>
    <dateEdition>1916</dateEdition>
    <nbPage>6</nbPage>
  </metad>
  <contenus ocr="false" toc="false">
    <largeur>135</largeur>
    <hauteur>173</hauteur>
    <pages>
      <page ordre="2">
        <blocIllustration>1</blocIllustration>
        <ills>
          <ill classif="CC" couleur="gris" filtre="1" h="4090" id="2-1" n="2-1" taille="6" w="3150" x="1" y="1">
            <genre CS="0.99" source="TensorFlow">filtretxt</genre>
            <contenuImg CS="0.966">gray color</contenuImg>
            <contenuImg CS="0.837">written document</contenuImg>
            <contenuImg CS="0.866">device</contenuImg>
            <contenuImg CS="0.866">machine</contenuImg>
            <contenuImg CS="0.866">computer</contenuImg>
            <contenuImg CS="0.866">slide rule</contenuImg>
            <theme CS="0.95">01</theme>
            <titraille>La Lettre du prisonnier. Paroles de Emile Hotelier, musique de Edouard Passereau et José Arambol</titraille>
          </ill>
        </ills>
      </page>
    </pages>
  </contenus>
</analyseAlto>
