<?xml version="1.0" encoding="UTF-8"?>
<analyseAlto>
  <metad>
    <type>PA</type>
    <ID>bpt6k3847541</ID>
    <titre>L’Assaut victorieux Chanson patriotique..., paroles de Joseph Maggini, musique de Xavier Tomasi</titre>
    <dateEdition>1916</dateEdition>
    <nbPage>6</nbPage>
  </metad>
  <contenus ocr="false" toc="false">
    <largeur>131</largeur>
    <hauteur>172</hauteur>
    <pages>
      <page ordre="1">
        <blocIllustration>1</blocIllustration>
        <ills>
          <ill classif="CC" couleur="gris" h="4067" id="1-1" n="1-1" taille="5" w="3100" x="1" y="1">
            <genre CS="0.33" source="TensorFlow">dessin</genre>
            <contenuImg CS="0.586">pale yellow color</contenuImg>
            <contenuImg CS="0.863">olive green color</contenuImg>
            <contenuImg CS="0.53">sleeve</contenuImg>
            <contenuImg CS="0.53">record sleeve</contenuImg>
            <contenuImg CS="0.615">circle</contenuImg>
            <contenuImg CS="0.615">phonograph recording disk</contenuImg>
            <contenuImg CS="0.941">device</contenuImg>
            <contenuImg CS="0.872">memory device</contenuImg>
            <contenuImg CS="0.872">seventy-eight (record)</contenuImg>
            <theme CS="0.95">01</theme>
            <titraille>L’Assaut victorieux Chanson patriotique..., paroles de Joseph Maggini, musique de Xavier Tomasi</titraille>
          </ill>
        </ills>
      </page>
    </pages>
  </contenus>
</analyseAlto>
