<?xml version="1.0" encoding="UTF-8"?>
<analyseAlto>
  <metad>
    <type>PA</type>
    <ID>bpt6k3858147</ID>
    <titre>France immortelle Marche française, paroles de Henry Moreau, musique de Ernest Weiller. Op. 369</titre>
    <dateEdition>1915</dateEdition>
    <nbPage>6</nbPage>
  </metad>
  <contenus ocr="false" toc="false">
    <largeur>133</largeur>
    <hauteur>174</hauteur>
    <pages>
      <page ordre="2">
        <blocIllustration>1</blocIllustration>
        <ills>
          <ill classif="CC" couleur="gris" filtre="1" h="4091" id="2-1" n="2-1" taille="6" w="3157" x="1" y="1">
            <genre CS="0.96" source="TensorFlow">filtretxt</genre>
            <contenuImg CS="0.998">gray color</contenuImg>
            <contenuImg CS="0.62">medium</contenuImg>
            <contenuImg CS="0.62">newspaper</contenuImg>
            <contenuImg CS="0.53">gazette</contenuImg>
            <contenuImg CS="0.921">written document</contenuImg>
            <theme CS="0.95">01</theme>
            <titraille>France immortelle Marche française, paroles de Henry Moreau, musique de Ernest Weiller. Op. 369</titraille>
          </ill>
        </ills>
      </page>
    </pages>
  </contenus>
</analyseAlto>
