<?xml version="1.0" encoding="UTF-8"?>
<analyseAlto>
  <metad>
    <type>PA</type>
    <ID>bpt6k3853919</ID>
    <titre>Les Déceptions du Kaiser. Chanson à l’usage des poilus, paroles et musique de M. Trebalag</titre>
    <dateEdition>1915</dateEdition>
    <nbPage>6</nbPage>
  </metad>
  <contenus ocr="false" toc="false">
    <largeur>133</largeur>
    <hauteur>173</hauteur>
    <pages>
      <page ordre="2">
        <blocIllustration>1</blocIllustration>
        <ills>
          <ill classif="CC" couleur="gris" filtre="1" h="4117" id="2-1" n="2-1" taille="5" w="3148" x="1" y="1">
            <genre CS="0.97" source="TensorFlow">filtretxt</genre>
            <contenuImg CS="0.991">gray color</contenuImg>
            <contenuImg CS="0.73">device</contenuImg>
            <contenuImg CS="0.73">electronic device</contenuImg>
            <contenuImg CS="0.73">video display</contenuImg>
            <contenuImg CS="0.73">window</contenuImg>
            <contenuImg CS="0.53">dialog box</contenuImg>
            <contenuImg CS="0.898">written document</contenuImg>
            <theme CS="0.95">01</theme>
            <titraille>Les Déceptions du Kaiser. Chanson à l’usage des poilus, paroles et musique de M. Trebalag</titraille>
          </ill>
        </ills>
      </page>
    </pages>
  </contenus>
</analyseAlto>
