<?xml version="1.0" encoding="UTF-8"?>
<analyseAlto>
  <metad>
    <type>PA</type>
    <ID>bpt6k385745b</ID>
    <titre>Marche des conscrits, poésie de Ch. Grandmougin</titre>
    <dateEdition>1915</dateEdition>
    <nbPage>6</nbPage>
  </metad>
  <contenus ocr="false" toc="false">
    <largeur>133</largeur>
    <hauteur>175</hauteur>
    <pages>
      <page ordre="1">
        <blocIllustration>1</blocIllustration>
        <ills>
          <ill classif="CC" couleur="gris" h="4136" id="1-1" n="1-1" taille="6" w="3159" x="1" y="1">
            <genre CS="0.39" source="TensorFlow">dessin</genre>
            <contenuImg CS="0.529">gray color</contenuImg>
            <contenuImg CS="0.823">olive green color</contenuImg>
            <contenuImg CS="0.53">wrapping</contenuImg>
            <contenuImg CS="0.53">envelope</contenuImg>
            <contenuImg CS="0.602">food</contenuImg>
            <contenuImg CS="0.602">menu</contenuImg>
            <contenuImg CS="0.726">written document</contenuImg>
            <contenuImg CS="0.727">paper</contenuImg>
            <theme CS="0.95">01</theme>
            <titraille>Marche des conscrits, poésie de Ch. Grandmougin</titraille>
          </ill>
        </ills>
      </page>
    </pages>
  </contenus>
</analyseAlto>
