<?xml version="1.0" encoding="UTF-8"?>
<analyseAlto>
  <metad>
    <type>PA</type>
    <ID>bpt6k385410g</ID>
    <titre>Le Chant des nations Chant patriotique, poésie de Pierre Dupont, musique de Louise Galtieur</titre>
    <dateEdition>1915</dateEdition>
    <nbPage>6</nbPage>
  </metad>
  <contenus ocr="false" toc="false">
    <largeur>134</largeur>
    <hauteur>173</hauteur>
    <pages>
      <page ordre="1">
        <blocIllustration>1</blocIllustration>
        <ills>
          <ill classif="CC" couleur="gris" filtre="1" h="4095" id="1-1" n="1-1" taille="6" w="3183" x="1" y="1">
            <genre CS="0.66" source="TensorFlow">filtretxt</genre>
            <contenuImg CS="0.709">olive green color</contenuImg>
            <contenuImg CS="0.93">gray color</contenuImg>
            <contenuImg CS="0.566">deckle edge (paper making)</contenuImg>
            <contenuImg CS="0.583">paper</contenuImg>
            <contenuImg CS="0.845">written document</contenuImg>
            <theme CS="0.95">01</theme>
            <titraille>Le Chant des nations Chant patriotique, poésie de Pierre Dupont, musique de Louise Galtieur</titraille>
          </ill>
        </ills>
      </page>
    </pages>
  </contenus>
</analyseAlto>
