<?xml version="1.0" encoding="UTF-8"?>
<analyseAlto>
  <metad>
    <type>PA</type>
    <ID>bpt6k385569x</ID>
    <titre>Chanson des poilus. Paroles de Jean Parigot, musique de Aristide Bruant</titre>
    <dateEdition>1915</dateEdition>
    <nbPage>6</nbPage>
  </metad>
  <contenus ocr="false" toc="false">
    <largeur>135</largeur>
    <hauteur>174</hauteur>
    <pages>
      <page ordre="1">
        <blocIllustration>1</blocIllustration>
        <ills>
          <ill classif="CC DF" couleur="gris" h="4119" id="1-1" n="1-1" taille="6" w="3189" x="1" y="1">
            <genre CS="0.60" source="TensorFlow">dessin</genre>
            <contenuImg CS="0.881">olive green color</contenuImg>
            <contenuImg CS="0.894">gray color</contenuImg>
            <contenuImg CS="0.53">person</contenuImg>
            <contenuImg CS="0.53">paper based (stamps/currency)</contenuImg>
            <contenuImg CS="0.56">pen-and-ink</contenuImg>
            <contenuImg CS="0.895">study</contenuImg>
            <theme CS="0.95">01</theme>
            <titraille>Chanson des poilus. Paroles de Jean Parigot, musique de Aristide Bruant</titraille>
          </ill>
        </ills>
      </page>
    </pages>
  </contenus>
</analyseAlto>
