<?xml version="1.0" encoding="UTF-8"?>
<analyseAlto>
  <metad>
    <type>PA</type>
    <ID>bpt6k3855730</ID>
    <titre>Sous le Drapeau ! Chant patriotique..., paroles et musique de Henri d’ Arnouville</titre>
    <dateEdition>1915</dateEdition>
    <nbPage>6</nbPage>
  </metad>
  <contenus ocr="false" toc="false">
    <largeur>133</largeur>
    <hauteur>170</hauteur>
    <pages>
      <page ordre="1">
        <blocIllustration>1</blocIllustration>
        <ills>
          <ill classif="CC" couleur="gris" filtre="1" h="4028" id="1-1" n="1-1" taille="5" w="3153" x="1" y="1">
            <genre CS="0.50" source="TensorFlow">filtretxt</genre>
            <contenuImg CS="0.804">olive green color</contenuImg>
            <contenuImg CS="0.53">paper</contenuImg>
            <contenuImg CS="0.863">written document</contenuImg>
            <theme CS="0.95">01</theme>
            <titraille>Sous le Drapeau ! Chant patriotique..., paroles et musique de Henri d’ Arnouville</titraille>
          </ill>
        </ills>
      </page>
    </pages>
  </contenus>
</analyseAlto>
