<?xml version="1.0" encoding="UTF-8"?>
<analyseAlto>
  <metad>
    <type>PA</type>
    <ID>bpt6k383901h</ID>
    <titre>Quand Papa reviendra ! Poème de Gabriel Ruelle, musique d’ Edouard Mathé</titre>
    <dateEdition>1917</dateEdition>
    <nbPage>16</nbPage>
  </metad>
  <contenus ocr="false" toc="false">
    <largeur>136</largeur>
    <hauteur>176</hauteur>
    <pages>
      <page ordre="1">
        <blocIllustration>1</blocIllustration>
        <ills>
          <ill classif="CC DF" couleur="gris" h="4170" id="1-1" n="1-1" taille="6" w="3221" x="1" y="1">
            <genre CS="0.56" source="TensorFlow">dessin</genre>
            <contenuImg CS="0.909">olive green color</contenuImg>
            <contenuImg CS="0.98">person</contenuImg>
            <contenuImg CS="0.98">paper based (stamps/currency)</contenuImg>
            <theme CS="0.95">01</theme>
            <titraille>Quand Papa reviendra ! Poème de Gabriel Ruelle, musique d’ Edouard Mathé</titraille>
          </ill>
        </ills>
      </page>
    </pages>
  </contenus>
</analyseAlto>
