<?xml version="1.0" encoding="UTF-8"?>
<analyseAlto>
  <metad>
    <type>PA</type>
    <ID>bpt6k385587v</ID>
    <titre>L’Epée d'honneur ! Chanson-marche, paroles de J. Carrière, musique de Dardany</titre>
    <dateEdition>1915</dateEdition>
    <nbPage>6</nbPage>
  </metad>
  <contenus ocr="false" toc="false">
    <largeur>134</largeur>
    <hauteur>172</hauteur>
    <pages>
      <page ordre="2">
        <blocIllustration>1</blocIllustration>
        <ills>
          <ill classif="CC" couleur="gris" filtre="1" h="3965" id="2-1" n="2-1" taille="5" w="3065" x="1" y="1">
            <genre CS="0.99" source="TensorFlow">filtretxt</genre>
            <contenuImg CS="0.966">gray color</contenuImg>
            <contenuImg CS="0.615">device</contenuImg>
            <contenuImg CS="0.614">electronic device</contenuImg>
            <contenuImg CS="0.614">video display</contenuImg>
            <contenuImg CS="0.614">window</contenuImg>
            <contenuImg CS="0.53">dialog box</contenuImg>
            <contenuImg CS="0.544">food</contenuImg>
            <contenuImg CS="0.544">menu</contenuImg>
            <contenuImg CS="0.909">written document</contenuImg>
            <theme CS="0.95">01</theme>
            <titraille>L’Epée d'honneur ! Chanson-marche, paroles de J. Carrière, musique de Dardany</titraille>
          </ill>
        </ills>
      </page>
    </pages>
  </contenus>
</analyseAlto>
