<?xml version="1.0" encoding="UTF-8"?>
<analyseAlto>
  <metad>
    <type>PA</type>
    <ID>bpt6k3851689</ID>
    <titre>Lettre d’amour de la tranchée. Poésie de Gustave Rivet, musique de Jeanne Rivet</titre>
    <dateEdition>1916</dateEdition>
    <nbPage>4</nbPage>
  </metad>
  <contenus ocr="false" toc="false">
    <largeur>133</largeur>
    <hauteur>173</hauteur>
    <pages>
      <page ordre="1">
        <blocIllustration>1</blocIllustration>
        <ills>
          <ill classif="CC" couleur="gris" filtre="1" h="4106" id="1-1" n="1-1" taille="5" w="3157" x="1" y="1">
            <genre CS="0.98" source="TensorFlow">filtretxt</genre>
            <contenuImg CS="0.994">gray color</contenuImg>
            <contenuImg CS="0.688">device</contenuImg>
            <contenuImg CS="0.687">electronic device</contenuImg>
            <contenuImg CS="0.687">video display</contenuImg>
            <contenuImg CS="0.687">window</contenuImg>
            <contenuImg CS="0.572">dialog box</contenuImg>
            <contenuImg CS="0.905">written document</contenuImg>
            <theme CS="0.95">01</theme>
            <titraille>Lettre d’amour de la tranchée. Poésie de Gustave Rivet, musique de Jeanne Rivet</titraille>
          </ill>
        </ills>
      </page>
    </pages>
  </contenus>
</analyseAlto>
