<?xml version="1.0" encoding="UTF-8"?>
<analyseAlto>
  <metad>
    <type>PA</type>
    <ID>bpt6k385005s</ID>
    <titre>Le Credo de la victoire ! Paroles de Ernest Dubreuil et Paul Burani, musique de A. Messager</titre>
    <dateEdition>1916</dateEdition>
    <nbPage>8</nbPage>
  </metad>
  <contenus ocr="false" toc="false">
    <largeur>133</largeur>
    <hauteur>174</hauteur>
    <pages>
      <page ordre="1">
        <blocIllustration>1</blocIllustration>
        <ills>
          <ill classif="CC DF" couleur="gris" h="4131" id="1-1" n="1-1" taille="6" w="3144" x="1" y="1">
            <genre CS="0.89" source="TensorFlow">dessin</genre>
            <contenuImg CS="0.93">black color</contenuImg>
            <contenuImg CS="0.936">gray color</contenuImg>
            <contenuImg CS="0.924">person</contenuImg>
            <contenuImg CS="0.923">woman with bag</contenuImg>
            <theme CS="0.95">01</theme>
            <titraille>Le Credo de la victoire ! Paroles de Ernest Dubreuil et Paul Burani, musique de A. Messager</titraille>
          </ill>
        </ills>
      </page>
    </pages>
  </contenus>
</analyseAlto>
