<?xml version="1.0" encoding="UTF-8"?>
<analyseAlto>
  <metad>
    <type>PA</type>
    <ID>bpt6k3859271</ID>
    <titre>Clochés de France. Chant patriotique, paroles de Clément Rosset, musique de Jacques Chanaud</titre>
    <dateEdition>1915</dateEdition>
    <nbPage>12</nbPage>
  </metad>
  <contenus ocr="false" toc="false">
    <largeur>135</largeur>
    <hauteur>174</hauteur>
    <pages>
      <page ordre="2">
        <blocIllustration>1</blocIllustration>
        <ills>
          <ill classif="CC" couleur="gris" filtre="1" h="4097" id="2-1" n="2-1" taille="6" w="3180" x="1" y="1">
            <genre CS="0.98" source="TensorFlow">filtretxt</genre>
            <contenuImg CS="0.84">orange color</contenuImg>
            <contenuImg CS="0.861">gray color</contenuImg>
            <contenuImg CS="0.568">written document</contenuImg>
            <contenuImg CS="0.882">device</contenuImg>
            <contenuImg CS="0.882">electronic device</contenuImg>
            <contenuImg CS="0.882">video display</contenuImg>
            <contenuImg CS="0.882">window</contenuImg>
            <contenuImg CS="0.796">dialog box</contenuImg>
            <theme CS="0.95">01</theme>
            <titraille>Clochés de France. Chant patriotique, paroles de Clément Rosset, musique de Jacques Chanaud</titraille>
          </ill>
        </ills>
      </page>
    </pages>
  </contenus>
</analyseAlto>
