<?xml version="1.0" encoding="UTF-8"?>
<analyseAlto>
  <metad>
    <type>PA</type>
    <ID>bpt6k384275j</ID>
    <titre>Le Rhin allemand. Poésie de Alfred de Musset, musique de Emile Engel</titre>
    <dateEdition>1917</dateEdition>
    <nbPage>8</nbPage>
  </metad>
  <contenus ocr="false" toc="false">
    <largeur>132</largeur>
    <hauteur>171</hauteur>
    <pages>
      <page ordre="1">
        <blocIllustration>1</blocIllustration>
        <ills>
          <ill classif="CC" couleur="gris" h="4052" id="1-1" n="1-1" taille="5" w="3140" x="1" y="1">
            <genre CS="0.48" source="TensorFlow">dessin</genre>
            <contenuImg CS="1.0">gray color</contenuImg>
            <contenuImg CS="0.53">magazine</contenuImg>
            <contenuImg CS="0.755">medium</contenuImg>
            <contenuImg CS="0.755">newspaper</contenuImg>
            <theme CS="0.95">01</theme>
            <titraille>Le Rhin allemand. Poésie de Alfred de Musset, musique de Emile Engel</titraille>
          </ill>
        </ills>
      </page>
    </pages>
  </contenus>
</analyseAlto>
