<?xml version="1.0" encoding="UTF-8"?>
<analyseAlto>
  <metad>
    <type>PA</type>
    <ID>bpt6k3839140</ID>
    <titre>En passant l’Atlantique ! Idylle franco-américaine, paroles de Jack Cazol, musique de O'Bill</titre>
    <dateEdition>1917</dateEdition>
    <nbPage>6</nbPage>
  </metad>
  <contenus ocr="false" toc="false">
    <largeur>131</largeur>
    <hauteur>173</hauteur>
    <pages>
      <page ordre="2">
        <blocIllustration>1</blocIllustration>
        <ills>
          <ill classif="CC" couleur="gris" filtre="1" h="4078" id="2-1" n="2-1" taille="5" w="3150" x="1" y="1">
            <genre CS="0.99" source="TensorFlow">filtretxt</genre>
            <contenuImg CS="0.964">gray color</contenuImg>
            <contenuImg CS="0.921">written document</contenuImg>
            <theme CS="0.95">01</theme>
            <titraille>En passant l’Atlantique ! Idylle franco-américaine, paroles de Jack Cazol, musique de O'Bill</titraille>
          </ill>
        </ills>
      </page>
    </pages>
  </contenus>
</analyseAlto>
