<?xml version="1.0" encoding="UTF-8"?>
<analyseAlto>
  <metad>
    <type>PA</type>
    <ID>bpt6k383701w</ID>
    <titre>Aux héros de l’Entente hymne. Paroles de Gaëlle Guillaume. Musique de Jules du Fort</titre>
    <dateEdition>1918</dateEdition>
    <nbPage>4</nbPage>
  </metad>
  <contenus ocr="false" toc="false">
    <largeur>133</largeur>
    <hauteur>172</hauteur>
    <pages>
      <page ordre="2">
        <blocIllustration>1</blocIllustration>
        <ills>
          <ill classif="CC" couleur="gris" filtre="1" h="3991" id="2-1" n="2-1" taille="5" w="3085" x="1" y="1">
            <genre CS="0.99" source="TensorFlow">filtretxt</genre>
            <contenuImg CS="0.996">gray color</contenuImg>
            <contenuImg CS="0.53">food</contenuImg>
            <contenuImg CS="0.53">menu</contenuImg>
            <contenuImg CS="0.695">device</contenuImg>
            <contenuImg CS="0.695">electronic device</contenuImg>
            <contenuImg CS="0.695">video display</contenuImg>
            <contenuImg CS="0.695">window</contenuImg>
            <contenuImg CS="0.62">dialog box</contenuImg>
            <contenuImg CS="0.915">written document</contenuImg>
            <theme CS="0.95">01</theme>
            <titraille>Aux héros de l’Entente hymne. Paroles de Gaëlle Guillaume. Musique de Jules du Fort</titraille>
          </ill>
        </ills>
      </page>
    </pages>
  </contenus>
</analyseAlto>
