<?xml version="1.0" encoding="UTF-8"?>
<analyseAlto>
  <metad>
    <type>PA</type>
    <ID>bpt6k385967d</ID>
    <titre>Les 2 Médailles Vers de Pierre d’ Amor, musique de Eugène d' Harcourt</titre>
    <dateEdition>1915</dateEdition>
    <nbPage>8</nbPage>
  </metad>
  <contenus ocr="false" toc="false">
    <largeur>135</largeur>
    <hauteur>175</hauteur>
    <pages>
      <page ordre="1">
        <blocIllustration>1</blocIllustration>
        <ills>
          <ill classif="CC" couleur="coul" h="4152" id="1-1" n="1-1" taille="6" w="3198" x="1" y="1">
            <genre CS="0.34" source="TensorFlow">dessin</genre>
            <contenuImg CS="0.721">ivory color</contenuImg>
            <contenuImg CS="0.822">olive green color</contenuImg>
            <contenuImg CS="0.53">jack (ball)</contenuImg>
            <contenuImg CS="0.608">controller</contenuImg>
            <contenuImg CS="0.607">thermostat</contenuImg>
            <contenuImg CS="0.937">device</contenuImg>
            <contenuImg CS="0.899">electrical device</contenuImg>
            <contenuImg CS="0.852">telephone jack</contenuImg>
            <theme CS="0.95">01</theme>
            <titraille>Les 2 Médailles Vers de Pierre d’ Amor, musique de Eugène d' Harcourt</titraille>
          </ill>
        </ills>
      </page>
    </pages>
  </contenus>
</analyseAlto>
