<?xml version="1.0" encoding="UTF-8"?>
<analyseAlto>
  <metad>
    <type>PA</type>
    <ID>bpt6k385463b</ID>
    <titre>Salut au drapeau ! Chant patriotique, paroles de Alphonse Boeuf, musique de Vittorio Monti</titre>
    <dateEdition>1915</dateEdition>
    <nbPage>8</nbPage>
  </metad>
  <contenus ocr="false" toc="false">
    <largeur>134</largeur>
    <hauteur>173</hauteur>
    <pages>
      <page ordre="1">
        <blocIllustration>1</blocIllustration>
        <ills>
          <ill classif="CC" couleur="gris" h="4095" id="1-1" n="1-1" taille="6" w="3182" x="1" y="1">
            <genre CS="0.84" source="TensorFlow">dessin</genre>
            <contenuImg CS="0.975">gray color</contenuImg>
            <contenuImg CS="0.53">wrapping</contenuImg>
            <contenuImg CS="0.53">book jacket</contenuImg>
            <contenuImg CS="0.721">newspaper</contenuImg>
            <contenuImg CS="0.627">school newspaper</contenuImg>
            <contenuImg CS="0.906">medium</contenuImg>
            <contenuImg CS="0.797">print media</contenuImg>
            <theme CS="0.95">01</theme>
            <titraille>Salut au drapeau ! Chant patriotique, paroles de Alphonse Boeuf, musique de Vittorio Monti</titraille>
          </ill>
        </ills>
      </page>
    </pages>
  </contenus>
</analyseAlto>
