<?xml version="1.0" encoding="UTF-8"?>
<analyseAlto>
  <metad>
    <type>PA</type>
    <ID>bpt6k384717s</ID>
    <titre>Hymne du triomphe. Poésie de Henri d’ Arc, musique de L. Richard</titre>
    <dateEdition>1916</dateEdition>
    <nbPage>8</nbPage>
  </metad>
  <contenus ocr="false" toc="false">
    <largeur>135</largeur>
    <hauteur>173</hauteur>
    <pages>
      <page ordre="1">
        <blocIllustration>1</blocIllustration>
        <ills>
          <ill classif="CC" couleur="gris" h="4110" id="1-1" n="1-1" taille="6" w="3204" x="1" y="1">
            <genre CS="0.26" source="TensorFlow">dessin</genre>
            <contenuImg CS="0.53">Chablis</contenuImg>
            <contenuImg CS="0.581">macon</contenuImg>
            <contenuImg CS="0.942">food</contenuImg>
            <contenuImg CS="0.942">beverage</contenuImg>
            <contenuImg CS="0.942">wine</contenuImg>
            <contenuImg CS="0.916">white wine</contenuImg>
            <contenuImg CS="0.887">Montrachet</contenuImg>
            <theme CS="0.95">01</theme>
            <titraille>Hymne du triomphe. Poésie de Henri d’ Arc, musique de L. Richard</titraille>
          </ill>
        </ills>
      </page>
    </pages>
  </contenus>
</analyseAlto>
