<?xml version="1.0" encoding="UTF-8"?>
<analyseAlto>
  <metad>
    <type>PA</type>
    <ID>bpt6k385710d</ID>
    <titre>Hymne national roumain : pour chant et piano / poésie de V. Alexandri ; musique de A. Hübsch</titre>
    <dateEdition>1915</dateEdition>
    <nbPage>4</nbPage>
  </metad>
  <contenus ocr="false" toc="false">
    <largeur>134</largeur>
    <hauteur>175</hauteur>
    <pages>
      <page ordre="1">
        <blocIllustration>1</blocIllustration>
        <ills>
          <ill classif="CC" couleur="coul" h="4152" id="1-1" n="1-1" taille="6" w="3181" x="1" y="1">
            <genre CS="0.59" source="TensorFlow">dessin</genre>
            <contenuImg CS="0.5">claret red color</contenuImg>
            <contenuImg CS="0.88">olive green color</contenuImg>
            <contenuImg CS="0.53">device</contenuImg>
            <contenuImg CS="0.53">memory device</contenuImg>
            <contenuImg CS="0.53">CD-ROM</contenuImg>
            <contenuImg CS="0.543">sleeve</contenuImg>
            <contenuImg CS="0.543">record sleeve</contenuImg>
            <contenuImg CS="0.55">magazine</contenuImg>
            <contenuImg CS="0.662">wrapping</contenuImg>
            <contenuImg CS="0.662">book jacket</contenuImg>
            <contenuImg CS="0.669">medium</contenuImg>
            <contenuImg CS="0.669">print media</contenuImg>
            <theme CS="0.95">01</theme>
            <titraille>Hymne national roumain : pour chant et piano / poésie de V. Alexandri ; musique de A. Hübsch</titraille>
          </ill>
        </ills>
      </page>
    </pages>
  </contenus>
</analyseAlto>
