<?xml version="1.0" encoding="UTF-8"?>
<analyseAlto>
  <metad>
    <type>PA</type>
    <ID>bpt6k384696v</ID>
    <titre>France ! Sonnet patriotique..., poésie de J. Miron d’ Aussy, musique de Théodore Dubois</titre>
    <dateEdition>1916</dateEdition>
    <nbPage>8</nbPage>
  </metad>
  <contenus ocr="false" toc="false">
    <largeur>132</largeur>
    <hauteur>177</hauteur>
    <pages>
      <page ordre="1">
        <blocIllustration>1</blocIllustration>
        <ills>
          <ill classif="CC" couleur="coul" h="4182" id="1-1" n="1-1" taille="6" w="3135" x="1" y="1">
            <genre CS="0.33" source="TensorFlow">dessin</genre>
            <contenuImg CS="0.549">olive green color</contenuImg>
            <contenuImg CS="0.811">ivory color</contenuImg>
            <contenuImg CS="0.53">frame</contenuImg>
            <contenuImg CS="0.657">envelope</contenuImg>
            <contenuImg CS="0.769">framework</contenuImg>
            <contenuImg CS="0.689">picture frame</contenuImg>
            <theme CS="0.95">01</theme>
            <titraille>France ! Sonnet patriotique..., poésie de J. Miron d’ Aussy, musique de Théodore Dubois</titraille>
          </ill>
        </ills>
      </page>
    </pages>
  </contenus>
</analyseAlto>
