<?xml version="1.0" encoding="UTF-8"?>
<analyseAlto>
  <metad>
    <type>PA</type>
    <ID>bpt6k3847104</ID>
    <titre>Noël de la vengeance. Paroles de Jehan de Trept, musique de L. DriwsKoff</titre>
    <dateEdition>1916</dateEdition>
    <nbPage>8</nbPage>
  </metad>
  <contenus ocr="false" toc="false">
    <largeur>133</largeur>
    <hauteur>173</hauteur>
    <pages>
      <page ordre="1">
        <blocIllustration>1</blocIllustration>
        <ills>
          <ill classif="CC" couleur="gris" h="4110" id="1-1" n="1-1" taille="5" w="3150" x="1" y="1">
            <genre CS="0.34" source="TensorFlow">dessin</genre>
            <contenuImg CS="0.797">olive green color</contenuImg>
            <contenuImg CS="0.53">written document</contenuImg>
            <contenuImg CS="0.877">food</contenuImg>
            <contenuImg CS="0.877">beverage</contenuImg>
            <contenuImg CS="0.877">wine</contenuImg>
            <contenuImg CS="0.877">white wine</contenuImg>
            <contenuImg CS="0.876">Montrachet</contenuImg>
            <theme CS="0.95">01</theme>
            <titraille>Noël de la vengeance. Paroles de Jehan de Trept, musique de L. DriwsKoff</titraille>
          </ill>
        </ills>
      </page>
    </pages>
  </contenus>
</analyseAlto>
