<?xml version="1.0" encoding="UTF-8"?>
<analyseAlto>
  <metad>
    <type>PA</type>
    <ID>bpt6k386189n</ID>
    <titre>La Joie de l’Alsacienne ! Chanson, paroles de Jacques Férol, musique de L.-A. Droccos</titre>
    <dateEdition>1915</dateEdition>
    <nbPage>6</nbPage>
  </metad>
  <contenus ocr="false" toc="false">
    <largeur>135</largeur>
    <hauteur>172</hauteur>
    <pages>
      <page ordre="2">
        <blocIllustration>1</blocIllustration>
        <ills>
          <ill classif="CC" couleur="gris" filtre="1" h="4097" id="2-1" n="2-1" taille="6" w="3104" x="1" y="1">
            <genre CS="0.99" source="TensorFlow">filtretxt</genre>
            <contenuImg CS="0.996">gray color</contenuImg>
            <contenuImg CS="0.53">machine</contenuImg>
            <contenuImg CS="0.53">computer</contenuImg>
            <contenuImg CS="0.53">portal site</contenuImg>
            <contenuImg CS="0.83">device</contenuImg>
            <contenuImg CS="0.741">electronic device</contenuImg>
            <contenuImg CS="0.741">video display</contenuImg>
            <contenuImg CS="0.741">window</contenuImg>
            <contenuImg CS="0.665">dialog box</contenuImg>
            <contenuImg CS="0.891">written document</contenuImg>
            <theme CS="0.95">01</theme>
            <titraille>La Joie de l’Alsacienne ! Chanson, paroles de Jacques Férol, musique de L.-A. Droccos</titraille>
          </ill>
        </ills>
      </page>
    </pages>
  </contenus>
</analyseAlto>
