<?xml version="1.0" encoding="UTF-8"?>
<analyseAlto>
  <metad>
    <type>PA</type>
    <ID>bpt6k3838152</ID>
    <titre>Le Drapeau vu par un aveugle, paroles de Marcel Baudry, musique de Eugène Villemin</titre>
    <dateEdition>1918</dateEdition>
    <nbPage>6</nbPage>
  </metad>
  <contenus ocr="false" toc="false">
    <largeur>134</largeur>
    <hauteur>175</hauteur>
    <pages>
      <page ordre="2">
        <blocIllustration>1</blocIllustration>
        <ills>
          <ill classif="CC" couleur="gris" filtre="1" h="4104" id="2-1" n="2-1" taille="6" w="3159" x="1" y="1">
            <genre CS="0.98" source="TensorFlow">filtretxt</genre>
            <contenuImg CS="0.986">gray color</contenuImg>
            <contenuImg CS="0.927">written document</contenuImg>
            <theme CS="0.95">01</theme>
            <titraille>Le Drapeau vu par un aveugle, paroles de Marcel Baudry, musique de Eugène Villemin</titraille>
          </ill>
        </ills>
      </page>
    </pages>
  </contenus>
</analyseAlto>
