<?xml version="1.0" encoding="UTF-8"?>
<analyseAlto>
  <metad>
    <type>PA</type>
    <ID>bpt6k386166t</ID>
    <titre>L’hymne de 1914 de M. Auguste Verquière / musique de G. Duca...</titre>
    <dateEdition>1914</dateEdition>
    <nbPage>6</nbPage>
    <descr>Chansons françaises -- 20e siècle Chansons acc. de piano -- 20e siècle</descr>
  </metad>
  <contenus ocr="false" toc="false">
    <largeur>135</largeur>
    <hauteur>172</hauteur>
    <pages>
      <page ordre="1">
        <blocIllustration>1</blocIllustration>
        <ills>
          <ill classif="CC" couleur="gris" filtre="1" h="4077" id="1-1" n="1-1" taille="6" w="3189" x="1" y="1">
            <genre CS="0.54" source="TensorFlow">filtretxt</genre>
            <contenuImg CS="0.69">olive green color</contenuImg>
            <contenuImg CS="0.791">gray color</contenuImg>
            <contenuImg CS="0.532">device</contenuImg>
            <contenuImg CS="0.53">machine</contenuImg>
            <contenuImg CS="0.53">computer</contenuImg>
            <contenuImg CS="0.53">web site</contenuImg>
            <contenuImg CS="0.554">paper</contenuImg>
            <contenuImg CS="0.868">written document</contenuImg>
            <theme CS="0.95">01</theme>
            <titraille>L’hymne de 1914 de M. Auguste Verquière / musique de G. Duca...</titraille>
          </ill>
        </ills>
      </page>
    </pages>
  </contenus>
</analyseAlto>
