<?xml version="1.0" encoding="UTF-8"?>
<analyseAlto>
  <metad>
    <type>PA</type>
    <ID>bpt6k385431j</ID>
    <titre>Lettre du front à sa vieille maman . Paroles et musique de Louis Pettérati</titre>
    <dateEdition>1915</dateEdition>
    <nbPage>6</nbPage>
  </metad>
  <contenus ocr="false" toc="false">
    <largeur>134</largeur>
    <hauteur>173</hauteur>
    <pages>
      <page ordre="1">
        <blocIllustration>1</blocIllustration>
        <ills>
          <ill classif="CC" couleur="gris" filtre="1" h="4095" id="1-1" n="1-1" taille="6" w="3182" x="1" y="1">
            <genre CS="0.82" source="TensorFlow">filtretxt</genre>
            <contenuImg CS="0.645">gray color</contenuImg>
            <contenuImg CS="0.813">olive green color</contenuImg>
            <contenuImg CS="0.53">framework</contenuImg>
            <contenuImg CS="0.53">frame</contenuImg>
            <contenuImg CS="0.863">written document</contenuImg>
            <theme CS="0.95">01</theme>
            <titraille>Lettre du front à sa vieille maman . Paroles et musique de Louis Pettérati</titraille>
          </ill>
        </ills>
      </page>
    </pages>
  </contenus>
</analyseAlto>
