<?xml version="1.0" encoding="UTF-8"?>
<analyseAlto>
  <metad>
    <type>PA</type>
    <ID>bpt6k383681b</ID>
    <titre>Quand madelon.. English words by Fred W. Leigh. Paroles de Louis Bousquet. Musique de Camille Robert</titre>
    <dateEdition>1918</dateEdition>
    <nbPage>4</nbPage>
  </metad>
  <contenus ocr="false" toc="false">
    <largeur>137</largeur>
    <hauteur>172</hauteur>
    <pages>
      <page ordre="1">
        <blocIllustration>1</blocIllustration>
        <ills>
          <ill classif="CC" couleur="gris" h="4071" id="1-1" n="1-1" taille="6" w="3244" x="1" y="1">
            <genre CS="0.60" source="TensorFlow">dessin</genre>
            <contenuImg CS="1.0">gray color</contenuImg>
            <contenuImg CS="0.581">magazine</contenuImg>
            <contenuImg CS="0.53">comic book</contenuImg>
            <contenuImg CS="0.569">medium</contenuImg>
            <contenuImg CS="0.569">free press</contenuImg>
            <contenuImg CS="0.715">wrapping</contenuImg>
            <contenuImg CS="0.715">book jacket</contenuImg>
            <theme CS="0.95">01</theme>
            <titraille>Quand madelon.. English words by Fred W. Leigh. Paroles de Louis Bousquet. Musique de Camille Robert</titraille>
          </ill>
        </ills>
      </page>
    </pages>
  </contenus>
</analyseAlto>
