<?xml version="1.0" encoding="UTF-8"?>
<analyseAlto>
  <metad>
    <type>PA</type>
    <ID>bpt6k3848953</ID>
    <titre>Le Drapeau français. Poésie de L. Albert Du Chatain, musique de Alexandre Béon</titre>
    <dateEdition>1916</dateEdition>
    <nbPage>12</nbPage>
  </metad>
  <contenus ocr="false" toc="false">
    <largeur>133</largeur>
    <hauteur>173</hauteur>
    <pages>
      <page ordre="1">
        <blocIllustration>1</blocIllustration>
        <ills>
          <ill classif="CC" couleur="gris" filtre="1" h="4091" id="1-1" n="1-1" taille="5" w="3147" x="1" y="1">
            <genre CS="0.54" source="TensorFlow">filtretxt</genre>
            <contenuImg CS="0.88">olive green color</contenuImg>
            <contenuImg CS="0.53">paper</contenuImg>
            <contenuImg CS="0.666">food</contenuImg>
            <contenuImg CS="0.666">beverage</contenuImg>
            <contenuImg CS="0.666">wine</contenuImg>
            <contenuImg CS="0.666">white wine</contenuImg>
            <contenuImg CS="0.664">Montrachet</contenuImg>
            <contenuImg CS="0.803">written document</contenuImg>
            <theme CS="0.95">01</theme>
            <titraille>Le Drapeau français. Poésie de L. Albert Du Chatain, musique de Alexandre Béon</titraille>
          </ill>
        </ills>
      </page>
    </pages>
  </contenus>
</analyseAlto>
