<?xml version="1.0" encoding="UTF-8"?>
<analyseAlto>
  <metad>
    <type>PA</type>
    <ID>bpt6k385813v</ID>
    <titre>Le Sang de France. Mélodie..., paroles de A. Jost, musique de Ernest Weiller, op. 362</titre>
    <dateEdition>1915</dateEdition>
    <nbPage>6</nbPage>
  </metad>
  <contenus ocr="false" toc="false">
    <largeur>133</largeur>
    <hauteur>174</hauteur>
    <pages>
      <page ordre="2">
        <blocIllustration>1</blocIllustration>
        <ills>
          <ill classif="CC" couleur="gris" filtre="1" h="4091" id="2-1" n="2-1" taille="6" w="3142" x="1" y="1">
            <genre CS="0.97" source="TensorFlow">filtretxt</genre>
            <contenuImg CS="1.0">gray color</contenuImg>
            <contenuImg CS="0.53">device</contenuImg>
            <contenuImg CS="0.53">machine</contenuImg>
            <contenuImg CS="0.53">computer</contenuImg>
            <contenuImg CS="0.53">slide rule</contenuImg>
            <contenuImg CS="0.959">written document</contenuImg>
            <theme CS="0.95">01</theme>
            <titraille>Le Sang de France. Mélodie..., paroles de A. Jost, musique de Ernest Weiller, op. 362</titraille>
          </ill>
        </ills>
      </page>
    </pages>
  </contenus>
</analyseAlto>
