<?xml version="1.0" encoding="UTF-8"?>
<analyseAlto>
  <metad>
    <type>PA</type>
    <ID>bpt6k3853275</ID>
    <titre>Réveil nocturne. Histoire parisienne, paroles de Henry Moreau, musique de Vargues</titre>
    <dateEdition>1915</dateEdition>
    <nbPage>6</nbPage>
  </metad>
  <contenus ocr="false" toc="false">
    <largeur>133</largeur>
    <hauteur>173</hauteur>
    <pages>
      <page ordre="2">
        <blocIllustration>1</blocIllustration>
        <ills>
          <ill classif="CC" couleur="gris" filtre="1" h="4104" id="2-1" n="2-1" taille="5" w="3105" x="1" y="1">
            <genre CS="0.97" source="TensorFlow">filtretxt</genre>
            <contenuImg CS="0.971">gray color</contenuImg>
            <contenuImg CS="0.53">machine</contenuImg>
            <contenuImg CS="0.53">computer</contenuImg>
            <contenuImg CS="0.53">slide rule</contenuImg>
            <contenuImg CS="0.905">device</contenuImg>
            <contenuImg CS="0.857">electronic device</contenuImg>
            <contenuImg CS="0.857">video display</contenuImg>
            <contenuImg CS="0.857">window</contenuImg>
            <contenuImg CS="0.818">dialog box</contenuImg>
            <contenuImg CS="0.866">written document</contenuImg>
            <theme CS="0.95">01</theme>
            <titraille>Réveil nocturne. Histoire parisienne, paroles de Henry Moreau, musique de Vargues</titraille>
          </ill>
        </ills>
      </page>
    </pages>
  </contenus>
</analyseAlto>
