<?xml version="1.0" encoding="UTF-8"?>
<analyseAlto>
  <metad>
    <type>PA</type>
    <ID>bpt6k384772z</ID>
    <titre>Pierrot se fait aviateur. Valse. Paroles de André Bengalit</titre>
    <dateEdition>1916</dateEdition>
    <nbPage>6</nbPage>
  </metad>
  <contenus ocr="false" toc="false">
    <largeur>135</largeur>
    <hauteur>173</hauteur>
    <pages>
      <page ordre="2">
        <blocIllustration>1</blocIllustration>
        <ills>
          <ill classif="CC" couleur="gris" filtre="1" h="3893" id="2-1" n="2-1" taille="6" w="2922" x="1" y="1">
            <genre CS="0.99" source="TensorFlow">filtretxt</genre>
            <contenuImg CS="0.968">gray color</contenuImg>
            <contenuImg CS="0.919">written document</contenuImg>
            <theme CS="0.95">01</theme>
            <titraille>Pierrot se fait aviateur. Valse. Paroles de André Bengalit</titraille>
          </ill>
        </ills>
      </page>
    </pages>
  </contenus>
</analyseAlto>
