<?xml version="1.0" encoding="UTF-8"?>
<analyseAlto>
  <metad>
    <type>PA</type>
    <ID>bpt6k3861799</ID>
    <titre>Allemagne au dessus de tout. Chant patriotique à 1 v. et piano, paroles de Jean Aicard, musique de Mme Blanche Poupon</titre>
    <dateEdition>1915</dateEdition>
    <nbPage>6</nbPage>
  </metad>
  <contenus ocr="false" toc="false">
    <largeur>135</largeur>
    <hauteur>172</hauteur>
    <pages>
      <page ordre="2">
        <blocIllustration>1</blocIllustration>
        <ills>
          <ill classif="CC" couleur="gris" filtre="1" h="4097" id="2-1" n="2-1" taille="6" w="3104" x="1" y="1">
            <genre CS="0.98" source="TensorFlow">filtretxt</genre>
            <contenuImg CS="0.992">gray color</contenuImg>
            <contenuImg CS="0.606">electronic device</contenuImg>
            <contenuImg CS="0.606">video display</contenuImg>
            <contenuImg CS="0.606">window</contenuImg>
            <contenuImg CS="0.53">dialog box</contenuImg>
            <contenuImg CS="0.778">device</contenuImg>
            <contenuImg CS="0.555">machine</contenuImg>
            <contenuImg CS="0.555">computer</contenuImg>
            <contenuImg CS="0.555">slide rule</contenuImg>
            <contenuImg CS="0.903">written document</contenuImg>
            <theme CS="0.95">01</theme>
            <titraille>Allemagne au dessus de tout. Chant patriotique à 1 v. et piano, paroles de Jean Aicard, musique de Mme Blanche Poupon</titraille>
          </ill>
        </ills>
      </page>
    </pages>
  </contenus>
</analyseAlto>
