<?xml version="1.0" encoding="UTF-8"?>
<analyseAlto>
  <metad>
    <type>PA</type>
    <ID>bpt6k385977r</ID>
    <titre>La Croix de fer du Kaiser. Chanson satirique..., paroles et musique de Louis Beaufaux</titre>
    <dateEdition>1915</dateEdition>
    <nbPage>6</nbPage>
  </metad>
  <contenus ocr="false" toc="false">
    <largeur>135</largeur>
    <hauteur>174</hauteur>
    <pages>
      <page ordre="2">
        <blocIllustration>1</blocIllustration>
        <ills>
          <ill classif="CC" couleur="gris" filtre="1" h="4097" id="2-1" n="2-1" taille="6" w="3180" x="1" y="1">
            <genre CS="0.97" source="TensorFlow">filtretxt</genre>
            <contenuImg CS="0.966">gray color</contenuImg>
            <contenuImg CS="0.633">device</contenuImg>
            <contenuImg CS="0.633">electronic device</contenuImg>
            <contenuImg CS="0.633">video display</contenuImg>
            <contenuImg CS="0.632">window</contenuImg>
            <contenuImg CS="0.53">dialog box</contenuImg>
            <contenuImg CS="0.942">written document</contenuImg>
            <theme CS="0.95">01</theme>
            <titraille>La Croix de fer du Kaiser. Chanson satirique..., paroles et musique de Louis Beaufaux</titraille>
          </ill>
        </ills>
      </page>
    </pages>
  </contenus>
</analyseAlto>
