<?xml version="1.0" encoding="UTF-8"?>
<analyseAlto>
  <metad>
    <type>PA</type>
    <ID>bpt6k384982x</ID>
    <titre>Chant belge. Paroles de Myrès</titre>
    <dateEdition>1916</dateEdition>
    <nbPage>6</nbPage>
  </metad>
  <contenus ocr="false" toc="false">
    <largeur>130</largeur>
    <hauteur>173</hauteur>
    <pages>
      <page ordre="2">
        <blocIllustration>1</blocIllustration>
        <ills>
          <ill classif="CC" couleur="gris" filtre="1" h="4091" id="2-1" n="2-1" taille="5" w="3093" x="1" y="1">
            <genre CS="0.98" source="TensorFlow">filtretxt</genre>
            <contenuImg CS="0.982">gray color</contenuImg>
            <contenuImg CS="0.62">device</contenuImg>
            <contenuImg CS="0.62">electronic device</contenuImg>
            <contenuImg CS="0.62">video display</contenuImg>
            <contenuImg CS="0.62">window</contenuImg>
            <contenuImg CS="0.53">dialog box</contenuImg>
            <contenuImg CS="0.932">written document</contenuImg>
            <theme CS="0.95">01</theme>
            <titraille>Chant belge. Paroles de Myrès</titraille>
          </ill>
        </ills>
      </page>
    </pages>
  </contenus>
</analyseAlto>
