<?xml version="1.0" encoding="UTF-8"?>
<analyseAlto>
  <metad>
    <type>PA</type>
    <ID>bpt6k3848338</ID>
    <titre>La Chanson des aviateurs. Chanson-marche, paroles de L. Rostand, musique de Auguste Alary. Op. 143</titre>
    <dateEdition>1916</dateEdition>
    <nbPage>6</nbPage>
  </metad>
  <contenus ocr="false" toc="false">
    <largeur>133</largeur>
    <hauteur>173</hauteur>
    <pages>
      <page ordre="2">
        <blocIllustration>1</blocIllustration>
        <ills>
          <ill classif="CC" couleur="gris" filtre="1" h="4026" id="2-1" n="2-1" taille="5" w="3080" x="1" y="1">
            <genre CS="0.98" source="TensorFlow">filtretxt</genre>
            <contenuImg CS="1.0">gray color</contenuImg>
            <contenuImg CS="0.949">written document</contenuImg>
            <theme CS="0.95">01</theme>
            <titraille>La Chanson des aviateurs. Chanson-marche, paroles de L. Rostand, musique de Auguste Alary. Op. 143</titraille>
          </ill>
        </ills>
      </page>
    </pages>
  </contenus>
</analyseAlto>
