<?xml version="1.0" encoding="UTF-8"?>
<analyseAlto>
  <metad>
    <type>PA</type>
    <ID>bpt6k384708t</ID>
    <titre>Avant tout, la France ! Chant d’union, paroles de Henri Coguard, musique de Raoul Chassain</titre>
    <dateEdition>1916</dateEdition>
    <nbPage>6</nbPage>
  </metad>
  <contenus ocr="false" toc="false">
    <largeur>128</largeur>
    <hauteur>169</hauteur>
    <pages>
      <page ordre="1">
        <blocIllustration>1</blocIllustration>
        <ills>
          <ill classif="CC" couleur="gris" h="4013" id="1-1" n="1-1" taille="5" w="3036" x="1" y="1">
            <genre CS="0.39" source="TensorFlow">dessin</genre>
            <contenuImg CS="0.526">gray color</contenuImg>
            <contenuImg CS="0.707">olive green color</contenuImg>
            <contenuImg CS="0.531">food</contenuImg>
            <contenuImg CS="0.531">beverage</contenuImg>
            <contenuImg CS="0.531">wine</contenuImg>
            <contenuImg CS="0.531">white wine</contenuImg>
            <contenuImg CS="0.53">Montrachet</contenuImg>
            <contenuImg CS="0.708">written document</contenuImg>
            <theme CS="0.95">01</theme>
            <titraille>Avant tout, la France ! Chant d’union, paroles de Henri Coguard, musique de Raoul Chassain</titraille>
          </ill>
        </ills>
      </page>
    </pages>
  </contenus>
</analyseAlto>
