<?xml version="1.0" encoding="UTF-8"?>
<analyseAlto>
  <metad>
    <type>PA</type>
    <ID>bpt6k386177j</ID>
    <titre>Le petit Fusil ! Chanson..., paroles de Mauprey et Pougaud, musique de Mauprey et R. Casa</titre>
    <dateEdition>1915</dateEdition>
    <nbPage>6</nbPage>
  </metad>
  <contenus ocr="false" toc="false">
    <largeur>135</largeur>
    <hauteur>172</hauteur>
    <pages>
      <page ordre="2">
        <blocIllustration>1</blocIllustration>
        <ills>
          <ill classif="CC" couleur="gris" filtre="1" h="4097" id="2-1" n="2-1" taille="6" w="3104" x="1" y="1">
            <genre CS="0.98" source="TensorFlow">filtretxt</genre>
            <contenuImg CS="0.834">ivory color</contenuImg>
            <contenuImg CS="0.91">gray color</contenuImg>
            <contenuImg CS="0.53">written document</contenuImg>
            <contenuImg CS="0.966">device</contenuImg>
            <contenuImg CS="0.966">machine</contenuImg>
            <contenuImg CS="0.966">computer</contenuImg>
            <contenuImg CS="0.966">slide rule</contenuImg>
            <theme CS="0.95">01</theme>
            <titraille>Le petit Fusil ! Chanson..., paroles de Mauprey et Pougaud, musique de Mauprey et R. Casa</titraille>
          </ill>
        </ills>
      </page>
    </pages>
  </contenus>
</analyseAlto>
