<?xml version="1.0" encoding="UTF-8"?>
<analyseAlto>
  <metad>
    <type>PA</type>
    <ID>bpt6k3847753</ID>
    <titre>Noël de la grande guerre.... Paroles de Victor Pareille, musique de Amédée Reuchsel</titre>
    <dateEdition>1916</dateEdition>
    <nbPage>4</nbPage>
  </metad>
  <contenus ocr="false" toc="false">
    <largeur>135</largeur>
    <hauteur>173</hauteur>
    <pages>
      <page ordre="1">
        <blocIllustration>1</blocIllustration>
        <ills>
          <ill classif="CC" couleur="gris" filtre="1" h="4110" id="1-1" n="1-1" taille="6" w="3204" x="1" y="1">
            <genre CS="0.37" source="TensorFlow">filtretxt</genre>
            <contenuImg CS="0.743">gray color</contenuImg>
            <contenuImg CS="0.782">olive green color</contenuImg>
            <contenuImg CS="0.542">medium</contenuImg>
            <contenuImg CS="0.542">newspaper</contenuImg>
            <contenuImg CS="0.53">school newspaper</contenuImg>
            <contenuImg CS="0.656">written document</contenuImg>
            <contenuImg CS="0.671">food</contenuImg>
            <contenuImg CS="0.671">beverage</contenuImg>
            <contenuImg CS="0.671">wine</contenuImg>
            <contenuImg CS="0.67">white wine</contenuImg>
            <contenuImg CS="0.668">Montrachet</contenuImg>
            <theme CS="0.95">01</theme>
            <titraille>Noël de la grande guerre.... Paroles de Victor Pareille, musique de Amédée Reuchsel</titraille>
          </ill>
        </ills>
      </page>
    </pages>
  </contenus>
</analyseAlto>
