<?xml version="1.0" encoding="UTF-8"?>
<analyseAlto>
  <metad>
    <type>PA</type>
    <ID>bpt6k3853139</ID>
    <titre>Noël de la France. Poëme et musique de Fernand Le Borne</titre>
    <dateEdition>1915</dateEdition>
    <nbPage>12</nbPage>
  </metad>
  <contenus ocr="false" toc="false">
    <largeur>133</largeur>
    <hauteur>173</hauteur>
    <pages>
      <page ordre="1">
        <blocIllustration>1</blocIllustration>
        <ills>
          <ill classif="CC" couleur="gris" filtre="1" h="4106" id="1-1" n="1-1" taille="5" w="3157" x="1" y="1">
            <genre CS="0.32" source="TensorFlow">filtretxt</genre>
            <contenuImg CS="0.961">gray color</contenuImg>
            <contenuImg CS="0.532">food</contenuImg>
            <contenuImg CS="0.532">beverage</contenuImg>
            <contenuImg CS="0.532">wine</contenuImg>
            <contenuImg CS="0.531">white wine</contenuImg>
            <contenuImg CS="0.53">Montrachet</contenuImg>
            <contenuImg CS="0.56">gazette</contenuImg>
            <contenuImg CS="0.739">medium</contenuImg>
            <contenuImg CS="0.739">newspaper</contenuImg>
            <contenuImg CS="0.6">school newspaper</contenuImg>
            <contenuImg CS="0.772">written document</contenuImg>
            <theme CS="0.95">01</theme>
            <titraille>Noël de la France. Poëme et musique de Fernand Le Borne</titraille>
          </ill>
        </ills>
      </page>
    </pages>
  </contenus>
</analyseAlto>
