<?xml version="1.0" encoding="UTF-8"?>
<analyseAlto>
  <metad>
    <type>PA</type>
    <ID>bpt6k3858804</ID>
    <titre>L’Armée de la revanche. Marche chantée, paroles de Henry Moreau, musique de Ernest Weiller</titre>
    <dateEdition>1915</dateEdition>
    <nbPage>6</nbPage>
  </metad>
  <contenus ocr="false" toc="false">
    <largeur>133</largeur>
    <hauteur>174</hauteur>
    <pages>
      <page ordre="1">
        <blocIllustration>1</blocIllustration>
        <ills>
          <ill classif="CC" couleur="gris" h="4112" id="1-1" n="1-1" taille="6" w="3159" x="1" y="1">
            <genre CS="0.89" source="TensorFlow">dessin</genre>
            <contenuImg CS="0.842">olive green color</contenuImg>
            <contenuImg CS="0.891">gray color</contenuImg>
            <contenuImg CS="0.591">pen-and-ink</contenuImg>
            <contenuImg CS="0.907">study</contenuImg>
            <theme CS="0.95">01</theme>
            <titraille>L’Armée de la revanche. Marche chantée, paroles de Henry Moreau, musique de Ernest Weiller</titraille>
          </ill>
        </ills>
      </page>
    </pages>
  </contenus>
</analyseAlto>
