<?xml version="1.0" encoding="UTF-8"?>
<analyseAlto>
  <metad>
    <type>PA</type>
    <ID>bpt6k384416g</ID>
    <titre>Chant d’Alsace. Poésie de France Darget, musique de Léo Sachs</titre>
    <dateEdition>1917</dateEdition>
    <nbPage>8</nbPage>
  </metad>
  <contenus ocr="false" toc="false">
    <largeur>133</largeur>
    <hauteur>174</hauteur>
    <pages>
      <page ordre="1">
        <blocIllustration>1</blocIllustration>
        <ills>
          <ill classif="CC" couleur="gris" h="4113" id="1-1" n="1-1" taille="6" w="3163" x="1" y="1">
            <genre CS="0.32" source="TensorFlow">photo</genre>
            <contenuImg CS="0.768">olive green color</contenuImg>
            <contenuImg CS="0.801">maroon color</contenuImg>
            <contenuImg CS="0.53">locket</contenuImg>
            <contenuImg CS="0.566">memory device</contenuImg>
            <contenuImg CS="0.566">cassette tape</contenuImg>
            <contenuImg CS="0.58">appliance</contenuImg>
            <contenuImg CS="0.576">dryer</contenuImg>
            <contenuImg CS="0.574">clothes dryer</contenuImg>
            <contenuImg CS="0.789">device</contenuImg>
            <contenuImg CS="0.731">magnifier</contenuImg>
            <contenuImg CS="0.713">microscope</contenuImg>
            <contenuImg CS="0.713">light microscope</contenuImg>
            <contenuImg CS="0.713">jeweler's loupe</contenuImg>
            <theme CS="0.95">01</theme>
            <titraille>Chant d’Alsace. Poésie de France Darget, musique de Léo Sachs</titraille>
          </ill>
        </ills>
      </page>
    </pages>
  </contenus>
</analyseAlto>
