<?xml version="1.0" encoding="UTF-8"?>
<analyseAlto>
  <metad>
    <type>PA</type>
    <ID>bpt6k383890x</ID>
    <titre>Gloire au 55e ! Marche militaire chantée, paroles de Mme C. Vignal, musique de Revel-Mouroz</titre>
    <dateEdition>1917</dateEdition>
    <nbPage>6</nbPage>
  </metad>
  <contenus ocr="false" toc="false">
    <largeur>135</largeur>
    <hauteur>173</hauteur>
    <pages>
      <page ordre="1">
        <blocIllustration>1</blocIllustration>
        <ills>
          <ill classif="CC" couleur="gris" h="4097" id="1-1" n="1-1" taille="6" w="3205" x="1" y="1">
            <genre CS="0.66" source="TensorFlow">dessin</genre>
            <contenuImg CS="0.954">gray color</contenuImg>
            <contenuImg CS="0.53">gazette</contenuImg>
            <contenuImg CS="0.541">wrapping</contenuImg>
            <contenuImg CS="0.541">book jacket</contenuImg>
            <contenuImg CS="0.606">magazine</contenuImg>
            <contenuImg CS="0.809">medium</contenuImg>
            <contenuImg CS="0.809">newspaper</contenuImg>
            <theme CS="0.95">01</theme>
            <titraille>Gloire au 55e ! Marche militaire chantée, paroles de Mme C. Vignal, musique de Revel-Mouroz</titraille>
          </ill>
        </ills>
      </page>
    </pages>
  </contenus>
</analyseAlto>
