<?xml version="1.0" encoding="UTF-8"?>
<analyseAlto>
  <metad>
    <type>PA</type>
    <ID>bpt6k385230j</ID>
    <titre>Délivrance ! : chanson de route / paroles de A. Chuquet ; musique de Ch.-M. Widor</titre>
    <dateEdition>1916</dateEdition>
    <nbPage>4</nbPage>
  </metad>
  <contenus ocr="false" toc="false">
    <largeur>133</largeur>
    <hauteur>176</hauteur>
    <pages>
      <page ordre="2">
        <blocIllustration>1</blocIllustration>
        <ills>
          <ill classif="CC" couleur="gris" filtre="1" h="4121" id="2-1" n="2-1" taille="6" w="3105" x="1" y="1">
            <genre CS="0.98" source="TensorFlow">filtretxt</genre>
            <contenuImg CS="0.973">gray color</contenuImg>
            <contenuImg CS="0.561">machine</contenuImg>
            <contenuImg CS="0.561">computer</contenuImg>
            <contenuImg CS="0.561">slide rule</contenuImg>
            <contenuImg CS="0.894">device</contenuImg>
            <contenuImg CS="0.77">electronic device</contenuImg>
            <contenuImg CS="0.77">video display</contenuImg>
            <contenuImg CS="0.77">window</contenuImg>
            <contenuImg CS="0.638">dialog box</contenuImg>
            <contenuImg CS="0.818">written document</contenuImg>
            <theme CS="0.95">01</theme>
            <titraille>Délivrance ! : chanson de route / paroles de A. Chuquet ; musique de Ch.-M. Widor</titraille>
          </ill>
        </ills>
      </page>
    </pages>
  </contenus>
</analyseAlto>
