<?xml version="1.0" encoding="UTF-8"?>
<analyseAlto>
  <metad>
    <type>PA</type>
    <ID>bpt6k385727d</ID>
    <titre>Lettre du petit garçon, dite ... dans la Revue de Rip, musique de Lassailly</titre>
    <dateEdition>1915</dateEdition>
    <nbPage>6</nbPage>
  </metad>
  <contenus ocr="false" toc="false">
    <largeur>133</largeur>
    <hauteur>175</hauteur>
    <pages>
      <page ordre="1">
        <blocIllustration>1</blocIllustration>
        <ills>
          <ill classif="CC DF" couleur="gris" h="4136" id="1-1" n="1-1" taille="6" w="3159" x="1" y="1">
            <genre CS="0.31" source="TensorFlow">dessin</genre>
            <contenuImg CS="0.968">gray color</contenuImg>
            <contenuImg CS="0.53">framework</contenuImg>
            <contenuImg CS="0.53">picture frame</contenuImg>
            <contenuImg CS="0.575">study</contenuImg>
            <contenuImg CS="0.613">person</contenuImg>
            <contenuImg CS="0.612">paper based (stamps/currency)</contenuImg>
            <contenuImg CS="0.789">medium</contenuImg>
            <contenuImg CS="0.789">newspaper</contenuImg>
            <contenuImg CS="0.73">gazette</contenuImg>
            <theme CS="0.95">01</theme>
            <titraille>Lettre du petit garçon, dite ... dans la Revue de Rip, musique de Lassailly</titraille>
          </ill>
        </ills>
      </page>
    </pages>
  </contenus>
</analyseAlto>
