<?xml version="1.0" encoding="UTF-8"?>
<analyseAlto>
  <metad>
    <type>PA</type>
    <ID>bpt6k3854988</ID>
    <titre>Angelus de guerre. Chanson, paroles de Paul Dépoix, musique de Noë Faure</titre>
    <dateEdition>1915</dateEdition>
    <nbPage>4</nbPage>
  </metad>
  <contenus ocr="false" toc="false">
    <largeur>131</largeur>
    <hauteur>170</hauteur>
    <pages>
      <page ordre="1">
        <blocIllustration>1</blocIllustration>
        <ills>
          <ill classif="CC" couleur="gris" filtre="1" h="4022" id="1-1" n="1-1" taille="5" w="3106" x="1" y="1">
            <genre CS="0.47" source="TensorFlow">filtretxt</genre>
            <contenuImg CS="0.866">olive green color</contenuImg>
            <contenuImg CS="0.53">Rhone wine</contenuImg>
            <contenuImg CS="0.59">Chablis</contenuImg>
            <contenuImg CS="0.934">food</contenuImg>
            <contenuImg CS="0.934">beverage</contenuImg>
            <contenuImg CS="0.934">wine</contenuImg>
            <contenuImg CS="0.911">white wine</contenuImg>
            <contenuImg CS="0.863">Montrachet</contenuImg>
            <theme CS="0.95">01</theme>
            <titraille>Angelus de guerre. Chanson, paroles de Paul Dépoix, musique de Noë Faure</titraille>
          </ill>
        </ills>
      </page>
    </pages>
  </contenus>
</analyseAlto>
