<?xml version="1.0" encoding="UTF-8"?>
<analyseAlto>
  <metad>
    <type>PA</type>
    <ID>bpt6k385457h</ID>
    <titre>La nouvelle France Chant patriotique poésie et musique, du Commandant E. Fouquet</titre>
    <dateEdition>1915</dateEdition>
    <nbPage>4</nbPage>
  </metad>
  <contenus ocr="false" toc="false">
    <largeur>134</largeur>
    <hauteur>173</hauteur>
    <pages>
      <page ordre="1">
        <blocIllustration>1</blocIllustration>
        <ills>
          <ill classif="CC DF" couleur="gris" h="4095" id="1-1" n="1-1" taille="6" w="3183" x="1" y="1">
            <genre CS="0.48" source="TensorFlow">gravure</genre>
            <contenuImg CS="1.0">gray color</contenuImg>
            <contenuImg CS="0.53">study</contenuImg>
            <contenuImg CS="0.532">school newspaper</contenuImg>
            <contenuImg CS="0.818">medium</contenuImg>
            <contenuImg CS="0.818">newspaper</contenuImg>
            <contenuImg CS="0.731">person</contenuImg>
            <contenuImg CS="0.731">paper based (stamps/currency)</contenuImg>
            <theme CS="0.95">01</theme>
            <titraille>La nouvelle France Chant patriotique poésie et musique, du Commandant E. Fouquet</titraille>
          </ill>
        </ills>
      </page>
    </pages>
  </contenus>
</analyseAlto>
