<?xml version="1.0" encoding="UTF-8"?>
<analyseAlto>
  <metad>
    <type>PA</type>
    <ID>bpt6k385856c</ID>
    <titre>Aux Héros ! Ode patristique, paroles de Mme Roussel-Despierres, musique de Léon Jehin</titre>
    <dateEdition>1915</dateEdition>
    <nbPage>8</nbPage>
  </metad>
  <contenus ocr="false" toc="false">
    <largeur>134</largeur>
    <hauteur>175</hauteur>
    <pages>
      <page ordre="1">
        <blocIllustration>1</blocIllustration>
        <ills>
          <ill classif="CC DF" couleur="coul" h="4152" id="1-1" n="1-1" taille="6" w="3181" x="1" y="1">
            <genre CS="0.59" source="TensorFlow">dessin</genre>
            <contenuImg CS="0.777">ivory color</contenuImg>
            <contenuImg CS="0.801">rose color</contenuImg>
            <contenuImg CS="0.53">person</contenuImg>
            <contenuImg CS="0.53">paper based (stamps/currency)</contenuImg>
            <contenuImg CS="0.646">written document</contenuImg>
            <contenuImg CS="0.714">envelope</contenuImg>
            <theme CS="0.95">01</theme>
            <titraille>Aux Héros ! Ode patristique, paroles de Mme Roussel-Despierres, musique de Léon Jehin</titraille>
          </ill>
        </ills>
      </page>
    </pages>
  </contenus>
</analyseAlto>
