<?xml version="1.0" encoding="UTF-8"?>
<analyseAlto>
  <metad>
    <type>PA</type>
    <ID>bpt6k384278p</ID>
    <titre>Gloire à notre France éternelle ! Hymne de Victor Hugo, (pour soprano et choeur à l’unisson,), musique de l'abbé Louis Boyer</titre>
    <dateEdition>1917</dateEdition>
    <nbPage>14</nbPage>
  </metad>
  <contenus ocr="false" toc="false">
    <largeur>133</largeur>
    <hauteur>173</hauteur>
    <pages>
      <page ordre="1">
        <blocIllustration>1</blocIllustration>
        <ills>
          <ill classif="CC" couleur="gris" filtre="1" h="4091" id="1-1" n="1-1" taille="5" w="3155" x="1" y="1">
            <genre CS="0.68" source="TensorFlow">filtretxt</genre>
            <contenuImg CS="0.966">gray color</contenuImg>
            <contenuImg CS="0.53">food</contenuImg>
            <contenuImg CS="0.53">menu</contenuImg>
            <contenuImg CS="0.548">paper</contenuImg>
            <contenuImg CS="0.882">written document</contenuImg>
            <theme CS="0.95">01</theme>
            <titraille>Gloire à notre France éternelle ! Hymne de Victor Hugo, (pour soprano et choeur à l’unisson,), musique de l'abbé Louis Boyer</titraille>
          </ill>
        </ills>
      </page>
    </pages>
  </contenus>
</analyseAlto>
