<?xml version="1.0" encoding="UTF-8"?>
<analyseAlto>
  <metad>
    <type>PA</type>
    <ID>bpt6k385821f</ID>
    <titre>Le Réveil. Chant patriotique, paroles de Jean Trimoulinard, musique de Joanny Disson</titre>
    <dateEdition>1915</dateEdition>
    <nbPage>6</nbPage>
  </metad>
  <contenus ocr="false" toc="false">
    <largeur>133</largeur>
    <hauteur>174</hauteur>
    <pages>
      <page ordre="1">
        <blocIllustration>1</blocIllustration>
        <ills>
          <ill classif="CC" couleur="gris" h="4112" id="1-1" n="1-1" taille="6" w="3159" x="1" y="1">
            <genre CS="0.87" source="TensorFlow">dessin</genre>
            <contenuImg CS="0.833">sage green color</contenuImg>
            <contenuImg CS="0.907">olive green color</contenuImg>
            <contenuImg CS="0.53">print media</contenuImg>
            <contenuImg CS="0.588">gazette</contenuImg>
            <contenuImg CS="0.891">medium</contenuImg>
            <contenuImg CS="0.853">newspaper</contenuImg>
            <contenuImg CS="0.694">school newspaper</contenuImg>
            <contenuImg CS="0.737">study</contenuImg>
            <theme CS="0.95">01</theme>
            <titraille>Le Réveil. Chant patriotique, paroles de Jean Trimoulinard, musique de Joanny Disson</titraille>
          </ill>
        </ills>
      </page>
    </pages>
  </contenus>
</analyseAlto>
