<?xml version="1.0" encoding="UTF-8"?>
<analyseAlto>
  <metad>
    <type>PA</type>
    <ID>bpt6k3848605</ID>
    <titre>Acclamez les Poilus de France ! Chanson-marche, paroles et musique de G. Billioud</titre>
    <dateEdition>1916</dateEdition>
    <nbPage>6</nbPage>
  </metad>
  <contenus ocr="false" toc="false">
    <largeur>133</largeur>
    <hauteur>173</hauteur>
    <pages>
      <page ordre="1">
        <blocIllustration>1</blocIllustration>
        <ills>
          <ill classif="CC" couleur="gris" filtre="1" h="4091" id="1-1" n="1-1" taille="5" w="3156" x="1" y="1">
            <genre CS="0.33" source="TensorFlow">filtretxt</genre>
            <contenuImg CS="0.951">gray color</contenuImg>
            <contenuImg CS="0.531">device</contenuImg>
            <contenuImg CS="0.53">machine</contenuImg>
            <contenuImg CS="0.53">computer</contenuImg>
            <contenuImg CS="0.53">digital computer</contenuImg>
            <contenuImg CS="0.53">personal computer</contenuImg>
            <contenuImg CS="0.53">portable computer</contenuImg>
            <contenuImg CS="0.53">planner (notebook)</contenuImg>
            <contenuImg CS="0.901">written document</contenuImg>
            <theme CS="0.95">01</theme>
            <titraille>Acclamez les Poilus de France ! Chanson-marche, paroles et musique de G. Billioud</titraille>
          </ill>
        </ills>
      </page>
    </pages>
  </contenus>
</analyseAlto>
