<?xml version="1.0" encoding="UTF-8"?>
<analyseAlto>
  <metad>
    <type>PA</type>
    <ID>bpt6k384207w</ID>
    <titre>Le Chant des aviateurs. Musique de G. Neyrat, paroles du poète aviateur Jean Stradiot (lieutenant Edmond Boerner)</titre>
    <dateEdition>1917</dateEdition>
    <nbPage>6</nbPage>
  </metad>
  <contenus ocr="false" toc="false">
    <largeur>131</largeur>
    <hauteur>173</hauteur>
    <pages>
      <page ordre="1">
        <blocIllustration>1</blocIllustration>
        <ills>
          <ill classif="CC" couleur="gris" h="4096" id="1-1" n="1-1" taille="5" w="3112" x="1" y="1">
            <genre CS="0.43" source="TensorFlow">dessin</genre>
            <contenuImg CS="0.951">olive green color</contenuImg>
            <contenuImg CS="0.53">Vouvray</contenuImg>
            <contenuImg CS="0.559">written document</contenuImg>
            <contenuImg CS="0.562">Rhone wine</contenuImg>
            <contenuImg CS="0.875">food</contenuImg>
            <contenuImg CS="0.875">beverage</contenuImg>
            <contenuImg CS="0.875">wine</contenuImg>
            <contenuImg CS="0.82">white wine</contenuImg>
            <contenuImg CS="0.734">Montrachet</contenuImg>
            <theme CS="0.95">01</theme>
            <titraille>Le Chant des aviateurs. Musique de G. Neyrat, paroles du poète aviateur Jean Stradiot (lieutenant Edmond Boerner)</titraille>
          </ill>
        </ills>
      </page>
    </pages>
  </contenus>
</analyseAlto>
