<?xml version="1.0" encoding="UTF-8"?>
<analyseAlto>
  <metad>
    <type>PA</type>
    <ID>bpt6k385906z</ID>
    <titre>La Voix de la Lorraine ! Chanson, paroles de Raphaël Adam et Gaston Gross, musique de Léopold Danty</titre>
    <dateEdition>1915</dateEdition>
    <nbPage>6</nbPage>
  </metad>
  <contenus ocr="false" toc="false">
    <largeur>133</largeur>
    <hauteur>174</hauteur>
    <pages>
      <page ordre="1">
        <blocIllustration>1</blocIllustration>
        <ills>
          <ill classif="CC DF" couleur="gris" h="4112" id="1-1" n="1-1" taille="6" w="3159" x="1" y="1">
            <genre CS="0.85" source="TensorFlow">dessin</genre>
            <contenuImg CS="0.983">gray color</contenuImg>
            <contenuImg CS="0.53">wrapping</contenuImg>
            <contenuImg CS="0.53">book jacket</contenuImg>
            <contenuImg CS="0.539">newspaper</contenuImg>
            <contenuImg CS="0.63">person</contenuImg>
            <contenuImg CS="0.63">paper based (stamps/currency)</contenuImg>
            <contenuImg CS="0.845">study</contenuImg>
            <theme CS="0.95">01</theme>
            <titraille>La Voix de la Lorraine ! Chanson, paroles de Raphaël Adam et Gaston Gross, musique de Léopold Danty</titraille>
          </ill>
        </ills>
      </page>
    </pages>
  </contenus>
</analyseAlto>
