<?xml version="1.0" encoding="UTF-8"?>
<analyseAlto>
  <metad>
    <type>PA</type>
    <ID>bpt6k384268b</ID>
    <titre>France est votre vrai pays ! Chant patriotique pour mezzo-soprano ou baryton, poésie de Ernest Lourdelet</titre>
    <dateEdition>1917</dateEdition>
    <nbPage>8</nbPage>
  </metad>
  <contenus ocr="false" toc="false">
    <largeur>130</largeur>
    <hauteur>173</hauteur>
    <pages>
      <page ordre="1">
        <blocIllustration>1</blocIllustration>
        <ills>
          <ill classif="CC" couleur="gris" filtre="1" h="4091" id="1-1" n="1-1" taille="5" w="3092" x="1" y="1">
            <genre CS="0.75" source="TensorFlow">filtretxt</genre>
            <contenuImg CS="0.946">gray color</contenuImg>
            <contenuImg CS="0.705">paper</contenuImg>
            <contenuImg CS="0.862">written document</contenuImg>
            <theme CS="0.95">01</theme>
            <titraille>France est votre vrai pays ! Chant patriotique pour mezzo-soprano ou baryton, poésie de Ernest Lourdelet</titraille>
          </ill>
        </ills>
      </page>
    </pages>
  </contenus>
</analyseAlto>
