<?xml version="1.0" encoding="UTF-8"?>
<analyseAlto>
  <metad>
    <type>PA</type>
    <ID>bpt6k385702t</ID>
    <titre>Hymne canadien, paroles de E. Buron, musique de Ed. Lahaise</titre>
    <dateEdition>1915</dateEdition>
    <nbPage>6</nbPage>
  </metad>
  <contenus ocr="false" toc="false">
    <largeur>134</largeur>
    <hauteur>175</hauteur>
    <pages>
      <page ordre="1">
        <blocIllustration>1</blocIllustration>
        <ills>
          <ill classif="CC" couleur="coul" h="4152" id="1-1" n="1-1" taille="6" w="3181" x="1" y="1">
            <genre CS="0.68" source="TensorFlow">dessin</genre>
            <contenuImg CS="0.992">gray color</contenuImg>
            <contenuImg CS="0.53">wrapping</contenuImg>
            <contenuImg CS="0.53">book jacket</contenuImg>
            <contenuImg CS="0.543">free press</contenuImg>
            <contenuImg CS="0.859">medium</contenuImg>
            <contenuImg CS="0.762">newspaper</contenuImg>
            <theme CS="0.95">01</theme>
            <titraille>Hymne canadien, paroles de E. Buron, musique de Ed. Lahaise</titraille>
          </ill>
        </ills>
      </page>
    </pages>
  </contenus>
</analyseAlto>
