<?xml version="1.0" encoding="UTF-8"?>
<analyseAlto>
  <metad>
    <type>PA</type>
    <ID>bpt6k384356j</ID>
    <titre>Hymnes et chants nationaux. Etats-Unis d’Amérique</titre>
    <dateEdition>1917</dateEdition>
    <nbPage>8</nbPage>
  </metad>
  <contenus ocr="false" toc="false">
    <largeur>131</largeur>
    <hauteur>174</hauteur>
    <pages>
      <page ordre="1">
        <blocIllustration>1</blocIllustration>
        <ills>
          <ill classif="CC" couleur="gris" filtre="1" h="4113" id="1-1" n="1-1" taille="5" w="3112" x="1" y="1">
            <genre CS="0.52" source="TensorFlow">filtretxt</genre>
            <contenuImg CS="0.651">olive green color</contenuImg>
            <contenuImg CS="0.941">gray color</contenuImg>
            <contenuImg CS="0.697">device</contenuImg>
            <contenuImg CS="0.696">electronic device</contenuImg>
            <contenuImg CS="0.696">video display</contenuImg>
            <contenuImg CS="0.696">window</contenuImg>
            <contenuImg CS="0.53">dialog box</contenuImg>
            <contenuImg CS="0.914">written document</contenuImg>
            <theme CS="0.95">01</theme>
            <titraille>Hymnes et chants nationaux. Etats-Unis d’Amérique</titraille>
          </ill>
        </ills>
      </page>
    </pages>
  </contenus>
</analyseAlto>
