<?xml version="1.0" encoding="UTF-8"?>
<analyseAlto>
  <metad>
    <type>PA</type>
    <ID>bpt6k384818g</ID>
    <titre>Le Poilu à la femme de France. Chanson..., poésie de Héron de Villefosse, musique de L. Cribeillet,...</titre>
    <dateEdition>1916</dateEdition>
    <nbPage>6</nbPage>
  </metad>
  <contenus ocr="false" toc="false">
    <largeur>133</largeur>
    <hauteur>173</hauteur>
    <pages>
      <page ordre="1">
        <blocIllustration>1</blocIllustration>
        <ills>
          <ill classif="CC" couleur="gris" filtre="1" h="4091" id="1-1" n="1-1" taille="5" w="3155" x="1" y="1">
            <genre CS="0.72" source="TensorFlow">filtretxt</genre>
            <contenuImg CS="1.0">gray color</contenuImg>
            <contenuImg CS="0.899">written document</contenuImg>
            <theme CS="0.95">01</theme>
            <titraille>Le Poilu à la femme de France. Chanson..., poésie de Héron de Villefosse, musique de L. Cribeillet,...</titraille>
          </ill>
        </ills>
      </page>
    </pages>
  </contenus>
</analyseAlto>
