<?xml version="1.0" encoding="UTF-8"?>
<analyseAlto>
  <metad>
    <type>PA</type>
    <ID>bpt6k385146v</ID>
    <titre>Pour nos Soldats ! Prière, paroles et musique de Hedwige Chrétien</titre>
    <dateEdition>1916</dateEdition>
    <nbPage>8</nbPage>
  </metad>
  <contenus ocr="false" toc="false">
    <largeur>123</largeur>
    <hauteur>160</hauteur>
    <pages>
      <page ordre="1">
        <blocIllustration>1</blocIllustration>
        <ills>
          <ill classif="CC" couleur="gris" filtre="1" h="3794" id="1-1" n="1-1" taille="5" w="2924" x="1" y="1">
            <genre CS="0.73" source="TensorFlow">filtretxt</genre>
            <contenuImg CS="0.836">olive green color</contenuImg>
            <contenuImg CS="0.849">gray color</contenuImg>
            <contenuImg CS="0.614">try square</contenuImg>
            <contenuImg CS="0.965">tool</contenuImg>
            <contenuImg CS="0.965">square</contenuImg>
            <contenuImg CS="0.805">carpenter's square</contenuImg>
            <theme CS="0.95">01</theme>
            <titraille>Pour nos Soldats ! Prière, paroles et musique de Hedwige Chrétien</titraille>
          </ill>
        </ills>
      </page>
    </pages>
  </contenus>
</analyseAlto>
