<?xml version="1.0" encoding="UTF-8"?>
<analyseAlto>
  <metad>
    <type>PA</type>
    <ID>bpt6k384894q</ID>
    <titre>La Marseillaise de Verdun. Chant patriotique... paroles et musique de Henri Courtois</titre>
    <dateEdition>1916</dateEdition>
    <nbPage>6</nbPage>
  </metad>
  <contenus ocr="false" toc="false">
    <largeur>133</largeur>
    <hauteur>171</hauteur>
    <pages>
      <page ordre="2">
        <blocIllustration>1</blocIllustration>
        <ills>
          <ill classif="CC" couleur="gris" filtre="1" h="4058" id="2-1" n="2-1" taille="5" w="3156" x="1" y="1">
            <genre CS="0.96" source="TensorFlow">filtretxt</genre>
            <contenuImg CS="0.94">gray color</contenuImg>
            <contenuImg CS="0.632">device</contenuImg>
            <contenuImg CS="0.632">electronic device</contenuImg>
            <contenuImg CS="0.632">video display</contenuImg>
            <contenuImg CS="0.632">window</contenuImg>
            <contenuImg CS="0.53">dialog box</contenuImg>
            <contenuImg CS="0.902">written document</contenuImg>
            <theme CS="0.95">01</theme>
            <titraille>La Marseillaise de Verdun. Chant patriotique... paroles et musique de Henri Courtois</titraille>
          </ill>
        </ills>
      </page>
    </pages>
  </contenus>
</analyseAlto>
