<?xml version="1.0" encoding="UTF-8"?>
<analyseAlto>
  <metad>
    <type>PA</type>
    <ID>bpt6k384398p</ID>
    <titre>Les Gas d’Alsace ! Paroles de J.-M. Schneider et Robert Guillon, musique de F. Giaccardi</titre>
    <dateEdition>1917</dateEdition>
    <nbPage>8</nbPage>
  </metad>
  <contenus ocr="false" toc="false">
    <largeur>131</largeur>
    <hauteur>174</hauteur>
    <pages>
      <page ordre="1">
        <blocIllustration>1</blocIllustration>
        <ills>
          <ill classif="CC" couleur="gris" filtre="1" h="4113" id="1-1" n="1-1" taille="5" w="3112" x="1" y="1">
            <genre CS="0.59" source="TensorFlow">filtretxt</genre>
            <contenuImg CS="0.571">olive green color</contenuImg>
            <contenuImg CS="0.56">written document</contenuImg>
            <contenuImg CS="0.842">food</contenuImg>
            <contenuImg CS="0.842">beverage</contenuImg>
            <contenuImg CS="0.842">wine</contenuImg>
            <contenuImg CS="0.842">white wine</contenuImg>
            <contenuImg CS="0.842">Montrachet</contenuImg>
            <theme CS="0.95">01</theme>
            <titraille>Les Gas d’Alsace ! Paroles de J.-M. Schneider et Robert Guillon, musique de F. Giaccardi</titraille>
          </ill>
        </ills>
      </page>
    </pages>
  </contenus>
</analyseAlto>
