<?xml version="1.0" encoding="UTF-8"?>
<analyseAlto>
  <metad>
    <type>PA</type>
    <ID>bpt6k385239z</ID>
    <titre>Tommy and the French girl. Tommy et la petite française. Paroles et musique de Christiné</titre>
    <dateEdition>1916</dateEdition>
    <nbPage>6</nbPage>
  </metad>
  <contenus ocr="false" toc="false">
    <largeur>135</largeur>
    <hauteur>174</hauteur>
    <pages>
      <page ordre="2">
        <blocIllustration>1</blocIllustration>
        <ills>
          <ill classif="CC" couleur="gris" filtre="1" h="4104" id="2-1" n="2-1" taille="6" w="3105" x="1" y="1">
            <genre CS="0.99" source="TensorFlow">filtretxt</genre>
            <contenuImg CS="0.978">gray color</contenuImg>
            <contenuImg CS="0.941">written document</contenuImg>
            <theme CS="0.95">01</theme>
            <titraille>Tommy and the French girl. Tommy et la petite française. Paroles et musique de Christiné</titraille>
          </ill>
        </ills>
      </page>
    </pages>
  </contenus>
</analyseAlto>
