<?xml version="1.0" encoding="UTF-8"?>
<analyseAlto>
  <metad>
    <type>PA</type>
    <ID>bpt6k3855196</ID>
    <titre>Vive la France ! Marche patriotique des petits Français de 1915, paroles de Georges Pons, musique de Olympe Dupas,...</titre>
    <dateEdition>1915</dateEdition>
    <nbPage>4</nbPage>
  </metad>
  <contenus ocr="false" toc="false">
    <largeur>133</largeur>
    <hauteur>172</hauteur>
    <pages>
      <page ordre="1">
        <blocIllustration>1</blocIllustration>
        <ills>
          <ill classif="CC" couleur="gris" filtre="1" h="4070" id="1-1" n="1-1" taille="5" w="3150" x="1" y="1">
            <genre CS="0.53" source="TensorFlow">filtretxt</genre>
            <contenuImg CS="0.769">olive green color</contenuImg>
            <contenuImg CS="0.874">gray color</contenuImg>
            <contenuImg CS="0.53">signboard</contenuImg>
            <contenuImg CS="0.689">wrapping</contenuImg>
            <contenuImg CS="0.689">book jacket</contenuImg>
            <contenuImg CS="0.762">written document</contenuImg>
            <theme CS="0.95">01</theme>
            <titraille>Vive la France ! Marche patriotique des petits Français de 1915, paroles de Georges Pons, musique de Olympe Dupas,...</titraille>
          </ill>
        </ills>
      </page>
    </pages>
  </contenus>
</analyseAlto>
