<?xml version="1.0" encoding="UTF-8"?>
<analyseAlto>
  <metad>
    <type>PA</type>
    <ID>bpt6k385770g</ID>
    <titre>Credo des femmes de France, poème de Noëlie Coullon, musique de Alexandre Cherubini</titre>
    <dateEdition>1915</dateEdition>
    <nbPage>12</nbPage>
  </metad>
  <contenus ocr="false" toc="false">
    <largeur>133</largeur>
    <hauteur>175</hauteur>
    <pages>
      <page ordre="1">
        <blocIllustration>1</blocIllustration>
        <ills>
          <ill classif="CC" couleur="gris" h="4136" id="1-1" n="1-1" taille="6" w="3159" x="1" y="1">
            <genre CS="0.71" source="TensorFlow">dessin</genre>
            <contenuImg CS="0.88">black color</contenuImg>
            <contenuImg CS="0.942">gray color</contenuImg>
            <contenuImg CS="0.555">school newspaper</contenuImg>
            <contenuImg CS="0.907">medium</contenuImg>
            <contenuImg CS="0.98">newspaper</contenuImg>
            <theme CS="0.95">01</theme>
            <titraille>Credo des femmes de France, poème de Noëlie Coullon, musique de Alexandre Cherubini</titraille>
          </ill>
        </ills>
      </page>
    </pages>
  </contenus>
</analyseAlto>
