<?xml version="1.0" encoding="UTF-8"?>
<analyseAlto>
  <metad>
    <type>PA</type>
    <ID>bpt6k386198m</ID>
    <titre>Gloire à la Belgique. Paroles de Antonin Louis, musique de Victor Larbey</titre>
    <dateEdition>1915</dateEdition>
    <nbPage>4</nbPage>
  </metad>
  <contenus ocr="false" toc="false">
    <largeur>135</largeur>
    <hauteur>172</hauteur>
    <pages>
      <page ordre="1">
        <blocIllustration>1</blocIllustration>
        <ills>
          <ill classif="CC DF" couleur="gris" h="4077" id="1-1" n="1-1" taille="6" w="3189" x="1" y="1">
            <genre CS="0.53" source="TensorFlow">dessin</genre>
            <contenuImg CS="0.987">gray color</contenuImg>
            <contenuImg CS="0.53">device</contenuImg>
            <contenuImg CS="0.53">machine</contenuImg>
            <contenuImg CS="0.53">computer</contenuImg>
            <contenuImg CS="0.53">web site</contenuImg>
            <contenuImg CS="0.534">person</contenuImg>
            <contenuImg CS="0.534">paper based (stamps/currency)</contenuImg>
            <contenuImg CS="0.553">handbag</contenuImg>
            <contenuImg CS="0.549">evening bag</contenuImg>
            <contenuImg CS="0.626">medium</contenuImg>
            <contenuImg CS="0.626">newspaper</contenuImg>
            <contenuImg CS="0.564">gazette</contenuImg>
            <contenuImg CS="0.65">study</contenuImg>
            <theme CS="0.95">01</theme>
            <titraille>Gloire à la Belgique. Paroles de Antonin Louis, musique de Victor Larbey</titraille>
          </ill>
        </ills>
      </page>
    </pages>
  </contenus>
</analyseAlto>
