<?xml version="1.0" encoding="UTF-8"?>
<analyseAlto>
  <metad>
    <type>PA</type>
    <ID>bpt6k384465t</ID>
    <titre>Hymne et salut au drapeau ! Chant patriotique,paroles de C. X. S. R., musique de Charles Recoux</titre>
    <dateEdition>1917</dateEdition>
    <nbPage>6</nbPage>
  </metad>
  <contenus ocr="false" toc="false">
    <largeur>135</largeur>
    <hauteur>175</hauteur>
    <pages>
      <page ordre="1">
        <blocIllustration>1</blocIllustration>
        <ills>
          <ill classif="CC DF" couleur="gris" h="4143" id="1-1" n="1-1" taille="6" w="3204" x="1" y="1">
            <genre CS="0.42" source="TensorFlow">gravure</genre>
            <contenuImg CS="0.989">gray color</contenuImg>
            <contenuImg CS="0.563">study</contenuImg>
            <contenuImg CS="0.583">person</contenuImg>
            <contenuImg CS="0.583">paper based (stamps/currency)</contenuImg>
            <contenuImg CS="0.605">medium</contenuImg>
            <contenuImg CS="0.605">newspaper</contenuImg>
            <contenuImg CS="0.635">wrapping</contenuImg>
            <contenuImg CS="0.635">book jacket</contenuImg>
            <theme CS="0.95">01</theme>
            <titraille>Hymne et salut au drapeau ! Chant patriotique,paroles de C. X. S. R., musique de Charles Recoux</titraille>
          </ill>
        </ills>
      </page>
    </pages>
  </contenus>
</analyseAlto>
