<?xml version="1.0" encoding="UTF-8"?>
<analyseAlto>
  <metad>
    <type>PA</type>
    <ID>bpt6k384798x</ID>
    <titre>Bonne petite Patriote Chanson - marche, paroles de Edouard Blois, musique de Georges Palicot</titre>
    <dateEdition>1916</dateEdition>
    <nbPage>6</nbPage>
  </metad>
  <contenus ocr="false" toc="false">
    <largeur>133</largeur>
    <hauteur>173</hauteur>
    <pages>
      <page ordre="1">
        <blocIllustration>1</blocIllustration>
        <ills>
          <ill classif="CC" couleur="gris" h="4091" id="1-1" n="1-1" taille="5" w="3156" x="1" y="1">
            <genre CS="0.98" source="TensorFlow">dessin</genre>
            <contenuImg CS="0.863">olive green color</contenuImg>
            <contenuImg CS="0.94">coal black color</contenuImg>
            <contenuImg CS="0.607">pen-and-ink</contenuImg>
            <contenuImg CS="0.954">study</contenuImg>
            <theme CS="0.95">01</theme>
            <titraille>Bonne petite Patriote Chanson - marche, paroles de Edouard Blois, musique de Georges Palicot</titraille>
          </ill>
        </ills>
      </page>
    </pages>
  </contenus>
</analyseAlto>
