<?xml version="1.0" encoding="UTF-8"?>
<analyseAlto>
  <metad>
    <type>PA</type>
    <ID>bpt6k385497w</ID>
    <titre>Le Rhin allemand. Chanson de Musset en réponse à la chanson de Becker, musique de Jean d’ Agay</titre>
    <dateEdition>1915</dateEdition>
    <nbPage>8</nbPage>
  </metad>
  <contenus ocr="false" toc="false">
    <largeur>134</largeur>
    <hauteur>175</hauteur>
    <pages>
      <page ordre="1">
        <blocIllustration>1</blocIllustration>
        <ills>
          <ill classif="CC" couleur="gris" h="4149" id="1-1" n="1-1" taille="6" w="3183" x="1" y="1">
            <genre CS="0.65" source="TensorFlow">dessin</genre>
            <contenuImg CS="1.0">gray color</contenuImg>
            <contenuImg CS="0.53">medium</contenuImg>
            <contenuImg CS="0.53">school newspaper</contenuImg>
            <contenuImg CS="0.561">wrapping</contenuImg>
            <contenuImg CS="0.561">book jacket</contenuImg>
            <contenuImg CS="0.727">newspaper</contenuImg>
            <contenuImg CS="0.77">magazine</contenuImg>
            <contenuImg CS="0.638">news magazine</contenuImg>
            <theme CS="0.95">01</theme>
            <titraille>Le Rhin allemand. Chanson de Musset en réponse à la chanson de Becker, musique de Jean d’ Agay</titraille>
          </ill>
        </ills>
      </page>
    </pages>
  </contenus>
</analyseAlto>
