<?xml version="1.0" encoding="UTF-8"?>
<analyseAlto>
  <metad>
    <type>PA</type>
    <ID>bpt6k3852944</ID>
    <titre>Couleurs françaises.... Paroles de G. Fabius de Champville, musique de Marius Fontaine</titre>
    <dateEdition>1915</dateEdition>
    <nbPage>6</nbPage>
  </metad>
  <contenus ocr="false" toc="false">
    <largeur>133</largeur>
    <hauteur>174</hauteur>
    <pages>
      <page ordre="1">
        <blocIllustration>1</blocIllustration>
        <ills>
          <ill classif="CC DF" couleur="coul" h="4132" id="1-1" n="1-1" taille="6" w="3157" x="1" y="1">
            <genre CS="0.46" source="TensorFlow">carte</genre>
            <contenuImg CS="0.598">reddish brown color</contenuImg>
            <contenuImg CS="0.71">olive green color</contenuImg>
            <contenuImg CS="0.53">wrapping</contenuImg>
            <contenuImg CS="0.53">envelope</contenuImg>
            <contenuImg CS="0.579">paper</contenuImg>
            <contenuImg CS="0.635">person</contenuImg>
            <contenuImg CS="0.635">paper based (stamps/currency)</contenuImg>
            <contenuImg CS="0.727">map</contenuImg>
            <theme CS="0.95">01</theme>
            <titraille>Couleurs françaises.... Paroles de G. Fabius de Champville, musique de Marius Fontaine</titraille>
          </ill>
        </ills>
      </page>
    </pages>
  </contenus>
</analyseAlto>
