<?xml version="1.0" encoding="UTF-8"?>
<analyseAlto>
  <metad>
    <type>PA</type>
    <ID>bpt6k3855853</ID>
    <titre>Notre Paris. Hymne de guerre. Paroles de Léonce Paco, musique de Adolf Stanislas. Op. 27</titre>
    <dateEdition>1915</dateEdition>
    <nbPage>6</nbPage>
  </metad>
  <contenus ocr="false" toc="false">
    <largeur>131</largeur>
    <hauteur>170</hauteur>
    <pages>
      <page ordre="1">
        <blocIllustration>1</blocIllustration>
        <ills>
          <ill classif="CC" couleur="gris" filtre="1" h="4025" id="1-1" n="1-1" taille="5" w="3111" x="1" y="1">
            <genre CS="0.99" source="TensorFlow">filtretxt</genre>
            <contenuImg CS="0.995">gray color</contenuImg>
            <contenuImg CS="0.968">written document</contenuImg>
            <theme CS="0.95">01</theme>
            <titraille>Notre Paris. Hymne de guerre. Paroles de Léonce Paco, musique de Adolf Stanislas. Op. 27</titraille>
          </ill>
        </ills>
      </page>
    </pages>
  </contenus>
</analyseAlto>
