<?xml version="1.0" encoding="UTF-8"?>
<analyseAlto>
  <metad>
    <type>PA</type>
    <ID>bpt6k386163p</ID>
    <titre>L’armée française : à Jeanne d'Arc et à la Vierge Marie / poésie de B. Lhermite ; musique du R. P. Ligonnet</titre>
    <dateEdition>1914</dateEdition>
    <nbPage>6</nbPage>
    <descr>Chansons françaises -- 20e siècle -- Partitions et parties Chansons acc. de piano -- 20e siècle -- Partitions et parties Chants patriotiques -- 20e siècle -- Partitions et parties</descr>
  </metad>
  <contenus ocr="false" toc="false">
    <largeur>134</largeur>
    <hauteur>174</hauteur>
    <pages>
      <page ordre="1">
        <blocIllustration>1</blocIllustration>
        <ills>
          <ill classif="CC DF" couleur="coul" h="4115" id="1-1" n="1-1" taille="6" w="3173" x="1" y="1">
            <genre CS="0.45" source="TensorFlow">dessin</genre>
            <contenuImg CS="0.761">olive green color</contenuImg>
            <contenuImg CS="0.783">jade green color</contenuImg>
            <contenuImg CS="0.774">person</contenuImg>
            <contenuImg CS="0.774">paper based (stamps/currency)</contenuImg>
            <contenuImg CS="0.82">wrapping</contenuImg>
            <contenuImg CS="0.82">book jacket</contenuImg>
            <theme CS="0.95">01</theme>
            <titraille>L’armée française : à Jeanne d'Arc et à la Vierge Marie / poésie de B. Lhermite ; musique du R. P. Ligonnet</titraille>
          </ill>
        </ills>
      </page>
    </pages>
  </contenus>
</analyseAlto>
