<?xml version="1.0" encoding="UTF-8"?>
<analyseAlto>
  <metad>
    <type>PA</type>
    <ID>bpt6k385014r</ID>
    <titre>L’Avion héroïque Chanson patriotique, paroles de Henri Passerieu, musique de Emile Delmas</titre>
    <dateEdition>1916</dateEdition>
    <nbPage>10</nbPage>
  </metad>
  <contenus ocr="false" toc="false">
    <largeur>134</largeur>
    <hauteur>174</hauteur>
    <pages>
      <page ordre="1">
        <blocIllustration>1</blocIllustration>
        <ills>
          <ill classif="CC" couleur="coul" filtre="1" h="4113" id="1-1" n="1-1" taille="6" w="3171" x="1" y="1">
            <genre CS="0.57" source="TensorFlow">filtretxt</genre>
            <contenuImg CS="0.839">orange color</contenuImg>
            <contenuImg CS="0.53">written document</contenuImg>
            <contenuImg CS="0.572">deckle edge (paper making)</contenuImg>
            <contenuImg CS="0.609">device</contenuImg>
            <contenuImg CS="0.609">machine</contenuImg>
            <contenuImg CS="0.608">computer</contenuImg>
            <contenuImg CS="0.608">digital computer</contenuImg>
            <contenuImg CS="0.608">personal computer</contenuImg>
            <contenuImg CS="0.608">portable computer</contenuImg>
            <contenuImg CS="0.608">planner (notebook)</contenuImg>
            <contenuImg CS="0.661">food</contenuImg>
            <contenuImg CS="0.661">menu</contenuImg>
            <theme CS="0.95">01</theme>
            <titraille>L’Avion héroïque Chanson patriotique, paroles de Henri Passerieu, musique de Emile Delmas</titraille>
          </ill>
        </ills>
      </page>
    </pages>
  </contenus>
</analyseAlto>
