<?xml version="1.0" encoding="UTF-8"?>
<analyseAlto>
  <metad>
    <type>PA</type>
    <ID>bpt6k384728h</ID>
    <titre>Le Baiser de la France. Chanson patriotique, paroles de F. Praz, musique de J.-M. Morat</titre>
    <dateEdition>1916</dateEdition>
    <nbPage>6</nbPage>
  </metad>
  <contenus ocr="false" toc="false">
    <largeur>135</largeur>
    <hauteur>173</hauteur>
    <pages>
      <page ordre="1">
        <blocIllustration>1</blocIllustration>
        <ills>
          <ill classif="CC" couleur="gris" h="4110" id="1-1" n="1-1" taille="6" w="3204" x="1" y="1">
            <genre CS="0.40" source="TensorFlow">dessin</genre>
            <contenuImg CS="0.747">olive green color</contenuImg>
            <contenuImg CS="0.847">gray color</contenuImg>
            <contenuImg CS="0.536">white wine</contenuImg>
            <contenuImg CS="0.53">Montrachet</contenuImg>
            <contenuImg CS="0.787">food</contenuImg>
            <contenuImg CS="0.787">beverage</contenuImg>
            <contenuImg CS="0.787">wine</contenuImg>
            <contenuImg CS="0.719">Rhone wine</contenuImg>
            <contenuImg CS="0.789">written document</contenuImg>
            <theme CS="0.95">01</theme>
            <titraille>Le Baiser de la France. Chanson patriotique, paroles de F. Praz, musique de J.-M. Morat</titraille>
          </ill>
        </ills>
      </page>
    </pages>
  </contenus>
</analyseAlto>
