<?xml version="1.0" encoding="UTF-8"?>
<analyseAlto>
  <metad>
    <type>PA</type>
    <ID>bpt6k386192b</ID>
    <titre>Noël des soldats ! Poésie de David Pinel, musique de Louis Melrack</titre>
    <dateEdition>1915</dateEdition>
    <nbPage>4</nbPage>
  </metad>
  <contenus ocr="false" toc="false">
    <largeur>135</largeur>
    <hauteur>172</hauteur>
    <pages>
      <page ordre="1">
        <blocIllustration>1</blocIllustration>
        <ills>
          <ill classif="CC" couleur="gris" filtre="1" h="4077" id="1-1" n="1-1" taille="6" w="3189" x="1" y="1">
            <genre CS="0.92" source="TensorFlow">filtretxt</genre>
            <contenuImg CS="0.968">gray color</contenuImg>
            <contenuImg CS="0.53">food</contenuImg>
            <contenuImg CS="0.53">menu</contenuImg>
            <contenuImg CS="0.786">written document</contenuImg>
            <theme CS="0.95">01</theme>
            <titraille>Noël des soldats ! Poésie de David Pinel, musique de Louis Melrack</titraille>
          </ill>
        </ills>
      </page>
    </pages>
  </contenus>
</analyseAlto>
