<?xml version="1.0" encoding="UTF-8"?>
<analyseAlto>
  <metad>
    <type>PA</type>
    <ID>bpt6k384773b</ID>
    <titre>Vaillants Soldats de notre France. Chant de guerre, paroles de Victor Pareille, musique de M.-L. Larose</titre>
    <dateEdition>1916</dateEdition>
    <nbPage>4</nbPage>
  </metad>
  <contenus ocr="false" toc="false">
    <largeur>135</largeur>
    <hauteur>173</hauteur>
    <pages>
      <page ordre="1">
        <blocIllustration>1</blocIllustration>
        <ills>
          <ill classif="CC" couleur="gris" h="4110" id="1-1" n="1-1" taille="6" w="3204" x="1" y="1">
            <genre CS="0.30" source="TensorFlow">dessin</genre>
            <contenuImg CS="0.568">ivory color</contenuImg>
            <contenuImg CS="0.66">gray color</contenuImg>
            <contenuImg CS="0.53">Chablis</contenuImg>
            <contenuImg CS="0.591">Rhone wine</contenuImg>
            <contenuImg CS="0.593">Burgundy</contenuImg>
            <contenuImg CS="0.847">food</contenuImg>
            <contenuImg CS="0.847">beverage</contenuImg>
            <contenuImg CS="0.847">wine</contenuImg>
            <contenuImg CS="0.775">white wine</contenuImg>
            <contenuImg CS="0.682">Montrachet</contenuImg>
            <theme CS="0.95">01</theme>
            <titraille>Vaillants Soldats de notre France. Chant de guerre, paroles de Victor Pareille, musique de M.-L. Larose</titraille>
          </ill>
        </ills>
      </page>
    </pages>
  </contenus>
</analyseAlto>
