<?xml version="1.0" encoding="UTF-8"?>
<analyseAlto>
  <metad>
    <type>PA</type>
    <ID>bpt6k3854127</ID>
    <titre>Honneur à nos fusiliers marins ! Chanson patriotique, paroles de Victor Le Teuff, musique de E. Vanès</titre>
    <dateEdition>1915</dateEdition>
    <nbPage>6</nbPage>
  </metad>
  <contenus ocr="false" toc="false">
    <largeur>134</largeur>
    <hauteur>173</hauteur>
    <pages>
      <page ordre="2">
        <blocIllustration>1</blocIllustration>
        <ills>
          <ill classif="CC" couleur="gris" filtre="1" h="4128" id="2-1" n="2-1" taille="6" w="3135" x="1" y="1">
            <genre CS="0.99" source="TensorFlow">filtretxt</genre>
            <contenuImg CS="0.973">gray color</contenuImg>
            <contenuImg CS="0.89">written document</contenuImg>
            <theme CS="0.95">01</theme>
            <titraille>Honneur à nos fusiliers marins ! Chanson patriotique, paroles de Victor Le Teuff, musique de E. Vanès</titraille>
          </ill>
        </ills>
      </page>
    </pages>
  </contenus>
</analyseAlto>
