<?xml version="1.0" encoding="UTF-8"?>
<analyseAlto>
  <metad>
    <type>PA</type>
    <ID>bpt6k3851307</ID>
    <titre>France, debout ! Paroles et musique de H. Payerne</titre>
    <dateEdition>1916</dateEdition>
    <nbPage>4</nbPage>
  </metad>
  <contenus ocr="false" toc="false">
    <largeur>135</largeur>
    <hauteur>173</hauteur>
    <pages>
      <page ordre="1">
        <blocIllustration>1</blocIllustration>
        <ills>
          <ill classif="CC DF" couleur="gris" h="4110" id="1-1" n="1-1" taille="6" w="3204" x="1" y="1">
            <genre CS="0.53" source="TensorFlow">dessin</genre>
            <contenuImg CS="0.996">gray color</contenuImg>
            <contenuImg CS="0.53">person</contenuImg>
            <contenuImg CS="0.53">paper based (stamps/currency)</contenuImg>
            <contenuImg CS="0.558">study</contenuImg>
            <contenuImg CS="0.713">pen-and-ink</contenuImg>
            <theme CS="0.95">01</theme>
            <titraille>France, debout ! Paroles et musique de H. Payerne</titraille>
          </ill>
        </ills>
      </page>
    </pages>
  </contenus>
</analyseAlto>
