<?xml version="1.0" encoding="UTF-8"?>
<analyseAlto>
  <metad>
    <type>PA</type>
    <ID>bpt6k384263f</ID>
    <titre>Les Avions ! Poésie de Gustave Rivet, musique de Jeanne Rivet...</titre>
    <dateEdition>1917</dateEdition>
    <nbPage>6</nbPage>
  </metad>
  <contenus ocr="false" toc="false">
    <largeur>133</largeur>
    <hauteur>173</hauteur>
    <pages>
      <page ordre="1">
        <blocIllustration>1</blocIllustration>
        <ills>
          <ill classif="CC" couleur="gris" h="4091" id="1-1" n="1-1" taille="5" w="3155" x="1" y="1">
            <genre CS="0.77" source="TensorFlow">dessin</genre>
            <contenuImg CS="0.995">gray color</contenuImg>
            <contenuImg CS="0.53">audio CD</contenuImg>
            <contenuImg CS="0.603">memory device</contenuImg>
            <contenuImg CS="0.534">CD-ROM</contenuImg>
            <contenuImg CS="0.559">medium</contenuImg>
            <contenuImg CS="0.559">newspaper</contenuImg>
            <contenuImg CS="0.548">gazette</contenuImg>
            <contenuImg CS="0.551">fastener</contenuImg>
            <contenuImg CS="0.551">O ring</contenuImg>
            <contenuImg CS="0.553">sleeve</contenuImg>
            <contenuImg CS="0.553">record sleeve</contenuImg>
            <contenuImg CS="0.738">device</contenuImg>
            <contenuImg CS="0.565">controller</contenuImg>
            <contenuImg CS="0.562">electric switch</contenuImg>
            <contenuImg CS="0.561">push button</contenuImg>
            <contenuImg CS="0.559">doorbell</contenuImg>
            <theme CS="0.95">01</theme>
            <titraille>Les Avions ! Poésie de Gustave Rivet, musique de Jeanne Rivet...</titraille>
          </ill>
        </ills>
      </page>
    </pages>
  </contenus>
</analyseAlto>
