<?xml version="1.0" encoding="UTF-8"?>
<analyseAlto>
  <metad>
    <type>PA</type>
    <ID>bpt6k385840r</ID>
    <titre>Vive la France ! Chant patriotique des Alsaciens-Lorrains, paroles et musique de Emile Deutsch-Dernay</titre>
    <dateEdition>1915</dateEdition>
    <nbPage>6</nbPage>
  </metad>
  <contenus ocr="false" toc="false">
    <largeur>133</largeur>
    <hauteur>174</hauteur>
    <pages>
      <page ordre="1">
        <blocIllustration>1</blocIllustration>
        <ills>
          <ill classif="CC" couleur="gris" h="4112" id="1-1" n="1-1" taille="6" w="3159" x="1" y="1">
            <genre CS="0.69" source="TensorFlow">dessin</genre>
            <contenuImg CS="0.951">gray color</contenuImg>
            <contenuImg CS="0.53">tabloid</contenuImg>
            <contenuImg CS="0.536">free press</contenuImg>
            <contenuImg CS="0.96">medium</contenuImg>
            <contenuImg CS="0.94">newspaper</contenuImg>
            <contenuImg CS="0.834">gazette</contenuImg>
            <theme CS="0.95">01</theme>
            <titraille>Vive la France ! Chant patriotique des Alsaciens-Lorrains, paroles et musique de Emile Deutsch-Dernay</titraille>
          </ill>
        </ills>
      </page>
    </pages>
  </contenus>
</analyseAlto>
