<?xml version="1.0" encoding="UTF-8"?>
<analyseAlto>
  <metad>
    <type>PA</type>
    <ID>bpt6k3843979</ID>
    <titre>Aux Héros de l’Yser ! Hymne..., paroles de Damienne Bourdon, musique de Lucien Excoffier</titre>
    <dateEdition>1917</dateEdition>
    <nbPage>10</nbPage>
  </metad>
  <contenus ocr="false" toc="false">
    <largeur>134</largeur>
    <hauteur>175</hauteur>
    <pages>
      <page ordre="1">
        <blocIllustration>1</blocIllustration>
        <ills>
          <ill classif="CC" couleur="coul" h="4139" id="1-1" n="1-1" taille="6" w="3171" x="1" y="1">
            <genre CS="0.40" source="TensorFlow">dessin</genre>
            <contenuImg CS="0.53">paper</contenuImg>
            <contenuImg CS="0.675">envelope</contenuImg>
            <theme CS="0.95">01</theme>
            <titraille>Aux Héros de l’Yser ! Hymne..., paroles de Damienne Bourdon, musique de Lucien Excoffier</titraille>
          </ill>
        </ills>
      </page>
    </pages>
  </contenus>
</analyseAlto>
