<?xml version="1.0" encoding="UTF-8"?>
<analyseAlto>
  <metad>
    <type>PA</type>
    <ID>bpt6k384733z</ID>
    <titre>La marche du ciel, G. Bordeaux</titre>
    <dateEdition>1916</dateEdition>
    <nbPage>4</nbPage>
  </metad>
  <contenus ocr="false" toc="false">
    <largeur>135</largeur>
    <hauteur>173</hauteur>
    <pages>
      <page ordre="2">
        <blocIllustration>1</blocIllustration>
        <ills>
          <ill classif="CC" couleur="gris" filtre="1" h="4090" id="2-1" n="2-1" taille="6" w="3228" x="1" y="1">
            <genre CS="0.96" source="TensorFlow">filtretxt</genre>
            <contenuImg CS="0.975">gray color</contenuImg>
            <contenuImg CS="0.738">medium</contenuImg>
            <contenuImg CS="0.738">newspaper</contenuImg>
            <contenuImg CS="0.566">gazette</contenuImg>
            <contenuImg CS="0.839">written document</contenuImg>
            <theme CS="0.95">01</theme>
            <titraille>La marche du ciel, G. Bordeaux</titraille>
          </ill>
        </ills>
      </page>
    </pages>
  </contenus>
</analyseAlto>
