<?xml version="1.0" encoding="UTF-8"?>
<analyseAlto>
  <metad>
    <type>PA</type>
    <ID>bpt6k383888m</ID>
    <titre>Invocation guerrière pour chant et piano par Jean-Frédéric Angély</titre>
    <dateEdition>1917</dateEdition>
    <nbPage>6</nbPage>
  </metad>
  <contenus ocr="false" toc="false">
    <largeur>131</largeur>
    <hauteur>173</hauteur>
    <pages>
      <page ordre="1">
        <blocIllustration>1</blocIllustration>
        <ills>
          <ill classif="CC" couleur="gris" filtre="1" h="4097" id="1-1" n="1-1" taille="5" w="3112" x="1" y="1">
            <genre CS="0.66" source="TensorFlow">filtretxt</genre>
            <contenuImg CS="0.529">olive green color</contenuImg>
            <contenuImg CS="0.559">gray color</contenuImg>
            <contenuImg CS="0.535">device</contenuImg>
            <contenuImg CS="0.53">machine</contenuImg>
            <contenuImg CS="0.53">computer</contenuImg>
            <contenuImg CS="0.53">web site</contenuImg>
            <contenuImg CS="0.588">written document</contenuImg>
            <contenuImg CS="0.622">paper</contenuImg>
            <theme CS="0.95">01</theme>
            <titraille>Invocation guerrière pour chant et piano par Jean-Frédéric Angély</titraille>
          </ill>
        </ills>
      </page>
    </pages>
  </contenus>
</analyseAlto>
