<?xml version="1.0" encoding="UTF-8"?>
<analyseAlto>
  <metad>
    <type>PA</type>
    <ID>bpt6k384501j</ID>
    <titre>Pour nos Marraines ! Chanson à 1 voix et piano, paroles de Victor Le Teuff, musique de Marius Guiol</titre>
    <dateEdition>1917</dateEdition>
    <nbPage>6</nbPage>
  </metad>
  <contenus ocr="false" toc="false">
    <largeur>135</largeur>
    <hauteur>173</hauteur>
    <pages>
      <page ordre="2">
        <blocIllustration>1</blocIllustration>
        <ills>
          <ill classif="CC" couleur="gris" filtre="1" h="4090" id="2-1" n="2-1" taille="6" w="3150" x="1" y="1">
            <genre CS="0.98" source="TensorFlow">filtretxt</genre>
            <contenuImg CS="0.808">ivory color</contenuImg>
            <contenuImg CS="0.9">gray color</contenuImg>
            <contenuImg CS="0.53">food</contenuImg>
            <contenuImg CS="0.53">menu</contenuImg>
            <contenuImg CS="0.625">device</contenuImg>
            <contenuImg CS="0.622">machine</contenuImg>
            <contenuImg CS="0.622">computer</contenuImg>
            <contenuImg CS="0.622">slide rule</contenuImg>
            <contenuImg CS="0.933">written document</contenuImg>
            <theme CS="0.95">01</theme>
            <titraille>Pour nos Marraines ! Chanson à 1 voix et piano, paroles de Victor Le Teuff, musique de Marius Guiol</titraille>
          </ill>
        </ills>
      </page>
    </pages>
  </contenus>
</analyseAlto>
