<?xml version="1.0" encoding="UTF-8"?>
<analyseAlto>
  <metad>
    <type>PA</type>
    <ID>bpt6k385889j</ID>
    <titre>Hymne japonais. Arrangement (pour piano et chant) par Paul Fauchey</titre>
    <dateEdition>1915</dateEdition>
    <nbPage>4</nbPage>
  </metad>
  <contenus ocr="false" toc="false">
    <largeur>137</largeur>
    <hauteur>174</hauteur>
    <pages>
      <page ordre="1">
        <blocIllustration>1</blocIllustration>
        <ills>
          <ill classif="CC" couleur="coul" h="4128" id="1-1" n="1-1" taille="6" w="3250" x="1" y="1">
            <genre CS="0.51" source="TensorFlow">dessin</genre>
            <contenuImg CS="0.914">olive green color</contenuImg>
            <contenuImg CS="0.53">pillow</contenuImg>
            <contenuImg CS="0.541">framework</contenuImg>
            <contenuImg CS="0.541">picture frame</contenuImg>
            <contenuImg CS="0.557">arabesque (ornament)</contenuImg>
            <contenuImg CS="0.634">bed</contenuImg>
            <contenuImg CS="0.633">patchwork quilt</contenuImg>
            <contenuImg CS="0.649">fabric</contenuImg>
            <contenuImg CS="0.648">tapa (fabric)</contenuImg>
            <theme CS="0.95">01</theme>
            <titraille>Hymne japonais. Arrangement (pour piano et chant) par Paul Fauchey</titraille>
          </ill>
        </ills>
      </page>
    </pages>
  </contenus>
</analyseAlto>
