<?xml version="1.0" encoding="UTF-8"?>
<analyseAlto>
  <metad>
    <type>PA</type>
    <ID>bpt6k385320h</ID>
    <titre>Nous progressons. Paroles de Félix Mortreuil, musique de Roger Guttinguer</titre>
    <dateEdition>1915</dateEdition>
    <nbPage>6</nbPage>
  </metad>
  <contenus ocr="false" toc="false">
    <largeur>133</largeur>
    <hauteur>173</hauteur>
    <pages>
      <page ordre="2">
        <blocIllustration>1</blocIllustration>
        <ills>
          <ill classif="CC" couleur="gris" filtre="1" h="4104" id="2-1" n="2-1" taille="5" w="3105" x="1" y="1">
            <genre CS="0.99" source="TensorFlow">filtretxt</genre>
            <contenuImg CS="0.988">gray color</contenuImg>
            <contenuImg CS="0.53">machine</contenuImg>
            <contenuImg CS="0.53">computer</contenuImg>
            <contenuImg CS="0.53">chat room</contenuImg>
            <contenuImg CS="0.802">device</contenuImg>
            <contenuImg CS="0.688">electronic device</contenuImg>
            <contenuImg CS="0.688">video display</contenuImg>
            <contenuImg CS="0.688">window</contenuImg>
            <contenuImg CS="0.589">dialog box</contenuImg>
            <contenuImg CS="0.857">written document</contenuImg>
            <theme CS="0.95">01</theme>
            <titraille>Nous progressons. Paroles de Félix Mortreuil, musique de Roger Guttinguer</titraille>
          </ill>
        </ills>
      </page>
    </pages>
  </contenus>
</analyseAlto>
