<?xml version="1.0" encoding="UTF-8"?>
<analyseAlto>
  <metad>
    <type>PA</type>
    <ID>bpt6k385111x</ID>
    <titre>La Belgique. Adaptation d’après  La France  de de La prade, musique de Philippe Mousset</titre>
    <dateEdition>1916</dateEdition>
    <nbPage>4</nbPage>
  </metad>
  <contenus ocr="false" toc="false">
    <largeur>135</largeur>
    <hauteur>173</hauteur>
    <pages>
      <page ordre="1">
        <blocIllustration>1</blocIllustration>
        <ills>
          <ill classif="CC" couleur="gris" filtre="1" h="4110" id="1-1" n="1-1" taille="6" w="3204" x="1" y="1">
            <genre CS="0.76" source="TensorFlow">filtrecouv</genre>
            <contenuImg CS="0.955">gray color</contenuImg>
            <contenuImg CS="0.53">wrapping</contenuImg>
            <contenuImg CS="0.53">envelope</contenuImg>
            <contenuImg CS="0.692">device</contenuImg>
            <contenuImg CS="0.69">electronic device</contenuImg>
            <contenuImg CS="0.69">video display</contenuImg>
            <contenuImg CS="0.689">window</contenuImg>
            <contenuImg CS="0.546">dialog box</contenuImg>
            <theme CS="0.95">01</theme>
            <titraille>La Belgique. Adaptation d’après  La France  de de La prade, musique de Philippe Mousset</titraille>
          </ill>
        </ills>
      </page>
    </pages>
  </contenus>
</analyseAlto>
