<?xml version="1.0" encoding="UTF-8"?>
<analyseAlto>
  <metad>
    <type>PA</type>
    <ID>bpt6k385891v</ID>
    <titre>Maman ! C’est pour la France !.... Paroles de Achille Moch, musique de G. Saint-Servan</titre>
    <dateEdition>1915</dateEdition>
    <nbPage>4</nbPage>
  </metad>
  <contenus ocr="false" toc="false">
    <largeur>133</largeur>
    <hauteur>174</hauteur>
    <pages>
      <page ordre="2">
        <blocIllustration>1</blocIllustration>
        <ills>
          <ill classif="CC" couleur="gris" filtre="1" h="4091" id="2-1" n="2-1" taille="6" w="3126" x="1" y="1">
            <genre CS="0.98" source="TensorFlow">filtretxt</genre>
            <contenuImg CS="0.929">gray color</contenuImg>
            <contenuImg CS="0.53">machine</contenuImg>
            <contenuImg CS="0.53">computer</contenuImg>
            <contenuImg CS="0.53">chat room</contenuImg>
            <contenuImg CS="0.87">device</contenuImg>
            <contenuImg CS="0.796">electronic device</contenuImg>
            <contenuImg CS="0.796">video display</contenuImg>
            <contenuImg CS="0.796">window</contenuImg>
            <contenuImg CS="0.718">dialog box</contenuImg>
            <contenuImg CS="0.851">written document</contenuImg>
            <theme CS="0.95">01</theme>
            <titraille>Maman ! C’est pour la France !.... Paroles de Achille Moch, musique de G. Saint-Servan</titraille>
          </ill>
        </ills>
      </page>
    </pages>
  </contenus>
</analyseAlto>
