<?xml version="1.0" encoding="UTF-8"?>
<analyseAlto>
  <metad>
    <type>PA</type>
    <ID>bpt6k385034f</ID>
    <titre>Petit Tommy ! Chansonnette patriotique franco-anglaise paroles et musique de Jean Cigalon</titre>
    <dateEdition>1916</dateEdition>
    <nbPage>6</nbPage>
  </metad>
  <contenus ocr="false" toc="false">
    <largeur>135</largeur>
    <hauteur>173</hauteur>
    <pages>
      <page ordre="2">
        <blocIllustration>1</blocIllustration>
        <ills>
          <ill classif="CC" couleur="gris" filtre="1" h="4090" id="2-1" n="2-1" taille="6" w="3150" x="1" y="1">
            <genre CS="0.99" source="TensorFlow">filtretxt</genre>
            <contenuImg CS="0.998">gray color</contenuImg>
            <contenuImg CS="0.676">electronic device</contenuImg>
            <contenuImg CS="0.676">video display</contenuImg>
            <contenuImg CS="0.676">window</contenuImg>
            <contenuImg CS="0.53">dialog box</contenuImg>
            <contenuImg CS="0.855">device</contenuImg>
            <contenuImg CS="0.581">machine</contenuImg>
            <contenuImg CS="0.581">computer</contenuImg>
            <contenuImg CS="0.581">slide rule</contenuImg>
            <contenuImg CS="0.857">written document</contenuImg>
            <theme CS="0.95">01</theme>
            <titraille>Petit Tommy ! Chansonnette patriotique franco-anglaise paroles et musique de Jean Cigalon</titraille>
          </ill>
        </ills>
      </page>
    </pages>
  </contenus>
</analyseAlto>
