<?xml version="1.0" encoding="UTF-8"?>
<analyseAlto>
  <metad>
    <type>PA</type>
    <ID>bpt6k3849975</ID>
    <titre>La Chanson des croix de bois. Paroles de P. Briollet et G. Deval, musique de W.-J. Paans</titre>
    <dateEdition>1916</dateEdition>
    <nbPage>6</nbPage>
  </metad>
  <contenus ocr="false" toc="false">
    <largeur>130</largeur>
    <hauteur>173</hauteur>
    <pages>
      <page ordre="2">
        <blocIllustration>1</blocIllustration>
        <ills>
          <ill classif="CC" couleur="gris" filtre="1" h="3994" id="2-1" n="2-1" taille="5" w="3093" x="1" y="1">
            <genre CS="0.99" source="TensorFlow">filtretxt</genre>
            <contenuImg CS="0.998">gray color</contenuImg>
            <contenuImg CS="0.53">medium</contenuImg>
            <contenuImg CS="0.53">gazette</contenuImg>
            <contenuImg CS="0.729">newspaper</contenuImg>
            <contenuImg CS="0.907">written document</contenuImg>
            <theme CS="0.95">01</theme>
            <titraille>La Chanson des croix de bois. Paroles de P. Briollet et G. Deval, musique de W.-J. Paans</titraille>
          </ill>
        </ills>
      </page>
    </pages>
  </contenus>
</analyseAlto>
