<?xml version="1.0" encoding="UTF-8"?>
<analyseAlto>
  <metad>
    <type>PA</type>
    <ID>bpt6k384309z</ID>
    <titre>La Prière du mort. Paroles de A. Masselier, musique de Victor Gentil</titre>
    <dateEdition>1917</dateEdition>
    <nbPage>6</nbPage>
  </metad>
  <contenus ocr="false" toc="false">
    <largeur>133</largeur>
    <hauteur>172</hauteur>
    <pages>
      <page ordre="1">
        <blocIllustration>1</blocIllustration>
        <ills>
          <ill classif="CC" couleur="gris" h="4078" id="1-1" n="1-1" taille="5" w="3150" x="1" y="1">
            <genre CS="0.80" source="TensorFlow">dessin</genre>
            <contenuImg CS="0.974">olive green color</contenuImg>
            <contenuImg CS="0.53">paper</contenuImg>
            <contenuImg CS="0.547">book</contenuImg>
            <contenuImg CS="0.558">free press</contenuImg>
            <contenuImg CS="0.645">wrapping</contenuImg>
            <contenuImg CS="0.645">book jacket</contenuImg>
            <contenuImg CS="0.849">medium</contenuImg>
            <contenuImg CS="0.771">newspaper</contenuImg>
            <contenuImg CS="0.698">gazette</contenuImg>
            <theme CS="0.95">01</theme>
            <titraille>La Prière du mort. Paroles de A. Masselier, musique de Victor Gentil</titraille>
          </ill>
        </ills>
      </page>
    </pages>
  </contenus>
</analyseAlto>
