<?xml version="1.0" encoding="UTF-8"?>
<analyseAlto>
  <metad>
    <type>PA</type>
    <ID>bpt6k385376h</ID>
    <titre>Chant de guerre. War song.. Poème de A. Jounet</titre>
    <dateEdition>1915</dateEdition>
    <nbPage>4</nbPage>
  </metad>
  <contenus ocr="false" toc="false">
    <largeur>123</largeur>
    <hauteur>161</hauteur>
    <pages>
      <page ordre="1">
        <blocIllustration>1</blocIllustration>
        <ills>
          <ill classif="CC" couleur="gris" filtre="1" h="3822" id="1-1" n="1-1" taille="5" w="2912" x="1" y="1">
            <genre CS="0.66" source="TensorFlow">filtretxt</genre>
            <contenuImg CS="0.726">olive green color</contenuImg>
            <contenuImg CS="0.534">device</contenuImg>
            <contenuImg CS="0.53">machine</contenuImg>
            <contenuImg CS="0.53">computer</contenuImg>
            <contenuImg CS="0.53">web site</contenuImg>
            <contenuImg CS="0.539">animal</contenuImg>
            <contenuImg CS="0.539">invertebrate</contenuImg>
            <contenuImg CS="0.539">insect</contenuImg>
            <contenuImg CS="0.539">butterfly</contenuImg>
            <contenuImg CS="0.539">red-spotted purple butterfly</contenuImg>
            <contenuImg CS="0.592">written document</contenuImg>
            <contenuImg CS="0.618">paper</contenuImg>
            <theme CS="0.95">01</theme>
            <titraille>Chant de guerre. War song.. Poème de A. Jounet</titraille>
          </ill>
        </ills>
      </page>
    </pages>
  </contenus>
</analyseAlto>
