<?xml version="1.0" encoding="UTF-8"?>
<analyseAlto>
  <metad>
    <type>PA</type>
    <ID>bpt6k384853z</ID>
    <titre>La Marche victorieuse. Chanson marche, paroles de Jehan Rhy, musique d’ Auguste Alary</titre>
    <dateEdition>1916</dateEdition>
    <nbPage>6</nbPage>
  </metad>
  <contenus ocr="false" toc="false">
    <largeur>132</largeur>
    <hauteur>176</hauteur>
    <pages>
      <page ordre="2">
        <blocIllustration>1</blocIllustration>
        <ills>
          <ill classif="CC" couleur="gris" filtre="1" h="4161" id="2-1" n="2-1" taille="6" w="3124" x="1" y="1">
            <genre CS="0.99" source="TensorFlow">filtretxt</genre>
            <contenuImg CS="0.967">gray color</contenuImg>
            <contenuImg CS="0.601">medium</contenuImg>
            <contenuImg CS="0.601">newspaper</contenuImg>
            <contenuImg CS="0.53">gazette</contenuImg>
            <contenuImg CS="0.866">written document</contenuImg>
            <theme CS="0.95">01</theme>
            <titraille>La Marche victorieuse. Chanson marche, paroles de Jehan Rhy, musique d’ Auguste Alary</titraille>
          </ill>
        </ills>
      </page>
    </pages>
  </contenus>
</analyseAlto>
