<?xml version="1.0" encoding="UTF-8"?>
<analyseAlto>
  <metad>
    <type>PA</type>
    <ID>bpt6k385044s</ID>
    <titre>Le Rossignol du front.. Paroles et musique de Jean Rameau</titre>
    <dateEdition>1916</dateEdition>
    <nbPage>6</nbPage>
  </metad>
  <contenus ocr="false" toc="false">
    <largeur>135</largeur>
    <hauteur>173</hauteur>
    <pages>
      <page ordre="1">
        <blocIllustration>1</blocIllustration>
        <ills>
          <ill classif="CC" couleur="gris" h="4110" id="1-1" n="1-1" taille="6" w="3204" x="1" y="1">
            <genre CS="0.41" source="TensorFlow">dessin</genre>
            <contenuImg CS="0.828">gray color</contenuImg>
            <contenuImg CS="0.873">olive green color</contenuImg>
            <contenuImg CS="0.53">wrapping</contenuImg>
            <contenuImg CS="0.53">book jacket</contenuImg>
            <contenuImg CS="0.586">picture frame</contenuImg>
            <contenuImg CS="0.916">framework</contenuImg>
            <contenuImg CS="0.871">frame</contenuImg>
            <theme CS="0.95">01</theme>
            <titraille>Le Rossignol du front.. Paroles et musique de Jean Rameau</titraille>
          </ill>
        </ills>
      </page>
    </pages>
  </contenus>
</analyseAlto>
