<?xml version="1.0" encoding="UTF-8"?>
<analyseAlto>
  <metad>
    <type>PA</type>
    <ID>bpt6k3842533</ID>
    <titre>In muner Heimath In my native Village Eugen Hildach Op. 20. N° 2. English Version by John Bernhoff</titre>
    <dateEdition>1917</dateEdition>
    <nbPage>4</nbPage>
  </metad>
  <contenus ocr="false" toc="false">
    <largeur>130</largeur>
    <hauteur>166</hauteur>
    <pages>
      <page ordre="1">
        <blocIllustration>1</blocIllustration>
        <ills>
          <ill classif="CC" couleur="gris" filtre="1" h="3941" id="1-1" n="1-1" taille="5" w="3092" x="1" y="1">
            <genre CS="0.99" source="TensorFlow">filtretxt</genre>
            <contenuImg CS="1.0">gray color</contenuImg>
            <contenuImg CS="0.971">written document</contenuImg>
            <theme CS="0.95">01</theme>
            <titraille>In muner Heimath In my native Village Eugen Hildach Op. 20. N° 2. English Version by John Bernhoff</titraille>
          </ill>
        </ills>
      </page>
    </pages>
  </contenus>
</analyseAlto>
