<?xml version="1.0" encoding="UTF-8"?>
<analyseAlto>
  <metad>
    <type>PA</type>
    <ID>bpt6k384954n</ID>
    <titre>Le Ketje héroïque Berceuse, paroles de Gaston Deleuze, musique de Dick Stone</titre>
    <dateEdition>1916</dateEdition>
    <nbPage>4</nbPage>
  </metad>
  <contenus ocr="false" toc="false">
    <largeur>133</largeur>
    <hauteur>171</hauteur>
    <pages>
      <page ordre="2">
        <blocIllustration>1</blocIllustration>
        <ills>
          <ill classif="CC" couleur="gris" filtre="1" h="4019" id="2-1" n="2-1" taille="5" w="3093" x="1" y="1">
            <genre CS="0.96" source="TensorFlow">filtretxt</genre>
            <contenuImg CS="0.991">gray color</contenuImg>
            <contenuImg CS="0.603">electronic device</contenuImg>
            <contenuImg CS="0.603">video display</contenuImg>
            <contenuImg CS="0.603">window</contenuImg>
            <contenuImg CS="0.53">dialog box</contenuImg>
            <contenuImg CS="0.842">device</contenuImg>
            <contenuImg CS="0.707">machine</contenuImg>
            <contenuImg CS="0.707">computer</contenuImg>
            <contenuImg CS="0.707">slide rule</contenuImg>
            <contenuImg CS="0.912">written document</contenuImg>
            <theme CS="0.95">01</theme>
            <titraille>Le Ketje héroïque Berceuse, paroles de Gaston Deleuze, musique de Dick Stone</titraille>
          </ill>
        </ills>
      </page>
    </pages>
  </contenus>
</analyseAlto>
