<?xml version="1.0" encoding="UTF-8"?>
<analyseAlto>
  <metad>
    <type>PA</type>
    <ID>bpt6k384642m</ID>
    <titre>Les Poilus. Chanson-marche, paroles de Bonnardel et Goudard, musique de Raoul Georges</titre>
    <dateEdition>1916</dateEdition>
    <nbPage>6</nbPage>
  </metad>
  <contenus ocr="false" toc="false">
    <largeur>135</largeur>
    <hauteur>173</hauteur>
    <pages>
      <page ordre="2">
        <blocIllustration>1</blocIllustration>
        <ills>
          <ill classif="CC" couleur="gris" filtre="1" h="4090" id="2-1" n="2-1" taille="6" w="3150" x="1" y="1">
            <genre CS="0.99" source="TensorFlow">filtretxt</genre>
            <contenuImg CS="0.983">gray color</contenuImg>
            <contenuImg CS="0.947">written document</contenuImg>
            <theme CS="0.95">01</theme>
            <titraille>Les Poilus. Chanson-marche, paroles de Bonnardel et Goudard, musique de Raoul Georges</titraille>
          </ill>
        </ills>
      </page>
    </pages>
  </contenus>
</analyseAlto>
