<?xml version="1.0" encoding="UTF-8"?>
<analyseAlto>
  <metad>
    <type>PA</type>
    <ID>bpt6k386013n</ID>
    <titre>Berceuse de France. Paroles de Jacques Messis, musique de Gustave Goublier</titre>
    <dateEdition>1915</dateEdition>
    <nbPage>6</nbPage>
  </metad>
  <contenus ocr="false" toc="false">
    <largeur>135</largeur>
    <hauteur>174</hauteur>
    <pages>
      <page ordre="2">
        <blocIllustration>1</blocIllustration>
        <ills>
          <ill classif="CC" couleur="gris" filtre="1" h="4097" id="2-1" n="2-1" taille="6" w="3180" x="1" y="1">
            <genre CS="0.99" source="TensorFlow">filtretxt</genre>
            <contenuImg CS="1.0">gray color</contenuImg>
            <contenuImg CS="0.94">written document</contenuImg>
            <theme CS="0.95">01</theme>
            <titraille>Berceuse de France. Paroles de Jacques Messis, musique de Gustave Goublier</titraille>
          </ill>
        </ills>
      </page>
    </pages>
  </contenus>
</analyseAlto>
