<?xml version="1.0" encoding="UTF-8"?>
<analyseAlto>
  <metad>
    <type>PA</type>
    <ID>bpt6k385140k</ID>
    <titre>La Marseillaise des vétérans. Stances patriotiques, paroles de André Brossard, musique de Lucien Meyer,...</titre>
    <dateEdition>1916</dateEdition>
    <nbPage>6</nbPage>
  </metad>
  <contenus ocr="false" toc="false">
    <largeur>135</largeur>
    <hauteur>173</hauteur>
    <pages>
      <page ordre="1">
        <blocIllustration>1</blocIllustration>
        <ills>
          <ill classif="CC" couleur="gris" filtre="1" h="4110" id="1-1" n="1-1" taille="6" w="3204" x="1" y="1">
            <genre CS="0.68" source="TensorFlow">filtretxt</genre>
            <contenuImg CS="0.614">olive green color</contenuImg>
            <contenuImg CS="0.9">gray color</contenuImg>
            <contenuImg CS="0.53">food</contenuImg>
            <contenuImg CS="0.53">menu</contenuImg>
            <contenuImg CS="0.536">device</contenuImg>
            <contenuImg CS="0.534">machine</contenuImg>
            <contenuImg CS="0.534">computer</contenuImg>
            <contenuImg CS="0.534">web site</contenuImg>
            <contenuImg CS="0.856">written document</contenuImg>
            <theme CS="0.95">01</theme>
            <titraille>La Marseillaise des vétérans. Stances patriotiques, paroles de André Brossard, musique de Lucien Meyer,...</titraille>
          </ill>
        </ills>
      </page>
    </pages>
  </contenus>
</analyseAlto>
