<?xml version="1.0" encoding="UTF-8"?>
<analyseAlto>
  <metad>
    <type>PA</type>
    <ID>bpt6k385732v</ID>
    <titre>Bleu, blanc, rouge ! Marche..., paroles et musique de Erina Britain</titre>
    <dateEdition>1915</dateEdition>
    <nbPage>6</nbPage>
  </metad>
  <contenus ocr="false" toc="false">
    <largeur>133</largeur>
    <hauteur>175</hauteur>
    <pages>
      <page ordre="1">
        <blocIllustration>1</blocIllustration>
        <ills>
          <ill classif="CC" couleur="gris" h="4136" id="1-1" n="1-1" taille="6" w="3159" x="1" y="1">
            <genre CS="0.50" source="TensorFlow">dessin</genre>
            <contenuImg CS="0.812">gray color</contenuImg>
            <contenuImg CS="0.883">olive green color</contenuImg>
            <contenuImg CS="0.53">Rhone wine</contenuImg>
            <contenuImg CS="0.541">gazette</contenuImg>
            <contenuImg CS="0.555">written document</contenuImg>
            <contenuImg CS="0.711">medium</contenuImg>
            <contenuImg CS="0.711">newspaper</contenuImg>
            <contenuImg CS="0.604">school newspaper</contenuImg>
            <contenuImg CS="0.703">food</contenuImg>
            <contenuImg CS="0.703">beverage</contenuImg>
            <contenuImg CS="0.703">wine</contenuImg>
            <contenuImg CS="0.639">white wine</contenuImg>
            <contenuImg CS="0.633">Montrachet</contenuImg>
            <theme CS="0.95">01</theme>
            <titraille>Bleu, blanc, rouge ! Marche..., paroles et musique de Erina Britain</titraille>
          </ill>
        </ills>
      </page>
    </pages>
  </contenus>
</analyseAlto>
