<?xml version="1.0" encoding="UTF-8"?>
<analyseAlto>
  <metad>
    <type>PA</type>
    <ID>bpt6k3859915</ID>
    <titre>Debout, Fusiliers marins, paroles et musique de Georges Carcassonne</titre>
    <dateEdition>1915</dateEdition>
    <nbPage>4</nbPage>
  </metad>
  <contenus ocr="false" toc="false">
    <largeur>135</largeur>
    <hauteur>174</hauteur>
    <pages>
      <page ordre="1">
        <blocIllustration>1</blocIllustration>
        <ills>
          <ill classif="CC DF" couleur="gris" h="4133" id="1-1" n="1-1" taille="6" w="3189" x="1" y="1">
            <genre CS="0.49" source="TensorFlow">dessin</genre>
            <contenuImg CS="0.678">olive green color</contenuImg>
            <contenuImg CS="0.874">gray color</contenuImg>
            <contenuImg CS="0.53">magazine</contenuImg>
            <contenuImg CS="0.57">gazette</contenuImg>
            <contenuImg CS="0.575">person</contenuImg>
            <contenuImg CS="0.575">paper based (stamps/currency)</contenuImg>
            <contenuImg CS="0.825">medium</contenuImg>
            <contenuImg CS="0.825">newspaper</contenuImg>
            <theme CS="0.95">01</theme>
            <titraille>Debout, Fusiliers marins, paroles et musique de Georges Carcassonne</titraille>
          </ill>
        </ills>
      </page>
    </pages>
  </contenus>
</analyseAlto>
