<?xml version="1.0" encoding="UTF-8"?>
<analyseAlto>
  <metad>
    <type>PA</type>
    <ID>bpt6k385055h</ID>
    <titre>La Cantinière ! Chanson marche, poésie de Auguste Genin, musique de Regina Franzini d’Issoncourt...</titre>
    <dateEdition>1916</dateEdition>
    <nbPage>10</nbPage>
  </metad>
  <contenus ocr="false" toc="false">
    <largeur>135</largeur>
    <hauteur>173</hauteur>
    <pages>
      <page ordre="1">
        <blocIllustration>1</blocIllustration>
        <ills>
          <ill classif="CC" couleur="gris" h="4110" id="1-1" n="1-1" taille="6" w="3204" x="1" y="1">
            <genre CS="0.65" source="TensorFlow">dessin</genre>
            <contenuImg CS="0.957">olive green color</contenuImg>
            <contenuImg CS="0.53">Chablis</contenuImg>
            <contenuImg CS="0.553">written document</contenuImg>
            <contenuImg CS="0.872">food</contenuImg>
            <contenuImg CS="0.872">beverage</contenuImg>
            <contenuImg CS="0.872">wine</contenuImg>
            <contenuImg CS="0.872">white wine</contenuImg>
            <contenuImg CS="0.833">Montrachet</contenuImg>
            <theme CS="0.95">01</theme>
            <titraille>La Cantinière ! Chanson marche, poésie de Auguste Genin, musique de Regina Franzini d’Issoncourt...</titraille>
          </ill>
        </ills>
      </page>
    </pages>
  </contenus>
</analyseAlto>
