<?xml version="1.0" encoding="UTF-8"?>
<analyseAlto>
  <metad>
    <type>PA</type>
    <ID>bpt6k3838788</ID>
    <titre>Les Horreurs de la guerre. Chansonnette, paroles de Amelet, musique de L. Maire</titre>
    <dateEdition>1917</dateEdition>
    <nbPage>6</nbPage>
  </metad>
  <contenus ocr="false" toc="false">
    <largeur>131</largeur>
    <hauteur>173</hauteur>
    <pages>
      <page ordre="2">
        <blocIllustration>1</blocIllustration>
        <ills>
          <ill classif="CC" couleur="gris" filtre="1" h="4078" id="2-1" n="2-1" taille="5" w="3150" x="1" y="1">
            <genre CS="0.99" source="TensorFlow">filtretxt</genre>
            <contenuImg CS="0.51">ivory color</contenuImg>
            <contenuImg CS="0.864">gray color</contenuImg>
            <contenuImg CS="0.53">machine</contenuImg>
            <contenuImg CS="0.53">computer</contenuImg>
            <contenuImg CS="0.53">chat room</contenuImg>
            <contenuImg CS="0.639">food</contenuImg>
            <contenuImg CS="0.639">menu</contenuImg>
            <contenuImg CS="0.853">device</contenuImg>
            <contenuImg CS="0.75">electronic device</contenuImg>
            <contenuImg CS="0.75">video display</contenuImg>
            <contenuImg CS="0.75">window</contenuImg>
            <contenuImg CS="0.659">dialog box</contenuImg>
            <contenuImg CS="0.765">written document</contenuImg>
            <theme CS="0.95">01</theme>
            <titraille>Les Horreurs de la guerre. Chansonnette, paroles de Amelet, musique de L. Maire</titraille>
          </ill>
        </ills>
      </page>
    </pages>
  </contenus>
</analyseAlto>
