<?xml version="1.0" encoding="UTF-8"?>
<analyseAlto>
  <metad>
    <type>PA</type>
    <ID>bpt6k384878j</ID>
    <titre>Chant de la tranchée, paroles de J. Bréssoles</titre>
    <dateEdition>1916</dateEdition>
    <nbPage>16</nbPage>
  </metad>
  <contenus ocr="false" toc="false">
    <largeur>131</largeur>
    <hauteur>171</hauteur>
    <pages>
      <page ordre="3">
        <blocIllustration>1</blocIllustration>
        <ills>
          <ill classif="CC" couleur="gris" filtre="1" h="4052" id="3-1" n="3-1" taille="5" w="3117" x="1" y="1">
            <genre CS="0.64" source="TensorFlow">filtretxt</genre>
            <contenuImg CS="0.784">gray color</contenuImg>
            <contenuImg CS="0.868">olive green color</contenuImg>
            <contenuImg CS="0.537">device</contenuImg>
            <contenuImg CS="0.53">machine</contenuImg>
            <contenuImg CS="0.53">computer</contenuImg>
            <contenuImg CS="0.53">web site</contenuImg>
            <contenuImg CS="0.567">paper</contenuImg>
            <contenuImg CS="0.824">written document</contenuImg>
            <theme CS="0.95">01</theme>
            <titraille>Chant de la tranchée, paroles de J. Bréssoles</titraille>
          </ill>
        </ills>
      </page>
    </pages>
  </contenus>
</analyseAlto>
