<?xml version="1.0" encoding="UTF-8"?>
<analyseAlto>
  <metad>
    <type>PA</type>
    <ID>bpt6k385047x</ID>
    <titre>Acteurs et figurants du grand drame. Paroles de A. de Nesselrode, musique de Raymond Hermay</titre>
    <dateEdition>1916</dateEdition>
    <nbPage>4</nbPage>
  </metad>
  <contenus ocr="false" toc="false">
    <largeur>135</largeur>
    <hauteur>173</hauteur>
    <pages>
      <page ordre="1">
        <blocIllustration>1</blocIllustration>
        <ills>
          <ill classif="CC" couleur="gris" filtre="1" h="4110" id="1-1" n="1-1" taille="6" w="3204" x="1" y="1">
            <genre CS="0.62" source="TensorFlow">filtretxt</genre>
            <contenuImg CS="0.773">olive green color</contenuImg>
            <contenuImg CS="0.536">device</contenuImg>
            <contenuImg CS="0.53">machine</contenuImg>
            <contenuImg CS="0.53">computer</contenuImg>
            <contenuImg CS="0.53">web site</contenuImg>
            <contenuImg CS="0.545">written document</contenuImg>
            <contenuImg CS="0.689">paper</contenuImg>
            <theme CS="0.95">01</theme>
            <titraille>Acteurs et figurants du grand drame. Paroles de A. de Nesselrode, musique de Raymond Hermay</titraille>
          </ill>
        </ills>
      </page>
    </pages>
  </contenus>
</analyseAlto>
