<?xml version="1.0" encoding="UTF-8"?>
<analyseAlto>
  <metad>
    <type>PA</type>
    <ID>bpt6k3855806</ID>
    <titre>Sous l’Etendard ! Marche de la jeunesse belge, paroles et musique de Théodore Botrel</titre>
    <dateEdition>1915</dateEdition>
    <nbPage>6</nbPage>
  </metad>
  <contenus ocr="false" toc="false">
    <largeur>130</largeur>
    <hauteur>171</hauteur>
    <pages>
      <page ordre="1">
        <blocIllustration>1</blocIllustration>
        <ills>
          <ill classif="CC" couleur="gris" filtre="1" h="4055" id="1-1" n="1-1" taille="5" w="3077" x="1" y="1">
            <genre CS="0.49" source="TensorFlow">filtretxt</genre>
            <contenuImg CS="0.807">olive green color</contenuImg>
            <contenuImg CS="0.531">food</contenuImg>
            <contenuImg CS="0.531">beverage</contenuImg>
            <contenuImg CS="0.531">wine</contenuImg>
            <contenuImg CS="0.531">white wine</contenuImg>
            <contenuImg CS="0.53">Montrachet</contenuImg>
            <contenuImg CS="0.608">device</contenuImg>
            <contenuImg CS="0.607">machine</contenuImg>
            <contenuImg CS="0.607">computer</contenuImg>
            <contenuImg CS="0.607">web site</contenuImg>
            <contenuImg CS="0.628">paper</contenuImg>
            <contenuImg CS="0.759">written document</contenuImg>
            <theme CS="0.95">01</theme>
            <titraille>Sous l’Etendard ! Marche de la jeunesse belge, paroles et musique de Théodore Botrel</titraille>
          </ill>
        </ills>
      </page>
    </pages>
  </contenus>
</analyseAlto>
