<?xml version="1.0" encoding="UTF-8"?>
<analyseAlto>
  <metad>
    <type>PA</type>
    <ID>bpt6k3841409</ID>
    <titre>Noël de guerre. Poésie et musique de H. Aribaud</titre>
    <dateEdition>1917</dateEdition>
    <nbPage>10</nbPage>
  </metad>
  <contenus ocr="false" toc="false">
    <largeur>135</largeur>
    <hauteur>176</hauteur>
    <pages>
      <page ordre="1">
        <blocIllustration>1</blocIllustration>
        <ills>
          <ill classif="CC DF" couleur="gris" h="4161" id="1-1" n="1-1" taille="6" w="3203" x="1" y="1">
            <genre CS="0.70" source="TensorFlow">dessin</genre>
            <contenuImg CS="0.963">gray color</contenuImg>
            <contenuImg CS="0.556">medium</contenuImg>
            <contenuImg CS="0.556">newspaper</contenuImg>
            <contenuImg CS="0.53">gazette</contenuImg>
            <contenuImg CS="0.689">person</contenuImg>
            <contenuImg CS="0.689">paper based (stamps/currency)</contenuImg>
            <contenuImg CS="0.742">blackboard</contenuImg>
            <theme CS="0.95">01</theme>
            <titraille>Noël de guerre. Poésie et musique de H. Aribaud</titraille>
          </ill>
        </ills>
      </page>
    </pages>
  </contenus>
</analyseAlto>
