<?xml version="1.0" encoding="UTF-8"?>
<analyseAlto>
  <metad>
    <type>PA</type>
    <ID>bpt6k386165f</ID>
    <titre>Vers la Gloire ! Paroles de Pierre d’ Amor, musique de L. Lèmpèrs</titre>
    <dateEdition>1914</dateEdition>
    <nbPage>8</nbPage>
  </metad>
  <contenus ocr="false" toc="false">
    <largeur>135</largeur>
    <hauteur>172</hauteur>
    <pages>
      <page ordre="1">
        <blocIllustration>1</blocIllustration>
        <ills>
          <ill classif="CC DF" couleur="gris" h="4077" id="1-1" n="1-1" taille="6" w="3189" x="1" y="1">
            <genre CS="0.66" source="TensorFlow">dessin</genre>
            <contenuImg CS="0.788">coal black color</contenuImg>
            <contenuImg CS="0.934">gray color</contenuImg>
            <contenuImg CS="0.53">study</contenuImg>
            <contenuImg CS="0.815">people</contenuImg>
            <contenuImg CS="0.931">person</contenuImg>
            <theme CS="0.95">01</theme>
            <titraille>Vers la Gloire ! Paroles de Pierre d’ Amor, musique de L. Lèmpèrs</titraille>
          </ill>
        </ills>
      </page>
    </pages>
  </contenus>
</analyseAlto>
