<?xml version="1.0" encoding="UTF-8"?>
<analyseAlto>
  <metad>
    <type>PA</type>
    <ID>bpt6k385771v</ID>
    <titre>Vers la Victoire ! Chant patriotique..., paroles et musique de Sylv. Bonnard</titre>
    <dateEdition>1915</dateEdition>
    <nbPage>8</nbPage>
  </metad>
  <contenus ocr="false" toc="false">
    <largeur>133</largeur>
    <hauteur>175</hauteur>
    <pages>
      <page ordre="1">
        <blocIllustration>1</blocIllustration>
        <ills>
          <ill classif="CC DF" couleur="gris" h="4136" id="1-1" n="1-1" taille="6" w="3159" x="1" y="1">
            <genre CS="0.89" source="TensorFlow">dessin</genre>
            <contenuImg CS="0.928">olive green color</contenuImg>
            <contenuImg CS="0.53">study</contenuImg>
            <contenuImg CS="0.541">paper</contenuImg>
            <contenuImg CS="0.634">person</contenuImg>
            <contenuImg CS="0.634">paper based (stamps/currency)</contenuImg>
            <contenuImg CS="0.785">written document</contenuImg>
            <theme CS="0.95">01</theme>
            <titraille>Vers la Victoire ! Chant patriotique..., paroles et musique de Sylv. Bonnard</titraille>
          </ill>
        </ills>
      </page>
    </pages>
  </contenus>
</analyseAlto>
