<?xml version="1.0" encoding="UTF-8"?>
<analyseAlto>
  <metad>
    <type>PA</type>
    <ID>bpt6k385965n</ID>
    <titre>France, debout ! Chant patriotique... poésie et musique de Paul Florencie</titre>
    <dateEdition>1915</dateEdition>
    <nbPage>10</nbPage>
  </metad>
  <contenus ocr="false" toc="false">
    <largeur>136</largeur>
    <hauteur>177</hauteur>
    <pages>
      <page ordre="1">
        <blocIllustration>1</blocIllustration>
        <ills>
          <ill classif="CC DF" couleur="coul" h="4182" id="1-1" n="1-1" taille="6" w="3213" x="1" y="1">
            <genre CS="0.52" source="TensorFlow">dessin</genre>
            <contenuImg CS="0.755">pale yellow color</contenuImg>
            <contenuImg CS="0.901">olive green color</contenuImg>
            <contenuImg CS="0.53">person</contenuImg>
            <contenuImg CS="0.53">paper based (stamps/currency)</contenuImg>
            <contenuImg CS="0.707">magazine</contenuImg>
            <contenuImg CS="0.576">news magazine</contenuImg>
            <contenuImg CS="0.84">wrapping</contenuImg>
            <contenuImg CS="0.84">book jacket</contenuImg>
            <theme CS="0.95">01</theme>
            <titraille>France, debout ! Chant patriotique... poésie et musique de Paul Florencie</titraille>
          </ill>
        </ills>
      </page>
    </pages>
  </contenus>
</analyseAlto>
