<?xml version="1.0" encoding="UTF-8"?>
<analyseAlto>
  <metad>
    <type>PA</type>
    <ID>bpt6k385985b</ID>
    <titre>En Avant ! Poésie de Paul Déroulède, musique de Eugène d’ Harcourt</titre>
    <dateEdition>1915</dateEdition>
    <nbPage>8</nbPage>
  </metad>
  <contenus ocr="false" toc="false">
    <largeur>135</largeur>
    <hauteur>174</hauteur>
    <pages>
      <page ordre="1">
        <blocIllustration>1</blocIllustration>
        <ills>
          <ill classif="CC" couleur="gris" h="4133" id="1-1" n="1-1" taille="6" w="3189" x="1" y="1">
            <genre CS="0.32" source="TensorFlow">dessin</genre>
            <contenuImg CS="0.733">olive green color</contenuImg>
            <contenuImg CS="0.897">gray color</contenuImg>
            <contenuImg CS="0.858">medium</contenuImg>
            <contenuImg CS="0.858">newspaper</contenuImg>
            <contenuImg CS="0.812">gazette</contenuImg>
            <theme CS="0.95">01</theme>
            <titraille>En Avant ! Poésie de Paul Déroulède, musique de Eugène d’ Harcourt</titraille>
          </ill>
        </ills>
      </page>
    </pages>
  </contenus>
</analyseAlto>
