<?xml version="1.0" encoding="UTF-8"?>
<analyseAlto>
  <metad>
    <type>PA</type>
    <ID>bpt6k3844666</ID>
    <titre>Petit Soldat ! Chant religieuse, paroles et musique de G. Billiaud</titre>
    <dateEdition>1917</dateEdition>
    <nbPage>4</nbPage>
  </metad>
  <contenus ocr="false" toc="false">
    <largeur>131</largeur>
    <hauteur>172</hauteur>
    <pages>
      <page ordre="1">
        <blocIllustration>1</blocIllustration>
        <ills>
          <ill classif="CC" couleur="gris" h="4084" id="1-1" n="1-1" taille="5" w="3114" x="1" y="1">
            <genre CS="0.30" source="TensorFlow">dessin</genre>
            <contenuImg CS="0.805">emerald color</contenuImg>
            <contenuImg CS="0.842">gray color</contenuImg>
            <contenuImg CS="0.53">device</contenuImg>
            <contenuImg CS="0.53">machine</contenuImg>
            <contenuImg CS="0.53">computer</contenuImg>
            <contenuImg CS="0.53">digital computer</contenuImg>
            <contenuImg CS="0.53">personal computer</contenuImg>
            <contenuImg CS="0.53">portable computer</contenuImg>
            <contenuImg CS="0.53">planner (notebook)</contenuImg>
            <contenuImg CS="0.548">framework</contenuImg>
            <contenuImg CS="0.548">frame</contenuImg>
            <contenuImg CS="0.552">paper</contenuImg>
            <contenuImg CS="0.746">written document</contenuImg>
            <theme CS="0.95">01</theme>
            <titraille>Petit Soldat ! Chant religieuse, paroles et musique de G. Billiaud</titraille>
          </ill>
        </ills>
      </page>
    </pages>
  </contenus>
</analyseAlto>
