<?xml version="1.0" encoding="UTF-8"?>
<analyseAlto>
  <metad>
    <type>PA</type>
    <ID>bpt6k384726r</ID>
    <titre>A nos Héros tombés ! Chant patriotique, paroles de F. Praz, musique de J.-M. Morat</titre>
    <dateEdition>1916</dateEdition>
    <nbPage>6</nbPage>
  </metad>
  <contenus ocr="false" toc="false">
    <largeur>135</largeur>
    <hauteur>173</hauteur>
    <pages>
      <page ordre="1">
        <blocIllustration>1</blocIllustration>
        <ills>
          <ill classif="CC" couleur="gris" h="4110" id="1-1" n="1-1" taille="6" w="3204" x="1" y="1">
            <genre CS="0.35" source="TensorFlow">dessin</genre>
            <contenuImg CS="0.655">olive green color</contenuImg>
            <contenuImg CS="0.848">gray color</contenuImg>
            <contenuImg CS="0.53">food</contenuImg>
            <contenuImg CS="0.53">beverage</contenuImg>
            <contenuImg CS="0.53">wine</contenuImg>
            <contenuImg CS="0.53">Rhone wine</contenuImg>
            <contenuImg CS="0.758">written document</contenuImg>
            <theme CS="0.95">01</theme>
            <titraille>A nos Héros tombés ! Chant patriotique, paroles de F. Praz, musique de J.-M. Morat</titraille>
          </ill>
        </ills>
      </page>
    </pages>
  </contenus>
</analyseAlto>
