<?xml version="1.0" encoding="UTF-8"?>
<analyseAlto>
  <metad>
    <type>PA</type>
    <ID>bpt6k3847617</ID>
    <titre>Les trois Angelus de la guerre ! Chanson vécue, paroles de Briollet et Vylna, musique de Vylna</titre>
    <dateEdition>1916</dateEdition>
    <nbPage>6</nbPage>
  </metad>
  <contenus ocr="false" toc="false">
    <largeur>135</largeur>
    <hauteur>173</hauteur>
    <pages>
      <page ordre="2">
        <blocIllustration>1</blocIllustration>
        <ills>
          <ill classif="CC" couleur="gris" filtre="1" h="4090" id="2-1" n="2-1" taille="6" w="3150" x="1" y="1">
            <genre CS="0.99" source="TensorFlow">filtretxt</genre>
            <contenuImg CS="1.0">gray color</contenuImg>
            <contenuImg CS="0.641">device</contenuImg>
            <contenuImg CS="0.641">machine</contenuImg>
            <contenuImg CS="0.641">computer</contenuImg>
            <contenuImg CS="0.641">slide rule</contenuImg>
            <contenuImg CS="0.95">written document</contenuImg>
            <theme CS="0.95">01</theme>
            <titraille>Les trois Angelus de la guerre ! Chanson vécue, paroles de Briollet et Vylna, musique de Vylna</titraille>
          </ill>
        </ills>
      </page>
    </pages>
  </contenus>
</analyseAlto>
