<?xml version="1.0" encoding="UTF-8"?>
<analyseAlto>
  <metad>
    <type>PA</type>
    <ID>bpt6k3843508</ID>
    <titre>Hymne au roi Abert 1er.. Poésie et musique de H. Aribaud</titre>
    <dateEdition>1917</dateEdition>
    <nbPage>8</nbPage>
  </metad>
  <contenus ocr="false" toc="false">
    <largeur>131</largeur>
    <hauteur>170</hauteur>
    <pages>
      <page ordre="1">
        <blocIllustration>1</blocIllustration>
        <ills>
          <ill classif="CC DF" couleur="gris" h="4035" id="1-1" n="1-1" taille="5" w="3113" x="1" y="1">
            <genre CS="0.86" source="TensorFlow">photo</genre>
            <contenuImg CS="0.52275" age="39.5" h="1181.66666666667" l="1091.66666666667" sexe="M" x="1016.66666666667" y="903.333333333333">face</contenuImg>
            <contenuImg CS="0.796">black color</contenuImg>
            <contenuImg CS="0.943">coal black color</contenuImg>
            <contenuImg CS="0.53">biographer</contenuImg>
            <contenuImg CS="0.572">people</contenuImg>
            <contenuImg CS="0.851">person</contenuImg>
            <contenuImg CS="0.768">physicist</contenuImg>
            <theme CS="0.95">01</theme>
            <titraille>Hymne au roi Abert 1er.. Poésie et musique de H. Aribaud</titraille>
          </ill>
        </ills>
      </page>
    </pages>
  </contenus>
</analyseAlto>
