<?xml version="1.0" encoding="UTF-8"?>
<analyseAlto>
  <metad>
    <type>PA</type>
    <ID>bpt6k385503k</ID>
    <titre>Noël de la France. Poëme et musique de Fernand Le Borne</titre>
    <dateEdition>1915</dateEdition>
    <nbPage>16</nbPage>
  </metad>
  <contenus ocr="false" toc="false">
    <largeur>133</largeur>
    <hauteur>172</hauteur>
    <pages>
      <page ordre="1">
        <blocIllustration>1</blocIllustration>
        <ills>
          <ill classif="CC" couleur="gris" filtre="1" h="4083" id="1-1" n="1-1" taille="5" w="3145" x="1" y="1">
            <genre CS="0.44" source="TensorFlow">filtretxt</genre>
            <contenuImg CS="0.816">gray color</contenuImg>
            <contenuImg CS="0.837">olive green color</contenuImg>
            <contenuImg CS="0.53">paper</contenuImg>
            <contenuImg CS="0.879">written document</contenuImg>
            <theme CS="0.95">01</theme>
            <titraille>Noël de la France. Poëme et musique de Fernand Le Borne</titraille>
          </ill>
        </ills>
      </page>
    </pages>
  </contenus>
</analyseAlto>
