<?xml version="1.0" encoding="UTF-8"?>
<analyseAlto>
  <metad>
    <type>PA</type>
    <ID>bpt6k385469m</ID>
    <titre>Hymne de Mameli Chant national italien. Version française de G. Villard, harmonisée par A. Chinaglia</titre>
    <dateEdition>1915</dateEdition>
    <nbPage>6</nbPage>
  </metad>
  <contenus ocr="false" toc="false">
    <largeur>134</largeur>
    <hauteur>173</hauteur>
    <pages>
      <page ordre="2">
        <blocIllustration>1</blocIllustration>
        <ills>
          <ill classif="CC" couleur="gris" filtre="1" h="4128" id="2-1" n="2-1" taille="6" w="3135" x="1" y="1">
            <genre CS="0.97" source="TensorFlow">filtretxt</genre>
            <contenuImg CS="0.962">gray color</contenuImg>
            <contenuImg CS="0.844">device</contenuImg>
            <contenuImg CS="0.844">electronic device</contenuImg>
            <contenuImg CS="0.844">video display</contenuImg>
            <contenuImg CS="0.844">window</contenuImg>
            <contenuImg CS="0.762">dialog box</contenuImg>
            <contenuImg CS="0.766">written document</contenuImg>
            <theme CS="0.95">01</theme>
            <titraille>Hymne de Mameli Chant national italien. Version française de G. Villard, harmonisée par A. Chinaglia</titraille>
          </ill>
        </ills>
      </page>
    </pages>
  </contenus>
</analyseAlto>
