<?xml version="1.0" encoding="UTF-8"?>
<analyseAlto>
  <metad>
    <type>PA</type>
    <ID>bpt6k385513x</ID>
    <titre>Noël héroïque. Paroles de André Legrand, musique de Félix Fourdrain</titre>
    <dateEdition>1915</dateEdition>
    <nbPage>8</nbPage>
  </metad>
  <contenus ocr="false" toc="false">
    <largeur>133</largeur>
    <hauteur>172</hauteur>
    <pages>
      <page ordre="1">
        <blocIllustration>1</blocIllustration>
        <ills>
          <ill classif="CC" couleur="coul" h="4080" id="1-1" n="1-1" taille="5" w="3164" x="1" y="1">
            <genre CS="0.53" source="TensorFlow">dessin</genre>
            <contenuImg CS="0.67">crimson color</contenuImg>
            <contenuImg CS="0.801">olive green color</contenuImg>
            <contenuImg CS="0.836">bag</contenuImg>
            <contenuImg CS="0.835">envelope</contenuImg>
            <theme CS="0.95">01</theme>
            <titraille>Noël héroïque. Paroles de André Legrand, musique de Félix Fourdrain</titraille>
          </ill>
        </ills>
      </page>
    </pages>
  </contenus>
</analyseAlto>
