<?xml version="1.0" encoding="UTF-8"?>
<analyseAlto>
  <metad>
    <type>PA</type>
    <ID>bpt6k3847316</ID>
    <titre>Le Pays de France. Paroles de W. Jourdan, musique de A. Chinaglia</titre>
    <dateEdition>1916</dateEdition>
    <nbPage>4</nbPage>
  </metad>
  <contenus ocr="false" toc="false">
    <largeur>135</largeur>
    <hauteur>173</hauteur>
    <pages>
      <page ordre="1">
        <blocIllustration>1</blocIllustration>
        <ills>
          <ill classif="CC" couleur="gris" h="4110" id="1-1" n="1-1" taille="6" w="3204" x="1" y="1">
            <genre CS="0.83" source="TensorFlow">dessin</genre>
            <contenuImg CS="0.543">emerald color</contenuImg>
            <contenuImg CS="0.905">gray color</contenuImg>
            <contenuImg CS="0.945">sleeve</contenuImg>
            <contenuImg CS="0.945">record sleeve</contenuImg>
            <theme CS="0.95">01</theme>
            <titraille>Le Pays de France. Paroles de W. Jourdan, musique de A. Chinaglia</titraille>
          </ill>
        </ills>
      </page>
    </pages>
  </contenus>
</analyseAlto>
