<?xml version="1.0" encoding="UTF-8"?>
<analyseAlto>
  <metad>
    <type>PA</type>
    <ID>bpt6k385208j</ID>
    <titre>Les Gars poilus, paroles de Paul Franck, musique de Edouard Mathé</titre>
    <dateEdition>1916</dateEdition>
    <nbPage>4</nbPage>
  </metad>
  <contenus ocr="false" toc="false">
    <largeur>133</largeur>
    <hauteur>173</hauteur>
    <pages>
      <page ordre="1">
        <blocIllustration>1</blocIllustration>
        <ills>
          <ill classif="CC DF" couleur="gris" h="4106" id="1-1" n="1-1" taille="5" w="3157" x="1" y="1">
            <genre CS="0.72" source="TensorFlow">dessin</genre>
            <contenuImg CS="0.634">olive green color</contenuImg>
            <contenuImg CS="0.803">gray color</contenuImg>
            <contenuImg CS="0.53">study</contenuImg>
            <contenuImg CS="0.6">person</contenuImg>
            <contenuImg CS="0.598">paper based (stamps/currency)</contenuImg>
            <contenuImg CS="0.782">medium</contenuImg>
            <contenuImg CS="0.782">newspaper</contenuImg>
            <contenuImg CS="0.776">gazette</contenuImg>
            <theme CS="0.95">01</theme>
            <titraille>Les Gars poilus, paroles de Paul Franck, musique de Edouard Mathé</titraille>
          </ill>
        </ills>
      </page>
    </pages>
  </contenus>
</analyseAlto>
