<?xml version="1.0" encoding="UTF-8"?>
<analyseAlto>
  <metad>
    <type>PA</type>
    <ID>bpt6k3857172</ID>
    <titre>Hymne de Mameli Chant national italien, poésie de Goffredo Mameli, traduction de Paul Briollet, musique de Michele Novaro, transcription de André Colomb</titre>
    <dateEdition>1915</dateEdition>
    <nbPage>6</nbPage>
  </metad>
  <contenus ocr="false" toc="false">
    <largeur>134</largeur>
    <hauteur>175</hauteur>
    <pages>
      <page ordre="1">
        <blocIllustration>1</blocIllustration>
        <ills>
          <ill classif="CC DF" couleur="coul" h="4152" id="1-1" n="1-1" taille="6" w="3181" x="1" y="1">
            <genre CS="0.71" source="TensorFlow">dessin</genre>
            <contenuImg CS="0.893">olive green color</contenuImg>
            <contenuImg CS="0.53">person</contenuImg>
            <contenuImg CS="0.53">paper based (stamps/currency)</contenuImg>
            <contenuImg CS="0.875">wrapping</contenuImg>
            <contenuImg CS="0.875">book jacket</contenuImg>
            <theme CS="0.95">01</theme>
            <titraille>Hymne de Mameli Chant national italien, poésie de Goffredo Mameli, traduction de Paul Briollet, musique de Michele Novaro, transcription de André Colomb</titraille>
          </ill>
        </ills>
      </page>
    </pages>
  </contenus>
</analyseAlto>
