<?xml version="1.0" encoding="UTF-8"?>
<analyseAlto>
  <metad>
    <type>PA</type>
    <ID>bpt6k3852287</ID>
    <titre>Délivrance ! : chanson de route / paroles de A. Chuquet ; musique de Ch.-M. Widor</titre>
    <dateEdition>1916</dateEdition>
    <nbPage>6</nbPage>
  </metad>
  <contenus ocr="false" toc="false">
    <largeur>134</largeur>
    <hauteur>175</hauteur>
    <pages>
      <page ordre="1">
        <blocIllustration>1</blocIllustration>
        <ills>
          <ill classif="CC" couleur="coul" h="4141" id="1-1" n="1-1" taille="6" w="3166" x="1" y="1">
            <genre CS="0.48" source="TensorFlow">dessin</genre>
            <contenuImg CS="0.968">olive green color</contenuImg>
            <contenuImg CS="0.55">eraser</contenuImg>
            <contenuImg CS="0.53">rubber eraser</contenuImg>
            <contenuImg CS="0.533">photomicrograph (photograph)</contenuImg>
            <contenuImg CS="0.547">written document</contenuImg>
            <contenuImg CS="0.669">tool</contenuImg>
            <contenuImg CS="0.669">stamp</contenuImg>
            <theme CS="0.95">01</theme>
            <titraille>Délivrance ! : chanson de route / paroles de A. Chuquet ; musique de Ch.-M. Widor</titraille>
          </ill>
        </ills>
      </page>
    </pages>
  </contenus>
</analyseAlto>
