<?xml version="1.0" encoding="UTF-8"?>
<analyseAlto>
  <metad>
    <type>PA</type>
    <ID>bpt6k3857159</ID>
    <titre>Hymne -Garibaldi Hymne de guerre du chasseurs des Alpes, poésie de Luigi Mercantini, traduction de Paul Briollet, musique de A. Olivieri, transcription de André Colomb</titre>
    <dateEdition>1915</dateEdition>
    <nbPage>6</nbPage>
  </metad>
  <contenus ocr="false" toc="false">
    <largeur>134</largeur>
    <hauteur>175</hauteur>
    <pages>
      <page ordre="1">
        <blocIllustration>1</blocIllustration>
        <ills>
          <ill classif="CC" couleur="coul" h="4152" id="1-1" n="1-1" taille="6" w="3181" x="1" y="1">
            <genre CS="0.57" source="TensorFlow">gravure</genre>
            <contenuImg CS="0.888">olive green color</contenuImg>
            <contenuImg CS="0.941">jade green color</contenuImg>
            <contenuImg CS="0.53">wrapping</contenuImg>
            <contenuImg CS="0.53">book jacket</contenuImg>
            <contenuImg CS="0.531">news magazine</contenuImg>
            <contenuImg CS="0.563">slick magazine</contenuImg>
            <contenuImg CS="0.682">medium</contenuImg>
            <contenuImg CS="0.682">print media</contenuImg>
            <contenuImg CS="0.864">magazine</contenuImg>
            <theme CS="0.95">01</theme>
            <titraille>Hymne -Garibaldi Hymne de guerre du chasseurs des Alpes, poésie de Luigi Mercantini, traduction de Paul Briollet, musique de A. Olivieri, transcription de André Colomb</titraille>
          </ill>
        </ills>
      </page>
    </pages>
  </contenus>
</analyseAlto>
