<?xml version="1.0" encoding="UTF-8"?>
<analyseAlto>
  <metad>
    <type>PA</type>
    <ID>bpt6k384331z</ID>
    <titre>La Meusienne Chant de guerre 1916, V. Hussonmorel</titre>
    <dateEdition>1917</dateEdition>
    <nbPage>4</nbPage>
  </metad>
  <contenus ocr="false" toc="false">
    <largeur>131</largeur>
    <hauteur>173</hauteur>
    <pages>
      <page ordre="1">
        <blocIllustration>1</blocIllustration>
        <ills>
          <ill classif="CC" couleur="gris" h="4097" id="1-1" n="1-1" taille="5" w="3112" x="1" y="1">
            <genre CS="0.40" source="TensorFlow">dessin</genre>
            <contenuImg CS="0.801">olive green color</contenuImg>
            <contenuImg CS="0.913">gray color</contenuImg>
            <contenuImg CS="0.53">paper</contenuImg>
            <contenuImg CS="0.784">written document</contenuImg>
            <theme CS="0.95">01</theme>
            <titraille>La Meusienne Chant de guerre 1916, V. Hussonmorel</titraille>
          </ill>
        </ills>
      </page>
    </pages>
  </contenus>
</analyseAlto>
