<?xml version="1.0" encoding="UTF-8"?>
<analyseAlto>
  <metad>
    <type>PA</type>
    <ID>bpt6k3858762</ID>
    <titre>Marche belge..., paroles de Charles Vogel, musique de Emile Duranthon</titre>
    <dateEdition>1915</dateEdition>
    <nbPage>10</nbPage>
  </metad>
  <contenus ocr="false" toc="false">
    <largeur>133</largeur>
    <hauteur>174</hauteur>
    <pages>
      <page ordre="1">
        <blocIllustration>1</blocIllustration>
        <ills>
          <ill classif="CC" couleur="gris" filtre="1" h="4112" id="1-1" n="1-1" taille="6" w="3159" x="1" y="1">
            <genre CS="0.60" source="TensorFlow">filtretxt</genre>
            <contenuImg CS="0.701">olive green color</contenuImg>
            <contenuImg CS="0.705">jade green color</contenuImg>
            <contenuImg CS="0.904">written document</contenuImg>
            <theme CS="0.95">01</theme>
            <titraille>Marche belge..., paroles de Charles Vogel, musique de Emile Duranthon</titraille>
          </ill>
        </ills>
      </page>
    </pages>
  </contenus>
</analyseAlto>
