<?xml version="1.0" encoding="UTF-8"?>
<analyseAlto>
  <metad>
    <type>PA</type>
    <ID>bpt6k3840044</ID>
    <titre>Chanson de guerre des marsouins, poème de Christian Frogé, musique d ’Alexandre Georges</titre>
    <dateEdition>1917</dateEdition>
    <nbPage>6</nbPage>
  </metad>
  <contenus ocr="false" toc="false">
    <largeur>133</largeur>
    <hauteur>174</hauteur>
    <pages>
      <page ordre="1">
        <blocIllustration>1</blocIllustration>
        <ills>
          <ill classif="CC" couleur="gris" filtre="1" h="4113" id="1-1" n="1-1" taille="6" w="3144" x="1" y="1">
            <genre CS="0.61" source="TensorFlow">filtretxt</genre>
            <contenuImg CS="0.707">olive green color</contenuImg>
            <contenuImg CS="0.539">device</contenuImg>
            <contenuImg CS="0.531">machine</contenuImg>
            <contenuImg CS="0.531">computer</contenuImg>
            <contenuImg CS="0.53">web site</contenuImg>
            <contenuImg CS="0.554">paper</contenuImg>
            <contenuImg CS="0.555">written document</contenuImg>
            <theme CS="0.95">01</theme>
            <titraille>Chanson de guerre des marsouins, poème de Christian Frogé, musique d ’Alexandre Georges</titraille>
          </ill>
        </ills>
      </page>
    </pages>
  </contenus>
</analyseAlto>
