<?xml version="1.0" encoding="UTF-8"?>
<analyseAlto>
  <metad>
    <type>PA</type>
    <ID>bpt6k3839687</ID>
    <titre>Salut à toi, Patrie ! Chant patriotique, poésie de Lucien Prieur, musique de Marcel Goyet,...</titre>
    <dateEdition>1917</dateEdition>
    <nbPage>4</nbPage>
  </metad>
  <contenus ocr="false" toc="false">
    <largeur>135</largeur>
    <hauteur>174</hauteur>
    <pages>
      <page ordre="1">
        <blocIllustration>1</blocIllustration>
        <ills>
          <ill classif="CC" couleur="gris" filtre="1" h="4113" id="1-1" n="1-1" taille="6" w="3198" x="1" y="1">
            <genre CS="0.67" source="TensorFlow">filtretxt</genre>
            <contenuImg CS="0.724">olive green color</contenuImg>
            <contenuImg CS="0.772">gray color</contenuImg>
            <contenuImg CS="0.53">paper</contenuImg>
            <contenuImg CS="0.571">food</contenuImg>
            <contenuImg CS="0.571">beverage</contenuImg>
            <contenuImg CS="0.571">wine</contenuImg>
            <contenuImg CS="0.571">white wine</contenuImg>
            <contenuImg CS="0.561">Montrachet</contenuImg>
            <contenuImg CS="0.626">deckle edge (paper making)</contenuImg>
            <contenuImg CS="0.709">written document</contenuImg>
            <theme CS="0.95">01</theme>
            <titraille>Salut à toi, Patrie ! Chant patriotique, poésie de Lucien Prieur, musique de Marcel Goyet,...</titraille>
          </ill>
        </ills>
      </page>
    </pages>
  </contenus>
</analyseAlto>
