<?xml version="1.0" encoding="UTF-8"?>
<analyseAlto>
  <metad>
    <type>PA</type>
    <ID>bpt6k385741t</ID>
    <titre>Hymne de Garibaldi, musique de A. Olivieri, traduction française de J. Luthy, arrangement par Aug Zurfluh</titre>
    <dateEdition>1915</dateEdition>
    <nbPage>4</nbPage>
  </metad>
  <contenus ocr="false" toc="false">
    <largeur>134</largeur>
    <hauteur>175</hauteur>
    <pages>
      <page ordre="1">
        <blocIllustration>1</blocIllustration>
        <ills>
          <ill classif="CC" couleur="coul" h="4152" id="1-1" n="1-1" taille="6" w="3181" x="1" y="1">
            <genre CS="0.42" source="TensorFlow">dessin</genre>
            <contenuImg CS="0.648">olive green color</contenuImg>
            <contenuImg CS="0.53">hard candy</contenuImg>
            <contenuImg CS="0.649">nutrition</contenuImg>
            <contenuImg CS="0.647">delicacy</contenuImg>
            <contenuImg CS="0.647">sweet</contenuImg>
            <contenuImg CS="0.647">candy</contenuImg>
            <contenuImg CS="0.577">cough drop</contenuImg>
            <contenuImg CS="0.598">packet</contenuImg>
            <contenuImg CS="0.756">food</contenuImg>
            <contenuImg CS="0.626">beverage</contenuImg>
            <contenuImg CS="0.623">milk</contenuImg>
            <contenuImg CS="0.607">powdered milk</contenuImg>
            <theme CS="0.95">01</theme>
            <titraille>Hymne de Garibaldi, musique de A. Olivieri, traduction française de J. Luthy, arrangement par Aug Zurfluh</titraille>
          </ill>
        </ills>
      </page>
    </pages>
  </contenus>
</analyseAlto>
