<?xml version="1.0" encoding="UTF-8"?>
<analyseAlto>
  <metad>
    <type>PA</type>
    <ID>bpt6k384687w</ID>
    <titre>Les Morts pour la patrie ! Chant patriotique par L. Perruchot</titre>
    <dateEdition>1916</dateEdition>
    <nbPage>12</nbPage>
  </metad>
  <contenus ocr="false" toc="false">
    <largeur>121</largeur>
    <hauteur>161</hauteur>
    <pages>
      <page ordre="1">
        <blocIllustration>1</blocIllustration>
        <ills>
          <ill classif="CC" couleur="gris" filtre="1" h="3815" id="1-1" n="1-1" taille="5" w="2866" x="1" y="1">
            <genre CS="0.55" source="TensorFlow">filtretxt</genre>
            <contenuImg CS="0.753">olive green color</contenuImg>
            <contenuImg CS="0.943">gray color</contenuImg>
            <contenuImg CS="0.733">electronic device</contenuImg>
            <contenuImg CS="0.733">video display</contenuImg>
            <contenuImg CS="0.733">window</contenuImg>
            <contenuImg CS="0.53">dialog box</contenuImg>
            <contenuImg CS="0.864">device</contenuImg>
            <contenuImg CS="0.551">machine</contenuImg>
            <contenuImg CS="0.551">computer</contenuImg>
            <contenuImg CS="0.551">web site</contenuImg>
            <contenuImg CS="0.788">written document</contenuImg>
            <theme CS="0.95">01</theme>
            <titraille>Les Morts pour la patrie ! Chant patriotique par L. Perruchot</titraille>
          </ill>
        </ills>
      </page>
    </pages>
  </contenus>
</analyseAlto>
