<?xml version="1.0" encoding="UTF-8"?>
<analyseAlto>
  <metad>
    <type>PA</type>
    <ID>bpt6k385595f</ID>
    <titre>Les Poilus du 20e Chanson-marche du 20e corps, paroles de Dominique Bonnaud et G. Baltha, musique de Aristide Bruant</titre>
    <dateEdition>1915</dateEdition>
    <nbPage>6</nbPage>
  </metad>
  <contenus ocr="false" toc="false">
    <largeur>132</largeur>
    <hauteur>171</hauteur>
    <pages>
      <page ordre="2">
        <blocIllustration>1</blocIllustration>
        <ills>
          <ill classif="CC" couleur="gris" filtre="1" h="4050" id="2-1" n="2-1" taille="5" w="3084" x="1" y="1">
            <genre CS="0.99" source="TensorFlow">filtretxt</genre>
            <contenuImg CS="0.984">gray color</contenuImg>
            <contenuImg CS="0.631">device</contenuImg>
            <contenuImg CS="0.631">electronic device</contenuImg>
            <contenuImg CS="0.631">video display</contenuImg>
            <contenuImg CS="0.631">window</contenuImg>
            <contenuImg CS="0.53">dialog box</contenuImg>
            <contenuImg CS="0.933">written document</contenuImg>
            <theme CS="0.95">01</theme>
            <titraille>Les Poilus du 20e Chanson-marche du 20e corps, paroles de Dominique Bonnaud et G. Baltha, musique de Aristide Bruant</titraille>
          </ill>
        </ills>
      </page>
    </pages>
  </contenus>
</analyseAlto>
