<?xml version="1.0" encoding="UTF-8"?>
<analyseAlto>
  <metad>
    <type>PA</type>
    <ID>bpt6k384746f</ID>
    <titre>La croix de guerre : chanson-marche / paroles de Alphonse Huau ; musique de Georges Delay</titre>
    <dateEdition>1916</dateEdition>
    <nbPage>6</nbPage>
  </metad>
  <contenus ocr="false" toc="false">
    <largeur>131</largeur>
    <hauteur>168</hauteur>
    <pages>
      <page ordre="2">
        <blocIllustration>1</blocIllustration>
        <ills>
          <ill classif="CC" couleur="gris" filtre="1" h="4028" id="2-1" n="2-1" taille="5" w="3096" x="1" y="1">
            <genre CS="0.99" source="TensorFlow">filtretxt</genre>
            <contenuImg CS="0.992">gray color</contenuImg>
            <contenuImg CS="0.935">written document</contenuImg>
            <theme CS="0.95">01</theme>
            <titraille>La croix de guerre : chanson-marche / paroles de Alphonse Huau ; musique de Georges Delay</titraille>
          </ill>
        </ills>
      </page>
    </pages>
  </contenus>
</analyseAlto>
