<?xml version="1.0" encoding="UTF-8"?>
<analyseAlto>
  <metad>
    <type>PA</type>
    <ID>bpt6k385544b</ID>
    <titre>Le Système  D . Paroles de Bertal-Maubon, musique de Raoul Georges</titre>
    <dateEdition>1915</dateEdition>
    <nbPage>6</nbPage>
  </metad>
  <contenus ocr="false" toc="false">
    <largeur>129</largeur>
    <hauteur>170</hauteur>
    <pages>
      <page ordre="2">
        <blocIllustration>1</blocIllustration>
        <ills>
          <ill classif="CC" couleur="gris" filtre="1" h="3988" id="2-1" n="2-1" taille="5" w="3088" x="1" y="1">
            <genre CS="0.99" source="TensorFlow">filtretxt</genre>
            <contenuImg CS="1.0">gray color</contenuImg>
            <contenuImg CS="0.53">paper</contenuImg>
            <contenuImg CS="0.956">written document</contenuImg>
            <theme CS="0.95">01</theme>
            <titraille>Le Système  D . Paroles de Bertal-Maubon, musique de Raoul Georges</titraille>
          </ill>
        </ills>
      </page>
    </pages>
  </contenus>
</analyseAlto>
