<?xml version="1.0" encoding="UTF-8"?>
<analyseAlto>
  <metad>
    <type>PA</type>
    <ID>bpt6k384927r</ID>
    <titre>La lettre : valse chantée / paroles de Simplex ; musique de Pierre Dezeff</titre>
    <dateEdition>1916</dateEdition>
    <nbPage>8</nbPage>
  </metad>
  <contenus ocr="false" toc="false">
    <largeur>133</largeur>
    <hauteur>173</hauteur>
    <pages>
      <page ordre="1">
        <blocIllustration>1</blocIllustration>
        <ills>
          <ill classif="CC DF" couleur="gris" h="4091" id="1-1" n="1-1" taille="5" w="3144" x="1" y="1">
            <genre CS="0.88" source="TensorFlow">dessin</genre>
            <contenuImg CS="0.985">gray color</contenuImg>
            <contenuImg CS="0.651">medium</contenuImg>
            <contenuImg CS="0.651">newspaper</contenuImg>
            <contenuImg CS="0.53">school newspaper</contenuImg>
            <contenuImg CS="0.741">person</contenuImg>
            <contenuImg CS="0.741">paper based (stamps/currency)</contenuImg>
            <contenuImg CS="0.75">study</contenuImg>
            <theme CS="0.95">01</theme>
            <titraille>La lettre : valse chantée / paroles de Simplex ; musique de Pierre Dezeff</titraille>
          </ill>
        </ills>
      </page>
    </pages>
  </contenus>
</analyseAlto>
