<?xml version="1.0" encoding="UTF-8"?>
<analyseAlto>
  <metad>
    <type>PA</type>
    <ID>bpt6k3855764</ID>
    <titre>Française ! Hymne de sacrifice, poésie et musique de F Labbé...</titre>
    <dateEdition>1915</dateEdition>
    <nbPage>6</nbPage>
  </metad>
  <contenus ocr="false" toc="false">
    <largeur>133</largeur>
    <hauteur>170</hauteur>
    <pages>
      <page ordre="1">
        <blocIllustration>1</blocIllustration>
        <ills>
          <ill classif="CC" couleur="gris" h="4028" id="1-1" n="1-1" taille="5" w="3153" x="1" y="1">
            <genre CS="0.31" source="TensorFlow">dessin</genre>
            <contenuImg CS="0.796">olive green color</contenuImg>
            <contenuImg CS="0.53">macon</contenuImg>
            <contenuImg CS="0.55">Chablis</contenuImg>
            <contenuImg CS="0.91">food</contenuImg>
            <contenuImg CS="0.91">beverage</contenuImg>
            <contenuImg CS="0.91">wine</contenuImg>
            <contenuImg CS="0.885">white wine</contenuImg>
            <contenuImg CS="0.843">Montrachet</contenuImg>
            <theme CS="0.95">01</theme>
            <titraille>Française ! Hymne de sacrifice, poésie et musique de F Labbé...</titraille>
          </ill>
        </ills>
      </page>
    </pages>
  </contenus>
</analyseAlto>
