<?xml version="1.0" encoding="UTF-8"?>
<analyseAlto>
  <metad>
    <type>PA</type>
    <ID>bpt6k3859559</ID>
    <titre>Hymne à la Belgique. Chant et piano, paroles de Charles de Nader, musique de G. Rouanot ch. et p.</titre>
    <dateEdition>1915</dateEdition>
    <nbPage>8</nbPage>
  </metad>
  <contenus ocr="false" toc="false">
    <largeur>135</largeur>
    <hauteur>174</hauteur>
    <pages>
      <page ordre="1">
        <blocIllustration>1</blocIllustration>
        <ills>
          <ill classif="CC" couleur="gris" filtre="1" h="4133" id="1-1" n="1-1" taille="6" w="3189" x="1" y="1">
            <genre CS="0.42" source="TensorFlow">filtretxt</genre>
            <contenuImg CS="0.586">gray color</contenuImg>
            <contenuImg CS="0.784">olive green color</contenuImg>
            <contenuImg CS="0.532">device</contenuImg>
            <contenuImg CS="0.53">machine</contenuImg>
            <contenuImg CS="0.53">computer</contenuImg>
            <contenuImg CS="0.53">web site</contenuImg>
            <contenuImg CS="0.646">paper</contenuImg>
            <contenuImg CS="0.86">written document</contenuImg>
            <theme CS="0.95">01</theme>
            <titraille>Hymne à la Belgique. Chant et piano, paroles de Charles de Nader, musique de G. Rouanot ch. et p.</titraille>
          </ill>
        </ills>
      </page>
    </pages>
  </contenus>
</analyseAlto>
