<?xml version="1.0" encoding="UTF-8"?>
<analyseAlto>
  <metad>
    <type>PA</type>
    <ID>bpt6k386205p</ID>
    <titre>Litanies de Guillaume à son vieux bon Dieu. Chanson..., paroles et musique de Louis Beaufaux</titre>
    <dateEdition>1915</dateEdition>
    <nbPage>6</nbPage>
  </metad>
  <contenus ocr="false" toc="false">
    <largeur>135</largeur>
    <hauteur>172</hauteur>
    <pages>
      <page ordre="2">
        <blocIllustration>1</blocIllustration>
        <ills>
          <ill classif="CC" couleur="gris" filtre="1" h="4097" id="2-1" n="2-1" taille="6" w="3104" x="1" y="1">
            <genre CS="0.96" source="TensorFlow">filtretxt</genre>
            <contenuImg CS="0.982">gray color</contenuImg>
            <contenuImg CS="0.53">machine</contenuImg>
            <contenuImg CS="0.53">computer</contenuImg>
            <contenuImg CS="0.53">chat room</contenuImg>
            <contenuImg CS="0.828">device</contenuImg>
            <contenuImg CS="0.735">electronic device</contenuImg>
            <contenuImg CS="0.735">video display</contenuImg>
            <contenuImg CS="0.735">window</contenuImg>
            <contenuImg CS="0.638">dialog box</contenuImg>
            <contenuImg CS="0.908">written document</contenuImg>
            <theme CS="0.95">01</theme>
            <titraille>Litanies de Guillaume à son vieux bon Dieu. Chanson..., paroles et musique de Louis Beaufaux</titraille>
          </ill>
        </ills>
      </page>
    </pages>
  </contenus>
</analyseAlto>
