<?xml version="1.0" encoding="UTF-8"?>
<analyseAlto>
  <metad>
    <type>PA</type>
    <ID>bpt6k383952m</ID>
    <titre>Mam’zell la Victoire ! Paroles de Pierre Chapelle, musique de J. Darien et E. Poncin</titre>
    <dateEdition>1917</dateEdition>
    <nbPage>6</nbPage>
  </metad>
  <contenus ocr="false" toc="false">
    <largeur>131</largeur>
    <hauteur>173</hauteur>
    <pages>
      <page ordre="2">
        <blocIllustration>1</blocIllustration>
        <ills>
          <ill classif="CC" couleur="gris" filtre="1" h="4078" id="2-1" n="2-1" taille="5" w="3150" x="1" y="1">
            <genre CS="0.98" source="TensorFlow">filtretxt</genre>
            <contenuImg CS="0.986">gray color</contenuImg>
            <contenuImg CS="0.937">written document</contenuImg>
            <theme CS="0.95">01</theme>
            <titraille>Mam’zell la Victoire ! Paroles de Pierre Chapelle, musique de J. Darien et E. Poncin</titraille>
          </ill>
        </ills>
      </page>
    </pages>
  </contenus>
</analyseAlto>
