<?xml version="1.0" encoding="UTF-8"?>
<analyseAlto>
  <metad>
    <type>PA</type>
    <ID>bpt6k384476j</ID>
    <titre>Le petit Drapeau belge. Sonnet, paroles et musique de Georges Norac</titre>
    <dateEdition>1917</dateEdition>
    <nbPage>6</nbPage>
  </metad>
  <contenus ocr="false" toc="false">
    <largeur>135</largeur>
    <hauteur>175</hauteur>
    <pages>
      <page ordre="1">
        <blocIllustration>1</blocIllustration>
        <ills>
          <ill classif="CC" couleur="gris" filtre="1" h="4143" id="1-1" n="1-1" taille="6" w="3204" x="1" y="1">
            <genre CS="0.98" source="TensorFlow">filtretxt</genre>
            <contenuImg CS="0.814">ivory color</contenuImg>
            <contenuImg CS="0.955">gray color</contenuImg>
            <contenuImg CS="0.775">device</contenuImg>
            <contenuImg CS="0.774">machine</contenuImg>
            <contenuImg CS="0.774">computer</contenuImg>
            <contenuImg CS="0.774">slide rule</contenuImg>
            <contenuImg CS="0.811">written document</contenuImg>
            <theme CS="0.95">01</theme>
            <titraille>Le petit Drapeau belge. Sonnet, paroles et musique de Georges Norac</titraille>
          </ill>
        </ills>
      </page>
    </pages>
  </contenus>
</analyseAlto>
