<?xml version="1.0" encoding="UTF-8"?>
<analyseAlto>
  <metad>
    <type>PA</type>
    <ID>bpt6k3854776</ID>
    <titre>Noël de France, poésie de André Dumas</titre>
    <dateEdition>1915</dateEdition>
    <nbPage>6</nbPage>
  </metad>
  <contenus ocr="false" toc="false">
    <largeur>125</largeur>
    <hauteur>163</hauteur>
    <pages>
      <page ordre="1">
        <blocIllustration>1</blocIllustration>
        <ills>
          <ill classif="CC" couleur="gris" filtre="1" h="3855" id="1-1" n="1-1" taille="5" w="2973" x="1" y="1">
            <genre CS="0.73" source="TensorFlow">filtretxt</genre>
            <contenuImg CS="0.807">gray color</contenuImg>
            <contenuImg CS="0.897">olive green color</contenuImg>
            <contenuImg CS="0.531">device</contenuImg>
            <contenuImg CS="0.53">electronic device</contenuImg>
            <contenuImg CS="0.53">video display</contenuImg>
            <contenuImg CS="0.53">window</contenuImg>
            <contenuImg CS="0.908">written document</contenuImg>
            <theme CS="0.95">01</theme>
            <titraille>Noël de France, poésie de André Dumas</titraille>
          </ill>
        </ills>
      </page>
    </pages>
  </contenus>
</analyseAlto>
