<?xml version="1.0" encoding="UTF-8"?>
<analyseAlto>
  <metad>
    <type>PA</type>
    <ID>bpt6k3855552</ID>
    <titre>Comme leurs Papas ! Chanson marche, paroles de M. Mounier, musique de L. Burais</titre>
    <dateEdition>1915</dateEdition>
    <nbPage>4</nbPage>
  </metad>
  <contenus ocr="false" toc="false">
    <largeur>129</largeur>
    <hauteur>169</hauteur>
    <pages>
      <page ordre="2">
        <blocIllustration>1</blocIllustration>
        <ills>
          <ill classif="CC" couleur="gris" filtre="1" h="3988" id="2-1" n="2-1" taille="5" w="3088" x="1" y="1">
            <genre CS="0.99" source="TensorFlow">filtretxt</genre>
            <contenuImg CS="0.989">gray color</contenuImg>
            <contenuImg CS="0.841">device</contenuImg>
            <contenuImg CS="0.84">electronic device</contenuImg>
            <contenuImg CS="0.84">video display</contenuImg>
            <contenuImg CS="0.84">window</contenuImg>
            <contenuImg CS="0.702">dialog box</contenuImg>
            <contenuImg CS="0.804">written document</contenuImg>
            <theme CS="0.95">01</theme>
            <titraille>Comme leurs Papas ! Chanson marche, paroles de M. Mounier, musique de L. Burais</titraille>
          </ill>
        </ills>
      </page>
    </pages>
  </contenus>
</analyseAlto>
