<?xml version="1.0" encoding="UTF-8"?>
<analyseAlto>
  <metad>
    <type>PA</type>
    <ID>bpt6k384843m</ID>
    <titre>Aux Morts restés la haut ! Poème de Melle P. Plan, musique de M. Vincent Fosse</titre>
    <dateEdition>1916</dateEdition>
    <nbPage>8</nbPage>
  </metad>
  <contenus ocr="false" toc="false">
    <largeur>134</largeur>
    <hauteur>173</hauteur>
    <pages>
      <page ordre="1">
        <blocIllustration>1</blocIllustration>
        <ills>
          <ill classif="CC" couleur="gris" h="4091" id="1-1" n="1-1" taille="6" w="3180" x="1" y="1">
            <genre CS="0.37" source="TensorFlow">dessin</genre>
            <contenuImg CS="0.837">olive green color</contenuImg>
            <contenuImg CS="0.879">gray color</contenuImg>
            <contenuImg CS="0.53">paper</contenuImg>
            <contenuImg CS="0.637">written document</contenuImg>
            <contenuImg CS="0.65">device</contenuImg>
            <contenuImg CS="0.648">machine</contenuImg>
            <contenuImg CS="0.648">computer</contenuImg>
            <contenuImg CS="0.647">web site</contenuImg>
            <theme CS="0.95">01</theme>
            <titraille>Aux Morts restés la haut ! Poème de Melle P. Plan, musique de M. Vincent Fosse</titraille>
          </ill>
        </ills>
      </page>
    </pages>
  </contenus>
</analyseAlto>
