<?xml version="1.0" encoding="UTF-8"?>
<analyseAlto>
  <metad>
    <type>PA</type>
    <ID>bpt6k384266k</ID>
    <titre>L’Aube tricolore Chant patriotique..., poésie de François Coppée, musique de René Campagne</titre>
    <dateEdition>1917</dateEdition>
    <nbPage>8</nbPage>
  </metad>
  <contenus ocr="false" toc="false">
    <largeur>131</largeur>
    <hauteur>168</hauteur>
    <pages>
      <page ordre="1">
        <blocIllustration>1</blocIllustration>
        <ills>
          <ill classif="CC" couleur="gris" filtre="1" h="3991" id="1-1" n="1-1" taille="5" w="3095" x="1" y="1">
            <genre CS="0.86" source="TensorFlow">filtretxt</genre>
            <contenuImg CS="0.722">gray color</contenuImg>
            <contenuImg CS="0.759">olive green color</contenuImg>
            <contenuImg CS="0.53">food</contenuImg>
            <contenuImg CS="0.53">menu</contenuImg>
            <contenuImg CS="0.669">paper</contenuImg>
            <contenuImg CS="0.724">device</contenuImg>
            <contenuImg CS="0.724">machine</contenuImg>
            <contenuImg CS="0.724">computer</contenuImg>
            <contenuImg CS="0.724">web site</contenuImg>
            <contenuImg CS="0.798">written document</contenuImg>
            <theme CS="0.95">01</theme>
            <titraille>L’Aube tricolore Chant patriotique..., poésie de François Coppée, musique de René Campagne</titraille>
          </ill>
        </ills>
      </page>
    </pages>
  </contenus>
</analyseAlto>
