<?xml version="1.0" encoding="UTF-8"?>
<analyseAlto>
  <metad>
    <type>PA</type>
    <ID>bpt6k3857727</ID>
    <titre>France ! Chant patristique, paroles et musique de Henri d’ Arnouville</titre>
    <dateEdition>1915</dateEdition>
    <nbPage>6</nbPage>
  </metad>
  <contenus ocr="false" toc="false">
    <largeur>133</largeur>
    <hauteur>175</hauteur>
    <pages>
      <page ordre="1">
        <blocIllustration>1</blocIllustration>
        <ills>
          <ill classif="CC" couleur="gris" filtre="1" h="4136" id="1-1" n="1-1" taille="6" w="3159" x="1" y="1">
            <genre CS="0.61" source="TensorFlow">filtretxt</genre>
            <contenuImg CS="0.657">sage green color</contenuImg>
            <contenuImg CS="0.825">olive green color</contenuImg>
            <contenuImg CS="0.53">plaque</contenuImg>
            <contenuImg CS="0.658">wrapping</contenuImg>
            <contenuImg CS="0.658">book jacket</contenuImg>
            <contenuImg CS="0.706">written document</contenuImg>
            <theme CS="0.95">01</theme>
            <titraille>France ! Chant patristique, paroles et musique de Henri d’ Arnouville</titraille>
          </ill>
        </ills>
      </page>
    </pages>
  </contenus>
</analyseAlto>
