<?xml version="1.0" encoding="UTF-8"?>
<analyseAlto>
  <metad>
    <type>PA</type>
    <ID>bpt6k385863k</ID>
    <titre>France ! Chant national, paroles de Eugène Crosti, musique de Renaud-Maury</titre>
    <dateEdition>1915</dateEdition>
    <nbPage>12</nbPage>
  </metad>
  <contenus ocr="false" toc="false">
    <largeur>134</largeur>
    <hauteur>176</hauteur>
    <pages>
      <page ordre="1">
        <blocIllustration>1</blocIllustration>
        <ills>
          <ill classif="CC DF" couleur="gris" h="4160" id="1-1" n="1-1" taille="6" w="3187" x="1" y="1">
            <genre CS="0.46" source="TensorFlow">dessin</genre>
            <contenuImg CS="0.526699" age="21" h="311.666666666667" l="275" sexe="F" x="1048.33333333333" y="1113.33333333333">face</contenuImg>
            <contenuImg CS="0.701">coal black color</contenuImg>
            <contenuImg CS="0.926">gray color</contenuImg>
            <contenuImg CS="0.53">framework</contenuImg>
            <contenuImg CS="0.53">passe-partout (frame)</contenuImg>
            <contenuImg CS="0.719">wrapping</contenuImg>
            <contenuImg CS="0.719">book jacket</contenuImg>
            <contenuImg CS="0.754">people</contenuImg>
            <contenuImg CS="0.896">person</contenuImg>
            <theme CS="0.95">01</theme>
            <titraille>France ! Chant national, paroles de Eugène Crosti, musique de Renaud-Maury</titraille>
          </ill>
        </ills>
      </page>
    </pages>
  </contenus>
</analyseAlto>
