<?xml version="1.0" encoding="UTF-8"?>
<analyseAlto>
  <metad>
    <type>PA</type>
    <ID>bpt6k3858851</ID>
    <titre>Vers la Victoire ! Chanson-marche, paroles de Julius et Vincent Des Loÿs, musique de V. Des Loÿs</titre>
    <dateEdition>1915</dateEdition>
    <nbPage>6</nbPage>
  </metad>
  <contenus ocr="false" toc="false">
    <largeur>133</largeur>
    <hauteur>174</hauteur>
    <pages>
      <page ordre="1">
        <blocIllustration>1</blocIllustration>
        <ills>
          <ill classif="CC" couleur="gris" h="4112" id="1-1" n="1-1" taille="6" w="3159" x="1" y="1">
            <genre CS="0.74" source="TensorFlow">dessin</genre>
            <contenuImg CS="0.829">olive green color</contenuImg>
            <contenuImg CS="0.841">gray color</contenuImg>
            <contenuImg CS="0.53">envelope</contenuImg>
            <contenuImg CS="0.653">map</contenuImg>
            <contenuImg CS="0.699">study</contenuImg>
            <theme CS="0.95">01</theme>
            <titraille>Vers la Victoire ! Chanson-marche, paroles de Julius et Vincent Des Loÿs, musique de V. Des Loÿs</titraille>
          </ill>
        </ills>
      </page>
    </pages>
  </contenus>
</analyseAlto>
