<?xml version="1.0" encoding="UTF-8"?>
<analyseAlto>
  <metad>
    <type>PA</type>
    <ID>bpt6k384707f</ID>
    <titre>Aux Bluets ! Paroles du Capitaine A. Humbert, musique de L. Driwskoff</titre>
    <dateEdition>1916</dateEdition>
    <nbPage>10</nbPage>
  </metad>
  <contenus ocr="false" toc="false">
    <largeur>135</largeur>
    <hauteur>173</hauteur>
    <pages>
      <page ordre="1">
        <blocIllustration>1</blocIllustration>
        <ills>
          <ill classif="CC" couleur="gris" h="4110" id="1-1" n="1-1" taille="6" w="3204" x="1" y="1">
            <genre CS="0.37" source="TensorFlow">dessin</genre>
            <contenuImg CS="0.51">olive green color</contenuImg>
            <contenuImg CS="0.53">Rhone wine</contenuImg>
            <contenuImg CS="0.912">food</contenuImg>
            <contenuImg CS="0.912">beverage</contenuImg>
            <contenuImg CS="0.912">wine</contenuImg>
            <contenuImg CS="0.888">white wine</contenuImg>
            <contenuImg CS="0.887">Montrachet</contenuImg>
            <theme CS="0.95">01</theme>
            <titraille>Aux Bluets ! Paroles du Capitaine A. Humbert, musique de L. Driwskoff</titraille>
          </ill>
        </ills>
      </page>
    </pages>
  </contenus>
</analyseAlto>
