<?xml version="1.0" encoding="UTF-8"?>
<analyseAlto>
  <metad>
    <type>PA</type>
    <ID>bpt6k385903t</ID>
    <titre>Hymne au triomphe. Marche, paroles et musique de Georges Hiver</titre>
    <dateEdition>1915</dateEdition>
    <nbPage>4</nbPage>
  </metad>
  <contenus ocr="false" toc="false">
    <largeur>133</largeur>
    <hauteur>174</hauteur>
    <pages>
      <page ordre="1">
        <blocIllustration>1</blocIllustration>
        <ills>
          <ill classif="CC" couleur="gris" h="4112" id="1-1" n="1-1" taille="6" w="3159" x="1" y="1">
            <genre CS="0.75" source="TensorFlow">dessin</genre>
            <contenuImg CS="0.722">gray color</contenuImg>
            <contenuImg CS="0.962">olive green color</contenuImg>
            <contenuImg CS="0.53">written document</contenuImg>
            <contenuImg CS="0.757">study</contenuImg>
            <theme CS="0.95">01</theme>
            <titraille>Hymne au triomphe. Marche, paroles et musique de Georges Hiver</titraille>
          </ill>
        </ills>
      </page>
    </pages>
  </contenus>
</analyseAlto>
