<?xml version="1.0" encoding="UTF-8"?>
<analyseAlto>
  <metad>
    <type>PA</type>
    <ID>bpt6k384627t</ID>
    <titre>Zep’lin. Chanson en l'air. Paroles et musique de Paul Palo, avec accompagnement de piano par L. Taffin</titre>
    <dateEdition>1916</dateEdition>
    <nbPage>6</nbPage>
  </metad>
  <contenus ocr="false" toc="false">
    <largeur>135</largeur>
    <hauteur>173</hauteur>
    <pages>
      <page ordre="2">
        <blocIllustration>1</blocIllustration>
        <ills>
          <ill classif="CC" couleur="gris" filtre="1" h="4090" id="2-1" n="2-1" taille="6" w="3150" x="1" y="1">
            <genre CS="0.97" source="TensorFlow">filtretxt</genre>
            <contenuImg CS="0.92">gray color</contenuImg>
            <contenuImg CS="0.624">device</contenuImg>
            <contenuImg CS="0.623">electronic device</contenuImg>
            <contenuImg CS="0.623">video display</contenuImg>
            <contenuImg CS="0.623">window</contenuImg>
            <contenuImg CS="0.53">dialog box</contenuImg>
            <contenuImg CS="0.882">written document</contenuImg>
            <theme CS="0.95">01</theme>
            <titraille>Zep’lin. Chanson en l'air. Paroles et musique de Paul Palo, avec accompagnement de piano par L. Taffin</titraille>
          </ill>
        </ills>
      </page>
    </pages>
  </contenus>
</analyseAlto>
