<?xml version="1.0" encoding="UTF-8"?>
<analyseAlto>
  <metad>
    <type>PA</type>
    <ID>bpt6k383940h</ID>
    <titre>C’est menteur, les femmes ! Paroles de R. Mazelles, musique de Em. Doloire</titre>
    <dateEdition>1917</dateEdition>
    <nbPage>6</nbPage>
  </metad>
  <contenus ocr="false" toc="false">
    <largeur>131</largeur>
    <hauteur>173</hauteur>
    <pages>
      <page ordre="1">
        <blocIllustration>1</blocIllustration>
        <ills>
          <ill classif="CC" couleur="gris" filtre="1" h="4097" id="1-1" n="1-1" taille="5" w="3112" x="1" y="1">
            <genre CS="0.67" source="TensorFlow">filtrecouv</genre>
            <contenuImg CS="1.0">gray color</contenuImg>
            <contenuImg CS="0.53">medium</contenuImg>
            <contenuImg CS="0.53">paper</contenuImg>
            <contenuImg CS="0.604">written document</contenuImg>
            <contenuImg CS="0.679">envelope</contenuImg>
            <theme CS="0.95">01</theme>
            <titraille>C’est menteur, les femmes ! Paroles de R. Mazelles, musique de Em. Doloire</titraille>
          </ill>
        </ills>
      </page>
    </pages>
  </contenus>
</analyseAlto>
