<?xml version="1.0" encoding="UTF-8"?>
<analyseAlto>
  <metad>
    <type>PA</type>
    <ID>bpt6k3842923</ID>
    <titre>Honneur à l’Amérique pour chant et piano, textes français et anglais, paroles de Paul Fournier, musique de C. Saint-Saëns</titre>
    <dateEdition>1917</dateEdition>
    <nbPage>6</nbPage>
  </metad>
  <contenus ocr="false" toc="false">
    <largeur>132</largeur>
    <hauteur>171</hauteur>
    <pages>
      <page ordre="1">
        <blocIllustration>1</blocIllustration>
        <ills>
          <ill classif="CC" couleur="coul" h="4044" id="1-1" n="1-1" taille="5" w="3132" x="1" y="1">
            <genre CS="0.46" source="TensorFlow">dessin</genre>
            <contenuImg CS="0.689">Indian red color</contenuImg>
            <contenuImg CS="0.76">crimson color</contenuImg>
            <contenuImg CS="0.53">paper</contenuImg>
            <contenuImg CS="0.545">envelope</contenuImg>
            <theme CS="0.95">01</theme>
            <titraille>Honneur à l’Amérique pour chant et piano, textes français et anglais, paroles de Paul Fournier, musique de C. Saint-Saëns</titraille>
          </ill>
        </ills>
      </page>
    </pages>
  </contenus>
</analyseAlto>
