<?xml version="1.0" encoding="UTF-8"?>
<analyseAlto>
  <metad>
    <type>PA</type>
    <ID>bpt6k384130z</ID>
    <titre>Hymne aux morts pour la patrie. Poésie de Victor Hugo, musique de C-Z. Vernazobres</titre>
    <dateEdition>1917</dateEdition>
    <nbPage>8</nbPage>
  </metad>
  <contenus ocr="false" toc="false">
    <largeur>131</largeur>
    <hauteur>173</hauteur>
    <pages>
      <page ordre="1">
        <blocIllustration>1</blocIllustration>
        <ills>
          <ill classif="CC" couleur="gris" h="4097" id="1-1" n="1-1" taille="5" w="3112" x="1" y="1">
            <genre CS="0.67" source="TensorFlow">dessin</genre>
            <contenuImg CS="0.639">sage green color</contenuImg>
            <contenuImg CS="0.944">gray color</contenuImg>
            <contenuImg CS="0.53">study</contenuImg>
            <contenuImg CS="0.619">wrapping</contenuImg>
            <contenuImg CS="0.619">book jacket</contenuImg>
            <contenuImg CS="0.864">pen-and-ink</contenuImg>
            <theme CS="0.95">01</theme>
            <titraille>Hymne aux morts pour la patrie. Poésie de Victor Hugo, musique de C-Z. Vernazobres</titraille>
          </ill>
        </ills>
      </page>
    </pages>
  </contenus>
</analyseAlto>
