<?xml version="1.0" encoding="UTF-8"?>
<analyseAlto>
  <metad>
    <type>PA</type>
    <ID>bpt6k385450v</ID>
    <titre>France-Noël / paroles de M. l’abbé L. Deyrieux ; musique de F. Laurent-Rolandez</titre>
    <dateEdition>1915</dateEdition>
    <nbPage>6</nbPage>
    <descr>Chansons françaises -- 20e siècle -- Partitions et parties Chansons acc. de piano -- 20e siècle -- Partitions et parties</descr>
  </metad>
  <contenus ocr="false" toc="false">
    <largeur>130</largeur>
    <hauteur>170</hauteur>
    <pages>
      <page ordre="1">
        <blocIllustration>1</blocIllustration>
        <ills>
          <ill classif="CC" couleur="gris" filtre="1" h="4026" id="1-1" n="1-1" taille="5" w="3090" x="1" y="1">
            <genre CS="0.52" source="TensorFlow">filtretxt</genre>
            <contenuImg CS="0.626">olive green color</contenuImg>
            <contenuImg CS="0.868">gray color</contenuImg>
            <contenuImg CS="0.63">written document</contenuImg>
            <contenuImg CS="0.848">device</contenuImg>
            <contenuImg CS="0.848">machine</contenuImg>
            <contenuImg CS="0.848">computer</contenuImg>
            <contenuImg CS="0.848">web site</contenuImg>
            <theme CS="0.95">01</theme>
            <titraille>France-Noël / paroles de M. l’abbé L. Deyrieux ; musique de F. Laurent-Rolandez</titraille>
          </ill>
        </ills>
      </page>
    </pages>
  </contenus>
</analyseAlto>
