<?xml version="1.0" encoding="UTF-8"?>
<analyseAlto>
  <metad>
    <type>PA</type>
    <ID>bpt6k385565d</ID>
    <titre>La Marche des tommys.. Paroles de A. Foucher et H. Delormel, musique de Emile Doloire</titre>
    <dateEdition>1915</dateEdition>
    <nbPage>10</nbPage>
  </metad>
  <contenus ocr="false" toc="false">
    <largeur>136</largeur>
    <hauteur>174</hauteur>
    <pages>
      <page ordre="4">
        <blocIllustration>1</blocIllustration>
        <ills>
          <ill classif="CC" couleur="gris" filtre="1" h="4019" id="4-1" n="4-1" taille="6" w="3072" x="1" y="1">
            <genre CS="0.99" source="TensorFlow">filtretxt</genre>
            <contenuImg CS="0.997">gray color</contenuImg>
            <contenuImg CS="0.937">written document</contenuImg>
            <theme CS="0.95">01</theme>
            <titraille>La Marche des tommys.. Paroles de A. Foucher et H. Delormel, musique de Emile Doloire</titraille>
          </ill>
        </ills>
      </page>
    </pages>
  </contenus>
</analyseAlto>
