<?xml version="1.0" encoding="UTF-8"?>
<analyseAlto>
  <metad>
    <type>PA</type>
    <ID>bpt6k3849797</ID>
    <titre>La Polka du permissionnaire ou : Si tu savais Lolotte ! Chansonnette, paroles et musique de Jean Daris</titre>
    <dateEdition>1916</dateEdition>
    <nbPage>6</nbPage>
  </metad>
  <contenus ocr="false" toc="false">
    <largeur>130</largeur>
    <hauteur>173</hauteur>
    <pages>
      <page ordre="2">
        <blocIllustration>1</blocIllustration>
        <ills>
          <ill classif="CC" couleur="gris" filtre="1" h="4050" id="2-1" n="2-1" taille="5" w="3093" x="1" y="1">
            <genre CS="0.99" source="TensorFlow">filtretxt</genre>
            <contenuImg CS="0.974">gray color</contenuImg>
            <contenuImg CS="0.61">device</contenuImg>
            <contenuImg CS="0.609">electronic device</contenuImg>
            <contenuImg CS="0.609">video display</contenuImg>
            <contenuImg CS="0.609">window</contenuImg>
            <contenuImg CS="0.53">dialog box</contenuImg>
            <contenuImg CS="0.905">written document</contenuImg>
            <theme CS="0.95">01</theme>
            <titraille>La Polka du permissionnaire ou : Si tu savais Lolotte ! Chansonnette, paroles et musique de Jean Daris</titraille>
          </ill>
        </ills>
      </page>
    </pages>
  </contenus>
</analyseAlto>
