<?xml version="1.0" encoding="UTF-8"?>
<analyseAlto>
  <metad>
    <type>PA</type>
    <ID>bpt6k384729w</ID>
    <titre>Hymne français. Poème de Paul Déroulède, musique de Charles Morac</titre>
    <dateEdition>1916</dateEdition>
    <nbPage>20</nbPage>
  </metad>
  <contenus ocr="false" toc="false">
    <largeur>135</largeur>
    <hauteur>176</hauteur>
    <pages>
      <page ordre="2">
        <blocIllustration>1</blocIllustration>
        <ills>
          <ill classif="CC" couleur="gris" filtre="1" h="4090" id="2-1" n="2-1" taille="6" w="3150" x="1" y="1">
            <genre CS="0.93" source="TensorFlow">filtrecouv</genre>
            <contenuImg CS="0.53">etamine (fabric)</contenuImg>
            <contenuImg CS="0.594">plaster</contenuImg>
            <contenuImg CS="0.594">stucco</contenuImg>
            <contenuImg CS="0.595">gray color</contenuImg>
            <contenuImg CS="0.756">fabric</contenuImg>
            <contenuImg CS="0.675">suede cloth</contenuImg>
            <theme CS="0.95">01</theme>
            <titraille>Hymne français. Poème de Paul Déroulède, musique de Charles Morac</titraille>
          </ill>
        </ills>
      </page>
    </pages>
  </contenus>
</analyseAlto>
