<?xml version="1.0" encoding="UTF-8"?>
<analyseAlto>
  <metad>
    <type>PA</type>
    <ID>bpt6k384321m</ID>
    <titre>Chant de gloire. Paroles de G. Sibre et Virgile Thomas, musique de Francis Popy</titre>
    <dateEdition>1917</dateEdition>
    <nbPage>6</nbPage>
  </metad>
  <contenus ocr="false" toc="false">
    <largeur>133</largeur>
    <hauteur>172</hauteur>
    <pages>
      <page ordre="1">
        <blocIllustration>1</blocIllustration>
        <ills>
          <ill classif="CC" couleur="gris" filtre="1" h="4079" id="1-1" n="1-1" taille="5" w="3150" x="1" y="1">
            <genre CS="0.66" source="TensorFlow">filtrecouv</genre>
            <contenuImg CS="0.995">gray color</contenuImg>
            <contenuImg CS="0.53">deckle edge (paper making)</contenuImg>
            <contenuImg CS="0.555">written document</contenuImg>
            <contenuImg CS="0.657">wrapping</contenuImg>
            <contenuImg CS="0.657">envelope</contenuImg>
            <theme CS="0.95">01</theme>
            <titraille>Chant de gloire. Paroles de G. Sibre et Virgile Thomas, musique de Francis Popy</titraille>
          </ill>
        </ills>
      </page>
    </pages>
  </contenus>
</analyseAlto>
