<?xml version="1.0" encoding="UTF-8"?>
<analyseAlto>
  <metad>
    <type>PA</type>
    <ID>bpt6k3849551</ID>
    <titre>Des Français n’auraient pas fait ça ! Chanson, , paroles de Louis Bousquet. Musique de Emile Spencer</titre>
    <dateEdition>1916</dateEdition>
    <nbPage>6</nbPage>
  </metad>
  <contenus ocr="false" toc="false">
    <largeur>130</largeur>
    <hauteur>173</hauteur>
    <pages>
      <page ordre="2">
        <blocIllustration>1</blocIllustration>
        <ills>
          <ill classif="CC" couleur="gris" filtre="1" h="4042" id="2-1" n="2-1" taille="5" w="3032" x="1" y="1">
            <genre CS="0.97" source="TensorFlow">filtretxt</genre>
            <contenuImg CS="1.0">gray color</contenuImg>
            <contenuImg CS="0.726">written document</contenuImg>
            <contenuImg CS="0.926">device</contenuImg>
            <contenuImg CS="0.926">machine</contenuImg>
            <contenuImg CS="0.926">computer</contenuImg>
            <contenuImg CS="0.926">slide rule</contenuImg>
            <theme CS="0.95">01</theme>
            <titraille>Des Français n’auraient pas fait ça ! Chanson, , paroles de Louis Bousquet. Musique de Emile Spencer</titraille>
          </ill>
        </ills>
      </page>
    </pages>
  </contenus>
</analyseAlto>
