<?xml version="1.0" encoding="UTF-8"?>
<analyseAlto>
  <metad>
    <type>PA</type>
    <ID>bpt6k385912s</ID>
    <titre>Héros inconnu ! Paroles de A. de Nessebrade, musique de Alfred Rousseau</titre>
    <dateEdition>1915</dateEdition>
    <nbPage>4</nbPage>
  </metad>
  <contenus ocr="false" toc="false">
    <largeur>129</largeur>
    <hauteur>169</hauteur>
    <pages>
      <page ordre="1">
        <blocIllustration>1</blocIllustration>
        <ills>
          <ill classif="CC" couleur="gris" filtre="1" h="4011" id="1-1" n="1-1" taille="5" w="3050" x="1" y="1">
            <genre CS="0.53" source="TensorFlow">filtretxt</genre>
            <contenuImg CS="0.548">pale yellow color</contenuImg>
            <contenuImg CS="0.638">olive green color</contenuImg>
            <contenuImg CS="0.53">written document</contenuImg>
            <contenuImg CS="0.641">paper</contenuImg>
            <theme CS="0.95">01</theme>
            <titraille>Héros inconnu ! Paroles de A. de Nessebrade, musique de Alfred Rousseau</titraille>
          </ill>
        </ills>
      </page>
    </pages>
  </contenus>
</analyseAlto>
