<?xml version="1.0" encoding="UTF-8"?>
<analyseAlto>
  <metad>
    <type>PA</type>
    <ID>bpt6k3857337</ID>
    <titre>Les petits Gars de 1915, paroles et musique de Antoine Banès</titre>
    <dateEdition>1915</dateEdition>
    <nbPage>6</nbPage>
  </metad>
  <contenus ocr="false" toc="false">
    <largeur>133</largeur>
    <hauteur>175</hauteur>
    <pages>
      <page ordre="1">
        <blocIllustration>1</blocIllustration>
        <ills>
          <ill classif="CC" couleur="gris" filtre="1" h="4136" id="1-1" n="1-1" taille="6" w="3159" x="1" y="1">
            <genre CS="0.71" source="TensorFlow">filtretxt</genre>
            <contenuImg CS="1.0">gray color</contenuImg>
            <contenuImg CS="0.891">written document</contenuImg>
            <theme CS="0.95">01</theme>
            <titraille>Les petits Gars de 1915, paroles et musique de Antoine Banès</titraille>
          </ill>
        </ills>
      </page>
    </pages>
  </contenus>
</analyseAlto>
