<?xml version="1.0" encoding="UTF-8"?>
<analyseAlto>
  <metad>
    <type>PA</type>
    <ID>bpt6k383424s</ID>
    <titre>Accourez, cigognes d’Alsace chanson alsacienne. Paroles de G. Artus. Musique de J. Vidal</titre>
    <dateEdition>1919</dateEdition>
    <nbPage>6</nbPage>
  </metad>
  <contenus ocr="false" toc="false">
    <largeur>133</largeur>
    <hauteur>171</hauteur>
    <pages>
      <page ordre="1">
        <blocIllustration>1</blocIllustration>
        <ills>
          <ill classif="CC" couleur="gris" h="4042" id="1-1" n="1-1" taille="5" w="3156" x="1" y="1">
            <genre CS="0.65" source="TensorFlow">dessin</genre>
            <contenuImg CS="0.923">olive green color</contenuImg>
            <contenuImg CS="0.53">Rhone wine</contenuImg>
            <contenuImg CS="0.619">deckle edge (paper making)</contenuImg>
            <contenuImg CS="0.634">written document</contenuImg>
            <contenuImg CS="0.76">food</contenuImg>
            <contenuImg CS="0.76">beverage</contenuImg>
            <contenuImg CS="0.76">wine</contenuImg>
            <contenuImg CS="0.648">white wine</contenuImg>
            <contenuImg CS="0.642">Montrachet</contenuImg>
            <contenuImg CS="0.642">wrapping</contenuImg>
            <contenuImg CS="0.642">book jacket</contenuImg>
            <theme CS="0.95">01</theme>
            <titraille>Accourez, cigognes d’Alsace chanson alsacienne. Paroles de G. Artus. Musique de J. Vidal</titraille>
          </ill>
        </ills>
      </page>
    </pages>
  </contenus>
</analyseAlto>
