<?xml version="1.0" encoding="UTF-8"?>
<analyseAlto>
  <metad>
    <type>PA</type>
    <ID>bpt6k383573f</ID>
    <titre>La nationale, marche chantée. Paroles de Bastide de l’ Oulien. Musique de G. Arbousset</titre>
    <dateEdition>1918</dateEdition>
    <nbPage>10</nbPage>
  </metad>
  <contenus ocr="false" toc="false">
    <largeur>134</largeur>
    <hauteur>173</hauteur>
    <pages>
      <page ordre="1">
        <blocIllustration>1</blocIllustration>
        <ills>
          <ill classif="CC" couleur="gris" filtre="1" h="4098" id="1-1" n="1-1" taille="6" w="3174" x="1" y="1">
            <genre CS="0.38" source="TensorFlow">filtrecouv</genre>
            <contenuImg CS="0.925">gray color</contenuImg>
            <contenuImg CS="0.53">paper</contenuImg>
            <contenuImg CS="0.741">written document</contenuImg>
            <theme CS="0.95">01</theme>
            <titraille>La nationale, marche chantée. Paroles de Bastide de l’ Oulien. Musique de G. Arbousset</titraille>
          </ill>
        </ills>
      </page>
    </pages>
  </contenus>
</analyseAlto>
