<?xml version="1.0" encoding="UTF-8"?>
<analyseAlto>
  <metad>
    <type>PA</type>
    <ID>bpt6k385736c</ID>
    <titre>Le petit Soldat de France, paroles de Pierre Handrey, musique de Marcel Bernheim</titre>
    <dateEdition>1915</dateEdition>
    <nbPage>6</nbPage>
  </metad>
  <contenus ocr="false" toc="false">
    <largeur>133</largeur>
    <hauteur>175</hauteur>
    <pages>
      <page ordre="1">
        <blocIllustration>1</blocIllustration>
        <ills>
          <ill classif="CC DF" couleur="gris" h="4136" id="1-1" n="1-1" taille="6" w="3159" x="1" y="1">
            <genre CS="0.92" source="TensorFlow">dessin</genre>
            <contenuImg CS="0.958">gray color</contenuImg>
            <contenuImg CS="0.53">person</contenuImg>
            <contenuImg CS="0.53">paper based (stamps/currency)</contenuImg>
            <contenuImg CS="0.657">medium</contenuImg>
            <contenuImg CS="0.657">newspaper</contenuImg>
            <contenuImg CS="0.605">gazette</contenuImg>
            <contenuImg CS="0.759">wrapping</contenuImg>
            <contenuImg CS="0.759">book jacket</contenuImg>
            <theme CS="0.95">01</theme>
            <titraille>Le petit Soldat de France, paroles de Pierre Handrey, musique de Marcel Bernheim</titraille>
          </ill>
        </ills>
      </page>
    </pages>
  </contenus>
</analyseAlto>
