<?xml version="1.0" encoding="UTF-8"?>
<analyseAlto>
  <metad>
    <type>PA</type>
    <ID>bpt6k384516s</ID>
    <titre>La Sainte de la Patrie ! Cantate avec solos, et duo au choeur à deux voix égales, poème de Henri Coquard, musique de Raoul Chassain</titre>
    <dateEdition>1917</dateEdition>
    <nbPage>12</nbPage>
  </metad>
  <contenus ocr="false" toc="false">
    <largeur>135</largeur>
    <hauteur>173</hauteur>
    <pages>
      <page ordre="3">
        <blocIllustration>1</blocIllustration>
        <ills>
          <ill classif="CC" couleur="gris" filtre="1" h="4110" id="3-1" n="3-1" taille="6" w="3204" x="1" y="1">
            <genre CS="0.99" source="TensorFlow">filtretxt</genre>
            <contenuImg CS="0.987">gray color</contenuImg>
            <contenuImg CS="0.955">written document</contenuImg>
            <theme CS="0.95">01</theme>
            <titraille>La Sainte de la Patrie ! Cantate avec solos, et duo au choeur à deux voix égales, poème de Henri Coquard, musique de Raoul Chassain</titraille>
          </ill>
        </ills>
      </page>
    </pages>
  </contenus>
</analyseAlto>
