<?xml version="1.0" encoding="UTF-8"?>
<analyseAlto>
  <metad>
    <type>PA</type>
    <ID>bpt6k3852465</ID>
    <titre>Marche des gardes-voies. Paroles et musique de André Bouvery</titre>
    <dateEdition>1916</dateEdition>
    <nbPage>8</nbPage>
  </metad>
  <contenus ocr="false" toc="false">
    <largeur>133</largeur>
    <hauteur>175</hauteur>
    <pages>
      <page ordre="1">
        <blocIllustration>1</blocIllustration>
        <ills>
          <ill classif="CC" couleur="coul" h="4150" id="1-1" n="1-1" taille="6" w="3162" x="1" y="1">
            <genre CS="0.91" source="TensorFlow">gravure</genre>
            <contenuImg CS="0.746">ultramarine color</contenuImg>
            <contenuImg CS="0.793">maroon color</contenuImg>
            <contenuImg CS="0.53">newspaper</contenuImg>
            <contenuImg CS="0.821">magazine</contenuImg>
            <contenuImg CS="0.76">pulp magazine</contenuImg>
            <theme CS="0.95">01</theme>
            <titraille>Marche des gardes-voies. Paroles et musique de André Bouvery</titraille>
          </ill>
        </ills>
      </page>
    </pages>
  </contenus>
</analyseAlto>
