<?xml version="1.0" encoding="UTF-8"?>
<analyseAlto>
  <metad>
    <type>PA</type>
    <ID>bpt6k384368n</ID>
    <titre>La Carte. Paroles de L. Lelièvre, musique de Dalbret</titre>
    <dateEdition>1917</dateEdition>
    <nbPage>4</nbPage>
  </metad>
  <contenus ocr="false" toc="false">
    <largeur>131</largeur>
    <hauteur>174</hauteur>
    <pages>
      <page ordre="3">
        <blocIllustration>1</blocIllustration>
        <ills>
          <ill classif="CC" couleur="gris" filtre="1" h="4113" id="3-1" n="3-1" taille="5" w="3112" x="1" y="1">
            <genre CS="0.99" source="TensorFlow">filtretxt</genre>
            <contenuImg CS="0.989">gray color</contenuImg>
            <contenuImg CS="0.648">device</contenuImg>
            <contenuImg CS="0.648">electronic device</contenuImg>
            <contenuImg CS="0.648">video display</contenuImg>
            <contenuImg CS="0.648">window</contenuImg>
            <contenuImg CS="0.53">dialog box</contenuImg>
            <contenuImg CS="0.928">written document</contenuImg>
            <theme CS="0.95">01</theme>
            <titraille>La Carte. Paroles de L. Lelièvre, musique de Dalbret</titraille>
          </ill>
        </ills>
      </page>
    </pages>
  </contenus>
</analyseAlto>
