<?xml version="1.0" encoding="UTF-8"?>
<analyseAlto>
  <metad>
    <type>PA</type>
    <ID>bpt6k385990s</ID>
    <titre>Le Réveil des nations. Poème épique de André Bengalit, musique de Henri Villard</titre>
    <dateEdition>1915</dateEdition>
    <nbPage>6</nbPage>
  </metad>
  <contenus ocr="false" toc="false">
    <largeur>135</largeur>
    <hauteur>174</hauteur>
    <pages>
      <page ordre="2">
        <blocIllustration>1</blocIllustration>
        <ills>
          <ill classif="CC" couleur="gris" filtre="1" h="4097" id="2-1" n="2-1" taille="6" w="3180" x="1" y="1">
            <genre CS="0.98" source="TensorFlow">filtretxt</genre>
            <contenuImg CS="0.945">gray color</contenuImg>
            <contenuImg CS="0.53">web site</contenuImg>
            <contenuImg CS="0.793">machine</contenuImg>
            <contenuImg CS="0.793">computer</contenuImg>
            <contenuImg CS="0.612">portal site</contenuImg>
            <contenuImg CS="0.914">device</contenuImg>
            <contenuImg CS="0.709">electronic device</contenuImg>
            <contenuImg CS="0.709">video display</contenuImg>
            <contenuImg CS="0.709">window</contenuImg>
            <contenuImg CS="0.638">dialog box</contenuImg>
            <contenuImg CS="0.844">written document</contenuImg>
            <theme CS="0.95">01</theme>
            <titraille>Le Réveil des nations. Poème épique de André Bengalit, musique de Henri Villard</titraille>
          </ill>
        </ills>
      </page>
    </pages>
  </contenus>
</analyseAlto>
