<?xml version="1.0" encoding="UTF-8"?>
<analyseAlto>
  <metad>
    <type>PA</type>
    <ID>bpt6k385586g</ID>
    <titre>Réveil de la France ! Chant patriotique, paroles de L. Berjoan, musique de Louis François</titre>
    <dateEdition>1915</dateEdition>
    <nbPage>6</nbPage>
  </metad>
  <contenus ocr="false" toc="false">
    <largeur>133</largeur>
    <hauteur>171</hauteur>
    <pages>
      <page ordre="1">
        <blocIllustration>1</blocIllustration>
        <ills>
          <ill classif="CC DF" couleur="coul" h="4042" id="1-1" n="1-1" taille="5" w="3156" x="1" y="1">
            <genre CS="0.56" source="TensorFlow">dessin</genre>
            <contenuImg CS="0.691">maroon color</contenuImg>
            <contenuImg CS="0.929">crimson color</contenuImg>
            <contenuImg CS="0.53">magazine</contenuImg>
            <contenuImg CS="0.68">wrapping</contenuImg>
            <contenuImg CS="0.68">book jacket</contenuImg>
            <contenuImg CS="0.691">people</contenuImg>
            <contenuImg CS="0.851">person</contenuImg>
            <theme CS="0.95">01</theme>
            <titraille>Réveil de la France ! Chant patriotique, paroles de L. Berjoan, musique de Louis François</titraille>
          </ill>
        </ills>
      </page>
    </pages>
  </contenus>
</analyseAlto>
