<?xml version="1.0" encoding="UTF-8"?>
<analyseAlto>
  <metad>
    <type>PA</type>
    <ID>bpt6k3838364</ID>
    <titre>Morts pour nous ! Poésie de Edmond Rostand, musique de Michel-A. Comès,...</titre>
    <dateEdition>1918</dateEdition>
    <nbPage>4</nbPage>
  </metad>
  <contenus ocr="false" toc="false">
    <largeur>134</largeur>
    <hauteur>175</hauteur>
    <pages>
      <page ordre="2">
        <blocIllustration>1</blocIllustration>
        <ills>
          <ill classif="CC" couleur="gris" filtre="1" h="4104" id="2-1" n="2-1" taille="6" w="3079" x="1" y="1">
            <genre CS="0.99" source="TensorFlow">filtretxt</genre>
            <contenuImg CS="0.995">gray color</contenuImg>
            <contenuImg CS="0.941">written document</contenuImg>
            <theme CS="0.95">01</theme>
            <titraille>Morts pour nous ! Poésie de Edmond Rostand, musique de Michel-A. Comès,...</titraille>
          </ill>
        </ills>
      </page>
    </pages>
  </contenus>
</analyseAlto>
