<?xml version="1.0" encoding="UTF-8"?>
<analyseAlto>
  <metad>
    <type>PA</type>
    <ID>bpt6k385454c</ID>
    <titre>Le Dies ira des Empereurs Malédiction. Paroles de Pierre Hébras, musique de P. Lacome</titre>
    <dateEdition>1915</dateEdition>
    <nbPage>4</nbPage>
  </metad>
  <contenus ocr="false" toc="false">
    <largeur>130</largeur>
    <hauteur>170</hauteur>
    <pages>
      <page ordre="1">
        <blocIllustration>1</blocIllustration>
        <ills>
          <ill classif="CC" couleur="gris" filtre="1" h="4026" id="1-1" n="1-1" taille="5" w="3087" x="1" y="1">
            <genre CS="0.67" source="TensorFlow">filtretxt</genre>
            <contenuImg CS="0.998">gray color</contenuImg>
            <contenuImg CS="0.533">device</contenuImg>
            <contenuImg CS="0.53">machine</contenuImg>
            <contenuImg CS="0.53">computer</contenuImg>
            <contenuImg CS="0.53">digital computer</contenuImg>
            <contenuImg CS="0.53">personal computer</contenuImg>
            <contenuImg CS="0.53">portable computer</contenuImg>
            <contenuImg CS="0.53">planner (notebook)</contenuImg>
            <contenuImg CS="0.542">ledger</contenuImg>
            <contenuImg CS="0.808">written document</contenuImg>
            <theme CS="0.95">01</theme>
            <titraille>Le Dies ira des Empereurs Malédiction. Paroles de Pierre Hébras, musique de P. Lacome</titraille>
          </ill>
        </ills>
      </page>
    </pages>
  </contenus>
</analyseAlto>
