<?xml version="1.0" encoding="UTF-8"?>
<analyseAlto>
  <metad>
    <type>PA</type>
    <ID>bpt6k3849059</ID>
    <titre>Gloire aux Serbes ! Paroles de G. de St Amand, musique de Emile Buffy</titre>
    <dateEdition>1916</dateEdition>
    <nbPage>8</nbPage>
  </metad>
  <contenus ocr="false" toc="false">
    <largeur>136</largeur>
    <hauteur>175</hauteur>
    <pages>
      <page ordre="1">
        <blocIllustration>1</blocIllustration>
        <ills>
          <ill classif="CC" couleur="gris" h="4154" id="1-1" n="1-1" taille="6" w="3231" x="1" y="1">
            <genre CS="0.55" source="TensorFlow">dessin</genre>
            <contenuImg CS="1.0">gray color</contenuImg>
            <contenuImg CS="0.53">medium</contenuImg>
            <contenuImg CS="0.763">newspaper</contenuImg>
            <contenuImg CS="0.862">wrapping</contenuImg>
            <contenuImg CS="0.862">book jacket</contenuImg>
            <theme CS="0.95">01</theme>
            <titraille>Gloire aux Serbes ! Paroles de G. de St Amand, musique de Emile Buffy</titraille>
          </ill>
        </ills>
      </page>
    </pages>
  </contenus>
</analyseAlto>
