<?xml version="1.0" encoding="UTF-8"?>
<analyseAlto>
  <metad>
    <type>PA</type>
    <ID>bpt6k3843254</ID>
    <titre>Gloire à notre France éternelle. Solo avec choeur à l’unisson... avec accompagnement d'orgue ou piano, poésie de Victor Hugo, musique de Louis Périvier</titre>
    <dateEdition>1917</dateEdition>
    <nbPage>6</nbPage>
  </metad>
  <contenus ocr="false" toc="false">
    <largeur>133</largeur>
    <hauteur>172</hauteur>
    <pages>
      <page ordre="1">
        <blocIllustration>1</blocIllustration>
        <ills>
          <ill classif="CC" couleur="gris" h="4079" id="1-1" n="1-1" taille="5" w="3150" x="1" y="1">
            <genre CS="0.53" source="TensorFlow">dessin</genre>
            <contenuImg CS="0.964">gray color</contenuImg>
            <contenuImg CS="0.53">wrapping</contenuImg>
            <contenuImg CS="0.53">book jacket</contenuImg>
            <contenuImg CS="0.541">signboard</contenuImg>
            <contenuImg CS="0.547">study</contenuImg>
            <contenuImg CS="0.582">medium</contenuImg>
            <contenuImg CS="0.582">newspaper</contenuImg>
            <contenuImg CS="0.569">gazette</contenuImg>
            <contenuImg CS="0.655">written document</contenuImg>
            <theme CS="0.95">01</theme>
            <titraille>Gloire à notre France éternelle. Solo avec choeur à l’unisson... avec accompagnement d'orgue ou piano, poésie de Victor Hugo, musique de Louis Périvier</titraille>
          </ill>
        </ills>
      </page>
    </pages>
  </contenus>
</analyseAlto>
