<?xml version="1.0" encoding="UTF-8"?>
<analyseAlto>
  <metad>
    <type>PA</type>
    <ID>bpt6k385409j</ID>
    <titre>Noël des Enfants qui n’ont plus de maison. Chant et piano texte français et anglais</titre>
    <dateEdition>1915</dateEdition>
    <nbPage>12</nbPage>
  </metad>
  <contenus ocr="false" toc="false">
    <largeur>135</largeur>
    <hauteur>173</hauteur>
    <pages>
      <page ordre="1">
        <blocIllustration>1</blocIllustration>
        <ills>
          <ill classif="CC" couleur="gris" filtre="1" h="4099" id="1-1" n="1-1" taille="6" w="3206" x="1" y="1">
            <genre CS="0.61" source="TensorFlow">filtretxt</genre>
            <contenuImg CS="0.733">olive green color</contenuImg>
            <contenuImg CS="0.908">gray color</contenuImg>
            <contenuImg CS="0.741">device</contenuImg>
            <contenuImg CS="0.739">electronic device</contenuImg>
            <contenuImg CS="0.739">video display</contenuImg>
            <contenuImg CS="0.739">window</contenuImg>
            <contenuImg CS="0.53">dialog box</contenuImg>
            <contenuImg CS="0.679">paper</contenuImg>
            <contenuImg CS="0.694">written document</contenuImg>
            <theme CS="0.95">01</theme>
            <titraille>Noël des Enfants qui n’ont plus de maison. Chant et piano texte français et anglais</titraille>
          </ill>
        </ills>
      </page>
    </pages>
  </contenus>
</analyseAlto>
