<?xml version="1.0" encoding="UTF-8"?>
<analyseAlto>
  <metad>
    <type>PA</type>
    <ID>bpt6k386009k</ID>
    <titre>Allo !... Le kaiser ?... : grande scène a parlé : pot-pourri / paroles de Louis Bousquet ; musique de Henry Malfait</titre>
    <dateEdition>1915</dateEdition>
    <nbPage>6</nbPage>
  </metad>
  <contenus ocr="false" toc="false">
    <largeur>135</largeur>
    <hauteur>174</hauteur>
    <pages>
      <page ordre="2">
        <blocIllustration>1</blocIllustration>
        <ills>
          <ill classif="CC" couleur="gris" filtre="1" h="4097" id="2-1" n="2-1" taille="6" w="3180" x="1" y="1">
            <genre CS="0.98" source="TensorFlow">filtretxt</genre>
            <contenuImg CS="0.997">gray color</contenuImg>
            <contenuImg CS="0.604">medium</contenuImg>
            <contenuImg CS="0.604">newspaper</contenuImg>
            <contenuImg CS="0.53">gazette</contenuImg>
            <contenuImg CS="0.902">written document</contenuImg>
            <theme CS="0.95">01</theme>
            <titraille>Allo !... Le kaiser ?... : grande scène a parlé : pot-pourri / paroles de Louis Bousquet ; musique de Henry Malfait</titraille>
          </ill>
        </ills>
      </page>
    </pages>
  </contenus>
</analyseAlto>
