<?xml version="1.0" encoding="UTF-8"?>
<analyseAlto>
  <metad>
    <type>PA</type>
    <ID>bpt6k383991m</ID>
    <titre>L’Alphabet du poilu. Paroles de Seider, musique de Christiné</titre>
    <dateEdition>1917</dateEdition>
    <nbPage>6</nbPage>
  </metad>
  <contenus ocr="false" toc="false">
    <largeur>133</largeur>
    <hauteur>174</hauteur>
    <pages>
      <page ordre="2">
        <blocIllustration>1</blocIllustration>
        <ills>
          <ill classif="CC" couleur="gris" filtre="1" h="4090" id="2-1" n="2-1" taille="6" w="3105" x="1" y="1">
            <genre CS="0.99" source="TensorFlow">filtretxt</genre>
            <contenuImg CS="0.997">gray color</contenuImg>
            <contenuImg CS="0.53">medium</contenuImg>
            <contenuImg CS="0.53">school newspaper</contenuImg>
            <contenuImg CS="0.71">newspaper</contenuImg>
            <contenuImg CS="0.565">food</contenuImg>
            <contenuImg CS="0.565">menu</contenuImg>
            <contenuImg CS="0.872">written document</contenuImg>
            <theme CS="0.95">01</theme>
            <titraille>L’Alphabet du poilu. Paroles de Seider, musique de Christiné</titraille>
          </ill>
        </ills>
      </page>
    </pages>
  </contenus>
</analyseAlto>
