<?xml version="1.0" encoding="UTF-8"?>
<analyseAlto>
  <metad>
    <type>PA</type>
    <ID>bpt6k385402w</ID>
    <titre>Hymne au Tzar. Paroles et musique de Félia Litvinne,...</titre>
    <dateEdition>1915</dateEdition>
    <nbPage>8</nbPage>
  </metad>
  <contenus ocr="false" toc="false">
    <largeur>135</largeur>
    <hauteur>175</hauteur>
    <pages>
      <page ordre="1">
        <blocIllustration>1</blocIllustration>
        <ills>
          <ill classif="CC DF" couleur="coul" h="4141" id="1-1" n="1-1" taille="6" w="3206" x="1" y="1">
            <genre CS="0.75" source="TensorFlow">gravure</genre>
            <contenuImg CS="0.599">olive green color</contenuImg>
            <contenuImg CS="0.809">crimson color</contenuImg>
            <contenuImg CS="0.53">person</contenuImg>
            <contenuImg CS="0.53">paper based (stamps/currency)</contenuImg>
            <contenuImg CS="0.602">magazine</contenuImg>
            <contenuImg CS="0.541">pulp magazine</contenuImg>
            <contenuImg CS="0.687">wrapping</contenuImg>
            <contenuImg CS="0.687">book jacket</contenuImg>
            <contenuImg CS="0.687">beer mat</contenuImg>
            <theme CS="0.95">01</theme>
            <titraille>Hymne au Tzar. Paroles et musique de Félia Litvinne,...</titraille>
          </ill>
        </ills>
      </page>
    </pages>
  </contenus>
</analyseAlto>
