<?xml version="1.0" encoding="UTF-8"?>
<analyseAlto>
  <metad>
    <type>PA</type>
    <ID>bpt6k3853754</ID>
    <titre>Le Chant des nations. Chant patriotique, poésie de Pierre Dupont, musique de Louise Galtieur</titre>
    <dateEdition>1915</dateEdition>
    <nbPage>6</nbPage>
  </metad>
  <contenus ocr="false" toc="false">
    <largeur>133</largeur>
    <hauteur>173</hauteur>
    <pages>
      <page ordre="1">
        <blocIllustration>1</blocIllustration>
        <ills>
          <ill classif="CC" couleur="gris" filtre="1" h="4106" id="1-1" n="1-1" taille="5" w="3157" x="1" y="1">
            <genre CS="0.82" source="TensorFlow">filtretxt</genre>
            <contenuImg CS="0.754">olive green color</contenuImg>
            <contenuImg CS="0.584">electronic device</contenuImg>
            <contenuImg CS="0.584">video display</contenuImg>
            <contenuImg CS="0.584">window</contenuImg>
            <contenuImg CS="0.53">dialog box</contenuImg>
            <contenuImg CS="0.672">device</contenuImg>
            <contenuImg CS="0.555">machine</contenuImg>
            <contenuImg CS="0.555">computer</contenuImg>
            <contenuImg CS="0.554">web site</contenuImg>
            <contenuImg CS="0.626">written document</contenuImg>
            <contenuImg CS="0.65">paper</contenuImg>
            <theme CS="0.95">01</theme>
            <titraille>Le Chant des nations. Chant patriotique, poésie de Pierre Dupont, musique de Louise Galtieur</titraille>
          </ill>
        </ills>
      </page>
    </pages>
  </contenus>
</analyseAlto>
