<?xml version="1.0" encoding="UTF-8"?>
<analyseAlto>
  <metad>
    <type>PA</type>
    <ID>bpt6k385471x</ID>
    <titre>Salut aux soldats français blessés. Chant patriotique, paroles de M. Mounier, musique de J.-B. Mounier</titre>
    <dateEdition>1915</dateEdition>
    <nbPage>4</nbPage>
  </metad>
  <contenus ocr="false" toc="false">
    <largeur>134</largeur>
    <hauteur>173</hauteur>
    <pages>
      <page ordre="2">
        <blocIllustration>1</blocIllustration>
        <ills>
          <ill classif="CC" couleur="gris" filtre="1" h="4039" id="2-1" n="2-1" taille="6" w="3053" x="1" y="1">
            <genre CS="0.99" source="TensorFlow">filtretxt</genre>
            <contenuImg CS="0.996">gray color</contenuImg>
            <contenuImg CS="0.941">written document</contenuImg>
            <theme CS="0.95">01</theme>
            <titraille>Salut aux soldats français blessés. Chant patriotique, paroles de M. Mounier, musique de J.-B. Mounier</titraille>
          </ill>
        </ills>
      </page>
    </pages>
  </contenus>
</analyseAlto>
