<?xml version="1.0" encoding="UTF-8"?>
<analyseAlto>
  <metad>
    <type>PA</type>
    <ID>bpt6k385350j</ID>
    <titre>La Permission de papa. Paroles de J. Casanova, musique de Raoul Georges</titre>
    <dateEdition>1915</dateEdition>
    <nbPage>6</nbPage>
  </metad>
  <contenus ocr="false" toc="false">
    <largeur>133</largeur>
    <hauteur>173</hauteur>
    <pages>
      <page ordre="2">
        <blocIllustration>1</blocIllustration>
        <ills>
          <ill classif="CC" couleur="gris" filtre="1" h="4104" id="2-1" n="2-1" taille="5" w="3105" x="1" y="1">
            <genre CS="0.96" source="TensorFlow">filtretxt</genre>
            <contenuImg CS="0.947">gray color</contenuImg>
            <contenuImg CS="0.53">written document</contenuImg>
            <contenuImg CS="0.95">device</contenuImg>
            <contenuImg CS="0.95">electronic device</contenuImg>
            <contenuImg CS="0.95">video display</contenuImg>
            <contenuImg CS="0.95">window</contenuImg>
            <contenuImg CS="0.924">dialog box</contenuImg>
            <theme CS="0.95">01</theme>
            <titraille>La Permission de papa. Paroles de J. Casanova, musique de Raoul Georges</titraille>
          </ill>
        </ills>
      </page>
    </pages>
  </contenus>
</analyseAlto>
