<?xml version="1.0" encoding="UTF-8"?>
<analyseAlto>
  <metad>
    <type>PA</type>
    <ID>bpt6k385796f</ID>
    <titre>Salut, oiseau de France ! Paroles de G. de Raulin, musique de J. Mayan</titre>
    <dateEdition>1915</dateEdition>
    <nbPage>6</nbPage>
  </metad>
  <contenus ocr="false" toc="false">
    <largeur>131</largeur>
    <hauteur>172</hauteur>
    <pages>
      <page ordre="1">
        <blocIllustration>1</blocIllustration>
        <ills>
          <ill classif="CC" couleur="gris" filtre="1" h="4073" id="1-1" n="1-1" taille="5" w="3112" x="1" y="1">
            <genre CS="0.93" source="TensorFlow">filtrecouv</genre>
            <contenuImg CS="1.0">gray color</contenuImg>
            <contenuImg CS="0.614">device</contenuImg>
            <contenuImg CS="0.612">electronic device</contenuImg>
            <contenuImg CS="0.611">video display</contenuImg>
            <contenuImg CS="0.611">window</contenuImg>
            <contenuImg CS="0.53">dialog box</contenuImg>
            <contenuImg CS="0.598">wrapping</contenuImg>
            <contenuImg CS="0.598">envelope</contenuImg>
            <theme CS="0.95">01</theme>
            <titraille>Salut, oiseau de France ! Paroles de G. de Raulin, musique de J. Mayan</titraille>
          </ill>
        </ills>
      </page>
    </pages>
  </contenus>
</analyseAlto>
