<?xml version="1.0" encoding="UTF-8"?>
<analyseAlto>
  <metad>
    <type>PA</type>
    <ID>bpt6k3857261</ID>
    <titre>1915 ! On les aura ! Scène du poilu ... dans la Revue de Rip, musique de Lassailly</titre>
    <dateEdition>1915</dateEdition>
    <nbPage>10</nbPage>
  </metad>
  <contenus ocr="false" toc="false">
    <largeur>131</largeur>
    <hauteur>172</hauteur>
    <pages>
      <page ordre="1">
        <blocIllustration>1</blocIllustration>
        <ills>
          <ill classif="CC" couleur="gris" h="4069" id="1-1" n="1-1" taille="5" w="3104" x="1" y="1">
            <genre CS="0.62" source="TensorFlow">dessin</genre>
            <contenuImg CS="0.991">gray color</contenuImg>
            <contenuImg CS="0.53">pen-and-ink</contenuImg>
            <contenuImg CS="0.973">study</contenuImg>
            <theme CS="0.95">01</theme>
            <titraille>1915 ! On les aura ! Scène du poilu ... dans la Revue de Rip, musique de Lassailly</titraille>
          </ill>
        </ills>
      </page>
    </pages>
  </contenus>
</analyseAlto>
