<?xml version="1.0" encoding="UTF-8"?>
<analyseAlto>
  <metad>
    <type>PA</type>
    <ID>bpt6k3858024</ID>
    <titre>Hymne à la démocratie. Chant national patriotique par R. Barrelier,...</titre>
    <dateEdition>1915</dateEdition>
    <nbPage>6</nbPage>
  </metad>
  <contenus ocr="false" toc="false">
    <largeur>133</largeur>
    <hauteur>175</hauteur>
    <pages>
      <page ordre="1">
        <blocIllustration>1</blocIllustration>
        <ills>
          <ill classif="CC" couleur="gris" filtre="1" h="4136" id="1-1" n="1-1" taille="6" w="3159" x="1" y="1">
            <genre CS="0.49" source="TensorFlow">filtretxt</genre>
            <contenuImg CS="0.566">olive green color</contenuImg>
            <contenuImg CS="0.892">gray color</contenuImg>
            <contenuImg CS="0.53">portal site</contenuImg>
            <contenuImg CS="0.859">device</contenuImg>
            <contenuImg CS="0.858">machine</contenuImg>
            <contenuImg CS="0.858">computer</contenuImg>
            <contenuImg CS="0.785">web site</contenuImg>
            <contenuImg CS="0.786">written document</contenuImg>
            <theme CS="0.95">01</theme>
            <titraille>Hymne à la démocratie. Chant national patriotique par R. Barrelier,...</titraille>
          </ill>
        </ills>
      </page>
    </pages>
  </contenus>
</analyseAlto>
