<?xml version="1.0" encoding="UTF-8"?>
<analyseAlto>
  <metad>
    <type>PA</type>
    <ID>bpt6k384308k</ID>
    <titre>La Prière du mutilé. Paroles de A. Masselier, musique de Victor Gentil</titre>
    <dateEdition>1917</dateEdition>
    <nbPage>6</nbPage>
  </metad>
  <contenus ocr="false" toc="false">
    <largeur>133</largeur>
    <hauteur>172</hauteur>
    <pages>
      <page ordre="1">
        <blocIllustration>1</blocIllustration>
        <ills>
          <ill classif="CC DF" couleur="gris" h="4078" id="1-1" n="1-1" taille="5" w="3150" x="1" y="1">
            <genre CS="0.75" source="TensorFlow">dessin</genre>
            <contenuImg CS="0.98">olive green color</contenuImg>
            <contenuImg CS="0.635">medium</contenuImg>
            <contenuImg CS="0.635">newspaper</contenuImg>
            <contenuImg CS="0.53">gazette</contenuImg>
            <contenuImg CS="0.587">person</contenuImg>
            <contenuImg CS="0.587">paper based (stamps/currency)</contenuImg>
            <contenuImg CS="0.609">wrapping</contenuImg>
            <contenuImg CS="0.609">book jacket</contenuImg>
            <contenuImg CS="0.65">book</contenuImg>
            <theme CS="0.95">01</theme>
            <titraille>La Prière du mutilé. Paroles de A. Masselier, musique de Victor Gentil</titraille>
          </ill>
        </ills>
      </page>
    </pages>
  </contenus>
</analyseAlto>
