<?xml version="1.0" encoding="UTF-8"?>
<analyseAlto>
  <metad>
    <type>PA</type>
    <ID>bpt6k3850591</ID>
    <titre>Les Enfants de la France !.... Paroles et musique de Louis Petténati,...</titre>
    <dateEdition>1916</dateEdition>
    <nbPage>10</nbPage>
  </metad>
  <contenus ocr="false" toc="false">
    <largeur>135</largeur>
    <hauteur>173</hauteur>
    <pages>
      <page ordre="1">
        <blocIllustration>1</blocIllustration>
        <ills>
          <ill classif="CC" couleur="gris" filtre="1" h="4110" id="1-1" n="1-1" taille="6" w="3204" x="1" y="1">
            <genre CS="0.62" source="TensorFlow">filtretxt</genre>
            <contenuImg CS="0.672">olive green color</contenuImg>
            <contenuImg CS="0.784">sage green color</contenuImg>
            <contenuImg CS="0.53">wrapping</contenuImg>
            <contenuImg CS="0.53">book jacket</contenuImg>
            <contenuImg CS="0.906">written document</contenuImg>
            <theme CS="0.95">01</theme>
            <titraille>Les Enfants de la France !.... Paroles et musique de Louis Petténati,...</titraille>
          </ill>
        </ills>
      </page>
    </pages>
  </contenus>
</analyseAlto>
