<?xml version="1.0" encoding="UTF-8"?>
<analyseAlto>
  <metad>
    <type>PA</type>
    <ID>bpt6k385578w</ID>
    <titre>Printemps 1915 ! Poème du colonel Godchot, musique de Léo Pouget</titre>
    <dateEdition>1915</dateEdition>
    <nbPage>4</nbPage>
  </metad>
  <contenus ocr="false" toc="false">
    <largeur>133</largeur>
    <hauteur>173</hauteur>
    <pages>
      <page ordre="1">
        <blocIllustration>1</blocIllustration>
        <ills>
          <ill classif="CC" couleur="gris" h="4103" id="1-1" n="1-1" taille="5" w="3153" x="1" y="1">
            <genre CS="0.77" source="TensorFlow">dessin</genre>
            <contenuImg CS="0.859">olive green color</contenuImg>
            <contenuImg CS="0.925">gray color</contenuImg>
            <contenuImg CS="0.838">map</contenuImg>
            <contenuImg CS="0.842">study</contenuImg>
            <theme CS="0.95">01</theme>
            <titraille>Printemps 1915 ! Poème du colonel Godchot, musique de Léo Pouget</titraille>
          </ill>
        </ills>
      </page>
    </pages>
  </contenus>
</analyseAlto>
