<?xml version="1.0" encoding="UTF-8"?>
<analyseAlto>
  <metad>
    <type>PA</type>
    <ID>bpt6k384002c</ID>
    <titre>La Victoire mondiale de la Marne. Paroles de F. Labbé, musique de E. Lambert,...</titre>
    <dateEdition>1917</dateEdition>
    <nbPage>4</nbPage>
  </metad>
  <contenus ocr="false" toc="false">
    <largeur>133</largeur>
    <hauteur>174</hauteur>
    <pages>
      <page ordre="1">
        <blocIllustration>1</blocIllustration>
        <ills>
          <ill classif="CC" couleur="gris" filtre="1" h="4113" id="1-1" n="1-1" taille="6" w="3144" x="1" y="1">
            <genre CS="0.28" source="TensorFlow">filtretxt</genre>
            <contenuImg CS="0.66">olive green color</contenuImg>
            <contenuImg CS="0.53">written document</contenuImg>
            <contenuImg CS="0.544">food</contenuImg>
            <contenuImg CS="0.544">beverage</contenuImg>
            <contenuImg CS="0.544">wine</contenuImg>
            <contenuImg CS="0.543">white wine</contenuImg>
            <contenuImg CS="0.538">Montrachet</contenuImg>
            <contenuImg CS="0.676">device</contenuImg>
            <contenuImg CS="0.674">machine</contenuImg>
            <contenuImg CS="0.674">computer</contenuImg>
            <contenuImg CS="0.674">web site</contenuImg>
            <theme CS="0.95">01</theme>
            <titraille>La Victoire mondiale de la Marne. Paroles de F. Labbé, musique de E. Lambert,...</titraille>
          </ill>
        </ills>
      </page>
    </pages>
  </contenus>
</analyseAlto>
