<?xml version="1.0" encoding="UTF-8"?>
<analyseAlto>
  <metad>
    <type>PA</type>
    <ID>bpt6k385473p</ID>
    <titre>Les Tricoteuses de 1915, paroles de Léon Hiélard, musique de Louis Jacquet...</titre>
    <dateEdition>1915</dateEdition>
    <nbPage>4</nbPage>
  </metad>
  <contenus ocr="false" toc="false">
    <largeur>136</largeur>
    <hauteur>175</hauteur>
    <pages>
      <page ordre="1">
        <blocIllustration>1</blocIllustration>
        <ills>
          <ill classif="CC" couleur="gris" h="4149" id="1-1" n="1-1" taille="6" w="3213" x="1" y="1">
            <genre CS="0.64" source="TensorFlow">dessin</genre>
            <contenuImg CS="1.0">gray color</contenuImg>
            <contenuImg CS="0.573">gazette</contenuImg>
            <contenuImg CS="0.943">medium</contenuImg>
            <contenuImg CS="0.943">newspaper</contenuImg>
            <contenuImg CS="0.871">school newspaper</contenuImg>
            <theme CS="0.95">01</theme>
            <titraille>Les Tricoteuses de 1915, paroles de Léon Hiélard, musique de Louis Jacquet...</titraille>
          </ill>
        </ills>
      </page>
    </pages>
  </contenus>
</analyseAlto>
