<?xml version="1.0" encoding="UTF-8"?>
<analyseAlto>
  <metad>
    <type>PA</type>
    <ID>bpt6k3844187</ID>
    <titre>Hymne à la France ! Poésie de Victor Hugo, musique de Emile Engel</titre>
    <dateEdition>1917</dateEdition>
    <nbPage>8</nbPage>
  </metad>
  <contenus ocr="false" toc="false">
    <largeur>131</largeur>
    <hauteur>174</hauteur>
    <pages>
      <page ordre="1">
        <blocIllustration>1</blocIllustration>
        <ills>
          <ill classif="CC DF" couleur="gris" h="4113" id="1-1" n="1-1" taille="5" w="3112" x="1" y="1">
            <genre CS="0.71" source="TensorFlow">dessin</genre>
            <contenuImg CS="0.775">olive green color</contenuImg>
            <contenuImg CS="0.959">gray color</contenuImg>
            <contenuImg CS="0.53">gazette</contenuImg>
            <contenuImg CS="0.765">medium</contenuImg>
            <contenuImg CS="0.765">newspaper</contenuImg>
            <contenuImg CS="0.748">person</contenuImg>
            <contenuImg CS="0.748">paper based (stamps/currency)</contenuImg>
            <theme CS="0.95">01</theme>
            <titraille>Hymne à la France ! Poésie de Victor Hugo, musique de Emile Engel</titraille>
          </ill>
        </ills>
      </page>
    </pages>
  </contenus>
</analyseAlto>
