<?xml version="1.0" encoding="UTF-8"?>
<analyseAlto>
  <metad>
    <type>PA</type>
    <ID>bpt6k385125s</ID>
    <titre>Les Poilus de l’Argonne : chanson marche créée par Louis Vals, du Petit Casino / paroles de G. de St Amand, du 141ème ; musique de F. Roche, du 12ème</titre>
    <dateEdition>1916</dateEdition>
    <nbPage>6</nbPage>
    <descr>Chansons françaises -- 20e siècle -- Partitions et parties Chansons acc. de piano -- 20e siècle -- Partitions et parties</descr>
  </metad>
  <contenus ocr="false" toc="false">
    <largeur>135</largeur>
    <hauteur>173</hauteur>
    <pages>
      <page ordre="1">
        <blocIllustration>1</blocIllustration>
        <ills>
          <ill classif="CC DF" couleur="gris" h="4110" id="1-1" n="1-1" taille="6" w="3204" x="1" y="1">
            <genre CS="0.43" source="TensorFlow">gravure</genre>
            <contenuImg CS="0.767">coal black color</contenuImg>
            <contenuImg CS="0.871">gray color</contenuImg>
            <contenuImg CS="0.53">print media</contenuImg>
            <contenuImg CS="0.824">medium</contenuImg>
            <contenuImg CS="0.726">newspaper</contenuImg>
            <contenuImg CS="0.818">person</contenuImg>
            <contenuImg CS="0.818">paper based (stamps/currency)</contenuImg>
            <theme CS="0.95">01</theme>
            <titraille>Les Poilus de l’Argonne : chanson marche créée par Louis Vals, du Petit Casino / paroles de G. de St Amand, du 141ème ; musique de F. Roche, du 12ème</titraille>
          </ill>
        </ills>
      </page>
    </pages>
  </contenus>
</analyseAlto>
