<?xml version="1.0" encoding="UTF-8"?>
<analyseAlto>
  <metad>
    <type>PA</type>
    <ID>bpt6k385799k</ID>
    <titre>Marche des alliés, 1914-1915, par Stéphane Frezzolini</titre>
    <dateEdition>1915</dateEdition>
    <nbPage>8</nbPage>
  </metad>
  <contenus ocr="false" toc="false">
    <largeur>134</largeur>
    <hauteur>175</hauteur>
    <pages>
      <page ordre="1">
        <blocIllustration>1</blocIllustration>
        <ills>
          <ill classif="CC" couleur="coul" h="4152" id="1-1" n="1-1" taille="6" w="3181" x="1" y="1">
            <genre CS="0.46" source="TensorFlow">dessin</genre>
            <contenuImg CS="0.737">olive green color</contenuImg>
            <contenuImg CS="0.53">medium</contenuImg>
            <contenuImg CS="0.53">paper</contenuImg>
            <contenuImg CS="0.543">food</contenuImg>
            <contenuImg CS="0.543">menu</contenuImg>
            <contenuImg CS="0.639">envelope</contenuImg>
            <theme CS="0.95">01</theme>
            <titraille>Marche des alliés, 1914-1915, par Stéphane Frezzolini</titraille>
          </ill>
        </ills>
      </page>
    </pages>
  </contenus>
</analyseAlto>
