<?xml version="1.0" encoding="UTF-8"?>
<analyseAlto>
  <metad>
    <type>PA</type>
    <ID>bpt6k384362c</ID>
    <titre>Le Poilu et le tommy. Paroles de Alcide, musique de Albert Tollet</titre>
    <dateEdition>1917</dateEdition>
    <nbPage>6</nbPage>
  </metad>
  <contenus ocr="false" toc="false">
    <largeur>133</largeur>
    <hauteur>173</hauteur>
    <pages>
      <page ordre="2">
        <blocIllustration>1</blocIllustration>
        <ills>
          <ill classif="CC" couleur="gris" filtre="1" h="4090" id="2-1" n="2-1" taille="5" w="3150" x="1" y="1">
            <genre CS="0.99" source="TensorFlow">filtretxt</genre>
            <contenuImg CS="0.948">gray color</contenuImg>
            <contenuImg CS="0.602">device</contenuImg>
            <contenuImg CS="0.602">electronic device</contenuImg>
            <contenuImg CS="0.601">video display</contenuImg>
            <contenuImg CS="0.601">window</contenuImg>
            <contenuImg CS="0.53">dialog box</contenuImg>
            <contenuImg CS="0.911">written document</contenuImg>
            <theme CS="0.95">01</theme>
            <titraille>Le Poilu et le tommy. Paroles de Alcide, musique de Albert Tollet</titraille>
          </ill>
        </ills>
      </page>
    </pages>
  </contenus>
</analyseAlto>
