<?xml version="1.0" encoding="UTF-8"?>
<analyseAlto>
  <metad>
    <type>PA</type>
    <ID>bpt6k3852376</ID>
    <titre>Aux Morts ! 1914-1915. Poésie de Maurice de Brunoff, musique de M.te Vanina-Casalonga</titre>
    <dateEdition>1915</dateEdition>
    <nbPage>4</nbPage>
  </metad>
  <contenus ocr="false" toc="false">
    <largeur>133</largeur>
    <hauteur>173</hauteur>
    <pages>
      <page ordre="1">
        <blocIllustration>1</blocIllustration>
        <ills>
          <ill classif="CC" couleur="gris" filtre="1" h="4106" id="1-1" n="1-1" taille="5" w="3157" x="1" y="1">
            <genre CS="0.99" source="TensorFlow">filtretxt</genre>
            <contenuImg CS="1.0">gray color</contenuImg>
            <contenuImg CS="0.846">written document</contenuImg>
            <contenuImg CS="0.884">device</contenuImg>
            <contenuImg CS="0.884">machine</contenuImg>
            <contenuImg CS="0.884">computer</contenuImg>
            <contenuImg CS="0.884">slide rule</contenuImg>
            <theme CS="0.95">01</theme>
            <titraille>Aux Morts ! 1914-1915. Poésie de Maurice de Brunoff, musique de M.te Vanina-Casalonga</titraille>
          </ill>
        </ills>
      </page>
    </pages>
  </contenus>
</analyseAlto>
