<?xml version="1.0" encoding="UTF-8"?>
<analyseAlto>
  <metad>
    <type>PA</type>
    <ID>bpt6k384186z</ID>
    <titre>Marche du 2e Régiment des Carabiniers, paroles du Commandant Fernand Cornil, musique d’ Arthur Prévost,...</titre>
    <dateEdition>1917</dateEdition>
    <nbPage>8</nbPage>
  </metad>
  <contenus ocr="false" toc="false">
    <largeur>131</largeur>
    <hauteur>173</hauteur>
    <pages>
      <page ordre="1">
        <blocIllustration>1</blocIllustration>
        <ills>
          <ill classif="CC" couleur="gris" h="4097" id="1-1" n="1-1" taille="5" w="3112" x="1" y="1">
            <genre CS="0.55" source="TensorFlow">dessin</genre>
            <contenuImg CS="0.774">charcoal color</contenuImg>
            <contenuImg CS="0.965">gray color</contenuImg>
            <contenuImg CS="0.53">free press</contenuImg>
            <contenuImg CS="0.591">tabloid</contenuImg>
            <contenuImg CS="0.858">medium</contenuImg>
            <contenuImg CS="0.601">gazette</contenuImg>
            <contenuImg CS="0.88">newspaper</contenuImg>
            <contenuImg CS="0.65">wrapping</contenuImg>
            <contenuImg CS="0.65">book jacket</contenuImg>
            <theme CS="0.95">01</theme>
            <titraille>Marche du 2e Régiment des Carabiniers, paroles du Commandant Fernand Cornil, musique d’ Arthur Prévost,...</titraille>
          </ill>
        </ills>
      </page>
    </pages>
  </contenus>
</analyseAlto>
