<?xml version="1.0" encoding="UTF-8"?>
<analyseAlto>
  <metad>
    <type>PA</type>
    <ID>bpt6k385432x</ID>
    <titre>Souvenir au Feld-Maréchal Lord Roberts, paroles et musique de René Decouflé</titre>
    <dateEdition>1915</dateEdition>
    <nbPage>4</nbPage>
  </metad>
  <contenus ocr="false" toc="false">
    <largeur>134</largeur>
    <hauteur>173</hauteur>
    <pages>
      <page ordre="2">
        <blocIllustration>1</blocIllustration>
        <ills>
          <ill classif="CC" couleur="gris" filtre="1" h="4128" id="2-1" n="2-1" taille="6" w="3135" x="1" y="1">
            <genre CS="0.99" source="TensorFlow">filtretxt</genre>
            <contenuImg CS="0.869">gray color</contenuImg>
            <contenuImg CS="0.53">paper</contenuImg>
            <contenuImg CS="0.681">device</contenuImg>
            <contenuImg CS="0.68">machine</contenuImg>
            <contenuImg CS="0.68">computer</contenuImg>
            <contenuImg CS="0.68">web site</contenuImg>
            <contenuImg CS="0.849">written document</contenuImg>
            <theme CS="0.95">01</theme>
            <titraille>Souvenir au Feld-Maréchal Lord Roberts, paroles et musique de René Decouflé</titraille>
          </ill>
        </ills>
      </page>
    </pages>
  </contenus>
</analyseAlto>
