<?xml version="1.0" encoding="UTF-8"?>
<analyseAlto>
  <metad>
    <type>PA</type>
    <ID>bpt6k385583b</ID>
    <titre>Debout, Français ! Chant patriotique, paroles de A. Trépant, musique de Henri Dupuis</titre>
    <dateEdition>1915</dateEdition>
    <nbPage>6</nbPage>
  </metad>
  <contenus ocr="false" toc="false">
    <largeur>131</largeur>
    <hauteur>170</hauteur>
    <pages>
      <page ordre="1">
        <blocIllustration>1</blocIllustration>
        <ills>
          <ill classif="CC" couleur="gris" h="4025" id="1-1" n="1-1" taille="5" w="3111" x="1" y="1">
            <genre CS="0.77" source="TensorFlow">dessin</genre>
            <contenuImg CS="0.982">gray color</contenuImg>
            <contenuImg CS="0.53">study</contenuImg>
            <contenuImg CS="0.969">silverpoint</contenuImg>
            <theme CS="0.95">01</theme>
            <titraille>Debout, Français ! Chant patriotique, paroles de A. Trépant, musique de Henri Dupuis</titraille>
          </ill>
        </ills>
      </page>
    </pages>
  </contenus>
</analyseAlto>
