<?xml version="1.0" encoding="UTF-8"?>
<analyseAlto>
  <metad>
    <type>PA</type>
    <ID>bpt6k385535c</ID>
    <titre>L’âme de la France ! Paroles de F. Mortreuil, musique de Emile Spencer</titre>
    <dateEdition>1915</dateEdition>
    <nbPage>6</nbPage>
  </metad>
  <contenus ocr="false" toc="false">
    <largeur>131</largeur>
    <hauteur>170</hauteur>
    <pages>
      <page ordre="2">
        <blocIllustration>1</blocIllustration>
        <ills>
          <ill classif="CC" couleur="gris" filtre="1" h="3967" id="2-1" n="2-1" taille="5" w="3069" x="1" y="1">
            <genre CS="0.99" source="TensorFlow">filtretxt</genre>
            <contenuImg CS="0.975">gray color</contenuImg>
            <contenuImg CS="0.953">written document</contenuImg>
            <theme CS="0.95">01</theme>
            <titraille>L’âme de la France ! Paroles de F. Mortreuil, musique de Emile Spencer</titraille>
          </ill>
        </ills>
      </page>
    </pages>
  </contenus>
</analyseAlto>
