<?xml version="1.0" encoding="UTF-8"?>
<analyseAlto>
  <metad>
    <type>PA</type>
    <ID>bpt6k3858885</ID>
    <titre>Gloire au peuple de France ! Chanson-marche, paroles et musique de Auguste Primard</titre>
    <dateEdition>1915</dateEdition>
    <nbPage>8</nbPage>
  </metad>
  <contenus ocr="false" toc="false">
    <largeur>132</largeur>
    <hauteur>171</hauteur>
    <pages>
      <page ordre="1">
        <blocIllustration>1</blocIllustration>
        <ills>
          <ill classif="CC" couleur="coul" filtre="1" h="4046" id="1-1" n="1-1" taille="5" w="3126" x="1" y="1">
            <genre CS="0.44" source="TensorFlow">filtretxt</genre>
            <contenuImg CS="0.674">olive green color</contenuImg>
            <contenuImg CS="0.53">wrapping</contenuImg>
            <contenuImg CS="0.53">book jacket</contenuImg>
            <contenuImg CS="0.533">breviary (book)</contenuImg>
            <contenuImg CS="0.651">wordbook</contenuImg>
            <contenuImg CS="0.728">written document</contenuImg>
            <theme CS="0.95">01</theme>
            <titraille>Gloire au peuple de France ! Chanson-marche, paroles et musique de Auguste Primard</titraille>
          </ill>
        </ills>
      </page>
    </pages>
  </contenus>
</analyseAlto>
