<?xml version="1.0" encoding="UTF-8"?>
<analyseAlto>
  <metad>
    <type>PA</type>
    <ID>bpt6k385886d</ID>
    <titre>A la Belgique ! Poème de Paul Déroulède, musique de Vincent Des Loÿs</titre>
    <dateEdition>1915</dateEdition>
    <nbPage>8</nbPage>
  </metad>
  <contenus ocr="false" toc="false">
    <largeur>133</largeur>
    <hauteur>174</hauteur>
    <pages>
      <page ordre="1">
        <blocIllustration>1</blocIllustration>
        <ills>
          <ill classif="CC" couleur="gris" h="4112" id="1-1" n="1-1" taille="6" w="3159" x="1" y="1">
            <genre CS="0.85" source="TensorFlow">dessin</genre>
            <contenuImg CS="0.733">ivory color</contenuImg>
            <contenuImg CS="0.787">gray color</contenuImg>
            <contenuImg CS="0.536">food</contenuImg>
            <contenuImg CS="0.536">beverage</contenuImg>
            <contenuImg CS="0.535">wine</contenuImg>
            <contenuImg CS="0.531">white wine</contenuImg>
            <contenuImg CS="0.53">Montrachet</contenuImg>
            <contenuImg CS="0.539">device</contenuImg>
            <contenuImg CS="0.539">fastener</contenuImg>
            <contenuImg CS="0.539">pin</contenuImg>
            <contenuImg CS="0.718">pot</contenuImg>
            <contenuImg CS="0.718">teakettle</contenuImg>
            <theme CS="0.95">01</theme>
            <titraille>A la Belgique ! Poème de Paul Déroulède, musique de Vincent Des Loÿs</titraille>
          </ill>
        </ills>
      </page>
    </pages>
  </contenus>
</analyseAlto>
