<?xml version="1.0" encoding="UTF-8"?>
<analyseAlto>
  <metad>
    <type>PA</type>
    <ID>bpt6k384075x</ID>
    <titre>Tous au Boulot ! Chansonnette comique, paroles de A. Jost, musique de E. Cloërec-Maupas</titre>
    <dateEdition>1917</dateEdition>
    <nbPage>6</nbPage>
  </metad>
  <contenus ocr="false" toc="false">
    <largeur>131</largeur>
    <hauteur>173</hauteur>
    <pages>
      <page ordre="2">
        <blocIllustration>1</blocIllustration>
        <ills>
          <ill classif="CC" couleur="gris" filtre="1" h="4078" id="2-1" n="2-1" taille="5" w="3150" x="1" y="1">
            <genre CS="0.99" source="TensorFlow">filtretxt</genre>
            <contenuImg CS="0.958">gray color</contenuImg>
            <contenuImg CS="0.629">electronic device</contenuImg>
            <contenuImg CS="0.629">video display</contenuImg>
            <contenuImg CS="0.629">window</contenuImg>
            <contenuImg CS="0.53">dialog box</contenuImg>
            <contenuImg CS="0.787">device</contenuImg>
            <contenuImg CS="0.598">machine</contenuImg>
            <contenuImg CS="0.598">computer</contenuImg>
            <contenuImg CS="0.598">web site</contenuImg>
            <contenuImg CS="0.908">written document</contenuImg>
            <theme CS="0.95">01</theme>
            <titraille>Tous au Boulot ! Chansonnette comique, paroles de A. Jost, musique de E. Cloërec-Maupas</titraille>
          </ill>
        </ills>
      </page>
    </pages>
  </contenus>
</analyseAlto>
