<?xml version="1.0" encoding="UTF-8"?>
<analyseAlto>
  <metad>
    <type>PA</type>
    <ID>bpt6k384419m</ID>
    <titre>La Voix des canons pour chant et piano, paroles de Lucie Magagne, musique de L. Belleville</titre>
    <dateEdition>1917</dateEdition>
    <nbPage>8</nbPage>
  </metad>
  <contenus ocr="false" toc="false">
    <largeur>128</largeur>
    <hauteur>172</hauteur>
    <pages>
      <page ordre="1">
        <blocIllustration>1</blocIllustration>
        <ills>
          <ill classif="CC" couleur="gris" filtre="1" h="4064" id="1-1" n="1-1" taille="5" w="3043" x="1" y="1">
            <genre CS="0.64" source="TensorFlow">filtretxt</genre>
            <contenuImg CS="0.879">gray color</contenuImg>
            <contenuImg CS="0.53">paper</contenuImg>
            <contenuImg CS="0.872">written document</contenuImg>
            <theme CS="0.95">01</theme>
            <titraille>La Voix des canons pour chant et piano, paroles de Lucie Magagne, musique de L. Belleville</titraille>
          </ill>
        </ills>
      </page>
    </pages>
  </contenus>
</analyseAlto>
