<?xml version="1.0" encoding="UTF-8"?>
<analyseAlto>
  <metad>
    <type>PA</type>
    <ID>bpt6k384026k</ID>
    <titre>Au Drapeau ! Poème de Louis Latouche, musique de André Le Marchand</titre>
    <dateEdition>1917</dateEdition>
    <nbPage>4</nbPage>
  </metad>
  <contenus ocr="false" toc="false">
    <largeur>133</largeur>
    <hauteur>175</hauteur>
    <pages>
      <page ordre="1">
        <blocIllustration>1</blocIllustration>
        <ills>
          <ill classif="CC" couleur="gris" h="4134" id="1-1" n="1-1" taille="6" w="3144" x="1" y="1">
            <genre CS="0.68" source="TensorFlow">dessin</genre>
            <contenuImg CS="1.0">gray color</contenuImg>
            <contenuImg CS="0.53">medium</contenuImg>
            <contenuImg CS="0.53">newspaper</contenuImg>
            <contenuImg CS="0.655">wrapping</contenuImg>
            <contenuImg CS="0.655">book jacket</contenuImg>
            <theme CS="0.95">01</theme>
            <titraille>Au Drapeau ! Poème de Louis Latouche, musique de André Le Marchand</titraille>
          </ill>
        </ills>
      </page>
    </pages>
  </contenus>
</analyseAlto>
