<?xml version="1.0" encoding="UTF-8"?>
<analyseAlto>
  <metad>
    <type>PA</type>
    <ID>bpt6k3855026</ID>
    <titre>Les Barbares. Paroles et musique de Gustave Rivet</titre>
    <dateEdition>1915</dateEdition>
    <nbPage>6</nbPage>
  </metad>
  <contenus ocr="false" toc="false">
    <largeur>131</largeur>
    <hauteur>172</hauteur>
    <pages>
      <page ordre="1">
        <blocIllustration>1</blocIllustration>
        <ills>
          <ill classif="CC DF" couleur="gris" h="4083" id="1-1" n="1-1" taille="5" w="3100" x="1" y="1">
            <genre CS="0.87" source="TensorFlow">dessin</genre>
            <contenuImg CS="0.835">olive green color</contenuImg>
            <contenuImg CS="0.955">gray color</contenuImg>
            <contenuImg CS="0.53">person</contenuImg>
            <contenuImg CS="0.53">paper based (stamps/currency)</contenuImg>
            <contenuImg CS="0.768">pen-and-ink</contenuImg>
            <contenuImg CS="0.882">study</contenuImg>
            <theme CS="0.95">01</theme>
            <titraille>Les Barbares. Paroles et musique de Gustave Rivet</titraille>
          </ill>
        </ills>
      </page>
    </pages>
  </contenus>
</analyseAlto>
