<?xml version="1.0" encoding="UTF-8"?>
<analyseAlto>
  <metad>
    <type>PA</type>
    <ID>bpt6k3850489</ID>
    <titre>Nos alliés du ciel : cantique-offertoire : solo &amp; choeur à l’unisson avec accompagnement d'orgue / paroles du chanoine S. Coubé ; musique de F. Laurent-Rolandez</titre>
    <dateEdition>1916</dateEdition>
    <nbPage>10</nbPage>
    <descr>Chants sacrés acc. d’orgue -- 20e siècle -- Partitions et parties</descr>
  </metad>
  <contenus ocr="false" toc="false">
    <largeur>135</largeur>
    <hauteur>173</hauteur>
    <pages>
      <page ordre="1">
        <blocIllustration>1</blocIllustration>
        <ills>
          <ill classif="CC" couleur="gris" filtre="1" h="4110" id="1-1" n="1-1" taille="6" w="3204" x="1" y="1">
            <genre CS="0.84" source="TensorFlow">filtretxt</genre>
            <contenuImg CS="0.941">gray color</contenuImg>
            <contenuImg CS="0.53">food</contenuImg>
            <contenuImg CS="0.53">menu</contenuImg>
            <contenuImg CS="0.565">paper</contenuImg>
            <contenuImg CS="0.707">device</contenuImg>
            <contenuImg CS="0.707">machine</contenuImg>
            <contenuImg CS="0.707">computer</contenuImg>
            <contenuImg CS="0.706">web site</contenuImg>
            <contenuImg CS="0.803">written document</contenuImg>
            <theme CS="0.95">01</theme>
            <titraille>Nos alliés du ciel : cantique-offertoire : solo &amp; choeur à l’unisson avec accompagnement d'orgue / paroles du chanoine S. Coubé ; musique de F. Laurent-Rolandez</titraille>
          </ill>
        </ills>
      </page>
    </pages>
  </contenus>
</analyseAlto>
