<?xml version="1.0" encoding="UTF-8"?>
<analyseAlto>
  <metad>
    <type>PA</type>
    <ID>bpt6k384768w</ID>
    <titre>Vers la Victoire ! Paroles de Emile Raoux, musique de F. Mattei</titre>
    <dateEdition>1916</dateEdition>
    <nbPage>4</nbPage>
  </metad>
  <contenus ocr="false" toc="false">
    <largeur>132</largeur>
    <hauteur>173</hauteur>
    <pages>
      <page ordre="1">
        <blocIllustration>1</blocIllustration>
        <ills>
          <ill classif="CC" couleur="gris" filtre="1" h="4110" id="1-1" n="1-1" taille="5" w="3135" x="1" y="1">
            <genre CS="0.98" source="TensorFlow">filtretxt</genre>
            <contenuImg CS="0.983">gray color</contenuImg>
            <contenuImg CS="0.944">written document</contenuImg>
            <theme CS="0.95">01</theme>
            <titraille>Vers la Victoire ! Paroles de Emile Raoux, musique de F. Mattei</titraille>
          </ill>
        </ills>
      </page>
    </pages>
  </contenus>
</analyseAlto>
