<?xml version="1.0" encoding="UTF-8"?>
<analyseAlto>
  <metad>
    <type>PA</type>
    <ID>bpt6k384144t</ID>
    <titre>L’Alouette gauloise. Poème de Maurice Léna, musique de Jules Chevallier</titre>
    <dateEdition>1917</dateEdition>
    <nbPage>16</nbPage>
  </metad>
  <contenus ocr="false" toc="false">
    <largeur>132</largeur>
    <hauteur>173</hauteur>
    <pages>
      <page ordre="1">
        <blocIllustration>1</blocIllustration>
        <ills>
          <ill classif="CC DF" couleur="coul" h="4098" id="1-1" n="1-1" taille="5" w="3139" x="1" y="1">
            <genre CS="0.56" source="TensorFlow">dessin</genre>
            <contenuImg CS="0.962">olive green color</contenuImg>
            <contenuImg CS="0.53">device</contenuImg>
            <contenuImg CS="0.53">machine</contenuImg>
            <contenuImg CS="0.53">computer</contenuImg>
            <contenuImg CS="0.53">web site</contenuImg>
            <contenuImg CS="0.587">person</contenuImg>
            <contenuImg CS="0.587">paper based (stamps/currency)</contenuImg>
            <contenuImg CS="0.601">envelope</contenuImg>
            <contenuImg CS="0.753">wrapping</contenuImg>
            <contenuImg CS="0.629">book jacket</contenuImg>
            <theme CS="0.95">01</theme>
            <titraille>L’Alouette gauloise. Poème de Maurice Léna, musique de Jules Chevallier</titraille>
          </ill>
        </ills>
      </page>
    </pages>
  </contenus>
</analyseAlto>
