<?xml version="1.0" encoding="UTF-8"?>
<analyseAlto>
  <metad>
    <type>PA</type>
    <ID>bpt6k383774f</ID>
    <titre>Les Sabots de France.... Paroles de Madeleine Guitty. Musique de André Colomb</titre>
    <dateEdition>1918</dateEdition>
    <nbPage>6</nbPage>
  </metad>
  <contenus ocr="false" toc="false">
    <largeur>134</largeur>
    <hauteur>175</hauteur>
    <pages>
      <page ordre="1">
        <blocIllustration>1</blocIllustration>
        <ills>
          <ill classif="CC" couleur="gris" filtre="1" h="4136" id="1-1" n="1-1" taille="6" w="3188" x="1" y="1">
            <genre CS="0.60" source="TensorFlow">filtretxt</genre>
            <contenuImg CS="0.543">olive green color</contenuImg>
            <contenuImg CS="0.843">gray color</contenuImg>
            <contenuImg CS="0.53">medium</contenuImg>
            <contenuImg CS="0.53">paper</contenuImg>
            <contenuImg CS="0.88">written document</contenuImg>
            <theme CS="0.95">01</theme>
            <titraille>Les Sabots de France.... Paroles de Madeleine Guitty. Musique de André Colomb</titraille>
          </ill>
        </ills>
      </page>
    </pages>
  </contenus>
</analyseAlto>
