<?xml version="1.0" encoding="UTF-8"?>
<analyseAlto>
  <metad>
    <type>PA</type>
    <ID>bpt6k3851833</ID>
    <titre>Les Mamans ! Poésie de Lucien Boyer, musique de J. Archainbaud</titre>
    <dateEdition>1916</dateEdition>
    <nbPage>4</nbPage>
  </metad>
  <contenus ocr="false" toc="false">
    <largeur>133</largeur>
    <hauteur>173</hauteur>
    <pages>
      <page ordre="1">
        <blocIllustration>1</blocIllustration>
        <ills>
          <ill classif="CC" couleur="gris" h="4106" id="1-1" n="1-1" taille="5" w="3157" x="1" y="1">
            <genre CS="0.26" source="TensorFlow">dessin</genre>
            <contenuImg CS="0.844">olive green color</contenuImg>
            <contenuImg CS="0.53">medium</contenuImg>
            <contenuImg CS="0.53">free press</contenuImg>
            <contenuImg CS="0.555">cell</contenuImg>
            <contenuImg CS="0.544">oocyte</contenuImg>
            <contenuImg CS="0.559">device</contenuImg>
            <contenuImg CS="0.556">memory device</contenuImg>
            <contenuImg CS="0.556">CD-ROM</contenuImg>
            <contenuImg CS="0.738">radiogram</contenuImg>
            <contenuImg CS="0.738">autoradiograph</contenuImg>
            <theme CS="0.95">01</theme>
            <titraille>Les Mamans ! Poésie de Lucien Boyer, musique de J. Archainbaud</titraille>
          </ill>
        </ills>
      </page>
    </pages>
  </contenus>
</analyseAlto>
