<?xml version="1.0" encoding="UTF-8"?>
<analyseAlto>
  <metad>
    <type>PA</type>
    <ID>bpt6k384608h</ID>
    <titre>L’Ambulancière. Chanson de guerre, paroles et musique de Charles Péchard</titre>
    <dateEdition>1916</dateEdition>
    <nbPage>4</nbPage>
  </metad>
  <contenus ocr="false" toc="false">
    <largeur>135</largeur>
    <hauteur>171</hauteur>
    <pages>
      <page ordre="2">
        <blocIllustration>1</blocIllustration>
        <ills>
          <ill classif="CC" couleur="gris" filtre="1" h="4036" id="2-1" n="2-1" taille="5" w="3084" x="1" y="1">
            <genre CS="0.98" source="TensorFlow">filtretxt</genre>
            <contenuImg CS="0.969">gray color</contenuImg>
            <contenuImg CS="0.733">device</contenuImg>
            <contenuImg CS="0.733">machine</contenuImg>
            <contenuImg CS="0.733">computer</contenuImg>
            <contenuImg CS="0.733">slide rule</contenuImg>
            <contenuImg CS="0.922">written document</contenuImg>
            <theme CS="0.95">01</theme>
            <titraille>L’Ambulancière. Chanson de guerre, paroles et musique de Charles Péchard</titraille>
          </ill>
        </ills>
      </page>
    </pages>
  </contenus>
</analyseAlto>
