<?xml version="1.0" encoding="UTF-8"?>
<analyseAlto>
  <metad>
    <type>PA</type>
    <ID>bpt6k384206h</ID>
    <titre>L’Hymne de guerre franco-américain, musique de Edmond Hippeau...</titre>
    <dateEdition>1917</dateEdition>
    <nbPage>4</nbPage>
  </metad>
  <contenus ocr="false" toc="false">
    <largeur>129</largeur>
    <hauteur>168</hauteur>
    <pages>
      <page ordre="1">
        <blocIllustration>1</blocIllustration>
        <ills>
          <ill classif="CC" couleur="gris" filtre="1" h="3982" id="1-1" n="1-1" taille="5" w="3061" x="1" y="1">
            <genre CS="0.59" source="TensorFlow">filtretxt</genre>
            <contenuImg CS="0.643">olive green color</contenuImg>
            <contenuImg CS="0.69">gray color</contenuImg>
            <contenuImg CS="0.53">device</contenuImg>
            <contenuImg CS="0.53">machine</contenuImg>
            <contenuImg CS="0.53">computer</contenuImg>
            <contenuImg CS="0.53">web site</contenuImg>
            <contenuImg CS="0.61">paper</contenuImg>
            <contenuImg CS="0.921">written document</contenuImg>
            <theme CS="0.95">01</theme>
            <titraille>L’Hymne de guerre franco-américain, musique de Edmond Hippeau...</titraille>
          </ill>
        </ills>
      </page>
    </pages>
  </contenus>
</analyseAlto>
