<?xml version="1.0" encoding="UTF-8"?>
<analyseAlto>
  <metad>
    <type>PA</type>
    <ID>bpt6k384374g</ID>
    <titre>Les Horreurs de la guerre. Chansonnette, paroles de Amelet, musique de L. Maire</titre>
    <dateEdition>1917</dateEdition>
    <nbPage>6</nbPage>
  </metad>
  <contenus ocr="false" toc="false">
    <largeur>133</largeur>
    <hauteur>173</hauteur>
    <pages>
      <page ordre="2">
        <blocIllustration>1</blocIllustration>
        <ills>
          <ill classif="CC" couleur="gris" filtre="1" h="4090" id="2-1" n="2-1" taille="5" w="3150" x="1" y="1">
            <genre CS="0.99" source="TensorFlow">filtretxt</genre>
            <contenuImg CS="0.961">gray color</contenuImg>
            <contenuImg CS="0.625">device</contenuImg>
            <contenuImg CS="0.625">electronic device</contenuImg>
            <contenuImg CS="0.624">video display</contenuImg>
            <contenuImg CS="0.624">window</contenuImg>
            <contenuImg CS="0.53">dialog box</contenuImg>
            <contenuImg CS="0.916">written document</contenuImg>
            <theme CS="0.95">01</theme>
            <titraille>Les Horreurs de la guerre. Chansonnette, paroles de Amelet, musique de L. Maire</titraille>
          </ill>
        </ills>
      </page>
    </pages>
  </contenus>
</analyseAlto>
