<?xml version="1.0" encoding="UTF-8"?>
<analyseAlto>
  <metad>
    <type>PA</type>
    <ID>bpt6k385882w</ID>
    <titre>Garde à vous, les Gars ! Chanson-marche, paroles de M. de Marsan et V. Targuet, musique de R. Beretta</titre>
    <dateEdition>1915</dateEdition>
    <nbPage>6</nbPage>
  </metad>
  <contenus ocr="false" toc="false">
    <largeur>133</largeur>
    <hauteur>174</hauteur>
    <pages>
      <page ordre="1">
        <blocIllustration>1</blocIllustration>
        <ills>
          <ill classif="CC" couleur="gris" h="4112" id="1-1" n="1-1" taille="6" w="3159" x="1" y="1">
            <genre CS="0.44" source="TensorFlow">dessin</genre>
            <contenuImg CS="0.827">ivory color</contenuImg>
            <contenuImg CS="0.88">gray color</contenuImg>
            <contenuImg CS="0.53">tool</contenuImg>
            <contenuImg CS="0.53">razorblade</contenuImg>
            <contenuImg CS="0.647">written document</contenuImg>
            <contenuImg CS="0.807">map</contenuImg>
            <theme CS="0.95">01</theme>
            <titraille>Garde à vous, les Gars ! Chanson-marche, paroles de M. de Marsan et V. Targuet, musique de R. Beretta</titraille>
          </ill>
        </ills>
      </page>
    </pages>
  </contenus>
</analyseAlto>
