<?xml version="1.0" encoding="UTF-8"?>
<analyseAlto>
  <metad>
    <type>PA</type>
    <ID>bpt6k3837766</ID>
    <titre>Les Héros de Craonne. Poème de J. Lancesse. Musique de F. Casenane</titre>
    <dateEdition>1918</dateEdition>
    <nbPage>10</nbPage>
  </metad>
  <contenus ocr="false" toc="false">
    <largeur>134</largeur>
    <hauteur>175</hauteur>
    <pages>
      <page ordre="1">
        <blocIllustration>1</blocIllustration>
        <ills>
          <ill classif="CC" couleur="gris" h="4136" id="1-1" n="1-1" taille="6" w="3188" x="1" y="1">
            <genre CS="0.70" source="TensorFlow">dessin</genre>
            <contenuImg CS="0.863">gray color</contenuImg>
            <contenuImg CS="0.912">olive green color</contenuImg>
            <contenuImg CS="0.53">written document</contenuImg>
            <contenuImg CS="0.563">study</contenuImg>
            <contenuImg CS="0.784">wrapping</contenuImg>
            <contenuImg CS="0.784">book jacket</contenuImg>
            <theme CS="0.95">01</theme>
            <titraille>Les Héros de Craonne. Poème de J. Lancesse. Musique de F. Casenane</titraille>
          </ill>
        </ills>
      </page>
    </pages>
  </contenus>
</analyseAlto>
