<?xml version="1.0" encoding="UTF-8"?>
<analyseAlto>
  <metad>
    <type>PA</type>
    <ID>bpt6k3858414</ID>
    <titre>Marche française 1914-1915, paroles de Paul Faucher, musique de Raphaël Ascione</titre>
    <dateEdition>1915</dateEdition>
    <nbPage>6</nbPage>
  </metad>
  <contenus ocr="false" toc="false">
    <largeur>138</largeur>
    <hauteur>179</hauteur>
    <pages>
      <page ordre="1">
        <blocIllustration>1</blocIllustration>
        <ills>
          <ill classif="CC" couleur="coul" h="4251" id="1-1" n="1-1" taille="6" w="3282" x="1" y="1">
            <genre CS="0.54" source="TensorFlow">dessin</genre>
            <contenuImg CS="0.979">olive green color</contenuImg>
            <contenuImg CS="0.53">medium</contenuImg>
            <contenuImg CS="0.53">paper</contenuImg>
            <contenuImg CS="0.69">wrapping</contenuImg>
            <contenuImg CS="0.689">book jacket</contenuImg>
            <contenuImg CS="0.842">magazine</contenuImg>
            <contenuImg CS="0.837">comic book</contenuImg>
            <theme CS="0.95">01</theme>
            <titraille>Marche française 1914-1915, paroles de Paul Faucher, musique de Raphaël Ascione</titraille>
          </ill>
        </ills>
      </page>
    </pages>
  </contenus>
</analyseAlto>
