<?xml version="1.0" encoding="UTF-8"?>
<analyseAlto>
  <metad>
    <type>PA</type>
    <ID>bpt6k384282r</ID>
    <titre>Souvenez-vous de votre France ! Cantique..., paroles de l’ abbé G. Gagnière, musique de l' abbé V. Desfretières,...</titre>
    <dateEdition>1917</dateEdition>
    <nbPage>6</nbPage>
  </metad>
  <contenus ocr="false" toc="false">
    <largeur>133</largeur>
    <hauteur>173</hauteur>
    <pages>
      <page ordre="1">
        <blocIllustration>1</blocIllustration>
        <ills>
          <ill classif="CC" couleur="gris" filtre="1" h="4091" id="1-1" n="1-1" taille="5" w="3155" x="1" y="1">
            <genre CS="0.82" source="TensorFlow">filtretxt</genre>
            <contenuImg CS="0.58">olive green color</contenuImg>
            <contenuImg CS="0.914">gray color</contenuImg>
            <contenuImg CS="0.611">paper</contenuImg>
            <contenuImg CS="0.643">food</contenuImg>
            <contenuImg CS="0.643">menu</contenuImg>
            <contenuImg CS="0.778">written document</contenuImg>
            <theme CS="0.95">01</theme>
            <titraille>Souvenez-vous de votre France ! Cantique..., paroles de l’ abbé G. Gagnière, musique de l' abbé V. Desfretières,...</titraille>
          </ill>
        </ills>
      </page>
    </pages>
  </contenus>
</analyseAlto>
