<?xml version="1.0" encoding="UTF-8"?>
<analyseAlto>
  <metad>
    <type>PA</type>
    <ID>bpt6k3848686</ID>
    <titre>Les Heures tricolores. Paroles de F. Halley, musique de H. Payerne</titre>
    <dateEdition>1916</dateEdition>
    <nbPage>4</nbPage>
  </metad>
  <contenus ocr="false" toc="false">
    <largeur>134</largeur>
    <hauteur>173</hauteur>
    <pages>
      <page ordre="2">
        <blocIllustration>1</blocIllustration>
        <ills>
          <ill classif="CC" couleur="gris" filtre="1" h="4091" id="2-1" n="2-1" taille="6" w="3156" x="1" y="1">
            <genre CS="0.99" source="TensorFlow">filtretxt</genre>
            <contenuImg CS="0.997">gray color</contenuImg>
            <contenuImg CS="0.639">device</contenuImg>
            <contenuImg CS="0.638">electronic device</contenuImg>
            <contenuImg CS="0.638">video display</contenuImg>
            <contenuImg CS="0.638">window</contenuImg>
            <contenuImg CS="0.53">dialog box</contenuImg>
            <contenuImg CS="0.919">written document</contenuImg>
            <theme CS="0.95">01</theme>
            <titraille>Les Heures tricolores. Paroles de F. Halley, musique de H. Payerne</titraille>
          </ill>
        </ills>
      </page>
    </pages>
  </contenus>
</analyseAlto>
