<?xml version="1.0" encoding="UTF-8"?>
<analyseAlto>
  <metad>
    <type>PA</type>
    <ID>bpt6k3847486</ID>
    <titre>En avant ! en avant ! : chant de liberté / paroles de Georges Giacometti ; musique d’Emile Bourgeois</titre>
    <dateEdition>1916</dateEdition>
    <nbPage>6</nbPage>
  </metad>
  <contenus ocr="false" toc="false">
    <largeur>127</largeur>
    <hauteur>169</hauteur>
    <pages>
      <page ordre="1">
        <blocIllustration>1</blocIllustration>
        <ills>
          <ill classif="CC" couleur="gris" h="4001" id="1-1" n="1-1" taille="5" w="3022" x="1" y="1">
            <genre CS="0.96" source="TensorFlow">dessin</genre>
            <contenuImg CS="1.0">gray color</contenuImg>
            <contenuImg CS="0.53">pen-and-ink</contenuImg>
            <contenuImg CS="0.58">silverpoint</contenuImg>
            <contenuImg CS="0.935">study</contenuImg>
            <theme CS="0.95">01</theme>
            <titraille>En avant ! en avant ! : chant de liberté / paroles de Georges Giacometti ; musique d’Emile Bourgeois</titraille>
          </ill>
        </ills>
      </page>
    </pages>
  </contenus>
</analyseAlto>
