<?xml version="1.0" encoding="UTF-8"?>
<analyseAlto>
  <metad>
    <type>PA</type>
    <ID>bpt6k383898z</ID>
    <titre>Le célèbre hymne à la liberté, composé... pour la réception... des ambassadeurs... à l’Hotel de Ville de Paris, le 14 juillet 1918.... Parole et musique de Théophile Dronchat</titre>
    <dateEdition>1918</dateEdition>
    <nbPage>8</nbPage>
  </metad>
  <contenus ocr="false" toc="false">
    <largeur>134</largeur>
    <hauteur>171</hauteur>
    <pages>
      <page ordre="1">
        <blocIllustration>1</blocIllustration>
        <ills>
          <ill classif="CC" couleur="coul" h="4046" id="1-1" n="1-1" taille="5" w="3181" x="1" y="1">
            <genre CS="0.50" source="TensorFlow">dessin</genre>
            <contenuImg CS="0.826">olive green color</contenuImg>
            <contenuImg CS="0.644">bag</contenuImg>
            <contenuImg CS="0.644">envelope</contenuImg>
            <theme CS="0.95">01</theme>
            <titraille>Le célèbre hymne à la liberté, composé... pour la réception... des ambassadeurs... à l’Hotel de Ville de Paris, le 14 juillet 1918.... Parole et musique de Théophile Dronchat</titraille>
          </ill>
        </ills>
      </page>
    </pages>
  </contenus>
</analyseAlto>
