<?xml version="1.0" encoding="UTF-8"?>
<analyseAlto>
  <metad>
    <type>PA</type>
    <ID>bpt6k3852117</ID>
    <titre>La Chanson des gas bretons. Chanson patriotique piano et chant, poésie de Mme Yvonne Caërou, musique de Vladimir Dyck</titre>
    <dateEdition>1916</dateEdition>
    <nbPage>4</nbPage>
  </metad>
  <contenus ocr="false" toc="false">
    <largeur>133</largeur>
    <hauteur>173</hauteur>
    <pages>
      <page ordre="1">
        <blocIllustration>1</blocIllustration>
        <ills>
          <ill classif="CC" couleur="gris" h="4106" id="1-1" n="1-1" taille="5" w="3157" x="1" y="1">
            <genre CS="0.76" source="TensorFlow">dessin</genre>
            <contenuImg CS="0.874">black color</contenuImg>
            <contenuImg CS="0.964">gray color</contenuImg>
            <contenuImg CS="0.53">magazine</contenuImg>
            <contenuImg CS="0.628">school newspaper</contenuImg>
            <contenuImg CS="0.662">tabloid</contenuImg>
            <contenuImg CS="0.897">medium</contenuImg>
            <contenuImg CS="0.897">newspaper</contenuImg>
            <theme CS="0.95">01</theme>
            <titraille>La Chanson des gas bretons. Chanson patriotique piano et chant, poésie de Mme Yvonne Caërou, musique de Vladimir Dyck</titraille>
          </ill>
        </ills>
      </page>
    </pages>
  </contenus>
</analyseAlto>
