<?xml version="1.0" encoding="UTF-8"?>
<analyseAlto>
  <metad>
    <type>PA</type>
    <ID>bpt6k3837910</ID>
    <titre>Marche des  diables bleus .... Paroles de Audier Béroud. Musique de Ch. Gourdin,...</titre>
    <dateEdition>1918</dateEdition>
    <nbPage>6</nbPage>
  </metad>
  <contenus ocr="false" toc="false">
    <largeur>131</largeur>
    <hauteur>172</hauteur>
    <pages>
      <page ordre="1">
        <blocIllustration>1</blocIllustration>
        <ills>
          <ill classif="CC" couleur="gris" h="4069" id="1-1" n="1-1" taille="5" w="3105" x="1" y="1">
            <genre CS="0.87" source="TensorFlow">dessin</genre>
            <contenuImg CS="1.0">gray color</contenuImg>
            <contenuImg CS="0.955">wrapping</contenuImg>
            <contenuImg CS="0.955">book jacket</contenuImg>
            <theme CS="0.95">01</theme>
            <titraille>Marche des  diables bleus .... Paroles de Audier Béroud. Musique de Ch. Gourdin,...</titraille>
          </ill>
        </ills>
      </page>
    </pages>
  </contenus>
</analyseAlto>
