<?xml version="1.0" encoding="UTF-8"?>
<analyseAlto>
  <metad>
    <type>PA</type>
    <ID>bpt6k385032p</ID>
    <titre>Ô Belgique ! Noble Belgique ! Fragment du poème  Le Héros  de Lucien Dupuis, musique d’ André Messier</titre>
    <dateEdition>1916</dateEdition>
    <nbPage>8</nbPage>
  </metad>
  <contenus ocr="false" toc="false">
    <largeur>135</largeur>
    <hauteur>173</hauteur>
    <pages>
      <page ordre="1">
        <blocIllustration>1</blocIllustration>
        <ills>
          <ill classif="CC" couleur="gris" filtre="1" h="4110" id="1-1" n="1-1" taille="6" w="3204" x="1" y="1">
            <genre CS="0.81" source="TensorFlow">filtretxt</genre>
            <contenuImg CS="0.644">olive green color</contenuImg>
            <contenuImg CS="0.53">animal</contenuImg>
            <contenuImg CS="0.53">invertebrate</contenuImg>
            <contenuImg CS="0.53">insect</contenuImg>
            <contenuImg CS="0.53">butterfly</contenuImg>
            <contenuImg CS="0.53">red-spotted purple butterfly</contenuImg>
            <contenuImg CS="0.536">device</contenuImg>
            <contenuImg CS="0.531">electronic device</contenuImg>
            <contenuImg CS="0.531">video display</contenuImg>
            <contenuImg CS="0.531">monitor</contenuImg>
            <contenuImg CS="0.57">paper</contenuImg>
            <contenuImg CS="0.607">written document</contenuImg>
            <theme CS="0.95">01</theme>
            <titraille>Ô Belgique ! Noble Belgique ! Fragment du poème  Le Héros  de Lucien Dupuis, musique d’ André Messier</titraille>
          </ill>
        </ills>
      </page>
    </pages>
  </contenus>
</analyseAlto>
